ply
format ascii 1.0
element vertex 22709
property float x
property float y
property float z
property uchar red
property uchar green
property uchar blue
end_header
-179.0075 354.1655 4799.1982 112 109 72
-202.4097 350.8434 4806.4258 109 110 74
-194.9925 351.3726 4813.6753 110 109 73
-190.5564 350.3158 4799.1982 112 109 74
-186.7068 350.3158 4799.1982 112 110 72
-182.8572 350.3158 4799.1982 113 109 72
-178.4708 349.2654 4784.8076 112 109 73
-164.1026 351.3726 4813.6753 111 109 73
-214.6224 348.0363 4820.9468 109 110 74
-211.0741 348.5628 4828.2402 110 110 74
-206.5762 347.5113 4813.6753 110 110 74
-201.8018 345.9460 4791.9922 110 110 74
-196.7761 343.8806 4763.3833 110 110 74
-193.8231 345.4273 4784.8076 111 109 74
-189.7006 344.9102 4777.6450 111 109 74
-185.5905 344.3947 4770.5034 111 110 73
-181.7638 344.3947 4770.5034 112 110 73
-177.9372 344.3947 4770.5034 111 109 73
-174.1106 344.3947 4770.5034 111 109 71
-170.2840 344.3947 4770.5034 111 108 71
-167.2072 345.9460 4791.9922 111 109 72
-163.6090 346.4662 4799.1982 111 109 71
-159.5195 345.9460 4791.9922 111 110 72
-376.9208 340.5681 4770.5034 110 111 88
-372.5374 340.0597 4763.3833 110 112 88
-369.8204 341.0779 4777.6450 111 112 87
-365.9881 341.0779 4777.6450 110 112 87
-362.1557 341.0779 4777.6450 109 112 86
-218.1599 343.6501 4813.6753 109 109 75
-213.9759 343.1326 4806.4258 110 109 75
-210.4374 343.6501 4813.6753 110 109 75
-205.9549 342.6166 4799.1982 110 109 75
-201.1976 341.0779 4777.6450 110 109 75
-196.4829 339.5529 4756.2842 109 109 74
-193.2437 340.5681 4770.5034 110 109 75
-189.1343 340.0597 4763.3833 110 109 74
-185.0373 339.5529 4756.2842 110 110 73
-181.4926 340.0597 4763.3833 110 110 73
-177.6717 340.0597 4763.3833 111 109 73
-173.8508 340.0597 4763.3833 110 109 73
-170.2840 340.5681 4770.5034 110 109 73
-166.7066 341.0779 4777.6450 110 109 71
-163.3634 342.1021 4791.9922 110 109 71
-159.2804 341.5892 4784.8076 110 109 73
-155.6757 342.1021 4791.9922 113 115 82
-151.6042 341.5892 4784.8076 123 125 94
-141.3616 344.6899 4828.2402 112 94 46
-129.9394 345.2122 4835.5557 139 112 56
-380.7474 336.7414 4770.5034 113 112 92
-376.9208 336.7414 4770.5034 113 113 93
-373.0942 336.7414 4770.5034 112 113 92
-370.3748 337.7511 4784.8076 114 114 92
-365.9881 337.2455 4777.6450 114 115 92
-362.1557 337.2455 4777.6450 113 114 92
-358.3234 337.2455 4777.6450 111 112 91
-353.9612 336.7414 4770.5034 111 112 91
-350.6587 337.2455 4777.6450 111 112 89
-221.0210 338.2583 4791.9922 108 108 78
-217.1772 338.2583 4791.9922 109 108 76
-213.3333 338.2583 4791.9922 109 108 76
-209.4895 338.2583 4791.9922 109 108 75
-205.3373 337.7511 4784.8076 109 108 75
-200.8969 336.7414 4770.5034 109 108 75
-196.4829 335.7377 4756.2842 109 108 75
-193.2437 336.7414 4770.5034 109 108 75
-189.1343 336.2388 4763.3833 110 109 75
-185.0373 335.7377 4756.2842 110 109 75
-181.4926 336.2388 4763.3833 111 109 75
-177.6717 336.2388 4763.3833 111 109 75
-173.8508 336.2388 4763.3833 109 109 73
-170.2840 336.7414 4770.5034 109 109 73
-166.7066 337.2455 4777.6450 109 109 73
-163.3634 338.2583 4791.9922 110 109 74
-159.2804 337.7511 4784.8076 109 109 74
-155.4423 337.7511 4784.8076 112 113 82
-151.6042 337.7511 4784.8076 119 123 96
-148.2105 338.7669 4799.1982 115 114 78
-144.5783 339.2771 4806.4258 109 98 55
-141.3616 340.8170 4828.2402 102 84 40
-138.1155 342.3708 4850.2534 126 100 52
-134.0213 341.8513 4842.8936 136 110 56
-129.7428 340.8170 4828.2402 139 112 55
-125.6798 340.3021 4820.9468 142 114 56
-121.9970 340.8170 4828.2402 145 118 58
-384.5740 332.9148 4770.5034 97 98 125
-380.7474 332.9148 4770.5034 96 97 122
-376.9208 332.9148 4770.5034 98 98 123
-373.0942 332.9148 4770.5034 97 96 123
-370.3748 333.9131 4784.8076 99 98 124
-365.9881 333.4132 4777.6450 102 101 125
-362.1557 333.4132 4777.6450 100 100 122
-358.8606 333.9131 4784.8076 96 96 121
-353.9612 332.9148 4770.5034 97 97 121
-350.6587 333.4132 4777.6450 98 98 119
-346.3080 332.9148 4770.5034 100 100 119
-342.9940 333.4132 4777.6450 99 99 119
-339.1617 333.4132 4777.6450 98 99 119
-335.8321 333.9131 4784.8076 101 101 121
-311.8685 332.9148 4770.5034 100 100 114
-228.3658 333.9131 4784.8076 104 102 95
-224.5277 333.9131 4784.8076 101 100 90
-220.3593 333.4132 4777.6450 102 101 91
-216.5270 333.4132 4777.6450 101 100 90
-212.6946 333.4132 4777.6450 102 102 89
-208.8623 333.4132 4777.6450 104 104 90
-205.0300 333.4132 4777.6450 104 102 88
-200.8969 332.9148 4770.5034 105 102 87
-196.7761 332.4179 4763.3833 105 103 86
-192.9552 332.4179 4763.3833 106 104 85
-189.1343 332.4179 4763.3833 108 106 85
-185.3134 332.4179 4763.3833 106 105 84
-181.4926 332.4179 4763.3833 107 106 84
-177.9372 332.9148 4770.5034 108 106 84
-174.1106 332.9148 4770.5034 108 106 83
-170.2840 332.9148 4770.5034 110 108 81
-166.9565 333.9131 4784.8076 113 110 82
-163.3634 334.4144 4791.9922 112 109 83
-159.5195 334.4144 4791.9922 112 111 84
-155.6757 334.4144 4791.9922 114 115 89
-151.8318 334.4144 4791.9922 119 123 98
-148.2105 334.9173 4799.1982 120 117 84
-144.5783 335.4217 4806.4258 109 99 63
-141.5758 337.4546 4835.5557 108 91 55
-138.1155 338.4803 4850.2534 132 109 67
-134.2249 338.4803 4850.2534 137 113 67
-129.7428 336.9441 4828.2402 140 115 66
-125.8699 336.9441 4828.2402 142 118 65
-122.1818 337.4546 4835.5557 145 120 63
-118.1241 336.9441 4828.2402 150 125 66
-388.4006 329.0882 4770.5034 66 71 141
-384.5740 329.0882 4770.5034 68 73 141
-380.7474 329.0882 4770.5034 67 71 139
-376.9208 329.0882 4770.5034 66 70 139
-372.5374 328.5970 4763.3833 64 70 139
-369.8204 329.5809 4777.6450 65 69 140
-365.9881 329.5809 4777.6450 64 68 139
-362.1557 329.5809 4777.6450 62 68 139
-358.3234 329.5809 4777.6450 61 67 138
-353.9612 329.0882 4770.5034 61 67 138
-350.6587 329.5809 4777.6450 63 70 138
-345.7911 328.5970 4763.3833 65 70 137
-342.9940 329.5809 4777.6450 66 71 138
-339.1617 329.5809 4777.6450 64 70 137
-335.8321 330.0750 4784.8076 64 70 138
-331.4970 329.5809 4777.6450 64 70 138
-326.6866 328.5970 4763.3833 63 69 137
-323.3483 329.0882 4770.5034 63 69 137
-319.5217 329.0882 4770.5034 64 70 136
-315.6951 329.0882 4770.5034 64 70 135
-311.8685 329.0882 4770.5034 65 69 135
-308.0419 329.0882 4770.5034 65 68 134
-304.2153 329.0882 4770.5034 64 68 134
-300.3887 329.0882 4770.5034 64 68 133
-228.0240 329.5809 4777.6450 67 70 123
-224.1916 329.5809 4777.6450 66 71 123
-220.3593 329.5809 4777.6450 67 72 124
-216.5270 329.5809 4777.6450 66 71 123
-212.6946 329.5809 4777.6450 68 72 122
-208.5501 329.0882 4770.5034 71 74 123
-205.0300 329.5809 4777.6450 72 73 121
-200.8969 329.0882 4770.5034 73 75 120
-196.7761 328.5970 4763.3833 74 74 119
-192.9552 328.5970 4763.3833 74 75 118
-189.1343 328.5970 4763.3833 79 78 119
-185.3134 328.5970 4763.3833 77 76 117
-181.7638 329.0882 4770.5034 78 79 119
-178.2036 329.5809 4777.6450 78 78 116
-174.3713 329.5809 4777.6450 80 80 114
-170.5389 329.5809 4777.6450 86 85 116
-166.9565 330.0750 4784.8076 87 84 113
-163.3634 330.5706 4791.9922 85 83 114
-159.5195 330.5706 4791.9922 84 84 113
-155.6757 330.5706 4791.9922 91 90 113
-151.8318 330.5706 4791.9922 95 92 110
-148.4337 331.5663 4806.4258 98 93 107
-144.7964 332.0664 4813.6753 94 87 102
-141.5758 333.5758 4835.5557 97 90 102
-138.1155 334.5897 4850.2534 103 94 102
-134.2249 334.5897 4850.2534 107 99 102
-129.7428 333.0711 4828.2402 114 104 102
-125.8699 333.0711 4828.2402 116 103 95
-121.9970 333.0711 4828.2402 121 106 93
-118.1241 333.0711 4828.2402 130 114 92
-114.0786 332.5680 4820.9468 138 121 88
-390.4762 323.8095 4749.2065 55 61 146
-387.8209 324.7762 4763.3833 55 63 145
-384.0000 324.7762 4763.3833 56 63 143
-380.1791 324.7762 4763.3833 58 64 143
-376.3582 324.7762 4763.3833 59 66 143
-371.9821 324.2921 4756.2842 55 63 142
-369.2676 325.2616 4770.5034 55 61 143
-365.4410 325.2616 4770.5034 55 61 143
-361.6144 325.2616 4770.5034 55 62 144
-357.7878 325.2616 4770.5034 55 63 143
-352.9061 324.2921 4756.2842 56 63 142
-349.6120 324.7762 4763.3833 58 65 143
-345.2757 324.2921 4756.2842 60 65 143
-342.4814 325.2616 4770.5034 62 66 142
-338.6548 325.2616 4770.5034 58 62 141
-335.8321 326.2369 4784.8076 57 62 143
-331.0015 325.2616 4770.5034 56 64 144
-326.6866 324.7762 4763.3833 56 63 142
-322.8657 324.7762 4763.3833 56 63 141
-319.5217 325.2616 4770.5034 60 67 143
-315.6951 325.2616 4770.5034 58 64 140
-311.8685 325.2616 4770.5034 56 62 139
-308.0419 325.2616 4770.5034 57 63 141
-304.2153 325.2616 4770.5034 56 62 139
-300.8383 325.7485 4777.6450 55 61 137
-297.0060 325.7485 4777.6450 57 61 138
-232.5526 326.7267 4791.9922 57 64 135
-228.0240 325.7485 4777.6450 57 63 134
-224.1916 325.7485 4777.6450 57 62 135
-220.3593 325.7485 4777.6450 54 61 134
-216.5270 325.7485 4777.6450 54 62 134
-212.6946 325.7485 4777.6450 55 61 133
-208.5501 325.2616 4770.5034 56 61 134
-205.0300 325.7485 4777.6450 55 62 133
-200.8969 325.2616 4770.5034 57 64 133
-196.7761 324.7762 4763.3833 57 64 133
-192.9552 324.7762 4763.3833 59 64 132
-189.1343 324.7762 4763.3833 59 64 131
-185.5905 325.2616 4770.5034 58 63 131
-181.7638 325.2616 4770.5034 57 62 131
-178.2036 325.7485 4777.6450 56 62 130
-174.6327 326.2369 4784.8076 57 63 131
-170.7946 326.2369 4784.8076 58 64 128
-167.2072 326.7267 4791.9922 56 62 128
-163.3634 326.7267 4791.9922 56 63 127
-159.5195 326.7267 4791.9922 56 63 125
-155.9098 327.2181 4799.1982 55 61 124
-152.0602 327.2181 4799.1982 57 62 119
-148.4337 327.7108 4806.4258 62 63 118
-144.7964 328.2051 4813.6753 66 66 121
-141.5758 329.6970 4835.5557 68 69 118
-138.1155 330.6991 4850.2534 68 70 115
-134.2249 330.6991 4850.2534 76 74 112
-129.9394 329.6970 4835.5557 89 85 114
-125.8699 329.1982 4828.2402 77 74 107
-122.1818 329.6970 4835.5557 78 73 105
-118.1241 329.1982 4828.2402 83 76 101
-114.2512 329.1982 4828.2402 92 81 98
-110.0453 328.2051 4813.6753 100 87 90
-394.2857 320.0000 4749.2065 52 59 147
-389.8960 319.5245 4742.1499 50 59 147
-387.2430 320.4769 4756.2842 47 57 144
-383.4277 320.4769 4756.2842 50 58 144
-380.1791 320.9552 4763.3833 50 58 145
-375.7973 320.4769 4756.2842 50 58 144
-371.4286 320.0000 4749.2065 48 57 143
-369.2676 321.4350 4770.5034 49 56 144
-365.4410 321.4350 4770.5034 50 56 145
-361.0746 320.9552 4763.3833 50 57 144
-357.2538 320.9552 4763.3833 51 58 143
-352.9061 320.4769 4756.2842 52 60 144
-349.6120 320.9552 4763.3833 52 60 144
-344.7619 320.0000 4749.2065 52 59 143
-342.4814 321.4350 4770.5034 53 60 143
-338.1493 320.9552 4763.3833 53 60 143
-335.3294 321.9162 4777.6450 52 61 144
-331.0015 321.4350 4770.5034 52 61 144
-326.6866 320.9552 4763.3833 52 60 142
-322.8657 320.9552 4763.3833 53 60 142
-319.0448 320.9552 4763.3833 55 62 143
-315.6951 321.4350 4770.5034 52 58 141
-311.8685 321.4350 4770.5034 50 58 140
-308.0419 321.4350 4770.5034 51 58 140
-304.2153 321.4350 4770.5034 52 59 140
-300.8383 321.9162 4777.6450 51 57 140
-297.0060 321.9162 4777.6450 54 58 140
-293.1737 321.9162 4777.6450 54 60 140
-289.3413 321.9162 4777.6450 58 63 140
-240.9639 323.8554 4806.4258 49 57 136
-236.3964 322.8829 4791.9922 51 59 138
-232.5526 322.8829 4791.9922 52 60 137
-228.0240 321.9162 4777.6450 52 59 137
-223.8565 321.4350 4770.5034 52 59 138
-220.0299 321.4350 4770.5034 50 57 137
-216.5270 321.9162 4777.6450 49 57 136
-212.6946 321.9162 4777.6450 49 58 136
-208.5501 321.4350 4770.5034 49 57 137
-205.0300 321.9162 4777.6450 48 57 136
-201.1976 321.9162 4777.6450 50 58 137
-196.7761 320.9552 4763.3833 49 58 134
-192.9552 320.9552 4763.3833 50 58 135
-189.1343 320.9552 4763.3833 49 57 135
-185.5905 321.4350 4770.5034 50 57 135
-182.0359 321.9162 4777.6450 50 56 133
-178.4708 322.3988 4784.8076 50 56 135
-174.6327 322.3988 4784.8076 54 59 135
-170.7946 322.3988 4784.8076 60 64 134
-167.2072 322.8829 4791.9922 57 63 132
-163.3634 322.8829 4791.9922 52 59 129
-159.7594 323.3684 4799.1982 52 59 127
-155.9098 323.3684 4799.1982 52 59 127
-152.0602 323.3684 4799.1982 53 60 127
-148.4337 323.8554 4806.4258 55 61 125
-144.7964 324.3439 4813.6753 58 62 125
-141.5758 325.8182 4835.5557 56 61 121
-138.1155 326.8085 4850.2534 58 64 120
-134.2249 326.8085 4850.2534 56 60 117
-129.9394 325.8182 4835.5557 59 62 116
-126.0606 325.8182 4835.5557 58 61 110
-122.1818 325.8182 4835.5557 60 62 110
-118.3030 325.8182 4835.5557 62 61 105
-114.4242 325.8182 4835.5557 68 62 101
-110.5455 325.8182 4835.5557 74 64 95
-107.6453 328.8073 4879.9185 81 69 90
-398.6885 316.6617 4756.2842 54 62 146
-394.8733 316.6617 4756.2842 55 62 148
-389.8960 315.7207 4742.1499 54 60 147
-387.2430 316.6617 4756.2842 52 58 146
-383.4277 316.6617 4756.2842 52 58 148
-380.1791 317.1343 4763.3833 50 57 146
-375.7973 316.6617 4756.2842 48 56 145
-371.4286 316.1905 4749.2065 48 55 144
-369.2676 317.6084 4770.5034 46 55 146
-365.4410 317.6084 4770.5034 46 56 146
-361.0746 317.1343 4763.3833 45 56 144
-357.2538 317.1343 4763.3833 45 55 143
-352.9061 316.6617 4756.2842 47 55 143
-349.6120 317.1343 4763.3833 48 55 144
-344.7619 316.1905 4749.2065 48 56 145
-341.9702 317.1343 4763.3833 49 56 144
-338.1493 317.1343 4763.3833 49 56 143
-335.3294 318.0839 4777.6450 49 57 143
-330.5075 317.1343 4763.3833 49 58 144
-326.1997 316.6617 4756.2842 50 57 143
-322.8657 317.1343 4763.3833 48 56 143
-319.0448 317.1343 4763.3833 48 57 142
-315.2239 317.1343 4763.3833 49 55 142
-311.4030 317.1343 4763.3833 48 54 143
-307.5821 317.1343 4763.3833 48 54 141
-303.7612 317.1343 4763.3833 48 55 140
-300.3887 317.6084 4770.5034 48 55 140
-297.0060 318.0839 4777.6450 50 56 142
-293.1737 318.0839 4777.6450 51 56 141
-289.3413 318.0839 4777.6450 51 56 140
-262.9085 318.5607 4784.8076 50 58 140
-259.4595 319.0391 4791.9922 49 57 140
-255.6156 319.0391 4791.9922 48 56 140
-248.3008 319.5188 4799.1982 48 56 142
-244.4512 319.5188 4799.1982 47 56 140
-240.9639 320.0000 4806.4258 49 57 139
-236.3964 319.0391 4791.9922 50 57 141
-232.5526 319.0391 4791.9922 50 57 139
-228.0240 318.0839 4777.6450 48 57 139
-224.1916 318.0839 4777.6450 47 57 139
-220.0299 317.6084 4770.5034 48 56 137
-216.5270 318.0839 4777.6450 49 56 138
-212.6946 318.0839 4777.6450 48 56 138
-208.5501 317.6084 4770.5034 49 57 139
-205.0300 318.0839 4777.6450 50 58 138
-201.1976 318.0839 4777.6450 50 58 139
-196.7761 317.1343 4763.3833 48 56 137
-192.9552 317.1343 4763.3833 47 57 139
-189.1343 317.1343 4763.3833 48 56 139
-185.5905 317.6084 4770.5034 49 56 138
-182.0359 318.0839 4777.6450 49 55 137
-178.4708 318.5607 4784.8076 49 55 137
-174.6327 318.5607 4784.8076 51 57 136
-170.7946 318.5607 4784.8076 54 60 134
-167.2072 319.0391 4791.9922 50 56 131
-163.6090 319.5188 4799.1982 49 55 132
-159.7594 319.5188 4799.1982 51 57 131
-155.9098 319.5188 4799.1982 49 55 130
-152.0602 319.5188 4799.1982 50 57 130
-148.4337 320.0000 4806.4258 48 55 128
-144.7964 320.4827 4813.6753 48 54 127
-141.5758 321.9394 4835.5557 48 54 126
-138.1155 322.9179 4850.2534 50 55 123
-134.2249 322.9179 4850.2534 52 57 121
-130.1366 322.4279 4842.8936 50 55 116
-126.0606 321.9394 4835.5557 49 54 113
-122.1818 321.9394 4835.5557 55 57 111
-118.3030 321.9394 4835.5557 60 58 107
-114.4242 321.9394 4835.5557 61 56 101
-110.8815 322.9179 4850.2534 67 59 99
-107.8101 325.3905 4887.3916 69 60 91
-104.0491 325.8896 4894.8877 72 61 88
-406.3189 312.8465 4756.2842 80 82 151
-403.1045 313.3135 4763.3833 76 79 151
-398.6885 312.8465 4756.2842 73 78 152
-394.8733 312.8465 4756.2842 73 77 151
-389.8960 311.9168 4742.1499 71 75 150
-387.2430 312.8465 4756.2842 68 73 150
-383.4277 312.8465 4756.2842 67 72 150
-379.6125 312.8465 4756.2842 65 70 150
-375.7973 312.8465 4756.2842 63 67 148
-371.4286 312.3810 4749.2065 61 66 147
-368.7165 313.3135 4763.3833 58 64 147
-364.8955 313.3135 4763.3833 57 63 147
-361.0746 313.3135 4763.3833 56 62 146
-357.2538 313.3135 4763.3833 55 61 146
-352.3810 312.3810 4749.2065 55 61 145
-349.0909 312.8465 4756.2842 54 61 145
-344.2497 311.9168 4742.1499 54 60 146
-341.4605 312.8465 4756.2842 54 61 145
-337.6453 312.8465 4756.2842 56 61 145
-334.8281 313.7818 4770.5034 56 61 145
-330.0149 312.8465 4756.2842 54 60 144
-325.7143 312.3810 4749.2065 53 60 145
-322.3845 312.8465 4756.2842 53 61 146
-318.5693 312.8465 4756.2842 52 60 144
-314.7541 312.8465 4756.2842 53 58 143
-310.9389 312.8465 4756.2842 53 58 144
-307.1237 312.8465 4756.2842 52 58 143
-303.3085 312.8465 4756.2842 52 57 142
-299.9403 313.3135 4763.3833 51 56 142
-296.5620 313.7818 4770.5034 52 58 142
-292.7354 313.7818 4770.5034 53 57 142
-288.9088 313.7818 4770.5034 53 58 142
-285.0822 313.7818 4770.5034 53 59 141
-270.5847 314.7227 4784.8076 55 61 141
-266.7466 314.7227 4784.8076 53 61 140
-262.9085 314.7227 4784.8076 54 62 141
-259.4595 315.1952 4791.9922 53 61 142
-255.2324 314.7227 4784.8076 54 62 142
-252.1504 315.6692 4799.1982 55 61 142
-248.3008 315.6692 4799.1982 55 62 142
-244.0841 315.1952 4791.9922 55 62 142
-240.6015 315.6692 4799.1982 56 62 140
-236.3964 315.1952 4791.9922 57 63 141
-232.2039 314.7227 4784.8076 55 63 140
-228.0240 314.2515 4777.6450 55 64 140
-224.1916 314.2515 4777.6450 57 65 140
-220.3593 314.2515 4777.6450 61 66 142
-216.5270 314.2515 4777.6450 66 70 141
-212.6946 314.2515 4777.6450 69 73 143
-208.5501 313.7818 4770.5034 71 74 141
-205.0300 314.2515 4777.6450 69 73 142
-200.8969 313.7818 4770.5034 62 67 141
-196.7761 313.3135 4763.3833 61 67 143
-192.9552 313.3135 4763.3833 61 66 142
-189.1343 313.3135 4763.3833 60 67 141
-185.5905 313.7818 4770.5034 61 67 141
-182.0359 314.2515 4777.6450 62 66 141
-178.4708 314.7227 4784.8076 59 65 140
-174.6327 314.7227 4784.8076 59 66 139
-170.7946 314.7227 4784.8076 62 67 138
-167.2072 315.1952 4791.9922 61 66 137
-163.6090 315.6692 4799.1982 57 63 136
-159.7594 315.6692 4799.1982 55 62 135
-155.9098 315.6692 4799.1982 56 61 134
-152.0602 315.6692 4799.1982 53 59 132
-148.6576 316.6214 4813.6753 51 57 130
-145.0151 317.0997 4820.9468 50 56 128
-141.5758 318.0606 4835.5557 47 53 126
-138.1155 319.0274 4850.2534 45 52 124
-134.2249 319.0274 4850.2534 45 51 122
-129.9394 318.0606 4835.5557 46 50 118
-125.8699 317.5794 4828.2402 48 52 114
-122.1818 318.0606 4835.5557 54 55 112
-118.1241 317.5794 4828.2402 56 56 107
-114.5979 318.5433 4842.8936 57 56 103
-111.0502 319.5129 4857.6357 63 57 100
-107.8101 321.4702 4887.3916 70 63 95
-104.0491 321.9632 4894.8877 71 62 88
-100.5855 323.4515 4917.5142 74 62 83
-413.3334 308.5714 4749.2065 130 127 160
-410.7463 309.4926 4763.3833 130 126 160
-406.3189 309.0313 4756.2842 130 127 161
-403.1045 309.4926 4763.3833 124 121 160
-398.6885 309.0313 4756.2842 120 118 159
-394.8733 309.0313 4756.2842 121 119 159
-389.8960 308.1130 4742.1499 118 116 158
-387.2430 309.0313 4756.2842 115 114 158
-383.4277 309.0313 4756.2842 113 112 159
-379.6125 309.0313 4756.2842 111 110 158
-375.2381 308.5714 4749.2065 107 106 155
-371.4286 308.5714 4749.2065 104 104 155
-368.7165 309.4926 4763.3833 99 99 153
-364.3517 309.0313 4756.2842 97 98 154
-360.5365 309.0313 4756.2842 95 95 154
-356.7213 309.0313 4756.2842 94 95 155
-352.3810 308.5714 4749.2065 93 96 153
-348.5715 308.5714 4749.2065 94 95 154
-344.2497 308.1130 4742.1499 92 92 152
-341.4605 309.0313 4756.2842 91 91 153
-337.1429 308.5714 4749.2065 89 90 152
-334.3284 309.4926 4763.3833 88 89 151
-329.5238 308.5714 4749.2065 86 87 150
-325.2303 308.1130 4742.1499 85 87 150
-321.9048 308.5714 4749.2065 85 87 151
-318.5693 309.0313 4756.2842 83 84 149
-314.2857 308.5714 4749.2065 82 84 149
-310.9389 309.0313 4756.2842 81 83 148
-306.6667 308.5714 4749.2065 80 82 148
-302.8571 308.5714 4749.2065 80 80 149
-299.4933 309.0313 4756.2842 75 74 145
-296.1194 309.4926 4763.3833 73 75 146
-292.2985 309.4926 4763.3833 75 78 147
-288.4776 309.4926 4763.3833 78 79 146
-284.6567 309.4926 4763.3833 80 81 146
-281.2556 309.9552 4770.5034 81 83 146
-277.0150 309.4926 4763.3833 80 83 146
-273.6024 309.9552 4770.5034 81 83 147
-269.7758 309.9552 4770.5034 82 84 148
-265.9492 309.9552 4770.5034 80 83 146
-262.1226 309.9552 4770.5034 79 82 146
-258.6826 310.4192 4777.6450 77 82 147
-254.4694 309.9552 4770.5034 80 83 148
-251.3943 310.8846 4784.8076 82 86 147
-247.9279 311.3514 4791.9922 83 88 147
-243.7182 310.8846 4784.8076 84 88 147
-240.2402 311.3514 4791.9922 85 88 146
-236.0420 310.8846 4784.8076 85 87 146
-232.2039 310.8846 4784.8076 83 86 144
-228.0240 310.4192 4777.6450 86 89 146
-224.1916 310.4192 4777.6450 89 91 147
-220.3593 310.4192 4777.6450 92 92 147
-216.5270 310.4192 4777.6450 91 92 147
-212.6946 310.4192 4777.6450 90 92 146
-208.5501 309.9552 4770.5034 92 94 147
-205.0300 310.4192 4777.6450 93 94 147
-200.8969 309.9552 4770.5034 92 93 148
-196.7761 309.4926 4763.3833 91 92 148
-192.9552 309.4926 4763.3833 93 92 148
-189.1343 309.4926 4763.3833 93 95 147
-185.5905 309.9552 4770.5034 94 96 148
-182.0359 310.4192 4777.6450 98 99 150
-178.4708 310.8846 4784.8076 97 98 149
-174.6327 310.8846 4784.8076 90 92 144
-170.7946 310.8846 4784.8076 90 91 142
-167.2072 311.3514 4791.9922 89 88 141
-163.6090 311.8196 4799.1982 87 87 143
-159.7594 311.8196 4799.1982 83 85 141
-155.9098 311.8196 4799.1982 77 79 138
-152.0602 311.8196 4799.1982 69 75 136
-148.6576 312.7602 4813.6753 64 70 132
-144.7964 312.7602 4813.6753 62 67 132
-141.5758 314.1818 4835.5557 50 56 125
-137.9059 314.6586 4842.8936 46 53 125
-134.0213 314.6586 4842.8936 43 50 121
-130.1366 314.6586 4842.8936 44 50 117
-126.0606 314.1818 4835.5557 46 51 114
-122.1818 314.1818 4835.5557 48 50 110
-118.1241 313.7065 4828.2402 48 49 106
-114.5979 314.6586 4842.8936 55 52 104
-111.2195 316.0976 4865.0410 59 54 99
-107.9755 318.0368 4894.8877 63 57 96
-104.2089 318.5254 4902.4067 69 61 92
-100.5855 319.5070 4917.5142 71 60 86
-96.6410 319.5070 4917.5142 75 63 81
-416.5231 304.3091 4742.1499 151 147 163
-412.7192 304.3091 4742.1499 156 152 166
-410.1342 305.2161 4756.2842 160 156 167
-406.3189 305.2161 4756.2842 163 159 168
-403.1045 305.6717 4763.3833 161 157 166
-398.6885 305.2161 4756.2842 156 151 164
-394.2857 304.7619 4749.2065 158 153 166
-389.3175 303.8576 4735.1138 160 155 167
-386.6667 304.7619 4749.2065 163 159 171
-382.8572 304.7619 4749.2065 160 156 168
-379.6125 305.2161 4756.2842 153 149 163
-375.2381 304.7619 4749.2065 147 143 161
-370.3264 303.8576 4735.1138 149 146 165
-368.1669 305.2161 4756.2842 144 141 161
-364.3517 305.2161 4756.2842 145 142 162
-360.0000 304.7619 4749.2065 146 142 163
-356.1905 304.7619 4749.2065 153 150 167
-351.8574 304.3091 4742.1499 164 161 173
-348.0535 304.3091 4742.1499 169 166 175
-343.7389 303.8576 4735.1138 169 165 175
-340.4458 304.3091 4742.1499 168 164 175
-336.6419 304.3091 4742.1499 166 163 176
-333.8301 305.2161 4756.2842 167 162 174
-329.0342 304.3091 4742.1499 163 159 171
-324.7478 303.8576 4735.1138 161 158 171
-321.4265 304.3091 4742.1499 161 157 171
-317.6226 304.3091 4742.1499 161 156 171
-313.8188 304.3091 4742.1499 161 157 171
-310.0149 304.3091 4742.1499 158 154 169
-306.2110 304.3091 4742.1499 156 152 170
-301.9585 303.8576 4735.1138 155 150 169
-298.6033 304.3091 4742.1499 151 146 166
-295.2381 304.7619 4749.2065 147 142 164
-291.4286 304.7619 4749.2065 148 144 165
-287.6191 304.7619 4749.2065 149 144 164
-283.3878 304.3091 4742.1499 152 147 165
-280.0000 304.7619 4749.2065 156 152 168
-275.7801 304.3091 4742.1499 154 151 167
-272.7869 305.2161 4756.2842 152 148 166
-268.9717 305.2161 4756.2842 153 150 168
-265.1565 305.2161 4756.2842 147 146 163
-261.3413 305.2161 4756.2842 145 143 163
-257.9105 305.6717 4763.3833 144 142 164
-254.0896 305.6717 4763.3833 145 142 163
-251.0180 306.5869 4777.6450 150 147 165
-247.5562 307.0465 4784.8076 149 147 163
-243.3533 306.5869 4777.6450 146 145 160
-239.8801 307.0465 4784.8076 146 144 160
-236.0420 307.0465 4784.8076 149 145 162
-232.2039 307.0465 4784.8076 149 146 162
-228.0240 306.5869 4777.6450 151 148 164
-224.1916 306.5869 4777.6450 152 149 166
-220.3593 306.5869 4777.6450 148 145 164
-216.5270 306.5869 4777.6450 143 140 161
-212.6946 306.5869 4777.6450 145 142 160
-208.5501 306.1286 4770.5034 144 141 159
-205.0300 306.5869 4777.6450 143 141 160
-201.1976 306.5869 4777.6450 145 144 160
-196.7761 305.6717 4763.3833 141 140 160
-192.9552 305.6717 4763.3833 151 149 164
-189.1343 305.6717 4763.3833 148 146 161
-185.5905 306.1286 4770.5034 138 137 157
-182.0359 306.5869 4777.6450 149 148 161
-178.4708 307.0465 4784.8076 153 151 164
-174.6327 307.0465 4784.8076 133 131 151
-170.7946 307.0465 4784.8076 123 121 148
-167.2072 307.5075 4791.9922 117 114 142
-163.6090 307.9700 4799.1982 116 113 141
-159.7594 307.9700 4799.1982 119 119 145
-155.9098 307.9700 4799.1982 103 102 139
-152.2892 308.4337 4806.4258 89 91 138
-148.6576 308.8990 4813.6753 77 81 133
-144.7964 308.8990 4813.6753 62 65 129
-141.5758 310.3030 4835.5557 53 57 127
-137.9059 310.7739 4842.8936 49 53 124
-134.0213 310.7739 4842.8936 44 49 119
-130.1366 310.7739 4842.8936 44 49 117
-126.0606 310.3030 4835.5557 43 47 113
-122.1818 310.3030 4835.5557 43 46 108
-118.1241 309.8336 4828.2402 43 45 105
-114.7720 311.2462 4850.2534 49 49 104
-111.7305 313.6294 4887.3916 56 54 101
-108.1413 314.5930 4902.4067 62 57 97
-104.3692 315.0769 4909.9487 64 57 91
-100.7407 316.0494 4925.1030 67 59 88
-96.6410 315.5624 4917.5142 75 62 84
-92.9830 316.5379 4932.7153 81 63 77
-417.1429 300.9524 4749.2065 117 115 152
-412.7192 300.5052 4742.1499 121 118 154
-410.1342 301.4009 4756.2842 128 124 156
-406.3189 301.4009 4756.2842 135 131 157
-403.1045 301.8508 4763.3833 138 135 156
-398.0953 300.9524 4749.2065 136 133 154
-394.2857 300.9524 4749.2065 136 132 157
-389.3175 300.0594 4735.1138 136 132 156
-386.6667 300.9524 4749.2065 139 135 156
-382.8572 300.9524 4749.2065 140 137 158
-379.0477 300.9524 4749.2065 142 137 158
-374.6806 300.5052 4742.1499 141 137 156
-370.3264 300.0594 4735.1138 142 139 158
-367.6191 300.9524 4749.2065 139 136 156
-363.8095 300.9524 4749.2065 136 132 155
-360.0000 300.9524 4749.2065 131 128 153
-355.6613 300.5052 4742.1499 138 136 157
-351.3353 300.0594 4735.1138 153 151 164
-348.0535 300.5052 4742.1499 163 159 166
-343.7389 300.0594 4735.1138 171 167 172
-340.4458 300.5052 4742.1499 176 171 174
-336.1424 300.0594 4735.1138 175 172 173
-333.3333 300.9524 4749.2065 174 170 171
-328.5460 300.0594 4735.1138 173 168 170
-324.2667 299.6149 4728.0991 175 170 173
-320.9496 300.0594 4735.1138 176 171 173
-317.1513 300.0594 4735.1138 174 168 170
-313.3531 300.0594 4735.1138 173 168 170
-309.5549 300.0594 4735.1138 173 168 170
-305.7567 300.0594 4735.1138 172 167 170
-301.9585 300.0594 4735.1138 170 164 168
-298.1602 300.0594 4735.1138 169 163 166
-294.7994 300.5052 4742.1499 177 171 172
-290.5638 300.0594 4735.1138 179 175 174
-286.7656 300.0594 4735.1138 177 172 170
-282.9674 300.0594 4735.1138 178 173 171
-279.1692 300.0594 4735.1138 174 170 169
-274.9630 299.6149 4728.0991 173 169 169
-271.5727 300.0594 4735.1138 174 168 169
-268.1724 300.5052 4742.1499 170 166 167
-264.3685 300.5052 4742.1499 163 160 163
-260.5647 300.5052 4742.1499 162 158 163
-257.1429 300.9524 4749.2065 170 166 169
-252.9569 300.5052 4742.1499 169 164 167
-250.2687 301.8508 4763.3833 166 161 165
-246.8162 302.3020 4770.5034 167 163 166
-242.9895 302.3020 4770.5034 167 163 166
-239.5210 302.7545 4777.6450 165 161 164
-235.6886 302.7545 4777.6450 166 161 164
-231.8563 302.7545 4777.6450 165 161 164
-228.0240 302.7545 4777.6450 168 163 166
-224.1916 302.7545 4777.6450 169 165 167
-220.3593 302.7545 4777.6450 167 163 167
-216.5270 302.7545 4777.6450 162 158 163
-212.6946 302.7545 4777.6450 164 160 164
-208.5501 302.3020 4770.5034 154 151 157
-205.0300 302.7545 4777.6450 158 155 162
-200.8969 302.3020 4770.5034 159 156 163
-196.7761 301.8508 4763.3833 151 148 158
-192.9552 301.8508 4763.3833 155 152 159
-188.8525 301.4009 4756.2842 146 143 154
-185.3134 301.8508 4763.3833 138 135 153
-182.0359 302.7545 4777.6450 133 129 148
-178.4708 303.2084 4784.8076 129 126 149
-174.6327 303.2084 4784.8076 115 115 142
-170.7946 303.2084 4784.8076 101 101 137
-167.2072 303.6637 4791.9922 101 100 136
-163.3634 303.6637 4791.9922 103 101 136
-159.7594 304.1203 4799.1982 107 106 140
-155.9098 304.1203 4799.1982 100 98 136
-152.0602 304.1203 4799.1982 87 86 134
-148.4337 304.5783 4806.4258 74 76 129
-144.7964 305.0377 4813.6753 59 63 126
-141.3616 305.9607 4828.2402 51 57 123
-137.9059 306.8893 4842.8936 47 50 119
-134.0213 306.8893 4842.8936 44 48 116
-129.9394 306.4243 4835.5557 45 48 115
-126.0606 306.4243 4835.5557 43 47 112
-122.1818 306.4243 4835.5557 41 45 107
-118.3030 306.4243 4835.5557 41 44 104
-114.9467 307.8235 4857.6357 47 48 102
-112.0737 310.6606 4902.4067 55 54 100
-108.3077 311.1385 4909.9487 59 54 95
-104.3692 311.1385 4909.9487 63 56 91
-100.8965 312.5811 4932.7153 67 58 87
-96.7901 312.0988 4925.1030 74 62 84
-92.9830 312.5811 4932.7153 79 64 77
-417.1429 297.1429 4749.2065 88 90 148
-413.3334 297.1429 4749.2065 96 97 151
-410.7463 298.0299 4763.3833 99 100 150
-406.3189 297.5857 4756.2842 101 101 149
-403.7071 298.4754 4770.5034 102 103 150
-398.6885 297.5857 4756.2842 104 103 149
-394.8733 297.5857 4756.2842 101 101 148
-389.8960 296.7014 4742.1499 104 104 151
-386.6667 297.1429 4749.2065 107 107 151
-382.8572 297.1429 4749.2065 106 106 150
-379.6125 297.5857 4756.2842 113 112 152
-374.6806 296.7014 4742.1499 113 113 152
-370.3264 296.2611 4735.1138 111 111 151
-367.6191 297.1429 4749.2065 111 110 149
-363.8095 297.1429 4749.2065 105 103 146
-360.0000 297.1429 4749.2065 101 100 148
-356.1905 297.1429 4749.2065 104 104 151
-351.3353 296.2611 4735.1138 110 111 152
-348.0535 296.7014 4742.1499 115 116 153
-343.2297 295.8222 4728.0991 120 120 155
-340.4458 296.7014 4742.1499 120 119 152
-336.1424 296.2611 4735.1138 118 118 151
-332.8381 296.7014 4742.1499 120 118 152
-328.0593 295.8222 4728.0991 121 120 153
-323.7870 295.3846 4721.1045 123 122 154
-320.4741 295.8222 4728.0991 125 123 153
-316.6815 295.8222 4728.0991 123 122 151
-312.8889 295.8222 4728.0991 124 122 152
-309.5549 296.2611 4735.1138 123 122 151
-305.3037 295.8222 4728.0991 124 122 151
-301.5111 295.8222 4728.0991 125 122 150
-297.7185 295.8222 4728.0991 129 126 153
-294.3620 296.2611 4735.1138 131 129 152
-290.1334 295.8222 4728.0991 131 128 152
-286.7656 296.2611 4735.1138 131 128 153
-282.5482 295.8222 4728.0991 131 128 151
-278.7556 295.8222 4728.0991 130 128 151
-274.9630 295.8222 4728.0991 129 127 151
-271.5727 296.2611 4735.1138 130 126 150
-267.7745 296.2611 4735.1138 127 125 149
-263.9763 296.2611 4735.1138 127 126 151
-260.1780 296.2611 4735.1138 123 123 149
-256.7608 296.7014 4742.1499 124 123 150
-252.5816 296.2611 4735.1138 126 124 151
-249.8957 297.5857 4756.2842 124 123 150
-246.4478 298.0299 4763.3833 126 125 152
-242.6269 298.0299 4763.3833 124 123 151
-238.8060 298.0299 4763.3833 118 118 148
-235.3363 298.4754 4770.5034 115 116 148
-231.5097 298.4754 4770.5034 114 114 147
-227.6831 298.4754 4770.5034 113 113 148
-223.8565 298.4754 4770.5034 113 113 147
-220.0299 298.4754 4770.5034 115 115 148
-216.2033 298.4754 4770.5034 115 115 147
-212.3767 298.4754 4770.5034 115 116 146
-208.5501 298.4754 4770.5034 113 113 144
-204.7235 298.4754 4770.5034 115 114 146
-200.8969 298.4754 4770.5034 118 118 148
-196.7761 298.0299 4763.3833 116 115 147
-192.9552 298.0299 4763.3833 113 112 145
-188.8525 297.5857 4756.2842 111 110 143
-185.3134 298.0299 4763.3833 108 107 142
-182.0359 298.9222 4777.6450 100 100 140
-178.4708 299.3703 4784.8076 98 98 139
-174.6327 299.3703 4784.8076 96 95 137
-170.7946 299.3703 4784.8076 92 93 139
-167.2072 299.8198 4791.9922 90 92 137
-163.3634 299.8198 4791.9922 92 92 138
-159.7594 300.2707 4799.1982 95 95 139
-155.9098 300.2707 4799.1982 86 85 135
-152.0602 300.2707 4799.1982 69 70 128
-148.4337 300.7229 4806.4258 61 64 126
-144.5783 300.7229 4806.4258 55 59 123
-141.1481 301.6314 4820.9468 48 54 118
-137.6970 302.5455 4835.5557 43 49 116
-133.6157 302.0878 4828.2402 42 47 115
-129.7428 302.0878 4828.2402 43 46 114
-125.6798 301.6314 4820.9468 41 46 110
-121.8127 301.6314 4820.9468 42 45 107
-117.9456 301.6314 4820.9468 44 46 102
-114.7720 303.4651 4850.2534 48 49 100
-108.3077 307.2000 4909.9487 56 52 93
-104.3692 307.2000 4909.9487 61 54 90
-100.8965 308.6244 4932.7153 66 56 83
-96.7901 308.1482 4925.1030 71 60 82
-92.9830 308.6244 4932.7153 76 62 76
-413.3334 293.3333 4749.2065 81 82 148
-410.7463 294.2090 4763.3833 83 83 147
-406.9254 294.2090 4763.3833 82 84 147
-403.7071 294.6487 4770.5034 83 84 146
-399.2836 294.2090 4763.3833 85 85 146
-395.4627 294.2090 4763.3833 88 89 149
-390.4762 293.3333 4749.2065 87 89 147
-387.2430 293.7705 4756.2842 86 88 146
-383.4277 293.7705 4756.2842 87 89 147
-379.6125 293.7705 4756.2842 88 89 147
-375.2381 293.3333 4749.2065 88 90 147
-370.8767 292.8975 4742.1499 88 90 148
-368.1669 293.7705 4756.2842 88 90 146
-363.8095 293.3333 4749.2065 88 89 146
-360.5365 293.7705 4756.2842 85 87 147
-356.1905 293.3333 4749.2065 83 87 147
-351.3353 292.4629 4735.1138 82 87 147
-347.5371 292.4629 4735.1138 84 88 146
-343.7389 292.4629 4735.1138 87 89 147
-339.9407 292.4629 4735.1138 87 88 146
-335.6445 292.0297 4728.0991 86 87 145
-332.3442 292.4629 4735.1138 86 87 145
-327.5740 291.5976 4721.1045 86 88 145
-323.3087 291.1669 4714.1309 86 88 145
-320.0000 291.5976 4721.1045 86 89 145
-316.2130 291.5976 4721.1045 87 89 144
-312.4261 291.5976 4721.1045 85 87 143
-308.6391 291.5976 4721.1045 83 86 142
-304.8521 291.5976 4721.1045 83 86 143
-301.0651 291.5976 4721.1045 82 85 143
-297.2781 291.5976 4721.1045 81 83 142
-293.9260 292.0297 4728.0991 79 81 141
-290.1334 292.0297 4728.0991 81 84 141
-286.3408 292.0297 4728.0991 85 86 141
-282.1302 291.5976 4721.1045 87 87 141
-278.3432 291.5976 4721.1045 88 90 142
-274.5562 291.5976 4721.1045 89 91 141
-271.1704 292.0297 4728.0991 86 88 140
-267.3778 292.0297 4728.0991 84 86 139
-263.5852 292.0297 4728.0991 83 85 140
-259.7926 292.0297 4728.0991 83 85 141
-256.0000 292.0297 4728.0991 83 87 143
-252.2074 292.0297 4728.0991 83 86 142
-249.1531 292.8975 4742.1499 82 87 141
-245.7143 293.3333 4749.2065 83 86 141
-241.9048 293.3333 4749.2065 79 83 140
-238.4501 293.7705 4756.2842 76 80 140
-234.9851 294.2090 4763.3833 77 82 141
-230.8197 293.7705 4756.2842 76 81 140
-227.3433 294.2090 4763.3833 77 82 141
-223.5224 294.2090 4763.3833 78 83 140
-219.7015 294.2090 4763.3833 78 84 140
-215.8806 294.2090 4763.3833 80 85 139
-212.3767 294.6487 4770.5034 84 87 140
-208.5501 294.6487 4770.5034 83 86 139
-204.7235 294.6487 4770.5034 80 84 139
-200.8969 294.6487 4770.5034 81 85 141
-196.7761 294.2090 4763.3833 81 85 139
-192.9552 294.2090 4763.3833 82 84 137
-188.8525 293.7705 4756.2842 85 86 138
-185.5905 294.6487 4770.5034 83 85 137
-182.0359 295.0898 4777.6450 81 84 134
-178.7388 295.9760 4791.9922 89 90 133
-174.8949 295.9760 4791.9922 91 90 130
-171.0511 295.9760 4791.9922 87 87 132
-167.2072 295.9760 4791.9922 87 88 132
-163.6090 296.4211 4799.1982 86 87 134
-159.7594 296.4211 4799.1982 84 85 135
-155.9098 296.4211 4799.1982 77 79 130
-152.2892 296.8675 4806.4258 63 66 124
-148.4337 296.8675 4806.4258 56 62 124
-144.5783 296.8675 4806.4258 52 57 121
-141.1481 297.7644 4820.9468 46 52 117
-137.4887 298.2148 4828.2402 42 49 115
-133.6157 298.2148 4828.2402 42 47 113
-129.5468 297.7644 4820.9468 43 46 111
-125.4902 297.3152 4813.6753 42 46 108
-121.6290 297.3152 4813.6753 46 49 107
-117.7677 297.3152 4813.6753 48 50 102
-114.2512 298.2148 4828.2402 49 49 98
-108.1413 302.7957 4902.4067 53 50 89
-104.2089 302.7957 4902.4067 57 51 87
-100.8965 304.6677 4932.7153 60 51 80
-96.6410 303.7288 4917.5142 66 57 79
-92.9830 304.6677 4932.7153 72 59 76
-404.3114 291.2575 4777.6450 71 76 146
-396.0538 290.8221 4770.5034 74 78 146
-390.4762 289.5238 4749.2065 75 78 145
-383.4277 289.9553 4756.2842 75 78 145
-379.6125 289.9553 4756.2842 77 78 145
-375.7973 289.9553 4756.2842 76 78 145
-371.4286 289.5238 4749.2065 76 78 145
-368.1669 289.9553 4756.2842 74 78 144
-363.8095 289.5238 4749.2065 75 78 144
-360.5365 289.9553 4756.2842 74 77 145
-356.1905 289.5238 4749.2065 73 78 145
-351.8574 289.0937 4742.1499 73 77 144
-347.0222 288.2371 4728.0991 74 78 144
-343.7389 288.6647 4735.1138 76 78 145
-339.9407 288.6647 4735.1138 75 77 143
-335.6445 288.2371 4728.0991 73 74 142
-332.3442 288.6647 4735.1138 71 73 142
-327.0901 287.3855 4714.1309 70 74 143
-322.8319 286.9617 4707.1782 71 75 144
-319.5273 287.3855 4714.1309 73 77 143
-316.2130 287.8107 4721.1045 72 75 142
-312.4261 287.8107 4721.1045 70 74 142
-308.1832 287.3855 4714.1309 68 73 141
-304.4018 287.3855 4714.1309 68 73 140
-300.1770 286.9617 4707.1782 68 72 140
-296.8390 287.3855 4714.1309 70 72 141
-293.0576 287.3855 4714.1309 70 72 139
-289.2762 287.3855 4714.1309 70 74 138
-285.4948 287.3855 4714.1309 71 73 138
-281.7134 287.3855 4714.1309 71 73 137
-277.9321 287.3855 4714.1309 69 71 136
-274.1507 287.3855 4714.1309 68 70 136
-270.3693 287.3855 4714.1309 66 69 136
-266.5879 287.3855 4714.1309 67 70 137
-263.1953 287.8107 4721.1045 67 70 137
-259.4083 287.8107 4721.1045 67 70 138
-255.6213 287.8107 4721.1045 69 72 139
-251.4623 287.3855 4714.1309 69 74 138
-248.4148 288.2371 4728.0991 70 76 139
-245.3492 289.0937 4742.1499 68 72 138
-241.1870 288.6647 4735.1138 67 71 137
-237.7415 289.0937 4742.1499 64 70 136
-234.2857 289.5238 4749.2065 67 72 137
-230.4762 289.5238 4749.2065 66 72 135
-227.3433 290.3881 4763.3833 67 73 136
-223.1893 289.9553 4756.2842 66 72 135
-219.3741 289.9553 4756.2842 67 73 136
-215.8806 290.3881 4763.3833 71 74 137
-212.3767 290.8221 4770.5034 72 76 137
-208.2388 290.3881 4763.3833 70 75 136
-204.7235 290.8221 4770.5034 69 75 137
-200.8969 290.8221 4770.5034 69 75 136
-196.7761 290.3881 4763.3833 78 82 135
-192.6677 289.9553 4756.2842 82 85 132
-188.8525 289.9553 4756.2842 84 86 132
-185.3134 290.3881 4763.3833 83 86 131
-182.3089 291.6942 4784.8076 80 83 127
-178.7388 292.1321 4791.9922 84 84 130
-174.8949 292.1321 4791.9922 87 87 130
-171.3083 292.5714 4799.1982 85 87 128
-167.4587 292.5714 4799.1982 85 88 126
-163.8554 293.0121 4806.4258 81 83 128
-160.0000 293.0121 4806.4258 77 79 129
-156.1446 293.0121 4806.4258 76 77 127
-152.5189 293.4540 4813.6753 67 69 121
-148.6576 293.4540 4813.6753 62 64 123
-144.7964 293.4540 4813.6753 49 52 117
-141.3616 294.3419 4828.2402 46 50 118
-137.4887 294.3419 4828.2402 44 48 115
-133.6157 294.3419 4828.2402 45 48 113
-129.5468 293.8973 4820.9468 45 47 110
-125.3012 293.0121 4806.4258 42 47 107
-121.6290 293.4540 4813.6753 42 48 104
-117.5904 293.0121 4806.4258 44 46 101
-114.0786 293.8973 4820.9468 44 45 99
-107.9755 298.4049 4894.8877 52 48 92
-103.8897 297.9479 4887.3916 56 50 89
-100.8965 300.7110 4932.7153 59 51 83
-96.7901 300.2469 4925.1030 66 55 79
-93.1269 301.1765 4940.3511 72 58 77
-379.0477 285.7143 4749.2065 74 76 143
-375.2381 285.7143 4749.2065 73 75 142
-370.3264 284.8665 4735.1138 72 75 142
-367.0728 285.2898 4742.1499 73 75 144
-362.7300 284.8665 4735.1138 74 75 143
-360.0000 285.7143 4749.2065 74 76 143
-355.6613 285.2898 4742.1499 74 77 143
-351.3353 284.8665 4735.1138 74 78 144
-347.0222 284.4445 4728.0991 75 80 144
-343.2297 284.4445 4728.0991 73 77 141
-339.9407 284.8665 4735.1138 69 73 140
-335.1479 284.0237 4721.1045 66 69 140
-332.3442 284.8665 4735.1138 63 68 141
-326.6077 283.1859 4707.1782 64 69 141
-322.3564 282.7688 4700.2456 65 69 141
-319.5273 283.6041 4714.1309 65 70 141
-315.7459 283.6041 4714.1309 65 70 141
-311.9645 283.6041 4714.1309 66 70 141
-308.1832 283.6041 4714.1309 65 70 140
-303.9528 283.1859 4707.1782 65 70 140
-299.7349 282.7688 4700.2456 64 68 139
-296.4012 283.1859 4707.1782 65 67 138
-293.0576 283.6041 4714.1309 65 68 137
-289.2762 283.6041 4714.1309 66 70 138
-285.4948 283.6041 4714.1309 70 73 138
-281.7134 283.6041 4714.1309 71 72 137
-277.9321 283.6041 4714.1309 68 71 136
-273.7463 283.1859 4707.1782 68 71 137
-270.3693 283.6041 4714.1309 68 69 135
-266.5879 283.6041 4714.1309 69 71 137
-263.1953 284.0237 4721.1045 65 68 135
-259.0251 283.6041 4714.1309 64 68 136
-255.2437 283.6041 4714.1309 62 67 136
-251.4623 283.6041 4714.1309 63 68 136
-248.4148 284.4445 4728.0991 63 69 136
-245.3492 285.2898 4742.1499 62 67 135
-241.1870 284.8665 4735.1138 63 68 137
-237.3887 284.8665 4735.1138 63 68 136
-234.2857 285.7143 4749.2065 63 68 136
-230.4762 285.7143 4749.2065 63 68 135
-227.0045 286.1401 4756.2842 66 71 135
-223.1893 286.1401 4756.2842 66 71 135
-219.7015 286.5672 4763.3833 65 72 135
-215.8806 286.5672 4763.3833 68 73 135
-212.3767 286.9955 4770.5034 68 73 135
-208.2388 286.5672 4763.3833 67 72 134
-204.7235 286.9955 4770.5034 68 73 134
-200.8969 286.9955 4770.5034 69 73 135
-196.7761 286.5672 4763.3833 73 77 135
-192.6677 286.1401 4756.2842 79 81 135
-188.8525 286.1401 4756.2842 75 78 132
-185.5905 286.9955 4770.5034 72 77 133
-182.5826 288.2883 4791.9922 75 78 132
-179.0075 288.7218 4799.1982 80 81 130
-175.1579 288.7218 4799.1982 84 86 130
-171.5663 289.1566 4806.4258 85 86 127
-167.7108 289.1566 4806.4258 85 85 127
-164.1026 289.5928 4813.6753 79 81 127
-160.4834 290.0302 4820.9468 77 80 130
-156.6163 290.0302 4820.9468 75 77 127
-152.9803 290.4690 4828.2402 68 71 122
-148.8822 290.0302 4820.9468 56 60 118
-145.0151 290.0302 4820.9468 45 49 115
-141.3616 290.4690 4828.2402 41 47 116
-137.4887 290.4690 4828.2402 41 47 115
-133.6157 290.4690 4828.2402 42 48 111
-129.5468 290.0302 4820.9468 44 48 109
-125.3012 289.1566 4806.4258 43 48 108
-121.4458 289.1566 4806.4258 41 45 104
-117.5904 289.1566 4806.4258 41 44 101
-104.2089 294.9309 4902.4067 55 49 87
-101.0526 297.2137 4940.3511 58 52 83
-97.0898 297.2137 4940.3511 64 55 80
-93.5614 298.6003 4963.4009 71 59 77
-89.4410 298.1367 4955.6938 77 60 70
-366.5282 281.0682 4735.1138 68 70 143
-362.1926 280.6519 4728.0991 68 71 143
-359.4651 281.4859 4742.1499 69 72 142
-355.1335 281.0682 4735.1138 70 74 141
-350.8148 280.6519 4728.0991 70 74 143
-346.5089 280.2367 4721.1045 70 74 143
-343.2297 280.6519 4728.0991 70 74 142
-339.4371 280.6519 4728.0991 69 73 143
-335.1479 280.2367 4721.1045 69 72 143
-331.8519 280.6519 4728.0991 67 71 142
-326.6077 279.4101 4707.1782 67 71 141
-321.8824 278.5883 4693.3335 67 71 141
-319.0561 279.4101 4707.1782 66 71 142
-315.2802 279.4101 4707.1782 67 71 143
-311.5045 279.4101 4707.1782 67 70 141
-307.7286 279.4101 4707.1782 66 70 139
-303.9528 279.4101 4707.1782 66 70 140
-299.7349 278.9986 4700.2456 67 70 138
-296.4012 279.4101 4707.1782 69 69 137
-293.0576 279.8228 4714.1309 69 70 137
-289.2762 279.8228 4714.1309 70 71 136
-285.4948 279.8228 4714.1309 76 75 138
-281.7134 279.8228 4714.1309 75 75 137
-277.9321 279.8228 4714.1309 70 72 137
-273.7463 279.4101 4707.1782 71 74 137
-270.3693 279.8228 4714.1309 76 77 138
-266.9823 280.2367 4721.1045 83 84 140
-263.1953 280.2367 4721.1045 84 86 140
-259.0251 279.8228 4714.1309 70 74 135
-255.2437 279.8228 4714.1309 62 68 135
-251.4623 279.8228 4714.1309 63 68 136
-248.0473 280.2367 4721.1045 63 67 136
-244.9852 281.0682 4735.1138 62 67 137
-241.1870 281.0682 4735.1138 63 69 137
-237.3887 281.0682 4735.1138 64 69 136
-233.9376 281.4859 4742.1499 64 69 135
-230.1337 281.4859 4742.1499 64 70 135
-227.0045 282.3249 4756.2842 66 71 136
-223.1893 282.3249 4756.2842 66 71 135
-219.7015 282.7463 4763.3833 65 72 135
-215.8806 282.7463 4763.3833 67 72 134
-212.3767 283.1689 4770.5034 67 72 134
-208.2388 282.7463 4763.3833 67 72 134
-205.0300 283.5928 4777.6450 68 73 133
-200.8969 283.1689 4770.5034 68 72 133
-197.0703 283.1689 4770.5034 69 73 134
-192.9552 282.7463 4763.3833 70 75 134
-188.8525 282.3249 4756.2842 69 74 133
-185.8683 283.5928 4777.6450 68 72 131
-182.5826 284.4445 4791.9922 74 76 133
-179.0075 284.8722 4799.1982 75 75 130
-175.4217 285.3012 4806.4258 74 75 131
-171.5663 285.3012 4806.4258 73 74 129
-167.9638 285.7315 4813.6753 75 75 130
-164.3505 286.1631 4820.9468 75 76 130
-160.7262 286.5961 4828.2402 77 78 130
-156.8533 286.5961 4828.2402 76 78 128
-152.9803 286.5961 4828.2402 70 74 125
-149.1074 286.5961 4828.2402 55 58 118
-145.2345 286.5961 4828.2402 46 50 117
-141.5758 287.0303 4835.5557 41 46 115
-137.4887 286.5961 4828.2402 40 45 114
-133.6157 286.5961 4828.2402 44 48 113
-129.5468 286.1631 4820.9468 45 49 110
-125.3012 285.3012 4806.4258 43 48 107
-121.4458 285.3012 4806.4258 40 45 105
-117.5904 285.3012 4806.4258 39 43 101
-104.3692 291.4462 4909.9487 54 49 88
-101.3665 294.1615 4955.6938 58 51 84
-97.2403 293.7054 4948.0103 63 54 79
-94.0000 296.0000 4986.6670 71 60 78
-89.7196 295.0779 4971.1318 76 61 70
-85.5988 294.6190 4963.4009 82 63 62
-369.2308 276.4497 4721.1045 73 75 142
-365.4438 276.4497 4721.1045 73 74 142
-361.1226 276.0414 4714.1309 70 73 141
-358.4001 276.8593 4728.0991 70 74 141
-354.6075 276.8593 4728.0991 69 73 140
-350.2959 276.4497 4721.1045 70 73 143
-345.9970 276.0414 4714.1309 71 73 143
-342.7219 276.4497 4721.1045 71 73 142
-338.9349 276.4497 4721.1045 69 73 141
-334.6529 276.0414 4714.1309 68 73 139
-331.3610 276.4497 4721.1045 68 73 141
-326.1267 275.2283 4700.2456 67 71 141
-321.4097 274.4200 4686.4414 66 71 140
-319.0561 275.6342 4707.1782 66 70 141
-315.2802 275.6342 4707.1782 68 72 142
-311.5045 275.6342 4707.1782 70 72 141
-307.7286 275.6342 4707.1782 67 71 139
-303.9528 275.6342 4707.1782 67 71 139
-299.7349 275.2283 4700.2456 69 73 138
-296.4012 275.6342 4707.1782 72 74 138
-293.0576 276.0414 4714.1309 72 73 137
-289.2762 276.0414 4714.1309 70 72 137
-285.4948 276.0414 4714.1309 69 72 136
-281.7134 276.0414 4714.1309 70 72 135
-277.9321 276.0414 4714.1309 71 71 137
-274.1507 276.0414 4714.1309 71 71 137
-270.7692 276.4497 4721.1045 70 72 136
-266.9823 276.4497 4721.1045 71 73 137
-263.1953 276.4497 4721.1045 72 72 137
-259.4083 276.4497 4721.1045 69 71 135
-255.2437 276.0414 4714.1309 66 71 134
-251.4623 276.0414 4714.1309 67 71 136
-248.4148 276.8593 4728.0991 68 71 136
-245.3492 277.6820 4742.1499 67 72 138
-241.5453 277.6820 4742.1499 67 72 135
-237.3887 277.2701 4735.1138 67 72 135
-234.6349 278.5097 4756.2842 67 72 135
-230.4762 278.0952 4749.2065 67 73 136
-227.3433 278.9254 4763.3833 70 75 137
-223.5224 278.9254 4763.3833 72 77 137
-219.7015 278.9254 4763.3833 69 74 135
-216.2033 279.3423 4770.5034 69 75 135
-212.3767 279.3423 4770.5034 69 74 135
-208.5501 279.3423 4770.5034 68 74 134
-205.0300 279.7605 4777.6450 70 75 134
-200.8969 279.3423 4770.5034 69 74 132
-197.0703 279.3423 4770.5034 70 75 134
-192.6677 278.5097 4756.2842 70 75 134
-188.8525 278.5097 4756.2842 69 74 134
-185.8683 279.7605 4777.6450 67 72 132
-182.8572 281.0226 4799.1982 69 72 133
-179.2771 281.4458 4806.4258 69 71 130
-175.6863 281.8703 4813.6753 68 72 130
-171.8250 281.8703 4813.6753 69 72 129
-167.9638 281.8703 4813.6753 72 73 130
-164.3505 282.2961 4820.9468 70 71 128
-160.7262 282.7232 4828.2402 68 71 127
-156.8533 282.7232 4828.2402 68 70 126
-153.2121 283.1515 4835.5557 65 67 124
-149.1074 282.7232 4828.2402 56 58 119
-145.2345 282.7232 4828.2402 49 52 118
-141.5758 283.1515 4835.5557 43 47 115
-137.4887 282.7232 4828.2402 40 47 115
-133.8182 283.1515 4835.5557 41 47 111
-129.7428 282.7232 4828.2402 44 48 108
-125.3012 281.4458 4806.4258 45 48 107
-121.4458 281.4458 4806.4258 43 46 106
-117.5904 281.4458 4806.4258 41 44 102
-101.6822 291.0904 4971.1318 58 51 85
-97.6947 291.0904 4971.1318 63 53 81
-90.0000 292.0000 4986.6670 75 59 71
-85.8658 291.5445 4978.8872 81 63 63
-82.0000 292.0000 4986.6670 111 88 64
-369.2308 272.6627 4721.1045 67 71 141
-365.4438 272.6627 4721.1045 67 71 141
-361.1226 272.2600 4714.1309 68 71 141
-358.4001 273.0667 4728.0991 68 71 141
-354.0829 272.6627 4721.1045 69 71 142
-350.2959 272.6627 4721.1045 69 71 142
-345.9970 272.2600 4714.1309 71 72 142
-342.2157 272.2600 4714.1309 72 72 140
-338.9349 272.6627 4721.1045 72 73 140
-334.1593 271.8584 4707.1782 71 72 140
-330.3835 271.8584 4707.1782 69 71 141
-325.6471 271.0588 4693.3335 70 72 141
-320.9384 270.2639 4679.5698 69 70 140
-319.0561 271.8584 4707.1782 68 70 140
-315.2802 271.8584 4707.1782 67 70 140
-311.9645 272.2600 4714.1309 68 70 139
-308.1832 272.2600 4714.1309 67 70 139
-304.4018 272.2600 4714.1309 68 69 139
-300.1770 271.8584 4707.1782 70 71 138
-296.8390 272.2600 4714.1309 69 73 136
-293.0576 272.2600 4714.1309 68 71 136
-289.2762 272.2600 4714.1309 69 72 135
-285.9171 272.6627 4721.1045 68 71 135
-281.7134 272.2600 4714.1309 68 71 136
-277.9321 272.2600 4714.1309 68 71 135
-274.1507 272.2600 4714.1309 67 70 135
-270.7692 272.6627 4721.1045 68 69 135
-266.9823 272.6627 4721.1045 65 69 136
-263.1953 272.6627 4721.1045 66 70 135
-259.4083 272.6627 4721.1045 67 71 135
-255.2437 272.2600 4714.1309 66 71 134
-251.4623 272.2600 4714.1309 67 71 135
-248.4148 273.0667 4728.0991 68 72 135
-245.3492 273.8782 4742.1499 70 74 137
-241.1870 273.4718 4735.1138 68 72 135
-237.0371 273.0667 4728.0991 70 72 135
-234.2857 274.2857 4749.2065 70 74 135
-230.1337 273.8782 4742.1499 71 75 136
-227.3433 275.1045 4763.3833 72 75 137
-223.5224 275.1045 4763.3833 72 76 136
-220.0299 275.5157 4770.5034 75 79 135
-216.2033 275.5157 4770.5034 78 80 137
-212.3767 275.5157 4770.5034 78 79 136
-208.5501 275.5157 4770.5034 77 79 136
-204.7235 275.5157 4770.5034 74 77 135
-200.8969 275.5157 4770.5034 73 76 134
-196.7761 275.1045 4763.3833 74 77 134
-192.6677 274.6945 4756.2842 74 77 134
-188.8525 274.6945 4756.2842 72 75 134
-186.1469 276.3419 4784.8076 69 72 132
-183.4088 278.0091 4813.6753 67 71 132
-180.0908 278.8503 4828.2402 67 71 131
-176.2179 278.8503 4828.2402 66 71 129
-172.0846 278.4290 4820.9468 68 72 131
-168.2175 278.4290 4820.9468 70 72 129
-164.5991 278.8503 4828.2402 70 72 128
-160.9697 279.2727 4835.5557 68 72 127
-157.0909 279.2727 4835.5557 66 69 125
-153.2121 279.2727 4835.5557 61 63 123
-149.3333 279.2727 4835.5557 56 57 121
-145.2345 278.8503 4828.2402 50 53 118
-141.5758 279.2727 4835.5557 44 48 115
-137.4887 278.8503 4828.2402 42 47 114
-133.8182 279.2727 4835.5557 42 47 110
-129.7428 278.8503 4828.2402 42 47 109
-125.3012 277.5904 4806.4258 45 48 106
-121.4458 277.5904 4806.4258 45 46 104
-117.4135 277.1730 4799.1982 44 45 100
-102.0000 288.0000 4986.6670 57 51 85
-98.1534 288.4507 4994.4707 61 53 80
-90.1409 288.4507 4994.4707 72 60 70
-86.1346 288.4507 4994.4707 80 63 63
-82.1283 288.4507 4994.4707 105 82 62
-357.8698 268.8757 4721.1045 75 76 143
-354.0829 268.8757 4721.1045 74 76 142
-349.2626 268.0826 4707.1782 72 75 141
-344.9779 267.6878 4700.2456 70 74 141
-341.2077 267.6878 4700.2456 72 74 141
-338.4343 268.4786 4714.1309 72 73 140
-333.1765 267.2941 4693.3335 70 72 139
-329.4118 267.2941 4693.3335 70 73 141
-325.6471 267.2941 4693.3335 72 74 142
-320.4685 266.1201 4672.7188 73 75 141
-319.0561 268.0826 4707.1782 75 76 142
-315.2802 268.0826 4707.1782 74 76 141
-311.9645 268.4786 4714.1309 72 76 140
-308.6391 268.8757 4721.1045 72 76 139
-304.8521 268.8757 4721.1045 74 76 139
-300.6204 268.4786 4714.1309 76 80 139
-296.8390 268.4786 4714.1309 76 79 138
-293.0576 268.4786 4714.1309 78 80 139
-289.7042 268.8757 4721.1045 79 80 139
-285.9171 268.8757 4721.1045 78 78 138
-282.1302 268.8757 4721.1045 76 78 138
-277.9321 268.4786 4714.1309 77 79 137
-274.1507 268.4786 4714.1309 76 78 136
-270.7692 268.8757 4721.1045 77 76 137
-266.9823 268.8757 4721.1045 75 77 137
-263.5852 269.2741 4728.0991 79 79 139
-259.4083 268.8757 4721.1045 80 81 138
-255.6213 268.8757 4721.1045 78 80 137
-251.4623 268.4786 4714.1309 79 81 140
-248.4148 269.2741 4728.0991 79 81 139
-244.9852 269.6736 4735.1138 80 83 139
-240.8297 269.2741 4728.0991 83 85 139
-237.0371 269.2741 4728.0991 84 85 139
-233.9376 270.0743 4742.1499 85 86 139
-230.4762 270.4762 4749.2065 84 87 138
-228.0240 272.0958 4777.6450 84 86 138
-224.1916 272.0958 4777.6450 85 87 139
-220.3593 272.0958 4777.6450 86 88 138
-216.5270 272.0958 4777.6450 86 87 137
-212.3767 271.6891 4770.5034 87 89 137
-208.8623 272.0958 4777.6450 85 87 135
-204.7235 271.6891 4770.5034 81 83 134
-200.5970 271.2836 4763.3833 78 81 134
-196.4829 270.8793 4756.2842 79 81 135
-192.0951 270.0743 4742.1499 77 82 136
-188.8525 270.8793 4756.2842 75 78 134
-186.7068 273.3233 4799.1982 72 74 131
-183.9637 274.9773 4828.2402 72 74 132
-180.3636 275.3940 4835.5557 69 72 131
-176.4849 275.3940 4835.5557 66 70 130
-172.0846 274.5620 4820.9468 66 71 131
-168.4720 274.9773 4828.2402 67 72 130
-164.8485 275.3940 4835.5557 69 71 129
-161.2140 275.8119 4842.8936 68 72 129
-157.3293 275.8119 4842.8936 66 68 125
-153.4446 275.8119 4842.8936 59 62 122
-149.5600 275.8119 4842.8936 53 56 120
-145.4546 275.3940 4835.5557 47 51 118
-141.5758 275.3940 4835.5557 43 47 115
-137.4887 274.9773 4828.2402 45 47 113
-133.8182 275.3940 4835.5557 45 47 110
-129.9394 275.3940 4835.5557 44 47 110
-125.3012 273.7350 4806.4258 46 48 106
-121.4458 273.7350 4806.4258 47 49 103
-117.5904 273.7350 4806.4258 48 50 100
-353.5598 264.6972 4714.1309 70 72 141
-348.7482 263.9175 4700.2456 68 71 141
-337.9351 264.3068 4707.1782 66 70 139
-333.1765 263.5294 4693.3335 67 71 140
-328.9280 263.1425 4686.4414 67 72 140
-325.1689 263.1425 4686.4414 69 73 141
-320.0000 261.9883 4665.8872 71 74 140
-318.5862 263.9175 4700.2456 74 77 141
-314.8159 263.9175 4700.2456 74 77 140
-311.5045 264.3068 4707.1782 70 74 138
-308.1832 264.6972 4714.1309 70 73 138
-304.4018 264.6972 4714.1309 70 71 137
-300.6204 264.6972 4714.1309 69 73 137
-296.8390 264.6972 4714.1309 71 74 137
-293.0576 264.6972 4714.1309 73 75 136
-289.2762 264.6972 4714.1309 73 76 136
-285.4948 264.6972 4714.1309 72 75 137
-281.7134 264.6972 4714.1309 73 76 138
-277.9321 264.6972 4714.1309 77 79 138
-274.1507 264.6972 4714.1309 72 76 137
-270.7692 265.0888 4721.1045 72 75 137
-266.9823 265.0888 4721.1045 72 74 137
-263.1953 265.0888 4721.1045 71 74 136
-259.4083 265.0888 4721.1045 71 74 136
-255.6213 265.0888 4721.1045 71 75 135
-251.4623 264.6972 4714.1309 72 75 135
-248.4148 265.4815 4728.0991 73 76 136
-244.9852 265.8754 4735.1138 73 78 137
-241.1870 265.8754 4735.1138 74 79 137
-237.7415 266.2705 4742.1499 76 80 138
-234.2857 266.6667 4749.2065 78 82 139
-224.8649 269.0691 4791.9922 78 80 135
-220.6897 268.6657 4784.8076 78 80 135
-216.5270 268.2635 4777.6450 79 81 135
-212.6946 268.2635 4777.6450 81 82 135
-208.2388 267.4627 4763.3833 80 82 134
-203.8095 266.6667 4749.2065 78 80 134
-199.4065 265.8754 4735.1138 78 80 135
-195.3185 265.4815 4728.0991 78 79 134
-191.2426 265.0888 4721.1045 76 78 134
-187.7334 265.4815 4728.0991 76 78 133
-186.1469 268.6657 4784.8076 73 76 132
-183.6858 270.6949 4820.9468 71 74 131
-180.0908 271.1044 4828.2402 69 73 130
-176.2179 271.1044 4828.2402 66 71 130
-172.0846 270.6949 4820.9468 66 70 131
-168.2175 270.6949 4820.9468 67 71 130
-164.8485 271.5152 4835.5557 67 70 130
-161.2140 271.9272 4842.8936 66 70 129
-157.3293 271.9272 4842.8936 63 68 125
-153.4446 271.9272 4842.8936 56 62 122
-149.7872 272.3405 4850.2534 50 56 119
-145.4546 271.5152 4835.5557 47 52 118
-141.5758 271.5152 4835.5557 43 49 115
-137.6970 271.5152 4835.5557 43 48 114
-133.8182 271.5152 4835.5557 45 48 111
-129.9394 271.5152 4835.5557 44 46 109
-125.3012 269.8795 4806.4258 44 46 104
-121.4458 269.8795 4806.4258 46 47 100
364.8369 171.9770 3062.8279 229 188 34
-354.0829 261.3018 4721.1045 67 71 138
-348.7482 260.1473 4700.2456 65 69 140
-344.4706 259.7647 4693.3335 63 67 140
-337.9351 260.5310 4707.1782 63 69 140
-333.1765 259.7647 4693.3335 67 71 140
-328.9280 259.3833 4686.4414 67 71 139
-325.6471 259.7647 4693.3335 68 72 140
-320.4685 258.6237 4672.7188 67 72 139
-318.1177 259.7647 4693.3335 69 73 138
-314.8159 260.1473 4700.2456 71 74 139
-311.5045 260.5310 4707.1782 70 71 138
-308.1832 260.9158 4714.1309 68 71 137
-304.4018 260.9158 4714.1309 67 70 135
-300.6204 260.9158 4714.1309 67 71 135
-296.8390 260.9158 4714.1309 68 73 135
-293.0576 260.9158 4714.1309 68 72 135
-289.2762 260.9158 4714.1309 69 74 136
-285.4948 260.9158 4714.1309 70 75 137
-281.7134 260.9158 4714.1309 72 77 138
-277.9321 260.9158 4714.1309 75 78 139
-274.1507 260.9158 4714.1309 70 74 136
-270.7692 261.3018 4721.1045 68 72 135
-267.3778 261.6889 4728.0991 69 73 136
-263.5852 261.6889 4728.0991 69 73 136
-259.4083 261.3018 4721.1045 71 74 137
-255.6213 261.3018 4721.1045 71 75 136
-251.8343 261.3018 4721.1045 71 74 135
-248.7834 262.0771 4735.1138 71 75 135
-245.3492 262.4666 4742.1499 71 76 137
-241.5453 262.4666 4742.1499 71 76 137
-237.7415 262.4666 4742.1499 72 77 136
-233.9376 262.4666 4742.1499 74 79 137
-228.3658 264.8276 4784.8076 77 82 137
-224.5277 264.8276 4784.8076 76 80 135
-220.3593 264.4312 4777.6450 77 80 135
-215.5589 263.2489 4756.2842 79 81 135
-211.4286 262.8571 4749.2065 82 84 135
-207.3106 262.4666 4742.1499 82 84 135
-202.9037 261.6889 4728.0991 80 82 135
-198.8166 261.3018 4721.1045 78 81 135
-194.7415 260.9158 4714.1309 77 80 135
-190.6785 260.5310 4707.1782 78 80 135
-187.1787 260.9158 4714.1309 76 78 132
-183.6858 266.8278 4820.9468 72 76 131
-180.0908 267.2315 4828.2402 69 73 131
-176.2179 267.2315 4828.2402 67 71 130
-171.8250 266.4254 4813.6753 67 71 131
-168.2175 266.8278 4820.9468 69 72 129
-164.8485 267.6364 4835.5557 69 70 130
-161.4590 268.4499 4850.2534 68 70 128
-157.5684 268.4499 4850.2534 63 66 125
-153.6778 268.4499 4850.2534 57 62 123
-149.7872 268.4499 4850.2534 51 56 120
-145.6753 268.0425 4842.8936 48 52 118
-141.7906 268.0425 4842.8936 44 48 116
-137.6970 267.6364 4835.5557 42 47 114
-133.8182 267.6364 4835.5557 43 47 111
-129.7428 267.2315 4828.2402 43 45 109
-125.3012 266.0241 4806.4258 43 45 106
-121.4458 266.0241 4806.4258 44 46 104
-90.1409 276.4319 4994.4707 72 57 70
363.0769 169.8462 3068.7180 228 188 34
364.8369 169.5202 3062.8279 229 189 35
367.2937 169.5202 3062.8279 229 189 35
369.7505 169.5202 3062.8279 228 188 34
-349.7784 257.1344 4714.1309 65 68 141
-345.4868 256.7552 4707.1782 64 67 140
-341.2077 256.3770 4700.2456 65 68 139
-338.4343 257.1344 4714.1309 65 70 140
-333.1765 256.0000 4693.3335 67 72 139
-328.9280 255.6241 4686.4414 69 72 139
-325.6471 256.0000 4693.3335 69 72 139
-320.0000 254.5030 4665.8872 68 71 139
-318.1177 256.0000 4693.3335 67 70 139
-314.3530 256.0000 4693.3335 69 70 138
-311.0457 256.3770 4700.2456 68 69 137
-307.7286 256.7552 4707.1782 66 70 135
-304.4018 257.1344 4714.1309 66 70 135
-300.1770 256.7552 4707.1782 66 70 134
-296.8390 257.1344 4714.1309 67 72 135
-292.6254 256.7552 4707.1782 69 72 135
-289.2762 257.1344 4714.1309 70 72 135
-285.4948 257.1344 4714.1309 71 73 136
-281.7134 257.1344 4714.1309 71 73 136
-277.9321 257.1344 4714.1309 72 73 136
-274.1507 257.1344 4714.1309 69 72 135
-270.3693 257.1344 4714.1309 70 73 137
-266.9823 257.5148 4721.1045 70 73 137
-263.1953 257.5148 4721.1045 71 75 137
-259.4083 257.5148 4721.1045 74 75 138
-255.6213 257.5148 4721.1045 74 76 138
-251.4623 257.1344 4714.1309 75 77 138
-248.0473 257.5148 4721.1045 75 77 136
-244.9852 258.2790 4735.1138 76 77 137
-240.8297 257.8963 4728.0991 76 78 137
-237.0371 257.8963 4728.0991 76 80 138
-232.8994 257.5148 4721.1045 77 80 136
-229.1124 257.5148 4721.1045 76 80 136
-226.3299 258.6627 4742.1499 82 83 139
-221.2112 257.1344 4714.1309 83 84 137
-218.0741 257.8963 4728.0991 83 84 138
-213.6485 257.1344 4714.1309 85 86 137
-210.1775 257.5148 4721.1045 87 88 136
-206.3905 257.5148 4721.1045 89 90 137
-202.3043 257.1344 4714.1309 85 87 135
-198.2301 256.7552 4707.1782 83 85 135
-194.4543 256.7552 4707.1782 84 85 136
-179.8187 262.9607 4820.9468 71 73 130
-175.9517 262.9607 4820.9468 69 72 131
-171.8250 262.5641 4813.6753 69 72 131
-168.2175 262.9607 4820.9468 70 72 129
-165.0986 264.1578 4842.8936 69 69 129
-161.4590 264.5593 4850.2534 69 70 128
-157.5684 264.5593 4850.2534 64 68 126
-153.6778 264.5593 4850.2534 59 63 123
-150.0152 264.9619 4857.6357 54 58 121
-145.6753 264.1578 4842.8936 51 53 118
-141.7906 264.1578 4842.8936 46 50 115
-137.4887 263.3586 4828.2402 44 48 115
-133.8182 263.7576 4835.5557 44 49 112
-129.7428 263.3586 4828.2402 42 45 107
-125.3012 262.1687 4806.4258 45 46 104
-121.2632 261.7744 4799.1982 45 46 103
-90.1409 272.4257 4994.4707 71 58 71
356.4402 166.5837 3054.0352 229 188 34
359.2337 166.7433 3056.9604 229 188 34
362.7282 167.2238 3065.7703 228 188 34
364.8369 167.0633 3062.8279 228 189 34
367.2937 167.0633 3062.8279 229 189 35
369.7505 167.0633 3062.8279 229 189 34
-345.4868 252.9794 4707.1782 64 68 140
-341.2077 252.6068 4700.2456 65 69 140
-338.4343 253.3530 4714.1309 67 71 141
-333.6672 252.6068 4700.2456 70 72 141
-329.4118 252.2353 4693.3335 71 74 142
-326.1267 252.6068 4700.2456 71 74 141
-320.4685 251.1274 4672.7188 71 74 141
-314.8159 252.6068 4700.2456 71 75 139
-311.0457 252.6068 4700.2456 71 74 138
-307.7286 252.9794 4707.1782 70 76 137
-304.4018 253.3530 4714.1309 73 77 138
-300.1770 252.9794 4707.1782 74 77 138
-296.8390 253.3530 4714.1309 75 79 139
-292.6254 252.9794 4707.1782 77 80 139
-289.2762 253.3530 4714.1309 78 80 139
-285.9171 253.7278 4721.1045 79 80 139
-281.7134 253.3530 4714.1309 78 79 138
-277.9321 253.3530 4714.1309 76 78 138
-274.1507 253.3530 4714.1309 75 78 139
-270.3693 253.3530 4714.1309 75 79 138
-266.9823 253.7278 4721.1045 76 80 138
-263.5852 254.1037 4728.0991 80 83 141
-259.4083 253.7278 4721.1045 82 85 141
-256.0000 254.1037 4728.0991 82 85 140
-251.8343 253.7278 4721.1045 83 85 139
-248.7834 254.4807 4735.1138 84 86 139
-245.7143 255.2381 4749.2065 84 86 140
-241.9048 255.2381 4749.2065 84 86 141
-237.7415 254.8589 4742.1499 88 90 142
-233.9376 254.8589 4742.1499 91 93 141
-230.1337 254.8589 4742.1499 87 88 137
-226.6667 255.2381 4749.2065 93 95 142
-222.1959 254.4807 4735.1138 96 96 139
-218.7222 254.8589 4742.1499 94 93 138
-214.2815 254.1037 4728.0991 93 93 138
-176.2179 259.4857 4828.2402 69 72 131
-172.0846 259.0937 4820.9468 69 71 132
-168.7273 259.8788 4835.5557 69 71 130
-158.0488 261.4634 4865.0410 67 69 128
-150.2439 261.4634 4865.0410 59 61 121
-145.6753 260.2732 4842.8936 51 54 118
-141.7906 260.2732 4842.8936 48 50 116
-137.4887 259.4857 4828.2402 46 49 114
-133.8182 259.8788 4835.5557 47 50 113
-129.7428 259.4857 4828.2402 43 46 107
-125.3012 258.3133 4806.4258 43 46 104
-121.2632 257.9248 4799.1982 44 46 102
344.5211 164.2912 3056.9604 229 194 39
346.9732 164.2912 3056.9604 229 195 40
349.7603 164.4487 3059.8914 228 194 38
351.8774 164.2912 3056.9604 228 192 36
355.0096 164.6065 3062.8279 227 190 35
356.4402 164.1340 3054.0352 227 189 35
359.2337 164.2912 3056.9604 227 188 34
362.3801 164.6065 3062.8279 227 189 34
364.8369 164.6065 3062.8279 228 189 34
367.6465 164.7647 3065.7703 228 188 35
370.1057 164.7647 3065.7703 228 188 34
-338.4343 249.5716 4714.1309 70 73 142
-333.6672 248.8365 4700.2456 71 73 142
-329.4118 248.4706 4693.3335 72 76 141
-326.1267 248.8365 4700.2456 73 77 141
-320.4685 247.3792 4672.7188 73 76 140
-314.8159 248.8365 4700.2456 72 77 140
-311.0457 248.8365 4700.2456 72 77 138
-307.7286 249.2036 4707.1782 71 76 136
-303.9528 249.2036 4707.1782 75 79 137
-300.1770 249.2036 4707.1782 76 79 138
-296.8390 249.5716 4714.1309 77 81 139
-292.6254 249.2036 4707.1782 77 82 139
-289.2762 249.5716 4714.1309 78 82 139
-285.9171 249.9408 4721.1045 80 83 139
-281.7134 249.5716 4714.1309 80 82 139
-277.5222 249.2036 4707.1782 78 81 139
-273.7463 249.2036 4707.1782 77 80 137
-270.7692 249.9408 4721.1045 78 80 137
-267.7745 250.6825 4735.1138 77 79 138
-263.9763 250.6825 4735.1138 77 81 139
-260.1780 250.6825 4735.1138 80 81 139
-256.3799 250.6825 4735.1138 81 82 139
-252.5816 250.6825 4735.1138 79 82 138
-250.2687 252.1791 4763.3833 78 81 137
-246.8162 252.5561 4770.5034 77 81 139
-242.6269 252.1791 4763.3833 79 81 139
-150.4733 257.9542 4872.4683 58 62 119
-145.8967 256.7781 4850.2534 48 53 116
-142.0061 256.7781 4850.2534 48 52 116
-137.6970 256.0000 4835.5557 43 48 113
-133.8182 256.0000 4835.5557 42 47 111
-129.7428 255.6127 4828.2402 44 46 108
-125.1128 254.0752 4799.1982 44 46 105
-121.2632 254.0752 4799.1982 44 45 102
342.0690 161.8391 3056.9604 237 218 52
344.5211 161.8391 3056.9604 237 217 52
346.9732 161.8391 3056.9604 236 217 53
349.7603 161.9942 3059.8914 232 214 51
352.2148 161.9942 3059.8914 226 206 43
355.0096 162.1497 3062.8279 218 196 32
356.7816 161.8391 3056.9604 216 191 30
359.5782 161.9942 3059.8914 216 190 31
362.7282 162.3055 3065.7703 218 190 32
365.1873 162.3055 3065.7703 220 191 32
368.0000 162.4615 3068.7180 221 190 32
370.4615 162.4615 3068.7180 223 189 33
496.5643 192.2184 3630.7927 226 188 33
498.3428 191.7821 3622.5503 227 188 33
-341.2077 245.0663 4700.2456 70 73 143
-337.9351 245.4277 4707.1782 71 74 141
-333.6672 245.0663 4700.2456 71 74 141
-329.4118 244.7059 4693.3335 72 75 141
-326.1267 245.0663 4700.2456 73 75 140
-320.4685 243.6311 4672.7188 75 76 141
-317.6505 244.3465 4686.4414 75 77 140
-313.8913 244.3465 4686.4414 74 75 138
-309.6774 243.9883 4679.5698 74 76 138
-306.8235 244.7059 4693.3335 75 76 138
-303.9528 245.4277 4707.1782 76 77 138
-299.7349 245.0663 4700.2456 74 77 138
-296.4012 245.4277 4707.1782 74 77 139
-292.1944 245.0663 4700.2456 75 78 139
-288.4242 245.0663 4700.2456 74 78 139
-284.6539 245.0663 4700.2456 77 79 139
-280.4706 244.7059 4693.3335 79 80 138
-276.2996 244.3465 4686.4414 78 79 138
-272.5404 244.3465 4686.4414 79 78 138
-269.1765 244.7059 4693.3335 79 80 138
-265.8027 245.0663 4700.2456 79 82 139
-262.4189 245.4277 4707.1782 77 77 137
-258.6431 245.4277 4707.1782 77 78 139
-255.2437 245.7903 4714.1309 78 81 139
-251.0915 245.4277 4707.1782 79 81 138
-249.8957 247.9881 4756.2842 79 81 137
-246.0805 247.9881 4756.2842 80 81 137
-146.1187 253.2724 4857.6357 50 53 116
-142.0061 252.8875 4850.2534 48 52 115
-137.6970 252.1212 4835.5557 45 49 112
-133.8182 252.1212 4835.5557 44 48 109
-129.7428 251.7398 4828.2402 46 48 107
-125.1128 250.2256 4799.1982 46 46 105
-121.2632 250.2256 4799.1982 45 46 102
339.2919 159.2345 3054.0352 240 224 51
342.0690 159.3870 3056.9604 241 224 51
344.5211 159.3870 3056.9604 240 224 51
346.9732 159.3870 3056.9604 238 222 52
349.7603 159.5398 3059.8914 233 218 50
352.2148 159.5398 3059.8914 224 207 40
355.0096 159.6929 3062.8279 215 194 28
357.1237 159.5398 3059.8914 209 186 25
359.9232 159.6929 3062.8279 209 185 25
363.0769 160.0000 3068.7180 209 185 25
365.5385 160.0000 3068.7180 209 186 25
368.3542 160.1540 3071.6716 209 186 25
370.8181 160.1540 3071.6716 210 187 26
494.8753 188.6621 3618.4431 226 187 32
497.2141 188.4485 3614.3452 226 187 32
-333.1765 240.9412 4693.3335 75 76 140
-325.6471 240.9412 4693.3335 74 78 141
-320.0000 239.5322 4665.8872 77 80 142
-315.7957 239.1825 4659.0757 79 81 141
-312.5146 239.5322 4665.8872 75 78 139
-308.3212 239.1825 4659.0757 73 77 138
-305.4759 239.8829 4672.7188 76 79 139
-302.6138 240.5874 4686.4414 77 78 139
-298.4164 240.2346 4679.5698 76 78 139
-295.0955 240.5874 4686.4414 74 76 138
-291.3363 240.5874 4686.4414 74 77 137
-287.1554 240.2346 4679.5698 75 78 138
-283.4018 240.2346 4679.5698 77 79 140
-279.2387 239.8829 4672.7188 78 78 138
-275.0877 239.5322 4665.8872 78 77 138
-271.7423 239.8829 4672.7188 77 77 138
-267.9942 239.8829 4672.7188 76 77 137
-264.6335 240.2346 4679.5698 75 77 136
-261.2628 240.5874 4686.4414 75 75 135
-257.5037 240.5874 4686.4414 75 76 137
-254.1177 240.9412 4693.3335 75 77 138
-249.9853 240.5874 4686.4414 74 78 138
-246.9514 241.2960 4700.2456 76 79 137
-243.5398 241.6519 4707.1782 79 80 139
-134.4870 202.5216 3944.9526 84 83 133
-131.3226 202.5216 3944.9526 81 80 130
-137.6970 248.2424 4835.5557 51 52 115
-133.8182 248.2424 4835.5557 52 52 110
-129.7428 247.8669 4828.2402 54 54 107
-125.1128 246.3760 4799.1982 50 51 104
-121.2632 246.3760 4799.1982 49 49 103
338.9675 156.6348 3051.1155 241 225 51
342.0690 156.9349 3056.9604 241 225 51
344.8514 157.0853 3059.8914 241 225 51
346.9732 156.9349 3056.9604 239 223 50
350.0960 157.2361 3062.8279 233 216 47
352.2148 157.0853 3059.8914 224 205 38
355.0096 157.2361 3062.8279 214 193 29
357.1237 157.0853 3059.8914 207 183 23
360.6154 157.5385 3068.7180 207 183 23
363.4264 157.6901 3071.6716 206 182 22
365.8903 157.6901 3071.6716 206 182 22
368.7091 157.8420 3074.6309 206 182 22
371.1754 157.8420 3074.6309 206 182 22
424.8796 171.5602 3341.8501 211 186 28
427.1130 171.3808 3338.3542 212 186 29
493.7557 185.3394 3610.2566 226 187 32
496.0904 185.1299 3606.1770 226 187 32
500.6803 185.7597 3618.4431 227 187 33
504.1544 185.9705 3622.5503 226 188 33
-368.6854 238.2275 4714.1309 60 66 140
-365.4438 238.5799 4721.1045 60 66 140
-339.2094 236.1347 4672.7188 66 71 140
-332.1994 236.4809 4679.5698 69 73 141
-319.5329 235.4453 4659.0757 70 74 140
-314.8763 234.7599 4645.5122 70 73 140
-311.6035 235.1021 4652.2837 66 71 138
-307.4236 234.7599 4645.5122 66 70 137
-305.0293 235.7895 4665.8872 69 72 137
-302.1701 236.4809 4679.5698 69 71 137
-297.9795 236.1347 4672.7188 68 70 137
-294.6628 236.4809 4679.5698 69 70 137
-290.9091 236.4809 4679.5698 67 72 137
-286.7350 236.1347 4672.7188 68 72 137
-283.4018 236.4809 4679.5698 70 73 136
-279.2387 236.1347 4672.7188 69 72 136
-275.0877 235.7895 4665.8872 71 74 137
-271.3450 235.7895 4665.8872 68 71 134
-267.9942 236.1347 4672.7188 67 70 135
-264.6335 236.4809 4679.5698 68 71 136
-261.2628 236.8282 4686.4414 69 72 134
-257.5037 236.8282 4686.4414 69 73 134
-253.7445 236.8282 4686.4414 69 73 136
-249.9853 236.8282 4686.4414 69 73 135
-246.5883 237.1765 4693.3335 71 75 137
-243.1812 237.5258 4700.2456 74 76 138
-137.6514 199.3572 3944.9526 77 78 131
-134.4870 199.3572 3944.9526 76 78 130
-131.3226 199.3572 3944.9526 77 79 130
-128.4758 199.8513 3954.7295 75 75 129
-125.3036 199.8513 3954.7295 68 69 124
-121.8294 199.3572 3944.9526 62 65 123
-134.4292 245.4795 4857.6357 145 133 122
-130.1366 244.7345 4842.8936 153 140 119
-125.4902 243.2579 4813.6753 129 118 104
-121.2632 242.5264 4799.1982 112 103 104
207.5314 168.7029 3338.3542 235 214 55
336.8421 154.3349 3054.0352 242 225 51
338.9675 154.1874 3051.1155 241 225 51
341.7416 154.3349 3054.0352 241 225 51
344.8514 154.6309 3059.8914 241 225 51
346.9732 154.4828 3056.9604 239 223 51
350.0960 154.7793 3062.8279 233 217 48
352.2148 154.6309 3059.8914 224 205 38
355.0096 154.7793 3062.8279 213 191 27
357.1237 154.6309 3059.8914 206 182 23
360.6154 155.0769 3068.7180 206 182 22
363.7765 155.3757 3074.6309 205 181 21
366.5960 155.5256 3077.5957 206 182 22
369.0646 155.5256 3077.5957 206 182 21
371.5333 155.5256 3077.5957 205 181 21
374.0020 155.5256 3077.5957 205 180 20
420.8769 168.3507 3331.3850 205 181 20
424.4352 168.7029 3338.3542 205 180 20
427.1130 168.7029 3338.3542 205 180 20
493.1978 182.2373 3606.1770 225 187 31
495.5305 182.0316 3602.1069 226 187 32
499.5475 182.4435 3610.2566 227 187 33
503.0125 182.6501 3614.3452 226 187 33
-374.6806 235.8395 4742.1499 60 66 140
-369.2308 234.7929 4721.1045 59 66 140
-365.9852 235.1408 4728.0991 59 65 140
-360.0589 233.7555 4700.2456 60 66 140
-343.9648 233.0690 4686.4414 64 69 141
-338.7135 232.0468 4665.8872 66 71 141
-331.7131 232.3866 4672.7188 69 72 141
-314.8763 231.0335 4645.5122 67 70 140
-311.1500 231.0335 4645.5122 67 69 140
-306.5312 230.3629 4632.0273 66 69 136
-304.1400 231.3703 4652.2837 67 70 135
-301.2866 232.0468 4665.8872 66 72 136
-297.5439 232.0468 4665.8872 67 71 136
-294.2314 232.3866 4672.7188 68 71 136
-290.0585 232.0468 4665.8872 66 70 136
-286.3158 232.0468 4665.8872 66 69 136
-282.9868 232.3866 4672.7188 65 69 134
-278.8304 232.0468 4665.8872 64 68 134
-274.6862 231.7080 4659.0757 65 67 135
-270.9489 231.7080 4659.0757 68 69 135
-267.6024 232.0468 4665.8872 68 70 135
-264.2460 232.3866 4672.7188 70 71 136
-260.8798 232.7273 4679.5698 70 71 135
-257.1261 232.7273 4679.5698 70 71 135
-253.7445 233.0690 4686.4414 69 71 136
-249.6188 232.7273 4679.5698 69 71 135
-246.2261 233.0690 4686.4414 68 71 135
-242.8235 233.4118 4693.3335 69 72 136
-143.9802 196.1928 3944.9526 78 80 132
-140.6420 195.9506 3940.0825 77 78 129
-137.6514 196.1928 3944.9526 77 78 129
-134.3210 195.9506 3940.0825 78 78 131
-131.3226 196.1928 3944.9526 78 78 131
-128.3168 196.4357 3949.8352 76 76 128
-125.3036 196.6791 3954.7295 74 73 123
-121.8294 196.1928 3944.9526 82 78 120
-118.6650 196.1928 3944.9526 115 107 121
188.0000 165.3333 3324.4446 219 196 110
190.6667 165.3333 3324.4446 220 197 109
192.9314 164.9896 3317.5330 221 196 111
195.3894 164.8183 3314.0879 221 197 108
198.0478 164.8183 3314.0879 224 201 101
200.9148 164.9896 3317.5330 230 211 74
204.2127 165.5057 3327.9111 238 222 58
207.3145 165.8516 3334.8660 241 225 53
209.3334 165.3333 3324.4446 242 227 52
211.5593 164.9896 3317.5330 242 226 53
336.5201 151.7400 3051.1155 242 225 51
338.9675 151.7400 3051.1155 242 225 51
341.7416 151.8852 3054.0352 242 225 51
344.8514 152.1764 3059.8914 241 224 52
346.6412 151.8852 3054.0352 239 223 52
350.0960 152.3225 3062.8279 234 217 48
352.2148 152.1764 3059.8914 224 206 38
355.0096 152.3225 3062.8279 213 192 27
357.4664 152.3225 3062.8279 205 182 23
360.9625 152.7623 3071.6716 205 180 22
364.1273 153.0569 3077.5957 205 181 21
366.9499 153.2047 3080.5664 206 182 22
369.4209 153.2047 3080.5664 205 181 22
371.8919 153.2047 3080.5664 205 181 21
374.3630 153.2047 3080.5664 205 181 19
420.4380 165.5057 3327.9111 204 180 18
423.9917 165.8516 3334.8660 204 178 18
426.6667 165.8516 3334.8660 203 178 18
491.4156 179.7509 3614.3452 213 184 23
493.1978 179.3446 3606.1770 216 186 25
495.5305 179.1422 3602.1069 221 187 29
499.5475 179.5475 3610.2566 225 187 32
503.0125 179.7509 3614.3452 227 187 32
506.4853 179.9547 3618.4431 226 187 32
510.5455 180.3636 3626.6667 226 187 32
513.4546 180.3636 3626.6667 226 187 32
516.9511 180.5688 3630.7927 226 188 33
520.4556 180.7745 3634.9280 226 188 33
-394.2857 232.3810 4749.2065 58 64 141
-388.1657 231.0059 4721.1045 59 65 140
-380.0295 230.6647 4714.1309 59 65 139
-377.3630 231.3482 4728.0991 58 64 139
-374.1247 231.6914 4735.1138 58 64 139
-369.2308 231.0059 4721.1045 57 65 140
-365.9852 231.3482 4728.0991 57 65 139
-360.5900 230.3245 4707.1782 59 66 140
-356.8142 230.3245 4707.1782 60 66 139
-348.2353 229.6471 4693.3335 65 70 141
-344.9779 229.9853 4700.2456 67 71 141
-339.7068 228.9736 4679.5698 69 73 141
-336.4464 229.3098 4686.4414 71 75 143
-332.6872 229.3098 4686.4414 73 76 141
-311.1500 227.3072 4645.5122 69 73 139
-306.0870 226.3188 4625.3140 69 72 138
-303.2558 226.9768 4638.7598 69 72 136
-300.4082 227.6385 4652.2837 67 72 137
-297.1095 227.9708 4659.0757 68 72 136
-293.8012 228.3041 4665.8872 69 72 135
-290.0585 228.3041 4665.8872 68 70 136
-285.8978 227.9708 4659.0757 65 69 135
-282.5731 228.3041 4665.8872 64 69 134
-278.4234 227.9708 4659.0757 66 69 134
-274.2857 227.6385 4652.2837 68 69 134
-270.9489 227.9708 4659.0757 70 70 135
-267.6024 228.3041 4665.8872 70 71 135
-264.2460 228.6384 4672.7188 69 72 135
-260.4978 228.6384 4672.7188 69 73 135
-257.1261 228.9736 4679.5698 70 74 136
-254.1177 229.6471 4693.3335 72 75 136
-249.9853 229.3098 4686.4414 75 77 137
-246.5883 229.6471 4693.3335 73 76 136
-242.4670 229.3098 4686.4414 74 77 136
-143.6252 192.5524 3935.2241 79 82 133
-140.1230 192.0787 3925.5435 78 79 131
-137.3120 192.5524 3935.2241 77 79 130
-134.1554 192.5524 3935.2241 76 77 131
-131.3226 193.0284 3944.9526 78 78 128
-128.3168 193.2673 3949.8352 85 82 124
-125.1485 193.2673 3949.8352 117 110 125
-121.8294 193.0284 3944.9526 173 160 131
-118.6650 193.0284 3944.9526 208 188 126
-115.5006 193.0284 3944.9526 218 195 118
185.7203 163.0063 3331.3850 222 201 121
188.0000 162.6667 3324.4446 222 201 121
190.4683 162.4974 3320.9851 223 201 119
192.9314 162.3285 3317.5330 223 201 117
195.5925 162.3285 3317.5330 226 204 109
198.2536 162.3285 3317.5330 234 216 84
200.9148 162.3285 3317.5330 240 224 59
204.0000 162.6667 3324.4446 242 226 53
207.3145 163.1766 3334.8660 243 227 53
209.5516 162.8363 3327.9111 243 227 52
212.0000 162.6667 3324.4446 243 227 53
334.3924 149.4354 3054.0352 242 225 51
336.5201 149.2926 3051.1155 242 225 51
338.6438 149.1499 3048.2012 242 226 52
341.7416 149.4354 3054.0352 242 226 51
344.5211 149.5786 3056.9604 241 225 52
346.6412 149.4354 3054.0352 239 223 51
349.7603 149.7220 3059.8914 234 216 47
352.2148 149.7220 3059.8914 224 206 38
355.0096 149.8656 3062.8279 212 192 26
357.4664 149.8656 3062.8279 204 181 22
361.3102 150.4432 3074.6309 204 180 21
364.1273 150.5882 3077.5957 205 181 21
366.9499 150.7336 3080.5664 205 181 22
369.4209 150.7336 3080.5664 205 181 21
371.8919 150.7336 3080.5664 205 180 20
374.7246 150.8792 3083.5427 205 181 20
420.0000 162.6667 3324.4446 204 179 18
423.9917 163.1766 3334.8660 204 178 18
426.6667 163.1766 3334.8660 203 177 18
490.8598 176.6516 3610.2566 203 177 16
493.1978 176.4520 3606.1770 205 179 17
496.0904 176.4520 3606.1770 212 182 21
500.1133 176.8517 3614.3452 223 187 31
503.0125 176.8517 3614.3452 226 187 33
506.4853 177.0522 3618.4431 227 187 32
510.5455 177.4546 3626.6667 226 188 32
513.4546 177.4546 3626.6667 226 187 32
516.9511 177.6564 3630.7927 226 187 32
519.8635 177.6564 3630.7927 227 188 33
-396.3260 227.5556 4728.0991 61 66 140
-393.6999 228.2318 4742.1499 60 66 140
-388.1657 227.2189 4721.1045 60 66 140
-384.9482 227.5556 4728.0991 59 65 139
-380.5917 227.2189 4721.1045 59 65 140
-377.3630 227.5556 4728.0991 60 66 141
-374.6806 228.2318 4742.1499 61 67 141
-370.3264 227.8932 4735.1138 61 67 140
-366.5282 227.8932 4735.1138 60 67 141
-361.6568 227.2189 4721.1045 64 69 141
-357.8698 227.2189 4721.1045 68 71 142
-353.5598 226.8833 4714.1309 65 69 140
-349.2626 226.5487 4707.1782 64 68 140
-345.9970 226.8833 4714.1309 64 70 141
-341.2077 226.2150 4700.2456 65 70 140
-337.4374 226.2150 4700.2456 67 71 140
-333.6672 226.2150 4700.2456 69 71 141
-311.6035 223.9067 4652.2837 70 75 139
-306.0870 222.6087 4625.3140 74 78 140
-303.2558 223.2558 4638.7598 77 79 139
-299.9709 223.5808 4645.5122 73 75 137
-296.6764 223.9067 4652.2837 72 74 138
-293.8012 224.5614 4665.8872 72 75 138
-289.6351 224.2336 4659.0757 73 76 138
-285.8978 224.2336 4659.0757 71 76 137
-282.9868 224.8902 4672.7188 71 74 136
-278.8304 224.5614 4665.8872 73 76 137
-274.2857 223.9067 4652.2837 76 78 138
-270.9489 224.2336 4659.0757 79 80 138
-267.6024 224.5614 4665.8872 79 79 137
-264.2460 224.8902 4672.7188 81 82 139
-260.8798 225.2199 4679.5698 82 85 139
-257.5037 225.5507 4686.4414 88 89 140
-254.4919 226.2150 4700.2456 93 92 139
-250.3530 225.8824 4693.3335 96 95 142
-246.9514 226.2150 4700.2456 96 96 141
-136.8059 188.6978 3920.7207 73 76 131
-133.9901 189.1626 3930.3777 78 78 128
-131.1605 189.6297 3940.0825 111 106 130
-128.1582 189.8640 3944.9526 187 176 150
-125.1485 190.0990 3949.8352 222 205 147
-121.8294 189.8640 3944.9526 222 202 126
-118.8119 190.0990 3949.8352 218 192 106
-115.5006 189.8640 3944.9526 219 191 106
-112.3362 189.8640 3944.9526 220 197 120
183.2393 160.5016 3334.8660 223 202 122
185.5266 160.1669 3327.9111 223 202 122
188.0000 160.0000 3324.4446 223 201 122
190.2703 159.6674 3317.5330 224 201 121
192.9314 159.6674 3317.5330 226 204 112
195.5925 159.6674 3317.5330 235 217 86
198.2536 159.6674 3317.5330 240 225 61
200.9148 159.6674 3317.5330 243 227 54
203.7877 159.8335 3320.9851 243 227 54
207.3145 160.5016 3334.8660 243 227 54
209.5516 160.1669 3327.9111 243 227 54
212.0000 160.0000 3324.4446 243 227 53
334.7126 147.1264 3056.9604 242 226 51
336.8421 146.9857 3054.0352 242 226 51
338.9675 146.8451 3051.1155 242 226 51
341.7416 146.9857 3054.0352 242 226 51
344.8514 147.2675 3059.8914 241 225 51
346.9732 147.1264 3056.9604 239 223 51
350.0960 147.4088 3062.8279 234 217 47
352.5528 147.4088 3062.8279 225 206 38
355.3507 147.5504 3065.7703 213 191 27
357.8098 147.5504 3065.7703 204 181 21
361.6587 148.1196 3077.5957 203 179 20
364.4788 148.2626 3080.5664 205 181 21
367.3044 148.4058 3083.5427 205 181 21
369.7778 148.4058 3083.5427 205 181 21
372.2512 148.4058 3083.5427 204 180 20
374.7246 148.4058 3083.5427 205 181 20
420.4380 160.1669 3327.9111 203 179 18
423.9917 160.5016 3334.8660 203 177 18
427.1130 160.6695 3338.3542 202 176 18
491.4156 173.9525 3614.3452 202 175 16
493.1978 173.5593 3606.1770 204 176 16
496.6516 173.7557 3610.2566 209 178 19
500.6803 174.1497 3618.4431 223 187 31
503.5828 174.1497 3618.4431 226 188 33
507.0602 174.3474 3622.5503 227 188 31
510.5455 174.5455 3626.6667 226 188 33
513.4546 174.5455 3626.6667 226 187 32
516.9511 174.7440 3630.7927 226 187 32
520.4556 174.9431 3634.9280 226 188 33
522.7759 174.7440 3630.7927 226 188 33
-396.3260 223.7630 4728.0991 58 64 139
-393.1158 224.0950 4735.1138 58 65 139
-387.5923 223.1019 4714.1309 58 64 138
-384.9482 223.7630 4728.0991 58 64 138
-380.5917 223.4319 4721.1045 59 65 141
-377.3630 223.7630 4728.0991 59 65 140
-374.6806 224.4280 4742.1499 58 65 140
-370.3264 224.0950 4735.1138 60 66 141
-366.5282 224.0950 4735.1138 61 67 141
-362.1926 223.7630 4728.0991 62 68 141
-358.4001 223.7630 4728.0991 63 68 141
-354.6075 223.7630 4728.0991 64 69 141
-350.2959 223.4319 4721.1045 66 70 142
-346.5089 223.4319 4721.1045 65 70 142
-341.7109 222.7729 4707.1782 64 69 140
-338.4343 223.1019 4714.1309 67 70 140
-334.1593 222.7729 4707.1782 69 72 140
-306.0870 218.8986 4625.3140 73 74 138
-302.3768 218.8986 4625.3140 72 72 137
-299.5349 219.5349 4638.7598 71 72 137
-295.8140 219.5349 4638.7598 71 72 137
-292.9446 220.1749 4652.2837 71 71 137
-289.2128 220.1749 4652.2837 69 72 136
-285.4810 220.1749 4652.2837 71 74 135
-282.5731 220.8187 4665.8872 73 74 136
-278.4234 220.4964 4659.0757 74 75 137
-273.8865 219.8545 4645.5122 73 74 136
-270.5539 220.1749 4652.2837 74 73 136
-267.6024 220.8187 4665.8872 77 75 137
-264.2460 221.1420 4672.7188 79 79 139
-260.8798 221.4663 4679.5698 79 81 139
-257.8824 222.1177 4693.3335 83 84 139
-254.1177 222.1177 4693.3335 89 90 142
-249.9853 221.7915 4686.4414 93 94 143
-246.9514 222.4448 4700.2456 98 99 144
-136.4706 185.0981 3911.1113 74 77 131
-133.6609 185.5528 3920.7207 95 93 125
-130.8374 186.0099 3930.3777 204 193 159
-128.0000 186.4692 3940.0825 235 219 149
-125.1485 186.9307 3949.8352 235 216 142
-121.8294 186.6996 3944.9526 230 207 130
-118.8119 186.9307 3949.8352 225 200 121
-115.6436 186.9307 3949.8352 222 200 125
-112.3362 186.6996 3944.9526 222 202 130
-109.4424 187.1623 3954.7295 223 204 132
177.7036 157.6618 3331.3850 224 202 124
180.5643 157.8266 3334.8660 223 203 124
183.2393 157.8266 3334.8660 224 203 124
185.7203 157.6618 3331.3850 224 202 123
188.0000 157.3333 3324.4446 225 202 123
190.4683 157.1696 3320.9851 226 204 115
193.3333 157.3333 3324.4446 234 215 89
196.0000 157.3333 3324.4446 241 225 62
198.4599 157.1696 3320.9851 242 227 54
201.1238 157.1696 3320.9851 243 228 53
203.7877 157.1696 3320.9851 244 228 54
207.5314 157.9916 3338.3542 244 228 54
209.7704 157.6618 3331.3850 244 228 54
212.2211 157.4974 3327.9111 243 227 53
335.3551 144.9520 3062.8279 242 226 51
336.8421 144.5359 3054.0352 242 226 52
338.9675 144.3977 3051.1155 242 226 51
341.7416 144.5359 3054.0352 242 225 51
344.8514 144.8130 3059.8914 241 225 51
346.9732 144.6743 3056.9604 239 223 50
350.0960 144.9520 3062.8279 234 218 46
352.5528 144.9520 3062.8279 225 206 38
355.6923 145.2308 3068.7180 213 191 27
358.1539 145.2308 3068.7180 204 180 21
362.0078 145.7915 3080.5664 203 179 20
364.4788 145.7915 3080.5664 204 180 20
367.3044 145.9324 3083.5427 205 181 20
370.1354 146.0735 3086.5249 205 181 21
372.6112 146.0735 3086.5249 205 181 20
375.0871 146.0735 3086.5249 205 181 19
420.4380 157.4974 3327.9111 203 178 18
424.4352 157.9916 3338.3542 203 177 18
427.1130 157.9916 3338.3542 200 175 18
452.6496 161.3675 3409.6868 199 172 16
490.8598 170.8597 3610.2566 203 175 16
493.1978 170.6667 3606.1770 204 176 17
496.6516 170.8597 3610.2566 209 178 19
500.6803 171.2472 3618.4431 223 187 31
504.1544 171.4416 3622.5503 226 188 32
507.0602 171.4416 3622.5503 226 188 32
510.5455 171.6364 3626.6667 225 188 32
513.4546 171.6364 3626.6667 226 188 33
516.9511 171.8316 3630.7927 227 188 33
520.4556 172.0273 3634.9280 227 188 33
522.7759 171.8316 3630.7927 226 188 33
-395.7397 219.6450 4721.1045 57 64 139
-393.1158 220.2967 4735.1138 57 64 138
-387.5923 219.3205 4714.1309 56 63 139
-384.3787 219.6450 4721.1045 56 63 140
-380.5917 219.6450 4721.1045 57 65 141
-376.8047 219.6450 4721.1045 57 65 141
-373.5704 219.9704 4728.0991 57 64 141
-369.7778 219.9704 4728.0991 58 64 141
-366.5282 220.2967 4735.1138 59 65 140
-361.6568 219.6450 4721.1045 61 66 140
-357.8698 219.6450 4721.1045 61 67 141
-354.0829 219.6450 4721.1045 62 69 141
-349.7784 219.3205 4714.1309 64 68 140
-345.9970 219.3205 4714.1309 64 68 141
-341.7109 218.9971 4707.1782 68 71 141
-337.9351 218.9971 4707.1782 78 80 143
-334.1593 218.9971 4707.1782 93 95 146
-305.6440 214.8770 4618.6206 111 109 146
-301.9393 214.8770 4618.6206 109 108 146
-299.1002 215.5007 4632.0273 108 106 144
-295.3846 215.5007 4632.0273 108 107 145
-292.0930 215.8140 4638.7598 108 107 143
-288.7919 216.1281 4645.5122 107 107 144
-285.0655 216.1281 4645.5122 108 107 145
-282.1606 216.7591 4659.0757 108 107 144
-278.0175 216.4432 4652.2837 109 107 145
-273.4884 215.8140 4638.7598 106 104 144
-270.1601 216.1281 4645.5122 103 102 145
-267.6024 217.0760 4665.8872 101 100 143
-263.8597 217.0760 4665.8872 103 102 144
-260.4978 217.3939 4672.7188 100 101 142
-257.5037 218.0323 4686.4414 101 102 142
-253.7445 218.0323 4686.4414 102 102 141
-249.9853 218.0323 4686.4414 107 107 143
-147.1777 172.4507 3706.6978 72 74 129
-133.3333 181.9608 3911.1113 136 127 135
-130.6765 182.6322 3925.5435 233 218 158
-128.0000 183.3087 3940.0825 238 220 146
-124.9938 183.5352 3944.9526 236 218 144
-121.9802 183.7624 3949.8352 232 213 139
-118.8119 183.7624 3949.8352 228 208 135
-115.6436 183.7624 3949.8352 225 205 134
-112.3362 183.5352 3944.9526 224 205 134
-109.5782 184.2184 3959.6362 224 205 134
177.8893 155.1515 3334.8660 223 202 123
180.7531 155.3138 3338.3542 223 203 123
183.4310 155.3138 3338.3542 223 203 120
185.9143 155.1515 3334.8660 224 203 122
188.3925 154.9896 3331.3850 226 204 116
190.8655 154.8280 3327.9111 234 216 91
193.5349 154.8280 3327.9111 241 225 63
196.2044 154.8280 3327.9111 243 227 55
198.6667 154.6667 3324.4446 244 228 53
201.1238 154.5057 3320.9851 243 228 54
203.5759 154.3451 3317.5330 244 228 54
207.3145 155.1515 3334.8660 245 229 55
209.5516 154.8280 3327.9111 244 228 54
212.2211 154.8280 3327.9111 243 227 53
335.6773 142.6321 3065.7703 242 226 51
337.1648 142.2222 3056.9604 242 226 52
338.9675 141.9503 3051.1155 242 226 51
342.0690 142.2222 3056.9604 242 226 51
344.8514 142.3586 3059.8914 241 225 51
347.3058 142.3586 3059.8914 240 223 49
350.0960 142.4952 3062.8279 234 218 45
352.8915 142.6321 3065.7703 225 206 37
356.3777 143.0443 3074.6309 213 191 27
358.4986 142.9066 3071.6716 203 180 20
362.3575 143.4590 3083.5427 202 179 20
365.1838 143.5977 3086.5249 203 179 19
367.6596 143.5977 3086.5249 205 181 20
370.4937 143.7367 3089.5129 205 181 20
372.9720 143.7367 3089.5129 205 181 19
375.4502 143.7367 3089.5129 205 181 19
420.8769 154.9896 3331.3850 203 178 19
424.8796 155.4765 3341.8501 202 177 18
427.5602 155.4765 3341.8501 199 174 17
443.0245 158.1257 3398.7932 192 165 13
445.7508 158.1257 3398.7932 193 166 14
449.9146 158.6325 3409.6868 195 168 15
453.1337 158.8022 3413.3335 198 172 16
490.8598 167.9638 3610.2566 203 175 16
493.1978 167.7740 3606.1770 203 176 17
496.6516 167.9638 3610.2566 209 179 20
501.2486 168.5358 3622.5503 223 187 31
504.1544 168.5358 3622.5503 227 188 33
507.0602 168.5358 3622.5503 226 187 32
510.5455 168.7273 3626.6667 226 187 32
514.0388 168.9193 3630.7927 226 188 33
517.5399 169.1116 3634.9280 226 188 33
520.4556 169.1116 3634.9280 226 187 32
522.7759 168.9193 3630.7927 226 187 32
-395.1551 215.5392 4714.1309 57 64 141
-391.9527 215.8580 4721.1045 55 64 139
-386.4507 214.9043 4700.2456 55 63 139
-383.2449 215.2213 4707.1782 55 63 140
-379.4691 215.2213 4707.1782 57 64 140
-376.2482 215.5392 4714.1309 57 65 140
-373.0178 215.8580 4721.1045 57 65 141
-368.6854 215.5392 4714.1309 57 64 141
-365.4438 215.8580 4721.1045 57 65 140
-361.1226 215.5392 4714.1309 58 65 140
-356.8142 215.2213 4707.1782 58 65 141
-352.5184 214.9043 4700.2456 59 65 141
-348.7482 214.9043 4700.2456 60 66 140
-345.4868 215.2213 4707.1782 66 70 141
-340.7059 214.5882 4693.3335 68 72 142
-337.4374 214.9043 4700.2456 67 71 142
-333.1765 214.5882 4693.3335 66 70 143
-311.1500 212.4018 4645.5122 61 65 136
-305.6440 211.1722 4618.6206 61 63 138
-301.9393 211.1722 4618.6206 60 63 137
-298.6667 211.4783 4625.3140 57 61 136
-294.9565 211.4783 4625.3140 58 62 136
-291.6691 211.7852 4632.0273 59 63 136
-288.3721 212.0930 4638.7598 56 60 136
-284.6512 212.0930 4638.7598 54 58 137
-281.7493 212.7114 4652.2837 55 60 136
-278.0175 212.7114 4652.2837 55 60 135
-273.4884 212.0930 4638.7598 54 59 135
-270.1601 212.4018 4645.5122 53 57 135
-267.2117 213.0219 4659.0757 53 57 136
-263.8597 213.3333 4665.8872 54 57 137
-260.4978 213.6457 4672.7188 54 58 137
-256.7497 213.6457 4672.7188 55 59 138
-253.3724 213.9589 4679.5698 56 59 136
-249.2533 213.6457 4672.7188 56 61 136
-147.1777 169.4774 3706.6978 66 70 124
-133.0073 178.3863 3901.5486 148 138 138
-130.5160 179.2629 3920.7207 231 215 154
-128.0000 180.1482 3940.0825 231 213 139
-124.9938 180.3708 3944.9526 229 210 137
-121.9802 180.5941 3949.8352 228 209 136
-118.9591 180.8179 3954.7295 227 207 135
-115.7869 180.8179 3954.7295 226 207 134
-112.4753 180.5941 3949.8352 225 206 134
-109.8508 181.4926 3969.4861 225 206 134
167.3640 152.6360 3338.3542 224 202 126
170.2199 152.7958 3341.8501 223 201 125
172.9005 152.7958 3341.8501 223 202 124
175.7652 152.9560 3345.3530 224 202 124
178.0753 152.6360 3338.3542 223 203 123
180.9424 152.7958 3341.8501 223 203 124
183.6231 152.7958 3341.8501 222 203 122
186.1088 152.6360 3338.3542 225 205 119
188.5894 152.4765 3334.8660 234 216 97
191.0647 152.3174 3331.3850 241 225 66
193.7370 152.3174 3331.3850 242 228 54
196.4092 152.3174 3331.3850 244 228 54
198.6667 152.0000 3324.4446 244 228 53
201.1238 151.8418 3320.9851 244 228 54
203.3645 151.5265 3314.0879 244 228 54
207.0981 152.3174 3331.3850 244 228 54
209.5516 152.1585 3327.9111 244 228 54
212.0000 152.0000 3324.4446 243 227 53
336.3234 140.4427 3071.6716 242 226 51
337.8119 140.0384 3062.8279 243 226 52
339.2919 139.6364 3054.0352 243 226 52
342.3969 139.9041 3059.8914 242 226 50
345.5139 140.1729 3065.7703 241 225 50
347.3058 139.9041 3059.8914 239 223 50
350.4323 140.1729 3065.7703 233 218 46
353.2308 140.3077 3068.7180 224 206 37
356.7213 140.7136 3077.5957 212 191 27
359.1900 140.7136 3077.5957 203 181 20
362.7079 141.1219 3086.5249 202 178 20
365.1838 141.1219 3086.5249 203 179 20
368.0155 141.2585 3089.5129 205 181 20
370.4937 141.2585 3089.5129 205 181 20
373.3334 141.3954 3092.5066 205 181 21
375.8140 141.3954 3092.5066 205 180 19
378.6615 141.5325 3095.5061 205 181 19
421.7574 152.6360 3338.3542 202 177 18
425.3250 152.9560 3345.3530 202 176 18
437.5719 155.3994 3398.7932 193 166 14
440.7676 155.5650 3402.4165 191 165 13
443.9701 155.7311 3406.0479 191 165 14
447.1795 155.8974 3409.6868 193 166 15
450.3958 156.0642 3413.3335 195 168 15
453.1337 156.0642 3413.3335 198 172 16
490.8598 165.0679 3610.2566 202 175 16
493.1978 164.8814 3606.1770 204 176 17
497.2141 165.2548 3614.3452 209 179 21
501.8182 165.8182 3626.6667 223 187 31
504.7273 165.8182 3626.6667 226 187 32
507.6364 165.8182 3626.6667 226 187 32
511.7085 166.1959 3634.9280 226 188 32
514.6242 166.1959 3634.9280 226 188 33
518.1301 166.3854 3639.0728 225 188 33
521.6439 166.5753 3643.2268 225 188 32
523.9681 166.3854 3639.0728 226 187 32
-395.1551 211.7578 4714.1309 56 63 140
-391.3737 211.7578 4714.1309 56 64 138
-386.4507 211.1340 4700.2456 56 63 139
-383.2449 211.4454 4707.1782 56 62 141
-378.9102 211.1340 4700.2456 57 63 140
-375.6932 211.4454 4707.1782 57 64 140
-371.9174 211.4454 4707.1782 57 65 142
-368.1416 211.4454 4707.1782 58 65 141
-364.3658 211.4454 4707.1782 60 66 141
-360.0589 211.1340 4700.2456 60 66 141
-356.2887 211.1340 4700.2456 63 68 141
-352.0000 210.8235 4693.3335 64 67 141
-348.2353 210.8235 4693.3335 67 70 146
-344.9779 211.1340 4700.2456 67 71 151
-340.2056 210.5139 4686.4414 68 72 155
-336.9412 210.8235 4693.3335 65 72 155
-333.1765 210.8235 4693.3335 67 73 155
-316.2573 209.5907 4665.8872 71 76 149
-311.6035 208.9796 4652.2837 72 77 149
-306.0870 207.7681 4625.3140 71 76 148
-301.9393 207.4675 4618.6206 70 75 148
-298.6667 207.7681 4625.3140 70 75 148
-294.9565 207.7681 4625.3140 70 75 147
-291.6691 208.0697 4632.0273 67 72 147
-288.3721 208.3721 4638.7598 65 70 147
-284.6512 208.3721 4638.7598 63 68 147
-281.7493 208.9796 4652.2837 61 67 144
-277.6128 208.6754 4645.5122 64 71 145
-273.4884 208.3721 4638.7598 70 76 147
-269.7675 208.3721 4638.7598 71 75 146
-267.2117 209.2847 4659.0757 71 75 147
-263.8597 209.5907 4665.8872 74 79 147
-260.1170 209.5907 4665.8872 83 88 151
-256.3743 209.5907 4665.8872 86 89 150
-253.0015 209.8975 4672.7188 83 85 148
-248.8889 209.5907 4665.8872 78 82 147
-150.1510 166.5041 3706.6978 51 55 118
-147.0070 166.3109 3702.3977 55 58 119
-144.0371 166.3109 3702.3977 60 62 123
-133.0073 175.2567 3901.5486 168 158 141
-130.6765 176.3346 3925.5435 223 207 143
-128.0000 176.9877 3940.0825 227 208 137
-124.8395 176.9877 3940.0825 227 209 135
-121.8294 177.2064 3944.9526 227 208 135
-118.6650 177.2064 3944.9526 226 207 135
-115.5006 177.2064 3944.9526 226 207 134
-112.3362 177.2064 3944.9526 225 207 133
-109.4424 177.6456 3954.7295 225 206 134
98.2487 154.9838 3450.2344 224 204 131
100.6897 154.4828 3439.0806 223 204 129
103.4483 154.4828 3439.0806 223 204 129
105.8647 153.9850 3427.9988 224 203 130
167.7149 150.2725 3345.3530 224 202 126
170.3983 150.2725 3345.3530 224 202 126
173.0818 150.2725 3345.3530 224 203 126
176.1345 150.5882 3352.3811 224 203 125
178.2618 150.1152 3341.8501 224 203 124
181.1321 150.2725 3345.3530 223 203 123
183.6231 150.1152 3341.8501 223 204 117
186.1088 149.9582 3338.3542 233 215 99
188.7866 149.9582 3338.3542 241 225 69
191.0647 149.6451 3331.3850 243 227 55
193.9394 149.8015 3334.8660 243 228 52
196.4092 149.6451 3331.3850 244 228 53
198.8738 149.4891 3327.9111 244 228 54
201.3333 149.3333 3324.4446 244 228 53
203.5759 149.0229 3317.5330 243 227 54
206.8822 149.4891 3327.9111 244 228 54
209.3334 149.3333 3324.4446 243 227 53
212.2211 149.4891 3327.9111 243 227 53
336.9720 138.2449 3077.5957 243 226 52
338.7873 137.9788 3071.6716 243 226 52
339.6169 137.3180 3056.9604 243 226 52
343.0548 137.7138 3065.7703 242 226 51
345.8462 137.8462 3068.7180 241 225 49
347.9731 137.7138 3065.7703 239 223 49
350.7693 137.8462 3068.7180 234 217 46
353.5708 137.9788 3071.6716 225 206 37
357.0657 138.3784 3080.5664 212 191 26
359.5367 138.3784 3080.5664 203 181 20
362.7079 138.6460 3086.5249 202 178 21
365.5373 138.7803 3089.5129 203 178 21
368.3721 138.9147 3092.5066 204 180 20
370.8528 138.9147 3092.5066 205 180 20
373.6955 139.0495 3095.5061 205 180 20
376.1785 139.0495 3095.5061 205 180 20
379.3975 139.3197 3101.5227 205 180 19
423.0850 150.4302 3348.8633 201 177 17
426.2185 150.5882 3352.3811 199 174 18
438.0384 152.8358 3402.4165 192 165 15
441.2380 152.9989 3406.0479 191 165 14
444.4445 153.1624 3409.6868 191 164 14
447.1795 153.1624 3409.6868 193 165 14
450.3958 153.3262 3413.3335 194 168 15
453.1337 153.3262 3413.3335 198 171 16
491.9728 162.5397 3618.4431 202 175 16
493.7557 162.1720 3610.2566 204 176 16
497.2141 162.3556 3614.3452 209 178 20
501.8182 162.9091 3626.6667 223 186 30
505.3015 163.0944 3630.7927 226 187 31
508.2139 163.0944 3630.7927 226 187 30
511.7085 163.2802 3634.9280 227 188 31
514.6242 163.2802 3634.9280 227 188 33
518.7215 163.6530 3643.2268 226 188 33
521.6439 163.6530 3643.2268 226 188 32
524.5662 163.6530 3643.2268 227 188 32
-395.7397 208.2840 4721.1045 57 63 140
-391.3737 207.9764 4714.1309 57 63 139
-386.4507 207.3638 4700.2456 57 63 139
-383.2449 207.6696 4707.1782 57 63 139
-378.9102 207.3638 4700.2456 57 63 140
-375.6932 207.6696 4707.1782 57 64 141
-371.9174 207.6696 4707.1782 57 65 142
-368.1416 207.6696 4707.1782 58 64 139
-364.3658 207.6696 4707.1782 59 65 140
-360.0589 207.3638 4700.2456 61 67 142
-356.2887 207.3638 4700.2456 71 75 146
-352.0000 207.0588 4693.3335 73 77 150
-347.7239 206.7548 4686.4414 70 76 157
-344.4706 207.0588 4693.3335 73 79 162
-340.2056 206.7548 4686.4414 82 88 161
-336.4464 206.7548 4686.4414 96 101 165
-332.6872 206.7548 4686.4414 105 109 163
-320.9384 206.4516 4679.5698 125 125 162
-316.2573 205.8480 4665.8872 136 134 165
-311.6035 205.2478 4652.2837 141 140 165
-306.5312 204.3542 4632.0273 142 141 166
-301.9393 203.7627 4618.6206 138 137 163
-298.2345 203.7627 4618.6206 138 136 164
-294.9565 204.0580 4625.3140 133 132 161
-291.6691 204.3542 4632.0273 130 129 160
-288.3721 204.6512 4638.7598 126 126 158
-284.6512 204.6512 4638.7598 126 124 157
-281.7493 205.2478 4652.2837 123 122 157
-278.0175 205.2478 4652.2837 123 123 157
-273.0915 204.3542 4632.0273 132 130 160
-269.7675 204.6512 4638.7598 139 136 162
-266.8222 205.2478 4652.2837 141 138 162
-263.4745 205.5475 4659.0757 137 135 159
-259.7372 205.5475 4659.0757 132 131 156
-255.6268 205.2478 4652.2837 130 128 155
-252.2628 205.5475 4659.0757 128 125 154
-247.8021 204.9491 4645.5122 131 129 157
-149.9768 163.3411 3702.3977 57 62 121
-146.8366 163.1518 3698.1074 47 51 114
-143.8702 163.1518 3698.1074 49 52 115
-141.2311 163.5308 3706.6978 59 61 120
-133.0073 172.1272 3901.5486 217 202 143
-130.8374 173.3990 3930.3777 225 207 137
-127.8422 173.6128 3935.2241 227 207 136
-124.5320 173.3990 3930.3777 226 208 134
-121.5290 173.6128 3935.2241 226 208 134
-118.3724 173.6128 3935.2241 226 208 136
-115.3580 173.8272 3940.0825 226 208 135
-112.0592 173.6128 3935.2241 226 207 134
-109.1718 174.0420 3944.9526 226 207 134
93.0152 152.7115 3461.4607 224 205 132
95.4811 152.2162 3450.2344 224 205 132
98.2487 152.2162 3450.2344 224 204 132
100.6897 151.7242 3439.0806 223 203 131
103.5599 151.8878 3442.7905 223 204 130
105.9785 151.3979 3431.6846 223 203 130
108.7312 151.3979 3431.6846 223 203 130
111.2446 151.0730 3424.3206 224 204 131
113.9914 151.0730 3424.3206 223 203 129
116.7382 151.0730 3424.3206 223 203 129
121.9700 150.7495 3416.9880 223 203 130
124.5775 150.5882 3413.3335 223 203 130
127.3155 150.5882 3413.3335 223 203 130
165.5521 148.0547 3355.9062 224 203 126
168.0672 147.8992 3352.3811 223 203 127
176.3197 148.0547 3355.9062 225 203 126
178.4486 147.5891 3345.3530 225 204 123
181.1321 147.5891 3345.3530 225 205 119
183.6231 147.4346 3341.8501 231 214 97
186.1088 147.2803 3338.3542 241 225 67
188.7866 147.2803 3338.3542 243 228 55
191.0647 146.9729 3331.3850 244 228 54
193.7370 146.9729 3331.3850 244 228 54
196.2044 146.8196 3327.9111 244 228 54
198.8738 146.8196 3327.9111 244 227 53
201.5433 146.8196 3327.9111 244 228 53
203.5759 146.3618 3317.5330 244 228 53
206.8822 146.8196 3327.9111 244 228 54
209.3334 146.6667 3324.4446 243 227 53
212.2211 146.8196 3327.9111 243 227 53
337.2973 135.9073 3080.5664 242 226 51
338.7873 135.5149 3071.6716 242 226 52
339.9425 134.9952 3059.8914 242 226 51
343.3846 135.3846 3068.7180 242 226 51
346.1790 135.5149 3071.6716 241 225 50
348.3077 135.3846 3068.7180 239 223 49
351.1069 135.5149 3071.6716 234 217 46
353.5708 135.5149 3071.6716 225 206 37
357.0657 135.9073 3080.5664 211 191 25
359.5367 135.9073 3080.5664 203 181 21
363.0591 136.3020 3089.5129 201 178 20
365.5373 136.3020 3089.5129 202 178 20
368.3721 136.4341 3092.5066 203 179 19
370.8528 136.4341 3092.5066 204 180 20
373.6955 136.5664 3095.5061 204 180 19
376.5437 136.6990 3098.5115 204 180 20
379.7665 136.9650 3104.5396 204 180 19
423.9748 148.0547 3355.9062 199 175 17
427.1158 148.2105 3359.4387 197 171 17
432.0847 148.9947 3377.2134 194 168 16
438.0384 150.1066 3402.4165 192 165 15
441.2380 150.2668 3406.0479 190 164 14
444.4445 150.4274 3409.6868 191 164 13
447.1795 150.4274 3409.6868 194 165 14
450.3958 150.5882 3413.3335 196 167 15
453.1337 150.5882 3413.3335 198 171 15
492.5312 159.8184 3622.5503 202 175 16
494.3149 159.4564 3614.3452 203 175 17
498.3428 159.8184 3622.5503 208 178 20
502.3891 160.1820 3630.7927 222 186 32
505.8770 160.3645 3634.9280 226 187 32
508.2139 160.1820 3630.7927 227 187 30
511.7085 160.3645 3634.9280 227 187 30
515.2109 160.5473 3639.0728 227 187 32
518.7215 160.7306 3643.2268 227 188 32
522.2401 160.9143 3647.3906 226 187 32
524.5662 160.7306 3643.2268 226 187 31
-398.9365 204.1950 4714.1309 56 63 140
-395.7397 204.4970 4721.1045 56 63 139
-391.3737 204.1950 4714.1309 57 63 140
-386.4507 203.5935 4700.2456 57 64 141
-383.2449 203.8938 4707.1782 57 64 140
-378.9102 203.5935 4700.2456 57 64 141
-375.1399 203.5935 4700.2456 57 64 141
-371.3697 203.5935 4700.2456 58 64 141
-367.5994 203.5935 4700.2456 58 65 140
-363.8292 203.5935 4700.2456 59 66 141
-359.5294 203.2941 4693.3335 80 82 149
-355.7647 203.2941 4693.3335 111 113 163
-351.4831 202.9956 4686.4414 97 102 160
-347.7239 202.9956 4686.4414 82 89 162
-343.9648 202.9956 4686.4414 81 88 163
-339.7068 202.6980 4679.5698 84 91 160
-335.9531 202.6980 4679.5698 83 88 155
-332.6872 202.9956 4686.4414 81 84 151
-324.6921 202.6980 4679.5698 87 90 151
-320.9384 202.6980 4679.5698 91 95 150
-316.2573 202.1053 4665.8872 91 95 150
-311.6035 201.5160 4652.2837 93 95 149
-306.5312 200.6386 4632.0273 92 93 148
-302.3768 200.3478 4625.3140 95 96 149
-298.2345 200.0579 4618.6206 100 102 151
-294.9565 200.3478 4625.3140 101 103 150
-291.6691 200.6386 4632.0273 104 105 150
-288.3721 200.9303 4638.7598 107 107 151
-284.6512 200.9303 4638.7598 110 110 151
-281.7493 201.5160 4652.2837 113 113 151
-277.6128 201.2227 4645.5122 116 116 153
-273.0915 200.6386 4632.0273 122 122 153
-269.3759 200.6386 4632.0273 130 129 155
-266.4338 201.2227 4645.5122 139 137 159
-263.0904 201.5160 4652.2837 144 142 160
-259.3586 201.5160 4652.2837 142 140 158
-254.5138 200.6386 4632.0273 143 139 158
-250.4348 200.3478 4625.3140 143 139 158
-149.9768 160.3712 3702.3977 81 84 129
-146.8366 160.1854 3698.1074 57 59 116
-143.8702 160.1854 3698.1074 50 50 112
-141.0673 160.3712 3702.3977 52 53 113
-131.3226 170.8776 3944.9526 226 206 135
-128.1582 170.8776 3944.9526 227 206 135
-124.6856 170.4562 3935.2241 226 207 134
-121.5290 170.4562 3935.2241 226 208 134
-118.3724 170.4562 3935.2241 226 207 136
-115.2158 170.4562 3935.2241 226 207 136
-111.9212 170.2463 3930.3777 226 206 135
-108.9026 170.4562 3935.2241 226 207 135
84.5937 149.7725 3457.7104 225 205 132
87.2727 149.6104 3453.9683 225 205 132
90.1408 149.7725 3457.7104 224 205 132
93.0152 149.9349 3461.4607 224 205 132
95.4811 149.4487 3450.2344 224 205 132
98.2487 149.4487 3450.2344 225 205 132
100.6897 148.9655 3439.0806 224 204 132
103.5599 149.1262 3442.7905 224 204 131
105.9785 148.6452 3431.6846 224 204 131
108.7312 148.6452 3431.6846 224 204 131
111.3641 148.4855 3427.9988 224 204 131
113.9914 148.3262 3424.3206 224 204 130
116.6131 148.1672 3420.6504 224 204 130
119.2291 148.0086 3416.9880 224 204 131
121.8396 147.8503 3413.3335 224 204 131
124.5775 147.8503 3413.3335 224 203 130
127.3155 147.8503 3413.3335 224 204 130
130.0535 147.8503 3413.3335 224 204 131
153.2203 146.4407 3380.7910 224 205 128
162.8602 145.3628 3355.9062 225 204 128
165.7263 145.5158 3359.4387 225 204 128
168.2440 145.3628 3355.9062 224 204 128
170.9359 145.3628 3355.9062 224 204 127
176.5053 145.5158 3359.4387 224 204 127
178.6359 145.0577 3348.8633 225 205 120
181.3221 145.0577 3348.8633 232 213 101
183.8155 144.9057 3345.3530 240 224 70
186.3037 144.7539 3341.8501 243 227 55
188.9843 144.7539 3341.8501 244 228 54
191.2644 144.4514 3334.8660 244 228 54
193.9394 144.4514 3334.8660 244 228 54
196.2044 144.1502 3327.9111 244 227 53
199.0814 144.3006 3331.3850 244 227 53
201.9645 144.4514 3334.8660 244 228 54
204.0000 144.0000 3324.4446 244 228 54
207.3145 144.4514 3334.8660 244 228 54
212.4426 144.3006 3331.3850 243 227 53
336.9720 133.3076 3077.5957 242 227 50
338.7873 133.0510 3071.6716 242 226 51
340.2687 132.6680 3062.8279 242 226 51
343.7151 133.0510 3071.6716 242 226 51
346.5125 133.1792 3074.6309 241 225 50
348.3077 132.9231 3068.7180 239 223 49
350.7693 132.9231 3068.7180 234 218 47
353.5708 133.0510 3071.6716 224 205 39
357.0657 133.4363 3080.5664 211 191 28
359.8841 133.5652 3083.5427 203 181 21
363.0591 133.8238 3089.5129 202 178 20
365.5373 133.8238 3089.5129 202 178 19
368.3721 133.9535 3092.5066 203 179 19
370.8528 133.9535 3092.5066 204 180 20
374.0583 134.2136 3098.5115 204 180 20
376.5437 134.2136 3098.5115 203 179 19
379.7665 134.4747 3104.5396 203 179 19
423.9748 145.3628 3355.9062 197 172 16
427.1158 145.5158 3359.4387 196 170 17
432.5424 146.4407 3380.7910 193 167 15
438.0384 147.3774 3402.4165 191 165 16
441.7094 147.6923 3409.6868 189 164 14
444.4445 147.6923 3409.6868 191 164 13
447.1795 147.6923 3409.6868 193 165 13
450.3958 147.8503 3413.3335 195 167 13
453.1337 147.8503 3413.3335 197 171 15
492.5312 156.9126 3622.5503 202 175 16
493.7557 156.3801 3610.2566 203 175 16
497.7778 156.7347 3618.4431 208 177 19
501.8182 157.0909 3626.6667 222 186 31
505.3015 157.2696 3630.7927 226 187 31
508.2139 157.2696 3630.7927 226 187 29
511.7085 157.4488 3634.9280 227 186 29
514.6242 157.4488 3634.9280 227 187 31
518.7215 157.8082 3643.2268 226 187 31
522.2401 157.9886 3647.3906 226 187 30
524.5662 157.8082 3643.2268 226 187 30
-400.1186 201.0074 4728.0991 56 64 140
-396.9139 201.3056 4735.1138 56 64 139
-391.9527 200.7101 4721.1045 57 63 139
-386.4507 199.8233 4700.2456 58 64 140
-383.2449 200.1180 4707.1782 58 64 140
-378.9102 199.8233 4700.2456 60 65 141
-375.1399 199.8233 4700.2456 59 65 141
-371.3697 199.8233 4700.2456 59 65 140
-367.5994 199.8233 4700.2456 60 66 142
-363.2942 199.5294 4693.3335 71 74 144
-359.5294 199.5294 4693.3335 152 150 184
-355.7647 199.5294 4693.3335 185 182 191
-351.4831 199.2364 4686.4414 136 135 167
-347.7239 199.2364 4686.4414 86 92 156
-343.9648 199.2364 4686.4414 75 81 157
-339.7068 198.9443 4679.5698 69 76 152
-335.9531 198.9443 4679.5698 67 73 149
-332.1994 198.9443 4679.5698 68 74 147
-329.8969 199.8233 4700.2456 69 75 145
-324.6921 198.9443 4679.5698 73 77 146
-320.9384 198.9443 4679.5698 75 78 145
-316.2573 198.3626 4665.8872 78 80 148
-311.6035 197.7843 4652.2837 81 82 147
-306.9768 197.2093 4638.7598 82 84 147
-302.3768 196.6377 4625.3140 86 88 148
-298.6667 196.6377 4625.3140 89 93 147
-294.9565 196.6377 4625.3140 91 95 145
-291.6691 196.9231 4632.0273 94 96 146
-288.3721 197.2093 4638.7598 97 98 147
-285.0655 197.4964 4645.5122 100 101 145
-281.7493 197.7843 4652.2837 102 104 145
-278.0175 197.7843 4652.2837 101 102 145
-273.0915 196.9231 4632.0273 106 106 147
-269.3759 196.9231 4632.0273 109 109 148
-266.4338 197.4964 4645.5122 116 116 150
-262.7075 197.4964 4645.5122 119 120 151
-258.9811 197.4964 4645.5122 120 118 149
-253.7771 196.3531 4618.6206 120 117 149
-249.3507 195.7864 4605.2910 118 116 147
-152.7694 157.2190 3698.1074 73 76 130
-149.6296 157.0370 3693.8271 72 76 128
-146.6667 157.0370 3693.8271 66 68 117
-143.7037 157.0370 3693.8271 54 54 111
-140.7408 157.0370 3693.8271 54 54 111
-137.7778 157.0370 3693.8271 83 78 116
-128.1582 167.7132 3944.9526 227 208 136
-124.9938 167.7132 3944.9526 227 209 136
-121.8294 167.7132 3944.9526 227 208 136
-118.5185 167.5062 3940.0825 226 207 137
-115.3580 167.5062 3940.0825 226 207 136
-111.9212 167.0936 3930.3777 226 207 136
-108.7685 167.0936 3930.3777 226 207 137
79.1323 147.1584 3461.4607 225 207 133
84.5937 146.9989 3457.7104 226 207 133
87.2727 146.8398 3453.9683 225 207 133
90.1408 146.9989 3457.7104 225 207 133
93.0152 147.1584 3461.4607 225 207 133
95.4811 146.6811 3450.2344 225 206 133
98.2487 146.6811 3450.2344 226 206 133
100.6897 146.2069 3439.0806 225 206 133
103.5599 146.3646 3442.7905 224 206 132
105.9785 145.8925 3431.6846 225 206 132
108.7312 145.8925 3431.6846 225 206 132
111.3641 145.7358 3427.9988 225 206 132
113.9914 145.5794 3424.3206 225 205 132
116.6131 145.4234 3420.6504 225 206 132
119.2291 145.2677 3416.9880 225 205 132
121.8396 145.1123 3413.3335 225 205 133
124.5775 145.1123 3413.3335 225 206 133
127.3155 145.1123 3413.3335 225 206 133
130.0535 145.1123 3413.3335 225 205 132
153.0582 143.5767 3377.2134 225 206 129
155.2743 143.1224 3366.5261 225 206 129
158.1415 143.2735 3370.0811 225 206 130
160.1683 142.6709 3355.9062 225 206 130
162.8602 142.6709 3355.9062 225 206 130
165.5521 142.6709 3355.9062 226 206 130
168.2440 142.6709 3355.9062 225 205 129
170.7563 142.5210 3352.3811 224 205 129
176.5053 142.8211 3359.4387 226 206 125
178.6359 142.3715 3348.8633 231 212 107
181.1321 142.2222 3345.3530 239 224 73
183.8155 142.2222 3345.3530 243 227 57
186.3037 142.0733 3341.8501 244 228 55
188.9843 142.0733 3341.8501 244 228 54
191.2644 141.7764 3334.8660 244 228 54
193.9394 141.7764 3334.8660 244 228 54
196.2044 141.4807 3327.9111 244 227 53
199.2895 141.7764 3334.8660 244 227 53
202.1757 141.9247 3338.3542 243 227 53
204.4259 141.6284 3331.3850 244 228 54
207.7487 142.0733 3341.8501 244 228 54
212.6646 141.7764 3334.8660 243 227 53
333.5385 130.4615 3068.7180 243 226 52
337.2973 130.9653 3080.5664 243 226 51
339.1137 130.7129 3074.6309 243 226 51
340.2687 130.2111 3062.8279 242 226 51
343.7151 130.5871 3071.6716 243 226 51
346.5125 130.7129 3074.6309 242 225 51
348.3077 130.4615 3068.7180 239 223 50
350.7693 130.4615 3068.7180 233 217 45
353.9114 130.7129 3074.6309 224 206 36
357.0657 130.9653 3080.5664 211 192 27
359.8841 131.0918 3083.5427 202 180 20
363.0591 131.3456 3089.5129 202 178 20
365.8915 131.4729 3092.5066 202 178 19
368.3721 131.4729 3092.5066 202 178 18
370.8528 131.4729 3092.5066 203 179 19
374.0583 131.7282 3098.5115 204 179 20
376.5437 131.7282 3098.5115 203 178 18
379.3975 131.8562 3101.5227 202 178 18
424.4211 142.8211 3359.4387 195 170 16
427.5659 142.9716 3362.9788 194 169 14
433.0011 143.8812 3384.3762 192 166 15
438.0384 144.6482 3402.4165 190 164 15
441.7094 144.9573 3409.6868 190 164 14
444.4445 144.9573 3409.6868 191 164 14
447.6578 145.1123 3413.3335 192 165 14
450.3958 145.1123 3413.3335 194 167 15
453.1337 145.1123 3413.3335 198 170 15
491.9728 153.8322 3618.4431 202 175 16
493.7557 153.4842 3610.2566 202 175 16
497.2141 153.6580 3614.3452 209 178 19
501.8182 154.1818 3626.6667 223 187 30
504.7273 154.1818 3626.6667 226 187 30
507.6364 154.1818 3626.6667 225 187 30
511.1263 154.3572 3630.7927 227 187 30
514.0388 154.3572 3630.7927 227 187 31
518.1301 154.7092 3639.0728 226 187 30
521.6439 154.8858 3643.2268 226 187 30
523.9681 154.7092 3639.0728 226 187 30
-401.3076 197.8009 4742.1499 55 62 140
-397.5038 197.8009 4742.1499 57 63 140
-391.9527 196.9231 4721.1045 58 64 140
-386.4507 196.0530 4700.2456 59 65 140
-383.2449 196.3422 4707.1782 59 65 140
-378.9102 196.0530 4700.2456 60 65 142
-375.1399 196.0530 4700.2456 59 65 142
-371.3697 196.0530 4700.2456 59 65 141
-367.0589 195.7647 4693.3335 62 67 141
-363.2942 195.7647 4693.3335 90 91 150
-359.5294 195.7647 4693.3335 163 161 182
-355.2423 195.4772 4686.4414 187 183 192
-351.4831 195.4772 4686.4414 123 122 158
-347.7239 195.4772 4686.4414 75 80 154
-343.4604 195.1906 4679.5698 67 74 153
-339.7068 195.1906 4679.5698 65 71 148
-335.9531 195.1906 4679.5698 67 72 147
-332.1994 195.1906 4679.5698 71 74 146
-329.4118 195.7647 4693.3335 71 74 144
-324.2167 194.9048 4672.7188 70 73 143
-320.4685 194.9048 4672.7188 70 73 142
-316.2573 194.6199 4665.8872 71 75 142
-311.6035 194.0525 4652.2837 75 79 141
-307.4236 193.7700 4645.5122 78 79 141
-302.8157 193.2076 4632.0273 78 79 141
-298.6667 192.9275 4625.3140 79 81 141
-295.3846 193.2076 4632.0273 79 82 141
-292.0930 193.4884 4638.7598 80 83 142
-288.3721 193.4884 4638.7598 84 86 142
-285.0655 193.7700 4645.5122 85 86 140
-281.7493 194.0525 4652.2837 85 86 140
-278.0175 194.0525 4652.2837 81 82 138
-273.0915 193.2076 4632.0273 86 86 140
-269.7675 193.4884 4638.7598 90 90 142
-266.4338 193.7700 4645.5122 91 92 140
-262.7075 193.7700 4645.5122 93 94 141
-258.9811 193.7700 4645.5122 94 94 143
-253.4104 192.3699 4611.9463 91 90 140
-248.6331 191.5396 4592.0386 92 91 140
-152.5926 154.0741 3693.8271 70 73 125
-149.6296 154.0741 3693.8271 66 71 125
-146.4971 153.8960 3689.5569 67 69 125
-143.7037 154.0741 3693.8271 62 63 115
-140.7408 154.0741 3693.8271 90 84 116
-137.6185 153.8960 3689.5569 183 170 143
-134.8148 154.0741 3693.8271 226 208 145
-132.1578 154.4316 3702.3977 230 211 140
-129.1879 154.4316 3702.3977 230 212 141
-115.5006 164.5488 3944.9526 230 212 141
-111.9212 163.9409 3930.3777 231 213 141
76.3558 144.3818 3461.4607 230 214 141
79.1323 144.3818 3461.4607 231 213 141
81.8202 144.2254 3457.7104 231 213 141
84.5937 144.2254 3457.7104 231 213 141
87.2727 144.0693 3453.9683 231 214 141
90.1408 144.2254 3457.7104 231 214 141
92.9144 144.2254 3457.7104 231 214 141
95.4811 143.9135 3450.2344 231 213 140
98.2487 143.9135 3450.2344 231 212 140
100.6897 143.4483 3439.0806 231 213 141
103.5599 143.6030 3442.7905 230 213 140
105.9785 143.1398 3431.6846 230 213 140
108.7312 143.1398 3431.6846 230 213 140
111.3641 142.9861 3427.9988 230 213 141
113.9914 142.8326 3424.3206 230 213 141
116.6131 142.6795 3420.6504 231 213 140
119.2291 142.5268 3416.9880 230 213 141
121.8396 142.3743 3413.3335 231 213 141
124.5775 142.3743 3413.3335 230 213 140
127.3155 142.3743 3413.3335 231 213 141
130.0535 142.3743 3413.3335 231 214 141
148.1104 141.3164 3387.9690 231 212 139
150.6681 141.1665 3384.3762 230 212 139
153.0582 140.8677 3377.2134 230 212 138
155.4382 140.5702 3370.0811 230 213 139
158.3087 140.7188 3373.6436 230 212 139
160.5058 140.2740 3362.9788 229 212 138
163.2034 140.2740 3362.9788 230 213 140
165.9010 140.2740 3362.9788 231 213 138
168.5985 140.2740 3362.9788 231 213 138
171.1158 140.1263 3359.4387 231 213 137
173.8105 140.1263 3359.4387 231 213 132
176.6913 140.2740 3362.9788 233 215 112
178.6359 139.6852 3348.8633 239 223 78
181.3221 139.6852 3348.8633 243 227 58
183.8155 139.5388 3345.3530 244 228 55
186.4990 139.5388 3345.3530 243 228 54
188.9843 139.3927 3341.8501 244 228 54
191.2644 139.1014 3334.8660 244 228 54
193.9394 139.1014 3334.8660 244 228 54
196.2044 138.8113 3327.9111 244 227 53
331.3956 128.1232 3071.6716 242 226 52
333.5385 128.0000 3068.7180 243 226 51
336.9720 128.3703 3077.5957 243 226 51
339.1137 128.2466 3074.6309 243 226 52
340.2687 127.7543 3062.8279 242 226 51
343.7151 128.1232 3071.6716 242 226 51
346.5125 128.2466 3074.6309 242 225 51
348.3077 128.0000 3068.7180 239 222 49
350.7693 128.0000 3068.7180 233 215 44
353.9114 128.2466 3074.6309 224 204 35
357.0657 128.4942 3080.5664 212 191 25
359.8841 128.6184 3083.5427 203 180 20
363.0591 128.8674 3089.5129 202 178 20
365.8915 128.9923 3092.5066 202 177 20
368.3721 128.9923 3092.5066 202 177 19
371.2124 129.1174 3095.5061 203 178 19
374.4218 129.3683 3101.5227 203 178 19
376.9097 129.3683 3101.5227 202 178 18
379.7665 129.4942 3104.5396 200 176 18
424.4211 140.1263 3359.4387 194 169 17
427.5659 140.2740 3362.9788 193 167 16
433.0011 141.1665 3384.3762 192 166 16
437.5719 141.7679 3398.7932 191 165 16
441.2380 142.0704 3406.0479 191 164 15
444.4445 142.2222 3409.6868 191 164 15
447.1795 142.2222 3409.6868 192 165 14
450.3958 142.3743 3413.3335 194 167 15
452.6496 142.2222 3409.6868 197 170 16
491.4156 150.7588 3614.3452 202 175 17
493.1978 150.4181 3606.1770 203 175 16
497.2141 150.7588 3614.3452 209 178 19
501.2486 151.1010 3622.5503 223 187 28
504.7273 151.2727 3626.6667 226 187 30
507.0602 151.1010 3622.5503 226 187 30
511.1263 151.4448 3630.7927 226 187 30
514.0388 151.4448 3630.7927 226 187 32
518.1301 151.7902 3639.0728 227 188 31
521.0491 151.7902 3639.0728 226 187 31
-401.3076 193.9970 4742.1499 55 62 140
-396.9139 193.7092 4735.1138 56 63 139
-391.3737 192.8508 4714.1309 57 64 140
-386.4507 192.2828 4700.2456 58 65 140
-383.2449 192.5664 4707.1782 58 65 139
-378.9102 192.2828 4700.2456 60 65 141
-375.1399 192.2828 4700.2456 59 65 142
-370.8235 192.0000 4693.3335 59 65 143
-367.0589 192.0000 4693.3335 62 67 143
-363.2942 192.0000 4693.3335 92 93 156
-359.0015 191.7181 4686.4414 119 119 167
-355.2423 191.7181 4686.4414 108 110 165
-351.4831 191.7181 4686.4414 80 86 159
-347.2141 191.4370 4679.5698 65 73 155
-343.4604 191.4370 4679.5698 63 70 152
-339.7068 191.4370 4679.5698 65 72 148
-335.9531 191.4370 4679.5698 69 72 146
-332.1994 191.4370 4679.5698 69 73 143
-324.2167 191.1567 4672.7188 70 74 140
-320.4685 191.1567 4672.7188 71 75 139
-316.2573 190.8772 4665.8872 72 76 141
-311.6035 190.3207 4652.2837 73 75 139
-307.4236 190.0437 4645.5122 73 76 138
-303.2558 189.7675 4638.7598 74 78 138
-299.1002 189.4920 4632.0273 79 80 140
-295.3846 189.4920 4632.0273 80 81 140
-292.0930 189.7675 4638.7598 78 81 138
-288.7919 190.0437 4645.5122 78 80 138
-285.0655 190.0437 4645.5122 77 79 137
-281.7493 190.3207 4652.2837 81 82 138
-278.0175 190.3207 4652.2837 82 83 137
-273.4884 189.7675 4638.7598 85 88 138
-269.7675 189.7675 4638.7598 86 88 139
-266.4338 190.0437 4645.5122 88 88 139
-262.7075 190.0437 4645.5122 89 89 139
-258.9811 190.0437 4645.5122 86 86 138
-253.0447 188.3983 4605.2910 81 81 136
-248.2759 187.5862 4585.4409 81 81 136
-158.5185 151.1111 3693.8271 74 76 126
-155.7358 151.2862 3698.1074 74 75 126
-152.7694 151.2862 3698.1074 68 71 124
-149.8030 151.2862 3698.1074 65 68 124
-146.8366 151.2862 3698.1074 66 69 125
-144.0371 151.4617 3702.3977 93 87 120
-140.9038 151.2862 3698.1074 200 189 162
-137.9374 151.2862 3698.1074 237 222 159
-135.1276 151.4617 3702.3977 239 221 150
-132.1578 151.4617 3702.3977 238 221 150
-129.1879 151.4617 3702.3977 238 220 150
-126.3647 151.6376 3706.6978 238 219 150
-123.2483 151.4617 3702.3977 238 220 150
73.6591 141.7590 3465.2190 236 220 148
76.3558 141.6052 3461.4607 236 220 149
79.1323 141.6052 3461.4607 237 219 149
81.8202 141.4518 3457.7104 236 219 149
84.5937 141.4518 3457.7104 236 219 149
87.2727 141.2987 3453.9683 236 219 149
90.1408 141.4518 3457.7104 236 219 149
92.9144 141.4518 3457.7104 236 219 149
95.4811 141.1460 3450.2344 236 219 149
98.2487 141.1460 3450.2344 236 219 149
100.6897 140.6897 3439.0806 236 219 149
103.5599 140.8414 3442.7905 235 219 149
105.9785 140.3871 3431.6846 236 219 149
108.7312 140.3871 3431.6846 236 219 149
111.3641 140.2363 3427.9988 236 219 149
113.9914 140.0858 3424.3206 236 219 149
116.7382 140.0858 3424.3206 236 219 149
119.2291 139.7859 3416.9880 236 219 149
121.8396 139.6364 3413.3335 236 219 148
124.5775 139.6364 3413.3335 235 219 148
127.3155 139.6364 3413.3335 235 220 148
148.1104 138.5987 3387.9690 235 218 146
150.8280 138.5987 3387.9690 235 218 147
153.2203 138.3051 3380.7910 235 218 147
155.4382 137.8670 3370.0811 235 218 146
158.3087 138.0127 3373.6436 235 218 146
160.5058 137.5764 3362.9788 235 218 144
163.3755 137.7215 3366.5261 234 218 144
166.0760 137.7215 3366.5261 234 219 144
168.7764 137.7215 3366.5261 236 219 142
171.4768 137.7215 3366.5261 235 219 138
174.1772 137.7215 3366.5261 236 219 120
177.0644 137.8670 3370.0811 240 223 80
179.0116 137.2871 3355.9062 243 227 59
181.7035 137.2871 3355.9062 244 229 54
184.2017 137.1429 3352.3811 244 228 54
186.6947 136.9990 3348.8633 243 227 53
189.1824 136.8553 3345.3530 244 228 53
330.7589 125.4179 3065.7703 243 226 50
333.2181 125.4179 3065.7703 242 226 51
336.9720 125.9016 3077.5957 243 226 52
338.7873 125.6593 3071.6716 243 226 52
340.2687 125.2975 3062.8279 243 226 51
343.7151 125.6593 3071.6716 242 226 50
346.5125 125.7804 3074.6309 241 225 51
348.3077 125.5385 3068.7180 238 222 50
350.7693 125.5385 3068.7180 233 216 45
353.9114 125.7804 3074.6309 224 206 37
357.0657 126.0232 3080.5664 212 190 26
359.5367 126.0232 3080.5664 202 180 19
363.0591 126.3892 3089.5129 201 177 20
365.8915 126.5116 3092.5066 201 177 19
368.7294 126.6343 3095.5061 202 177 19
371.2124 126.6343 3095.5061 202 178 19
374.7860 127.0039 3104.5396 202 177 19
376.9097 126.8805 3101.5227 201 175 18
380.1363 127.1276 3107.5625 199 174 17
424.8683 137.5764 3362.9788 194 168 15
428.0169 137.7215 3366.5261 193 167 16
433.0011 138.4518 3384.3762 192 166 15
437.5719 139.0415 3398.7932 191 164 14
441.2380 139.3383 3406.0479 190 164 15
443.9701 139.3383 3406.0479 191 164 15
447.1795 139.4872 3409.6868 191 164 14
449.9146 139.4872 3409.6868 194 167 15
452.6496 139.4872 3409.6868 197 170 16
490.8598 147.6923 3610.2566 203 175 16
493.1978 147.5254 3606.1770 203 175 16
496.6516 147.6923 3610.2566 210 178 19
500.6803 148.0272 3618.4431 223 186 28
504.1544 148.1952 3622.5503 225 187 30
507.0602 148.1952 3622.5503 225 187 30
510.5455 148.3636 3626.6667 226 187 29
513.4546 148.3636 3626.6667 226 187 30
517.5399 148.7016 3634.9280 226 187 30
520.4556 148.7016 3634.9280 226 187 31
-400.7122 189.9110 4735.1138 56 63 140
-396.9139 189.9110 4735.1138 56 63 141
-390.7965 188.7906 4707.1782 57 63 142
-385.8824 188.2353 4693.3335 57 64 141
-382.6805 188.5125 4700.2456 58 64 140
-378.3530 188.2353 4693.3335 58 64 141
-374.5883 188.2353 4693.3335 57 65 142
-370.8235 188.2353 4693.3335 58 65 143
-366.5198 187.9589 4686.4414 63 68 144
-362.7607 187.9589 4686.4414 78 80 152
-359.0015 187.9589 4686.4414 96 100 165
-355.2423 187.9589 4686.4414 89 95 163
-350.9677 187.6833 4679.5698 72 79 159
-347.2141 187.6833 4679.5698 66 73 154
-343.4604 187.6833 4679.5698 68 73 149
-339.7068 187.6833 4679.5698 67 73 145
-335.9531 187.6833 4679.5698 67 72 144
-332.1994 187.6833 4679.5698 67 70 141
-328.9280 187.9589 4686.4414 70 73 141
-324.2167 187.4085 4672.7188 71 74 139
-320.0000 187.1345 4665.8872 71 75 138
-316.2573 187.1345 4665.8872 72 76 139
-311.6035 186.5889 4652.2837 74 76 139
-307.8717 186.5889 4652.2837 73 76 137
-303.2558 186.0465 4638.7598 74 77 138
-298.6667 185.5072 4625.3140 75 77 138
-294.9565 185.5072 4625.3140 77 77 138
-291.6691 185.7765 4632.0273 77 79 137
-288.3721 186.0465 4638.7598 74 76 135
-285.0655 186.3173 4645.5122 72 73 135
-281.7493 186.5889 4652.2837 76 77 135
-278.0175 186.5889 4652.2837 80 81 136
-273.4884 186.0465 4638.7598 81 82 136
-269.7675 186.0465 4638.7598 82 83 137
-266.8222 186.5889 4652.2837 85 85 139
-263.4745 186.8613 4659.0757 84 84 135
-259.3586 186.5889 4652.2837 81 82 134
-253.0447 184.7042 4605.2910 79 80 135
-247.9197 183.6442 4578.8618 80 79 136
-161.1086 147.8060 3685.2964 72 75 128
-158.5185 148.1481 3693.8271 72 74 127
-155.5556 148.1481 3693.8271 73 74 126
-152.7694 148.3198 3698.1074 67 70 122
-149.8030 148.3198 3698.1074 64 65 123
-146.8366 148.3198 3698.1074 70 71 119
-144.0371 148.4919 3702.3977 152 143 143
-141.0673 148.4919 3702.3977 241 229 174
-137.9374 148.3198 3698.1074 244 228 158
-135.1276 148.4919 3702.3977 241 224 153
-132.1578 148.4919 3702.3977 241 224 153
-129.1879 148.4919 3702.3977 241 223 153
-126.2181 148.4919 3702.3977 241 223 153
-123.1054 148.3198 3698.1074 240 223 153
-120.1391 148.3198 3698.1074 240 223 153
-117.4448 148.6644 3706.6978 240 223 153
-114.4715 148.6644 3706.6978 240 222 153
-111.4983 148.6644 3706.6978 240 222 153
76.2730 138.6782 3457.7104 238 222 151
79.0466 138.6782 3457.7104 238 221 151
81.8202 138.6782 3457.7104 238 221 152
84.5022 138.5281 3453.9683 237 222 151
87.2727 138.5281 3453.9683 238 221 151
90.0433 138.5281 3453.9683 238 221 152
92.9144 138.6782 3457.7104 237 221 152
95.4811 138.3784 3450.2344 236 221 151
98.2487 138.3784 3450.2344 237 221 151
100.6897 137.9310 3439.0806 238 221 151
103.5599 138.0798 3442.7905 238 221 151
105.9785 137.6344 3431.6846 238 221 151
108.7312 137.6344 3431.6846 238 222 152
111.3641 137.4866 3427.9988 238 222 153
113.9914 137.3391 3424.3206 238 222 153
116.7382 137.3391 3424.3206 238 222 152
119.2291 137.0450 3416.9880 238 221 151
121.8396 136.8984 3413.3335 238 221 150
124.5775 136.8984 3413.3335 237 221 150
127.3155 136.8984 3413.3335 236 221 150
142.9787 136.1702 3395.1775 235 218 144
145.5473 136.0255 3391.5693 236 219 147
148.1104 135.8811 3387.9690 235 220 148
150.6681 135.7370 3384.3762 236 220 149
153.0582 135.4497 3377.2134 237 221 149
155.4382 135.1637 3370.0811 237 220 148
158.3087 135.3066 3373.6436 237 220 147
160.5058 134.8788 3362.9788 236 220 145
163.3755 135.0211 3366.5261 237 220 143
166.0760 135.0211 3366.5261 237 219 142
168.9546 135.1637 3370.0811 237 220 138
171.6579 135.1637 3370.0811 238 221 123
174.3612 135.1637 3370.0811 240 223 83
177.0644 135.1637 3370.0811 244 227 59
179.0116 134.5952 3355.9062 245 228 54
181.8947 134.7368 3359.4387 244 228 53
184.3954 134.5952 3355.9062 244 228 54
328.2997 122.9587 3065.7703 243 226 52
330.4415 122.8407 3062.8279 243 226 51
333.2181 122.9587 3065.7703 242 226 51
336.6474 123.3141 3074.6309 242 226 52
338.7873 123.1954 3071.6716 242 226 51
340.2687 122.8407 3062.8279 242 225 51
343.7151 123.1954 3071.6716 242 226 52
346.5125 123.3141 3074.6309 241 224 51
348.3077 123.0769 3068.7180 238 222 50
350.7693 123.0769 3068.7180 233 216 46
353.9114 123.3141 3074.6309 224 206 38
357.0657 123.5521 3080.5664 211 190 26
359.8841 123.6715 3083.5427 203 180 20
363.0591 123.9109 3089.5129 201 177 20
366.2464 124.1513 3095.5061 201 177 19
369.0874 124.2719 3098.5115 201 177 19
371.5728 124.2719 3098.5115 201 177 19
375.1509 124.6349 3107.5625 201 176 19
377.2763 124.5136 3104.5396 199 173 19
380.8781 124.8781 3113.6260 197 172 18
389.8413 126.9841 3166.1377 196 171 17
425.3165 135.0211 3366.5261 194 167 16
428.9218 135.3066 3373.6436 193 167 17
433.0011 135.7370 3384.3762 192 166 16
437.1064 136.1702 3395.1775 191 164 14
441.2380 136.6062 3406.0479 190 164 15
443.9701 136.6062 3406.0479 191 164 15
447.1795 136.7522 3409.6868 192 165 14
449.9146 136.7522 3409.6868 194 167 14
452.1665 136.6062 3406.0479 196 170 16
490.8598 144.7964 3610.2566 203 175 17
493.1978 144.6328 3606.1770 204 176 16
496.6516 144.7964 3610.2566 210 179 20
500.6803 145.1247 3618.4431 223 186 28
503.5828 145.1247 3618.4431 226 187 29
506.4853 145.1247 3618.4431 226 187 29
510.5455 145.4546 3626.6667 226 186 29
513.4546 145.4546 3626.6667 226 187 30
517.5399 145.7859 3634.9280 226 187 30
520.4556 145.7859 3634.9280 226 187 30
-398.9365 185.2880 4714.1309 56 63 141
-395.7397 185.5621 4721.1045 56 63 141
-390.2209 184.7423 4700.2456 57 63 141
-385.3157 184.1997 4686.4414 56 64 140
-382.1177 184.4706 4693.3335 58 64 139
-377.7974 184.1997 4686.4414 58 64 140
-374.0382 184.1997 4686.4414 58 65 142
-370.2790 184.1997 4686.4414 58 65 142
-366.5198 184.1997 4686.4414 62 68 144
-362.7607 184.1997 4686.4414 70 75 151
-359.0015 184.1997 4686.4414 88 94 166
-355.2423 184.1997 4686.4414 87 94 165
-350.9677 183.9296 4679.5698 68 75 156
-347.2141 183.9296 4679.5698 65 71 152
-343.4604 183.9296 4679.5698 67 73 148
-339.7068 183.9296 4679.5698 63 69 142
-335.9531 183.9296 4679.5698 64 69 142
-332.1994 183.9296 4679.5698 66 70 141
-328.9280 184.1997 4686.4414 67 71 140
-324.2167 183.6603 4672.7188 69 73 139
-320.4685 183.6603 4672.7188 70 74 138
-316.7204 183.6603 4672.7188 71 74 138
-312.0584 183.1241 4659.0757 72 75 139
-308.3212 183.1241 4659.0757 74 76 138
-303.2558 182.3256 4638.7598 73 76 135
-298.6667 181.7971 4625.3140 74 76 135
-294.5297 181.5340 4618.6206 75 76 137
-291.2464 181.7971 4625.3140 72 74 135
-287.9536 182.0610 4632.0273 69 73 136
-285.0655 182.5910 4645.5122 69 72 134
-281.7493 182.8571 4652.2837 72 73 135
-277.6128 182.5910 4645.5122 74 76 136
-273.8865 182.5910 4645.5122 77 78 135
-269.3759 182.0610 4632.0273 78 79 135
-266.4338 182.5910 4645.5122 81 82 137
-263.0904 182.8571 4652.2837 83 83 136
-258.9811 182.5910 4645.5122 82 83 134
-253.0447 181.0101 4605.2910 82 82 136
-247.2103 179.4564 4565.7607 81 81 137
-161.4815 145.1852 3693.8271 68 71 128
-158.7022 145.3534 3698.1074 71 72 128
-155.9165 145.5220 3702.3977 73 74 126
-152.9467 145.5220 3702.3977 69 71 123
-149.9768 145.5220 3702.3977 66 66 123
-147.0070 145.5220 3702.3977 79 76 119
-144.0371 145.5220 3702.3977 199 187 163
-141.0673 145.5220 3702.3977 242 226 161
-137.9374 145.3534 3698.1074 241 223 152
-135.1276 145.5220 3702.3977 239 220 148
-132.1578 145.5220 3702.3977 239 221 148
-129.1879 145.5220 3702.3977 239 221 148
-126.2181 145.5220 3702.3977 239 221 148
-123.1054 145.3534 3698.1074 239 221 148
-120.1391 145.3534 3698.1074 239 221 148
-117.3086 145.5220 3702.3977 239 220 148
-114.3388 145.5220 3702.3977 239 221 148
-111.2399 145.3534 3698.1074 239 221 148
-107.8984 144.8499 3685.2964 238 221 148
-92.7963 144.3498 3672.5740 239 221 150
76.2730 135.9047 3457.7104 235 217 145
79.0466 135.9047 3457.7104 235 217 144
81.7316 135.7576 3453.9683 234 217 144
84.5022 135.7576 3453.9683 234 217 144
87.2727 135.7576 3453.9683 232 214 142
90.0433 135.7576 3453.9683 231 213 139
92.9144 135.9047 3457.7104 231 212 139
95.4811 135.6108 3450.2344 231 212 139
98.2487 135.6108 3450.2344 231 213 140
100.6897 135.1724 3439.0806 233 215 142
103.5599 135.3182 3442.7905 234 216 142
105.9785 134.8817 3431.6846 233 215 141
108.7312 134.8817 3431.6846 235 217 143
111.3641 134.7368 3427.9988 235 217 145
113.9914 134.5923 3424.3206 235 218 146
116.7382 134.5923 3424.3206 235 218 145
119.1016 134.1604 3413.3335 234 216 143
121.8396 134.1604 3413.3335 233 214 140
124.5775 134.1604 3413.3335 233 215 141
127.1795 134.0171 3409.6868 233 215 141
129.9145 134.0171 3409.6868 233 215 141
140.5544 133.7314 3402.4165 229 211 137
142.9787 133.4468 3395.1775 230 211 138
145.7021 133.4468 3395.1775 230 212 138
147.9534 133.0223 3384.3762 231 214 138
150.6681 133.0223 3384.3762 232 215 139
153.0582 132.7407 3377.2134 234 216 140
155.4382 132.4604 3370.0811 236 217 141
158.3087 132.6004 3373.6436 235 217 139
160.6751 132.3207 3366.5261 234 216 136
163.5481 132.4604 3370.0811 235 216 135
166.2513 132.4604 3370.0811 236 217 131
168.9546 132.4604 3370.0811 237 219 118
171.6579 132.4604 3370.0811 241 224 86
174.3612 132.4604 3370.0811 244 227 61
177.0644 132.4604 3370.0811 245 228 54
179.2000 132.0421 3359.4387 245 228 54
182.0864 132.1812 3362.9788 244 227 54
328.6154 120.6154 3068.7180 243 226 52
330.7589 120.4995 3065.7703 243 226 52
333.2181 120.4995 3065.7703 243 226 52
336.6474 120.8478 3074.6309 243 226 52
338.7873 120.7315 3071.6716 242 225 50
340.2687 120.3839 3062.8279 242 225 51
343.7151 120.7315 3071.6716 243 225 52
346.5125 120.8478 3074.6309 241 224 52
348.6429 120.7315 3071.6716 238 222 50
350.7693 120.6154 3068.7180 233 216 45
353.9114 120.8478 3074.6309 223 205 36
357.0657 121.0811 3080.5664 212 190 26
359.5367 121.0811 3080.5664 203 179 21
363.0591 121.4327 3089.5129 202 177 21
366.2464 121.6683 3095.5061 201 177 20
369.0874 121.7864 3098.5115 201 177 19
371.9340 121.9048 3101.5227 201 176 19
375.1509 122.1422 3107.5625 199 175 19
377.6436 122.1422 3107.5625 197 172 17
381.2500 122.5000 3116.6667 196 171 17
389.4549 124.3211 3162.9998 196 169 17
394.7306 125.1896 3185.0964 195 169 17
426.2157 132.6004 3373.6436 193 166 16
429.8305 132.8814 3380.7910 193 167 16
433.4608 133.1635 3387.9690 192 165 15
437.5719 133.5889 3398.7932 191 165 16
441.2380 133.8741 3406.0479 190 165 15
443.9701 133.8741 3406.0479 191 164 14
447.1795 134.0171 3409.6868 192 165 13
449.4344 133.8741 3406.0479 195 167 14
452.1665 133.8741 3406.0479 196 169 15
487.9639 141.9005 3610.2566 201 173 16
490.8598 141.9005 3610.2566 203 175 16
493.1978 141.7401 3606.1770 203 175 16
496.6516 141.9005 3610.2566 210 179 20
500.6803 142.2222 3618.4431 224 186 28
503.5828 142.2222 3618.4431 226 187 28
507.0602 142.3837 3622.5503 225 187 28
511.1263 142.7076 3630.7927 226 186 28
514.0388 142.7076 3630.7927 226 186 30
518.1301 143.0331 3639.0728 226 186 31
521.0491 143.0331 3639.0728 226 187 29
-398.3481 181.2390 4707.1782 56 63 141
-394.5723 181.2390 4707.1782 56 63 141
-389.6471 180.7059 4693.3335 56 63 140
-384.7507 180.1759 4679.5698 56 64 140
-382.1177 180.7059 4693.3335 57 64 141
-377.7974 180.4405 4686.4414 57 64 141
-374.0382 180.4405 4686.4414 57 64 142
-370.2790 180.4405 4686.4414 59 65 142
-365.9824 180.1759 4679.5698 62 67 145
-362.2288 180.1759 4679.5698 65 72 151
-358.4751 180.1759 4679.5698 79 86 168
-354.7214 180.1759 4679.5698 75 83 162
-350.9677 180.1759 4679.5698 64 71 155
-347.2141 180.1759 4679.5698 64 70 150
-343.4604 180.1759 4679.5698 63 70 146
-339.7068 180.1759 4679.5698 61 67 144
-335.9531 180.1759 4679.5698 62 67 142
-332.1994 180.1759 4679.5698 64 69 140
-328.9280 180.4405 4686.4414 64 69 140
-324.2167 179.9122 4672.7188 65 70 138
-320.0000 179.6491 4665.8872 69 73 138
-316.7204 179.9122 4672.7188 69 73 137
-312.5146 179.6491 4665.8872 71 75 137
-308.7719 179.6491 4665.8872 72 76 137
-303.6973 178.8647 4645.5122 75 78 136
-298.6667 178.0870 4625.3140 75 77 135
-294.9565 178.0870 4625.3140 76 78 136
-290.8249 177.8292 4618.6206 73 75 134
-287.5363 178.0870 4625.3140 70 74 135
-285.0655 178.8647 4645.5122 72 75 135
-281.3392 178.8647 4645.5122 72 73 134
-277.6128 178.8647 4645.5122 74 74 136
-273.8865 178.8647 4645.5122 77 77 135
-269.3759 178.3454 4632.0273 77 79 135
-266.0465 178.6047 4638.7598 77 79 135
-262.3256 178.6047 4638.7598 80 81 136
-258.6047 178.6047 4638.7598 80 82 135
-253.0447 177.3160 4605.2910 80 82 135
-247.2103 175.7940 4565.7607 78 79 136
-165.2093 142.8837 3711.0078 72 72 124
-161.4815 142.2222 3693.8271 72 72 128
-158.7022 142.3870 3698.1074 80 79 128
-155.9165 142.5522 3702.3977 88 86 127
-152.9467 142.5522 3702.3977 87 84 123
-149.8030 142.3870 3698.1074 83 82 121
-146.8366 142.3870 3698.1074 95 91 117
-143.8702 142.3870 3698.1074 212 199 160
-140.9038 142.3870 3698.1074 240 221 152
-137.9374 142.3870 3698.1074 237 217 145
-134.9710 142.3870 3698.1074 236 216 143
-132.0046 142.3870 3698.1074 236 216 143
-128.8889 142.2222 3693.8271 236 217 144
-126.0718 142.3870 3698.1074 236 217 144
-122.8208 142.0578 3689.5569 237 217 143
-119.8613 142.0578 3689.5569 236 217 145
-117.1727 142.3870 3698.1074 236 218 144
-114.0741 142.2222 3693.8271 236 217 145
-110.8545 141.8938 3685.2964 236 218 146
-107.6498 141.5668 3676.8049 236 217 145
-95.7422 141.4039 3672.5740 235 216 142
-92.6897 141.2414 3668.3525 235 216 143
84.5937 133.1311 3457.7104 231 211 138
87.2727 132.9870 3453.9683 230 210 136
90.1408 133.1311 3457.7104 229 209 134
93.0152 133.2755 3461.4607 230 208 133
95.4811 132.8432 3450.2344 229 208 132
98.3550 132.9870 3453.9683 228 209 133
100.6897 132.4138 3439.0806 230 211 134
103.5599 132.5566 3442.7905 230 211 135
105.9785 132.1290 3431.6846 231 211 136
108.8482 132.2713 3435.3787 231 212 136
111.3641 131.9871 3427.9988 231 213 137
113.9914 131.8455 3424.3206 232 213 139
116.6131 131.7042 3420.6504 232 214 140
119.1016 131.4225 3413.3335 231 213 139
121.8396 131.4225 3413.3335 232 213 139
124.5775 131.4225 3413.3335 232 214 140
127.1795 131.2821 3409.6868 232 214 140
129.9145 131.2821 3409.6868 231 213 139
138.1197 131.2821 3409.6868 227 208 134
140.7044 131.1420 3406.0479 227 208 135
143.1310 130.8626 3398.7932 229 210 136
145.7021 130.7234 3395.1775 229 211 137
148.1104 130.4459 3387.9690 230 212 137
150.6681 130.3075 3384.3762 232 212 137
153.2203 130.1695 3380.7910 233 214 137
155.4382 129.7571 3370.0811 233 214 136
158.4762 130.0318 3377.2134 233 214 135
160.8448 129.7571 3370.0811 233 214 132
163.7209 129.8943 3373.6436 235 214 128
166.4271 129.8943 3373.6436 236 216 114
169.1332 129.8943 3373.6436 240 223 85
171.8393 129.8943 3373.6436 244 228 60
174.3612 129.7571 3370.0811 245 229 54
177.0644 129.7571 3370.0811 245 229 54
179.2000 129.3474 3359.4387 246 228 54
182.2785 129.6203 3366.5261 245 227 55
329.2486 118.3815 3074.6309 243 225 52
331.3956 118.2676 3071.6716 243 226 52
333.5385 118.1539 3068.7180 243 226 52
336.6474 118.3815 3074.6309 243 226 52
338.7873 118.2676 3071.6716 243 226 51
340.2687 117.9271 3062.8279 242 225 51
344.0463 118.3815 3074.6309 243 226 52
346.5125 118.3815 3074.6309 242 225 51
348.6429 118.2676 3071.6716 238 222 49
351.1069 118.2676 3071.6716 232 216 45
353.9114 118.3815 3074.6309 223 206 37
357.0657 118.6100 3080.5664 211 190 26
359.8841 118.7246 3083.5427 203 179 22
363.0591 118.9545 3089.5129 201 177 20
366.2464 119.1853 3095.5061 201 177 19
369.0874 119.3010 3098.5115 200 176 19
371.9340 119.4169 3101.5227 200 175 19
375.1509 119.6495 3107.5625 199 174 19
377.6436 119.6495 3107.5625 196 171 18
381.6227 120.1173 3119.7134 195 170 18
388.6845 121.5430 3156.7427 195 169 17
393.9442 122.3904 3178.7517 195 168 18
427.1187 130.1695 3380.7910 193 166 16
430.2863 130.3075 3384.3762 193 166 18
433.9214 130.5845 3391.5693 192 165 17
437.5719 130.8626 3398.7932 191 165 15
441.7094 131.2821 3409.6868 190 165 15
444.4445 131.2821 3409.6868 191 165 14
447.1795 131.2821 3409.6868 193 165 14
449.4344 131.1420 3406.0479 195 167 16
451.6844 131.0021 3402.4165 196 170 16
487.9639 139.0045 3610.2566 201 174 15
490.8598 139.0045 3610.2566 201 175 16
493.7557 139.0045 3610.2566 203 175 16
497.2141 139.1620 3614.3452 210 178 20
500.6803 139.3197 3618.4431 224 186 29
504.1544 139.4779 3622.5503 226 186 29
507.6364 139.6364 3626.6667 226 187 29
512.2919 140.1140 3639.0728 226 187 29
515.2109 140.1140 3639.0728 226 186 30
519.3143 140.4343 3647.3906 226 186 30
522.8375 140.5950 3651.5637 226 187 30
-413.4514 177.4631 4707.1782 57 63 139
-409.6756 177.4631 4707.1782 56 64 139
-406.4993 177.7253 4714.1309 57 64 140
-402.1239 177.4631 4707.1782 57 63 139
-398.3481 177.4631 4707.1782 56 63 141
-394.5723 177.4631 4707.1782 56 63 141
-389.0749 176.6814 4686.4414 56 64 140
-384.7507 176.4223 4679.5698 56 64 140
-382.1177 176.9412 4693.3335 56 64 142
-377.7974 176.6814 4686.4414 56 65 142
-374.0382 176.6814 4686.4414 57 65 142
-370.2790 176.6814 4686.4414 59 64 141
-365.9824 176.4223 4679.5698 63 66 144
-362.2288 176.4223 4679.5698 64 70 151
-358.4751 176.4223 4679.5698 77 84 166
-354.7214 176.4223 4679.5698 73 80 161
-350.9677 176.4223 4679.5698 61 70 154
-347.2141 176.4223 4679.5698 63 70 149
-343.4604 176.4223 4679.5698 62 69 144
-339.2094 176.1640 4672.7188 61 66 144
-335.4612 176.1640 4672.7188 60 65 141
-332.1994 176.4223 4679.5698 61 66 140
-328.9280 176.6814 4686.4414 61 68 140
-323.7427 175.9064 4665.8872 63 69 140
-319.5329 175.6497 4659.0757 66 70 140
-316.2573 175.9064 4665.8872 65 70 138
-312.0584 175.6497 4659.0757 67 72 137
-308.3212 175.6497 4659.0757 70 74 137
-303.2558 174.8837 4638.7598 71 73 135
-299.1002 174.6299 4632.0273 72 75 134
-295.3846 174.6299 4632.0273 74 76 134
-291.6691 174.6299 4632.0273 74 76 134
-287.9536 174.6299 4632.0273 71 73 134
-285.0655 175.1383 4645.5122 71 73 134
-281.3392 175.1383 4645.5122 73 74 133
-277.6128 175.1383 4645.5122 73 74 134
-273.8865 175.1383 4645.5122 74 77 133
-269.7675 174.8837 4638.7598 78 79 136
-266.4338 175.1383 4645.5122 79 80 136
-262.7075 175.1383 4645.5122 80 82 135
-258.9811 175.1383 4645.5122 80 82 133
-253.4104 173.8728 4611.9463 79 80 133
-165.2093 139.9070 3711.0078 72 73 125
-161.4815 139.2593 3693.8271 72 74 129
-158.5185 139.2593 3693.8271 76 77 130
-155.7358 139.4206 3698.1074 79 79 127
-152.7694 139.4206 3698.1074 78 78 125
-149.8030 139.4206 3698.1074 74 74 121
-146.6667 139.2593 3693.8271 87 83 115
-143.8702 139.4206 3698.1074 204 190 153
-140.7408 139.2593 3693.8271 237 219 148
-137.7778 139.2593 3693.8271 236 216 143
-134.8148 139.2593 3693.8271 236 216 143
-131.8519 139.2593 3693.8271 237 216 143
-128.7399 139.0983 3689.5569 236 216 143
-125.9259 139.2593 3693.8271 236 215 142
-122.6790 138.9377 3685.2964 237 215 141
-119.7229 138.9377 3685.2964 236 214 141
-116.9017 139.0983 3689.5569 236 214 140
-113.9422 139.0983 3689.5569 236 214 140
-110.7266 138.7774 3681.0459 236 214 141
-107.5259 138.4580 3672.5740 236 214 142
-104.5800 138.4580 3672.5740 234 214 142
-101.7512 138.6175 3676.8049 233 214 142
-98.3486 137.9817 3659.9390 233 214 142
-95.6322 138.2989 3668.3525 233 213 141
84.5937 130.3575 3457.7104 231 211 138
87.3673 130.3575 3457.7104 230 211 136
90.1408 130.3575 3457.7104 230 211 135
93.0152 130.4989 3461.4607 231 211 136
95.4811 130.0757 3450.2344 230 212 137
98.3550 130.2165 3453.9683 230 212 138
100.7983 129.7950 3442.7905 231 212 138
103.6717 129.9352 3446.5083 231 212 139
106.0926 129.5156 3435.3787 232 212 140
108.9655 129.6552 3439.0806 232 213 140
111.4839 129.3763 3431.6846 232 214 140
114.1139 129.2374 3427.9988 232 214 140
116.7382 129.0987 3424.3206 232 214 140
119.2291 128.8223 3416.9880 232 214 140
121.8396 128.6845 3413.3335 232 214 140
124.5775 128.6845 3413.3335 232 214 140
127.1795 128.5470 3409.6868 232 214 140
130.0535 128.6845 3413.3335 231 213 139
132.6496 128.5470 3409.6868 231 213 139
135.3846 128.5470 3409.6868 230 212 138
138.1197 128.5470 3409.6868 230 212 138
140.7044 128.4098 3406.0479 231 213 139
143.1310 128.1363 3398.7932 232 213 139
145.8573 128.1363 3398.7932 232 214 139
148.2678 127.8640 3391.5693 233 214 139
150.8280 127.7282 3387.9690 233 215 138
153.3828 127.5928 3384.3762 234 215 137
155.6025 127.1882 3373.6436 233 214 134
158.6441 127.4576 3380.7910 234 214 131
161.0148 127.1882 3373.6436 234 214 127
163.8942 127.3228 3377.2134 236 217 118
166.6032 127.3228 3377.2134 240 222 90
169.4915 127.4576 3380.7910 244 228 63
172.2034 127.4576 3380.7910 245 229 55
174.7302 127.3228 3377.2134 245 228 54
177.2516 127.1882 3373.6436 245 228 54
179.5781 126.9198 3366.5261 246 228 54
329.5661 116.0270 3077.5957 243 225 52
332.0347 116.0270 3077.5957 243 226 52
333.5385 115.6923 3068.7180 243 226 52
336.9720 116.0270 3077.5957 243 226 52
338.7873 115.8037 3071.6716 243 226 52
340.5956 115.5812 3065.7703 242 225 51
344.0463 115.9152 3074.6309 243 226 52
346.8467 116.0270 3077.5957 241 225 51
348.6429 115.8037 3071.6716 238 222 49
351.1069 115.8037 3071.6716 232 216 45
353.9114 115.9152 3074.6309 223 205 37
357.0657 116.1390 3080.5664 211 190 25
359.8841 116.2512 3083.5427 203 180 20
363.0591 116.4763 3089.5129 201 177 20
366.2464 116.7022 3095.5061 201 177 19
369.4461 116.9291 3101.5227 200 176 18
371.9340 116.9291 3101.5227 200 175 19
375.5166 117.2710 3110.5913 198 173 18
378.0117 117.2710 3110.5913 196 171 18
381.9961 117.7299 3122.7659 195 170 18
388.3004 118.8933 3153.6233 194 169 17
393.5522 119.7214 3175.5889 194 168 16
427.5716 127.5928 3384.3762 193 167 16
430.7431 127.7282 3387.9690 192 166 16
433.9214 127.8640 3391.5693 192 166 15
437.5719 128.1363 3398.7932 191 165 15
441.7094 128.5470 3409.6868 190 164 15
444.4445 128.5470 3409.6868 191 165 15
447.1795 128.5470 3409.6868 193 166 16
449.4344 128.4098 3406.0479 195 167 16
452.1665 128.4098 3406.0479 197 170 16
487.9639 136.1086 3610.2566 202 174 15
491.4156 136.2627 3614.3452 203 175 16
493.7557 136.1086 3610.2566 203 175 16
497.2141 136.2627 3614.3452 211 178 20
500.6803 136.4173 3618.4431 224 186 28
504.1544 136.5721 3622.5503 225 186 29
508.2139 136.8828 3630.7927 226 186 29
512.8767 137.3516 3643.2268 226 187 29
516.3886 137.5086 3647.3906 227 187 29
-412.8424 173.4315 4700.2456 58 62 139
-409.6756 173.6873 4707.1782 56 64 139
-406.4993 173.9439 4714.1309 58 65 139
-402.1239 173.6873 4707.1782 57 64 140
-398.3481 173.6873 4707.1782 57 63 141
-393.9912 173.4315 4700.2456 56 63 141
-389.0749 172.9222 4686.4414 56 64 141
-384.7507 172.6686 4679.5698 56 64 142
-381.5565 172.9222 4686.4414 56 63 141
-377.7974 172.9222 4686.4414 56 64 142
-374.0382 172.9222 4686.4414 57 65 141
-369.7361 172.6686 4679.5698 58 65 141
-365.9824 172.6686 4679.5698 62 68 145
-362.2288 172.6686 4679.5698 64 71 152
-358.4751 172.6686 4679.5698 72 79 165
-354.7214 172.6686 4679.5698 71 78 162
-350.9677 172.6686 4679.5698 61 69 154
-346.7057 172.4158 4672.7188 60 68 148
-342.9576 172.4158 4672.7188 60 67 144
-339.2094 172.4158 4672.7188 60 66 143
-335.4612 172.4158 4672.7188 60 65 141
-331.7131 172.4158 4672.7188 61 65 140
-328.9280 172.9222 4686.4414 62 66 140
-323.2701 171.9124 4659.0757 61 67 139
-319.0670 171.6618 4652.2837 61 68 139
-315.3353 171.6618 4652.2837 63 68 138
-311.1500 171.4120 4645.5122 65 69 138
-307.8717 171.6618 4652.2837 67 71 138
-303.2558 171.1628 4638.7598 68 73 134
-299.5349 171.1628 4638.7598 70 73 135
-295.8140 171.1628 4638.7598 70 72 135
-292.0930 171.1628 4638.7598 71 73 133
-288.3721 171.1628 4638.7598 68 70 133
-285.0655 171.4120 4645.5122 70 73 134
-281.3392 171.4120 4645.5122 71 73 134
-277.6128 171.4120 4645.5122 74 76 134
-273.8865 171.4120 4645.5122 73 75 132
-269.7675 171.1628 4638.7598 74 75 133
-266.4338 171.4120 4645.5122 77 76 134
-262.7075 171.4120 4645.5122 78 79 135
-258.9811 171.4120 4645.5122 78 78 133
-253.4104 170.1734 4611.9463 76 76 133
-165.0174 136.7712 3706.6978 70 73 126
-161.4815 136.2963 3693.8271 69 73 129
-158.3353 136.1387 3689.5569 69 72 128
-155.5556 136.2963 3693.8271 69 72 128
-152.5926 136.2963 3693.8271 66 70 124
-149.6296 136.2963 3693.8271 64 65 123
-146.4971 136.1387 3689.5569 76 73 117
-143.7037 136.2963 3693.8271 193 179 151
-140.5780 136.1387 3689.5569 237 218 149
-137.6185 136.1387 3689.5569 236 216 144
-134.6590 136.1387 3689.5569 235 216 143
-131.6994 136.1387 3689.5569 236 216 142
-128.7399 136.1387 3689.5569 238 219 145
-125.7804 136.1387 3689.5569 238 219 147
-122.5375 135.8247 3681.0459 239 218 144
-119.5848 135.8247 3681.0459 238 218 145
-116.6321 135.8247 3681.0459 238 217 145
-113.8106 135.9815 3685.2964 238 218 146
-110.5991 135.6682 3676.8049 236 217 145
-107.4023 135.3563 3668.3525 233 213 141
-104.4598 135.3563 3668.3525 231 210 137
-101.6341 135.5121 3672.5740 232 212 139
-98.3486 135.0459 3659.9390 232 213 141
-95.6322 135.3563 3668.3525 233 213 141
84.5022 127.4459 3453.9683 231 213 139
87.3673 127.5840 3457.7104 231 212 138
90.1408 127.5840 3457.7104 230 212 138
93.1162 127.8610 3465.2190 231 212 139
95.5844 127.4459 3453.9683 232 213 139
98.3550 127.4459 3453.9683 231 213 139
100.9071 127.1706 3446.5083 231 213 139
103.7838 127.3081 3450.2344 231 213 140
106.2069 126.8966 3439.0806 232 213 140
109.0831 127.0334 3442.7905 232 213 140
111.6039 126.7600 3435.3787 232 214 140
114.2366 126.6237 3431.6846 232 214 140
116.8636 126.4877 3427.9988 232 214 140
119.2291 126.0814 3416.9880 232 214 140
121.8396 125.9465 3413.3335 232 214 140
124.5775 125.9465 3413.3335 232 214 140
127.1795 125.8120 3409.6868 232 214 140
130.0535 125.9465 3413.3335 232 213 138
132.5080 125.6777 3406.0479 232 212 138
135.5294 125.9465 3413.3335 231 213 139
138.1197 125.8120 3409.6868 231 213 139
140.7044 125.6777 3406.0479 231 213 138
143.2836 125.5437 3402.4165 232 214 138
145.8573 125.4100 3398.7932 233 214 138
148.4255 125.2766 3395.1775 234 215 138
150.9883 125.1435 3391.5693 233 215 137
153.5457 125.0106 3387.9690 234 214 136
155.9322 124.7458 3380.7910 234 214 133
158.8123 124.8781 3384.3762 234 214 129
161.1852 124.6138 3377.2134 235 215 119
164.2418 124.8781 3384.3762 240 222 92
166.9565 124.8781 3384.3762 244 228 66
169.8514 125.0106 3387.9690 245 229 56
172.5690 125.0106 3387.9690 244 228 54
175.1008 124.8781 3384.3762 245 228 53
177.6271 124.7458 3380.7910 245 228 54
329.8842 113.6680 3080.5664 243 226 52
332.3553 113.6680 3080.5664 243 226 52
333.8595 113.3398 3071.6716 243 226 52
336.9720 113.5583 3077.5957 243 226 52
338.7873 113.3398 3071.6716 242 226 51
340.5956 113.1220 3065.7703 242 226 51
344.0463 113.4489 3074.6309 243 226 51
346.8467 113.5583 3077.5957 241 225 50
348.9789 113.4489 3074.6309 238 222 49
351.1069 113.3398 3071.6716 232 216 45
353.9114 113.4489 3074.6309 223 204 36
357.0657 113.6680 3080.5664 211 189 25
359.8841 113.7778 3083.5427 203 179 19
363.0591 113.9981 3089.5129 202 177 20
366.2464 114.2192 3095.5061 201 177 21
369.4461 114.4412 3101.5227 200 176 19
371.9340 114.4412 3101.5227 199 174 20
375.5166 114.7758 3110.5913 197 172 19
378.3805 114.8878 3113.6260 196 170 19
382.7451 115.4510 3128.8889 194 169 18
388.3004 116.3636 3153.6233 195 169 17
393.5522 117.1741 3175.5889 194 168 15
428.4804 125.1435 3391.5693 193 167 15
431.2009 125.1435 3391.5693 192 167 15
434.3830 125.2766 3395.1775 192 166 14
438.0384 125.5437 3402.4165 192 165 15
442.1819 125.9465 3413.3335 191 165 15
444.9198 125.9465 3413.3335 192 165 16
447.6578 125.9465 3413.3335 194 166 16
449.9146 125.8120 3409.6868 195 168 15
452.6496 125.8120 3409.6868 196 170 16
487.9639 133.2127 3610.2566 201 174 16
491.9728 133.5148 3618.4431 202 175 15
493.7557 133.2127 3610.2566 203 174 14
497.2141 133.3635 3614.3452 211 178 19
500.6803 133.5148 3618.4431 224 186 28
504.1544 133.6663 3622.5503 226 186 29
508.7928 134.1230 3634.9280 226 186 29
513.4629 134.5829 3647.3906 226 187 29
-412.8424 169.6613 4700.2456 60 66 137
-409.6756 169.9115 4707.1782 57 64 137
-406.4993 170.1625 4714.1309 57 63 139
-402.1239 169.9115 4707.1782 57 64 139
-398.3481 169.9115 4707.1782 56 64 141
-393.9912 169.6613 4700.2456 56 64 141
-389.0749 169.1630 4686.4414 57 63 142
-384.7507 168.9150 4679.5698 57 64 143
-381.5565 169.1630 4686.4414 57 63 142
-377.2434 168.9150 4679.5698 56 64 142
-373.4897 168.9150 4679.5698 57 65 143
-369.7361 168.9150 4679.5698 57 64 142
-365.9824 168.9150 4679.5698 61 68 145
-361.6985 168.6677 4672.7188 65 72 153
-357.9503 168.6677 4672.7188 72 80 164
-354.2021 168.6677 4672.7188 71 78 161
-350.4539 168.6677 4672.7188 61 68 152
-346.1989 168.4211 4665.8872 59 66 147
-342.4562 168.4211 4665.8872 60 66 145
-338.2190 168.1752 4659.0757 60 66 143
-334.9708 168.4211 4665.8872 60 66 141
-331.7131 168.6677 4672.7188 61 66 140
-328.4458 168.9150 4679.5698 62 66 140
-322.7988 167.9300 4652.2837 62 67 139
-318.1396 167.4419 4638.7598 61 68 139
-314.4186 167.4419 4638.7598 62 68 138
-309.7971 166.9565 4625.3140 64 68 138
-306.9768 167.4419 4638.7598 65 70 137
-302.8157 167.1989 4632.0273 69 74 136
-299.1002 167.1989 4632.0273 65 71 134
-295.8140 167.4419 4638.7598 66 69 133
-292.0930 167.4419 4638.7598 68 72 134
-288.3721 167.4419 4638.7598 67 70 133
-285.0655 167.6856 4645.5122 69 72 134
-280.9303 167.4419 4638.7598 69 72 135
-277.2093 167.4419 4638.7598 74 76 135
-273.4884 167.4419 4638.7598 75 76 135
-269.7675 167.4419 4638.7598 75 75 135
-266.0465 167.4419 4638.7598 76 76 134
-262.3256 167.4419 4638.7598 76 77 134
-258.6047 167.4419 4638.7598 76 78 135
-253.4104 166.4740 4611.9463 78 79 136
-165.2093 133.9535 3711.0078 71 73 127
-161.2948 133.1792 3689.5569 70 73 128
-158.1524 133.0254 3685.2964 70 71 128
-155.5556 133.3333 3693.8271 69 71 127
-152.5926 133.3333 3693.8271 65 70 124
-149.4566 133.1792 3689.5569 65 67 123
-146.4971 133.1792 3689.5569 73 71 117
-143.5376 133.1792 3689.5569 184 171 148
-140.5780 133.1792 3689.5569 237 218 150
-137.4596 133.0254 3685.2964 236 217 145
-134.5035 133.0254 3685.2964 236 216 145
-131.5473 133.0254 3685.2964 238 218 149
-128.5912 133.0254 3685.2964 242 226 154
-125.7804 133.1792 3689.5569 236 217 142
-122.5375 132.8720 3681.0459 235 217 142
-119.4470 132.7189 3676.8049 235 217 144
-116.6321 132.8720 3681.0459 236 217 144
-113.6794 132.8720 3681.0459 236 217 146
-110.4718 132.5662 3672.5740 234 215 144
-107.4023 132.4138 3668.3525 228 208 133
-104.4598 132.4138 3668.3525 225 204 126
-101.6341 132.5662 3672.5740 231 209 137
-95.6322 132.4138 3668.3525 233 213 143
84.5022 124.6753 3453.9683 231 213 139
87.3673 124.8104 3457.7104 231 213 139
90.2386 124.9458 3461.4607 231 213 140
93.1162 125.0814 3465.2190 231 213 140
95.5844 124.6753 3453.9683 232 213 140
98.4615 124.8104 3457.7104 231 212 139
100.9071 124.4061 3446.5083 231 213 139
103.7838 124.5406 3450.2344 231 214 140
106.2069 124.1379 3439.0806 232 214 140
109.0831 124.2719 3442.7905 232 214 140
111.7241 124.1379 3439.0806 232 215 140
114.2366 123.8710 3431.6846 232 214 140
116.8636 123.7379 3427.9988 232 214 139
119.2291 123.3405 3416.9880 232 214 140
121.8396 123.2086 3413.3335 232 214 139
124.4445 123.0769 3409.6868 232 214 140
127.1795 123.0769 3409.6868 232 214 140
129.9145 123.0769 3409.6868 232 213 139
132.5080 122.9456 3406.0479 232 213 139
135.3846 123.0769 3409.6868 232 213 138
138.1197 123.0769 3409.6868 232 214 138
140.7044 122.9456 3406.0479 232 214 138
143.1310 122.6837 3398.7932 232 214 137
146.0128 122.8145 3402.4165 233 214 137
148.4255 122.5532 3395.1775 233 215 137
150.9883 122.4230 3391.5693 234 214 136
153.5457 122.2930 3387.9690 235 214 133
155.9322 122.0339 3380.7910 235 215 130
158.9809 122.2930 3387.9690 236 215 121
161.3559 122.0339 3380.7910 239 222 96
164.2418 122.1633 3384.3762 244 228 68
167.1338 122.2930 3387.9690 246 229 55
170.0319 122.4230 3391.5693 245 229 54
172.7524 122.4230 3391.5693 245 228 54
329.8842 111.1969 3080.5664 242 226 52
332.6764 111.3044 3083.5427 242 226 52
333.8595 110.8758 3071.6716 243 226 52
336.6474 110.9827 3074.6309 242 226 52
338.7873 110.8758 3071.6716 242 226 51
340.2687 110.5566 3062.8279 242 226 51
344.0463 110.9827 3074.6309 243 226 51
346.8467 111.0897 3077.5957 242 225 50
348.9789 110.9827 3074.6309 239 222 50
351.4451 110.9827 3074.6309 233 217 46
353.9114 110.9827 3074.6309 223 205 37
357.0657 111.1969 3080.5664 211 189 24
359.5367 111.1969 3080.5664 203 179 20
363.0591 111.5199 3089.5129 202 177 19
366.6020 111.8447 3098.5115 201 177 19
369.8055 112.0623 3104.5396 200 176 19
372.2957 112.0623 3104.5396 199 174 19
375.8829 112.3903 3113.6260 197 172 17
378.7500 112.5000 3116.6667 195 170 18
383.1207 113.0520 3131.9595 194 169 17
388.6845 113.9466 3156.7427 194 169 17
393.5522 114.6269 3175.5889 193 168 16
428.9362 122.5532 3395.1775 193 167 16
431.2009 122.4230 3391.5693 192 167 15
434.3830 122.5532 3395.1775 192 166 15
438.5059 122.9456 3406.0479 192 165 15
442.1819 123.2086 3413.3335 192 165 15
444.9198 123.2086 3413.3335 192 166 15
448.1371 123.3405 3416.9880 193 166 15
449.9146 123.0769 3409.6868 195 168 15
453.1337 123.2086 3413.3335 196 170 15
488.5165 130.4643 3614.3452 200 174 16
493.0909 130.9091 3626.6667 202 175 16
494.3149 130.4643 3614.3452 203 174 15
497.2141 130.4643 3614.3452 211 178 20
500.6803 130.6123 3618.4431 224 185 28
-412.2353 165.6471 4693.3335 68 75 135
-409.0722 165.8910 4700.2456 59 65 135
-405.8997 166.1357 4707.1782 57 64 137
-402.1239 166.1357 4707.1782 58 65 139
-398.9365 166.3811 4714.1309 56 64 141
-393.9912 165.8910 4700.2456 57 63 141
-389.0749 165.4038 4686.4414 58 63 143
-384.7507 165.1613 4679.5698 57 64 143
-381.5565 165.4038 4686.4414 56 64 142
-377.2434 165.1613 4679.5698 56 64 141
-372.9429 164.9195 4672.7188 57 65 142
-369.7361 165.1613 4679.5698 56 62 140
-365.4466 164.9195 4672.7188 63 68 145
-361.6985 164.9195 4672.7188 65 71 154
-357.9503 164.9195 4672.7188 73 79 165
-354.2021 164.9195 4672.7188 69 76 161
-350.4539 164.9195 4672.7188 60 68 153
-346.1989 164.6784 4665.8872 59 65 147
-341.9562 164.4380 4659.0757 60 65 145
-337.7260 164.1983 4652.2837 61 65 144
-334.4818 164.4380 4659.0757 59 66 142
-331.2281 164.6784 4665.8872 60 66 141
-327.9649 164.9195 4672.7188 62 66 140
-321.8605 163.7209 4638.7598 63 67 140
-317.6778 163.4833 4632.0273 62 67 140
-313.9623 163.4833 4632.0273 63 68 139
-309.7971 163.2464 4625.3140 64 68 138
-306.0870 163.2464 4625.3140 65 68 138
-302.3768 163.2464 4625.3140 67 70 136
-298.6667 163.2464 4625.3140 65 71 135
-295.3846 163.4833 4632.0273 66 70 135
-292.0930 163.7209 4638.7598 68 72 135
-288.3721 163.7209 4638.7598 70 74 133
-284.6512 163.7209 4638.7598 71 74 134
-280.9303 163.7209 4638.7598 72 75 134
-277.2093 163.7209 4638.7598 74 76 134
-273.4884 163.7209 4638.7598 75 75 135
-269.7675 163.7209 4638.7598 74 75 134
-266.0465 163.7209 4638.7598 74 76 134
-262.3256 163.7209 4638.7598 73 77 135
-258.6047 163.7209 4638.7598 73 77 134
-253.4104 162.7746 4611.9463 75 77 134
-248.6331 162.0720 4592.0386 74 76 134
-165.4016 131.1292 3715.3279 70 72 127
-161.4815 130.3704 3693.8271 71 73 128
-158.1524 130.0693 3685.2964 70 71 128
-155.5556 130.3704 3693.8271 66 69 127
-152.5926 130.3704 3693.8271 65 70 125
-149.4566 130.2197 3689.5569 67 70 125
-146.4971 130.2197 3689.5569 73 71 117
-143.5376 130.2197 3689.5569 175 161 143
-140.4157 130.0693 3685.2964 237 218 153
-137.4596 130.0693 3685.2964 236 217 145
-134.5035 130.0693 3685.2964 236 216 144
-131.5473 130.0693 3685.2964 239 220 149
-128.5912 130.0693 3685.2964 234 215 138
-125.6351 130.0693 3685.2964 225 199 111
-122.3963 129.7696 3676.8049 225 198 110
-119.4470 129.7696 3676.8049 225 199 114
-116.6321 129.9193 3681.0459 225 199 118
-113.6794 129.9193 3681.0459 224 199 119
-110.3448 129.4713 3668.3525 224 199 118
-107.2790 129.3226 3664.1409 222 197 117
-104.3398 129.3226 3664.1409 225 201 124
-101.5173 129.4713 3668.3525 230 207 135
-98.2360 129.0264 3655.7466 231 210 141
-95.5224 129.3226 3664.1409 232 213 142
78.9610 121.9048 3453.9683 232 214 140
81.6432 121.7730 3450.2344 232 214 140
84.4108 121.7730 3450.2344 232 214 140
87.2727 121.9048 3453.9683 231 214 140
90.0433 121.9048 3453.9683 231 213 140
92.9144 122.0368 3457.7104 232 214 140
95.4811 121.7730 3450.2344 232 213 141
98.3550 121.9048 3453.9683 232 213 141
100.9071 121.6415 3446.5083 232 214 140
103.6717 121.6415 3446.5083 231 214 140
106.2069 121.3793 3439.0806 232 214 140
109.0831 121.5103 3442.7905 232 214 141
111.6039 121.2487 3435.3787 232 214 141
114.2366 121.1183 3431.6846 232 214 140
116.8636 120.9882 3427.9988 232 214 139
119.2291 120.5996 3416.9880 232 214 139
121.8396 120.4706 3413.3335 232 214 139
124.4445 120.3419 3409.6868 232 214 140
127.1795 120.3419 3409.6868 232 214 140
129.9145 120.3419 3409.6868 232 213 139
132.5080 120.2135 3406.0479 232 213 139
135.3846 120.3419 3409.6868 232 213 139
138.1197 120.3419 3409.6868 232 213 139
140.7044 120.2135 3406.0479 232 214 138
143.2836 120.0853 3402.4165 232 214 137
146.0128 120.0853 3402.4165 233 214 136
148.5836 119.9574 3398.7932 233 214 135
151.1489 119.8298 3395.1775 234 214 133
153.7088 119.7024 3391.5693 234 214 130
156.2633 119.5754 3387.9690 234 215 121
159.3192 119.8298 3395.1775 238 220 99
161.6985 119.5754 3387.9690 243 227 69
164.7660 119.8298 3395.1775 245 229 57
167.4894 119.8298 3395.1775 246 229 55
332.3553 108.7259 3080.5664 242 226 52
333.5385 108.3077 3068.7180 243 226 52
336.6474 108.5164 3074.6309 242 226 51
338.7873 108.4119 3071.6716 242 226 51
340.2687 108.0998 3062.8279 242 226 50
344.0463 108.5164 3074.6309 243 226 51
346.8467 108.6210 3077.5957 242 225 51
348.6429 108.4119 3071.6716 239 222 50
351.1069 108.4119 3071.6716 232 216 46
353.5708 108.4119 3071.6716 223 205 37
356.7213 108.6210 3077.5957 211 189 25
359.5367 108.7259 3080.5664 203 180 21
363.0591 109.0416 3089.5129 202 177 21
366.9583 109.4655 3101.5227 201 176 20
370.5263 109.7856 3110.5913 200 176 20
372.6582 109.6787 3107.5625 199 174 19
376.6178 110.1075 3119.7134 197 171 17
379.1202 110.1075 3119.7134 195 170 17
383.4971 110.6483 3135.0361 194 169 17
389.0693 111.5248 3159.8682 193 168 16
393.9442 112.1912 3178.7517 193 167 16
397.2854 112.4152 3185.0964 193 168 16
428.9362 119.8298 3395.1775 193 167 16
431.2009 119.7024 3391.5693 192 166 16
434.3830 119.8298 3395.1775 192 166 15
438.0384 120.0853 3402.4165 192 165 14
442.1819 120.4706 3413.3335 192 165 14
444.9198 120.4706 3413.3335 193 165 14
447.6578 120.4706 3413.3335 195 165 15
449.9146 120.3419 3409.6868 195 167 15
452.6496 120.3419 3409.6868 196 170 15
489.6255 127.8547 3622.5503 200 174 16
493.6519 128.1456 3630.7927 202 175 16
494.3149 127.5651 3614.3452 203 174 15
497.2141 127.5651 3614.3452 210 178 20
500.6803 127.7098 3618.4431 223 185 27
-412.2353 161.8824 4693.3335 67 73 134
-409.0722 162.1208 4700.2456 60 66 134
-406.4993 162.5997 4714.1309 57 63 138
-402.1239 162.3599 4707.1782 58 65 140
-398.9365 162.5997 4714.1309 56 63 141
-393.9912 162.1208 4700.2456 57 64 142
-389.0749 161.6446 4686.4414 57 64 143
-384.7507 161.4076 4679.5698 57 63 142
-381.5565 161.6446 4686.4414 56 64 142
-377.2434 161.4076 4679.5698 57 65 141
-372.9429 161.1713 4672.7188 57 64 142
-369.1948 161.1713 4672.7188 56 62 141
-365.4466 161.1713 4672.7188 64 68 147
-361.6985 161.1713 4672.7188 67 74 157
-357.9503 161.1713 4672.7188 73 80 164
-354.2021 161.1713 4672.7188 67 74 161
-349.9416 160.9357 4665.8872 61 68 153
-345.6935 160.7007 4659.0757 59 66 148
-341.9562 160.7007 4659.0757 59 66 145
-337.7260 160.4665 4652.2837 59 66 144
-333.9942 160.4665 4652.2837 59 67 141
-330.7445 160.7007 4659.0757 60 66 140
-327.4854 160.9357 4665.8872 61 67 140
-321.3934 159.7678 4632.0273 63 67 140
-317.2174 159.5362 4625.3140 62 67 140
-313.0536 159.3054 4618.6206 62 68 139
-309.3488 159.3054 4618.6206 63 68 139
-306.0870 159.5362 4625.3140 64 69 137
-302.3768 159.5362 4625.3140 67 71 137
-298.6667 159.5362 4625.3140 67 73 136
-295.3846 159.7678 4632.0273 67 72 134
-291.6691 159.7678 4632.0273 68 73 135
-287.9536 159.7678 4632.0273 67 71 134
-284.6512 160.0000 4638.7598 70 74 134
-280.5225 159.7678 4632.0273 73 76 135
-277.2093 160.0000 4638.7598 75 76 134
-273.0915 159.7678 4632.0273 75 75 134
-269.3759 159.7678 4632.0273 72 75 134
-266.0465 160.0000 4638.7598 71 76 134
-261.9449 159.7678 4632.0273 73 76 134
-258.6047 160.0000 4638.7598 71 76 132
-253.4104 159.0751 4611.9463 72 75 134
-248.6331 158.3885 4592.0386 71 74 132
-165.4016 128.1490 3715.3279 70 73 126
-161.6686 127.5551 3698.1074 69 72 128
-158.1524 127.1132 3685.2964 69 71 127
-155.7358 127.5551 3698.1074 65 69 126
-152.7694 127.5551 3698.1074 68 72 126
-149.6296 127.4074 3693.8271 68 70 123
-146.4971 127.2601 3689.5569 73 72 118
-143.7037 127.4074 3693.8271 165 152 139
-140.5780 127.2601 3689.5569 235 217 153
-137.4596 127.1132 3685.2964 236 217 145
-134.5035 127.1132 3685.2964 236 217 143
-131.5473 127.1132 3685.2964 237 217 145
-128.5912 127.1132 3685.2964 230 209 128
-125.6351 127.1132 3685.2964 220 192 99
-122.3963 126.8203 3676.8049 221 190 104
-119.4470 126.8203 3676.8049 221 194 112
-116.6321 126.9666 3681.0459 221 195 117
-113.6794 126.9666 3681.0459 220 195 117
-110.3448 126.5287 3668.3525 220 195 116
-107.2790 126.3835 3664.1409 223 198 122
-104.3398 126.3835 3664.1409 228 205 132
-101.5173 126.5287 3668.3525 229 208 136
-98.2360 126.0939 3655.7466 229 209 138
-95.4128 126.2385 3659.9390 231 212 140
-92.3711 126.0939 3655.7466 233 213 143
-89.2343 125.8057 3647.3906 233 213 144
81.5551 118.8769 3446.5083 232 214 141
84.3197 118.8769 3446.5083 232 214 140
87.1784 119.0054 3450.2344 232 214 141
89.9460 119.0054 3450.2344 232 214 141
92.8139 119.1342 3453.9683 232 214 141
95.3780 118.8769 3446.5083 232 214 141
98.2487 119.0054 3450.2344 232 214 141
100.7983 118.7487 3442.7905 232 214 141
103.5599 118.7487 3442.7905 232 214 141
106.0926 118.4930 3435.3787 232 214 140
108.9655 118.6207 3439.0806 232 213 140
111.4839 118.3656 3431.6846 232 214 141
114.2366 118.3656 3431.6846 232 214 140
116.7382 118.1116 3424.3206 232 213 140
119.2291 117.8587 3416.9880 232 214 139
121.8396 117.7326 3413.3335 232 214 139
124.4445 117.6068 3409.6868 232 214 139
127.0438 117.4813 3406.0479 232 214 140
129.7759 117.4813 3406.0479 232 214 140
132.5080 117.4813 3406.0479 232 214 139
135.2401 117.4813 3406.0479 232 213 137
137.9723 117.4813 3406.0479 233 214 138
140.5544 117.3561 3402.4165 233 214 138
143.1310 117.2311 3398.7932 233 214 137
145.8573 117.2311 3398.7932 233 214 134
148.4255 117.1064 3395.1775 234 214 132
151.1489 117.1064 3395.1775 235 214 129
153.7088 116.9819 3391.5693 234 215 123
156.2633 116.8578 3387.9690 238 219 103
159.3192 117.1064 3395.1775 243 226 70
161.6985 116.8578 3387.9690 245 229 55
164.7660 117.1064 3395.1775 245 229 54
167.4894 117.1064 3395.1775 245 228 55
332.6764 106.3575 3083.5427 243 226 53
333.5385 105.8462 3068.7180 243 226 52
336.6474 106.0501 3074.6309 242 226 52
338.7873 105.9480 3071.6716 242 225 51
340.2687 105.6430 3062.8279 242 226 51
344.0463 106.0501 3074.6309 243 225 51
346.8467 106.1524 3077.5957 241 224 51
348.6429 105.9480 3071.6716 238 222 49
351.1069 105.9480 3071.6716 232 214 45
353.5708 105.9480 3071.6716 223 204 36
356.3777 106.0501 3074.6309 210 190 25
359.1900 106.1524 3077.5957 203 180 20
363.0591 106.5634 3089.5129 202 178 20
366.9583 106.9777 3101.5227 201 176 20
370.5263 107.2905 3110.5913 200 175 20
372.6582 107.1860 3107.5625 198 173 19
376.6178 107.6051 3119.7134 197 171 18
379.1202 107.6051 3119.7134 195 170 18
384.2520 108.3465 3141.2075 194 168 17
389.4549 109.0981 3162.9998 193 168 16
393.5522 109.5323 3175.5889 193 167 15
396.8893 109.7507 3181.9209 193 167 15
428.4804 116.9819 3391.5693 192 166 17
430.7431 116.8578 3387.9690 192 166 17
433.9214 116.9819 3391.5693 192 166 15
437.5719 117.2311 3398.7932 193 165 15
442.1819 117.7326 3413.3335 192 165 14
444.9198 117.7326 3413.3335 192 165 14
447.6578 117.7326 3413.3335 194 166 15
449.4344 117.4813 3406.0479 195 168 15
490.7395 125.2332 3630.7927 200 174 16
494.2142 125.3759 3634.9280 202 175 15
494.8753 124.8073 3618.4431 203 174 15
497.7778 124.8073 3618.4431 211 178 20
500.6803 124.8073 3618.4431 224 185 27
-412.8424 158.3505 4700.2456 67 73 134
-409.6756 158.5841 4707.1782 63 71 133
-407.1006 159.0533 4721.1045 57 63 137
-402.7179 158.8183 4714.1309 58 63 140
-398.9365 158.8183 4714.1309 56 63 142
-393.9912 158.3505 4700.2456 56 63 142
-389.0749 157.8855 4686.4414 57 64 142
-384.7507 157.6540 4679.5698 56 63 141
-381.5565 157.8855 4686.4414 56 64 140
-377.2434 157.6540 4679.5698 57 65 142
-373.4897 157.6540 4679.5698 58 64 142
-369.1948 157.4232 4672.7188 58 63 141
-365.4466 157.4232 4672.7188 66 69 146
-361.6985 157.4232 4672.7188 67 74 157
-357.9503 157.4232 4672.7188 73 80 166
-354.2021 157.4232 4672.7188 67 74 161
-349.9416 157.1930 4665.8872 61 68 153
-345.6935 156.9635 4659.0757 60 65 148
-341.9562 156.9635 4659.0757 59 65 146
-337.7260 156.7347 4652.2837 59 65 143
-333.9942 156.7347 4652.2837 60 66 141
-330.7445 156.9635 4659.0757 60 66 141
-327.0073 156.9635 4659.0757 61 66 140
-320.9276 155.8261 4625.3140 62 67 140
-317.2174 155.8261 4625.3140 62 67 140
-313.0536 155.6006 4618.6206 62 68 140
-309.7971 155.8261 4625.3140 62 68 138
-305.6440 155.6006 4618.6206 63 67 138
-302.3768 155.8261 4625.3140 66 69 138
-298.2345 155.6006 4618.6206 69 71 137
-295.3846 156.0523 4632.0273 68 71 135
-291.6691 156.0523 4632.0273 66 71 134
-287.9536 156.0523 4632.0273 65 71 133
-284.2381 156.0523 4632.0273 69 73 135
-280.5225 156.0523 4632.0273 70 73 134
-276.8070 156.0523 4632.0273 73 74 133
-273.0915 156.0523 4632.0273 76 76 134
-269.3759 156.0523 4632.0273 74 75 134
-265.6604 156.0523 4632.0273 72 75 133
-261.9449 156.0523 4632.0273 73 74 133
-258.6047 156.2791 4638.7598 70 74 133
-253.4104 155.3757 4611.9463 72 74 134
-248.9914 154.9280 4598.6553 73 73 133
-165.5944 125.3147 3719.6582 66 68 124
-161.8562 124.7332 3702.3977 67 70 129
-158.1524 124.1571 3685.2964 68 71 126
-155.7358 124.5887 3698.1074 65 69 125
-152.7694 124.5887 3698.1074 68 71 127
-149.6296 124.4444 3693.8271 72 73 125
-146.4971 124.3006 3689.5569 79 76 121
-143.7037 124.4444 3693.8271 156 143 135
-140.5780 124.3006 3689.5569 234 216 153
-137.4596 124.1571 3685.2964 237 217 146
-134.5035 124.1571 3685.2964 237 217 144
-131.5473 124.1571 3685.2964 235 214 142
-128.5912 124.1571 3685.2964 228 207 128
-125.6351 124.1571 3685.2964 223 195 110
-122.3963 123.8710 3676.8049 224 197 118
-119.4470 123.8710 3676.8049 226 202 128
-116.6321 124.0138 3681.0459 226 203 132
-113.6794 124.0138 3681.0459 226 204 133
-110.3448 123.5862 3668.3525 226 204 133
-107.2790 123.4443 3664.1409 228 205 137
-104.3398 123.4443 3664.1409 229 209 138
-101.4007 123.4443 3664.1409 230 210 140
-98.2360 123.1615 3655.7466 229 209 140
-95.3036 123.1615 3655.7466 230 210 140
-92.3711 123.1615 3655.7466 232 212 142
-89.1324 122.7397 3643.2268 233 213 144
87.1784 116.2378 3450.2344 232 214 141
89.9460 116.2378 3450.2344 232 214 140
92.8139 116.3636 3453.9683 232 214 139
95.3780 116.1123 3446.5083 232 214 141
98.2487 116.2378 3450.2344 232 214 140
100.6897 115.8621 3439.0806 232 214 141
103.4483 115.8621 3439.0806 232 214 141
105.9785 115.6129 3431.6846 232 214 140
108.8482 115.7374 3435.3787 232 214 140
111.3641 115.4887 3427.9988 232 214 140
114.1139 115.4887 3427.9988 232 214 140
116.7382 115.3648 3424.3206 232 214 140
119.2291 115.1178 3416.9880 232 214 139
121.8396 114.9947 3413.3335 232 214 139
124.3116 114.7492 3406.0479 232 214 139
127.0438 114.7492 3406.0479 232 214 139
129.6375 114.6269 3402.4165 233 214 140
132.3667 114.6269 3402.4165 233 214 139
135.0959 114.6269 3402.4165 232 214 138
137.8252 114.6269 3402.4165 233 215 138
140.5544 114.6269 3402.4165 234 215 138
143.1310 114.5048 3398.7932 234 215 136
145.8573 114.5048 3398.7932 234 215 134
148.4255 114.3830 3395.1775 235 214 130
151.1489 114.3830 3395.1775 235 214 124
153.7088 114.2614 3391.5693 238 217 107
156.4293 114.2614 3391.5693 243 225 75
159.3192 114.3830 3395.1775 245 228 58
161.6985 114.1401 3387.9690 245 229 55
164.9414 114.5048 3398.7932 246 229 55
167.6677 114.5048 3398.7932 245 229 55
332.3553 103.7838 3080.5664 243 226 52
333.5385 103.3846 3068.7180 242 226 52
336.6474 103.5838 3074.6309 243 226 52
338.7873 103.4841 3071.6716 243 226 52
340.2687 103.1862 3062.8279 243 226 52
344.0463 103.5838 3074.6309 243 225 52
346.5125 103.5838 3074.6309 241 224 51
348.6429 103.4841 3071.6716 238 222 49
351.1069 103.4841 3071.6716 232 214 45
353.2308 103.3846 3068.7180 224 204 37
356.0347 103.4841 3071.6716 210 189 25
358.8440 103.5838 3074.6309 203 179 21
362.7079 103.9845 3086.5249 202 178 20
366.6020 104.3884 3098.5115 201 177 20
370.1656 104.6933 3107.5625 200 175 19
372.2957 104.5914 3104.5396 198 173 19
376.2500 105.0000 3116.6667 197 172 19
379.1202 105.1026 3119.7134 195 170 17
384.2520 105.8268 3141.2075 194 169 16
389.4549 106.5610 3162.9998 193 168 16
393.1610 106.8787 3172.4321 193 167 16
396.8893 107.1984 3181.9209 193 167 16
427.5716 114.0191 3384.3762 193 166 16
429.8305 113.8983 3380.7910 193 166 17
433.0011 114.0191 3384.3762 193 166 16
436.6419 114.2614 3391.5693 193 166 15
441.7094 114.8718 3409.6868 193 166 15
444.4445 114.8718 3409.6868 193 166 15
447.1795 114.8718 3409.6868 194 166 16
449.4344 114.7492 3406.0479 195 168 15
490.1819 122.1818 3626.6667 201 174 15
494.2142 122.4601 3634.9280 202 175 15
495.4370 122.0431 3622.5503 203 174 15
497.7778 121.9048 3618.4431 211 179 20
500.6803 121.9048 3618.4431 224 185 28
503.0125 121.7667 3614.3452 225 186 28
507.0602 122.0431 3622.5503 225 186 27
511.7085 122.4601 3634.9280 224 185 26
-412.8424 154.5803 4700.2456 82 85 135
-409.6756 154.8083 4707.1782 70 75 129
-407.1006 155.2663 4721.1045 59 64 136
-402.7179 155.0369 4714.1309 58 63 140
-398.9365 155.0369 4714.1309 56 63 143
-393.9912 154.5803 4700.2456 56 64 144
-389.0749 154.1263 4686.4414 57 64 143
-384.7507 153.9003 4679.5698 57 64 142
-381.5565 154.1263 4686.4414 57 64 141
-377.2434 153.9003 4679.5698 58 64 142
-372.9429 153.6750 4672.7188 57 64 143
-369.1948 153.6750 4672.7188 58 65 141
-365.4466 153.6750 4672.7188 65 70 146
-361.6985 153.6750 4672.7188 70 76 159
-357.9503 153.6750 4672.7188 73 80 164
-353.6842 153.4503 4665.8872 66 73 159
-349.9416 153.4503 4665.8872 61 67 153
-345.6935 153.2263 4659.0757 60 66 149
-341.9562 153.2263 4659.0757 59 65 146
-337.7260 153.0029 4652.2837 58 64 144
-333.9942 153.0029 4652.2837 58 65 141
-331.2281 153.4503 4665.8872 59 65 140
-327.0073 153.2263 4659.0757 59 65 139
-321.3934 152.3367 4632.0273 60 67 140
-317.2174 152.1160 4625.3140 60 67 140
-313.5073 152.1160 4625.3140 60 67 139
-309.7971 152.1160 4625.3140 61 67 139
-306.0870 152.1160 4625.3140 62 67 138
-302.3768 152.1160 4625.3140 63 67 138
-298.2345 151.8958 4618.6206 66 70 137
-295.3846 152.3367 4632.0273 66 71 135
-291.6691 152.3367 4632.0273 67 71 134
-287.9536 152.3367 4632.0273 65 69 133
-284.2381 152.3367 4632.0273 65 69 133
-280.5225 152.3367 4632.0273 68 71 134
-277.2093 152.5582 4638.7598 73 73 133
-273.0915 152.3367 4632.0273 81 81 136
-269.3759 152.3367 4632.0273 75 76 133
-265.6604 152.3367 4632.0273 73 75 133
-261.9449 152.3367 4632.0273 70 72 132
-258.6047 152.5582 4638.7598 68 71 133
-253.7771 151.8958 4618.6206 73 75 133
-248.9914 151.2392 4598.6553 74 75 132
-165.5944 122.3310 3719.6582 66 69 124
-162.0441 121.9048 3706.6978 69 70 126
-158.1524 121.2009 3685.2964 69 70 126
-155.9165 121.7634 3702.3977 66 68 125
-152.7694 121.6223 3698.1074 66 69 126
-149.6296 121.4815 3693.8271 69 70 125
-146.6667 121.4815 3693.8271 71 69 120
-143.7037 121.4815 3693.8271 142 130 133
-140.5780 121.3410 3689.5569 232 216 155
-137.4596 121.2009 3685.2964 237 218 146
-134.6590 121.3410 3689.5569 236 217 145
-131.5473 121.2009 3685.2964 234 214 142
-128.5912 121.2009 3685.2964 228 206 129
-125.6351 121.2009 3685.2964 225 198 116
-122.5375 121.0611 3681.0459 228 202 125
-119.4470 120.9217 3676.8049 230 208 136
-116.6321 121.0611 3681.0459 230 210 139
-113.8106 121.2009 3685.2964 230 210 140
-110.3448 120.6437 3668.3525 230 210 141
-107.2790 120.5052 3664.1409 230 210 141
-104.3398 120.5052 3664.1409 231 210 141
-101.4007 120.5052 3664.1409 230 210 141
-98.1236 120.0915 3651.5637 230 210 141
98.2487 113.4703 3450.2344 232 214 141
103.5599 113.2255 3442.7905 232 214 141
106.0926 112.9817 3435.3787 232 214 140
108.8482 112.9817 3435.3787 232 214 140
111.3641 112.7390 3427.9988 232 214 140
114.1139 112.7390 3427.9988 232 214 140
116.6131 112.4973 3420.6504 232 214 140
119.2291 112.3769 3416.9880 233 214 140
121.7094 112.1368 3409.6868 233 214 140
124.3116 112.0171 3406.0479 233 214 139
127.0438 112.0171 3406.0479 233 215 139
129.7759 112.0171 3406.0479 233 215 140
132.3667 111.8977 3402.4165 233 215 139
135.2401 112.0171 3406.0479 233 215 139
137.9723 112.0171 3406.0479 233 215 138
140.5544 111.8977 3402.4165 234 215 136
143.2836 111.8977 3402.4165 234 214 134
146.0128 111.8977 3402.4165 234 214 130
148.5836 111.7785 3398.7932 235 214 125
151.1489 111.6596 3395.1775 238 217 108
153.7088 111.5409 3391.5693 243 225 77
156.4293 111.5409 3391.5693 246 229 59
159.3192 111.6596 3395.1775 246 229 55
161.8704 111.5409 3391.5693 246 228 54
165.1173 111.8977 3402.4165 246 229 55
167.8465 111.8977 3402.4165 246 229 55
331.7148 101.1175 3074.6309 242 225 52
333.2181 100.8261 3065.7703 242 226 52
336.3234 101.0202 3071.6716 242 226 52
338.4615 100.9231 3068.7180 243 226 52
339.9425 100.6328 3059.8914 243 226 52
343.7151 101.0202 3071.6716 242 225 51
346.1790 101.0202 3071.6716 241 224 51
348.3077 100.9231 3068.7180 239 222 50
350.7693 100.9231 3068.7180 233 215 46
352.8915 100.8261 3065.7703 223 204 37
355.6923 100.9231 3068.7180 209 189 25
358.8440 101.1175 3074.6309 203 179 21
362.7079 101.5087 3086.5249 202 177 20
366.2464 101.8041 3095.5061 200 177 20
370.1656 102.2006 3107.5625 199 175 19
372.2957 102.1012 3104.5396 198 173 19
375.8829 102.4000 3113.6260 196 171 17
378.7500 102.5000 3116.6667 195 170 17
384.6306 103.4089 3144.3022 194 169 16
389.4549 104.0238 3162.9998 193 168 16
393.1610 104.3340 3172.4321 193 168 16
396.8893 104.6461 3181.9209 193 167 16
427.1187 111.1864 3380.7910 193 166 15
429.8305 111.1864 3380.7910 193 166 15
433.0011 111.3044 3384.3762 192 166 16
436.6419 111.5409 3391.5693 192 166 15
442.1819 112.2567 3413.3335 193 166 15
445.3962 112.3769 3416.9880 193 166 15
447.6578 112.2567 3413.3335 193 166 15
449.4344 112.0171 3406.0479 195 168 15
489.6255 119.1374 3622.5503 201 173 15
493.6519 119.4084 3630.7927 202 174 14
495.4370 119.1374 3622.5503 202 174 15
497.7778 119.0023 3618.4431 211 179 20
500.6803 119.0023 3618.4431 223 185 27
503.0125 118.8675 3614.3452 225 186 28
506.4853 119.0023 3618.4431 225 185 28
511.1263 119.4084 3630.7927 223 184 28
-413.4514 151.0325 4707.1782 83 87 128
-410.2806 151.2555 4714.1309 71 75 130
-407.1006 151.4793 4721.1045 65 69 139
-402.7179 151.2555 4714.1309 61 66 139
-398.9365 151.2555 4714.1309 57 64 142
-393.9912 150.8100 4700.2456 56 63 143
-389.0749 150.3671 4686.4414 56 64 144
-384.7507 150.1466 4679.5698 56 64 143
-381.5565 150.3671 4686.4414 56 63 142
-377.2434 150.1466 4679.5698 57 64 143
-372.9429 149.9268 4672.7188 58 64 144
-369.1948 149.9268 4672.7188 59 65 143
-365.4466 149.9268 4672.7188 65 70 147
-361.6985 149.9268 4672.7188 72 78 160
-357.9503 149.9268 4672.7188 74 80 163
-353.6842 149.7076 4665.8872 65 71 159
-349.9416 149.7076 4665.8872 58 66 153
-345.6935 149.4891 4659.0757 58 64 148
-341.9562 149.4891 4659.0757 58 65 146
-337.7260 149.2711 4652.2837 58 65 144
-333.9942 149.2711 4652.2837 58 64 141
-331.2281 149.7076 4665.8872 58 64 140
-327.0073 149.4891 4659.0757 59 65 139
-321.3934 148.6212 4632.0273 60 66 139
-317.2174 148.4058 4625.3140 60 67 139
-313.5073 148.4058 4625.3140 61 67 139
-309.7971 148.4058 4625.3140 61 68 138
-305.6440 148.1910 4618.6206 61 66 138
-302.3768 148.4058 4625.3140 62 66 136
-298.2345 148.1910 4618.6206 65 70 136
-294.9565 148.4058 4625.3140 67 71 134
-291.6691 148.6212 4632.0273 70 73 136
-287.9536 148.6212 4632.0273 67 70 133
-284.2381 148.6212 4632.0273 65 69 134
-280.5225 148.6212 4632.0273 67 70 135
-277.2093 148.8372 4638.7598 73 74 136
-273.0915 148.6212 4632.0273 78 80 135
-269.3759 148.6212 4632.0273 70 73 132
-265.6604 148.6212 4632.0273 69 73 133
-261.9449 148.6212 4632.0273 66 71 133
-258.6047 148.8372 4638.7598 65 70 132
-253.7771 148.1910 4618.6206 68 71 132
-249.3507 147.7634 4605.2910 69 72 132
-165.5944 119.3473 3719.6582 70 71 123
-162.2326 119.0698 3711.0078 74 74 123
-158.1524 118.2448 3685.2964 75 76 115
-155.9165 118.7935 3702.3977 72 74 117
-152.9467 118.7935 3702.3977 67 69 123
-149.8030 118.6559 3698.1074 63 67 123
-146.6667 118.5185 3693.8271 67 67 122
-143.7037 118.5185 3693.8271 128 118 126
-140.5780 118.3815 3689.5569 231 215 155
-137.6185 118.3815 3689.5569 236 218 146
-134.6590 118.3815 3689.5569 236 217 146
-131.6994 118.3815 3689.5569 234 214 144
-128.5912 118.2448 3685.2964 229 207 131
-125.7804 118.3815 3689.5569 225 199 117
-122.5375 118.1084 3681.0459 228 203 125
-119.5848 118.1084 3681.0459 231 209 137
-116.6321 118.1084 3681.0459 231 211 140
-113.9422 118.3815 3689.5569 231 211 141
-110.3448 117.7011 3668.3525 231 211 142
-107.2790 117.5660 3664.1409 231 211 142
-104.4598 117.7011 3668.3525 232 211 142
-101.5173 117.7011 3668.3525 231 211 142
-98.2360 117.2967 3655.7466 231 211 142
116.4882 109.6360 3416.9880 233 214 141
119.1016 109.5187 3413.3335 233 214 141
121.5795 109.2850 3406.0479 233 214 141
124.1791 109.1684 3402.4165 234 215 140
126.7732 109.0522 3398.7932 233 215 139
129.6375 109.1684 3402.4165 233 215 139
132.3667 109.1684 3402.4165 234 215 139
135.0959 109.1684 3402.4165 234 215 138
137.9723 109.2850 3406.0479 235 215 136
140.5544 109.1684 3402.4165 235 215 133
143.2836 109.1684 3402.4165 234 214 130
146.0128 109.1684 3402.4165 235 214 124
148.5836 109.0522 3398.7932 237 217 110
151.3099 109.0522 3398.7932 242 225 79
153.8724 108.9362 3395.1775 246 229 60
156.4293 108.8204 3391.5693 246 229 54
159.3192 108.9362 3395.1775 246 229 55
161.8704 108.8204 3391.5693 246 229 54
165.1173 109.1684 3402.4165 245 229 55
331.3956 98.5563 3071.6716 243 226 52
332.8983 98.2726 3062.8279 242 226 52
336.0000 98.4615 3068.7180 242 226 52
338.4615 98.4615 3068.7180 243 226 52
339.9425 98.1783 3059.8914 243 226 52
343.3846 98.4615 3068.7180 242 225 51
346.1790 98.5563 3071.6716 242 224 51
348.3077 98.4615 3068.7180 239 222 50
350.7693 98.4615 3068.7180 234 216 47
352.8915 98.3670 3065.7703 223 204 38
355.3507 98.3670 3065.7703 211 189 26
358.4986 98.5563 3071.6716 203 179 20
362.7079 99.0329 3086.5249 202 177 21
365.8915 99.2248 3092.5066 200 175 21
370.1656 99.7079 3107.5625 200 175 20
372.2957 99.6109 3104.5396 198 173 18
375.5166 99.8051 3110.5913 196 171 17
378.7500 100.0000 3116.6667 195 170 17
384.6306 100.8867 3144.3022 194 169 17
389.0693 101.3861 3159.8682 193 168 16
392.7706 101.6882 3169.2817 193 168 16
397.2854 102.1956 3185.0964 193 167 17
430.2863 108.5896 3384.3762 192 166 17
433.4608 108.7049 3387.9690 192 166 16
437.1064 108.9362 3395.1775 193 166 17
442.6553 109.6360 3416.9880 193 166 15
448.1371 109.6360 3416.9880 193 166 15
449.4344 109.2850 3406.0479 195 168 15
489.0703 116.0998 3618.4431 201 173 15
493.6519 116.4960 3630.7927 201 174 16
495.4370 116.2316 3622.5503 201 174 15
497.7778 116.0998 3618.4431 211 178 20
500.6803 116.0998 3618.4431 224 185 27
503.0125 115.9683 3614.3452 224 186 28
506.4853 116.0998 3618.4431 225 185 28
510.5455 116.3636 3626.6667 223 184 27
-412.8424 147.0398 4700.2456 61 67 132
-409.6756 147.2567 4707.1782 61 67 137
-406.4993 147.4742 4714.1309 63 68 141
-402.1239 147.2567 4707.1782 63 69 141
-398.3481 147.2567 4707.1782 62 68 143
-393.4118 146.8235 4693.3335 59 67 143
-388.5044 146.3930 4679.5698 56 64 142
-384.7507 146.3930 4679.5698 56 64 142
-381.5565 146.6079 4686.4414 56 64 142
-377.2434 146.3930 4679.5698 57 64 143
-372.9429 146.1786 4672.7188 57 64 142
-369.1948 146.1786 4672.7188 61 66 142
-365.4466 146.1786 4672.7188 66 71 148
-361.6985 146.1786 4672.7188 72 78 161
-357.4269 145.9649 4665.8872 73 81 165
-353.6842 145.9649 4665.8872 63 70 159
-349.9416 145.9649 4665.8872 57 64 152
-345.6935 145.7518 4659.0757 57 64 148
-341.9562 145.7518 4659.0757 58 65 146
-337.7260 145.5394 4652.2837 57 64 144
-334.4818 145.7518 4659.0757 57 63 142
-331.2281 145.9649 4665.8872 57 64 140
-327.0073 145.7518 4659.0757 59 65 139
-320.9276 144.6957 4625.3140 60 66 138
-317.2174 144.6957 4625.3140 60 66 137
-313.5073 144.6957 4625.3140 60 67 135
-309.7971 144.6957 4625.3140 62 68 135
-305.6440 144.4863 4618.6206 63 68 135
-301.9393 144.4863 4618.6206 63 67 134
-298.2345 144.4863 4618.6206 65 69 134
-294.9565 144.6957 4625.3140 67 70 134
-291.6691 144.9057 4632.0273 68 70 134
-287.9536 144.9057 4632.0273 67 69 134
-284.2381 144.9057 4632.0273 65 69 136
-280.5225 144.9057 4632.0273 66 70 135
-277.2093 145.1163 4638.7598 70 70 135
-273.0915 144.9057 4632.0273 76 77 136
-269.3759 144.9057 4632.0273 70 71 133
-265.6604 144.9057 4632.0273 69 71 133
-261.9449 144.9057 4632.0273 69 72 133
-258.6047 145.1163 4638.7598 70 73 133
-254.1449 144.6957 4625.3140 72 73 131
-249.3507 144.0693 4605.2910 72 73 130
-165.4016 116.2282 3715.3279 70 72 126
-162.4214 116.2282 3715.3279 72 75 125
-157.9700 115.1557 3681.0459 70 72 123
-156.0976 115.9582 3706.6978 71 72 124
-152.9467 115.8237 3702.3977 70 71 125
-149.8030 115.6895 3698.1074 64 67 123
-146.8366 115.6895 3698.1074 65 66 121
-143.8702 115.6895 3698.1074 116 106 122
-140.7408 115.5556 3693.8271 229 213 157
-137.6185 115.4220 3689.5569 236 218 147
-134.8148 115.5556 3693.8271 236 216 145
-131.6994 115.4220 3689.5569 234 214 143
-128.7399 115.4220 3689.5569 228 207 129
-125.9259 115.5556 3693.8271 226 200 117
-122.6790 115.2887 3685.2964 227 202 124
-119.5848 115.1557 3681.0459 231 209 138
-116.6321 115.1557 3681.0459 231 211 140
-114.0741 115.5556 3693.8271 231 211 140
-110.4718 114.8907 3672.5740 232 212 141
-107.2790 114.6269 3664.1409 232 212 142
-104.4598 114.7586 3668.3525 232 212 142
-101.6341 114.8907 3672.5740 232 212 142
113.8692 107.0097 3420.6504 232 214 139
116.4882 106.8951 3416.9880 232 214 139
118.9744 106.6667 3409.6868 233 214 139
121.5795 106.5528 3406.0479 233 214 140
124.0469 106.3259 3398.7932 234 215 139
126.7732 106.3259 3398.7932 234 215 138
129.4995 106.3259 3398.7932 233 215 138
132.2258 106.3259 3398.7932 234 215 138
135.0959 106.4392 3402.4165 235 215 136
137.9723 106.5528 3406.0479 235 215 134
140.7044 106.5528 3406.0479 235 215 131
143.4365 106.5528 3406.0479 234 215 126
146.1686 106.5528 3406.0479 237 216 115
148.5836 106.3259 3398.7932 242 223 82
151.3099 106.3259 3398.7932 245 229 61
154.0362 106.3259 3398.7932 246 229 57
156.5957 106.2128 3395.1775 246 229 55
159.4888 106.3259 3398.7932 246 229 55
329.8842 96.3707 3080.5664 243 226 52
332.0347 96.2777 3077.5957 242 226 52
333.2181 95.9078 3065.7703 243 226 52
336.3234 96.0924 3071.6716 243 226 52
338.7873 96.0924 3071.6716 243 226 52
340.2687 95.8157 3062.8279 243 226 52
343.7151 96.0924 3071.6716 243 226 51
346.1790 96.0924 3071.6716 241 224 51
348.3077 96.0000 3068.7180 239 223 50
350.7693 96.0000 3068.7180 233 217 45
352.8915 95.9078 3065.7703 223 205 37
355.6923 96.0000 3068.7180 210 188 25
358.4986 96.0924 3071.6716 202 179 20
362.7079 96.5571 3086.5249 202 177 21
366.2464 96.8380 3095.5061 201 176 21
370.8878 97.4049 3113.6260 199 174 20
373.0215 97.3099 3110.5913 198 173 19
376.2500 97.5000 3116.6667 197 172 18
379.1202 97.5953 3119.7134 195 169 18
385.3900 98.5587 3150.5100 194 168 18
389.4549 98.9495 3162.9998 193 168 16
393.1610 99.2445 3172.4321 193 168 17
397.6823 99.7403 3188.2786 193 167 17
431.2009 106.0999 3391.5693 191 166 16
433.9214 106.0999 3391.5693 192 167 16
438.0384 106.4392 3402.4165 193 166 16
443.1297 107.0097 3420.6504 193 166 15
448.1371 106.8951 3416.9880 193 166 15
449.4344 106.5528 3406.0479 195 168 15
489.0703 113.1973 3618.4431 200 172 16
493.0909 113.4546 3626.6667 201 173 16
494.8753 113.1973 3618.4431 201 173 14
497.2141 113.0691 3614.3452 211 178 20
500.6803 113.1973 3618.4431 223 184 26
502.4435 112.9412 3610.2566 224 185 27
505.9117 113.0691 3614.3452 225 186 28
509.3878 113.1973 3618.4431 224 184 27
-412.8424 143.2695 4700.2456 56 63 135
-409.6756 143.4808 4707.1782 56 63 136
-406.4993 143.6928 4714.1309 57 63 140
-401.5317 143.2695 4700.2456 58 64 141
-397.7614 143.2695 4700.2456 61 67 142
-392.8341 142.8488 4686.4414 61 68 142
-387.9356 142.4305 4672.7188 60 66 142
-384.7507 142.6393 4679.5698 57 63 141
-380.9971 142.6393 4679.5698 56 63 140
-377.2434 142.6393 4679.5698 56 64 143
-372.3977 142.2222 4665.8872 57 65 143
-368.6550 142.2222 4665.8872 60 66 141
-365.4466 142.4305 4672.7188 67 72 149
-361.1696 142.2222 4665.8872 72 79 162
-357.4269 142.2222 4665.8872 75 82 165
-353.6842 142.2222 4665.8872 61 70 157
-349.4307 142.0146 4659.0757 57 64 152
-345.6935 142.0146 4659.0757 57 64 148
-341.4577 141.8076 4652.2837 57 64 146
-337.7260 141.8076 4652.2837 56 64 145
-333.9942 141.8076 4652.2837 57 64 142
-331.2281 142.2222 4665.8872 58 64 140
-326.5306 141.8076 4652.2837 60 66 138
-320.9276 140.9855 4625.3140 61 65 135
-317.2174 140.9855 4625.3140 61 65 134
-313.5073 140.9855 4625.3140 61 67 134
-309.3488 140.7815 4618.6206 61 67 134
-305.2023 140.5780 4611.9463 61 66 134
-301.9393 140.7815 4618.6206 62 66 135
-298.2345 140.7815 4618.6206 64 68 136
-294.9565 140.9855 4625.3140 63 67 134
-291.6691 141.1901 4632.0273 67 69 136
-287.9536 141.1901 4632.0273 64 68 135
-284.2381 141.1901 4632.0273 64 68 137
-280.5225 141.1901 4632.0273 65 69 135
-277.2093 141.3954 4638.7598 65 68 134
-273.0915 141.1901 4632.0273 76 79 137
-269.3759 141.1901 4632.0273 68 70 132
-265.6604 141.1901 4632.0273 67 69 134
-261.9449 141.1901 4632.0273 67 71 132
-258.6047 141.3954 4638.7598 69 72 131
-254.1449 140.9855 4625.3140 71 71 133
-249.3507 140.3752 4605.2910 71 73 132
-165.4016 113.2480 3715.3279 68 70 127
-162.6107 113.3800 3719.6582 67 70 128
-158.1524 112.3326 3685.2964 67 70 126
-156.2791 113.1163 3711.0078 69 71 127
-153.1243 112.9849 3706.6978 71 72 127
-149.9768 112.8538 3702.3977 65 68 124
-147.0070 112.8538 3702.3977 66 67 123
-144.0371 112.8538 3702.3977 104 97 120
-140.9038 112.7231 3698.1074 225 208 156
-137.7778 112.5926 3693.8271 235 217 146
-134.9710 112.7231 3698.1074 236 216 144
-131.8519 112.5926 3693.8271 233 213 143
-128.8889 112.5926 3693.8271 227 205 130
-126.0718 112.7231 3698.1074 225 200 118
-122.9630 112.5926 3693.8271 227 202 124
-119.8613 112.4624 3689.5569 231 208 138
-116.9017 112.4624 3689.5569 231 210 140
-114.3388 112.8538 3702.3977 231 210 140
-110.5991 112.0737 3676.8049 232 211 142
-107.4023 111.8161 3668.3525 232 212 143
-104.5800 111.9448 3672.5740 232 212 141
111.2446 104.3777 3424.3206 232 214 139
113.9914 104.3777 3424.3206 232 213 138
116.4882 104.1542 3416.9880 232 214 138
118.9744 103.9316 3409.6868 233 214 139
121.5795 103.8207 3406.0479 233 214 140
124.0469 103.5996 3398.7932 234 215 139
126.6383 103.4894 3395.1775 234 215 138
129.4995 103.5996 3398.7932 234 215 138
132.2258 103.5996 3398.7932 234 215 137
135.0959 103.7100 3402.4165 235 215 133
138.1197 103.9316 3409.6868 234 215 131
140.7044 103.8207 3406.0479 234 215 127
143.4365 103.8207 3406.0479 236 216 115
146.1686 103.8207 3406.0479 241 223 86
148.7420 103.7100 3402.4165 245 228 62
151.4712 103.7100 3402.4165 246 230 56
154.2004 103.7100 3402.4165 246 229 54
329.5661 93.8091 3077.5957 243 226 52
331.7148 93.7187 3074.6309 242 225 52
333.2181 93.4486 3065.7703 242 226 52
336.3234 93.6285 3071.6716 243 226 52
339.1137 93.7187 3074.6309 243 226 52
340.2687 93.3589 3062.8279 243 226 52
343.7151 93.6285 3071.6716 243 226 51
346.5125 93.7187 3074.6309 241 225 51
348.6429 93.6285 3071.6716 239 222 51
351.1069 93.6285 3071.6716 233 216 47
353.2308 93.5385 3068.7180 223 204 36
355.6923 93.5385 3068.7180 211 188 25
358.4986 93.6285 3071.6716 203 179 21
362.7079 94.0812 3086.5249 202 177 21
366.9583 94.5384 3101.5227 201 176 20
371.9765 95.1859 3122.7659 199 174 19
374.4814 95.1859 3122.7659 198 173 19
376.9863 95.1859 3122.7659 197 172 18
379.8629 95.2791 3125.8245 195 170 17
386.1523 96.2216 3156.7427 194 169 17
390.2284 96.6038 3169.2817 193 168 16
393.9442 96.8924 3178.7517 193 167 15
398.0800 97.2800 3191.4668 192 167 15
431.6596 103.4894 3395.1775 192 166 16
434.8456 103.5996 3398.7932 192 166 15
449.0988 104.3777 3424.3206 193 166 14
489.0703 110.2948 3618.4431 199 172 16
493.6519 110.6712 3630.7927 200 173 15
495.4370 110.4200 3622.5503 201 173 14
497.2141 110.1699 3614.3452 212 177 20
500.6803 110.2948 3618.4431 224 185 27
502.4435 110.0453 3610.2566 224 185 27
509.3878 110.2948 3618.4431 225 185 28
-412.8424 139.4993 4700.2456 58 64 134
-409.0722 139.4993 4700.2456 57 63 137
-405.8997 139.7050 4707.1782 57 64 138
-400.9412 139.2941 4693.3335 57 64 140
-397.1765 139.2941 4693.3335 57 65 141
-392.2581 138.8856 4679.5698 57 64 141
-387.3684 138.4796 4665.8872 57 64 143
-384.1875 138.6823 4672.7188 55 63 141
-380.9971 138.8856 4679.5698 56 64 142
-376.6911 138.6823 4672.7188 57 63 143
-372.3977 138.4796 4665.8872 57 64 143
-368.6550 138.4796 4665.8872 61 67 142
-364.9123 138.4796 4665.8872 66 71 150
-361.1696 138.4796 4665.8872 71 78 163
-357.4269 138.4796 4665.8872 76 82 166
-353.1679 138.2774 4659.0757 61 69 158
-349.4307 138.2774 4659.0757 57 65 152
-345.6935 138.2774 4659.0757 56 64 147
-341.4577 138.0758 4652.2837 54 64 145
-337.7260 138.0758 4652.2837 55 64 145
-334.4818 138.2774 4659.0757 57 64 141
-331.2281 138.4796 4665.8872 58 64 141
-326.5306 138.0758 4652.2837 60 66 140
-320.9276 137.2754 4625.3140 62 68 140
-317.2174 137.2754 4625.3140 62 67 139
-313.5073 137.2754 4625.3140 62 67 138
-309.3488 137.0767 4618.6206 62 66 137
-305.2023 136.8786 4611.9463 62 66 137
-301.9393 137.0767 4618.6206 61 65 137
-298.2345 137.0767 4618.6206 63 67 137
-294.9565 137.2754 4625.3140 62 66 136
-291.2464 137.2754 4625.3140 64 68 136
-287.5363 137.2754 4625.3140 72 74 137
-284.2381 137.4746 4632.0273 71 72 133
-280.5225 137.4746 4632.0273 66 67 134
-276.8070 137.4746 4632.0273 64 67 134
-273.0915 137.4746 4632.0273 69 71 134
-269.3759 137.4746 4632.0273 69 71 133
-265.6604 137.4746 4632.0273 67 70 132
-261.9449 137.4746 4632.0273 67 70 134
-258.6047 137.6744 4638.7598 68 70 131
-254.1449 137.2754 4625.3140 68 71 131
-249.7110 136.8786 4611.9463 69 72 132
-162.6107 110.3963 3719.6582 68 69 128
-158.1524 109.3764 3685.2964 67 70 127
-156.2791 110.1395 3711.0078 69 71 127
-153.3023 110.1395 3711.0078 72 72 128
-150.1510 110.0116 3706.6978 68 69 125
-147.1777 110.0116 3706.6978 66 67 122
-144.0371 109.8840 3702.3977 96 89 117
-141.0673 109.8840 3702.3977 221 203 155
-137.9374 109.7567 3698.1074 235 217 145
-134.9710 109.7567 3698.1074 236 216 144
-132.0046 109.7567 3698.1074 234 213 142
-129.0382 109.7567 3698.1074 228 206 131
-126.2181 109.8840 3702.3977 223 199 118
-123.2483 109.8840 3702.3977 227 202 125
-120.0000 109.6296 3693.8271 231 208 137
-117.0370 109.6296 3693.8271 231 210 140
-114.6047 110.1395 3711.0078 231 211 140
-110.7266 109.2503 3681.0459 231 211 141
-107.2790 108.7486 3664.1409 233 212 143
108.7312 101.8495 3431.6846 232 213 140
111.3641 101.7401 3427.9988 232 214 140
114.1139 101.7401 3427.9988 232 213 139
116.6131 101.5220 3420.6504 233 214 138
119.1016 101.3048 3413.3335 233 214 139
121.7094 101.1966 3409.6868 234 214 139
124.1791 100.9808 3402.4165 234 215 138
126.7732 100.8733 3398.7932 234 215 137
129.6375 100.9808 3402.4165 233 214 137
132.3667 100.9808 3402.4165 234 215 135
135.2401 101.0886 3406.0479 235 215 131
138.2674 101.3048 3413.3335 235 215 128
140.8547 101.1966 3409.6868 236 216 118
143.5898 101.1966 3409.6868 241 223 88
146.4813 101.3048 3413.3335 245 228 62
329.8842 91.4286 3080.5664 243 226 51
332.0347 91.3404 3077.5957 243 226 52
333.5385 91.0769 3068.7180 243 226 52
336.6474 91.2524 3074.6309 243 225 52
339.1137 91.2524 3074.6309 243 225 52
340.2687 90.9021 3062.8279 243 226 52
344.0463 91.2524 3074.6309 243 226 51
346.5125 91.2524 3074.6309 241 225 50
348.9789 91.2524 3074.6309 239 222 51
351.4451 91.2524 3074.6309 233 216 47
353.5708 91.1646 3071.6716 224 204 36
356.0347 91.1646 3071.6716 210 188 25
359.1900 91.3404 3077.5957 203 179 21
362.7079 91.6054 3086.5249 202 177 21
367.3152 92.1401 3104.5396 201 176 20
372.3409 92.7718 3125.8245 199 174 20
374.8482 92.7718 3125.8245 198 173 19
377.3556 92.7718 3125.8245 197 172 18
380.2353 92.8627 3128.8889 195 170 17
386.5347 93.7822 3159.8682 193 168 16
390.2284 94.0616 3169.2817 193 167 17
393.5522 94.2488 3175.5889 193 167 17
397.6823 94.6254 3188.2786 192 166 16
400.2398 94.6254 3188.2786 192 167 17
432.5800 100.9808 3402.4165 192 166 16
489.0703 107.3923 3618.4431 200 172 15
494.2142 107.8816 3634.9280 201 173 15
496.0000 107.6364 3626.6667 201 173 14
497.2141 107.2707 3614.3452 212 178 21
500.6803 107.3923 3618.4431 224 185 27
502.4435 107.1493 3610.2566 225 185 27
-412.2353 135.5294 4693.3335 70 75 130
-409.0722 135.7290 4700.2456 59 64 135
-405.3019 135.7290 4700.2456 57 64 138
-400.9412 135.5294 4693.3335 57 64 140
-397.1765 135.5294 4693.3335 56 64 141
-391.6838 134.9341 4672.7188 57 64 141
-386.8029 134.5401 4659.0757 56 64 143
-383.6258 134.7368 4665.8872 55 64 143
-380.9971 135.1320 4679.5698 55 64 142
-376.6911 134.9341 4672.7188 57 64 142
-372.3977 134.7368 4665.8872 58 64 143
-368.6550 134.7368 4665.8872 63 67 144
-364.9123 134.7368 4665.8872 67 71 150
-361.1696 134.7368 4665.8872 71 78 163
-356.9051 134.5401 4659.0757 75 81 165
-353.1679 134.5401 4659.0757 59 68 156
-349.4307 134.5401 4659.0757 57 64 152
-345.6935 134.5401 4659.0757 56 64 147
-341.4577 134.3440 4652.2837 56 63 144
-337.7260 134.3440 4652.2837 57 63 143
-334.4818 134.5401 4659.0757 58 64 141
-331.2281 134.7368 4665.8872 57 64 141
-326.5306 134.3440 4652.2837 58 64 139
-320.9276 133.5652 4625.3140 59 64 138
-317.2174 133.5652 4625.3140 61 66 139
-313.5073 133.5652 4625.3140 62 66 139
-309.3488 133.3719 4618.6206 62 66 137
-305.2023 133.1792 4611.9463 61 65 138
-301.9393 133.3719 4618.6206 60 65 137
-298.2345 133.3719 4618.6206 61 67 137
-294.9565 133.5652 4625.3140 62 67 135
-291.6691 133.7591 4632.0273 64 68 135
-287.5363 133.5652 4625.3140 69 72 135
-284.2381 133.7591 4632.0273 68 69 134
-280.5225 133.7591 4632.0273 65 67 134
-276.8070 133.7591 4632.0273 64 68 133
-273.0915 133.7591 4632.0273 65 68 134
-269.3759 133.7591 4632.0273 66 70 134
-265.6604 133.7591 4632.0273 65 70 133
-261.9449 133.7591 4632.0273 68 71 133
-258.6047 133.9535 4638.7598 69 70 134
-254.5138 133.7591 4632.0273 67 72 133
-249.7110 133.1792 4611.9463 68 73 133
-162.8005 107.5379 3723.9985 70 71 128
-158.1524 106.4203 3685.2964 69 70 128
-156.2791 107.1628 3711.0078 72 73 129
-153.3023 107.1628 3711.0078 72 72 127
-150.1510 107.0383 3706.6978 69 69 125
-147.1777 107.0383 3706.6978 66 66 123
-144.0371 106.9142 3702.3977 89 82 114
-141.0673 106.9142 3702.3977 215 197 156
-137.9374 106.7903 3698.1074 235 217 146
-134.9710 106.7903 3698.1074 235 216 144
-132.0046 106.7903 3698.1074 234 213 141
-129.0382 106.7903 3698.1074 228 207 133
-126.2181 106.9142 3702.3977 227 203 128
-123.2483 106.9142 3702.3977 228 206 134
-120.0000 106.6667 3693.8271 231 209 138
-117.0370 106.6667 3693.8271 231 210 139
-110.7266 106.2976 3681.0459 231 210 140
-107.0332 105.5670 3655.7466 232 211 143
106.0926 99.2035 3435.3787 233 214 140
108.6144 98.9903 3427.9988 233 213 140
111.3641 98.9903 3427.9988 232 213 139
114.1139 98.9903 3427.9988 232 214 139
116.6131 98.7781 3420.6504 233 214 138
119.1016 98.5669 3413.3335 233 214 139
121.7094 98.4615 3409.6868 234 215 138
124.3116 98.3565 3406.0479 234 215 135
127.0438 98.3565 3406.0479 234 214 135
129.7759 98.3565 3406.0479 234 214 135
132.6496 98.4615 3409.6868 234 214 132
135.5294 98.5669 3413.3335 235 215 128
138.4154 98.6724 3416.9880 236 216 119
141.1563 98.6724 3416.9880 240 222 92
143.8972 98.6724 3416.9880 245 228 65
330.5222 89.1296 3086.5249 243 226 51
332.6764 89.0435 3083.5427 243 226 51
333.8595 88.7007 3071.6716 243 226 51
336.9720 88.8717 3077.5957 243 225 51
339.4407 88.8717 3077.5957 243 225 52
340.9231 88.6154 3068.7180 243 225 52
344.3780 88.8717 3077.5957 242 225 51
346.8467 88.8717 3077.5957 241 225 50
348.9789 88.7861 3074.6309 239 222 51
351.4451 88.7861 3074.6309 234 216 47
353.5708 88.7007 3071.6716 224 204 35
356.3777 88.7861 3074.6309 210 188 25
359.1900 88.8717 3077.5957 203 179 21
363.0591 89.2159 3089.5129 201 177 21
367.6729 89.7371 3107.5625 200 175 20
372.7059 90.3529 3128.8889 198 173 19
375.5839 90.4416 3131.9595 198 173 18
377.7255 90.3529 3128.8889 197 172 18
380.6085 90.4416 3131.9595 195 170 18
386.5347 91.2475 3159.8682 194 169 17
390.2284 91.5194 3169.2817 193 167 17
393.5522 91.7015 3175.5889 193 167 17
397.2854 91.9760 3185.0964 193 166 16
400.2398 92.0679 3188.2786 193 167 16
433.0417 98.3565 3406.0479 192 167 15
489.0703 104.4898 3618.4431 200 171 16
494.7777 105.0855 3639.0728 202 172 16
496.0000 104.7273 3626.6667 202 173 16
497.2141 104.3715 3614.3452 211 179 21
500.6803 104.4898 3618.4431 224 184 26
502.4435 104.2534 3610.2566 225 185 27
505.9117 104.3715 3614.3452 226 185 28
-412.8424 131.9588 4700.2456 79 82 128
-409.0722 131.9588 4700.2456 59 64 131
-405.3019 131.9588 4700.2456 59 64 138
-400.9412 131.7647 4693.3335 59 65 139
-397.1765 131.7647 4693.3335 57 65 140
-391.6838 131.1860 4672.7188 57 64 142
-386.8029 130.8029 4659.0757 57 64 142
-383.6258 130.9942 4665.8872 58 65 143
-380.9971 131.3783 4679.5698 57 65 142
-376.6911 131.1860 4672.7188 58 64 143
-371.8540 130.8029 4659.0757 58 63 143
-368.6550 130.9942 4665.8872 63 69 144
-364.9123 130.9942 4665.8872 67 72 152
-360.6424 130.8029 4659.0757 74 81 166
-356.9051 130.8029 4659.0757 76 83 165
-353.1679 130.8029 4659.0757 61 69 155
-348.9213 130.6122 4652.2837 56 64 150
-345.6935 130.8029 4659.0757 56 64 147
-341.4577 130.6122 4652.2837 57 64 144
-337.7260 130.6122 4652.2837 57 63 142
-334.4818 130.8029 4659.0757 58 64 142
-331.2281 130.9942 4665.8872 57 64 140
-326.0553 130.4221 4645.5122 58 64 139
-320.9276 129.8551 4625.3140 59 65 139
-317.2174 129.8551 4625.3140 59 65 139
-313.5073 129.8551 4625.3140 60 67 139
-309.3488 129.6672 4618.6206 60 66 137
-305.2023 129.4798 4611.9463 59 65 136
-301.9393 129.6672 4618.6206 59 65 136
-298.2345 129.6672 4618.6206 62 67 136
-294.9565 129.8551 4625.3140 63 68 136
-291.6691 130.0435 4632.0273 63 67 136
-287.5363 129.8551 4625.3140 65 67 136
-284.2381 130.0435 4632.0273 65 67 136
-280.1160 129.8551 4625.3140 64 68 134
-276.8070 130.0435 4632.0273 63 68 133
-272.6956 129.8551 4625.3140 65 69 134
-269.3759 130.0435 4632.0273 65 69 133
-265.6604 130.0435 4632.0273 68 71 134
-261.9449 130.0435 4632.0273 68 71 131
-258.6047 130.2326 4638.7598 67 70 133
-254.1449 129.8551 4625.3140 68 71 133
-249.7110 129.4798 4611.9463 71 73 133
-158.1524 103.4642 3685.2964 71 72 131
-156.4610 104.3073 3715.3279 72 73 129
-153.4808 104.3073 3715.3279 75 74 128
-150.1510 104.0650 3706.6978 71 71 126
-147.1777 104.0650 3706.6978 64 65 122
-144.2044 104.0650 3706.6978 81 77 112
-141.0673 103.9443 3702.3977 208 191 154
-137.9374 103.8239 3698.1074 235 215 147
-134.9710 103.8239 3698.1074 235 215 144
-132.0046 103.8239 3698.1074 233 213 142
-129.1879 103.9443 3702.3977 230 210 139
-126.3647 104.0650 3706.6978 231 211 140
-123.2483 103.9443 3702.3977 232 212 143
-120.0000 103.7037 3693.8271 231 211 142
-117.0370 103.7037 3693.8271 231 211 141
-110.5991 103.2258 3676.8049 231 211 141
103.5599 96.6559 3442.7905 232 213 140
106.2069 96.5517 3439.0806 233 213 140
108.6144 96.2406 3427.9988 233 213 139
111.3641 96.2406 3427.9988 233 213 139
114.1139 96.2406 3427.9988 233 213 139
116.6131 96.0343 3420.6504 233 214 138
119.1016 95.8289 3413.3335 234 215 137
121.7094 95.7265 3409.6868 234 215 137
124.3116 95.6243 3406.0479 234 214 135
127.0438 95.6243 3406.0479 234 214 133
129.7759 95.6243 3406.0479 234 214 129
132.7915 95.8289 3413.3335 235 214 129
135.6745 95.9315 3416.9880 237 215 121
138.4154 95.9315 3416.9880 241 221 95
141.1563 95.9315 3416.9880 245 229 67
144.0515 96.0343 3420.6504 247 230 57
330.8422 86.7377 3089.5129 243 226 52
332.6764 86.5701 3083.5427 242 226 52
334.1811 86.3199 3074.6309 242 226 52
336.9720 86.4031 3077.5957 242 226 51
339.4407 86.4031 3077.5957 243 226 52
340.9231 86.1539 3068.7180 243 226 52
344.3780 86.4031 3077.5957 242 225 52
346.8467 86.4031 3077.5957 242 225 51
349.3153 86.4031 3077.5957 239 222 50
351.7840 86.4031 3077.5957 234 216 47
353.5708 86.2368 3071.6716 223 204 37
356.7213 86.4031 3077.5957 209 188 25
359.5367 86.4865 3080.5664 203 178 21
368.0312 87.3294 3110.5913 200 175 21
373.4381 88.0157 3135.0361 199 174 20
375.9529 88.0157 3135.0361 198 173 19
378.0962 87.9293 3131.9595 197 172 20
380.9823 88.0157 3135.0361 195 170 18
387.3016 88.8889 3166.1377 195 169 18
390.6163 89.0656 3172.4321 193 168 18
393.9442 89.2430 3178.7517 193 167 17
397.2854 89.4212 3185.0964 192 167 17
400.2398 89.5105 3188.2786 192 167 17
433.0417 95.6243 3406.0479 193 167 16
494.2142 102.0501 3634.9280 201 172 15
496.0000 101.8182 3626.6667 202 173 15
497.7778 101.5873 3618.4431 212 178 20
501.2486 101.7026 3622.5503 224 184 26
503.0125 101.4723 3614.3452 226 185 28
505.9117 101.4723 3614.3452 226 185 28
509.3878 101.5873 3618.4431 226 184 26
-412.8424 128.1885 4700.2456 92 92 131
-409.0722 128.1885 4700.2456 63 67 128
-405.3019 128.1885 4700.2456 60 66 138
-400.9412 128.0000 4693.3335 59 66 139
-397.1765 128.0000 4693.3335 58 65 139
-391.6838 127.4378 4672.7188 58 64 140
-386.8029 127.0657 4659.0757 57 64 141
-384.1875 127.4378 4672.7188 57 64 143
-380.9971 127.6246 4679.5698 58 65 143
-376.6911 127.4378 4672.7188 57 64 144
-371.8540 127.0657 4659.0757 57 62 142
-368.1168 127.0657 4659.0757 62 67 145
-364.3796 127.0657 4659.0757 67 71 154
-360.6424 127.0657 4659.0757 76 84 167
-356.9051 127.0657 4659.0757 75 83 163
-352.6531 126.8805 4652.2837 60 68 156
-348.9213 126.8805 4652.2837 57 64 150
-345.1895 126.8805 4652.2837 56 64 146
-340.9608 126.6958 4645.5122 56 63 144
-337.7260 126.8805 4652.2837 57 63 144
-334.4818 127.0657 4659.0757 57 64 143
-331.2281 127.2515 4665.8872 58 65 142
-326.0553 126.6958 4645.5122 59 64 140
-320.9276 126.1449 4625.3140 58 64 138
-317.2174 126.1449 4625.3140 58 64 138
-313.0536 125.9624 4618.6206 60 65 138
-309.3488 125.9624 4618.6206 61 65 137
-305.2023 125.7804 4611.9463 60 66 137
-301.9393 125.9624 4618.6206 60 66 137
-298.2345 125.9624 4618.6206 62 66 137
-294.9565 126.1449 4625.3140 63 67 137
-291.6691 126.3280 4632.0273 63 66 137
-287.9536 126.3280 4632.0273 62 66 137
-284.2381 126.3280 4632.0273 62 68 136
-280.5225 126.3280 4632.0273 64 68 136
-276.8070 126.3280 4632.0273 66 69 135
-273.0915 126.3280 4632.0273 65 68 134
-269.3759 126.3280 4632.0273 66 68 135
-265.6604 126.3280 4632.0273 67 70 134
-261.9449 126.3280 4632.0273 66 71 133
-258.6047 126.5116 4638.7598 67 71 133
-254.5138 126.3280 4632.0273 65 69 132
-250.0724 125.9624 4618.6206 66 69 132
-158.3353 100.6243 3689.5569 71 73 130
-156.4610 101.3271 3715.3279 74 74 128
-153.4808 101.3271 3715.3279 76 75 129
-150.1510 101.0918 3706.6978 71 72 126
-147.1777 101.0918 3706.6978 63 65 121
-144.2044 101.0918 3706.6978 77 73 113
-141.0673 100.9745 3702.3977 197 183 152
-137.9374 100.8575 3698.1074 235 215 149
-135.1276 100.9745 3702.3977 235 215 145
-132.0046 100.8575 3698.1074 234 214 143
-129.1879 100.9745 3702.3977 233 213 142
-126.3647 101.0918 3706.6978 233 213 143
-123.3914 101.0918 3706.6978 233 213 143
-120.0000 100.7407 3693.8271 233 213 144
-116.9017 100.6243 3689.5569 232 212 142
103.4483 93.7931 3439.0806 233 213 141
106.2069 93.7931 3439.0806 233 213 140
108.6144 93.4909 3427.9988 233 213 139
111.3641 93.4909 3427.9988 233 213 138
114.1139 93.4909 3427.9988 233 214 138
116.6131 93.2905 3420.6504 234 215 137
119.2291 93.1906 3416.9880 233 214 136
121.8396 93.0909 3413.3335 234 214 135
124.4445 92.9915 3409.6868 234 214 134
127.1795 92.9915 3409.6868 234 214 130
130.0535 93.0909 3413.3335 235 214 127
132.9336 93.1906 3416.9880 237 215 120
135.8199 93.2905 3420.6504 240 220 95
138.7124 93.3906 3424.3206 245 229 66
141.4592 93.3906 3424.3206 247 230 58
144.3609 93.4909 3427.9988 247 230 56
147.2688 93.5914 3431.6846 247 229 55
332.6764 84.0966 3083.5427 242 226 51
334.1811 83.8536 3074.6309 242 226 52
336.9720 83.9344 3077.5957 242 226 52
339.4407 83.9344 3077.5957 243 226 52
340.5956 83.6119 3065.7703 243 226 52
344.3780 83.9344 3077.5957 243 226 52
347.1815 84.0154 3080.5664 242 225 51
349.3153 83.9344 3077.5957 239 222 49
351.7840 83.9344 3077.5957 233 216 45
353.5708 83.7729 3071.6716 222 204 36
356.7213 83.9344 3077.5957 209 188 25
359.5367 84.0154 3080.5664 203 178 20
368.3903 84.9171 3113.6260 200 175 21
373.4381 85.5010 3135.0361 199 174 21
375.9529 85.5010 3135.0361 198 173 21
378.0962 85.4171 3131.9595 197 172 19
380.9823 85.5010 3135.0361 196 171 17
387.3016 86.3492 3166.1377 195 169 17
390.6163 86.5209 3172.4321 194 167 18
393.9442 86.6932 3178.7517 193 167 17
397.2854 86.8663 3185.0964 193 167 15
399.8403 86.8663 3185.0964 192 166 16
494.2142 99.1344 3634.9280 201 173 15
495.4370 98.7968 3622.5503 202 173 15
497.2141 98.5731 3614.3452 212 178 21
501.2486 98.7968 3622.5503 224 184 27
503.0125 98.5731 3614.3452 226 185 28
505.3394 98.4615 3610.2566 225 185 27
508.2354 98.4615 3610.2566 225 185 26
-412.8424 124.4183 4700.2456 92 92 118
-409.0722 124.4183 4700.2456 66 70 128
-405.3019 124.4183 4700.2456 63 69 137
-400.9412 124.2353 4693.3335 62 68 140
-396.5932 124.0529 4686.4414 61 66 141
-391.6838 123.6896 4672.7188 60 64 140
-386.8029 123.3285 4659.0757 58 64 141
-384.1875 123.6896 4672.7188 57 64 143
-380.4393 123.6896 4672.7188 57 64 144
-376.6911 123.6896 4672.7188 57 64 145
-371.8540 123.3285 4659.0757 55 61 144
-368.1168 123.3285 4659.0757 62 69 146
-364.3796 123.3285 4659.0757 68 73 155
-360.6424 123.3285 4659.0757 75 82 167
-356.3849 123.1487 4652.2837 72 79 162
-352.6531 123.1487 4652.2837 59 67 154
-348.9213 123.1487 4652.2837 58 64 150
-345.1895 123.1487 4652.2837 57 64 145
-340.9608 122.9694 4645.5122 57 64 144
-337.7260 123.1487 4652.2837 58 64 144
-334.4818 123.3285 4659.0757 58 64 141
-331.2281 123.5088 4665.8872 60 64 139
-325.5814 122.7907 4638.7598 59 64 138
-320.4631 122.2576 4618.6206 58 64 138
-317.2174 122.4348 4625.3140 57 64 138
-313.0536 122.2576 4618.6206 58 65 137
-308.9017 122.0809 4611.9463 60 66 138
-305.2023 122.0809 4611.9463 62 67 140
-301.5029 122.0809 4611.9463 61 67 138
-298.2345 122.2576 4618.6206 62 66 137
-294.9565 122.4348 4625.3140 62 67 137
-291.6691 122.6125 4632.0273 62 67 138
-287.9536 122.6125 4632.0273 61 67 139
-284.2381 122.6125 4632.0273 60 67 137
-280.5225 122.6125 4632.0273 63 67 136
-276.8070 122.6125 4632.0273 66 69 135
-273.0915 122.6125 4632.0273 67 71 135
-269.3759 122.6125 4632.0273 68 69 135
-265.6604 122.6125 4632.0273 68 72 134
-261.9449 122.6125 4632.0273 67 72 133
-258.6047 122.7907 4638.7598 68 71 132
-254.5138 122.6125 4632.0273 65 68 131
-250.4348 122.4348 4625.3140 64 69 132
-158.5185 97.7778 3693.8271 70 73 129
-156.4610 98.3469 3715.3279 72 74 128
-153.4808 98.3469 3715.3279 74 75 127
-150.3256 98.2326 3711.0078 70 73 125
-147.1777 98.1185 3706.6978 63 65 121
-144.2044 98.1185 3706.6978 74 70 117
-141.2311 98.1185 3706.6978 187 173 149
-138.0975 98.0046 3702.3977 235 216 149
-135.1276 98.0046 3702.3977 236 216 146
-132.1578 98.0046 3702.3977 235 214 144
-129.3380 98.1185 3706.6978 234 214 143
-126.3647 98.1185 3706.6978 234 214 143
-123.3914 98.1185 3706.6978 234 214 143
-120.1391 97.8911 3698.1074 234 214 144
-117.0370 97.7778 3693.8271 233 213 143
97.9310 91.0345 3439.0806 232 213 140
100.5813 90.9365 3435.3787 232 213 140
103.3369 90.9365 3435.3787 233 214 140
106.0926 90.9365 3435.3787 233 214 140
108.6144 90.7411 3427.9988 233 214 138
111.3641 90.7411 3427.9988 233 214 137
114.2366 90.8387 3431.6846 234 215 137
116.7382 90.6438 3424.3206 234 214 136
119.3569 90.5466 3420.6504 235 214 135
121.9700 90.4497 3416.9880 235 213 133
124.5775 90.3530 3413.3335 234 213 131
127.3155 90.3530 3413.3335 235 214 128
130.1927 90.4497 3416.9880 236 214 123
133.0761 90.5466 3420.6504 240 220 100
135.9657 90.6438 3424.3206 245 228 70
138.8615 90.7411 3427.9988 247 230 58
141.6112 90.7411 3427.9988 247 230 56
331.7148 81.3873 3074.6309 243 226 50
333.5385 81.2308 3068.7180 243 226 51
336.6474 81.3873 3074.6309 243 226 52
339.1137 81.3873 3074.6309 243 226 52
340.5956 81.1527 3065.7703 243 226 52
344.3780 81.4658 3077.5957 243 226 51
346.8467 81.4658 3077.5957 242 225 51
348.9789 81.3873 3074.6309 239 223 49
351.4451 81.3873 3074.6309 233 216 45
353.5708 81.3090 3071.6716 222 204 36
356.7213 81.4658 3077.5957 210 187 24
359.5367 81.5444 3080.5664 203 179 19
368.0312 82.3392 3110.5913 200 175 20
376.3225 83.0678 3138.1187 198 172 20
378.4676 82.9863 3135.0361 197 171 18
381.3569 83.0678 3138.1187 196 170 17
387.6862 83.8928 3169.2817 195 169 16
391.0050 84.0597 3175.5889 194 167 16
393.9442 84.1434 3178.7517 193 167 16
396.8893 84.2273 3181.9209 192 167 16
399.8403 84.3114 3185.0964 192 166 17
492.5312 95.8910 3622.5503 200 172 16
494.3149 95.6738 3614.3452 202 173 15
496.0904 95.4576 3606.1770 213 179 21
500.6803 95.7823 3618.4431 224 184 27
502.4435 95.5656 3610.2566 225 185 27
504.1987 95.3499 3602.1069 224 185 27
507.0880 95.3499 3602.1069 225 185 26
511.1313 95.5656 3610.2566 225 185 27
515.1927 95.7823 3618.4431 225 185 27
-412.8424 120.6480 4700.2456 109 105 110
-409.0722 120.6480 4700.2456 89 88 126
-405.3019 120.6480 4700.2456 67 71 130
-400.3524 120.2937 4686.4414 61 66 138
-396.0117 120.1173 4679.5698 58 65 139
-390.5402 119.5913 4659.0757 58 65 141
-386.2391 119.4169 4652.2837 58 65 141
-383.6258 119.7661 4665.8872 57 65 141
-380.4393 119.9414 4672.7188 56 65 142
-376.1404 119.7661 4665.8872 56 64 143
-371.3120 119.4169 4652.2837 56 63 143
-368.1168 119.5913 4659.0757 64 69 147
-363.8484 119.4169 4652.2837 69 74 156
-360.1166 119.4169 4652.2837 73 81 166
-356.3849 119.4169 4652.2837 70 76 161
-352.6531 119.4169 4652.2837 59 66 154
-348.9213 119.4169 4652.2837 57 64 149
-345.1895 119.4169 4652.2837 57 64 145
-340.9608 119.2431 4645.5122 57 64 143
-337.7260 119.4169 4652.2837 59 65 143
-334.4818 119.5913 4659.0757 58 66 142
-331.2281 119.7661 4665.8872 60 64 140
-326.0553 119.2431 4645.5122 59 64 138
-320.9276 118.7246 4625.3140 59 63 137
-317.2174 118.7246 4625.3140 60 64 138
-313.0536 118.5528 4618.6206 61 66 139
-309.3488 118.5528 4618.6206 62 67 139
-305.2023 118.3815 4611.9463 61 67 139
-301.5029 118.3815 4611.9463 61 67 137
-298.2345 118.5528 4618.6206 63 67 137
-294.9565 118.7246 4625.3140 63 67 137
-291.6691 118.8970 4632.0273 62 67 136
-287.9536 118.8970 4632.0273 63 67 136
-284.2381 118.8970 4632.0273 64 67 136
-280.5225 118.8970 4632.0273 64 67 136
-276.8070 118.8970 4632.0273 66 69 136
-273.0915 118.8970 4632.0273 67 70 134
-269.3759 118.8970 4632.0273 67 70 135
-265.6604 118.8970 4632.0273 67 70 134
-261.9449 118.8970 4632.0273 66 70 132
-258.6047 119.0698 4638.7598 65 68 131
-254.5138 118.8970 4632.0273 65 67 131
-250.4348 118.7246 4625.3140 64 67 131
-245.6566 118.2107 4605.2910 64 68 131
-158.8863 95.0348 3702.3977 73 73 129
-156.6434 95.4779 3719.6582 71 72 128
-153.6597 95.4779 3719.6582 72 73 128
-150.3256 95.2558 3711.0078 72 73 126
-147.3488 95.2558 3711.0078 65 65 122
-144.3721 95.2558 3711.0078 73 69 118
-141.3954 95.2558 3711.0078 176 162 144
-138.2579 95.1452 3706.6978 234 216 150
-135.2846 95.1452 3706.6978 235 216 145
-132.3113 95.1452 3706.6978 235 214 144
-129.4884 95.2558 3711.0078 234 214 144
-126.5116 95.2558 3711.0078 234 214 144
-123.5349 95.2558 3711.0078 234 214 143
-120.2784 95.0348 3702.3977 234 214 144
-117.1727 94.9247 3698.1074 233 214 144
78.7055 88.3711 3442.7905 233 215 142
84.0474 88.1808 3435.3787 233 215 141
86.8966 88.2759 3439.0806 232 214 140
89.5587 88.1808 3435.3787 232 214 140
92.3143 88.1808 3435.3787 232 213 139
95.1724 88.2759 3439.0806 232 212 138
97.7204 88.0860 3431.6846 232 213 139
100.3652 87.9914 3427.9988 233 213 139
103.1149 87.9914 3427.9988 233 214 139
105.8647 87.9914 3427.9988 234 214 138
108.4979 87.8970 3424.3206 233 214 138
111.2446 87.8970 3424.3206 233 214 137
113.8692 87.8028 3420.6504 233 214 136
116.4882 87.7088 3416.9880 234 214 134
119.1016 87.6150 3413.3335 234 213 132
121.8396 87.6150 3413.3335 234 213 130
124.4445 87.5214 3409.6868 234 213 128
127.1795 87.5214 3409.6868 236 215 123
129.9145 87.5214 3409.6868 240 220 106
132.7915 87.6150 3413.3335 245 228 75
135.5294 87.6150 3413.3335 247 230 59
138.2674 87.6150 3413.3335 248 230 57
327.6702 78.5427 3059.8914 243 226 52
330.7589 78.6936 3065.7703 242 226 51
332.8983 78.6180 3062.8279 243 226 51
336.3234 78.8450 3071.6716 243 226 51
338.4615 78.7692 3068.7180 243 226 52
340.2687 78.6180 3062.8279 243 226 52
344.0463 78.9210 3074.6309 243 226 51
346.8467 78.9971 3077.5957 242 225 51
348.9789 78.9210 3074.6309 239 222 51
351.4451 78.9210 3074.6309 233 216 45
353.5708 78.8450 3071.6716 223 204 36
356.3777 78.9210 3074.6309 210 188 24
359.5367 79.0734 3080.5664 202 178 20
376.3225 80.5506 3138.1187 198 172 18
378.4676 80.4715 3135.0361 197 172 19
381.3569 80.5506 3138.1187 196 170 18
387.6862 81.3505 3169.2817 195 168 17
391.0050 81.5124 3175.5889 193 167 17
394.3370 81.6750 3181.9209 193 167 16
396.8893 81.6750 3181.9209 193 167 16
399.8403 81.7565 3185.0964 192 167 16
493.1978 92.5650 3606.1770 202 173 14
494.9718 92.3563 3598.0459 213 179 20
499.5475 92.6697 3610.2566 224 184 26
501.3093 92.4605 3602.1069 225 185 27
503.6302 92.3563 3598.0459 225 185 27
506.5164 92.3563 3598.0459 225 184 26
509.9774 92.4605 3602.1069 225 185 25
514.0272 92.6697 3610.2566 226 185 27
-412.8424 116.8778 4700.2456 140 136 125
-408.4706 116.7059 4693.3335 135 132 131
-404.7059 116.7059 4693.3335 77 78 118
-400.3524 116.5345 4686.4414 60 65 135
-395.4319 116.1933 4672.7188 57 64 140
-389.9709 115.6851 4652.2837 57 64 141
-385.6769 115.5167 4645.5122 57 64 142
-383.0657 115.8540 4659.0757 57 65 142
-379.8831 116.0234 4665.8872 57 66 143
-375.5913 115.8540 4659.0757 56 65 144
-371.3120 115.6851 4652.2837 55 63 143
-367.5802 115.6851 4652.2837 65 70 148
-363.8484 115.6851 4652.2837 70 75 158
-360.1166 115.6851 4652.2837 71 81 166
-355.8661 115.5167 4645.5122 68 76 161
-352.1398 115.5167 4645.5122 59 65 154
-348.9213 115.6851 4652.2837 58 64 149
-345.1895 115.6851 4652.2837 57 64 146
-341.4577 115.6851 4652.2837 57 64 144
-337.7260 115.6851 4652.2837 59 65 143
-334.4818 115.8540 4659.0757 58 65 141
-331.2281 116.0234 4665.8872 60 66 140
-326.0553 115.5167 4645.5122 60 66 139
-320.9276 115.0145 4625.3140 61 66 139
-317.6778 115.1814 4632.0273 60 65 139
-313.5073 115.0145 4625.3140 60 65 138
-309.3488 114.8481 4618.6206 62 66 139
-305.2023 114.6821 4611.9463 62 67 139
-301.5029 114.6821 4611.9463 63 68 139
-298.2345 114.8481 4618.6206 63 67 138
-294.5297 114.8481 4618.6206 62 67 137
-291.2464 115.0145 4625.3140 61 66 136
-287.5363 115.0145 4625.3140 64 67 136
-283.8261 115.0145 4625.3140 64 66 135
-280.1160 115.0145 4625.3140 64 66 136
-276.8070 115.1814 4632.0273 65 66 137
-272.6956 115.0145 4625.3140 64 67 134
-268.9855 115.0145 4625.3140 64 67 135
-265.6604 115.1814 4632.0273 63 67 134
-261.5652 115.0145 4625.3140 66 69 133
-258.6047 115.3488 4638.7598 67 68 132
-254.5138 115.1814 4632.0273 65 67 132
-250.4348 115.0145 4625.3140 63 68 132
-245.3026 114.3516 4598.6553 65 69 132
-159.4412 92.3865 3715.3279 73 74 129
-156.8261 92.6021 3723.9985 71 72 128
-153.8390 92.6021 3723.9985 72 74 129
-150.5006 92.3865 3715.3279 72 73 127
-147.5204 92.3865 3715.3279 66 66 122
-144.3721 92.2791 3711.0078 72 68 118
-141.3954 92.2791 3711.0078 166 151 139
-138.4186 92.2791 3711.0078 233 216 151
-135.4419 92.2791 3711.0078 236 216 145
-132.4651 92.2791 3711.0078 235 215 144
-129.4884 92.2791 3711.0078 234 214 144
-126.6589 92.3865 3715.3279 234 214 144
-123.6787 92.3865 3715.3279 234 214 143
-120.4181 92.1719 3706.6978 234 214 144
-117.3086 92.0650 3702.3977 234 214 144
70.2691 85.4252 3435.3787 233 215 142
73.1823 85.6095 3442.7905 233 215 142
76.0259 85.7020 3446.5083 233 215 142
78.7905 85.7020 3446.5083 233 215 141
81.4671 85.6095 3442.7905 233 215 141
84.1379 85.5173 3439.0806 233 215 141
86.9903 85.6095 3442.7905 233 214 141
89.6552 85.5173 3439.0806 232 213 140
92.3143 85.4252 3435.3787 232 212 139
95.1724 85.5173 3439.0806 231 212 138
97.7204 85.3333 3431.6846 233 213 139
100.4731 85.3333 3431.6846 233 214 139
103.1149 85.2417 3427.9988 233 214 138
105.8647 85.2417 3427.9988 233 214 138
108.4979 85.1502 3424.3206 233 214 137
111.2446 85.1502 3424.3206 233 214 136
113.8692 85.0590 3420.6504 233 214 134
116.4882 84.9679 3416.9880 234 213 132
119.1016 84.8770 3413.3335 234 213 129
121.8396 84.8770 3413.3335 234 214 127
124.5775 84.8770 3413.3335 235 214 122
127.1795 84.7863 3409.6868 239 220 106
129.9145 84.7863 3409.6868 245 228 76
132.7915 84.8770 3413.3335 247 230 61
135.3846 84.7863 3409.6868 247 230 56
138.1197 84.7863 3409.6868 247 230 56
327.3563 76.0153 3056.9604 243 226 52
330.4415 76.1612 3062.8279 242 226 50
332.5791 76.0882 3059.8914 243 226 50
336.3234 76.3811 3071.6716 243 226 50
338.4615 76.3077 3068.7180 243 226 52
340.5956 76.2344 3065.7703 243 226 52
344.3780 76.5285 3077.5957 243 226 52
346.8467 76.5285 3077.5957 242 225 52
348.9789 76.4547 3074.6309 239 222 50
351.4451 76.4547 3074.6309 234 216 45
353.5708 76.3811 3071.6716 224 204 36
356.7213 76.5285 3077.5957 209 188 24
359.5367 76.6023 3080.5664 202 178 21
375.9529 77.9568 3135.0361 198 172 18
378.4676 77.9568 3135.0361 197 171 18
381.3569 78.0334 3138.1187 196 169 16
387.6862 78.8083 3169.2817 194 168 16
391.3944 79.0438 3178.7517 193 167 16
394.3370 79.1226 3181.9209 193 167 15
396.8893 79.1226 3181.9209 192 165 15
399.4417 79.1226 3181.9209 192 165 15
481.9665 88.6704 3565.8845 199 171 15
492.0857 89.4701 3598.0459 202 173 14
494.4145 89.3694 3593.9941 213 179 21
498.9831 89.6723 3606.1770 223 184 26
501.3093 89.5711 3602.1069 225 185 26
503.0631 89.3694 3593.9941 225 185 27
506.5164 89.4701 3598.0459 225 184 25
509.9774 89.5711 3602.1069 225 185 25
513.4464 89.6723 3606.1770 226 185 25
-412.8424 113.1075 4700.2456 113 111 130
-408.4706 112.9412 4693.3335 121 120 132
-404.7059 112.9412 4693.3335 73 75 122
-399.7654 112.6100 4679.5698 60 65 136
-394.8538 112.2807 4665.8872 59 65 139
-389.4033 111.7904 4645.5122 58 65 139
-385.1163 111.6279 4638.7598 58 65 142
-383.0657 112.1168 4659.0757 58 64 142
-379.8831 112.2807 4665.8872 58 65 142
-375.5913 112.1168 4659.0757 58 65 144
-370.7715 111.7904 4645.5122 59 64 144
-367.0451 111.7904 4645.5122 66 70 148
-363.3188 111.7904 4645.5122 71 77 159
-359.5925 111.7904 4645.5122 72 80 166
-355.8661 111.7904 4645.5122 68 75 161
-352.1398 111.7904 4645.5122 62 67 156
-348.9213 111.9534 4652.2837 59 65 150
-345.1895 111.9534 4652.2837 59 65 146
-341.4577 111.9534 4652.2837 60 65 144
-337.7260 111.9534 4652.2837 61 65 142
-334.4818 112.1168 4659.0757 59 66 139
-331.2281 112.2807 4665.8872 60 65 139
-326.0553 111.7904 4645.5122 60 65 139
-320.9276 111.3044 4625.3140 60 66 140
-317.6778 111.4659 4632.0273 60 66 139
-313.5073 111.3044 4625.3140 62 66 139
-309.3488 111.1433 4618.6206 62 66 139
-305.2023 110.9827 4611.9463 62 67 139
-301.5029 110.9827 4611.9463 63 68 139
-297.8035 110.9827 4611.9463 64 68 139
-294.1041 110.9827 4611.9463 64 68 138
-291.2464 111.3044 4625.3140 63 66 136
-287.5363 111.3044 4625.3140 62 67 135
-283.8261 111.3044 4625.3140 63 66 136
-280.1160 111.3044 4625.3140 63 67 136
-276.8070 111.4659 4632.0273 63 67 135
-272.6956 111.3044 4625.3140 65 67 134
-268.9855 111.3044 4625.3140 65 66 134
-265.6604 111.4659 4632.0273 65 67 133
-261.5652 111.3044 4625.3140 66 68 133
-258.6047 111.6279 4638.7598 66 67 133
-254.5138 111.4659 4632.0273 64 67 133
-250.4348 111.3044 4625.3140 62 68 133
-245.3026 110.6628 4598.6553 62 67 131
-159.6271 89.5105 3719.6582 74 75 131
-157.0094 89.7196 3728.3491 68 70 127
-154.0187 89.7196 3728.3491 70 71 128
-150.6760 89.5105 3719.6582 73 72 128
-147.6923 89.5105 3719.6582 67 67 124
-144.5402 89.4063 3715.3279 70 67 119
-141.5600 89.4063 3715.3279 153 140 135
-138.5798 89.4063 3715.3279 233 215 153
-135.5995 89.4063 3715.3279 235 216 146
-132.6193 89.4063 3715.3279 235 215 144
-129.6391 89.4063 3715.3279 234 214 145
-126.6589 89.4063 3715.3279 234 214 145
-123.8228 89.5105 3719.6582 234 214 144
-120.5581 89.3023 3711.0078 233 214 144
-117.5814 89.3023 3711.0078 233 214 144
70.4207 82.8479 3442.7905 233 215 141
73.3405 83.0270 3450.2344 233 215 142
76.1905 83.1169 3453.9683 233 215 142
78.8757 83.0270 3450.2344 233 214 142
81.6432 83.0270 3450.2344 233 214 141
84.3197 82.9374 3446.5083 233 215 141
87.0842 82.9374 3446.5083 233 214 141
89.7519 82.8479 3442.7905 233 213 140
92.3143 82.6695 3435.3787 232 212 140
95.0700 82.6695 3435.3787 232 212 139
97.7204 82.5807 3431.6846 233 213 139
100.3652 82.4920 3427.9988 233 214 138
103.1149 82.4920 3427.9988 233 214 138
105.8647 82.4920 3427.9988 233 214 137
108.4979 82.4034 3424.3206 233 214 136
111.2446 82.4034 3424.3206 233 214 133
113.9914 82.4034 3424.3206 234 213 131
116.4882 82.2270 3416.9880 234 213 129
119.2291 82.2270 3416.9880 234 213 127
121.9700 82.2270 3416.9880 235 214 122
124.5775 82.1390 3413.3335 238 218 107
127.3155 82.1390 3413.3335 244 228 78
129.9145 82.0513 3409.6868 247 231 61
132.9336 82.2270 3416.9880 247 230 57
135.5294 82.1390 3413.3335 247 230 56
327.3563 73.5632 3056.9604 243 226 52
330.1246 73.6338 3059.8914 243 226 52
332.5791 73.6338 3059.8914 243 226 52
336.6474 73.9884 3074.6309 243 226 52
338.7873 73.9172 3071.6716 243 227 52
340.5956 73.7752 3065.7703 243 226 53
344.7104 74.1313 3080.5664 243 226 52
347.1815 74.1313 3080.5664 242 225 51
349.3153 74.0598 3077.5957 239 223 50
351.4451 73.9884 3074.6309 233 216 45
353.5708 73.9172 3071.6716 224 204 37
357.0657 74.1313 3080.5664 210 188 25
359.5367 74.1313 3080.5664 203 178 20
375.9529 75.4420 3135.0361 198 172 19
378.4676 75.4420 3135.0361 198 171 18
381.3569 75.5162 3138.1187 196 170 18
387.3016 76.1905 3166.1377 194 168 17
391.3944 76.4940 3178.7517 193 167 16
394.3370 76.5703 3181.9209 193 167 16
396.8893 76.5703 3181.9209 193 166 15
399.4417 76.5703 3181.9209 193 166 15
480.8919 85.6187 3557.9338 199 170 16
488.0990 86.3892 3589.9514 200 171 15
491.5316 86.4865 3593.9941 202 172 14
493.3034 86.2921 3585.9177 214 179 21
498.4199 86.6817 3602.1069 224 184 26
500.7441 86.5840 3598.0459 224 184 26
503.0631 86.4865 3593.9941 225 185 26
505.9460 86.4865 3593.9941 225 185 26
509.4025 86.5840 3598.0459 226 185 27
512.8669 86.6817 3602.1069 227 185 27
-413.4514 109.4985 4707.1782 73 77 130
-408.4706 109.1765 4693.3335 67 70 132
-404.7059 109.1765 4693.3335 62 66 137
-399.1801 108.6969 4672.7188 60 67 141
-394.2774 108.3796 4659.0757 60 66 140
-388.8372 107.9070 4638.7598 59 65 140
-385.1163 107.9070 4638.7598 59 66 142
-383.0657 108.3796 4659.0757 59 66 142
-379.8831 108.5380 4665.8872 58 65 141
-375.5913 108.3796 4659.0757 57 65 142
-370.7715 108.0641 4645.5122 59 65 142
-367.0451 108.0641 4645.5122 65 70 147
-362.7907 107.9070 4638.7598 72 78 160
-359.0698 107.9070 4638.7598 73 80 166
-355.3488 107.9070 4638.7598 67 75 160
-351.6279 107.9070 4638.7598 60 67 154
-348.4135 108.0641 4645.5122 57 64 149
-345.1895 108.2216 4652.2837 59 65 146
-341.4577 108.2216 4652.2837 59 65 144
-337.7260 108.2216 4652.2837 60 65 141
-334.4818 108.3796 4659.0757 61 66 140
-331.2281 108.5380 4665.8872 62 66 140
-325.5814 107.9070 4638.7598 62 66 140
-320.4631 107.4385 4618.6206 60 65 139
-317.6778 107.7504 4632.0273 59 65 139
-313.5073 107.5942 4625.3140 61 65 138
-309.7971 107.5942 4625.3140 60 66 138
-305.6440 107.4385 4618.6206 61 67 139
-301.9393 107.4385 4618.6206 63 67 139
-298.2345 107.4385 4618.6206 64 68 139
-294.1041 107.2832 4611.9463 63 68 137
-290.8249 107.4385 4618.6206 62 67 135
-287.1201 107.4385 4618.6206 62 66 135
-283.4153 107.4385 4618.6206 64 66 137
-280.1160 107.5942 4625.3140 63 66 136
-276.4058 107.5942 4625.3140 63 67 136
-272.6956 107.5942 4625.3140 64 66 136
-268.9855 107.5942 4625.3140 64 65 135
-265.2754 107.5942 4625.3140 63 66 133
-261.5652 107.5942 4625.3140 64 67 132
-258.2293 107.7504 4632.0273 63 67 131
-254.5138 107.7504 4632.0273 63 67 131
-250.0724 107.4385 4618.6206 63 66 131
-245.3026 106.9741 4598.6553 62 67 131
-159.6271 86.5268 3719.6582 75 76 131
-157.0094 86.7290 3728.3491 71 73 128
-154.0187 86.7290 3728.3491 73 75 128
-150.8518 86.6278 3723.9985 74 73 128
-147.8647 86.6278 3723.9985 68 66 124
-144.7086 86.5268 3719.6582 72 67 121
-141.7249 86.5268 3719.6582 141 129 131
-138.7413 86.5268 3719.6582 232 214 154
-135.7576 86.5268 3719.6582 236 216 146
-132.7739 86.5268 3719.6582 235 215 144
-129.7902 86.5268 3719.6582 234 214 143
-126.8065 86.5268 3719.6582 234 214 143
-123.9673 86.6278 3723.9985 234 214 143
-120.6985 86.4261 3715.3279 234 214 144
-117.7183 86.4261 3715.3279 234 215 144
70.5730 80.2595 3450.2344 233 215 142
73.4199 80.3463 3453.9683 233 215 142
76.2730 80.4334 3457.7104 233 215 140
78.9610 80.3463 3453.9683 233 215 141
81.7316 80.3463 3453.9683 233 215 141
84.4108 80.2595 3450.2344 233 214 141
87.2727 80.3463 3453.9683 233 214 141
89.9460 80.2595 3450.2344 233 214 141
92.3143 79.9139 3435.3787 233 213 140
95.1724 80.0000 3439.0806 233 213 139
97.8256 79.9139 3435.3787 233 214 138
100.4731 79.8280 3431.6846 233 214 138
103.3369 79.9139 3435.3787 233 214 137
106.0926 79.9139 3435.3787 233 214 135
108.6144 79.7422 3427.9988 234 214 133
111.2446 79.6567 3424.3206 234 212 132
113.9914 79.6567 3424.3206 234 212 129
116.6131 79.5713 3420.6504 234 213 128
119.2291 79.4861 3416.9880 235 214 122
121.9700 79.4861 3416.9880 239 218 107
124.7109 79.4861 3416.9880 244 227 79
127.3155 79.4011 3413.3335 247 231 59
130.0535 79.4011 3413.3335 247 231 55
329.4928 71.0431 3054.0352 243 226 52
331.6253 70.9752 3051.1155 243 227 53
336.6474 71.5222 3074.6309 244 227 53
338.1364 71.3160 3065.7703 243 227 53
340.5956 71.3160 3065.7703 243 227 53
345.0435 71.7295 3083.5427 243 226 52
347.1815 71.6602 3080.5664 241 225 50
349.6526 71.6602 3080.5664 239 222 50
351.7840 71.5911 3077.5957 233 216 45
353.9114 71.5222 3074.6309 223 204 35
357.0657 71.6602 3080.5664 210 187 25
359.5367 71.6602 3080.5664 203 177 20
363.0591 71.8684 3089.5129 201 175 20
367.3152 72.2179 3104.5396 200 174 20
375.5839 72.8557 3131.9595 198 172 19
378.4676 72.9273 3135.0361 197 172 18
381.3569 72.9990 3138.1187 196 170 17
387.3016 73.6508 3166.1377 194 168 16
391.3944 73.9442 3178.7517 194 168 16
394.3370 74.0179 3181.9209 193 167 16
396.8893 74.0179 3181.9209 193 166 16
480.3564 82.6726 3553.9719 199 170 14
486.4574 83.2287 3577.8774 201 171 13
491.5316 83.6036 3593.9941 202 172 14
493.3034 83.4157 3585.9177 214 179 20
498.4199 83.7923 3602.1069 224 184 25
500.7441 83.6979 3598.0459 225 185 27
503.0631 83.6036 3593.9941 225 185 26
505.9460 83.6036 3593.9941 226 185 26
509.4025 83.6979 3598.0459 226 185 26
512.2886 83.6979 3598.0459 227 186 26
-413.4514 105.7227 4707.1782 61 66 137
-409.0722 105.5670 4700.2456 60 66 137
-404.7059 105.4118 4693.3335 61 67 140
-399.1801 104.9488 4672.7188 60 67 140
-394.2774 104.6423 4659.0757 61 66 141
-388.8372 104.1861 4638.7598 60 66 142
-385.1163 104.1861 4638.7598 59 66 142
-383.0657 104.6423 4659.0757 59 67 142
-379.8831 104.7953 4665.8872 59 67 142
-375.0437 104.4898 4652.2837 58 65 143
-370.2326 104.1861 4638.7598 60 65 144
-366.5117 104.1861 4638.7598 67 71 149
-362.2642 104.0348 4632.0273 71 77 161
-358.5486 104.0348 4632.0273 73 80 168
-354.8331 104.0348 4632.0273 66 73 160
-351.1176 104.0348 4632.0273 60 67 153
-348.4135 104.3377 4645.5122 58 65 148
-345.1895 104.4898 4652.2837 58 64 145
-340.9608 104.3377 4645.5122 57 64 143
-337.7260 104.4898 4652.2837 57 64 141
-334.4818 104.6423 4659.0757 59 65 140
-331.2281 104.7953 4665.8872 61 65 139
-325.5814 104.1861 4638.7598 65 69 141
-320.4631 103.7337 4618.6206 64 68 139
-317.2174 103.8841 4625.3140 61 67 139
-313.5073 103.8841 4625.3140 61 66 139
-309.3488 103.7337 4618.6206 62 66 139
-305.6440 103.7337 4618.6206 63 67 140
-301.5029 103.5838 4611.9463 63 67 140
-298.2345 103.7337 4618.6206 62 67 139
-294.1041 103.5838 4611.9463 62 67 139
-290.8249 103.7337 4618.6206 61 66 137
-287.1201 103.7337 4618.6206 61 65 136
-283.4153 103.7337 4618.6206 61 65 136
-279.7106 103.7337 4618.6206 62 65 136
-276.0058 103.7337 4618.6206 62 65 136
-272.3011 103.7337 4618.6206 61 65 136
-268.5963 103.7337 4618.6206 60 64 136
-265.2754 103.8841 4625.3140 60 65 134
-261.1867 103.7337 4618.6206 62 67 132
-257.8551 103.8841 4625.3140 63 67 130
-254.1449 103.8841 4625.3140 67 69 133
-250.0724 103.7337 4618.6206 68 70 133
-245.3026 103.2853 4598.6553 66 69 131
-159.2558 83.3488 3711.0078 67 70 129
-156.8261 83.6406 3723.9985 67 69 129
-154.0187 83.7383 3728.3491 71 73 130
-150.8518 83.6406 3723.9985 70 71 127
-147.8647 83.6406 3723.9985 68 66 124
-144.7086 83.5431 3719.6582 71 67 120
-141.7249 83.5431 3719.6582 129 118 124
-138.7413 83.5431 3719.6582 232 212 154
-135.7576 83.5431 3719.6582 236 216 146
-132.7739 83.5431 3719.6582 235 215 143
-129.7902 83.5431 3719.6582 234 214 144
-126.8065 83.5431 3719.6582 234 214 145
-123.9673 83.6406 3723.9985 235 215 146
-120.8392 83.5431 3719.6582 235 215 145
-117.8555 83.5431 3719.6582 235 215 144
73.4199 77.5758 3453.9683 233 215 142
76.2730 77.6598 3457.7104 233 215 141
79.0466 77.6598 3457.7104 233 214 141
81.8202 77.6598 3457.7104 233 215 141
84.5022 77.5758 3453.9683 233 214 141
87.2727 77.5758 3453.9683 233 214 141
89.9460 77.4919 3450.2344 234 214 141
92.4138 77.2414 3439.0806 233 214 140
95.2751 77.3247 3442.7905 233 213 139
97.9310 77.2414 3439.0806 233 214 138
100.5813 77.1582 3435.3787 233 214 137
103.4483 77.2414 3439.0806 232 213 136
106.2069 77.2414 3439.0806 233 213 133
108.7312 77.0753 3431.6846 234 213 130
111.3641 76.9925 3427.9988 234 211 128
114.1139 76.9925 3427.9988 234 212 126
116.7382 76.9099 3424.3206 235 213 124
119.3569 76.8274 3420.6504 239 217 110
122.1008 76.8274 3420.6504 245 227 81
124.8446 76.8274 3420.6504 247 231 61
127.5884 76.8274 3420.6504 247 230 57
130.4721 76.9099 3424.3206 247 231 55
326.4183 68.4623 3048.2012 243 226 52
329.1779 68.5277 3051.1155 243 226 52
331.3085 68.4623 3048.2012 243 227 52
336.0000 68.9231 3068.7180 243 227 52
337.1648 68.6590 3056.9604 242 226 52
340.2687 68.7908 3062.8279 243 226 52
344.7104 69.1892 3080.5664 243 226 52
347.1815 69.1892 3080.5664 242 224 51
349.6526 69.1892 3080.5664 239 222 51
351.7840 69.1225 3077.5957 233 215 45
353.9114 69.0559 3074.6309 223 203 35
357.0657 69.1892 3080.5664 209 187 25
359.5367 69.1892 3080.5664 203 178 22
363.0591 69.3901 3089.5129 200 175 21
366.9583 69.6599 3101.5227 199 174 20
375.5839 70.3435 3131.9595 198 172 18
378.4676 70.4126 3135.0361 197 172 18
381.3569 70.4818 3138.1187 196 170 18
387.6862 71.1817 3169.2817 195 168 17
391.7846 71.4656 3181.9209 193 167 16
394.7306 71.5369 3185.0964 193 167 16
397.2854 71.5369 3185.0964 193 167 16
474.8616 79.3799 3534.2932 197 169 14
480.3564 79.8218 3553.9719 199 170 12
485.9127 80.2688 3573.8708 201 171 13
491.5316 80.7207 3593.9941 202 172 15
493.3034 80.5393 3585.9177 214 179 20
498.4199 80.9029 3602.1069 225 184 24
501.3093 80.9029 3602.1069 226 184 26
503.0631 80.7207 3593.9941 226 185 25
505.9460 80.7207 3593.9941 226 185 27
509.4025 80.8117 3598.0459 226 185 27
512.2886 80.8117 3598.0459 225 185 26
-412.8424 101.7968 4700.2456 60 65 141
-408.4706 101.6471 4693.3335 60 66 141
-404.1116 101.4978 4686.4414 62 68 143
-398.5965 101.0526 4665.8872 61 68 144
-393.1296 100.6114 4645.5122 60 66 143
-388.2729 100.3193 4632.0273 59 65 143
-384.5574 100.3193 4632.0273 58 64 142
-382.5073 100.7580 4652.2837 58 66 142
-379.3285 100.9051 4659.0757 59 67 142
-374.4978 100.6114 4645.5122 59 66 142
-369.6953 100.3193 4632.0273 63 68 143
-366.5117 100.4651 4638.7598 64 70 149
-362.2642 100.3193 4632.0273 69 76 162
-358.0290 100.1739 4625.3140 71 80 166
-354.3188 100.1739 4625.3140 64 73 159
-350.6087 100.1739 4625.3140 60 66 152
-348.4135 100.6114 4645.5122 59 65 148
-344.6871 100.6114 4645.5122 58 64 145
-340.9608 100.6114 4645.5122 57 64 144
-337.7260 100.7580 4652.2837 56 63 142
-334.4818 100.9051 4659.0757 57 63 140
-330.7445 100.9051 4659.0757 58 63 140
-325.1089 100.3193 4632.0273 59 64 138
-320.0000 99.8844 4611.9463 60 65 138
-317.2174 100.1739 4625.3140 61 65 139
-313.0536 100.0290 4618.6206 61 65 139
-308.9017 99.8844 4611.9463 61 65 139
-305.2023 99.8844 4611.9463 61 66 139
-301.5029 99.8844 4611.9463 60 66 138
-297.8035 99.8844 4611.9463 60 65 138
-294.1041 99.8844 4611.9463 60 66 138
-290.8249 100.0290 4618.6206 60 65 137
-287.1201 100.0290 4618.6206 59 64 136
-283.4153 100.0290 4618.6206 59 64 136
-279.7106 100.0290 4618.6206 62 66 136
-276.0058 100.0290 4618.6206 63 66 136
-272.3011 100.0290 4618.6206 61 66 134
-268.2081 99.8844 4611.9463 61 65 134
-264.8915 100.0290 4618.6206 61 65 134
-261.1867 100.0290 4618.6206 62 67 132
-257.8551 100.1739 4625.3140 63 67 131
-254.1449 100.1739 4625.3140 66 68 134
-249.7110 99.8844 4611.9463 67 66 133
-245.3026 99.5965 4598.6553 67 69 132
-156.6434 80.5594 3719.6582 71 73 132
-154.0187 80.7477 3728.3491 71 72 130
-150.8518 80.6535 3723.9985 69 70 126
-147.8647 80.6535 3723.9985 65 65 122
-144.7086 80.5594 3719.6582 65 64 119
-141.7249 80.5594 3719.6582 118 107 118
-138.7413 80.5594 3719.6582 230 211 155
-135.7576 80.5594 3719.6582 236 216 145
-132.7739 80.5594 3719.6582 235 215 143
-129.7902 80.5594 3719.6582 234 214 144
-126.8065 80.5594 3719.6582 234 214 145
-124.1122 80.7477 3728.3491 234 214 145
-120.9802 80.6535 3723.9985 234 214 144
-117.8555 80.5594 3719.6582 234 215 144
76.1905 74.8052 3453.9683 233 215 139
78.9610 74.8052 3453.9683 233 215 140
81.8202 74.8862 3457.7104 233 214 140
84.5022 74.8052 3453.9683 233 215 140
87.2727 74.8052 3453.9683 233 214 140
89.9460 74.7243 3450.2344 234 214 140
92.5135 74.5631 3442.7905 234 214 140
95.3780 74.6436 3446.5083 233 214 138
98.0367 74.5631 3442.7905 233 214 137
100.6897 74.4828 3439.0806 233 213 136
103.5599 74.5631 3442.7905 233 213 133
106.2069 74.4828 3439.0806 233 213 131
108.7312 74.3226 3431.6846 234 212 129
111.3641 74.2428 3427.9988 234 212 126
113.9914 74.1631 3424.3206 235 213 124
116.7382 74.1631 3424.3206 238 216 111
119.4850 74.1631 3424.3206 244 225 83
122.1008 74.0836 3420.6504 247 230 62
124.9785 74.1631 3424.3206 247 230 57
127.8625 74.2428 3427.9988 247 231 56
130.7527 74.3226 3431.6846 247 230 56
326.7304 66.0803 3051.1155 244 227 53
329.1779 66.0803 3051.1155 243 226 52
331.6253 66.0803 3051.1155 243 227 51
336.0000 66.4615 3068.7180 243 227 51
337.4880 66.2704 3059.8914 242 226 52
340.5956 66.3977 3065.7703 243 226 52
345.0435 66.7826 3083.5427 243 225 51
347.5169 66.7826 3083.5427 242 224 51
349.6526 66.7182 3080.5664 239 222 50
351.7840 66.6538 3077.5957 233 215 45
353.9114 66.5896 3074.6309 222 203 36
357.0657 66.7182 3080.5664 209 187 25
359.8841 66.7826 3083.5427 202 178 22
363.0591 66.9119 3089.5129 200 175 20
366.9583 67.1720 3101.5227 198 174 19
375.5839 67.8312 3131.9595 198 172 19
378.4676 67.8978 3135.0361 197 172 19
380.9823 67.8978 3135.0361 195 170 17
386.9178 68.5035 3162.9998 195 169 16
392.1757 68.9820 3185.0964 193 167 16
395.1249 69.0510 3188.2786 193 167 16
396.8893 68.9133 3181.9209 193 166 15
475.3881 76.6297 3538.2114 197 169 14
480.3564 76.9711 3553.9719 199 169 12
485.3691 77.3154 3569.8733 200 170 13
490.9786 77.7503 3589.9514 202 172 14
492.7498 77.5758 3581.8931 215 179 22
497.8580 77.9256 3598.0459 225 184 25
500.7441 77.9256 3598.0459 225 185 25
502.4972 77.7503 3589.9514 225 185 25
505.3769 77.7503 3589.9514 226 185 25
508.8289 77.8378 3593.9941 226 185 26
511.1361 77.7503 3589.9514 225 185 27
-412.8424 98.0265 4700.2456 58 65 142
-408.4706 97.8824 4693.3335 59 66 143
-403.5191 97.5953 4679.5698 59 66 143
-398.0146 97.1679 4659.0757 61 66 143
-393.1296 96.8850 4645.5122 60 66 143
-387.7101 96.4638 4625.3140 59 65 143
-384.5574 96.6038 4632.0273 59 65 144
-382.5073 97.0262 4652.2837 58 66 145
-379.3285 97.1679 4659.0757 58 66 143
-374.4978 96.8850 4645.5122 58 64 143
-369.1594 96.4638 4625.3140 64 69 145
-365.9797 96.6038 4632.0273 65 70 150
-361.7391 96.4638 4625.3140 68 75 163
-358.0290 96.4638 4625.3140 70 80 165
-354.3188 96.4638 4625.3140 63 73 159
-350.6087 96.4638 4625.3140 60 67 152
-347.9070 96.7442 4638.7598 58 64 147
-344.6871 96.8850 4645.5122 58 64 145
-340.9608 96.8850 4645.5122 58 64 143
-337.7260 97.0262 4652.2837 57 64 141
-334.4818 97.1679 4659.0757 58 64 139
-330.7445 97.1679 4659.0757 60 65 139
-324.6377 96.4638 4625.3140 60 65 138
-320.0000 96.1850 4611.9463 60 64 138
-316.7584 96.3242 4618.6206 59 64 138
-313.0536 96.3242 4618.6206 60 64 139
-308.9017 96.1850 4611.9463 61 65 139
-305.2023 96.1850 4611.9463 61 65 138
-301.5029 96.1850 4611.9463 60 66 138
-297.8035 96.1850 4611.9463 61 64 138
-294.1041 96.1850 4611.9463 61 64 138
-290.8249 96.3242 4618.6206 61 65 137
-286.7052 96.1850 4611.9463 61 64 137
-283.0058 96.1850 4611.9463 60 64 137
-279.3064 96.1850 4611.9463 60 65 136
-275.6070 96.1850 4611.9463 62 66 136
-271.9075 96.1850 4611.9463 60 66 136
-268.2081 96.1850 4611.9463 62 66 135
-264.8915 96.3242 4618.6206 63 66 135
-261.1867 96.3242 4618.6206 66 69 134
-257.8551 96.4638 4625.3140 73 75 136
-254.1449 96.4638 4625.3140 72 74 135
-249.7110 96.1850 4611.9463 70 72 135
-245.3026 95.9078 4598.6553 68 72 133
-156.4610 77.4855 3715.3279 68 69 129
-154.1988 77.8480 3732.7097 71 72 130
-151.0280 77.7570 3728.3491 71 71 128
-148.0374 77.7570 3728.3491 66 66 123
-144.8775 77.6663 3723.9985 66 64 122
-141.8903 77.6663 3723.9985 110 99 119
-138.9032 77.6663 3723.9985 227 209 157
-135.9160 77.6663 3723.9985 236 216 146
-132.9288 77.6663 3723.9985 236 216 145
-129.9417 77.6663 3723.9985 234 214 144
-126.9545 77.6663 3723.9985 235 215 145
-124.2573 77.8480 3732.7097 234 215 144
-120.9802 77.6663 3723.9985 234 215 145
-117.9930 77.6663 3723.9985 234 215 144
78.9610 72.0346 3453.9683 233 215 140
81.8202 72.1127 3457.7104 233 215 140
84.5022 72.0346 3453.9683 234 215 139
87.2727 72.0346 3453.9683 234 215 139
90.0433 72.0346 3453.9683 234 215 139
92.6134 71.8791 3446.5083 234 214 139
95.3780 71.8791 3446.5083 234 214 137
98.1426 71.8791 3446.5083 233 214 136
100.6897 71.7241 3439.0806 234 213 134
103.4483 71.7241 3439.0806 234 213 131
106.2069 71.7241 3439.0806 234 213 129
108.7312 71.5699 3431.6846 234 212 127
111.3641 71.4930 3427.9988 234 213 123
113.9914 71.4163 3424.3206 237 215 114
116.7382 71.4163 3424.3206 243 224 84
119.4850 71.4163 3424.3206 247 230 62
122.2318 71.4163 3424.3206 248 231 58
124.9785 71.4163 3424.3206 247 230 56
127.8625 71.4930 3427.9988 247 230 54
130.7527 71.5699 3431.6846 246 230 55
336.3234 64.0616 3071.6716 243 226 52
337.1648 63.7548 3056.9604 243 227 53
340.9231 64.0000 3068.7180 243 226 52
345.0435 64.3092 3083.5427 243 226 51
347.8530 64.3714 3086.5249 242 224 51
349.9904 64.3092 3083.5427 239 222 49
352.1236 64.2471 3080.5664 233 216 44
354.2527 64.1852 3077.5957 222 203 35
357.4106 64.3092 3083.5427 209 187 24
359.8841 64.3092 3083.5427 202 178 21
363.0591 64.4337 3089.5129 200 175 20
366.9583 64.6842 3101.5227 200 174 20
373.0717 65.3189 3131.9595 198 172 18
375.2157 65.2549 3128.8889 197 172 19
378.0962 65.3189 3131.9595 197 172 18
380.9823 65.3831 3135.0361 196 170 16
386.1523 65.8358 3156.7427 195 169 16
392.1757 66.4271 3185.0964 194 167 16
395.1249 66.4935 3188.2786 194 167 16
396.8893 66.3609 3181.9209 193 167 15
476.4445 73.9556 3546.0742 196 169 15
480.8919 74.2029 3557.9338 199 169 13
485.9127 74.5353 3573.8708 200 171 13
490.4270 74.7865 3585.9177 202 172 14
492.7498 74.7026 3581.8931 214 179 20
497.2973 74.9550 3593.9941 225 184 24
500.7441 75.0395 3598.0459 225 184 24
502.4972 74.8706 3589.9514 225 185 25
505.3769 74.8706 3589.9514 225 185 25
508.2565 74.8706 3589.9514 225 185 25
511.1361 74.8706 3589.9514 226 185 27
-412.2353 94.1177 4693.3335 60 66 142
-407.8708 93.9794 4686.4414 59 67 142
-403.5191 93.8416 4679.5698 60 65 142
-398.0146 93.4307 4659.0757 60 65 141
-393.1296 93.1587 4645.5122 59 66 142
-388.2729 92.8883 4632.0273 58 66 143
-384.5574 92.8883 4632.0273 60 66 144
-382.5073 93.2945 4652.2837 60 66 143
-379.3285 93.4307 4659.0757 58 65 143
-374.4978 93.1587 4645.5122 57 64 143
-369.1594 92.7536 4625.3140 63 69 145
-365.9797 92.8883 4632.0273 66 70 149
-361.7391 92.7536 4625.3140 68 76 162
-357.5109 92.6194 4618.6206 71 80 165
-353.8061 92.6194 4618.6206 64 72 157
-350.6087 92.7536 4625.3140 62 69 152
-347.9070 93.0233 4638.7598 61 67 147
-344.1861 93.0233 4638.7598 62 66 145
-340.9608 93.1587 4645.5122 62 67 144
-337.2344 93.1587 4645.5122 58 65 142
-333.9942 93.2945 4652.2837 59 65 140
-330.2624 93.2945 4652.2837 60 66 139
-324.6377 92.7536 4625.3140 61 66 139
-320.0000 92.4856 4611.9463 60 65 138
-316.7584 92.6194 4618.6206 59 65 138
-313.0536 92.6194 4618.6206 59 64 138
-308.9017 92.4856 4611.9463 60 64 138
-305.2023 92.4856 4611.9463 60 65 139
-301.9393 92.6194 4618.6206 59 65 138
-297.8035 92.4856 4611.9463 61 65 137
-294.1041 92.4856 4611.9463 62 66 137
-290.8249 92.6194 4618.6206 61 65 137
-287.1201 92.6194 4618.6206 60 63 137
-283.0058 92.4856 4611.9463 59 64 138
-279.3064 92.4856 4611.9463 58 65 137
-275.6070 92.4856 4611.9463 59 65 135
-271.9075 92.4856 4611.9463 60 65 135
-268.2081 92.4856 4611.9463 59 65 134
-264.8915 92.6194 4618.6206 61 65 136
-260.8093 92.4856 4611.9463 63 66 135
-257.8551 92.7536 4625.3140 65 68 134
-253.7771 92.6194 4618.6206 64 67 133
-249.7110 92.4856 4611.9463 65 67 134
-245.3026 92.2190 4598.6553 66 67 132
-156.6434 74.5921 3719.6582 64 69 130
-154.3794 74.9415 3737.0806 67 70 129
-151.2047 74.8538 3732.7097 70 72 128
-148.0374 74.7664 3728.3491 67 68 124
-145.0468 74.7664 3728.3491 65 64 122
-142.0561 74.7664 3728.3491 100 91 119
-139.0654 74.7664 3728.3491 222 206 156
-136.0748 74.7664 3728.3491 236 217 147
-132.9288 74.6791 3723.9985 236 216 145
-129.9417 74.6791 3723.9985 235 215 144
-126.9545 74.6791 3723.9985 234 215 144
-124.2573 74.8538 3732.7097 234 215 143
-120.9802 74.6791 3723.9985 234 214 144
-117.9930 74.6791 3723.9985 234 215 144
79.0466 69.3391 3457.7104 233 214 139
81.9089 69.4143 3461.4607 234 215 140
84.5937 69.3391 3457.7104 234 214 139
87.3673 69.3391 3457.7104 234 214 139
90.0433 69.2641 3453.9683 234 215 138
92.7135 69.1892 3450.2344 234 214 137
95.4811 69.1892 3450.2344 234 214 136
98.1426 69.1145 3446.5083 233 214 135
100.7983 69.0399 3442.7905 234 213 134
103.5599 69.0399 3442.7905 234 213 130
106.3215 69.0399 3442.7905 235 213 127
108.8482 68.8913 3435.3787 235 213 124
111.3641 68.7433 3427.9988 236 215 114
113.9914 68.6695 3424.3206 242 223 87
116.7382 68.6695 3424.3206 247 229 62
119.4850 68.6695 3424.3206 247 230 56
122.2318 68.6695 3424.3206 247 230 56
124.9785 68.6695 3424.3206 247 230 55
127.8625 68.7433 3427.9988 246 230 55
130.7527 68.8172 3431.6846 245 229 55
336.0000 61.5385 3068.7180 243 226 52
336.8421 61.2440 3054.0352 243 226 52
341.2513 61.5977 3071.6716 242 226 51
345.3772 61.8956 3086.5249 243 226 51
347.8530 61.8956 3086.5249 242 225 51
349.9904 61.8358 3083.5427 239 223 50
352.4638 61.8358 3083.5427 233 216 44
354.5946 61.7761 3080.5664 223 204 35
357.4106 61.8358 3083.5427 210 187 24
360.2321 61.8956 3086.5249 202 178 20
363.0591 61.9555 3089.5129 200 175 20
366.9583 62.1963 3101.5227 199 174 20
372.7059 62.7451 3128.8889 198 172 19
374.8482 62.6836 3125.8245 198 172 20
378.0962 62.8067 3131.9595 197 171 19
380.6085 62.8067 3131.9595 197 170 18
385.3900 63.1787 3150.5100 195 168 17
391.7846 63.8086 3181.9209 194 167 16
394.7306 63.8723 3185.0964 194 167 16
396.8893 63.8086 3181.9209 193 166 15
477.5056 71.2695 3553.9719 196 169 15
481.4286 71.4286 3561.9048 199 169 14
487.0034 71.8294 3581.8931 200 170 13
490.4270 71.9101 3585.9177 202 172 14
492.7498 71.8294 3581.8931 215 180 22
497.2973 72.0721 3593.9941 225 184 26
500.7441 72.1533 3598.0459 225 185 25
502.4972 71.9910 3589.9514 226 185 26
505.3769 71.9910 3589.9514 226 185 25
508.8289 72.0721 3593.9941 225 185 25
511.1361 71.9910 3589.9514 225 185 27
-411.6300 90.2203 4686.4414 61 67 143
-407.2727 90.0880 4679.5698 59 67 142
-402.9283 89.9561 4672.7188 60 67 142
-396.8560 89.4323 4645.5122 59 66 142
-392.5582 89.3023 4638.7598 59 66 143
-387.7101 89.0435 4625.3140 58 66 144
-384.5574 89.1727 4632.0273 59 66 144
-382.5073 89.5627 4652.2837 59 66 144
-378.7755 89.5627 4652.2837 57 65 144
-373.9535 89.3023 4638.7598 58 65 143
-369.1594 89.0435 4625.3140 65 68 146
-365.4493 89.0435 4625.3140 64 69 151
-361.2157 88.9146 4618.6206 68 77 165
-357.5109 88.9146 4618.6206 70 79 166
-353.8061 88.9146 4618.6206 64 71 158
-350.1013 88.9146 4618.6206 60 67 152
-347.9070 89.3023 4638.7598 58 65 148
-343.6865 89.1727 4632.0273 58 63 144
-340.9608 89.4323 4645.5122 58 65 143
-337.2344 89.4323 4645.5122 58 65 141
-333.9942 89.5627 4652.2837 59 66 140
-329.7817 89.4323 4645.5122 59 65 139
-324.1679 88.9146 4618.6206 60 64 138
-319.5383 88.6580 4605.2910 60 64 137
-316.3006 88.7861 4611.9463 59 64 137
-312.6012 88.7861 4611.9463 59 64 138
-308.9017 88.7861 4611.9463 58 64 137
-305.2023 88.7861 4611.9463 58 64 138
-301.9393 88.9146 4618.6206 59 64 139
-297.8035 88.7861 4611.9463 60 64 138
-294.1041 88.7861 4611.9463 63 66 138
-290.4046 88.7861 4611.9463 62 66 138
-286.7052 88.7861 4611.9463 60 65 138
-283.0058 88.7861 4611.9463 59 65 137
-278.9033 88.6580 4605.2910 60 67 138
-275.6070 88.7861 4611.9463 59 66 136
-271.9075 88.7861 4611.9463 61 66 135
-267.8211 88.6580 4605.2910 62 65 136
-264.5087 88.7861 4611.9463 62 65 136
-260.8093 88.7861 4611.9463 62 66 134
-257.4819 88.9146 4618.6206 63 67 133
-253.7771 88.9146 4618.6206 62 67 132
-249.7110 88.7861 4611.9463 62 66 132
-245.3026 88.5303 4598.6553 61 66 132
-156.8261 71.6920 3723.9985 64 69 130
-154.3794 71.9438 3737.0806 65 68 130
-151.2047 71.8596 3732.7097 68 70 127
-148.0374 71.7757 3728.3491 65 66 125
-145.0468 71.7757 3728.3491 65 64 123
-142.0561 71.7757 3728.3491 92 84 117
-139.0654 71.7757 3728.3491 219 202 157
-136.0748 71.7757 3728.3491 236 217 148
-132.9288 71.6920 3723.9985 236 216 145
-129.9417 71.6920 3723.9985 235 216 145
-126.9545 71.6920 3723.9985 234 215 144
-124.2573 71.8596 3732.7097 234 215 144
-121.1215 71.7757 3728.3491 235 215 145
-117.9930 71.6920 3723.9985 235 215 146
76.4387 66.7101 3465.2190 234 214 141
79.1323 66.6377 3461.4607 234 214 141
81.9978 66.7101 3465.2190 235 215 141
84.6855 66.6377 3461.4607 234 214 140
87.3673 66.5655 3457.7104 234 214 139
90.0433 66.4935 3453.9683 233 213 136
92.6134 66.3499 3446.5083 233 212 132
95.4811 66.4216 3450.2344 234 213 131
98.1426 66.3499 3446.5083 234 213 131
100.7983 66.2783 3442.7905 234 213 132
103.5599 66.2783 3442.7905 234 213 127
106.3215 66.2783 3442.7905 235 213 123
108.8482 66.1356 3435.3787 237 215 114
111.3641 65.9936 3427.9988 242 222 90
113.9914 65.9228 3424.3206 246 229 64
116.7382 65.9228 3424.3206 247 230 56
119.4850 65.9228 3424.3206 247 229 55
122.1008 65.8521 3420.6504 246 229 56
125.1128 65.9936 3427.9988 247 230 56
127.8625 65.9936 3427.9988 246 229 55
130.8934 66.1356 3435.3787 246 229 55
336.1987 58.6819 3048.2012 243 226 52
339.2919 58.7943 3054.0352 243 226 52
345.0435 59.3623 3083.5427 243 226 52
347.8530 59.4197 3086.5249 242 225 51
349.9904 59.3623 3083.5427 240 223 49
352.4638 59.3623 3083.5427 233 216 44
354.5946 59.3050 3080.5664 223 203 35
357.4106 59.3623 3083.5427 210 186 24
360.2321 59.4197 3086.5249 201 177 20
363.0591 59.4773 3089.5129 200 174 20
366.9583 59.7085 3101.5227 199 173 19
371.9765 60.1174 3122.7659 199 173 19
374.8482 60.1763 3125.8245 199 172 19
378.0962 60.2944 3131.9595 198 171 18
380.6085 60.2944 3131.9595 196 171 18
385.0099 60.5917 3147.4031 195 168 17
391.3944 61.1952 3178.7517 194 167 16
394.3370 61.2562 3181.9209 194 167 16
396.0995 61.1343 3175.5889 193 166 16
478.0379 68.4950 3557.9338 196 169 15
481.9665 68.6480 3565.8845 198 169 14
487.0034 68.9562 3581.8931 199 170 12
490.4270 69.0337 3585.9177 201 172 13
492.7498 68.9562 3581.8931 214 180 22
497.8580 69.2672 3598.0459 224 184 25
500.7441 69.2672 3598.0459 225 185 25
503.0631 69.1892 3593.9941 226 185 26
505.9460 69.1892 3593.9941 226 185 26
509.4025 69.2672 3598.0459 226 185 26
511.7117 69.1892 3593.9941 225 185 27
-411.6300 86.4611 4686.4414 58 66 143
-402.3392 86.0819 4665.8872 59 66 143
-395.7039 85.4572 4632.0273 59 66 142
-391.9884 85.4572 4632.0273 58 65 142
-386.5896 85.0867 4611.9463 58 65 144
-384.0000 85.3333 4625.3140 58 65 144
-381.9506 85.7060 4645.5122 58 65 144
-378.7755 85.8309 4652.2837 57 65 144
-373.4108 85.4572 4632.0273 58 65 143
-368.6252 85.2098 4618.6206 66 69 146
-364.9204 85.2098 4618.6206 66 71 152
-360.6937 85.0867 4611.9463 68 78 165
-356.9942 85.0867 4611.9463 69 79 166
-353.2948 85.0867 4611.9463 63 71 157
-350.1013 85.2098 4618.6206 60 68 152
-347.9070 85.5814 4638.7598 57 65 147
-343.6865 85.4572 4632.0273 57 64 143
-340.9608 85.7060 4645.5122 57 64 141
-337.2344 85.7060 4645.5122 57 65 139
-333.9942 85.8309 4652.2837 57 65 138
-329.3023 85.5814 4638.7598 58 64 138
-323.6995 85.0867 4611.9463 59 64 138
-319.5383 84.9639 4605.2910 60 64 137
-316.3006 85.0867 4611.9463 58 64 137
-312.6012 85.0867 4611.9463 58 64 137
-308.9017 85.0867 4611.9463 58 64 138
-305.2023 85.0867 4611.9463 58 64 138
-301.9393 85.2098 4618.6206 59 65 138
-297.8035 85.0867 4611.9463 59 65 137
-294.1041 85.0867 4611.9463 59 66 136
-290.4046 85.0867 4611.9463 59 66 137
-286.7052 85.0867 4611.9463 59 65 137
-282.5974 84.9639 4605.2910 61 64 137
-278.9033 84.9639 4605.2910 61 65 138
-275.2093 84.9639 4605.2910 60 64 136
-271.5151 84.9639 4605.2910 62 66 136
-267.8211 84.9639 4605.2910 62 65 135
-264.5087 85.0867 4611.9463 62 66 136
-260.4329 84.9639 4605.2910 62 65 133
-257.1099 85.0867 4611.9463 64 66 133
-253.4104 85.0867 4611.9463 64 67 134
-249.7110 85.0867 4611.9463 62 67 134
-245.3026 84.8415 4598.6553 62 67 134
-156.6434 68.6247 3719.6582 66 70 130
-154.5604 69.0270 3741.4617 65 69 129
-151.3817 68.9461 3737.0806 68 71 127
-148.2105 68.8655 3732.7097 67 67 125
-145.0468 68.7851 3728.3491 65 65 122
-142.0561 68.7851 3728.3491 86 81 115
-139.0654 68.7851 3728.3491 212 197 155
-136.0748 68.7851 3728.3491 236 217 148
-133.0841 68.7851 3728.3491 236 216 145
-130.0935 68.7851 3728.3491 235 216 144
-126.9545 68.7048 3723.9985 234 215 144
-124.2573 68.8655 3732.7097 234 215 143
-121.1215 68.7851 3728.3491 235 215 145
-117.9930 68.7048 3723.9985 235 215 146
73.5792 63.8612 3461.4607 234 215 141
76.4387 63.9305 3465.2190 234 214 141
79.1323 63.8612 3461.4607 234 215 142
81.9978 63.9305 3465.2190 234 215 140
84.6855 63.8612 3461.4607 234 215 139
87.3673 63.7920 3457.7104 234 215 138
89.9460 63.6541 3450.2344 233 213 136
92.6134 63.5853 3446.5083 233 212 132
95.3780 63.5853 3446.5083 234 213 130
98.1426 63.5853 3446.5083 234 213 129
100.7983 63.5167 3442.7905 234 213 128
103.6717 63.5853 3446.5083 235 213 125
106.3215 63.5167 3442.7905 236 214 115
108.7312 63.3118 3431.6846 242 222 92
111.3641 63.2438 3427.9988 246 229 65
113.9914 63.1760 3424.3206 248 231 58
116.6131 63.1083 3420.6504 247 230 55
119.3569 63.1083 3420.6504 246 229 55
122.1008 63.1083 3420.6504 247 230 56
125.1128 63.2438 3427.9988 247 230 56
128.0000 63.3118 3431.6846 246 229 55
336.1987 56.2369 3048.2012 243 226 52
338.9675 56.2906 3051.1155 243 226 52
344.7104 56.8340 3080.5664 243 226 52
347.8530 56.9439 3086.5249 242 224 51
349.6526 56.8340 3080.5664 240 222 50
352.1236 56.8340 3080.5664 233 216 44
354.5946 56.8340 3080.5664 223 203 35
357.4106 56.8889 3083.5427 209 186 23
360.2321 56.9439 3086.5249 201 178 19
363.0591 56.9990 3089.5129 200 174 19
366.2464 57.1096 3095.5061 199 173 19
371.6129 57.5562 3119.7134 198 173 19
374.4814 57.6125 3122.7659 198 171 18
377.7255 57.7255 3128.8889 197 170 17
380.6085 57.7821 3131.9595 196 170 18
385.0099 58.0671 3147.4031 196 168 15
391.3944 58.6454 3178.7517 195 167 14
394.3370 58.7039 3181.9209 194 166 15
396.0995 58.5871 3175.5889 193 166 15
478.5714 65.7143 3561.9048 197 169 15
481.9665 65.7877 3565.8845 198 169 13
487.0034 66.0831 3581.8931 200 170 13
490.4270 66.1573 3585.9177 201 172 14
492.7498 66.0831 3581.8931 214 179 21
497.8580 66.3811 3598.0459 225 184 25
501.3093 66.4560 3602.1069 225 184 25
503.0631 66.3063 3593.9941 227 184 27
506.5164 66.3811 3598.0459 226 185 26
509.9774 66.4560 3602.1069 226 185 26
512.2886 66.3811 3598.0459 226 185 26
-402.3392 82.3392 4665.8872 58 65 143
-386.5896 81.3873 4611.9463 57 65 144
-383.4443 81.5051 4618.6206 57 64 144
-381.3954 81.8605 4638.7598 58 64 145
-378.2242 81.9796 4645.5122 58 65 145
-373.4108 81.7417 4632.0273 58 64 142
-368.6252 81.5051 4618.6206 64 67 146
-364.3931 81.3873 4611.9463 63 70 153
-360.6937 81.3873 4611.9463 67 77 165
-356.9942 81.3873 4611.9463 68 78 165
-353.2948 81.3873 4611.9463 64 71 157
-350.1013 81.5051 4618.6206 60 67 151
-347.4021 81.7417 4632.0273 59 65 147
-343.1884 81.6232 4625.3140 58 65 142
-340.4651 81.8605 4638.7598 58 65 140
-336.7442 81.8605 4638.7598 58 64 139
-333.5080 81.9796 4645.5122 58 64 138
-328.3478 81.6232 4625.3140 59 64 138
-323.2323 81.2698 4605.2910 60 64 137
-319.0778 81.1527 4598.6553 59 64 136
-315.8441 81.2698 4605.2910 59 66 136
-312.1501 81.2698 4605.2910 60 65 137
-308.9017 81.3873 4611.9463 59 63 138
-305.2023 81.3873 4611.9463 58 63 138
-301.5029 81.3873 4611.9463 58 64 137
-297.8035 81.3873 4611.9463 59 64 136
-293.6797 81.2698 4605.2910 59 65 136
-289.9856 81.2698 4605.2910 58 64 136
-286.2915 81.2698 4605.2910 58 64 136
-282.5974 81.2698 4605.2910 60 64 136
-278.5015 81.1527 4598.6553 61 64 136
-275.2093 81.2698 4605.2910 60 64 135
-271.5151 81.2698 4605.2910 61 65 135
-267.8211 81.2698 4605.2910 60 65 134
-264.5087 81.3873 4611.9463 59 64 135
-260.4329 81.2698 4605.2910 61 64 135
-257.1099 81.3873 4611.9463 63 65 134
-253.4104 81.3873 4611.9463 65 67 133
-249.3507 81.2698 4605.2910 62 66 133
-245.3026 81.1527 4598.6553 63 67 134
-156.4610 65.5646 3715.3279 64 69 131
-154.5604 66.0258 3741.4617 64 67 128
-151.3817 65.9485 3737.0806 69 71 128
-148.2105 65.8714 3732.7097 68 69 125
-145.2164 65.8714 3732.7097 65 65 123
-142.2222 65.8714 3732.7097 82 77 116
-139.2281 65.8714 3732.7097 206 191 156
-136.2339 65.8714 3732.7097 236 217 148
-133.0841 65.7944 3728.3491 236 216 145
-130.0935 65.7944 3728.3491 235 215 144
-126.9545 65.7176 3723.9985 234 215 144
-124.2573 65.8714 3732.7097 234 215 145
-121.1215 65.7944 3728.3491 235 215 145
-117.9930 65.7176 3723.9985 235 215 146
70.8795 61.1509 3465.2190 234 214 141
73.6591 61.1509 3465.2190 234 215 141
76.5217 61.2174 3468.9856 235 215 141
79.2182 61.1509 3465.2190 235 215 141
82.0870 61.2174 3468.9856 234 215 138
84.6855 61.0846 3461.4607 234 215 136
87.3673 61.0184 3457.7104 234 215 137
89.9460 60.8865 3450.2344 235 214 136
92.6134 60.8207 3446.5083 235 213 134
95.3780 60.8207 3446.5083 235 213 131
98.1426 60.8207 3446.5083 234 213 129
100.7983 60.7551 3442.7905 235 213 126
103.6717 60.8207 3446.5083 237 215 120
106.3215 60.7551 3442.7905 241 221 98
108.8482 60.6243 3435.3787 246 230 69
111.3641 60.4941 3427.9988 248 231 57
113.9914 60.4292 3424.3206 248 231 55
116.6131 60.3644 3420.6504 247 230 56
119.3569 60.3644 3420.6504 247 230 56
122.1008 60.3644 3420.6504 247 230 55
125.2473 60.5591 3431.6846 247 230 56
128.0000 60.5591 3431.6846 246 229 55
344.7104 54.3629 3080.5664 243 226 52
347.5169 54.4155 3083.5427 242 224 51
349.3153 54.3105 3077.5957 240 222 49
351.7840 54.3105 3077.5957 233 216 44
354.2527 54.3105 3077.5957 222 203 34
357.0657 54.3629 3080.5664 209 187 23
359.8841 54.4155 3083.5427 201 177 20
362.7079 54.4681 3086.5249 200 174 20
370.8878 54.9463 3113.6260 198 173 20
374.1154 55.0538 3119.7134 198 172 19
377.7255 55.2157 3128.8889 197 171 18
380.2353 55.2157 3128.8889 195 170 17
385.0099 55.5424 3147.4031 195 168 15
391.7846 56.1515 3181.9209 195 167 15
394.7306 56.2076 3185.0964 194 167 15
396.4940 56.0956 3178.7517 193 166 16
479.1062 62.9274 3565.8845 197 169 15
482.5056 62.9978 3569.8733 198 169 13
487.0034 63.2099 3581.8931 200 170 13
490.9786 63.3521 3589.9514 202 171 15
493.3034 63.2809 3585.9177 215 179 21
497.8580 63.4949 3598.0459 224 184 24
501.3093 63.5666 3602.1069 225 184 24
503.6302 63.4949 3598.0459 226 184 26
507.0880 63.5666 3602.1069 225 184 26
510.5537 63.6384 3606.1770 225 185 26
512.8669 63.5666 3602.1069 226 185 25
-386.5896 77.6879 4611.9463 57 64 142
-383.4443 77.8003 4618.6206 57 65 142
-381.3954 78.1395 4638.7598 57 65 144
-377.6744 78.1395 4638.7598 57 65 144
-373.4108 78.0261 4632.0273 58 64 142
-368.6252 77.8003 4618.6206 63 69 146
-364.3931 77.6879 4611.9463 62 71 155
-360.6937 77.6879 4611.9463 67 76 165
-356.9942 77.6879 4611.9463 69 77 165
-353.2948 77.6879 4611.9463 66 73 159
-350.1013 77.8003 4618.6206 61 68 151
-347.4021 78.0261 4632.0273 59 65 146
-343.1884 77.9130 4625.3140 58 65 142
-340.4651 78.1395 4638.7598 57 65 140
-336.2555 78.0261 4632.0273 57 65 140
-333.0233 78.1395 4638.7598 58 65 138
-328.3478 77.9130 4625.3140 58 64 138
-323.2323 77.5758 4605.2910 60 64 138
-318.6187 77.3525 4592.0386 60 64 137
-315.3891 77.4640 4598.6553 60 65 137
-311.7003 77.4640 4598.6553 60 65 137
-308.9017 77.6879 4611.9463 60 64 137
-305.2023 77.6879 4611.9463 60 65 137
-301.5029 77.6879 4611.9463 58 65 137
-297.8035 77.6879 4611.9463 58 65 136
-293.6797 77.5758 4605.2910 58 65 136
-289.9856 77.5758 4605.2910 59 66 138
-286.2915 77.5758 4605.2910 60 64 136
-282.5974 77.5758 4605.2910 60 65 135
-278.5015 77.4640 4598.6553 61 65 137
-275.2093 77.5758 4605.2910 61 65 137
-271.5151 77.5758 4605.2910 61 65 136
-267.8211 77.5758 4605.2910 60 64 135
-264.5087 77.6879 4611.9463 60 64 135
-260.4329 77.5758 4605.2910 60 64 135
-257.1099 77.6879 4611.9463 61 65 135
-253.4104 77.6879 4611.9463 63 66 136
-249.3507 77.5758 4605.2910 62 65 133
-245.3026 77.4640 4598.6553 62 65 133
-240.9196 77.2414 4585.4409 62 64 134
-156.6434 62.6573 3719.6582 66 69 130
-154.5604 63.0246 3741.4617 65 66 128
-151.5592 63.0246 3741.4617 70 71 129
-148.3841 62.9508 3737.0806 71 70 127
-145.3864 62.9508 3737.0806 65 64 122
-142.3888 62.9508 3737.0806 77 72 117
-139.3911 62.9508 3737.0806 198 182 154
-136.2339 62.8772 3732.7097 237 218 151
-133.2398 62.8772 3732.7097 236 216 146
-130.2456 62.8772 3732.7097 235 215 144
-127.1028 62.8037 3728.3491 235 215 145
-124.4028 62.9508 3737.0806 234 214 145
-121.4052 62.9508 3737.0806 235 214 146
-118.1309 62.8037 3728.3491 234 215 144
70.9565 58.4348 3468.9856 234 215 140
73.7391 58.4348 3468.9856 234 215 140
76.5217 58.4348 3468.9856 234 215 139
79.3044 58.4348 3468.9856 234 216 139
82.0870 58.4348 3468.9856 234 215 138
84.7774 58.3713 3465.2190 234 215 136
87.5570 58.3713 3465.2190 234 214 135
90.1408 58.2449 3457.7104 235 214 133
92.8139 58.1818 3453.9683 235 214 131
95.4811 58.1189 3450.2344 235 214 128
98.2487 58.1189 3450.2344 235 214 128
100.9071 58.0562 3446.5083 237 215 122
103.7838 58.1189 3450.2344 241 221 101
106.4363 58.0562 3446.5083 245 230 70
108.9655 57.9310 3439.0806 247 231 58
111.4839 57.8065 3431.6846 248 231 55
113.9914 57.6824 3424.3206 248 231 54
116.7382 57.6824 3424.3206 248 231 56
119.4850 57.6824 3424.3206 247 230 56
122.2318 57.6824 3424.3206 247 230 56
125.2473 57.8065 3431.6846 246 230 56
127.8625 57.7444 3427.9988 247 230 56
344.0463 51.7919 3074.6309 242 226 51
347.1815 51.8919 3080.5664 242 225 51
348.9789 51.7919 3074.6309 240 222 49
351.4451 51.7919 3074.6309 233 216 44
353.9114 51.7919 3074.6309 223 203 36
356.7213 51.8419 3077.5957 209 186 23
359.5367 51.8919 3080.5664 202 177 20
362.7079 51.9923 3086.5249 199 174 19
373.7500 52.5000 3116.6667 198 172 18
377.3556 52.6543 3125.8245 198 171 18
379.8629 52.6543 3125.8245 196 170 17
385.3900 53.0701 3150.5100 195 169 16
391.7846 53.5992 3181.9209 195 167 16
395.1249 53.7063 3188.2786 195 166 16
396.8893 53.5992 3181.9209 194 166 16
479.6421 60.1342 3569.8733 196 168 15
482.5056 60.1342 3569.8733 198 169 13
487.0034 60.3367 3581.8931 199 170 14
490.9786 60.4724 3589.9514 201 170 14
493.3034 60.4045 3585.9177 215 179 22
497.8580 60.6088 3598.0459 225 184 25
501.3093 60.6772 3602.1069 226 184 25
503.6302 60.6088 3598.0459 226 184 26
507.0880 60.6772 3602.1069 226 184 25
510.5537 60.7458 3606.1770 226 185 26
513.4464 60.7458 3606.1770 226 185 25
-387.1491 74.0955 4618.6206 58 65 143
-384.0000 74.2029 4625.3140 57 65 143
-381.9506 74.5269 4645.5122 56 65 144
-378.2242 74.5269 4645.5122 56 65 144
-373.9535 74.4186 4638.7598 59 64 142
-368.6252 74.0955 4618.6206 66 70 148
-364.3931 73.9884 4611.9463 67 74 159
-360.6937 73.9884 4611.9463 68 78 166
-356.9942 73.9884 4611.9463 67 76 163
-353.2948 73.9884 4611.9463 65 72 155
-350.1013 74.0955 4618.6206 61 69 150
-346.8986 74.2029 4625.3140 59 66 146
-342.6918 74.0955 4618.6206 57 65 142
-339.9710 74.3106 4632.0273 57 64 141
-335.7681 74.2029 4625.3140 57 64 141
-332.5399 74.3106 4632.0273 57 64 138
-327.8727 74.0955 4618.6206 59 64 138
-322.7666 73.7752 4598.6553 60 64 138
-318.6187 73.6691 4592.0386 60 64 138
-315.3891 73.7752 4598.6553 60 65 138
-311.7003 73.7752 4598.6553 60 65 137
-308.9017 73.9884 4611.9463 61 65 138
-305.2023 73.9884 4611.9463 60 65 138
-301.9393 74.0955 4618.6206 59 65 137
-297.8035 73.9884 4611.9463 59 63 135
-294.1041 73.9884 4611.9463 60 65 135
-290.4046 73.9884 4611.9463 62 68 138
-286.7052 73.9884 4611.9463 60 65 136
-282.5974 73.8817 4605.2910 60 65 136
-278.9033 73.8817 4605.2910 61 65 138
-275.2093 73.8817 4605.2910 60 65 137
-271.5151 73.8817 4605.2910 60 64 136
-267.8211 73.8817 4605.2910 58 64 136
-264.5087 73.9884 4611.9463 59 64 135
-260.4329 73.8817 4605.2910 60 65 134
-257.1099 73.9884 4611.9463 60 65 134
-253.4104 73.9884 4611.9463 62 66 135
-249.7110 73.9884 4611.9463 63 65 135
-245.3026 73.7752 4598.6553 61 65 135
-240.9196 73.5632 4585.4409 61 65 134
-156.8261 59.7433 3723.9985 66 70 132
-154.7418 60.0939 3745.8530 65 69 130
-151.7371 60.0939 3745.8530 70 71 128
-148.5580 60.0235 3741.4617 71 70 126
-145.5569 60.0235 3741.4617 64 65 122
-142.5557 60.0235 3741.4617 74 71 117
-139.5545 60.0235 3741.4617 188 173 149
-136.3935 59.9532 3737.0806 237 218 151
-133.3958 59.9532 3737.0806 236 217 146
-130.3981 59.9532 3737.0806 235 215 143
-127.2515 59.8830 3732.7097 235 215 143
-124.5487 60.0235 3741.4617 235 214 144
-121.5475 60.0235 3741.4617 236 214 145
-118.2690 59.8830 3732.7097 235 215 144
65.8206 56.0175 3491.7578 234 215 141
68.3969 55.8342 3480.3345 235 215 141
71.1111 55.7734 3476.5432 235 215 140
73.8194 55.7127 3472.7603 234 215 140
76.6050 55.7127 3472.7603 234 215 139
79.3044 55.6522 3468.9856 234 215 138
82.1763 55.7127 3472.7603 234 215 137
84.8696 55.6522 3468.9856 234 215 135
87.5570 55.5918 3465.2190 234 214 134
90.2386 55.5315 3461.4607 235 214 131
93.0152 55.5315 3461.4607 235 214 129
95.6880 55.4713 3457.7104 235 214 127
98.3550 55.4113 3453.9683 236 215 123
101.0162 55.3514 3450.2344 241 221 104
103.8961 55.4113 3453.9683 245 230 73
106.6667 55.4113 3453.9683 248 231 60
109.2009 55.2916 3446.5083 247 231 55
111.7241 55.1724 3439.0806 248 231 56
114.2366 55.0538 3431.6846 248 231 56
116.8636 54.9946 3427.9988 248 231 57
119.6133 54.9946 3427.9988 247 230 56
122.3631 54.9946 3427.9988 247 230 56
125.3821 55.1130 3435.3787 246 229 55
127.8625 54.9946 3427.9988 247 230 56
343.7151 49.2782 3071.6716 242 225 51
346.8467 49.3732 3077.5957 242 224 51
348.6429 49.2782 3071.6716 240 222 49
351.4451 49.3256 3074.6309 233 216 44
353.5708 49.2782 3071.6716 222 203 35
356.3777 49.3256 3074.6309 208 186 23
359.5367 49.4209 3080.5664 201 177 19
362.3575 49.4686 3083.5427 200 174 19
373.3854 49.9512 3113.6260 198 171 18
376.9863 50.0979 3122.7659 197 170 18
379.8629 50.1469 3125.8245 197 169 18
392.1757 51.0978 3185.0964 194 167 16
396.8893 51.0469 3181.9209 194 166 16
480.1792 57.3348 3573.8708 197 168 14
482.5056 57.2707 3569.8733 198 168 13
487.0034 57.4635 3581.8931 199 169 13
490.4270 57.5281 3585.9177 201 170 15
493.3034 57.5281 3585.9177 215 179 22
497.2973 57.6577 3593.9941 225 184 25
501.3093 57.7878 3602.1069 225 184 24
503.6302 57.7227 3598.0459 225 184 25
507.6610 57.8531 3606.1770 225 184 25
511.1313 57.9186 3610.2566 225 184 26
514.0272 57.9186 3610.2566 226 185 25
-387.1491 70.3907 4618.6206 57 65 143
-384.0000 70.4928 4625.3140 57 65 144
-381.9506 70.8006 4645.5122 57 65 142
-378.2242 70.8006 4645.5122 59 67 143
-373.9535 70.6977 4638.7598 60 66 142
-368.6252 70.3907 4618.6206 72 76 151
-364.3931 70.2890 4611.9463 72 80 160
-360.6937 70.2890 4611.9463 69 79 166
-356.4791 70.1876 4605.2910 67 76 163
-353.2948 70.2890 4611.9463 64 71 156
-350.1013 70.3907 4618.6206 61 68 151
-346.8986 70.4928 4625.3140 58 66 146
-342.6918 70.3907 4618.6206 57 64 141
-339.9710 70.5951 4632.0273 58 64 140
-335.7681 70.4928 4625.3140 57 64 140
-332.0580 70.4928 4625.3140 57 64 138
-327.8727 70.3907 4618.6206 57 63 138
-322.7666 70.0865 4598.6553 60 65 139
-318.6187 69.9856 4592.0386 60 65 138
-315.3891 70.0865 4598.6553 59 65 137
-312.1501 70.1876 4605.2910 59 65 137
-308.9017 70.2890 4611.9463 60 65 137
-305.6440 70.3907 4618.6206 61 66 138
-301.9393 70.3907 4618.6206 61 66 137
-297.8035 70.2890 4611.9463 61 65 136
-294.1041 70.2890 4611.9463 60 65 136
-290.4046 70.2890 4611.9463 60 65 136
-286.7052 70.2890 4611.9463 59 65 136
-282.5974 70.1876 4605.2910 61 66 137
-278.9033 70.1876 4605.2910 61 66 135
-275.2093 70.1876 4605.2910 60 65 135
-271.5151 70.1876 4605.2910 61 64 135
-267.8211 70.1876 4605.2910 61 64 135
-264.5087 70.2890 4611.9463 62 65 136
-260.4329 70.1876 4605.2910 61 65 136
-257.4819 70.3907 4618.6206 61 65 134
-253.4104 70.2890 4611.9463 62 66 135
-249.7110 70.2890 4611.9463 61 66 135
-245.3026 70.0865 4598.6553 62 65 134
-240.9196 69.8851 4585.4409 63 64 133
-237.2414 69.8851 4585.4409 62 66 133
-156.8261 56.7561 3723.9985 66 70 132
-154.7418 57.0892 3745.8530 66 70 130
-151.9154 57.1563 3750.2546 70 71 129
-148.5580 57.0223 3741.4617 70 70 127
-145.5569 57.0223 3741.4617 66 66 123
-142.5557 57.0223 3741.4617 71 69 118
-139.7183 57.0892 3745.8530 178 163 145
-136.5533 57.0223 3741.4617 236 218 151
-133.3958 56.9555 3737.0806 236 218 144
-130.3981 56.9555 3737.0806 235 216 144
-127.4005 56.9555 3737.0806 235 215 144
-124.6948 57.0892 3745.8530 235 215 143
-121.6901 57.0892 3745.8530 235 215 144
-118.4075 56.9555 3737.0806 234 215 144
-115.5452 57.0223 3741.4617 234 215 145
65.8206 53.2166 3491.7578 234 215 140
68.4716 53.1004 3484.1340 235 216 140
71.1887 53.0425 3480.3345 235 216 139
73.8998 52.9847 3476.5432 235 216 139
76.6050 52.9271 3472.7603 235 215 138
79.3906 52.9271 3472.7603 235 215 137
82.1763 52.9271 3472.7603 235 215 136
84.8696 52.8696 3468.9856 235 214 134
87.6522 52.8696 3468.9856 235 214 132
90.2386 52.7549 3461.4607 235 214 129
93.1162 52.8122 3465.2190 235 215 127
95.7918 52.7549 3461.4607 236 215 123
98.4615 52.6977 3457.7104 241 220 105
101.0162 52.5838 3450.2344 246 228 74
103.8961 52.6407 3453.9683 248 231 59
106.6667 52.6407 3453.9683 248 231 56
109.2009 52.5270 3446.5083 248 231 55
111.6039 52.3574 3435.3787 248 231 56
114.1139 52.2449 3427.9988 248 231 57
116.7382 52.1888 3424.3206 248 231 56
119.4850 52.1888 3424.3206 247 230 55
122.2318 52.1888 3424.3206 247 230 55
125.2473 52.3011 3431.6846 247 230 56
343.7151 46.8142 3071.6716 242 225 51
346.5125 46.8593 3074.6309 241 224 51
348.6429 46.8142 3071.6716 239 221 49
351.1069 46.8142 3071.6716 233 216 44
353.2308 46.7692 3068.7180 222 203 33
356.0347 46.8142 3071.6716 208 186 23
359.5367 46.9498 3080.5664 201 177 20
362.3575 46.9952 3083.5427 200 174 19
373.0215 47.4074 3110.5913 199 171 18
376.9863 47.5930 3122.7659 197 170 17
379.8629 47.6396 3125.8245 196 169 16
395.9159 48.6887 3194.6614 193 166 15
397.6823 48.5914 3188.2786 193 166 16
480.7175 54.5292 3577.8774 197 168 14
483.5875 54.5292 3577.8774 197 169 12
487.5506 54.6517 3585.9177 198 169 12
490.9786 54.7132 3589.9514 201 170 14
494.4145 54.7748 3593.9941 215 179 21
497.8580 54.8365 3598.0459 225 184 24
501.8757 54.9604 3606.1770 225 184 24
504.1987 54.8984 3602.1069 225 184 25
508.2354 55.0226 3610.2566 225 184 25
511.7101 55.0849 3614.3452 225 184 25
515.7776 55.2100 3622.5503 226 184 25
-386.5896 66.5896 4611.9463 57 64 143
-383.4443 66.6860 4618.6206 58 65 143
-381.9506 67.0742 4645.5122 58 65 145
-378.2242 67.0742 4645.5122 58 66 144
-373.9535 66.9767 4638.7598 60 67 142
-368.6252 66.6860 4618.6206 70 75 149
-364.3931 66.5896 4611.9463 68 75 156
-360.6937 66.5896 4611.9463 69 78 167
-356.4791 66.4935 4605.2910 67 75 163
-353.2948 66.5896 4611.9463 63 70 156
-350.1013 66.6860 4618.6206 59 67 150
-346.8986 66.7826 4625.3140 58 65 145
-342.6918 66.6860 4618.6206 58 65 142
-339.9710 66.8795 4632.0273 57 65 140
-335.7681 66.7826 4625.3140 57 64 139
-332.5399 66.8795 4632.0273 58 64 138
-327.8727 66.6860 4618.6206 59 64 138
-323.2323 66.4935 4605.2910 61 66 139
-319.0778 66.3977 4598.6553 61 66 138
-315.8441 66.4935 4605.2910 59 65 138
-312.1501 66.4935 4605.2910 60 66 138
-309.3488 66.6860 4618.6206 64 68 139
-305.6440 66.6860 4618.6206 67 71 140
-302.3768 66.7826 4625.3140 65 69 137
-297.8035 66.5896 4611.9463 66 71 137
-294.1041 66.5896 4611.9463 66 71 137
-289.9856 66.4935 4605.2910 65 69 137
-286.7052 66.5896 4611.9463 63 67 136
-282.5974 66.4935 4605.2910 63 67 137
-278.9033 66.4935 4605.2910 62 67 136
-275.2093 66.4935 4605.2910 64 69 136
-271.5151 66.4935 4605.2910 64 67 136
-267.8211 66.4935 4605.2910 64 67 136
-264.5087 66.5896 4611.9463 64 67 136
-260.4329 66.4935 4605.2910 63 67 135
-257.1099 66.5896 4611.9463 63 66 135
-253.4104 66.5896 4611.9463 64 67 135
-249.3507 66.4935 4605.2910 63 67 135
-245.3026 66.3977 4598.6553 63 66 135
-240.9196 66.2069 4585.4409 64 66 135
-237.2414 66.2069 4585.4409 64 66 135
-154.7418 54.0845 3745.8530 67 70 130
-151.9154 54.1481 3750.2546 67 68 128
-148.5580 54.0211 3741.4617 67 68 127
-145.5569 54.0211 3741.4617 66 66 124
-142.7230 54.0845 3745.8530 70 68 117
-139.7183 54.0845 3745.8530 168 153 142
-136.5533 54.0211 3741.4617 236 218 154
-133.5522 54.0211 3741.4617 236 218 146
-130.5510 54.0211 3741.4617 235 216 144
-127.5498 54.0211 3741.4617 235 215 144
-124.6948 54.0845 3745.8530 235 215 143
-121.8331 54.1481 3750.2546 234 215 144
-118.5463 54.0211 3741.4617 234 215 144
-115.5452 54.0211 3741.4617 234 215 145
63.2272 50.5818 3503.2566 235 215 141
65.8206 50.4158 3491.7578 235 216 140
68.5465 50.3607 3487.9419 235 216 139
71.1887 50.2508 3480.3345 234 215 139
73.8998 50.1961 3476.5432 234 215 138
76.6050 50.1415 3472.7603 235 215 137
79.3906 50.1415 3472.7603 235 215 136
82.1763 50.1415 3472.7603 235 215 134
84.8696 50.0870 3468.9856 236 214 132
87.7476 50.1415 3472.7603 236 214 130
90.3366 50.0326 3465.2190 236 214 127
93.1162 50.0326 3465.2190 236 215 123
95.7918 49.9783 3461.4607 240 219 109
98.4615 49.9242 3457.7104 246 226 76
101.1255 49.8701 3453.9683 248 230 60
103.8961 49.8701 3453.9683 248 231 57
106.5514 49.8162 3450.2344 248 230 56
109.0831 49.7087 3442.7905 248 231 57
111.4839 49.5484 3431.6846 248 231 57
113.9914 49.4421 3424.3206 248 231 57
116.6131 49.3891 3420.6504 247 230 56
119.3569 49.3891 3420.6504 247 230 56
122.1008 49.3891 3420.6504 247 229 56
343.3846 44.3077 3068.7180 242 225 51
346.5125 44.3931 3074.6309 241 224 51
348.3077 44.3077 3068.7180 239 222 49
351.1069 44.3503 3071.6716 233 216 44
353.2308 44.3077 3068.7180 221 203 34
355.6923 44.3077 3068.7180 208 186 23
359.5367 44.4788 3080.5664 202 177 19
362.0078 44.4788 3080.5664 200 174 19
372.6582 44.8685 3107.5625 199 172 19
376.9863 45.0881 3122.7659 197 171 18
379.4912 45.0881 3122.7659 196 169 16
392.9600 46.0800 3191.4668 193 167 15
396.3127 46.1723 3197.8625 193 166 15
397.6823 46.0340 3188.2786 193 166 16
481.7978 51.7753 3585.9177 196 168 14
484.6742 51.7753 3585.9177 197 168 12
488.6487 51.8919 3593.9941 198 169 12
491.5316 51.8919 3593.9941 201 169 14
494.4145 51.8919 3593.9941 215 179 21
498.4199 52.0090 3602.1069 224 183 24
503.0125 52.1857 3614.3452 226 183 24
504.7684 52.0678 3606.1770 224 183 25
509.3878 52.2449 3618.4431 225 183 25
512.8718 52.3042 3622.5503 224 183 24
516.9511 52.4232 3630.7927 226 183 25
-386.5896 62.8902 4611.9463 57 64 143
-383.4443 62.9812 4618.6206 58 64 143
-381.9506 63.3479 4645.5122 58 64 144
-378.2242 63.3479 4645.5122 57 65 145
-373.9535 63.2558 4638.7598 61 68 144
-368.6252 62.9812 4618.6206 65 71 148
-363.8672 62.7994 4605.2910 66 73 158
-360.6937 62.8902 4611.9463 71 79 167
-356.4791 62.7994 4605.2910 68 75 161
-353.8061 62.9812 4618.6206 62 69 154
-350.1013 62.9812 4618.6206 60 68 150
-346.8986 63.0725 4625.3140 57 65 144
-342.6918 62.9812 4618.6206 57 64 141
-339.9710 63.1640 4632.0273 56 64 140
-336.2555 63.1640 4632.0273 56 64 139
-332.5399 63.1640 4632.0273 56 64 137
-327.8727 62.9812 4618.6206 58 63 138
-323.2323 62.7994 4605.2910 61 66 138
-319.0778 62.7089 4598.6553 60 65 137
-315.8441 62.7994 4605.2910 59 65 138
-312.6012 62.8902 4611.9463 60 65 138
-309.7971 63.0725 4625.3140 61 67 138
-306.0870 63.0725 4625.3140 63 69 139
-302.8157 63.1640 4632.0273 66 71 138
-297.8035 62.8902 4611.9463 67 71 137
-294.1041 62.8902 4611.9463 70 73 138
-290.4046 62.8902 4611.9463 70 72 138
-286.7052 62.8902 4611.9463 69 71 138
-282.5974 62.7994 4605.2910 64 68 135
-278.9033 62.7994 4605.2910 64 69 136
-275.2093 62.7994 4605.2910 66 70 136
-271.5151 62.7994 4605.2910 66 69 134
-267.8211 62.7994 4605.2910 66 69 135
-264.8915 62.9812 4618.6206 66 70 137
-260.8093 62.8902 4611.9463 65 71 136
-257.4819 62.9812 4618.6206 64 69 135
-253.7771 62.9812 4618.6206 65 68 135
-249.7110 62.8902 4611.9463 65 66 135
-245.6566 62.7994 4605.2910 64 67 135
-241.2662 62.6187 4592.0386 65 68 134
-237.2414 62.5287 4585.4409 65 67 134
-154.7418 51.0798 3745.8530 66 71 130
-152.0941 51.2000 3754.6667 66 67 128
-148.7324 51.0798 3745.8530 67 67 127
-145.7277 51.0798 3745.8530 68 67 124
-142.7230 51.0798 3745.8530 76 73 120
-139.7183 51.0798 3745.8530 158 143 137
-136.7136 51.0798 3745.8530 235 217 155
-133.5522 51.0199 3741.4617 237 218 146
-130.5510 51.0199 3741.4617 236 216 145
-127.5498 51.0199 3741.4617 235 215 145
-124.6948 51.0798 3745.8530 235 215 144
-121.9765 51.2000 3754.6667 234 215 143
-118.6854 51.0798 3745.8530 234 215 143
-115.6808 51.0798 3745.8530 234 215 144
63.2967 47.8242 3507.1062 235 215 142
65.8927 47.6670 3495.5825 235 216 140
68.6214 47.6149 3491.7578 235 216 140
71.2664 47.5109 3484.1340 234 215 139
73.9804 47.4591 3480.3345 234 215 137
76.6885 47.4074 3476.5432 236 215 136
79.3906 47.3558 3472.7603 235 215 136
82.2658 47.4074 3476.5432 235 214 133
84.8696 47.3043 3468.9856 236 214 130
87.7476 47.3558 3472.7603 236 214 128
90.4348 47.3043 3468.9856 237 214 124
93.2174 47.3043 3468.9856 240 218 112
95.8958 47.2530 3465.2190 246 227 83
98.6754 47.2530 3465.2190 248 230 60
101.2351 47.1506 3457.7104 247 230 57
104.0087 47.1506 3457.7104 247 230 57
106.6667 47.0996 3453.9683 248 230 56
109.2009 46.9978 3446.5083 248 230 57
111.8447 46.9471 3442.7905 247 230 56
114.2366 46.7957 3431.6846 247 230 56
116.8636 46.7454 3427.9988 246 230 56
119.7419 46.7957 3431.6846 247 229 56
122.4946 46.7957 3431.6846 247 230 57
343.3846 41.8462 3068.7180 242 225 51
346.1790 41.8864 3071.6716 242 224 51
348.3077 41.8462 3068.7180 239 223 49
351.1069 41.8864 3071.6716 233 216 44
353.2308 41.8462 3068.7180 222 203 35
355.6923 41.8462 3068.7180 208 186 23
359.1900 41.9672 3077.5957 202 177 20
362.0078 42.0077 3080.5664 200 173 20
364.8309 42.0483 3083.5427 199 172 19
372.2957 42.3346 3104.5396 198 172 18
376.9863 42.5832 3122.7659 198 171 18
390.0100 43.4765 3188.2786 196 169 16
392.5675 43.4765 3188.2786 194 167 15
395.9159 43.5636 3194.6614 194 166 15
397.6823 43.4765 3188.2786 194 166 15
399.8403 43.4331 3185.0964 194 165 15
482.8829 49.0090 3593.9941 197 169 14
485.2194 48.9539 3589.9514 197 169 11
488.6487 49.0090 3593.9941 198 169 12
492.0857 49.0643 3598.0459 200 169 13
494.9718 49.0643 3598.0459 215 179 22
498.9831 49.1751 3606.1770 224 182 24
503.5828 49.3424 3618.4431 225 183 23
505.9117 49.2865 3614.3452 225 183 24
509.9660 49.3984 3622.5503 225 183 24
513.4546 49.4545 3626.6667 225 183 24
517.5399 49.5672 3634.9280 226 183 25
-386.5896 59.1908 4611.9463 57 65 143
-384.0000 59.3623 4625.3140 57 64 143
-381.9506 59.6215 4645.5122 58 65 145
-378.2242 59.6215 4645.5122 58 65 144
-373.9535 59.5349 4638.7598 61 66 142
-368.0925 59.1908 4611.9463 68 71 150
-363.8672 59.1053 4605.2910 68 75 162
-360.6937 59.1908 4611.9463 71 79 167
-356.4791 59.1053 4605.2910 67 75 160
-353.8061 59.2764 4618.6206 60 70 155
-350.6087 59.3623 4625.3140 60 68 149
-346.8986 59.3623 4625.3140 58 65 143
-343.1884 59.3623 4625.3140 57 65 142
-340.4651 59.5349 4638.7598 57 64 141
-336.2555 59.4485 4632.0273 57 64 139
-332.5399 59.4485 4632.0273 58 64 139
-327.8727 59.2764 4618.6206 58 63 138
-323.2323 59.1053 4605.2910 58 65 137
-319.0778 59.0202 4598.6553 58 64 137
-315.8441 59.1053 4605.2910 57 64 138
-313.0536 59.2764 4618.6206 58 64 138
-310.2468 59.4485 4632.0273 58 64 138
-306.0870 59.3623 4625.3140 59 65 138
-303.2558 59.5349 4638.7598 58 65 137
-297.8035 59.1908 4611.9463 60 66 138
-294.1041 59.1908 4611.9463 63 67 138
-290.4046 59.1908 4611.9463 64 67 138
-287.1201 59.2764 4618.6206 64 66 137
-283.0058 59.1908 4611.9463 63 66 136
-279.3064 59.1908 4611.9463 63 67 136
-275.2093 59.1053 4605.2910 65 69 135
-271.5151 59.1053 4605.2910 67 69 135
-268.2081 59.1908 4611.9463 66 69 136
-265.2754 59.3623 4625.3140 65 69 137
-261.1867 59.2764 4618.6206 64 67 136
-257.8551 59.3623 4625.3140 63 67 136
-254.1449 59.3623 4625.3140 64 67 137
-249.7110 59.1908 4611.9463 64 66 137
-246.0116 59.1908 4611.9463 64 66 135
-241.6138 59.0202 4598.6553 64 66 133
-237.5828 58.9353 4592.0386 64 67 135
-154.5604 48.0188 3741.4617 68 71 130
-152.0941 48.1882 3754.6667 67 69 129
-148.7324 48.0751 3745.8530 68 69 126
-145.7277 48.0751 3745.8530 66 66 124
-142.8907 48.1316 3750.2546 69 66 118
-139.8825 48.1316 3750.2546 144 131 133
-136.7136 48.0751 3745.8530 234 217 156
-133.7089 48.0751 3745.8530 237 218 147
-130.7042 48.0751 3745.8530 236 216 146
-127.6995 48.0751 3745.8530 235 216 145
-124.8414 48.1316 3750.2546 235 215 144
-121.9765 48.1882 3754.6667 235 215 144
-118.6854 48.0751 3745.8530 235 215 145
-115.6808 48.0751 3745.8530 235 215 146
60.6167 45.1101 3514.8313 235 216 141
63.3663 45.0605 3510.9646 235 215 140
65.8927 44.8631 3495.5825 235 215 139
68.6214 44.8140 3491.7578 234 215 138
71.2664 44.7162 3484.1340 234 215 137
74.0611 44.7162 3484.1340 235 215 135
76.6885 44.6187 3476.5432 235 214 133
79.3906 44.5702 3472.7603 235 215 132
82.2658 44.6187 3476.5432 236 214 130
84.8696 44.5217 3468.9856 236 214 128
87.7476 44.5702 3472.7603 236 215 124
90.4348 44.5217 3468.9856 239 218 114
93.2174 44.5217 3468.9856 245 227 84
95.8958 44.4734 3465.2190 247 231 60
98.6754 44.4734 3465.2190 247 231 55
101.2351 44.3770 3457.7104 247 230 56
104.1215 44.4252 3461.4607 248 230 56
106.6667 44.3290 3453.9683 248 231 56
109.2009 44.2333 3446.5083 248 231 56
111.7241 44.1379 3439.0806 247 230 56
114.2366 44.0430 3431.6846 247 230 56
116.8636 43.9957 3427.9988 246 230 56
343.0548 39.3468 3065.7703 243 226 51
345.8462 39.3846 3068.7180 242 225 51
347.9731 39.3468 3065.7703 239 222 50
351.1069 39.4225 3071.6716 233 216 44
353.2308 39.3846 3068.7180 222 202 35
355.3507 39.3468 3065.7703 208 186 23
358.8440 39.4605 3074.6309 202 176 20
361.6587 39.4986 3077.5957 200 173 19
364.8309 39.5749 3083.5427 199 173 18
377.3556 40.1175 3125.8245 198 171 17
389.6208 40.8782 3185.0964 196 169 16
392.5675 40.9191 3188.2786 194 167 15
395.1249 40.9191 3188.2786 194 167 15
397.6823 40.9191 3188.2786 194 166 15
399.8403 40.8782 3185.0964 194 166 15
482.8829 46.1261 3593.9941 198 169 13
485.2194 46.0742 3589.9514 198 169 13
488.6487 46.1261 3593.9941 198 169 12
492.6411 46.2303 3602.1069 200 170 12
495.5305 46.2303 3602.1069 215 178 21
499.5475 46.3348 3610.2566 223 182 23
504.7273 46.5455 3626.6667 224 183 23
506.4853 46.4399 3618.4431 224 182 24
511.1263 46.5984 3630.7927 224 183 23
514.0388 46.5984 3630.7927 225 183 23
518.1301 46.7047 3639.0728 225 183 23
519.2728 46.5455 3626.6667 225 183 24
-386.5896 55.4913 4611.9463 58 65 144
-383.4443 55.5716 4618.6206 58 65 144
-381.3954 55.8140 4638.7598 58 64 145
-378.2242 55.8952 4645.5122 56 64 144
-373.4108 55.7329 4632.0273 60 66 144
-368.0925 55.4913 4611.9463 68 72 151
-363.3430 55.3314 4598.6553 66 74 162
-360.1732 55.4113 4605.2910 70 79 168
-356.4791 55.4113 4605.2910 67 75 160
-353.8061 55.5716 4618.6206 62 69 154
-350.6087 55.6522 4625.3140 63 70 150
-346.8986 55.6522 4625.3140 64 68 146
-343.1884 55.6522 4625.3140 63 67 141
-339.9710 55.7329 4632.0273 61 66 140
-336.2555 55.7329 4632.0273 59 65 139
-332.5399 55.7329 4632.0273 58 64 138
-327.8727 55.5716 4618.6206 59 64 138
-323.2323 55.4113 4605.2910 60 64 137
-319.0778 55.3314 4598.6553 59 64 137
-315.8441 55.4113 4605.2910 59 63 138
-313.0536 55.5716 4618.6206 59 63 138
-310.2468 55.7329 4632.0273 58 63 137
-306.0870 55.6522 4625.3140 58 64 137
-303.2558 55.8140 4638.7598 59 64 136
-297.8035 55.4913 4611.9463 58 64 137
-294.1041 55.4913 4611.9463 58 64 137
-290.4046 55.4913 4611.9463 60 64 136
-286.7052 55.4913 4611.9463 61 65 136
-283.0058 55.4913 4611.9463 62 65 137
-278.9033 55.4113 4605.2910 62 66 137
-275.2093 55.4113 4605.2910 62 67 136
-271.5151 55.4113 4605.2910 64 69 136
-267.8211 55.4113 4605.2910 66 69 136
-264.8915 55.5716 4618.6206 64 68 137
-261.1867 55.5716 4618.6206 64 68 139
-257.4819 55.5716 4618.6206 63 67 137
-253.7771 55.5716 4618.6206 64 67 136
-249.7110 55.4913 4611.9463 65 67 137
-246.0116 55.4913 4611.9463 65 67 134
-241.6138 55.3314 4598.6553 65 67 133
-237.9251 55.3314 4598.6553 63 67 133
-154.5604 45.0176 3741.4617 69 71 130
-152.0941 45.1765 3754.6667 68 71 127
-148.7324 45.0704 3745.8530 68 70 127
-145.7277 45.0704 3745.8530 70 70 127
-142.8907 45.1234 3750.2546 69 68 121
-139.7183 45.0704 3745.8530 131 120 128
-136.7136 45.0704 3745.8530 233 217 158
-133.7089 45.0704 3745.8530 237 219 147
-130.7042 45.0704 3745.8530 236 216 145
-127.5498 45.0176 3741.4617 235 216 144
-124.6948 45.0704 3745.8530 235 216 144
-121.9765 45.1765 3754.6667 235 215 145
-118.6854 45.0704 3745.8530 235 215 146
-115.6808 45.0704 3745.8530 235 215 146
60.6167 42.2908 3514.8313 235 216 140
63.2967 42.1978 3507.1062 235 215 139
65.8927 42.0592 3495.5825 236 215 138
68.5465 41.9672 3487.9419 236 215 137
71.2664 41.9214 3484.1340 235 214 135
73.9804 41.8757 3480.3345 235 214 133
76.6885 41.8301 3476.5432 235 214 131
79.3906 41.7845 3472.7603 235 214 131
82.2658 41.8301 3476.5432 236 214 129
84.9619 41.7845 3472.7603 236 214 126
87.7476 41.7845 3472.7603 239 218 115
90.5332 41.7845 3472.7603 245 227 87
93.3188 41.7845 3472.7603 247 231 62
96.0000 41.7391 3468.9856 247 231 56
98.7826 41.7391 3468.9856 247 230 57
101.3449 41.6486 3461.4607 248 231 55
104.1215 41.6486 3461.4607 248 231 56
106.7822 41.6035 3457.7104 248 231 56
109.2009 41.4687 3446.5083 247 230 56
111.7241 41.3793 3439.0806 247 230 56
114.1139 41.2460 3427.9988 247 230 56
342.3969 36.8169 3059.8914 242 225 51
345.5139 36.8876 3065.7703 241 225 51
347.6392 36.8522 3062.8279 239 222 49
350.7693 36.9231 3068.7180 232 216 43
352.8915 36.8876 3065.7703 221 202 34
355.0096 36.8522 3062.8279 208 185 23
358.8440 36.9942 3074.6309 202 176 21
361.6587 37.0299 3077.5957 200 173 19
364.8309 37.1015 3083.5427 199 173 18
377.7255 37.6471 3128.8889 197 171 17
390.0100 38.3616 3188.2786 196 168 15
392.5675 38.3616 3188.2786 195 167 16
395.5200 38.4000 3191.4668 194 166 15
397.6823 38.3616 3188.2786 193 166 16
400.2398 38.3616 3188.2786 194 165 15
482.8829 43.2432 3593.9941 198 169 13
485.2194 43.1946 3589.9514 198 168 12
488.6487 43.2432 3593.9941 199 169 12
492.6411 43.3409 3602.1069 200 169 13
496.0904 43.3898 3606.1770 215 178 21
500.1133 43.4881 3614.3452 223 182 22
504.7273 43.6364 3626.6667 224 182 22
506.4853 43.5374 3618.4431 224 181 23
511.1263 43.6860 3630.7927 224 181 22
514.6242 43.7358 3634.9280 224 182 22
518.1301 43.7856 3639.0728 224 182 22
519.8635 43.6860 3630.7927 225 183 23
-386.5896 51.7919 4611.9463 56 64 143
-383.4443 51.8669 4618.6206 58 64 143
-380.8418 52.0174 4632.0273 57 65 145
-377.6744 52.0930 4638.7598 58 65 145
-372.8696 51.9420 4625.3140 62 68 146
-368.0925 51.7919 4611.9463 69 76 154
-363.3430 51.6427 4598.6553 69 79 163
-360.1732 51.7172 4605.2910 69 80 167
-356.4791 51.7172 4605.2910 66 75 160
-353.8061 51.8669 4618.6206 60 69 155
-350.6087 51.9420 4625.3140 58 67 148
-346.3965 51.8669 4618.6206 58 65 144
-343.1884 51.9420 4625.3140 58 65 141
-339.9710 52.0174 4632.0273 59 65 140
-336.2555 52.0174 4632.0273 59 65 139
-332.0580 51.9420 4625.3140 60 65 139
-327.3989 51.7919 4611.9463 60 65 138
-322.7666 51.6427 4598.6553 59 65 138
-319.0778 51.6427 4598.6553 59 65 137
-315.8441 51.7172 4605.2910 59 63 137
-312.6012 51.7919 4611.9463 58 63 137
-309.7971 51.9420 4625.3140 59 63 137
-305.6440 51.8669 4618.6206 59 63 137
-302.8157 52.0174 4632.0273 58 63 137
-297.3737 51.7172 4605.2910 59 63 137
-294.1041 51.7919 4611.9463 59 64 136
-290.4046 51.7919 4611.9463 59 64 135
-286.7052 51.7919 4611.9463 61 64 138
-283.0058 51.7919 4611.9463 62 65 138
-279.3064 51.7919 4611.9463 62 66 138
-275.6070 51.7919 4611.9463 63 68 139
-271.5151 51.7172 4605.2910 63 69 139
-268.2081 51.7919 4611.9463 66 70 138
-264.8915 51.8669 4618.6206 64 68 137
-261.1867 51.8669 4618.6206 65 68 138
-257.8551 51.9420 4625.3140 64 68 137
-254.1449 51.9420 4625.3140 66 69 136
-250.0724 51.8669 4618.6206 65 68 134
-246.0116 51.7919 4611.9463 65 67 135
-241.9625 51.7172 4605.2910 65 68 134
-237.9251 51.6427 4598.6553 64 68 134
-154.5604 42.0164 3741.4617 68 71 132
-152.0941 42.1647 3754.6667 65 69 127
-148.7324 42.0657 3745.8530 71 71 128
-145.7277 42.0657 3745.8530 70 69 127
-142.8907 42.1152 3750.2546 68 67 121
-139.8825 42.1152 3750.2546 120 111 125
-136.7136 42.0657 3745.8530 232 215 160
-133.7089 42.0657 3745.8530 237 219 148
-130.7042 42.0657 3745.8530 236 216 145
-127.6995 42.0657 3745.8530 235 216 144
-124.6948 42.0657 3745.8530 235 216 144
-121.9765 42.1647 3754.6667 235 215 146
-118.6854 42.0657 3745.8530 235 215 146
-115.6808 42.0657 3745.8530 235 215 146
-113.0742 42.2144 3759.0891 235 215 146
57.8611 39.5149 3518.7065 235 216 140
60.6167 39.4714 3514.8313 235 216 139
63.3663 39.4279 3510.9646 235 215 139
65.9649 39.2982 3499.4153 235 215 137
68.6214 39.2123 3491.7578 236 214 136
71.2664 39.1266 3484.1340 235 214 133
73.9804 39.0840 3480.3345 235 213 131
76.7721 39.0840 3480.3345 235 214 130
79.3906 38.9989 3472.7603 236 214 129
82.2658 39.0414 3476.5432 237 214 126
84.9619 38.9989 3472.7603 238 216 115
87.8431 39.0414 3476.5432 245 226 88
90.5332 38.9989 3472.7603 247 231 63
93.4205 39.0414 3476.5432 248 232 56
96.1045 38.9989 3472.7603 248 231 55
98.7826 38.9565 3468.9856 248 231 56
101.3449 38.8720 3461.4607 248 231 56
104.1215 38.8720 3461.4607 248 231 57
106.7822 38.8299 3457.7104 248 231 56
109.2009 38.7041 3446.5083 247 230 57
111.6039 38.5791 3435.3787 247 230 56
346.9732 34.3295 3056.9604 239 222 50
350.4323 34.4284 3065.7703 233 215 43
352.8915 34.4284 3065.7703 222 202 34
354.6693 34.3624 3059.8914 207 185 23
358.4986 34.4947 3071.6716 201 176 19
361.6587 34.5612 3077.5957 200 174 18
364.8309 34.6280 3083.5427 199 173 19
378.0962 35.1717 3131.9595 197 171 17
389.6208 35.7685 3185.0964 195 168 16
392.5675 35.8042 3188.2786 194 166 15
395.5200 35.8400 3191.4668 194 166 16
397.6823 35.8042 3188.2786 193 166 15
400.2398 35.8042 3188.2786 193 165 15
482.8829 40.3604 3593.9941 198 169 12
492.6411 40.4515 3602.1069 200 169 12
495.5305 40.4515 3602.1069 215 178 20
500.1133 40.5889 3614.3452 223 181 21
504.7273 40.7273 3626.6667 223 181 21
506.4853 40.6349 3618.4431 224 180 22
511.1263 40.7736 3630.7927 224 181 21
514.6242 40.8200 3634.9280 223 181 21
518.1301 40.8666 3639.0728 223 181 20
519.2728 40.7273 3626.6667 223 181 21
-386.5896 48.0925 4611.9463 55 65 145
-382.8902 48.0925 4611.9463 56 64 144
-380.2899 48.2319 4625.3140 57 64 145
-377.6744 48.3721 4638.7598 57 65 145
-372.8696 48.2319 4625.3140 62 68 146
-367.5613 48.0231 4605.2910 67 73 154
-363.3430 47.9539 4598.6553 70 80 166
-360.1732 48.0231 4605.2910 70 80 167
-356.4791 48.0231 4605.2910 66 74 160
-353.8061 48.1621 4618.6206 61 68 154
-350.6087 48.2319 4625.3140 58 66 146
-346.3965 48.1621 4618.6206 58 65 144
-343.1884 48.2319 4625.3140 58 64 141
-339.9710 48.3019 4632.0273 58 64 140
-335.7681 48.2319 4625.3140 58 64 140
-331.5775 48.1621 4618.6206 60 64 139
-327.3989 48.0925 4611.9463 60 65 138
-322.7666 47.9539 4598.6553 59 66 138
-319.0778 47.9539 4598.6553 59 65 137
-315.8441 48.0231 4605.2910 60 64 137
-312.6012 48.0925 4611.9463 59 63 137
-309.3488 48.1621 4618.6206 59 63 139
-305.6440 48.1621 4618.6206 59 63 139
-302.3768 48.2319 4625.3140 57 63 138
-297.3737 48.0231 4605.2910 59 64 137
-293.6797 48.0231 4605.2910 59 64 136
-289.9856 48.0231 4605.2910 58 64 135
-286.7052 48.0925 4611.9463 61 65 138
-283.4153 48.1621 4618.6206 60 65 138
-279.7106 48.1621 4618.6206 62 66 138
-275.6070 48.0925 4611.9463 65 69 139
-271.9075 48.0925 4611.9463 68 71 139
-268.5963 48.1621 4618.6206 68 71 139
-265.2754 48.2319 4625.3140 68 71 138
-261.5652 48.2319 4625.3140 67 70 137
-257.8551 48.2319 4625.3140 65 69 136
-254.5138 48.3019 4632.0273 65 68 137
-250.0724 48.1621 4618.6206 66 68 137
-246.3676 48.1621 4618.6206 66 69 136
-242.3121 48.0925 4611.9463 66 70 134
-237.9251 47.9539 4598.6553 67 72 135
-154.5604 39.0152 3741.4617 67 72 130
-152.0941 39.1529 3754.6667 64 69 129
-148.9072 39.1069 3750.2546 67 69 128
-145.7277 39.0610 3745.8530 69 70 125
-142.8907 39.1069 3750.2546 71 69 121
-139.8825 39.1069 3750.2546 111 103 121
-136.8743 39.1069 3750.2546 229 213 160
-133.7089 39.0610 3745.8530 238 219 148
-130.7042 39.0610 3745.8530 236 217 144
-127.6995 39.0610 3745.8530 235 216 144
-124.8414 39.1069 3750.2546 235 216 144
-122.1201 39.1991 3759.0891 236 215 146
-118.8249 39.1069 3750.2546 235 215 146
-115.8167 39.1069 3750.2546 235 215 145
-113.0742 39.1991 3759.0891 235 215 144
57.8611 36.6924 3518.7065 235 215 139
60.6836 36.6924 3518.7065 234 215 138
63.4361 36.6520 3514.8313 235 215 138
65.9649 36.4912 3499.4153 235 214 135
68.6214 36.4114 3491.7578 235 214 133
71.2664 36.3319 3484.1340 236 213 132
73.9804 36.2923 3480.3345 236 214 131
76.7721 36.2923 3480.3345 236 214 129
79.3906 36.2133 3472.7603 236 215 126
82.2658 36.2527 3476.5432 238 217 118
84.8696 36.1739 3468.9856 244 225 92
87.7476 36.2133 3472.7603 247 231 63
90.5332 36.2133 3472.7603 248 232 57
93.4205 36.2527 3476.5432 248 231 56
96.0000 36.1739 3468.9856 248 231 57
98.6754 36.1346 3465.2190 248 231 57
101.2351 36.0563 3457.7104 248 231 57
104.0087 36.0563 3457.7104 248 231 57
106.5514 35.9784 3450.2344 247 230 57
109.0831 35.9008 3442.7905 247 229 57
111.6039 35.8235 3435.3787 247 230 56
347.3058 31.9080 3059.8914 239 221 50
350.4323 31.9693 3065.7703 233 215 43
352.8915 31.9693 3065.7703 222 202 33
355.0096 31.9386 3062.8279 207 185 23
358.4986 32.0308 3071.6716 201 176 18
362.0078 32.1236 3080.5664 200 174 18
378.0962 32.6595 3131.9595 198 171 17
389.6208 33.2136 3185.0964 196 169 16
392.5675 33.2468 3188.2786 195 166 15
395.1249 33.2468 3188.2786 194 167 16
397.6823 33.2468 3188.2786 194 166 15
400.2398 33.2468 3188.2786 194 165 15
492.0857 37.5197 3598.0459 200 169 11
495.5305 37.5621 3602.1069 215 177 19
499.5475 37.6471 3610.2566 223 180 21
504.7273 37.8182 3626.6667 223 181 21
506.4853 37.7324 3618.4431 223 180 22
510.5455 37.8182 3626.6667 223 180 20
514.6242 37.9043 3634.9280 222 181 20
518.1301 37.9476 3639.0728 223 180 20
-386.0318 44.3290 4605.2910 56 65 144
-382.8902 44.3931 4611.9463 57 64 144
-380.2899 44.5217 4625.3140 58 65 144
-377.1263 44.5864 4632.0273 58 65 144
-372.3300 44.4573 4618.6206 62 67 147
-367.5613 44.3290 4605.2910 63 68 153
-363.3430 44.2651 4598.6553 69 77 167
-360.1732 44.3290 4605.2910 72 79 168
-356.4791 44.3290 4605.2910 66 74 159
-353.8061 44.4573 4618.6206 59 69 153
-350.6087 44.5217 4625.3140 58 66 147
-346.3965 44.4573 4618.6206 58 65 143
-342.6918 44.4573 4618.6206 58 65 142
-339.4783 44.5217 4625.3140 58 64 141
-335.7681 44.5217 4625.3140 57 63 140
-331.5775 44.4573 4618.6206 60 64 139
-326.9264 44.3290 4605.2910 60 64 138
-322.7666 44.2651 4598.6553 59 65 137
-319.0778 44.2651 4598.6553 60 65 137
-315.8441 44.3290 4605.2910 60 64 137
-312.6012 44.3931 4611.9463 59 64 137
-309.3488 44.4573 4618.6206 59 64 137
-305.6440 44.4573 4618.6206 59 63 137
-302.3768 44.5217 4625.3140 58 63 137
-296.9453 44.2651 4598.6553 60 64 138
-293.6797 44.3290 4605.2910 59 64 136
-289.9856 44.3290 4605.2910 58 65 136
-286.7052 44.3931 4611.9463 59 65 137
-283.4153 44.4573 4618.6206 58 64 136
-279.7106 44.4573 4618.6206 62 67 137
-275.6070 44.3931 4611.9463 68 71 137
-271.9075 44.3931 4611.9463 72 73 138
-268.5963 44.4573 4618.6206 74 75 139
-265.2754 44.5217 4625.3140 71 72 137
-261.5652 44.5217 4625.3140 70 72 136
-257.8551 44.5217 4625.3140 66 70 134
-254.5138 44.5864 4632.0273 65 68 135
-250.4348 44.5217 4625.3140 66 67 136
-246.0116 44.3931 4611.9463 65 68 135
-241.9625 44.3290 4605.2910 65 70 134
-237.9251 44.2651 4598.6553 66 71 134
-154.5604 36.0141 3741.4617 74 75 132
-152.0941 36.1412 3754.6667 70 72 130
-148.9072 36.0987 3750.2546 67 68 126
-145.8989 36.0987 3750.2546 70 69 126
-143.0588 36.1412 3754.6667 69 68 122
-139.8825 36.0987 3750.2546 103 94 117
-136.8743 36.0987 3750.2546 226 209 161
-133.8660 36.0987 3750.2546 237 219 150
-130.8578 36.0987 3750.2546 236 217 145
-127.6995 36.0563 3745.8530 235 215 145
-124.8414 36.0987 3750.2546 235 215 143
-122.1201 36.1837 3759.0891 235 215 144
-118.9647 36.1412 3754.6667 235 215 144
-115.8167 36.0987 3750.2546 235 215 145
-113.0742 36.1837 3759.0891 235 215 145
52.2737 33.9073 3522.5903 235 216 141
55.0993 33.9073 3522.5903 235 215 139
57.7974 33.8326 3514.8313 236 214 138
60.6167 33.8326 3514.8313 235 214 138
63.3663 33.7954 3510.9646 235 215 136
65.9649 33.6842 3499.4153 235 214 133
68.6214 33.6105 3491.7578 235 214 131
71.2664 33.5371 3484.1340 235 214 130
73.9804 33.5005 3480.3345 236 214 129
76.7721 33.5005 3480.3345 236 214 126
79.4771 33.4641 3476.5432 237 217 120
82.2658 33.4641 3476.5432 244 225 98
84.8696 33.3913 3468.9856 247 231 66
87.7476 33.4276 3472.7603 248 232 57
90.4348 33.3913 3468.9856 248 231 56
93.3188 33.4276 3472.7603 247 230 56
95.8958 33.3550 3465.2190 248 230 57
98.6754 33.3550 3465.2190 248 231 57
101.2351 33.2828 3457.7104 248 231 57
104.0087 33.2828 3457.7104 248 231 57
106.5514 33.2108 3450.2344 247 230 57
109.0831 33.1392 3442.7905 247 229 57
350.0960 29.4818 3062.8279 233 215 43
352.8915 29.5101 3065.7703 222 202 33
355.0096 29.4818 3062.8279 208 185 23
358.1539 29.5385 3068.7180 201 177 20
362.0078 29.6525 3080.5664 199 172 19
389.6208 30.6587 3185.0964 196 168 16
392.5675 30.6893 3188.2786 196 167 15
395.1249 30.6893 3188.2786 194 166 14
397.6823 30.6893 3188.2786 194 166 15
400.2398 30.6893 3188.2786 193 166 15
495.5305 34.6727 3602.1069 214 177 19
499.5475 34.7511 3610.2566 222 180 21
504.1544 34.8695 3622.5503 222 180 20
506.4853 34.8299 3618.4431 223 179 20
511.1263 34.9488 3630.7927 222 179 19
514.6242 34.9886 3634.9280 222 180 20
518.7215 35.0685 3643.2268 222 179 19
-385.4755 40.5764 4598.6553 57 65 144
-382.3377 40.6349 4605.2910 58 65 144
-379.7396 40.7525 4618.6206 58 65 145
-376.0348 40.7525 4618.6206 57 65 144
-371.7919 40.6936 4611.9463 61 68 148
-367.5613 40.6349 4605.2910 63 70 155
-362.8202 40.5180 4592.0386 68 78 168
-359.6542 40.5764 4598.6553 71 80 169
-356.4791 40.6349 4605.2910 66 73 159
-353.2948 40.6936 4611.9463 61 68 153
-350.1013 40.7525 4618.6206 59 66 146
-345.8960 40.6936 4611.9463 57 64 143
-342.6918 40.7525 4618.6206 58 64 141
-339.4783 40.8116 4625.3140 57 64 141
-335.2822 40.7525 4618.6206 57 64 140
-331.0983 40.6936 4611.9463 63 68 141
-326.4554 40.5764 4598.6553 63 65 138
-322.3022 40.5180 4592.0386 59 64 137
-318.6187 40.5180 4592.0386 58 64 138
-315.3891 40.5764 4598.6553 58 64 137
-312.1501 40.6349 4605.2910 57 63 137
-308.9017 40.6936 4611.9463 59 63 137
-304.7619 40.6349 4605.2910 59 63 137
-301.5029 40.6936 4611.9463 57 63 137
-296.9453 40.5764 4598.6553 61 66 138
-293.2565 40.5764 4598.6553 60 64 136
-289.9856 40.6349 4605.2910 58 63 137
-286.2915 40.6349 4605.2910 57 64 136
-283.0058 40.6936 4611.9463 59 64 136
-279.7106 40.7525 4618.6206 60 65 137
-275.6070 40.6936 4611.9463 64 69 138
-271.9075 40.6936 4611.9463 71 73 140
-268.5963 40.7525 4618.6206 75 76 140
-265.6604 40.8708 4632.0273 73 76 140
-261.5652 40.8116 4625.3140 71 74 138
-258.2293 40.8708 4632.0273 69 71 135
-254.5138 40.8708 4632.0273 69 70 135
-250.7983 40.8708 4632.0273 67 69 134
-246.3676 40.7525 4618.6206 66 69 134
-242.3121 40.6936 4611.9463 64 69 133
-237.9251 40.5764 4598.6553 66 70 134
-154.5604 33.0129 3741.4617 71 74 132
-152.2733 33.1684 3759.0891 69 71 128
-149.0824 33.1294 3754.6667 67 68 125
-145.8989 33.0905 3750.2546 67 68 124
-143.2273 33.1684 3759.0891 67 66 122
-140.0471 33.1294 3754.6667 94 87 115
-137.0353 33.1294 3754.6667 221 205 158
-134.0235 33.1294 3754.6667 237 219 149
-131.0118 33.1294 3754.6667 236 217 145
-127.8496 33.0905 3750.2546 235 215 144
-124.9882 33.1294 3754.6667 235 215 144
-122.2642 33.2076 3763.5222 235 215 145
-119.1048 33.1684 3759.0891 235 215 144
-115.9529 33.1294 3754.6667 234 215 143
-113.2076 33.2076 3763.5222 234 215 145
46.6225 31.0817 3522.5903 234 215 139
49.4481 31.0817 3522.5903 234 215 139
52.2737 31.0817 3522.5903 234 215 138
55.0386 31.0474 3518.7065 234 215 138
57.7974 31.0132 3514.8313 235 214 137
60.6167 31.0132 3514.8313 235 214 136
63.2967 30.9451 3507.1062 235 214 133
65.9649 30.8772 3499.4153 236 214 132
68.6214 30.8096 3491.7578 236 214 130
71.3443 30.7760 3487.9419 236 214 129
74.0611 30.7424 3484.1340 236 214 126
76.8559 30.7424 3484.1340 237 216 119
79.4771 30.6754 3476.5432 244 224 99
82.3555 30.7088 3480.3345 247 231 69
84.9619 30.6420 3472.7603 248 231 58
87.8431 30.6754 3476.5432 247 231 55
90.6318 30.6754 3476.5432 247 231 56
93.4205 30.6754 3476.5432 248 230 57
96.0000 30.6087 3468.9856 248 230 57
98.6754 30.5755 3465.2190 248 231 57
101.2351 30.5092 3457.7104 248 230 57
104.0087 30.5092 3457.7104 248 231 57
106.6667 30.4762 3453.9683 248 230 57
350.0960 27.0250 3062.8279 234 215 44
352.8915 27.0509 3065.7703 222 202 34
355.0096 27.0250 3062.8279 207 185 23
358.1539 27.0769 3068.7180 201 176 20
361.6587 27.1553 3077.5957 199 173 19
389.2323 28.0758 3181.9209 196 168 17
392.1757 28.1038 3185.0964 195 167 16
395.1249 28.1319 3188.2786 194 166 15
397.6823 28.1319 3188.2786 194 166 15
399.8403 28.1038 3185.0964 193 166 15
402.7972 28.1319 3188.2786 193 166 15
495.5305 31.7833 3602.1069 215 177 20
498.9831 31.8192 3606.1770 221 179 20
504.1544 31.9637 3622.5503 222 179 20
506.4853 31.9274 3618.4431 222 178 19
511.1263 32.0364 3630.7927 221 179 18
515.2109 32.1095 3639.0728 222 179 20
519.3143 32.1829 3647.3906 222 178 20
-384.9209 36.8345 4592.0386 58 65 145
-381.7868 36.8876 4598.6553 59 65 144
-378.6436 36.9408 4605.2910 59 66 145
-375.4914 36.9942 4611.9463 57 66 145
-371.2554 36.9408 4605.2910 63 69 149
-367.0317 36.8876 4598.6553 64 71 156
-362.8202 36.8345 4592.0386 69 77 168
-359.6542 36.8876 4598.6553 72 80 169
-356.4791 36.9408 4605.2910 65 72 160
-353.2948 36.9942 4611.9463 60 68 154
-350.1013 37.0478 4618.6206 58 66 147
-345.8960 36.9942 4611.9463 58 65 144
-342.6918 37.0478 4618.6206 58 65 141
-339.4783 37.1015 4625.3140 58 65 140
-335.7681 37.1015 4625.3140 57 64 139
-331.0983 36.9942 4611.9463 60 66 140
-326.9264 36.9408 4605.2910 59 66 137
-322.7666 36.8876 4598.6553 58 65 137
-318.6187 36.8345 4592.0386 60 65 138
-315.3891 36.8876 4598.6553 59 64 137
-312.1501 36.9408 4605.2910 57 64 137
-308.9017 36.9942 4611.9463 58 63 138
-304.7619 36.9408 4605.2910 58 64 138
-293.2565 36.8876 4598.6553 60 64 138
-289.9856 36.9408 4605.2910 59 64 137
-286.7052 36.9942 4611.9463 59 65 138
-283.4153 37.0478 4618.6206 60 65 136
-280.1160 37.1015 4625.3140 60 65 137
-276.0058 37.0478 4618.6206 61 66 138
-272.3011 37.0478 4618.6206 62 66 138
-268.9855 37.1015 4625.3140 66 68 138
-266.0465 37.2093 4638.7598 67 69 138
-261.9449 37.1553 4632.0273 66 69 137
-258.2293 37.1553 4632.0273 66 69 136
-254.5138 37.1553 4632.0273 67 68 136
-250.7983 37.1553 4632.0273 66 66 135
-246.3676 37.0478 4618.6206 65 68 135
-242.3121 36.9942 4611.9463 62 67 134
-238.2684 36.9408 4605.2910 64 67 135
-152.2733 30.1531 3759.0891 67 71 128
-149.2579 30.1531 3759.0891 68 70 127
-146.0706 30.1176 3754.6667 67 69 125
-143.2273 30.1531 3759.0891 65 65 123
-140.0471 30.1176 3754.6667 88 81 115
-137.0353 30.1176 3754.6667 215 199 159
-134.0235 30.1176 3754.6667 237 219 150
-131.0118 30.1176 3754.6667 236 216 144
-127.8496 30.0823 3750.2546 235 216 145
-124.9882 30.1176 3754.6667 236 215 145
-122.4085 30.2243 3767.9656 236 215 146
-119.2453 30.1887 3763.5222 235 215 145
-116.0895 30.1531 3759.0891 234 215 145
46.6225 28.2561 3522.5903 235 216 139
49.4481 28.2561 3522.5903 234 215 138
52.2161 28.2249 3518.7065 234 215 138
55.0386 28.2249 3518.7065 235 215 137
57.7974 28.1938 3514.8313 235 214 135
60.6167 28.1938 3514.8313 235 214 134
63.2967 28.1319 3507.1062 235 214 132
65.9649 28.0702 3499.4153 236 214 131
68.6214 28.0088 3491.7578 236 214 129
71.3443 27.9781 3487.9419 236 214 126
74.0611 27.9476 3484.1340 237 215 120
76.8559 27.9476 3484.1340 243 223 99
79.5638 27.9171 3480.3345 247 231 68
82.3555 27.9171 3480.3345 248 232 58
84.9619 27.8564 3472.7603 248 232 56
87.9389 27.9171 3480.3345 247 231 55
90.7306 27.9171 3480.3345 247 230 56
93.5224 27.9171 3480.3345 247 230 56
96.1045 27.8564 3472.7603 248 231 57
98.7826 27.8261 3468.9856 248 231 57
101.3449 27.7657 3461.4607 248 230 57
352.8915 24.5917 3065.7703 221 201 34
355.0096 24.5681 3062.8279 207 185 24
358.1539 24.6154 3068.7180 201 176 20
361.6587 24.6866 3077.5957 200 173 20
389.2323 25.5234 3181.9209 196 169 16
392.1757 25.5489 3185.0964 195 168 15
395.1249 25.5744 3188.2786 194 166 14
397.6823 25.5744 3188.2786 194 165 14
399.8403 25.5489 3185.0964 193 165 15
402.7972 25.5744 3188.2786 193 165 14
495.5305 28.8939 3602.1069 214 177 19
498.9831 28.9266 3606.1770 220 179 19
504.1544 29.0579 3622.5503 221 179 20
507.0602 29.0579 3622.5503 222 178 20
511.1263 29.1240 3630.7927 221 178 18
515.2109 29.1904 3639.0728 221 178 20
519.3143 29.2571 3647.3906 222 179 21
-384.9209 33.1511 4592.0386 58 66 146
-381.7868 33.1988 4598.6553 59 66 145
-378.6436 33.2468 4605.2910 58 66 144
-374.9495 33.2468 4605.2910 57 65 143
-371.2554 33.2468 4605.2910 64 71 148
-367.0317 33.1988 4598.6553 64 72 156
-363.3430 33.1988 4598.6553 67 77 168
-359.6542 33.1988 4598.6553 69 79 167
-355.9654 33.1988 4598.6553 62 71 158
-353.2948 33.2948 4611.9463 60 68 154
-350.1013 33.3430 4618.6206 58 66 147
-346.3965 33.3430 4618.6206 58 65 145
-343.1884 33.3913 4625.3140 57 65 141
-339.4783 33.3913 4625.3140 58 65 140
-336.2555 33.4398 4632.0273 58 64 140
-331.5775 33.3430 4618.6206 58 64 138
-327.3989 33.2948 4611.9463 58 64 137
-323.2323 33.2468 4605.2910 57 63 137
-319.5383 33.2468 4605.2910 57 63 137
-315.8441 33.2468 4605.2910 58 64 137
-312.6012 33.2948 4611.9463 58 64 138
-309.3488 33.3430 4618.6206 58 63 137
-305.2023 33.2948 4611.9463 58 64 137
-290.4046 33.2948 4611.9463 60 64 137
-286.7052 33.2948 4611.9463 59 64 137
-283.8261 33.3913 4625.3140 59 64 136
-280.1160 33.3913 4625.3140 59 65 136
-276.0058 33.3430 4618.6206 60 65 137
-272.3011 33.3430 4618.6206 60 66 136
-268.9855 33.3913 4625.3140 60 67 137
-266.0465 33.4884 4638.7598 63 67 138
-262.3256 33.4884 4638.7598 64 68 136
-258.6047 33.4884 4638.7598 64 68 136
-254.8837 33.4884 4638.7598 64 68 135
-251.1628 33.4884 4638.7598 63 66 134
-246.3676 33.3430 4618.6206 62 67 134
-242.3121 33.2948 4611.9463 61 66 134
-238.2684 33.2468 4605.2910 62 66 135
-152.4529 27.1698 3763.5222 70 72 129
-149.2579 27.1378 3759.0891 71 72 129
-146.2426 27.1378 3759.0891 70 71 127
-143.3962 27.1698 3763.5222 67 66 123
-140.2120 27.1378 3759.0891 85 78 115
-137.0353 27.1059 3754.6667 209 193 158
-134.1814 27.1378 3759.0891 237 218 151
-131.0118 27.1059 3754.6667 236 216 145
-127.8496 27.0740 3750.2546 236 216 145
-125.1355 27.1378 3759.0891 236 215 145
-122.4085 27.2019 3767.9656 235 216 146
-119.3861 27.2019 3767.9656 235 216 146
-116.0895 27.1378 3759.0891 234 216 145
43.8453 25.4586 3526.4827 235 215 139
46.6225 25.4305 3522.5903 235 215 139
49.3936 25.4024 3518.7065 235 214 138
52.2161 25.4024 3518.7065 235 215 136
54.9780 25.3745 3514.8313 236 214 134
57.7338 25.3465 3510.9646 235 214 133
60.5501 25.3465 3510.9646 235 214 132
63.2272 25.2909 3503.2566 235 214 130
65.8927 25.2355 3495.5825 236 214 129
68.6214 25.2079 3491.7578 236 214 126
71.3443 25.1803 3487.9419 237 215 121
74.0611 25.1528 3484.1340 242 223 99
76.7721 25.1254 3480.3345 246 230 69
79.4771 25.0980 3476.5432 248 231 58
82.2658 25.0980 3476.5432 247 231 55
84.9619 25.0707 3472.7603 247 231 56
87.8431 25.0980 3476.5432 248 231 57
90.6318 25.0980 3476.5432 247 231 56
93.4205 25.0980 3476.5432 247 230 56
96.0000 25.0435 3468.9856 248 230 57
98.7826 25.0435 3468.9856 248 230 57
101.2351 24.9621 3457.7104 248 230 57
353.2308 22.1538 3068.7180 222 201 34
355.3507 22.1326 3065.7703 207 185 23
358.1539 22.1538 3068.7180 200 176 18
361.6587 22.2179 3077.5957 199 173 19
389.6208 22.9940 3185.0964 196 170 16
392.1757 22.9940 3185.0964 195 168 15
395.1249 23.0170 3188.2786 194 167 14
397.6823 23.0170 3188.2786 194 165 14
400.2398 23.0170 3188.2786 193 165 15
402.7972 23.0170 3188.2786 193 165 15
495.5305 26.0045 3602.1069 215 176 19
498.9831 26.0339 3606.1770 221 177 19
504.1544 26.1521 3622.5503 221 178 19
507.0602 26.1521 3622.5503 221 178 20
511.1263 26.2116 3630.7927 221 178 19
515.2109 26.2714 3639.0728 221 178 20
519.3143 26.3314 3647.3906 221 179 21
-381.7868 29.5101 4598.6553 59 67 143
-378.6436 29.5527 4605.2910 59 66 145
-374.9495 29.5527 4605.2910 60 66 145
-371.2554 29.5527 4605.2910 67 72 149
-367.5613 29.5527 4605.2910 68 73 157
-363.3430 29.5101 4598.6553 69 77 168
-359.6542 29.5101 4598.6553 69 79 167
-356.4791 29.5527 4605.2910 63 71 158
-353.2948 29.5954 4611.9463 61 68 155
-350.1013 29.6382 4618.6206 60 68 149
-346.3965 29.6382 4618.6206 58 66 145
-343.6865 29.7242 4632.0273 57 65 142
-339.9710 29.7242 4632.0273 58 64 140
-336.7442 29.7674 4638.7598 58 63 140
-332.0580 29.6812 4625.3140 59 63 138
-327.3989 29.5954 4611.9463 58 64 137
-323.6995 29.5954 4611.9463 58 64 137
-319.5383 29.5527 4605.2910 58 63 137
-316.3006 29.5954 4611.9463 58 64 137
-312.6012 29.5954 4611.9463 58 64 138
-309.3488 29.6382 4618.6206 58 63 138
-305.2023 29.5954 4611.9463 58 63 137
-290.8249 29.6382 4618.6206 58 65 137
-287.1201 29.6382 4618.6206 59 65 137
-283.8261 29.6812 4625.3140 59 65 138
-280.1160 29.6812 4625.3140 58 65 137
-276.0058 29.6382 4618.6206 58 65 136
-272.3011 29.6382 4618.6206 61 66 137
-268.9855 29.6812 4625.3140 64 68 137
-266.0465 29.7674 4638.7598 62 66 137
-262.3256 29.7674 4638.7598 63 66 137
-258.6047 29.7674 4638.7598 65 69 136
-254.8837 29.7674 4638.7598 65 68 135
-251.1628 29.7674 4638.7598 63 66 134
-246.3676 29.6382 4618.6206 64 68 135
-242.6628 29.6382 4618.6206 63 67 134
-238.6127 29.5954 4611.9463 63 67 135
-152.2733 24.1225 3759.0891 70 72 128
-149.2579 24.1225 3759.0891 71 74 126
-146.0706 24.0941 3754.6667 72 73 125
-143.3962 24.1509 3763.5222 66 65 121
-140.0471 24.0941 3754.6667 82 74 116
-137.0353 24.0941 3754.6667 200 185 155
-134.0235 24.0941 3754.6667 236 218 151
-131.0118 24.0941 3754.6667 236 216 145
-127.8496 24.0658 3750.2546 236 216 145
-124.9882 24.0941 3754.6667 235 215 146
-122.4085 24.1795 3767.9656 235 215 146
-119.2453 24.1509 3763.5222 235 216 146
-116.0895 24.1225 3759.0891 235 216 146
-7.2645 23.2463 3622.5503 235 215 146
38.2724 22.6800 3534.2932 235 215 141
41.0166 22.6298 3526.4827 235 215 140
43.8453 22.6298 3526.4827 236 214 138
46.6225 22.6049 3522.5903 236 214 138
49.3936 22.5799 3518.7065 235 214 137
52.1586 22.5551 3514.8313 236 214 135
54.9780 22.5551 3514.8313 236 214 133
57.7338 22.5303 3510.9646 236 214 131
60.4835 22.5055 3507.1062 236 214 131
63.2272 22.4808 3503.2566 235 213 129
65.8927 22.4315 3495.5825 235 214 126
68.6214 22.4070 3491.7578 238 215 120
71.3443 22.3825 3487.9419 243 222 102
73.9804 22.3337 3480.3345 247 230 71
76.8559 22.3581 3484.1340 247 231 57
79.5638 22.3337 3480.3345 248 231 54
82.2658 22.3094 3476.5432 248 231 56
84.9619 22.2851 3472.7603 248 231 57
87.8431 22.3094 3476.5432 248 231 56
90.7306 22.3337 3480.3345 248 231 56
93.4205 22.3094 3476.5432 248 231 57
96.1045 22.2851 3472.7603 248 230 57
98.7826 22.2609 3468.9856 248 230 57
353.5708 19.7113 3071.6716 221 201 34
355.6923 19.6923 3068.7180 207 185 23
358.4986 19.7113 3071.6716 200 176 18
361.6587 19.7493 3077.5957 199 173 18
389.6208 20.4391 3185.0964 196 169 16
392.1757 20.4391 3185.0964 194 167 14
395.1249 20.4595 3188.2786 195 166 15
397.6823 20.4595 3188.2786 194 166 15
400.2398 20.4595 3188.2786 193 166 15
403.2000 20.4800 3191.4668 193 166 15
495.5305 23.1151 3602.1069 214 176 18
504.1544 23.2463 3622.5503 220 177 19
506.4853 23.2200 3618.4431 221 178 20
510.5455 23.2727 3626.6667 221 178 19
515.2109 23.3523 3639.0728 221 178 19
519.3143 23.4057 3647.3906 220 178 19
-386.9341 25.6734 4572.3018 57 66 146
-381.7868 25.8213 4598.6553 58 67 143
-378.6436 25.8586 4605.2910 58 67 145
-374.9495 25.8586 4605.2910 59 67 145
-371.2554 25.8586 4605.2910 66 73 150
-367.5613 25.8586 4605.2910 67 74 159
-363.3430 25.8213 4598.6553 71 79 169
-360.1732 25.8586 4605.2910 70 78 167
-356.4791 25.8586 4605.2910 64 70 158
-353.2948 25.8960 4611.9463 60 67 153
-350.6087 25.9710 4625.3140 59 67 148
-346.3965 25.9334 4618.6206 58 66 145
-343.6865 26.0087 4632.0273 58 65 142
-339.9710 26.0087 4632.0273 58 64 141
-337.2344 26.0844 4645.5122 59 63 140
-332.5399 26.0087 4632.0273 59 63 139
-327.8727 25.9334 4618.6206 58 64 138
-323.6995 25.8960 4611.9463 58 64 137
-319.5383 25.8586 4605.2910 58 64 138
-316.3006 25.8960 4611.9463 57 64 138
-312.6012 25.8960 4611.9463 58 64 138
-309.3488 25.9334 4618.6206 58 64 137
-305.2023 25.8960 4611.9463 59 63 137
-290.8249 25.9334 4618.6206 61 66 138
-286.7052 25.8960 4611.9463 60 65 137
-283.8261 25.9710 4625.3140 59 64 137
-279.7106 25.9334 4618.6206 59 64 137
-276.0058 25.9334 4618.6206 59 64 137
-272.3011 25.9334 4618.6206 60 65 137
-268.9855 25.9710 4625.3140 61 66 135
-266.4338 26.0844 4645.5122 61 66 136
-262.3256 26.0465 4638.7598 63 67 136
-258.6047 26.0465 4638.7598 65 69 135
-254.8837 26.0465 4638.7598 64 67 134
-250.7983 26.0087 4632.0273 65 66 134
-246.3676 25.9334 4618.6206 65 68 135
-242.6628 25.9334 4618.6206 63 67 134
-238.6127 25.8960 4611.9463 63 68 135
-152.0941 21.0824 3754.6667 68 71 129
-149.2579 21.1072 3759.0891 70 72 129
-146.0706 21.0824 3754.6667 69 70 126
-143.2273 21.1072 3759.0891 66 67 122
-140.0471 21.0824 3754.6667 78 73 115
-137.0353 21.0824 3754.6667 189 175 151
-134.0235 21.0824 3754.6667 236 218 152
-131.0118 21.0824 3754.6667 236 217 145
-127.8496 21.0576 3750.2546 236 216 146
-124.9882 21.0824 3754.6667 235 216 146
-122.2642 21.1321 3763.5222 236 216 145
-119.2453 21.1321 3763.5222 235 216 145
-116.0895 21.1072 3759.0891 236 216 145
-112.9412 21.0824 3754.6667 236 216 145
-13.1207 20.4100 3634.9280 236 216 146
-10.1703 20.3405 3622.5503 235 216 145
-7.2645 20.3405 3622.5503 235 215 145
-4.3587 20.3405 3622.5503 236 216 145
35.5556 19.9111 3546.0742 236 215 141
38.2301 19.8230 3530.3835 235 215 139
41.0166 19.8011 3526.4827 235 214 138
43.7969 19.7793 3522.5903 235 214 138
46.5711 19.7574 3518.7065 236 214 137
49.3392 19.7357 3514.8313 236 214 135
52.1586 19.7357 3514.8313 236 213 133
54.8571 19.6923 3507.1062 236 214 131
57.6703 19.6923 3507.1062 235 214 130
60.4171 19.6707 3503.2566 235 214 128
63.1579 19.6491 3499.4153 236 214 127
65.8206 19.6061 3491.7578 237 215 124
68.6214 19.6061 3491.7578 242 222 107
71.2664 19.5633 3484.1340 247 231 73
73.9804 19.5420 3480.3345 248 231 59
76.7721 19.5420 3480.3345 248 231 56
79.4771 19.5207 3476.5432 248 231 55
82.2658 19.5207 3476.5432 248 231 56
85.0545 19.5207 3476.5432 248 231 57
87.9389 19.5420 3480.3345 248 231 57
90.9290 19.5847 3487.9419 248 231 57
93.6245 19.5633 3484.1340 248 231 57
96.3141 19.5420 3480.3345 248 231 57
353.5708 17.2474 3071.6716 221 201 34
356.0347 17.2474 3071.6716 207 184 24
358.8440 17.2640 3074.6309 200 175 20
362.0078 17.2973 3080.5664 200 173 20
364.4788 17.2973 3080.5664 199 172 18
389.6208 17.8842 3185.0964 196 170 16
392.1757 17.8842 3185.0964 194 167 14
395.1249 17.9021 3188.2786 195 166 15
397.6823 17.9021 3188.2786 194 166 15
400.2398 17.9021 3188.2786 194 166 15
402.7972 17.9021 3188.2786 193 166 15
495.5305 20.2257 3602.1069 213 175 17
504.1544 20.3405 3622.5503 220 177 18
507.0602 20.3405 3622.5503 220 177 18
510.5455 20.3636 3626.6667 220 177 18
515.2109 20.4333 3639.0728 221 177 18
519.3143 20.4800 3647.3906 220 178 18
-386.9341 22.0057 4572.3018 58 66 145
-381.2375 22.1007 4592.0386 58 66 145
-378.0980 22.1326 4598.6553 58 65 145
-374.9495 22.1645 4605.2910 61 68 146
-371.2554 22.1645 4605.2910 68 74 148
-367.0317 22.1326 4598.6553 68 78 160
-363.3430 22.1326 4598.6553 73 83 168
-360.1732 22.1645 4605.2910 70 79 165
-356.4791 22.1645 4605.2910 64 71 157
-353.2948 22.1965 4611.9463 60 68 151
-350.1013 22.2287 4618.6206 60 67 148
-346.8986 22.2609 4625.3140 59 66 144
-344.1861 22.3256 4638.7598 58 66 141
-339.9710 22.2932 4632.0273 59 66 140
-337.2344 22.3581 4645.5122 60 68 141
-332.0580 22.2609 4625.3140 58 64 138
-327.8727 22.2287 4618.6206 59 64 137
-323.6995 22.1965 4611.9463 59 64 137
-319.5383 22.1645 4605.2910 59 63 137
-316.3006 22.1965 4611.9463 57 63 137
-312.1501 22.1645 4605.2910 58 64 137
-308.9017 22.1965 4611.9463 58 64 136
-305.2023 22.1965 4611.9463 58 64 137
-289.9856 22.1645 4605.2910 59 64 137
-286.2915 22.1645 4605.2910 60 65 137
-283.4153 22.2287 4618.6206 60 65 136
-279.3064 22.1965 4611.9463 59 64 136
-275.6070 22.1965 4611.9463 60 65 136
-271.9075 22.1965 4611.9463 61 65 136
-268.5963 22.2287 4618.6206 61 66 136
-266.0465 22.3256 4638.7598 61 66 137
-262.3256 22.3256 4638.7598 63 67 137
-258.2293 22.2932 4632.0273 63 68 135
-254.5138 22.2932 4632.0273 63 67 135
-250.4348 22.2609 4625.3140 63 67 135
-246.0116 22.1965 4611.9463 64 67 134
-242.3121 22.1965 4611.9463 62 66 134
-238.6127 22.1965 4611.9463 63 66 135
-151.9154 18.0494 3750.2546 69 72 130
-149.2579 18.0919 3759.0891 72 73 129
-146.0706 18.0706 3754.6667 72 72 128
-143.2273 18.0919 3759.0891 67 66 123
-140.0471 18.0706 3754.6667 74 70 118
-136.8743 18.0494 3750.2546 177 165 147
-134.0235 18.0706 3754.6667 236 219 152
-131.0118 18.0706 3754.6667 237 218 146
-127.8496 18.0494 3750.2546 236 216 146
-124.9882 18.0706 3754.6667 235 216 146
-122.1201 18.0919 3759.0891 236 216 146
-119.1048 18.0919 3759.0891 236 216 146
-115.9529 18.0706 3754.6667 235 216 145
-112.8085 18.0494 3750.2546 235 216 145
-13.1207 17.4943 3634.9280 235 216 146
-10.1703 17.4347 3622.5503 235 216 145
-7.2645 17.4347 3622.5503 235 216 145
-4.3587 17.4347 3622.5503 235 216 145
-1.4496 17.3952 3614.3452 235 216 145
4.3390 17.3559 3606.1770 234 216 142
10.1129 17.3363 3602.1069 235 215 142
12.9876 17.3168 3598.0459 235 215 142
30.1345 17.2197 3577.8774 235 215 142
32.8571 17.1429 3561.9048 235 215 141
35.5161 17.0477 3542.1384 236 215 140
38.2301 16.9912 3530.3835 235 214 138
41.0166 16.9724 3526.4827 235 214 137
43.7969 16.9536 3522.5903 236 214 137
46.5711 16.9350 3518.7065 236 215 135
49.2849 16.8977 3510.9646 236 214 133
52.1012 16.8977 3510.9646 236 213 132
54.7969 16.8606 3503.2566 236 213 129
57.5439 16.8421 3499.4153 236 214 129
60.2188 16.8053 3491.7578 236 214 126
63.0197 16.8053 3491.7578 237 214 123
65.6769 16.7686 3484.1340 242 222 107
68.4716 16.7686 3484.1340 247 231 76
71.1887 16.7503 3480.3345 248 232 59
73.8194 16.7138 3472.7603 248 231 57
76.6885 16.7320 3476.5432 248 230 57
79.3906 16.7138 3472.7603 248 230 56
82.0870 16.6957 3468.9856 248 231 57
84.8696 16.6957 3468.9856 248 231 57
87.7476 16.7138 3472.7603 248 231 57
90.7306 16.7503 3480.3345 248 231 57
93.4205 16.7320 3476.5432 248 230 57
339.6169 14.7126 3056.9604 242 225 50
353.9114 14.7977 3074.6309 221 200 32
356.0347 14.7834 3071.6716 207 184 24
358.8440 14.7977 3074.6309 201 175 20
362.0078 14.8263 3080.5664 199 173 19
364.4788 14.8263 3080.5664 199 172 18
389.2323 15.3141 3181.9209 196 170 16
392.1757 15.3293 3185.0964 195 167 15
394.7306 15.3293 3185.0964 194 166 14
397.2854 15.3293 3185.0964 194 166 15
399.8403 15.3293 3185.0964 194 165 15
402.7972 15.3447 3188.2786 194 165 14
504.7273 17.4545 3626.6667 219 176 18
507.0602 17.4347 3622.5503 220 176 18
511.1263 17.4744 3630.7927 220 176 17
515.2109 17.5143 3639.0728 220 177 18
519.3143 17.5543 3647.3906 220 177 18
-386.9341 18.3381 4572.3018 58 65 145
-381.2375 18.4173 4592.0386 57 67 145
-378.0980 18.4438 4598.6553 57 67 145
-374.9495 18.4704 4605.2910 61 68 145
-370.7205 18.4438 4598.6553 69 73 150
-367.0317 18.4438 4598.6553 67 77 161
-363.3430 18.4438 4598.6553 72 81 169
-360.1732 18.4704 4605.2910 68 77 165
-356.4791 18.4704 4605.2910 62 71 157
-353.8061 18.5239 4618.6206 60 68 150
-350.6087 18.5507 4625.3140 59 67 146
-346.8986 18.5507 4625.3140 60 66 144
-344.6871 18.6317 4645.5122 58 65 140
-340.4651 18.6047 4638.7598 60 67 140
-337.2344 18.6317 4645.5122 59 67 140
-332.0580 18.5507 4625.3140 57 64 138
-327.3989 18.4971 4611.9463 58 63 138
-323.6995 18.4971 4611.9463 58 64 137
-319.5383 18.4704 4605.2910 57 64 139
-315.8441 18.4704 4605.2910 56 64 138
-312.1501 18.4704 4605.2910 58 64 138
-308.4560 18.4704 4605.2910 59 64 137
-304.7619 18.4704 4605.2910 58 64 137
-289.5677 18.4438 4598.6553 59 64 137
-285.8790 18.4438 4598.6553 60 64 137
-282.5974 18.4704 4605.2910 59 65 137
-278.9033 18.4704 4605.2910 58 64 136
-275.2093 18.4704 4605.2910 58 65 137
-271.5151 18.4704 4605.2910 59 66 136
-268.2081 18.4971 4611.9463 64 69 137
-265.6604 18.5777 4632.0273 62 67 136
-261.9449 18.5777 4632.0273 64 69 136
-257.8551 18.5507 4625.3140 63 69 135
-254.1449 18.5507 4625.3140 62 68 134
-250.0724 18.5239 4618.6206 62 67 134
-245.6566 18.4704 4605.2910 63 66 134
-242.3121 18.4971 4611.9463 63 66 133
-238.2684 18.4704 4605.2910 65 67 134
-151.9154 15.0411 3750.2546 72 73 130
-149.2579 15.0766 3759.0891 74 74 129
-146.0706 15.0588 3754.6667 71 71 126
-143.0588 15.0588 3754.6667 66 65 122
-139.8825 15.0411 3750.2546 72 70 120
-136.8743 15.0411 3750.2546 168 156 143
-134.0235 15.0588 3754.6667 236 218 153
-131.0118 15.0588 3754.6667 237 219 147
-127.8496 15.0411 3750.2546 236 216 147
-124.9882 15.0588 3754.6667 236 216 145
-122.1201 15.0766 3759.0891 236 216 147
-119.1048 15.0766 3759.0891 236 216 146
-115.9529 15.0588 3754.6667 235 216 146
-112.8085 15.0411 3750.2546 235 216 146
-36.6133 14.6453 3651.5637 235 215 145
-33.6842 14.6453 3651.5637 234 215 145
-30.7551 14.6453 3651.5637 235 216 145
-18.9954 14.6119 3643.2268 235 216 145
-16.0547 14.5952 3639.0728 235 216 143
-13.1207 14.5786 3634.9280 235 216 145
-10.1818 14.5455 3626.6667 235 216 145
-7.2727 14.5455 3626.6667 235 216 144
-4.3636 14.5455 3626.6667 235 216 142
-1.4512 14.5125 3618.4431 235 217 143
1.4496 14.4960 3614.3452 235 217 143
4.3439 14.4796 3610.2566 235 217 143
7.2235 14.4470 3602.1069 234 215 143
10.1243 14.4633 3606.1770 233 214 140
13.0023 14.4470 3602.1069 235 215 142
15.8737 14.4307 3598.0459 235 215 142
27.3874 14.4144 3593.9941 235 216 142
30.1008 14.3337 3573.8708 235 216 141
32.8571 14.2857 3561.9048 236 215 140
35.5556 14.2222 3546.0742 237 215 139
38.2724 14.1750 3534.2932 236 214 138
41.0166 14.1436 3526.4827 235 214 137
43.8453 14.1436 3526.4827 236 215 136
46.5711 14.1125 3518.7065 236 214 134
49.3392 14.0969 3514.8313 235 214 131
52.1012 14.0814 3510.9646 236 214 129
54.8571 14.0659 3507.1062 236 213 128
57.5439 14.0351 3499.4153 236 214 127
60.2188 14.0044 3491.7578 237 215 122
62.9508 13.9891 3487.9419 241 221 107
65.6769 13.9738 3484.1340 247 230 78
68.4716 13.9738 3484.1340 248 232 60
71.1111 13.9434 3476.5432 248 232 56
73.8194 13.9282 3472.7603 248 231 57
76.6050 13.9282 3472.7603 248 231 56
79.3044 13.9130 3468.9856 248 231 57
82.0870 13.9130 3468.9856 248 231 57
84.7774 13.8979 3465.2190 248 231 57
339.6169 12.2605 3056.9604 242 225 52
351.4451 12.3314 3074.6309 231 214 43
354.2527 12.3433 3077.5957 221 201 33
356.3777 12.3314 3074.6309 207 184 23
358.8440 12.3314 3074.6309 201 176 20
362.0078 12.3552 3080.5664 199 173 19
364.4788 12.3552 3080.5664 199 172 18
367.3044 12.3672 3083.5427 198 172 17
389.2323 12.7617 3181.9209 196 169 16
392.1757 12.7745 3185.0964 194 167 14
394.7306 12.7745 3185.0964 195 166 14
397.2854 12.7745 3185.0964 194 166 15
399.8403 12.7745 3185.0964 193 166 16
402.3952 12.7745 3185.0964 194 165 14
405.3547 12.7872 3188.2786 195 165 14
505.3015 14.5620 3630.7927 219 175 17
507.6364 14.5455 3626.6667 219 175 18
511.1263 14.5620 3630.7927 219 176 17
515.2109 14.5952 3639.0728 220 176 17
-386.9341 14.6705 4572.3018 59 66 145
-381.2375 14.7338 4592.0386 59 67 146
-377.5540 14.7338 4592.0386 57 66 144
-374.4092 14.7550 4598.6553 59 68 145
-370.1871 14.7338 4592.0386 66 73 151
-366.5036 14.7338 4592.0386 67 76 163
-363.3430 14.7550 4598.6553 72 81 170
-359.6542 14.7550 4598.6553 67 76 164
-356.4791 14.7763 4605.2910 60 70 157
-353.8061 14.8191 4618.6206 59 68 151
-350.6087 14.8406 4625.3140 58 66 147
-347.4021 14.8621 4632.0273 59 65 144
-344.6871 14.9054 4645.5122 59 66 142
-340.4651 14.8837 4638.7598 59 67 140
-337.2344 14.9054 4645.5122 59 65 138
-332.0580 14.8406 4625.3140 58 65 139
-327.3989 14.7977 4611.9463 59 65 139
-323.2323 14.7763 4605.2910 58 63 137
-319.0778 14.7550 4598.6553 57 64 138
-315.8441 14.7763 4605.2910 57 64 138
-311.7003 14.7550 4598.6553 58 64 138
-308.0115 14.7550 4598.6553 57 64 137
-304.3228 14.7550 4598.6553 57 64 137
-289.5677 14.7550 4598.6553 59 64 137
-285.8790 14.7550 4598.6553 57 64 136
-282.5974 14.7763 4605.2910 58 65 136
-278.9033 14.7763 4605.2910 57 65 135
-275.2093 14.7763 4605.2910 58 65 135
-271.5151 14.7763 4605.2910 59 65 136
-268.2081 14.7977 4611.9463 61 67 137
-265.2754 14.8406 4625.3140 62 67 135
-261.5652 14.8406 4625.3140 64 68 136
-257.8551 14.8406 4625.3140 63 67 136
-253.7771 14.8191 4618.6206 62 68 136
-249.7110 14.7977 4611.9463 63 68 136
-245.3026 14.7550 4598.6553 63 67 136
-241.9625 14.7763 4605.2910 64 67 136
-238.2684 14.7763 4605.2910 65 67 135
-149.4340 12.0755 3763.5222 71 72 128
-146.2426 12.0612 3759.0891 71 72 127
-143.2273 12.0612 3759.0891 68 69 123
-140.0471 12.0471 3754.6667 72 71 120
-137.0353 12.0471 3754.6667 157 147 137
-134.0235 12.0471 3754.6667 235 217 155
-131.1661 12.0612 3759.0891 237 218 147
-128.0000 12.0471 3754.6667 236 217 146
-125.1355 12.0612 3759.0891 236 216 145
-122.2642 12.0755 3763.5222 236 216 146
-119.2453 12.0755 3763.5222 235 216 146
-115.9529 12.0471 3754.6667 236 216 146
-112.8085 12.0329 3750.2546 235 216 147
-42.5200 11.7297 3655.7466 235 216 146
-39.5423 11.7162 3651.5637 234 216 144
-36.6133 11.7162 3651.5637 235 215 144
-33.6457 11.7029 3647.3906 235 215 144
-30.7200 11.7029 3647.3906 235 216 144
-27.8261 11.7162 3651.5637 235 216 145
-24.8970 11.7162 3651.5637 236 216 146
-21.9429 11.7029 3647.3906 236 216 146
-18.9954 11.6895 3643.2268 235 216 145
-16.0547 11.6762 3639.0728 235 216 144
-13.1207 11.6629 3634.9280 235 216 145
-10.1818 11.6364 3626.6667 235 215 144
-7.2810 11.6496 3630.7927 235 215 143
-4.3636 11.6364 3626.6667 235 216 143
-1.4529 11.6232 3622.5503 235 216 144
1.4512 11.6100 3618.4431 235 216 143
4.3488 11.5968 3614.3452 236 216 144
7.2316 11.5706 3606.1770 236 216 144
10.1357 11.5837 3610.2566 235 215 141
13.0023 11.5576 3602.1069 234 215 140
15.8737 11.5445 3598.0459 235 215 142
18.7387 11.5315 3593.9941 234 215 142
21.6460 11.5445 3598.0459 235 215 142
24.5045 11.5315 3593.9941 236 215 141
27.3874 11.5315 3593.9941 236 216 142
30.1345 11.4798 3577.8774 235 215 140
32.9306 11.4541 3569.8733 235 215 140
35.6347 11.4031 3553.9719 236 214 138
38.3149 11.3526 3538.2114 236 214 136
41.0620 11.3274 3530.3835 235 214 135
43.8453 11.3149 3526.4827 236 214 134
46.5711 11.2900 3518.7065 236 214 132
49.3392 11.2775 3514.8313 235 214 130
52.1012 11.2651 3510.9646 236 214 129
54.8571 11.2527 3507.1062 236 214 126
57.5439 11.2281 3499.4153 237 214 124
60.2188 11.2035 3491.7578 241 218 109
62.9508 11.1913 3487.9419 247 228 77
65.6769 11.1790 3484.1340 248 232 61
68.4716 11.1790 3484.1340 248 231 58
71.1887 11.1668 3480.3345 248 231 57
73.8194 11.1425 3472.7603 248 231 57
76.6885 11.1547 3476.5432 248 231 56
79.3044 11.1304 3468.9856 248 231 57
82.0870 11.1304 3468.9856 248 231 57
84.7774 11.1184 3465.2190 248 231 57
339.6169 9.8084 3056.9604 243 225 52
351.4451 9.8651 3074.6309 232 214 45
354.2527 9.8746 3077.5957 221 201 34
356.3777 9.8651 3074.6309 207 183 24
359.1900 9.8746 3077.5957 201 176 21
362.0078 9.8842 3080.5664 199 173 20
364.4788 9.8842 3080.5664 199 172 19
366.9499 9.8842 3080.5664 198 172 18
389.2323 10.2094 3181.9209 197 170 17
392.1757 10.2196 3185.0964 195 168 15
394.7306 10.2196 3185.0964 194 167 14
397.2854 10.2196 3185.0964 194 165 14
399.4417 10.2094 3181.9209 193 166 15
401.9940 10.2094 3181.9209 194 165 15
404.9501 10.2196 3185.0964 194 165 14
505.3015 11.6496 3630.7927 218 174 16
508.2139 11.6496 3630.7927 218 174 17
511.7085 11.6629 3634.9280 219 175 18
-394.2693 11.0029 4572.3018 58 68 144
-390.6017 11.0029 4572.3018 59 68 145
-386.9341 11.0029 4572.3018 59 67 145
-384.3678 11.0345 4585.4409 59 67 146
-381.2375 11.0504 4592.0386 60 68 146
-377.5540 11.0504 4592.0386 58 67 146
-373.8705 11.0504 4592.0386 61 69 146
-370.1871 11.0504 4592.0386 67 73 151
-366.5036 11.0504 4592.0386 68 78 164
-362.8202 11.0504 4592.0386 72 82 170
-359.6542 11.0663 4598.6553 68 76 164
-355.9654 11.0663 4598.6553 62 69 156
-353.2948 11.0983 4611.9463 59 67 151
-350.1013 11.1143 4618.6206 58 65 145
-346.8986 11.1304 4625.3140 58 65 142
-344.6871 11.1790 4645.5122 60 67 143
-340.4651 11.1628 4638.7598 59 65 141
-337.2344 11.1790 4645.5122 58 64 139
-332.0580 11.1304 4625.3140 58 64 138
-327.3989 11.0983 4611.9463 57 63 137
-323.2323 11.0823 4605.2910 57 64 138
-319.0778 11.0663 4598.6553 57 63 138
-315.8441 11.0823 4605.2910 58 63 137
-311.7003 11.0663 4598.6553 57 63 137
-308.0115 11.0663 4598.6553 57 64 137
-304.3228 11.0663 4598.6553 58 64 138
-300.6340 11.0663 4598.6553 58 64 138
-296.9453 11.0663 4598.6553 58 63 137
-293.2565 11.0663 4598.6553 62 65 137
-289.5677 11.0663 4598.6553 65 67 138
-285.8790 11.0663 4598.6553 60 65 137
-282.5974 11.0823 4605.2910 60 66 138
-278.5015 11.0663 4598.6553 58 64 136
-275.2093 11.0823 4605.2910 58 64 136
-271.5151 11.0823 4605.2910 59 65 137
-267.8211 11.0823 4605.2910 59 66 137
-265.2754 11.1304 4625.3140 61 65 135
-261.1867 11.1143 4618.6206 64 68 136
-257.4819 11.1143 4618.6206 63 66 135
-253.4104 11.0983 4611.9463 63 67 136
-249.3507 11.0823 4605.2910 63 67 136
-245.3026 11.0663 4598.6553 62 66 135
-241.6138 11.0663 4598.6553 63 67 136
-237.5828 11.0504 4592.0386 64 68 136
-149.7872 9.0780 3772.4194 71 72 127
-146.5880 9.0673 3767.9656 72 73 124
-143.5655 9.0673 3767.9656 68 68 122
-140.3774 9.0566 3763.5222 70 68 120
-137.1967 9.0459 3759.0891 145 135 131
-131.3208 9.0566 3763.5222 237 218 147
-128.1508 9.0459 3759.0891 236 217 147
-125.2830 9.0566 3763.5222 236 216 146
-122.4085 9.0673 3767.9656 236 216 145
-119.3861 9.0673 3767.9656 235 216 145
-116.0895 9.0459 3759.0891 235 216 145
-112.9412 9.0353 3754.6667 235 216 147
-45.5046 8.8073 3659.9390 235 215 144
-42.5200 8.7973 3655.7466 235 215 146
-39.5423 8.7872 3651.5637 234 215 145
-36.6133 8.7872 3651.5637 234 215 146
-33.6457 8.7771 3647.3906 235 215 145
-30.7200 8.7771 3647.3906 235 215 145
-27.8261 8.7872 3651.5637 235 217 146
-24.8970 8.7872 3651.5637 236 217 147
-21.9429 8.7771 3647.3906 235 216 144
-18.9954 8.7671 3643.2268 235 215 144
-16.0547 8.7571 3639.0728 235 216 145
-13.1207 8.7472 3634.9280 235 216 144
-10.1934 8.7372 3630.7927 235 216 144
-7.2810 8.7372 3630.7927 235 216 143
-4.3636 8.7273 3626.6667 236 216 143
-1.4529 8.7174 3622.5503 235 216 144
1.4496 8.6976 3614.3452 235 216 143
4.3488 8.6976 3614.3452 235 216 143
7.2316 8.6780 3606.1770 235 216 143
10.1243 8.6780 3606.1770 235 216 140
13.0023 8.6682 3602.1069 235 214 139
15.8559 8.6486 3593.9941 236 215 141
18.7387 8.6486 3593.9941 236 214 142
21.6216 8.6486 3593.9941 236 215 142
24.5045 8.6486 3593.9941 237 215 141
27.3566 8.6389 3589.9514 236 215 140
30.1345 8.6099 3577.8774 235 215 139
32.9675 8.6002 3573.8708 235 214 139
35.6745 8.5619 3557.9338 236 214 138
38.3574 8.5239 3542.1384 236 214 136
41.1074 8.5050 3534.2932 236 214 134
43.8938 8.4956 3530.3835 236 214 132
46.6225 8.4768 3522.5903 236 214 130
49.3936 8.4675 3518.7065 236 214 129
52.1012 8.4488 3510.9646 236 214 127
54.9175 8.4488 3510.9646 237 215 124
57.5439 8.4211 3499.4153 241 219 108
60.2188 8.4026 3491.7578 246 228 76
63.0197 8.4026 3491.7578 248 231 59
65.6769 8.3843 3484.1340 249 232 58
68.4716 8.3843 3484.1340 248 232 58
71.1887 8.3751 3480.3345 249 232 58
73.8194 8.3569 3472.7603 248 231 57
76.6885 8.3660 3476.5432 248 231 56
79.3044 8.3478 3468.9856 248 231 57
82.0870 8.3478 3468.9856 248 231 57
84.7774 8.3388 3465.2190 248 231 57
339.6169 7.3563 3056.9604 243 225 52
351.4451 7.3988 3074.6309 232 215 45
354.2527 7.4060 3077.5957 220 200 35
356.3777 7.3988 3074.6309 207 183 24
359.1900 7.4060 3077.5957 201 175 20
362.3575 7.4203 3083.5427 200 173 21
364.4788 7.4131 3080.5664 199 172 19
366.9499 7.4131 3080.5664 199 172 18
389.2323 7.6570 3181.9209 197 170 17
392.1757 7.6647 3185.0964 195 168 15
394.3370 7.6570 3181.9209 194 166 15
396.8893 7.6570 3181.9209 195 166 16
399.4417 7.6570 3181.9209 193 166 15
401.9940 7.6570 3181.9209 193 166 14
404.9501 7.6647 3185.0964 194 165 14
508.2139 8.7372 3630.7927 217 174 15
-394.8350 7.3458 4578.8618 58 68 144
-391.1621 7.3458 4578.8618 59 68 145
-387.4892 7.3458 4578.8618 59 67 145
-384.9209 7.3669 4592.0386 59 68 146
-381.2375 7.3669 4592.0386 60 68 147
-378.0980 7.3775 4598.6553 59 67 146
-374.4092 7.3775 4598.6553 63 70 147
-370.1871 7.3669 4592.0386 69 74 151
-366.5036 7.3669 4592.0386 70 80 164
-362.8202 7.3669 4592.0386 73 83 169
-359.1367 7.3669 4592.0386 67 75 162
-355.4532 7.3669 4592.0386 61 69 156
-352.7850 7.3882 4605.2910 59 66 151
-349.5954 7.3988 4611.9463 58 66 146
-346.3965 7.4096 4618.6206 58 66 143
-344.1861 7.4419 4638.7598 59 67 141
-339.9710 7.4311 4632.0273 59 66 139
-336.7442 7.4419 4638.7598 59 64 139
-331.0983 7.3988 4611.9463 59 64 140
-326.9264 7.3882 4605.2910 58 63 138
-322.7666 7.3775 4598.6553 57 64 138
-318.6187 7.3669 4592.0386 59 65 138
-315.3891 7.3775 4598.6553 63 67 139
-293.2565 7.3775 4598.6553 61 65 138
-289.5677 7.3775 4598.6553 63 67 138
-285.8790 7.3775 4598.6553 59 65 137
-282.5974 7.3882 4605.2910 60 64 137
-278.5015 7.3775 4598.6553 60 64 137
-274.8127 7.3775 4598.6553 60 64 136
-271.1239 7.3775 4598.6553 60 65 137
-267.8211 7.3882 4605.2910 59 65 137
-264.5087 7.3988 4611.9463 61 66 135
-260.8093 7.3988 4611.9463 64 69 137
-256.7388 7.3882 4605.2910 61 66 135
-253.0447 7.3882 4605.2910 62 66 135
-244.5977 7.3563 4585.4409 61 66 134
-240.9196 7.3563 4585.4409 63 67 135
-237.2414 7.3563 4585.4409 65 66 135
-149.9645 6.0592 3776.8838 70 71 128
-146.7612 6.0520 3772.4194 70 72 124
-143.7352 6.0520 3772.4194 66 67 121
-140.7092 6.0520 3772.4194 67 65 117
-137.5207 6.0449 3767.9656 131 121 123
-134.4982 6.0449 3767.9656 234 216 158
-131.4758 6.0449 3767.9656 237 218 148
-128.4534 6.0449 3767.9656 236 217 146
-125.5792 6.0520 3772.4194 235 216 145
-122.5532 6.0520 3772.4194 235 216 145
-119.5272 6.0520 3772.4194 235 217 144
-116.2264 6.0377 3763.5222 234 216 144
-113.0742 6.0306 3759.0891 235 215 146
-48.4960 5.8783 3664.1409 234 216 144
-45.5046 5.8716 3659.9390 235 215 144
-42.5200 5.8648 3655.7466 236 216 145
-39.5423 5.8581 3651.5637 235 216 146
-36.6552 5.8648 3655.7466 235 216 146
-33.6842 5.8581 3651.5637 235 216 146
-30.7551 5.8581 3651.5637 235 216 145
-27.8580 5.8648 3655.7466 235 216 146
-24.9255 5.8648 3655.7466 235 215 145
-21.9680 5.8581 3651.5637 234 214 143
-19.0171 5.8514 3647.3906 235 215 144
-16.0731 5.8447 3643.2268 235 216 146
-13.1357 5.8381 3639.0728 235 216 145
-10.1934 5.8248 3630.7927 236 216 145
-7.2810 5.8248 3630.7927 236 216 144
-4.3636 5.8182 3626.6667 235 216 144
-1.4529 5.8116 3622.5503 235 216 144
1.4496 5.7984 3614.3452 235 216 143
4.3488 5.7984 3614.3452 235 216 144
7.2235 5.7788 3602.1069 236 216 144
10.1129 5.7788 3602.1069 235 215 141
12.9876 5.7723 3598.0459 235 214 142
15.8380 5.7593 3589.9514 236 214 142
18.7177 5.7593 3589.9514 236 215 142
21.5973 5.7593 3589.9514 237 215 141
24.4769 5.7593 3589.9514 236 215 140
27.3258 5.7528 3585.9177 235 215 139
30.1008 5.7335 3573.8708 235 214 137
32.9306 5.7271 3569.8733 236 214 136
35.6347 5.7016 3553.9719 236 214 136
38.3149 5.6763 3538.2114 236 214 135
41.0620 5.6637 3530.3835 236 214 132
43.8453 5.6575 3526.4827 236 214 130
46.5711 5.6450 3518.7065 236 214 129
49.3392 5.6388 3514.8313 236 214 127
52.1012 5.6326 3510.9646 237 215 124
54.8571 5.6264 3507.1062 241 219 110
57.4808 5.6079 3495.5825 246 229 81
60.2188 5.6018 3491.7578 249 232 62
62.9508 5.5956 3487.9419 249 232 58
65.6769 5.5895 3484.1340 249 232 58
68.3969 5.5834 3480.3345 248 231 57
71.1111 5.5773 3476.5432 249 231 58
73.7391 5.5652 3468.9856 249 232 58
76.6050 5.5713 3472.7603 248 231 57
79.2182 5.5592 3465.2190 248 231 57
81.9978 5.5592 3465.2190 248 231 57
84.6855 5.5531 3461.4607 248 231 57
339.9425 4.9089 3059.8914 243 226 52
348.9789 4.9326 3074.6309 239 222 50
351.4451 4.9326 3074.6309 232 214 44
354.2527 4.9373 3077.5957 220 200 34
356.7213 4.9373 3077.5957 207 183 23
359.1900 4.9373 3077.5957 201 175 20
362.3575 4.9469 3083.5427 201 172 21
364.4788 4.9421 3080.5664 199 172 19
366.9499 4.9421 3080.5664 199 172 19
389.6208 5.1098 3185.0964 197 170 17
392.1757 5.1098 3185.0964 195 168 15
394.7306 5.1098 3185.0964 194 166 15
397.2854 5.1098 3185.0964 195 166 16
399.4417 5.1047 3181.9209 193 166 15
401.9940 5.1047 3181.9209 193 166 14
405.3547 5.1149 3188.2786 195 165 15
508.2139 5.8248 3630.7927 217 173 16
-401.3873 3.6994 4611.9463 58 67 142
-395.4023 3.6782 4585.4409 60 68 144
-391.7242 3.6782 4585.4409 59 67 145
-387.4892 3.6729 4578.8618 58 67 145
-384.9209 3.6835 4592.0386 58 68 146
-381.7868 3.6888 4598.6553 59 68 147
-378.0980 3.6888 4598.6553 57 67 145
-374.4092 3.6888 4598.6553 64 71 148
-370.1871 3.6835 4592.0386 70 75 152
-367.0317 3.6888 4598.6553 70 80 165
-363.3430 3.6888 4598.6553 73 83 170
-359.1367 3.6835 4592.0386 67 75 162
-355.4532 3.6835 4592.0386 61 69 155
-352.7850 3.6941 4605.2910 60 67 149
-349.0909 3.6941 4605.2910 61 68 146
-345.8960 3.6994 4611.9463 61 68 144
-343.1884 3.7101 4625.3140 59 66 141
-339.4783 3.7101 4625.3140 59 65 140
-335.7681 3.7101 4625.3140 58 64 139
-330.6205 3.6941 4605.2910 57 63 138
-326.4554 3.6888 4598.6553 57 63 138
-322.3022 3.6835 4592.0386 57 64 139
-318.1609 3.6782 4585.4409 57 64 138
-314.9353 3.6835 4592.0386 58 65 139
-303.8849 3.6835 4592.0386 59 64 138
-300.6340 3.6888 4598.6553 58 63 137
-296.9453 3.6888 4598.6553 57 63 136
-293.2565 3.6888 4598.6553 58 64 137
-289.5677 3.6888 4598.6553 58 64 137
-285.8790 3.6888 4598.6553 57 64 136
-282.5974 3.6941 4605.2910 58 65 136
-278.5015 3.6888 4598.6553 59 64 135
-274.8127 3.6888 4598.6553 61 65 136
-271.1239 3.6888 4598.6553 63 67 137
-267.4352 3.6888 4598.6553 62 67 136
-264.1270 3.6941 4605.2910 64 68 136
-260.4329 3.6941 4605.2910 64 69 136
-256.3689 3.6888 4598.6553 61 67 135
-252.6801 3.6888 4598.6553 63 66 135
-244.2468 3.6729 4578.8618 63 66 135
-240.5739 3.6729 4578.8618 63 67 133
-236.9010 3.6729 4578.8618 64 67 134
-147.1090 3.0332 3781.3586 68 70 123
-140.8757 3.0296 3776.8838 68 67 117
-137.6832 3.0260 3772.4194 122 111 119
-122.6982 3.0296 3776.8838 236 216 145
-119.6686 3.0296 3776.8838 235 216 145
-116.5012 3.0260 3772.4194 235 216 145
-113.3412 3.0224 3767.9656 235 215 146
-54.5622 2.9493 3676.8049 235 215 143
-51.4351 2.9392 3664.1409 235 215 143
-48.5517 2.9425 3668.3525 235 216 145
-45.5046 2.9358 3659.9390 235 216 145
-42.5688 2.9358 3659.9390 236 216 144
-39.5876 2.9324 3655.7466 236 218 146
-36.6552 2.9324 3655.7466 237 218 148
-33.7228 2.9324 3655.7466 236 217 148
-30.7904 2.9324 3655.7466 237 217 147
-27.8580 2.9324 3655.7466 236 217 146
-24.9255 2.9324 3655.7466 236 216 146
-21.9680 2.9291 3651.5637 234 214 143
-19.0171 2.9257 3647.3906 235 215 142
-16.0914 2.9257 3647.3906 235 216 144
-13.1507 2.9224 3643.2268 235 215 143
-10.2050 2.9157 3634.9280 236 216 144
-7.2893 2.9157 3634.9280 236 217 145
-4.3686 2.9124 3630.7927 235 217 144
-1.4545 2.9091 3626.6667 235 216 143
1.4512 2.9025 3618.4431 235 215 142
4.3537 2.9025 3618.4431 235 215 142
7.2235 2.8894 3602.1069 234 214 139
10.1129 2.8894 3602.1069 234 214 139
12.9876 2.8861 3598.0459 235 214 140
15.8380 2.8796 3589.9514 236 215 140
18.6966 2.8764 3585.9177 236 215 139
21.5973 2.8796 3589.9514 236 215 139
24.4494 2.8764 3585.9177 236 214 138
27.3258 2.8764 3585.9177 236 214 138
30.1008 2.8667 3573.8708 235 214 136
32.8939 2.8603 3565.8845 236 214 135
35.5951 2.8476 3550.0186 236 213 134
38.2724 2.8350 3534.2932 236 214 132
41.0166 2.8287 3526.4827 236 214 131
43.8453 2.8287 3526.4827 236 214 130
46.5711 2.8225 3518.7065 237 214 128
49.3392 2.8194 3514.8313 237 214 126
52.0440 2.8132 3507.1062 241 218 112
54.7969 2.8101 3503.2566 246 228 80
57.4808 2.8039 3495.5825 248 232 62
60.1530 2.7978 3487.9419 249 232 59
62.9508 2.7978 3487.9419 248 232 57
65.6052 2.7917 3480.3345 249 232 57
68.3969 2.7917 3480.3345 248 231 57
71.0337 2.7856 3472.7603 248 231 56
73.6591 2.7796 3465.2190 248 231 57
76.5217 2.7826 3468.9856 248 231 56
79.1323 2.7766 3461.4607 247 230 56
81.9089 2.7766 3461.4607 247 230 56
339.4407 2.4687 3077.5957 243 226 52
339.9425 2.4545 3059.8914 243 226 51
343.7151 2.4639 3071.6716 242 225 50
346.5125 2.4663 3074.6309 241 224 50
348.9789 2.4663 3074.6309 240 222 50
351.4451 2.4663 3074.6309 233 214 45
354.2527 2.4687 3077.5957 219 200 34
356.7213 2.4687 3077.5957 206 183 24
359.1900 2.4687 3077.5957 200 174 21
362.3575 2.4734 3083.5427 199 172 22
364.4788 2.4710 3080.5664 199 172 21
366.9499 2.4710 3080.5664 198 172 18
390.0100 2.5574 3188.2786 197 170 17
392.5675 2.5574 3188.2786 195 168 15
395.1249 2.5574 3188.2786 194 167 15
397.6823 2.5574 3188.2786 194 166 16
399.8403 2.5549 3185.0964 193 166 16
402.3952 2.5549 3185.0964 193 166 15
405.7600 2.5600 3191.4668 195 165 15
508.2139 2.9124 3630.7927 217 172 15
-401.9682 -0.0000 4618.6206 60 67 144
-395.9713 -0.0000 4592.0386 61 68 145
-391.7242 -0.0000 4585.4409 61 68 147
-388.0460 -0.0000 4585.4409 59 67 146
-385.4755 -0.0000 4598.6553 59 68 147
-381.7868 -0.0000 4598.6553 61 68 147
-378.6436 -0.0000 4605.2910 59 66 146
-374.4092 -0.0000 4598.6553 66 71 149
-370.1871 -0.0000 4592.0386 69 76 152
-367.0317 -0.0000 4598.6553 70 80 166
-363.3430 -0.0000 4598.6553 73 81 170
-359.1367 -0.0000 4592.0386 66 73 162
-355.4532 -0.0000 4592.0386 59 67 154
-352.7850 -0.0000 4605.2910 59 67 149
-349.0909 -0.0000 4605.2910 62 68 144
-345.8960 -0.0000 4611.9463 63 68 142
-343.1884 -0.0000 4625.3140 61 67 141
-339.4783 -0.0000 4625.3140 59 65 139
-335.7681 -0.0000 4625.3140 58 64 138
-330.6205 -0.0000 4605.2910 57 64 140
-326.4554 -0.0000 4598.6553 55 64 138
-322.3022 -0.0000 4592.0386 58 65 138
-318.1609 -0.0000 4585.4409 57 64 138
-314.9353 -0.0000 4592.0386 56 64 139
-310.8046 -0.0000 4585.4409 57 63 139
-303.8849 -0.0000 4592.0386 59 64 138
-300.6340 -0.0000 4598.6553 59 63 136
-296.9453 -0.0000 4598.6553 57 63 137
-293.2565 -0.0000 4598.6553 57 64 137
-289.5677 -0.0000 4598.6553 58 64 137
-285.8790 -0.0000 4598.6553 58 64 137
-282.5974 -0.0000 4605.2910 58 65 135
-278.5015 -0.0000 4598.6553 58 65 135
-274.8127 -0.0000 4598.6553 60 66 137
-271.1239 -0.0000 4598.6553 62 67 137
-267.4352 -0.0000 4598.6553 62 66 136
-264.1270 -0.0000 4605.2910 65 69 137
-260.0576 -0.0000 4598.6553 64 69 136
-256.0000 -0.0000 4592.0386 62 67 135
-252.3166 -0.0000 4592.0386 63 67 136
-247.9197 -0.0000 4578.8618 63 67 136
-243.8969 -0.0000 4572.3018 64 67 135
-240.2292 -0.0000 4572.3018 64 67 134
-236.5616 -0.0000 4572.3018 64 67 135
-232.5608 -0.0000 4565.7607 65 67 135
-137.8462 -0.0000 3776.8838 112 102 117
-122.8436 -0.0000 3781.3586 236 216 147
-119.8104 -0.0000 3781.3586 235 216 146
-116.6391 -0.0000 3776.8838 235 216 146
-113.4752 -0.0000 3772.4194 235 215 146
-54.5622 -0.0000 3676.8049 234 215 143
-51.4943 -0.0000 3668.3525 234 215 143
-48.5517 -0.0000 3668.3525 235 216 145
-45.5046 -0.0000 3659.9390 235 216 144
-42.5688 -0.0000 3659.9390 236 216 144
-39.5876 -0.0000 3655.7466 236 216 145
-36.6552 -0.0000 3655.7466 236 216 145
-33.7228 -0.0000 3655.7466 236 215 144
-30.7904 -0.0000 3655.7466 236 214 143
-27.8899 -0.0000 3659.9390 236 215 143
-24.9541 -0.0000 3659.9390 236 216 145
-21.9931 -0.0000 3655.7466 234 214 142
-19.0389 -0.0000 3651.5637 234 214 141
-16.0914 -0.0000 3647.3906 235 215 144
-13.1507 -0.0000 3643.2268 235 215 144
-10.2166 -0.0000 3639.0728 236 216 143
-7.2976 -0.0000 3639.0728 235 216 143
-4.3736 -0.0000 3634.9280 235 215 142
-1.4562 -0.0000 3630.7927 235 215 142
1.4545 -0.0000 3626.6667 235 215 142
4.3537 -0.0000 3618.4431 236 216 142
7.2316 -0.0000 3606.1770 236 217 141
10.1243 -0.0000 3606.1770 235 216 140
12.9876 -0.0000 3598.0459 235 215 139
15.8380 -0.0000 3589.9514 236 214 138
18.7177 -0.0000 3589.9514 235 215 138
21.5973 -0.0000 3589.9514 236 215 138
24.4494 -0.0000 3585.9177 236 214 138
27.3258 -0.0000 3585.9177 236 214 137
30.1008 -0.0000 3573.8708 236 214 135
32.8571 -0.0000 3561.9048 236 214 134
35.5556 -0.0000 3546.0742 236 213 131
38.2724 -0.0000 3534.2932 236 213 131
41.0166 -0.0000 3526.4827 236 214 128
43.8453 -0.0000 3526.4827 236 214 128
46.5711 -0.0000 3518.7065 237 214 126
49.3392 -0.0000 3514.8313 241 218 113
52.0440 -0.0000 3507.1062 246 228 85
54.7969 -0.0000 3503.2566 248 231 63
57.4808 -0.0000 3495.5825 248 232 58
60.1530 -0.0000 3487.9419 249 232 58
62.8821 -0.0000 3484.1340 249 232 57
65.6052 -0.0000 3480.3345 248 231 57
68.3224 -0.0000 3476.5432 249 232 58
71.0337 -0.0000 3472.7603 248 231 57
73.5792 -0.0000 3461.4607 247 230 56
76.4387 -0.0000 3465.2190 247 230 57
79.0466 -0.0000 3457.7104 247 230 57
81.8202 -0.0000 3457.7104 247 230 57
340.0966 -0.0000 3083.5427 243 225 52
340.5956 -0.0000 3065.7703 243 226 50
344.0463 -0.0000 3074.6309 242 225 51
346.8467 -0.0000 3077.5957 241 224 51
348.9789 -0.0000 3074.6309 239 222 50
351.4451 -0.0000 3074.6309 233 214 44
354.5946 -0.0000 3080.5664 221 200 33
356.7213 -0.0000 3077.5957 206 183 23
359.1900 -0.0000 3077.5957 200 175 20
362.0078 -0.0000 3080.5664 200 173 21
364.4788 -0.0000 3080.5664 199 172 20
366.5960 -0.0000 3077.5957 199 172 18
369.7778 -0.0000 3083.5427 199 172 19
390.4000 -0.0000 3191.4668 197 170 16
392.9600 -0.0000 3191.4668 196 168 15
395.5200 -0.0000 3191.4668 195 167 15
397.6823 -0.0000 3188.2786 194 166 15
399.8403 -0.0000 3185.0964 194 166 15
402.7972 -0.0000 3188.2786 194 166 15
406.1662 -0.0000 3194.6614 195 166 15
-401.3873 -3.6994 4611.9463 59 67 143
-395.4023 -3.6782 4585.4409 60 67 145
-391.1621 -3.6729 4578.8618 59 67 146
-388.0460 -3.6782 4585.4409 59 67 145
-385.4755 -3.6888 4598.6553 59 68 147
-382.3377 -3.6941 4605.2910 60 68 147
-378.6436 -3.6941 4605.2910 59 67 146
-374.4092 -3.6888 4598.6553 66 71 149
-370.1871 -3.6835 4592.0386 70 76 154
-367.0317 -3.6888 4598.6553 71 80 168
-363.3430 -3.6888 4598.6553 72 81 169
-359.1367 -3.6835 4592.0386 65 74 160
-355.4532 -3.6835 4592.0386 59 68 154
-352.7850 -3.6941 4605.2910 60 68 149
-349.0909 -3.6941 4605.2910 62 68 146
-345.8960 -3.6994 4611.9463 62 68 143
-342.6918 -3.7048 4618.6206 62 68 141
-338.9870 -3.7048 4618.6206 59 65 139
-335.2822 -3.7048 4618.6206 59 64 139
-330.6205 -3.6941 4605.2910 58 65 139
-326.4554 -3.6888 4598.6553 56 64 139
-322.3022 -3.6835 4592.0386 57 64 139
-318.1609 -3.6782 4585.4409 57 64 138
-314.9353 -3.6835 4592.0386 57 65 139
-310.8046 -3.6782 4585.4409 57 64 138
-303.8849 -3.6835 4592.0386 58 64 137
-300.2015 -3.6835 4592.0386 60 64 136
-296.5180 -3.6835 4592.0386 58 64 137
-293.2565 -3.6888 4598.6553 58 64 138
-289.5677 -3.6888 4598.6553 59 64 137
-285.8790 -3.6888 4598.6553 60 64 137
-282.1902 -3.6888 4598.6553 59 65 136
-278.1007 -3.6835 4592.0386 58 65 137
-274.4173 -3.6835 4592.0386 59 66 137
-270.7338 -3.6835 4592.0386 61 67 137
-267.0504 -3.6835 4592.0386 62 67 136
-263.7464 -3.6888 4598.6553 65 69 137
-259.6835 -3.6835 4592.0386 63 68 136
-256.0000 -3.6835 4592.0386 60 66 134
-252.3166 -3.6835 4592.0386 61 66 136
-247.5645 -3.6676 4572.3018 62 67 136
-243.8969 -3.6676 4572.3018 63 67 135
-240.2292 -3.6676 4572.3018 63 68 134
-236.5616 -3.6676 4572.3018 64 68 136
-232.5608 -3.6624 4565.7607 64 67 136
-227.2727 -3.6364 4533.3335 64 66 136
-138.0095 -3.0332 3781.3586 104 94 117
-122.9893 -3.0368 3785.8442 236 216 145
-119.9526 -3.0368 3785.8442 235 216 144
-116.7773 -3.0332 3781.3586 235 216 144
-113.6095 -3.0296 3776.8838 236 216 146
-54.5622 -2.9493 3676.8049 235 215 145
-51.4943 -2.9425 3668.3525 235 215 144
-48.5517 -2.9425 3668.3525 235 216 144
-45.5046 -2.9358 3659.9390 235 216 144
-42.5688 -2.9358 3659.9390 236 216 145
-39.6330 -2.9358 3659.9390 236 217 145
-36.6973 -2.9358 3659.9390 235 216 143
-33.7228 -2.9324 3655.7466 234 214 142
-30.8257 -2.9358 3659.9390 234 214 140
-27.8899 -2.9358 3659.9390 234 213 139
-24.9541 -2.9358 3659.9390 235 215 143
-21.9931 -2.9324 3655.7466 235 215 141
-19.0389 -2.9291 3651.5637 234 214 141
-16.1098 -2.9291 3651.5637 235 215 144
-13.1657 -2.9257 3647.3906 236 216 145
-10.2283 -2.9224 3643.2268 236 216 145
-7.3059 -2.9224 3643.2268 236 216 145
-4.3786 -2.9190 3639.0728 236 216 142
-1.4579 -2.9157 3634.9280 235 214 141
1.4545 -2.9091 3626.6667 235 215 142
4.3587 -2.9058 3622.5503 236 215 142
7.2398 -2.8959 3610.2566 235 214 139
10.1243 -2.8927 3606.1770 234 214 137
12.9876 -2.8861 3598.0459 235 214 136
15.8380 -2.8796 3589.9514 236 214 136
18.6966 -2.8764 3585.9177 236 214 137
21.5973 -2.8796 3589.9514 236 214 138
24.4494 -2.8764 3585.9177 236 214 137
27.3258 -2.8764 3585.9177 236 214 135
30.1008 -2.8667 3573.8708 236 214 135
32.8571 -2.8571 3561.9048 236 213 134
35.5556 -2.8444 3546.0742 236 213 132
38.2724 -2.8350 3534.2932 236 214 130
41.0620 -2.8319 3530.3835 236 214 129
43.8453 -2.8287 3526.4827 236 214 126
46.5711 -2.8225 3518.7065 239 217 115
49.3392 -2.8194 3514.8313 245 227 86
52.0440 -2.8132 3507.1062 248 232 64
54.7969 -2.8101 3503.2566 249 232 59
57.4808 -2.8039 3495.5825 248 232 57
60.0873 -2.7948 3484.1340 249 232 59
62.8135 -2.7917 3480.3345 249 231 57
65.5338 -2.7887 3476.5432 248 231 57
68.2481 -2.7856 3472.7603 248 231 57
70.9565 -2.7826 3468.9856 248 231 57
73.5792 -2.7766 3461.4607 247 230 56
76.3558 -2.7766 3461.4607 247 230 56
78.9610 -2.7706 3453.9683 248 230 57
81.6432 -2.7676 3450.2344 248 230 57
335.1498 -2.4734 3083.5427 243 226 52
337.6232 -2.4734 3083.5427 243 226 51
340.0966 -2.4734 3083.5427 243 225 52
340.9231 -2.4615 3068.7180 243 225 51
344.0463 -2.4663 3074.6309 243 225 51
346.8467 -2.4687 3077.5957 242 224 51
348.9789 -2.4663 3074.6309 239 221 51
351.4451 -2.4663 3074.6309 233 213 45
354.2527 -2.4687 3077.5957 221 199 34
356.7213 -2.4687 3077.5957 206 183 24
359.1900 -2.4687 3077.5957 200 175 21
362.0078 -2.4710 3080.5664 199 173 21
364.1273 -2.4687 3077.5957 199 172 20
366.5960 -2.4687 3077.5957 199 172 18
369.4209 -2.4710 3080.5664 199 172 18
390.4000 -2.5600 3191.4668 197 170 16
392.9600 -2.5600 3191.4668 197 168 16
395.5200 -2.5600 3191.4668 195 167 16
398.0800 -2.5600 3191.4668 194 166 16
400.2398 -2.5574 3188.2786 194 166 16
402.7972 -2.5574 3188.2786 194 165 14
406.5732 -2.5651 3197.8625 194 165 13
-401.9682 -7.4096 4618.6206 57 67 145
-395.9713 -7.3669 4592.0386 58 67 145
-391.1621 -7.3458 4578.8618 58 67 147
-388.0460 -7.3563 4585.4409 58 67 146
-385.4755 -7.3775 4598.6553 59 68 148
-382.3377 -7.3882 4605.2910 60 68 147
-378.6436 -7.3882 4605.2910 59 67 147
-374.4092 -7.3775 4598.6553 68 73 150
-370.1871 -7.3669 4592.0386 71 76 156
-367.5613 -7.3882 4605.2910 71 81 168
-363.3430 -7.3775 4598.6553 73 82 170
-359.1367 -7.3669 4592.0386 65 73 160
-355.4532 -7.3669 4592.0386 59 67 154
-352.2767 -7.3775 4598.6553 58 65 150
-348.5879 -7.3775 4598.6553 59 65 146
-345.8960 -7.3988 4611.9463 59 66 143
-342.6918 -7.4096 4618.6206 59 66 140
-338.9870 -7.4096 4618.6206 59 65 138
-334.7977 -7.3988 4611.9463 58 64 138
-330.1441 -7.3775 4598.6553 58 64 138
-325.9856 -7.3669 4592.0386 57 65 138
-322.3022 -7.3669 4592.0386 58 64 139
-318.1609 -7.3563 4585.4409 59 64 138
-314.9353 -7.3669 4592.0386 59 65 137
-310.8046 -7.3563 4585.4409 57 65 136
-306.6858 -7.3458 4578.8618 57 63 136
-303.8849 -7.3669 4592.0386 58 64 136
-300.2015 -7.3669 4592.0386 61 66 136
-293.2565 -7.3775 4598.6553 58 65 137
-285.8790 -7.3775 4598.6553 58 65 137
-282.1902 -7.3775 4598.6553 58 65 137
-278.1007 -7.3669 4592.0386 57 65 137
-274.4173 -7.3669 4592.0386 58 66 137
-270.7338 -7.3669 4592.0386 60 66 136
-267.0504 -7.3669 4592.0386 62 66 135
-263.3669 -7.3669 4592.0386 65 69 137
-259.6835 -7.3669 4592.0386 64 69 135
-256.0000 -7.3669 4592.0386 65 70 136
-252.3166 -7.3669 4592.0386 65 69 136
-247.9197 -7.3458 4578.8618 67 69 135
-243.8969 -7.3352 4572.3018 66 69 134
-240.2292 -7.3352 4572.3018 64 69 133
-236.5616 -7.3352 4572.3018 64 69 134
-232.8940 -7.3352 4572.3018 64 68 135
-227.5960 -7.2831 4539.7822 63 67 134
-223.6364 -7.2727 4533.3335 62 67 134
-138.1732 -6.0735 3785.8442 96 88 115
-119.9526 -6.0735 3785.8442 235 216 144
-116.9158 -6.0735 3785.8442 235 216 145
-113.7441 -6.0664 3781.3586 236 216 146
-54.6251 -5.9054 3681.0459 235 215 146
-51.4943 -5.8851 3668.3525 235 215 145
-48.6076 -5.8918 3672.5740 235 216 144
-45.5568 -5.8783 3664.1409 235 215 145
-42.6177 -5.8783 3664.1409 236 215 145
-39.6330 -5.8716 3659.9390 236 217 146
-36.6973 -5.8716 3659.9390 236 217 146
-33.7615 -5.8716 3659.9390 236 215 144
-30.8257 -5.8716 3659.9390 234 213 139
-27.8899 -5.8716 3659.9390 235 213 138
-24.9541 -5.8716 3659.9390 236 216 144
-22.0184 -5.8716 3659.9390 235 216 141
-19.0607 -5.8648 3655.7466 234 213 139
-16.1098 -5.8581 3651.5637 235 214 143
-13.1657 -5.8514 3647.3906 236 216 144
-10.2283 -5.8447 3643.2268 236 216 143
-7.3059 -5.8447 3643.2268 236 215 141
-4.3786 -5.8381 3639.0728 235 214 140
-1.4595 -5.8381 3639.0728 236 214 140
1.4562 -5.8248 3630.7927 236 215 141
4.3587 -5.8116 3622.5503 236 216 143
7.2398 -5.7919 3610.2566 236 216 144
10.1243 -5.7853 3606.1770 235 215 142
12.9876 -5.7723 3598.0459 235 214 137
15.8380 -5.7593 3589.9514 236 214 136
18.6966 -5.7528 3585.9177 235 214 136
21.5730 -5.7528 3585.9177 236 214 136
24.4220 -5.7464 3581.8931 236 215 134
27.2952 -5.7464 3581.8931 236 213 133
30.0671 -5.7271 3569.8733 236 213 132
32.8205 -5.7079 3557.9338 236 213 131
35.5556 -5.6889 3546.0742 236 213 130
38.2724 -5.6700 3534.2932 236 214 128
41.0620 -5.6637 3530.3835 237 214 124
43.7969 -5.6512 3522.5903 239 217 118
46.5711 -5.6450 3518.7065 245 225 91
49.2849 -5.6326 3510.9646 248 231 62
51.9868 -5.6202 3503.2566 249 232 59
54.7368 -5.6140 3499.4153 249 232 58
57.4179 -5.6018 3491.7578 248 232 58
60.0873 -5.5895 3484.1340 248 232 58
62.8135 -5.5834 3480.3345 248 231 57
65.4625 -5.5713 3472.7603 248 231 57
68.2481 -5.5713 3472.7603 248 231 57
70.8795 -5.5592 3465.2190 247 230 56
73.4995 -5.5471 3457.7104 247 230 56
76.2730 -5.5471 3457.7104 248 231 57
78.8757 -5.5351 3450.2344 248 231 57
81.6432 -5.5351 3450.2344 248 231 57
334.8263 -4.9421 3080.5664 243 226 52
337.6232 -4.9469 3083.5427 243 226 52
340.0966 -4.9469 3083.5427 243 225 52
340.9231 -4.9231 3068.7180 243 225 52
344.0463 -4.9326 3074.6309 243 226 52
346.5125 -4.9326 3074.6309 241 224 50
348.6429 -4.9278 3071.6716 239 222 49
351.1069 -4.9278 3071.6716 233 214 43
354.2527 -4.9373 3077.5957 221 199 34
356.7213 -4.9373 3077.5957 206 183 24
359.1900 -4.9373 3077.5957 200 175 21
362.0078 -4.9421 3080.5664 198 173 20
364.1273 -4.9373 3077.5957 198 172 19
366.5960 -4.9373 3077.5957 199 172 18
369.4209 -4.9421 3080.5664 198 172 18
390.4000 -5.1200 3191.4668 197 170 16
392.5675 -5.1149 3188.2786 196 168 15
395.1249 -5.1149 3188.2786 194 167 15
397.6823 -5.1149 3188.2786 195 166 15
399.8403 -5.1098 3185.0964 195 165 15
402.7972 -5.1149 3188.2786 193 165 14
-403.1350 -11.1466 4632.0273 58 66 145
-396.5418 -11.0663 4598.6553 58 66 146
-391.7242 -11.0345 4585.4409 58 67 146
-388.6043 -11.0504 4592.0386 57 67 147
-386.0318 -11.0823 4605.2910 59 69 147
-382.8902 -11.0983 4611.9463 59 69 146
-378.6436 -11.0823 4605.2910 59 68 146
-374.4092 -11.0663 4598.6553 68 74 149
-370.7205 -11.0663 4598.6553 69 76 157
-367.5613 -11.0823 4605.2910 72 83 168
-363.3430 -11.0663 4598.6553 73 83 169
-359.1367 -11.0504 4592.0386 64 73 159
-355.4532 -11.0504 4592.0386 59 69 154
-352.2767 -11.0663 4598.6553 58 67 148
-348.5879 -11.0663 4598.6553 58 65 144
-345.3969 -11.0823 4605.2910 57 64 142
-342.1966 -11.0983 4611.9463 57 64 140
-338.4971 -11.0983 4611.9463 57 64 139
-334.3146 -11.0823 4605.2910 58 64 138
-329.6691 -11.0504 4592.0386 58 64 138
-325.5173 -11.0345 4585.4409 59 64 138
-321.8391 -11.0345 4585.4409 59 63 139
-317.7045 -11.0187 4578.8618 58 63 138
-314.4828 -11.0345 4585.4409 57 63 138
-310.3587 -11.0187 4578.8618 57 63 137
-306.2464 -11.0029 4572.3018 58 63 136
-303.4483 -11.0345 4585.4409 59 64 136
-299.7701 -11.0345 4585.4409 60 65 136
-292.8346 -11.0504 4592.0386 59 65 137
-285.4677 -11.0504 4592.0386 59 65 137
-281.7842 -11.0504 4592.0386 59 64 137
-277.7012 -11.0345 4585.4409 59 64 137
-274.0230 -11.0345 4585.4409 59 66 136
-270.3448 -11.0345 4585.4409 60 66 136
-266.6667 -11.0345 4585.4409 62 67 135
-263.3669 -11.0504 4592.0386 64 68 136
-259.6835 -11.0504 4592.0386 67 70 136
-256.0000 -11.0504 4592.0386 70 74 137
-251.9540 -11.0345 4585.4409 71 74 136
-247.9197 -11.0187 4578.8618 68 71 135
-243.8969 -11.0029 4572.3018 66 69 134
-240.2292 -11.0029 4572.3018 66 69 134
-236.5616 -11.0029 4572.3018 65 70 134
-232.8940 -11.0029 4572.3018 64 69 134
-227.5960 -10.9246 4539.7822 62 67 134
-223.9545 -10.9246 4539.7822 62 67 135
-141.2100 -9.1103 3785.8442 64 65 119
-138.0095 -9.0995 3781.3586 89 81 111
-119.9526 -9.1103 3785.8442 235 216 144
-116.9158 -9.1103 3785.8442 235 216 144
-113.7441 -9.0995 3781.3586 235 216 145
-54.6251 -8.8581 3681.0459 235 215 145
-51.4943 -8.8276 3668.3525 235 216 145
-48.6076 -8.8377 3672.5740 235 216 145
-45.5568 -8.8175 3664.1409 235 216 145
-42.6177 -8.8175 3664.1409 236 216 145
-39.6330 -8.8073 3659.9390 236 217 146
-36.6973 -8.8073 3659.9390 236 216 144
-33.7615 -8.8073 3659.9390 235 214 142
-30.8257 -8.8073 3659.9390 235 213 140
-27.8899 -8.8073 3659.9390 235 214 141
-24.9541 -8.8073 3659.9390 236 216 143
-22.0184 -8.8073 3659.9390 236 216 141
-19.0389 -8.7872 3651.5637 235 213 139
-16.1098 -8.7872 3651.5637 235 214 141
-13.1657 -8.7771 3647.3906 236 216 144
-10.2283 -8.7671 3643.2268 236 215 143
-7.3059 -8.7671 3643.2268 236 215 142
-4.3786 -8.7571 3639.0728 236 215 141
-1.4579 -8.7472 3634.9280 236 215 140
1.4545 -8.7273 3626.6667 235 215 140
4.3537 -8.7075 3618.4431 235 215 140
7.2316 -8.6780 3606.1770 236 214 139
10.1129 -8.6682 3602.1069 234 214 137
12.9730 -8.6486 3593.9941 235 213 133
15.8202 -8.6292 3585.9177 236 214 134
18.6756 -8.6195 3581.8931 235 214 136
21.5488 -8.6195 3581.8931 236 214 135
24.3673 -8.6002 3573.8708 236 214 133
27.2340 -8.6002 3573.8708 236 213 131
30.0335 -8.5810 3565.8845 236 214 131
32.8205 -8.5619 3557.9338 236 214 130
35.5951 -8.5428 3550.0186 236 214 129
38.2724 -8.5050 3534.2932 237 214 127
41.0620 -8.4956 3530.3835 239 215 120
43.7969 -8.4768 3522.5903 244 224 93
46.5198 -8.4582 3514.8313 248 231 64
49.2849 -8.4488 3510.9646 248 232 58
51.9868 -8.4303 3503.2566 249 232 58
54.7368 -8.4211 3499.4153 249 232 58
57.3552 -8.3934 3487.9419 249 232 58
60.0218 -8.3751 3480.3345 249 232 58
62.7451 -8.3660 3476.5432 248 231 57
65.4625 -8.3569 3472.7603 248 231 57
68.1739 -8.3478 3468.9856 248 231 57
70.8026 -8.3297 3461.4607 248 231 57
73.4199 -8.3117 3453.9683 248 231 57
76.1905 -8.3117 3453.9683 248 230 56
78.7905 -8.2937 3446.5083 248 231 57
81.6432 -8.3027 3450.2344 248 231 57
334.8263 -7.4131 3080.5664 243 226 52
337.6232 -7.4203 3083.5427 243 226 52
339.7684 -7.4131 3080.5664 243 226 52
340.5956 -7.3775 3065.7703 243 226 52
343.7151 -7.3917 3071.6716 243 226 52
346.5125 -7.3988 3074.6309 242 225 51
348.6429 -7.3917 3071.6716 239 222 49
351.1069 -7.3917 3071.6716 232 214 42
353.9114 -7.3988 3074.6309 220 199 33
356.7213 -7.4060 3077.5957 206 183 23
359.1900 -7.4060 3077.5957 200 175 20
362.0078 -7.4131 3080.5664 199 173 20
364.1273 -7.4060 3077.5957 199 172 19
366.2428 -7.3988 3074.6309 199 172 18
369.4209 -7.4131 3080.5664 198 172 18
390.0100 -7.6723 3188.2786 197 170 16
392.5675 -7.6723 3188.2786 196 168 15
395.1249 -7.6723 3188.2786 196 166 15
397.6823 -7.6723 3188.2786 195 166 13
399.8403 -7.6647 3185.0964 195 166 14
402.7972 -7.6723 3188.2786 194 165 15
-404.3086 -14.9054 4645.5122 56 66 144
-397.1140 -14.7763 4605.2910 58 66 146
-392.2878 -14.7338 4592.0386 58 67 146
-389.1643 -14.7550 4598.6553 58 67 146
-386.5896 -14.7977 4611.9463 59 69 148
-382.8902 -14.7977 4611.9463 60 69 146
-379.1908 -14.7977 4611.9463 61 68 147
-374.4092 -14.7550 4598.6553 68 73 149
-370.7205 -14.7550 4598.6553 67 76 158
-367.5613 -14.7763 4605.2910 73 84 170
-363.3430 -14.7550 4598.6553 71 81 167
-359.1367 -14.7338 4592.0386 63 73 158
-355.4532 -14.7338 4592.0386 59 69 153
-352.2767 -14.7550 4598.6553 59 67 147
-348.5879 -14.7550 4598.6553 59 66 143
-345.3969 -14.7763 4605.2910 57 65 143
-342.1966 -14.7977 4611.9463 57 64 141
-338.4971 -14.7977 4611.9463 57 64 140
-334.3146 -14.7763 4605.2910 57 64 138
-329.6691 -14.7338 4592.0386 57 64 138
-325.5173 -14.7126 4585.4409 58 64 137
-321.8391 -14.7126 4585.4409 59 63 139
-314.4828 -14.7126 4585.4409 57 63 138
-310.3587 -14.6915 4578.8618 57 63 137
-306.6858 -14.6915 4578.8618 57 64 137
-303.8849 -14.7338 4592.0386 58 64 137
-293.2565 -14.7550 4598.6553 60 65 138
-285.4677 -14.7338 4592.0386 60 65 137
-281.7842 -14.7338 4592.0386 59 64 136
-277.3027 -14.6915 4578.8618 58 65 135
-273.6299 -14.6915 4578.8618 59 65 135
-269.9570 -14.6915 4578.8618 62 66 137
-266.6667 -14.7126 4585.4409 63 67 137
-262.9885 -14.7126 4585.4409 63 67 135
-259.3104 -14.7126 4585.4409 64 67 134
-255.6322 -14.7126 4585.4409 64 69 133
-251.5925 -14.6915 4578.8618 63 70 134
-247.5645 -14.6705 4572.3018 64 69 133
-243.5479 -14.6495 4565.7607 67 70 135
-239.8856 -14.6495 4565.7607 68 69 134
-236.2232 -14.6495 4565.7607 67 71 134
-232.8940 -14.6705 4572.3018 64 69 135
-227.5960 -14.5661 4539.7822 62 67 134
-223.9545 -14.5661 4539.7822 63 67 135
-220.0000 -14.5455 4533.3335 63 66 135
-141.2100 -12.1471 3785.8442 64 64 119
-138.0095 -12.1327 3781.3586 84 77 111
-122.9893 -12.1471 3785.8442 236 216 145
-119.8104 -12.1327 3781.3586 235 216 144
-116.7773 -12.1327 3781.3586 235 216 144
-113.6095 -12.1183 3776.8838 235 216 145
-54.6882 -11.8245 3685.2964 236 216 144
-51.4943 -11.7701 3668.3525 235 216 143
-48.6076 -11.7837 3672.5740 235 216 143
-45.5568 -11.7566 3664.1409 235 216 145
-42.6177 -11.7566 3664.1409 237 216 146
-39.6785 -11.7566 3664.1409 237 217 146
-36.6973 -11.7431 3659.9390 235 216 145
-33.7615 -11.7431 3659.9390 235 215 143
-30.8257 -11.7431 3659.9390 235 213 139
-27.9219 -11.7566 3664.1409 235 213 138
-24.9541 -11.7431 3659.9390 235 215 142
-22.0184 -11.7431 3659.9390 237 215 142
-19.0607 -11.7297 3655.7466 235 213 139
-16.1098 -11.7162 3651.5637 236 214 139
-13.1657 -11.7029 3647.3906 236 215 142
-10.2400 -11.7029 3647.3906 236 215 142
-7.3143 -11.7029 3647.3906 237 215 142
-4.3786 -11.6762 3639.0728 236 215 142
-1.4579 -11.6629 3634.9280 236 214 141
1.4562 -11.6496 3630.7927 236 215 140
4.3537 -11.6100 3618.4431 236 215 139
7.2316 -11.5706 3606.1770 237 215 140
10.1015 -11.5445 3598.0459 236 215 139
12.9730 -11.5315 3593.9941 235 213 134
15.8202 -11.5056 3585.9177 236 213 134
18.6547 -11.4798 3577.8774 236 214 135
21.5006 -11.4670 3573.8708 236 213 133
24.3400 -11.4541 3569.8733 236 214 132
27.2036 -11.4541 3569.8733 236 214 130
29.9666 -11.4158 3557.9338 236 214 130
32.7840 -11.4031 3553.9719 236 214 128
35.5951 -11.3904 3550.0186 237 214 127
38.2724 -11.3400 3534.2932 238 215 118
41.0166 -11.3149 3526.4827 244 223 93
43.7969 -11.3024 3522.5903 248 230 65
46.5198 -11.2775 3514.8313 249 232 58
49.2849 -11.2651 3510.9646 248 231 58
51.9298 -11.2281 3499.4153 249 232 58
54.6769 -11.2158 3495.5825 249 232 58
57.3552 -11.1913 3487.9419 248 232 58
60.0218 -11.1668 3480.3345 249 232 58
62.6768 -11.1425 3472.7603 249 231 57
65.3913 -11.1304 3468.9856 248 231 56
68.1739 -11.1304 3468.9856 248 230 57
70.7259 -11.0943 3457.7104 248 230 57
73.3405 -11.0703 3450.2344 248 230 57
76.1905 -11.0823 3453.9683 248 230 57
334.8263 -9.8842 3080.5664 243 226 52
337.6232 -9.8937 3083.5427 243 226 52
340.0966 -9.8937 3083.5427 243 226 52
340.5956 -9.8367 3065.7703 243 226 52
343.7151 -9.8556 3071.6716 242 225 52
346.5125 -9.8651 3074.6309 241 225 51
348.6429 -9.8556 3071.6716 239 222 49
351.1069 -9.8556 3071.6716 232 214 43
353.9114 -9.8651 3074.6309 220 200 33
356.3777 -9.8651 3074.6309 206 182 24
359.1900 -9.8746 3077.5957 200 175 21
362.0078 -9.8842 3080.5664 199 173 20
364.1273 -9.8746 3077.5957 199 172 19
366.2428 -9.8651 3074.6309 199 172 18
369.0646 -9.8746 3077.5957 199 172 19
390.4000 -10.2400 3191.4668 197 170 16
392.9600 -10.2400 3191.4668 195 168 16
395.5200 -10.2400 3191.4668 195 166 15
398.0800 -10.2400 3191.4668 194 166 14
400.2398 -10.2298 3188.2786 195 165 15
403.2000 -10.2400 3191.4668 195 165 15
-404.8980 -18.6589 4652.2837 55 66 144
-397.1140 -18.4704 4605.2910 56 66 146
-392.8531 -18.4438 4598.6553 58 67 146
-389.7258 -18.4704 4605.2910 58 68 147
-386.5896 -18.4971 4611.9463 59 70 147
-383.4443 -18.5239 4618.6206 60 69 147
-379.1908 -18.4971 4611.9463 60 68 146
-374.4092 -18.4438 4598.6553 68 73 150
-370.7205 -18.4438 4598.6553 69 76 161
-367.5613 -18.4704 4605.2910 74 82 172
-363.3430 -18.4438 4598.6553 73 79 168
-359.1367 -18.4173 4592.0386 65 72 160
-355.4532 -18.4173 4592.0386 61 69 153
-352.2767 -18.4438 4598.6553 59 68 149
-348.5879 -18.4438 4598.6553 58 65 145
-345.3969 -18.4704 4605.2910 57 65 144
-342.1966 -18.4971 4611.9463 56 64 141
-338.0087 -18.4704 4605.2910 56 65 140
-334.3146 -18.4704 4605.2910 57 64 139
-329.6691 -18.4173 4592.0386 57 63 139
-325.5173 -18.3908 4585.4409 59 63 138
-314.4828 -18.3908 4585.4409 58 64 138
-310.3587 -18.3644 4578.8618 56 63 138
-306.6858 -18.3644 4578.8618 57 64 139
-303.4483 -18.3908 4585.4409 58 64 137
-292.8346 -18.4173 4592.0386 59 65 138
-285.0575 -18.3908 4585.4409 61 66 137
-280.9756 -18.3644 4578.8618 59 65 137
-277.3027 -18.3644 4578.8618 59 65 137
-273.6299 -18.3644 4578.8618 60 65 138
-269.9570 -18.3644 4578.8618 62 65 137
-266.2841 -18.3644 4578.8618 62 66 136
-262.6112 -18.3644 4578.8618 62 68 135
-258.9383 -18.3644 4578.8618 64 68 136
-254.8997 -18.3381 4572.3018 64 67 136
-251.2321 -18.3381 4572.3018 63 68 135
-247.2103 -18.3119 4565.7607 65 69 134
-243.5479 -18.3119 4565.7607 67 70 136
-239.5429 -18.2857 4559.2383 66 70 136
-235.8857 -18.2857 4559.2383 65 70 134
-232.5608 -18.3119 4565.7607 64 67 134
-227.2727 -18.1818 4533.3335 63 66 136
-223.9545 -18.2077 4539.7822 62 67 134
-219.6880 -18.1560 4526.9033 62 67 135
-141.2100 -15.1839 3785.8442 67 68 117
-138.0095 -15.1659 3781.3586 80 76 112
-128.9100 -15.1659 3781.3586 236 217 146
-122.8436 -15.1659 3781.3586 236 216 145
-119.8104 -15.1659 3781.3586 235 216 145
-116.7773 -15.1659 3781.3586 235 216 144
-113.4752 -15.1300 3772.4194 235 216 145
-54.6882 -14.7806 3685.2964 236 216 144
-51.4943 -14.7126 3668.3525 235 216 144
-48.6076 -14.7296 3672.5740 235 216 145
-45.5568 -14.6958 3664.1409 235 216 145
-42.6177 -14.6958 3664.1409 236 216 147
-39.6330 -14.6789 3659.9390 236 217 147
-36.6973 -14.6789 3659.9390 235 217 144
-33.7615 -14.6789 3659.9390 235 215 142
-30.8257 -14.6789 3659.9390 235 213 139
-27.8899 -14.6789 3659.9390 235 213 139
-24.9541 -14.6789 3659.9390 236 214 141
-22.0184 -14.6789 3659.9390 236 215 141
-19.0389 -14.6453 3651.5637 236 214 139
-16.1098 -14.6453 3651.5637 235 213 137
-13.1657 -14.6286 3647.3906 236 215 141
-10.2400 -14.6286 3647.3906 236 216 142
-7.3143 -14.6286 3647.3906 236 215 140
-4.3836 -14.6119 3643.2268 236 214 140
-1.4595 -14.5952 3639.0728 236 214 140
1.4562 -14.5620 3630.7927 236 214 138
4.3587 -14.5289 3622.5503 235 214 137
7.2480 -14.4960 3614.3452 236 215 136
10.1129 -14.4470 3602.1069 234 212 133
12.9730 -14.4144 3593.9941 235 212 131
15.8202 -14.3820 3585.9177 235 213 131
18.6756 -14.3659 3581.8931 236 213 133
21.5006 -14.3337 3573.8708 236 214 132
24.3400 -14.3177 3569.8733 237 214 131
27.1732 -14.3017 3565.8845 237 213 130
29.9332 -14.2539 3553.9719 237 214 129
32.7111 -14.2222 3546.0742 236 214 127
35.5556 -14.2222 3546.0742 239 215 121
38.2301 -14.1593 3530.3835 243 223 93
40.9713 -14.1280 3522.5903 248 230 67
43.7969 -14.1280 3522.5903 249 231 58
46.5198 -14.0969 3514.8313 249 232 57
49.2849 -14.0814 3510.9646 249 232 57
51.9298 -14.0351 3499.4153 249 232 58
54.6769 -14.0197 3495.5825 249 232 58
57.2926 -13.9738 3484.1340 248 232 58
59.9564 -13.9434 3476.5432 248 231 57
62.6087 -13.9130 3468.9856 248 231 57
65.3203 -13.8979 3465.2190 248 231 57
68.0999 -13.8979 3465.2190 248 231 57
70.7259 -13.8678 3457.7104 248 230 57
73.4199 -13.8528 3453.9683 248 230 57
337.6232 -12.3672 3083.5427 243 226 52
340.0966 -12.3672 3083.5427 243 226 52
340.5956 -12.2959 3065.7703 243 226 52
343.7151 -12.3195 3071.6716 242 225 51
346.5125 -12.3314 3074.6309 241 225 49
348.6429 -12.3195 3071.6716 239 222 48
351.1069 -12.3195 3071.6716 232 214 42
353.9114 -12.3314 3074.6309 220 200 32
356.7213 -12.3433 3077.5957 205 182 23
359.1900 -12.3433 3077.5957 200 175 22
362.0078 -12.3552 3080.5664 199 173 21
364.1273 -12.3433 3077.5957 199 172 20
366.2428 -12.3314 3074.6309 199 172 18
369.4209 -12.3552 3080.5664 199 172 19
390.7908 -12.8128 3194.6614 197 170 16
393.3534 -12.8128 3194.6614 196 168 16
395.9159 -12.8128 3194.6614 195 167 15
398.4785 -12.8128 3194.6614 195 165 15
401.0410 -12.8128 3194.6614 195 165 15
404.0081 -12.8257 3197.8625 195 165 15
-404.8980 -22.3907 4652.2837 57 65 146
-397.1140 -22.1645 4605.2910 58 66 147
-392.8531 -22.1326 4598.6553 59 67 147
-389.7258 -22.1645 4605.2910 59 68 147
-386.5896 -22.1965 4611.9463 61 70 148
-383.4443 -22.2287 4618.6206 60 68 147
-379.1908 -22.1965 4611.9463 60 69 146
-374.4092 -22.1326 4598.6553 69 75 151
-370.7205 -22.1326 4598.6553 71 78 160
-367.5613 -22.1645 4605.2910 74 83 172
-363.3430 -22.1326 4598.6553 71 79 168
-359.1367 -22.1007 4592.0386 65 72 158
-355.4532 -22.1007 4592.0386 60 68 151
-352.2767 -22.1326 4598.6553 61 67 148
-348.0864 -22.1007 4592.0386 58 65 144
-345.3969 -22.1645 4605.2910 57 65 142
-341.7027 -22.1645 4605.2910 57 65 139
-337.5216 -22.1326 4598.6553 56 64 138
-333.3525 -22.1007 4592.0386 58 63 138
-329.1954 -22.0690 4585.4409 59 63 138
-324.5845 -22.0057 4572.3018 60 64 138
-309.9141 -22.0057 4572.3018 58 65 139
-306.2464 -22.0057 4572.3018 59 65 139
-284.6485 -22.0373 4578.8618 61 65 137
-280.9756 -22.0373 4578.8618 61 65 138
-276.9055 -22.0057 4572.3018 60 64 136
-273.2378 -22.0057 4572.3018 62 65 137
-269.5702 -22.0057 4572.3018 62 66 136
-266.2841 -22.0373 4578.8618 63 67 137
-262.6112 -22.0373 4578.8618 63 67 136
-258.9383 -22.0373 4578.8618 63 67 136
-254.8997 -22.0057 4572.3018 64 67 136
-251.2321 -22.0057 4572.3018 62 68 135
-246.8572 -21.9429 4559.2383 65 70 135
-243.5479 -21.9743 4565.7607 65 70 134
-239.5429 -21.9429 4559.2383 66 70 134
-235.5492 -21.9116 4552.7344 65 69 134
-232.5608 -21.9743 4565.7607 63 67 135
-227.2727 -21.8182 4533.3335 62 67 136
-223.9545 -21.8492 4539.7822 63 67 133
-220.0000 -21.8182 4533.3335 63 67 133
-150.4988 -18.2423 3790.3406 76 77 127
-141.2100 -18.2206 3785.8442 69 68 115
-138.0095 -18.1991 3781.3586 77 74 111
-128.9100 -18.1991 3781.3586 236 218 147
-125.8768 -18.1991 3781.3586 236 217 144
-122.8436 -18.1991 3781.3586 236 216 145
-119.8104 -18.1991 3781.3586 236 216 145
-116.7773 -18.1991 3781.3586 236 216 145
-113.4752 -18.1560 3772.4194 236 216 146
-54.6882 -17.7367 3685.2964 236 216 144
-51.4943 -17.6552 3668.3525 236 216 144
-48.6076 -17.6755 3672.5740 235 215 144
-45.5568 -17.6349 3664.1409 235 215 144
-42.6177 -17.6349 3664.1409 236 216 145
-39.6330 -17.6147 3659.9390 236 217 145
-36.6973 -17.6147 3659.9390 235 217 143
-33.7615 -17.6147 3659.9390 235 215 142
-30.8257 -17.6147 3659.9390 236 214 140
-27.8899 -17.6147 3659.9390 236 214 138
-24.9541 -17.6147 3659.9390 237 215 140
-22.0184 -17.6147 3659.9390 236 215 141
-19.0607 -17.5945 3655.7466 236 214 139
-16.1098 -17.5744 3651.5637 235 213 137
-13.1808 -17.5744 3651.5637 236 215 140
-10.2400 -17.5543 3647.3906 235 215 141
-7.3143 -17.5543 3647.3906 236 215 141
-4.3836 -17.5342 3643.2268 237 215 141
-1.4595 -17.5143 3639.0728 236 215 140
1.4579 -17.4943 3634.9280 236 214 138
4.3686 -17.4744 3630.7927 235 214 137
7.2562 -17.4150 3618.4431 235 214 137
10.1243 -17.3559 3606.1770 236 213 136
12.9876 -17.3168 3598.0459 235 213 133
15.8380 -17.2778 3589.9514 235 213 131
18.6756 -17.2391 3581.8931 236 214 130
21.5006 -17.2004 3573.8708 236 214 130
24.3128 -17.1620 3565.8845 237 214 130
27.1429 -17.1429 3561.9048 236 214 127
29.8667 -17.0667 3546.0742 237 213 125
32.6748 -17.0477 3542.1384 238 215 120
35.5161 -17.0477 3542.1384 244 222 98
38.1878 -16.9724 3526.4827 248 230 66
40.9713 -16.9536 3522.5903 249 231 58
43.7969 -16.9536 3522.5903 249 232 57
46.4687 -16.8977 3510.9646 249 232 59
49.2308 -16.8791 3507.1062 249 231 58
51.9298 -16.8421 3499.4153 249 232 58
54.6769 -16.8237 3495.5825 249 232 58
57.2926 -16.7686 3484.1340 248 232 58
60.0218 -16.7503 3480.3345 248 232 58
62.6768 -16.7138 3472.7603 248 231 57
337.6232 -14.8406 3083.5427 242 225 51
340.0966 -14.8406 3083.5427 243 226 52
340.5956 -14.7550 3065.7703 243 226 52
343.7151 -14.7834 3071.6716 242 226 51
346.5125 -14.7977 3074.6309 241 225 50
348.6429 -14.7834 3071.6716 239 222 48
351.1069 -14.7834 3071.6716 231 214 41
353.9114 -14.7977 3074.6309 220 200 32
356.7213 -14.8120 3077.5957 206 182 24
359.1900 -14.8120 3077.5957 200 175 22
362.0078 -14.8263 3080.5664 200 173 21
364.4788 -14.8263 3080.5664 199 173 19
366.2428 -14.7977 3074.6309 198 173 18
369.4209 -14.8263 3080.5664 199 173 18
391.1824 -15.3908 3197.8625 197 169 16
393.7475 -15.3908 3197.8625 196 168 16
395.9159 -15.3754 3194.6614 196 167 15
398.8778 -15.3908 3197.8625 195 165 14
401.4429 -15.3908 3197.8625 195 165 15
404.8193 -15.4217 3204.2839 195 165 15
-404.3086 -26.0844 4645.5122 56 66 145
-396.5418 -25.8213 4598.6553 57 66 146
-392.8531 -25.8213 4598.6553 57 66 146
-389.7258 -25.8586 4605.2910 58 67 147
-386.5896 -25.8960 4611.9463 60 70 149
-382.8902 -25.8960 4611.9463 60 68 147
-379.1908 -25.8960 4611.9463 61 68 145
-374.4092 -25.8213 4598.6553 69 76 151
-370.1871 -25.7842 4592.0386 71 80 162
-367.0317 -25.8213 4598.6553 72 84 172
-362.8202 -25.7842 4592.0386 69 79 166
-359.1367 -25.7842 4592.0386 63 71 158
-355.4532 -25.7842 4592.0386 58 67 150
-352.2767 -25.8213 4598.6553 58 67 147
-348.0864 -25.7842 4592.0386 56 65 144
-344.8992 -25.8213 4598.6553 56 65 142
-341.2104 -25.8213 4598.6553 56 64 139
-337.0360 -25.7842 4592.0386 56 64 138
-332.8736 -25.7471 4585.4409 57 63 138
-328.2521 -25.6734 4572.3018 57 63 137
-324.1202 -25.6366 4565.7607 58 63 136
-309.9141 -25.6734 4572.3018 58 64 138
-305.8083 -25.6366 4565.7607 59 65 139
-280.9756 -25.7102 4578.8618 61 65 137
-276.9055 -25.6734 4572.3018 61 65 135
-273.2378 -25.6734 4572.3018 64 68 137
-269.9570 -25.7102 4578.8618 63 66 136
-266.2841 -25.7102 4578.8618 62 66 135
-262.2350 -25.6734 4572.3018 62 65 137
-258.5674 -25.6734 4572.3018 62 66 136
-254.8997 -25.6734 4572.3018 62 68 136
-251.2321 -25.6734 4572.3018 64 68 136
-246.8572 -25.6000 4559.2383 65 70 136
-243.2000 -25.6000 4559.2383 65 70 134
-239.5429 -25.6000 4559.2383 66 71 134
-235.5492 -25.5635 4552.7344 64 68 134
-232.5608 -25.6366 4565.7607 61 67 135
-227.5960 -25.4908 4539.7822 61 67 135
-223.9545 -25.4908 4539.7822 64 67 135
-220.0000 -25.4545 4533.3335 64 68 134
-216.6714 -25.4908 4539.7822 66 71 135
-150.6778 -21.3080 3794.8474 68 70 126
-141.3777 -21.2827 3790.3406 66 66 115
-138.1732 -21.2574 3785.8442 71 69 111
-135.1364 -21.2574 3785.8442 178 164 143
-132.0996 -21.2574 3785.8442 236 217 152
-129.0629 -21.2574 3785.8442 236 218 147
-126.0261 -21.2574 3785.8442 236 216 144
-122.9893 -21.2574 3785.8442 236 216 146
-119.8104 -21.2322 3781.3586 236 216 145
-116.7773 -21.2322 3781.3586 236 216 145
-113.4752 -21.1820 3772.4194 235 216 145
-110.3188 -21.1570 3767.9656 235 216 144
-54.7514 -20.7168 3689.5569 235 216 144
-51.4943 -20.5977 3668.3525 235 216 144
-48.5517 -20.5977 3668.3525 235 215 144
-45.5568 -20.5741 3664.1409 235 215 143
-42.6177 -20.5741 3664.1409 236 216 144
-39.6330 -20.5505 3659.9390 237 217 145
-36.6973 -20.5505 3659.9390 236 216 143
-33.7615 -20.5505 3659.9390 235 215 142
-30.8257 -20.5505 3659.9390 234 213 138
-27.9219 -20.5741 3664.1409 235 213 137
-24.9828 -20.5741 3664.1409 237 215 140
-22.0184 -20.5505 3659.9390 236 215 141
-19.0607 -20.5269 3655.7466 237 215 140
-16.1283 -20.5269 3655.7466 234 212 136
-13.1808 -20.5034 3651.5637 235 214 139
-10.2517 -20.5034 3651.5637 235 215 140
-7.3227 -20.5034 3651.5637 235 215 140
-4.3886 -20.4800 3647.3906 236 214 139
-1.4612 -20.4566 3643.2268 236 214 138
1.4595 -20.4333 3639.0728 236 214 138
4.3686 -20.3868 3630.7927 235 214 137
7.2562 -20.3175 3618.4431 235 213 135
10.1243 -20.2486 3606.1770 235 213 131
12.9730 -20.1802 3593.9941 236 213 129
15.8202 -20.1348 3585.9177 236 213 129
18.6756 -20.1122 3581.8931 236 213 131
21.4765 -20.0447 3569.8733 236 213 130
24.2857 -20.0000 3561.9048 236 214 128
27.1126 -19.9777 3557.9338 236 213 127
29.8667 -19.9111 3546.0742 238 215 120
32.6748 -19.8890 3542.1384 244 222 98
35.4767 -19.8670 3538.2114 248 231 70
38.1878 -19.8011 3526.4827 249 231 59
40.9713 -19.7793 3522.5903 249 232 57
43.7969 -19.7793 3522.5903 249 231 58
46.5198 -19.7357 3514.8313 249 232 58
49.2308 -19.6923 3507.1062 249 231 57
51.8730 -19.6276 3495.5825 249 232 57
54.6171 -19.6061 3491.7578 248 232 58
337.6232 -17.3140 3083.5427 242 225 51
340.0966 -17.3140 3083.5427 243 226 51
340.5956 -17.2142 3065.7703 243 226 51
344.0463 -17.2640 3074.6309 243 226 51
346.5125 -17.2640 3074.6309 242 225 50
348.9789 -17.2640 3074.6309 239 222 49
351.1069 -17.2474 3071.6716 231 214 40
353.9114 -17.2640 3074.6309 219 200 31
356.3777 -17.2640 3074.6309 206 182 24
359.1900 -17.2806 3077.5957 200 175 21
362.0078 -17.2973 3080.5664 199 173 20
364.4788 -17.2973 3080.5664 199 173 19
366.2428 -17.2640 3074.6309 198 173 17
369.4209 -17.2973 3080.5664 199 172 18
391.5748 -17.9739 3201.0701 197 169 17
394.1425 -17.9739 3201.0701 195 168 16
396.7101 -17.9739 3201.0701 195 167 15
399.2779 -17.9739 3201.0701 195 165 14
401.8456 -17.9739 3201.0701 195 165 15
405.6338 -18.0282 3210.7312 195 165 15
-404.3086 -29.8108 4645.5122 57 65 144
-396.5418 -29.5101 4598.6553 57 65 146
-392.8531 -29.5101 4598.6553 57 66 147
-389.7258 -29.5527 4605.2910 57 66 148
-386.5896 -29.5954 4611.9463 60 69 149
-382.8902 -29.5954 4611.9463 59 69 147
-378.6436 -29.5527 4605.2910 61 69 146
-373.8705 -29.4676 4592.0386 69 75 152
-370.1871 -29.4676 4592.0386 72 80 165
-367.0317 -29.5101 4598.6553 73 85 172
-362.8202 -29.4676 4592.0386 69 79 165
-359.1367 -29.4676 4592.0386 64 72 157
-355.4532 -29.4676 4592.0386 59 67 151
-351.7698 -29.4676 4592.0386 58 66 146
-348.0864 -29.4676 4592.0386 58 65 143
-344.8992 -29.5101 4598.6553 57 65 142
-341.2104 -29.5101 4598.6553 56 64 139
-336.5518 -29.4253 4585.4409 56 64 139
-332.3960 -29.3831 4578.8618 56 63 138
-328.2521 -29.3410 4572.3018 57 63 138
-323.6572 -29.2571 4559.2383 58 63 137
-319.5435 -29.2154 4552.7344 56 63 138
-280.9756 -29.3831 4578.8618 59 65 136
-277.3027 -29.3831 4578.8618 60 64 137
-273.6299 -29.3831 4578.8618 60 64 136
-269.9570 -29.3831 4578.8618 62 66 136
-266.2841 -29.3831 4578.8618 60 66 136
-262.2350 -29.3410 4572.3018 63 67 138
-258.5674 -29.3410 4572.3018 65 67 135
-254.8997 -29.3410 4572.3018 67 70 134
-251.2321 -29.3410 4572.3018 69 72 135
-246.8572 -29.2571 4559.2383 69 72 136
-243.5479 -29.2990 4565.7607 68 72 135
-239.2012 -29.2154 4552.7344 68 72 135
-235.2137 -29.1738 4546.2490 64 68 133
-232.2286 -29.2571 4559.2383 62 67 134
-227.5960 -29.1323 4539.7822 62 67 135
-224.2735 -29.1738 4546.2490 63 68 135
-220.3130 -29.1323 4539.7822 63 69 132
-216.9801 -29.1738 4546.2490 65 69 133
-150.8571 -24.3810 3799.3652 66 69 125
-141.3777 -24.3230 3790.3406 66 65 121
-138.1732 -24.2942 3785.8442 71 67 114
-135.1364 -24.2942 3785.8442 169 155 141
-132.2565 -24.3230 3790.3406 235 216 153
-129.2162 -24.3230 3790.3406 236 217 148
-126.1758 -24.3230 3790.3406 236 217 145
-123.1354 -24.3230 3790.3406 235 216 145
-119.9526 -24.2942 3785.8442 236 216 145
-116.9158 -24.2942 3785.8442 236 216 145
-113.6095 -24.2367 3776.8838 235 216 145
-110.4492 -24.2080 3772.4194 235 217 145
-54.7514 -23.6763 3689.5569 235 216 143
-51.4943 -23.5402 3668.3525 235 216 143
-48.5517 -23.5402 3668.3525 235 215 143
-45.5568 -23.5132 3664.1409 236 216 143
-42.6177 -23.5132 3664.1409 236 216 144
-39.6785 -23.5132 3664.1409 237 217 145
-36.6973 -23.4862 3659.9390 236 216 143
-33.8002 -23.5132 3664.1409 235 215 141
-30.8611 -23.5132 3664.1409 234 213 139
-27.9219 -23.5132 3664.1409 235 213 137
-24.9828 -23.5132 3664.1409 237 215 140
-22.0184 -23.4862 3659.9390 237 215 140
-19.0607 -23.4593 3655.7466 236 214 140
-16.1283 -23.4593 3655.7466 234 212 134
-13.1959 -23.4593 3655.7466 235 214 137
-10.2517 -23.4325 3651.5637 235 215 140
-7.3227 -23.4325 3651.5637 236 214 138
-4.3886 -23.4057 3647.3906 236 214 138
-1.4612 -23.3790 3643.2268 236 214 137
1.4595 -23.3523 3639.0728 236 214 136
4.3686 -23.2992 3630.7927 236 214 134
7.2562 -23.2200 3618.4431 235 212 132
10.1129 -23.1151 3602.1069 235 212 130
12.9584 -23.0371 3589.9514 235 213 129
15.8202 -23.0112 3585.9177 235 213 129
18.6547 -22.9596 3577.8774 236 213 129
21.4286 -22.8571 3561.9048 237 213 129
24.2586 -22.8317 3557.9338 238 213 126
27.0523 -22.7809 3550.0186 238 214 121
29.8335 -22.7303 3542.1384 243 221 101
32.6386 -22.7051 3538.2114 248 231 70
35.4767 -22.7051 3538.2114 249 232 59
38.1878 -22.6298 3526.4827 248 232 58
40.9261 -22.5799 3518.7065 248 232 57
43.7969 -22.6049 3522.5903 249 231 57
46.5198 -22.5551 3514.8313 248 231 57
49.2308 -22.5055 3507.1062 249 231 57
337.2973 -19.7683 3080.5664 243 226 52
339.7684 -19.7683 3080.5664 243 226 51
340.9231 -19.6923 3068.7180 243 225 52
343.7151 -19.7113 3071.6716 243 225 51
346.1790 -19.7113 3071.6716 242 225 49
348.6429 -19.7113 3071.6716 239 221 48
351.1069 -19.7113 3071.6716 232 214 42
353.9114 -19.7303 3074.6309 220 200 32
356.3777 -19.7303 3074.6309 206 182 23
358.8440 -19.7303 3074.6309 200 175 21
362.0078 -19.7683 3080.5664 199 173 19
364.4788 -19.7683 3080.5664 198 172 17
366.2428 -19.7303 3074.6309 198 172 18
369.4209 -19.7683 3080.5664 199 172 18
391.9679 -20.5623 3204.2839 197 170 16
394.9347 -20.5829 3207.5042 195 168 16
397.1085 -20.5623 3204.2839 195 167 15
400.0804 -20.5829 3207.5042 194 166 15
402.6533 -20.5829 3207.5042 194 165 13
406.8618 -20.6660 3220.4509 194 165 13
-403.7209 -33.4884 4638.7598 57 65 145
-395.9713 -33.1511 4592.0386 57 65 146
-392.8531 -33.1988 4598.6553 57 65 146
-389.7258 -33.2468 4605.2910 58 66 148
-386.5896 -33.2948 4611.9463 59 68 148
-382.8902 -33.2948 4611.9463 59 68 148
-378.6436 -33.2468 4605.2910 62 70 148
-373.8705 -33.1511 4592.0386 70 76 152
-370.1871 -33.1511 4592.0386 73 81 167
-367.0317 -33.1988 4598.6553 74 85 172
-362.8202 -33.1511 4592.0386 70 78 164
-358.6207 -33.1035 4585.4409 65 71 156
-355.4532 -33.1511 4592.0386 60 68 151
-351.7698 -33.1511 4592.0386 58 66 146
-348.0864 -33.1511 4592.0386 58 65 143
-344.8992 -33.1988 4598.6553 58 65 141
-341.2104 -33.1988 4598.6553 57 64 140
-336.5518 -33.1035 4585.4409 56 64 139
-332.3960 -33.0560 4578.8618 56 64 139
-328.2521 -33.0086 4572.3018 57 64 139
-323.6572 -32.9143 4559.2383 56 64 138
-319.5435 -32.8673 4552.7344 56 63 138
-281.3793 -33.1035 4585.4409 58 64 137
-277.7012 -33.1035 4585.4409 59 64 137
-273.6299 -33.0560 4578.8618 59 64 136
-269.9570 -33.0560 4578.8618 60 65 135
-266.6667 -33.1035 4585.4409 59 66 136
-262.6112 -33.0560 4578.8618 61 67 137
-258.9383 -33.0560 4578.8618 63 68 134
-254.8997 -33.0086 4572.3018 68 72 135
-251.2321 -33.0086 4572.3018 68 73 136
-247.2103 -32.9614 4565.7607 68 73 135
-243.5479 -32.9614 4565.7607 67 73 135
-239.5429 -32.9143 4559.2383 65 70 133
-235.5492 -32.8673 4552.7344 63 68 134
-232.2286 -32.9143 4559.2383 61 66 134
-227.5960 -32.7738 4539.7822 61 67 134
-224.2735 -32.8205 4546.2490 63 69 134
-220.3130 -32.7738 4539.7822 63 69 133
-216.9801 -32.8205 4546.2490 64 69 134
-153.9048 -27.4286 3799.3652 72 74 129
-150.8571 -27.4286 3799.3652 70 71 128
-141.5458 -27.3960 3794.8474 66 66 121
-138.3373 -27.3634 3790.3406 70 67 114
-135.2969 -27.3634 3790.3406 156 144 136
-132.2565 -27.3634 3790.3406 233 216 153
-129.2162 -27.3634 3790.3406 236 217 148
-126.3258 -27.3960 3794.8474 236 216 145
-123.1354 -27.3634 3790.3406 236 216 145
-119.9526 -27.3310 3785.8442 236 216 145
-117.0546 -27.3634 3790.3406 236 216 145
-113.7441 -27.2986 3781.3586 235 216 145
-110.5799 -27.2663 3776.8838 236 216 146
-54.8148 -26.6667 3693.8271 236 216 144
-51.4943 -26.4828 3668.3525 236 216 143
-48.6076 -26.5132 3672.5740 236 215 142
-45.5568 -26.4524 3664.1409 236 216 143
-42.6177 -26.4524 3664.1409 236 216 145
-39.6785 -26.4524 3664.1409 237 217 145
-36.7394 -26.4524 3664.1409 237 216 143
-33.8002 -26.4524 3664.1409 237 215 141
-30.8611 -26.4524 3664.1409 235 213 138
-27.9219 -26.4524 3664.1409 235 213 137
-24.9828 -26.4524 3664.1409 236 214 140
-22.0436 -26.4524 3664.1409 235 215 139
-19.0826 -26.4220 3659.9390 236 214 140
-16.1468 -26.4220 3659.9390 235 212 135
-13.1959 -26.3918 3655.7466 235 213 137
-10.2517 -26.3616 3651.5637 236 214 138
-7.3227 -26.3616 3651.5637 236 214 137
-4.3886 -26.3314 3647.3906 236 215 136
-1.4629 -26.3314 3647.3906 236 214 136
1.4595 -26.2714 3639.0728 236 214 134
4.3686 -26.2116 3630.7927 236 213 133
7.2645 -26.1521 3622.5503 236 213 133
10.1129 -26.0045 3602.1069 236 213 132
12.9584 -25.9168 3589.9514 236 213 131
15.8025 -25.8586 3581.8931 236 213 129
18.6130 -25.7718 3569.8733 236 214 128
21.3808 -25.6570 3553.9719 237 213 127
24.2047 -25.6285 3550.0186 238 214 122
27.0222 -25.6000 3546.0742 242 220 103
29.8004 -25.5432 3538.2114 249 230 73
32.6024 -25.5150 3534.2932 249 232 61
35.4767 -25.5432 3538.2114 248 231 58
38.1878 -25.4586 3526.4827 248 231 58
40.9261 -25.4024 3518.7065 249 231 59
43.7486 -25.4024 3518.7065 249 231 59
46.5198 -25.3745 3514.8313 249 231 58
49.2308 -25.3187 3507.1062 249 231 58
337.2973 -22.2394 3080.5664 243 226 52
339.7684 -22.2394 3080.5664 243 226 51
340.5956 -22.1326 3065.7703 243 225 50
343.7151 -22.1752 3071.6716 244 225 51
346.1790 -22.1752 3071.6716 242 225 50
348.3077 -22.1538 3068.7180 239 221 48
350.7693 -22.1538 3068.7180 232 214 42
353.5708 -22.1752 3071.6716 220 199 31
356.0347 -22.1752 3071.6716 206 182 22
358.8440 -22.1965 3074.6309 200 174 20
362.0078 -22.2394 3080.5664 199 172 19
364.4788 -22.2394 3080.5664 198 172 18
366.5960 -22.2179 3077.5957 198 172 18
391.9679 -23.1325 3204.2839 197 170 17
395.7301 -23.2024 3213.9646 196 168 17
398.3082 -23.2024 3213.9646 195 166 16
400.8862 -23.2024 3213.9646 194 166 14
403.4643 -23.2024 3213.9646 193 165 13
407.6845 -23.2963 3226.9634 193 166 13
-402.5507 -37.1015 4625.3140 57 65 145
-395.9713 -36.8345 4592.0386 58 65 146
-392.2878 -36.8345 4592.0386 57 65 146
-389.7258 -36.9408 4605.2910 57 66 147
-386.0318 -36.9408 4605.2910 59 68 148
-382.8902 -36.9942 4611.9463 59 68 147
-378.6436 -36.9408 4605.2910 63 71 148
-373.8705 -36.8345 4592.0386 69 77 153
-369.6552 -36.7816 4585.4409 74 84 169
-366.5036 -36.8345 4592.0386 76 87 173
-362.2989 -36.7816 4585.4409 69 77 164
-358.6207 -36.7816 4585.4409 63 70 157
-354.9426 -36.7816 4585.4409 60 68 152
-351.7698 -36.8345 4592.0386 58 66 148
-348.0864 -36.8345 4592.0386 58 65 144
-344.8992 -36.8876 4598.6553 57 64 141
-341.2104 -36.8876 4598.6553 57 64 140
-336.5518 -36.7816 4585.4409 57 63 139
-332.3960 -36.7288 4578.8618 58 63 139
-328.2521 -36.6762 4572.3018 60 65 139
-324.1202 -36.6238 4565.7607 58 64 138
-320.0000 -36.5714 4559.2383 58 64 138
-289.1511 -36.8345 4592.0386 58 64 137
-285.4677 -36.8345 4592.0386 58 64 138
-281.7842 -36.8345 4592.0386 58 65 138
-277.7012 -36.7816 4585.4409 60 66 137
-274.0230 -36.7816 4585.4409 60 66 136
-269.9570 -36.7288 4578.8618 60 65 136
-266.6667 -36.7816 4585.4409 60 67 136
-262.6112 -36.7288 4578.8618 61 67 136
-258.9383 -36.7288 4578.8618 63 67 133
-254.8997 -36.6762 4572.3018 67 70 135
-251.5925 -36.7288 4578.8618 69 72 135
-247.2103 -36.6238 4565.7607 67 71 134
-243.8969 -36.6762 4572.3018 67 73 135
-239.5429 -36.5714 4559.2383 63 69 133
-235.5492 -36.5193 4552.7344 64 68 135
-232.5608 -36.6238 4565.7607 64 68 136
-227.9202 -36.4672 4546.2490 64 68 135
-224.2735 -36.4672 4546.2490 64 67 135
-220.3130 -36.4154 4539.7822 64 68 134
-153.9048 -30.4762 3799.3652 66 69 129
-150.8571 -30.4762 3799.3652 65 68 127
-141.5458 -30.4400 3794.8474 65 65 120
-138.3373 -30.4038 3790.3406 67 66 114
-135.2969 -30.4038 3790.3406 142 133 131
-132.4138 -30.4400 3794.8474 232 215 154
-129.3698 -30.4400 3794.8474 237 217 148
-126.3258 -30.4400 3794.8474 236 216 146
-123.2818 -30.4400 3794.8474 236 216 145
-119.9526 -30.3677 3785.8442 236 216 145
-117.1938 -30.4400 3794.8474 236 216 146
-113.8790 -30.3677 3785.8442 236 216 146
-110.7109 -30.3318 3781.3586 236 216 146
-54.9420 -29.6984 3702.3977 236 216 143
-51.6129 -29.4931 3676.8049 235 215 143
-48.6076 -29.4591 3672.5740 235 215 142
-45.6092 -29.4253 3668.3525 235 215 142
-42.6667 -29.4253 3668.3525 236 216 144
-39.7241 -29.4253 3668.3525 236 216 144
-36.7394 -29.3915 3664.1409 237 216 143
-33.8391 -29.4253 3668.3525 236 216 143
-30.8966 -29.4253 3668.3525 235 214 139
-27.9540 -29.4253 3668.3525 235 213 136
-25.0115 -29.4253 3668.3525 235 215 139
-22.0436 -29.3915 3664.1409 235 215 139
-19.1045 -29.3915 3664.1409 236 215 139
-16.1468 -29.3578 3659.9390 235 213 136
-13.1959 -29.3242 3655.7466 235 212 135
-10.2635 -29.3242 3655.7466 235 213 137
-7.3310 -29.3242 3655.7466 236 214 137
-4.3936 -29.2906 3651.5637 236 214 136
-1.4629 -29.2571 3647.3906 236 214 135
1.4612 -29.2237 3643.2268 236 213 134
4.3686 -29.1240 3630.7927 236 213 132
7.2562 -29.0249 3618.4431 236 213 131
10.1015 -28.8613 3598.0459 236 213 131
12.9438 -28.7640 3585.9177 236 214 129
15.7848 -28.6996 3577.8774 236 213 128
18.5922 -28.6034 3565.8845 236 214 126
21.3571 -28.4761 3550.0186 237 215 123
24.1778 -28.4444 3546.0742 241 220 105
26.9922 -28.4129 3542.1384 247 229 73
29.7674 -28.3499 3534.2932 249 231 60
32.6024 -28.3499 3534.2932 248 232 57
35.4374 -28.3499 3534.2932 249 232 58
38.1457 -28.2561 3522.5903 248 231 58
40.7912 -28.1319 3507.1062 249 231 58
43.6524 -28.1628 3510.9646 249 231 58
46.4687 -28.1628 3510.9646 248 231 58
337.2973 -24.7104 3080.5664 243 226 50
339.7684 -24.7104 3080.5664 243 226 50
340.5956 -24.5917 3065.7703 243 226 51
343.7151 -24.6391 3071.6716 242 225 51
346.1790 -24.6391 3071.6716 241 224 50
348.3077 -24.6154 3068.7180 239 221 48
350.7693 -24.6154 3068.7180 231 214 41
353.5708 -24.6391 3071.6716 220 199 32
356.0347 -24.6391 3071.6716 206 182 22
358.8440 -24.6628 3074.6309 201 175 20
362.0078 -24.7104 3080.5664 199 172 19
364.4788 -24.7104 3080.5664 199 172 19
366.5960 -24.6866 3077.5957 198 172 18
389.3976 -25.7028 3204.2839 198 171 17
392.3618 -25.7286 3207.5042 196 169 17
396.1291 -25.8065 3217.2043 195 168 17
399.1120 -25.8325 3220.4509 194 167 15
401.6953 -25.8325 3220.4509 194 166 15
404.2785 -25.8325 3220.4509 195 165 14
408.0972 -25.9109 3230.2295 195 165 14
411.1044 -25.9372 3233.5022 194 164 14
-402.5507 -40.8116 4625.3140 57 65 145
-395.9713 -40.5180 4592.0386 57 65 146
-392.2878 -40.5180 4592.0386 58 66 146
-389.7258 -40.6349 4605.2910 57 67 148
-386.0318 -40.6349 4605.2910 57 67 148
-382.8902 -40.6936 4611.9463 57 67 147
-378.6436 -40.6349 4605.2910 63 71 149
-373.8705 -40.5180 4592.0386 67 75 155
-369.6552 -40.4598 4585.4409 73 85 171
-366.5036 -40.5180 4592.0386 76 88 173
-362.2989 -40.4598 4585.4409 68 77 164
-358.6207 -40.4598 4585.4409 64 71 158
-354.9426 -40.4598 4585.4409 61 69 152
-351.7698 -40.5180 4592.0386 59 67 147
-348.0864 -40.5180 4592.0386 58 66 144
-344.8992 -40.5764 4598.6553 58 65 140
-341.2104 -40.5764 4598.6553 57 64 138
-336.5518 -40.4598 4585.4409 56 64 139
-332.3960 -40.4017 4578.8618 57 64 141
-328.2521 -40.3438 4572.3018 57 63 138
-324.1202 -40.2861 4565.7607 56 63 139
-320.0000 -40.2286 4559.2383 56 64 139
-288.7357 -40.4598 4585.4409 58 64 137
-285.0575 -40.4598 4585.4409 57 63 137
-281.3793 -40.4598 4585.4409 59 64 138
-277.3027 -40.4017 4578.8618 61 66 138
-273.6299 -40.4017 4578.8618 62 67 138
-269.5702 -40.3438 4572.3018 63 67 138
-266.2841 -40.4017 4578.8618 63 67 139
-262.2350 -40.3438 4572.3018 63 67 137
-258.5674 -40.3438 4572.3018 65 69 136
-254.8997 -40.3438 4572.3018 67 71 136
-251.2321 -40.3438 4572.3018 68 74 135
-247.5645 -40.3438 4572.3018 68 72 134
-243.8969 -40.3438 4572.3018 68 72 135
-239.5429 -40.2286 4559.2383 66 70 134
-235.5492 -40.1712 4552.7344 65 68 135
-232.5608 -40.2861 4565.7607 64 67 135
-227.9202 -40.1140 4546.2490 64 67 136
-224.5934 -40.1712 4552.7344 63 66 134
-220.6268 -40.1140 4546.2490 64 69 134
-153.9048 -33.5238 3799.3652 64 70 128
-150.8571 -33.5238 3799.3652 63 68 127
-147.9857 -33.5638 3803.8936 63 67 125
-144.7619 -33.5238 3799.3652 64 66 123
-141.5458 -33.4839 3794.8474 65 65 122
-138.5018 -33.4839 3794.8474 67 65 117
-135.4578 -33.4839 3794.8474 130 120 126
-132.4138 -33.4839 3794.8474 232 214 156
-129.3698 -33.4839 3794.8474 237 218 147
-126.4762 -33.5238 3799.3652 236 216 145
-123.2818 -33.4839 3794.8474 236 216 145
-120.0950 -33.4442 3790.3406 236 216 146
-117.1938 -33.4839 3794.8474 236 216 145
-114.0143 -33.4442 3790.3406 236 216 145
-110.8422 -33.4045 3785.8442 236 216 144
-55.0698 -32.7442 3711.0078 236 216 144
-51.6724 -32.4798 3681.0459 235 215 143
-48.6636 -32.4424 3676.8049 235 215 142
-45.6617 -32.4051 3672.5740 235 216 142
-42.7158 -32.4051 3672.5740 236 216 144
-39.7241 -32.3678 3668.3525 237 217 145
-36.7816 -32.3678 3668.3525 237 216 143
-33.8391 -32.3678 3668.3525 236 215 142
-30.9321 -32.4051 3672.5740 235 214 139
-27.9540 -32.3678 3668.3525 234 212 135
-25.0403 -32.4051 3672.5740 236 214 137
-22.0690 -32.3678 3668.3525 236 215 138
-19.1045 -32.3307 3664.1409 236 215 136
-16.1653 -32.3307 3664.1409 235 213 135
-13.2110 -32.2936 3659.9390 235 213 134
-10.2635 -32.2566 3655.7466 236 214 136
-7.3310 -32.2566 3655.7466 236 214 136
-4.3936 -32.2197 3651.5637 236 214 136
-1.4645 -32.2197 3651.5637 236 214 135
1.4612 -32.1461 3643.2268 236 213 133
4.3686 -32.0364 3630.7927 236 214 130
7.2562 -31.9274 3618.4431 236 214 129
10.1015 -31.7475 3598.0459 236 213 131
12.9293 -31.6049 3581.8931 237 214 129
15.7494 -31.4989 3569.8733 237 213 124
18.5714 -31.4286 3561.9048 238 215 122
21.3333 -31.2889 3546.0742 242 220 102
24.1509 -31.2542 3542.1384 248 230 72
26.9623 -31.2195 3538.2114 249 232 60
29.7345 -31.1504 3530.3835 249 232 58
32.5664 -31.1504 3530.3835 249 232 58
35.3982 -31.1504 3530.3835 249 232 58
38.1036 -31.0474 3518.7065 249 232 58
40.7018 -30.8772 3499.4153 249 232 58
43.6044 -30.9451 3507.1062 249 232 58
337.6232 -27.2077 3083.5427 243 226 50
340.0966 -27.2077 3083.5427 243 226 51
340.9231 -27.0769 3068.7180 243 226 51
344.0463 -27.1291 3074.6309 243 226 51
346.1790 -27.1030 3071.6716 241 224 51
348.6429 -27.1030 3071.6716 239 222 48
350.7693 -27.0769 3068.7180 231 214 42
353.5708 -27.1030 3071.6716 219 199 33
356.0347 -27.1030 3071.6716 205 182 23
358.8440 -27.1291 3074.6309 200 174 20
362.0078 -27.1815 3080.5664 199 172 19
364.4788 -27.1815 3080.5664 199 172 18
366.5960 -27.1553 3077.5957 199 172 18
389.3976 -28.2731 3204.2839 198 171 18
392.3618 -28.3015 3207.5042 197 170 17
396.5288 -28.4157 3220.4509 196 168 17
399.5152 -28.4444 3223.7039 195 167 14
402.1010 -28.4444 3223.7039 195 165 14
405.0961 -28.4732 3226.9634 195 165 15
408.5107 -28.5309 3233.5022 194 164 14
411.1044 -28.5309 3233.5022 194 164 14
-401.9682 -44.4573 4618.6206 58 65 145
-395.4023 -44.1379 4585.4409 59 66 145
-392.2878 -44.2014 4592.0386 58 65 144
-389.7258 -44.3290 4605.2910 58 67 147
-386.0318 -44.3290 4605.2910 58 67 148
-382.3377 -44.3290 4605.2910 58 66 146
-378.0980 -44.2651 4598.6553 64 71 149
-373.8705 -44.2014 4592.0386 68 75 156
-370.1871 -44.2014 4592.0386 76 87 172
-366.5036 -44.2014 4592.0386 77 89 172
-362.2989 -44.1379 4585.4409 67 76 163
-358.6207 -44.1379 4585.4409 63 70 157
-354.9426 -44.1379 4585.4409 61 69 151
-351.7698 -44.2014 4592.0386 59 67 146
-348.0864 -44.2014 4592.0386 57 65 143
-344.4029 -44.2014 4592.0386 58 66 142
-340.7195 -44.2014 4592.0386 58 64 140
-336.5518 -44.1379 4585.4409 57 64 140
-331.9198 -44.0115 4572.3018 56 63 140
-327.7826 -43.9485 4565.7607 57 64 138
-323.6572 -43.8857 4559.2383 56 63 138
-320.0000 -43.8857 4559.2383 56 64 138
-317.2493 -44.0115 4572.3018 56 64 136
-288.3214 -44.0746 4578.8618 58 64 137
-284.6485 -44.0746 4578.8618 58 64 136
-280.9756 -44.0746 4578.8618 58 64 136
-277.3027 -44.0746 4578.8618 58 65 137
-273.2378 -44.0115 4572.3018 58 65 137
-269.5702 -44.0115 4572.3018 60 65 137
-265.9026 -44.0115 4572.3018 60 66 136
-262.2350 -44.0115 4572.3018 62 66 136
-258.5674 -44.0115 4572.3018 63 68 136
-254.8997 -44.0115 4572.3018 63 70 137
-251.2321 -44.0115 4572.3018 65 70 135
-247.5645 -44.0115 4572.3018 66 71 134
-243.8969 -44.0115 4572.3018 66 71 135
-239.5429 -43.8857 4559.2383 64 69 134
-235.8857 -43.8857 4559.2383 66 68 134
-232.5608 -43.9485 4565.7607 67 69 135
-228.2454 -43.8231 4552.7344 66 69 135
-224.5934 -43.8231 4552.7344 66 69 134
-220.6268 -43.7607 4546.2490 66 70 135
-153.9048 -36.5714 3799.3652 67 69 129
-150.8571 -36.5714 3799.3652 64 66 127
-147.9857 -36.6150 3803.8936 65 67 126
-144.7619 -36.5714 3799.3652 67 67 124
-141.7143 -36.5714 3799.3652 67 66 122
-138.5018 -36.5279 3794.8474 66 63 118
-135.4578 -36.5279 3794.8474 120 110 122
-132.5714 -36.5714 3799.3652 229 213 156
-129.3698 -36.5279 3794.8474 236 218 146
-126.4762 -36.5714 3799.3652 236 216 144
-123.2818 -36.5279 3794.8474 236 216 145
-120.0950 -36.4846 3790.3406 236 216 145
-117.3333 -36.5714 3799.3652 236 216 146
-114.1498 -36.5279 3794.8474 236 216 145
-110.9739 -36.4846 3790.3406 236 216 145
-55.0698 -35.7209 3711.0078 236 216 143
-51.6724 -35.4325 3681.0459 236 216 143
-48.6636 -35.3917 3676.8049 236 215 143
-45.6617 -35.3510 3672.5740 235 215 143
-42.7158 -35.3510 3672.5740 236 216 143
-39.7699 -35.3510 3672.5740 236 216 144
-36.7816 -35.3103 3668.3525 236 215 141
-33.8780 -35.3510 3672.5740 236 215 139
-30.9321 -35.3510 3672.5740 236 214 137
-27.9862 -35.3510 3672.5740 234 211 132
-25.0403 -35.3510 3672.5740 236 213 137
-22.0690 -35.3103 3668.3525 235 214 137
-19.1045 -35.2698 3664.1409 236 214 136
-16.1653 -35.2698 3664.1409 235 213 134
-13.2110 -35.2294 3659.9390 234 212 132
-10.2752 -35.2294 3659.9390 236 214 136
-7.3395 -35.2294 3659.9390 236 214 137
-4.3986 -35.1890 3655.7466 237 216 137
-1.4645 -35.1487 3651.5637 237 216 136
1.4612 -35.0685 3643.2268 235 214 131
4.3686 -34.9488 3630.7927 236 214 130
7.2645 -34.8695 3622.5503 237 215 132
10.1015 -34.6336 3598.0459 239 216 135
12.9148 -34.4395 3577.8774 237 214 129
15.7143 -34.2857 3561.9048 237 214 123
18.5301 -34.2094 3553.9719 242 222 104
21.2860 -34.0577 3538.2114 247 231 74
24.0975 -34.0199 3534.2932 249 232 60
26.9324 -34.0199 3534.2932 249 232 58
29.7017 -33.9448 3526.4827 249 232 59
32.4945 -33.9073 3522.5903 249 232 59
35.3591 -33.9448 3526.4827 248 232 58
38.0617 -33.8326 3514.8313 249 231 57
40.7018 -33.6842 3499.4153 249 231 57
43.6524 -33.7954 3510.9646 249 232 57
337.6232 -29.6812 3083.5427 243 226 51
340.0966 -29.6812 3083.5427 243 226 51
340.5956 -29.5101 3065.7703 243 226 51
343.7151 -29.5669 3071.6716 242 225 50
346.1790 -29.5669 3071.6716 242 225 50
348.6429 -29.5669 3071.6716 239 222 49
351.1069 -29.5669 3071.6716 231 213 41
353.9114 -29.5954 3074.6309 219 199 33
356.3777 -29.5954 3074.6309 205 181 22
358.8440 -29.5954 3074.6309 200 174 19
362.3575 -29.6812 3083.5427 199 172 19
364.8309 -29.6812 3083.5427 199 172 18
366.5960 -29.6239 3077.5957 198 172 17
389.3976 -30.8434 3204.2839 198 171 17
392.3618 -30.8744 3207.5042 197 170 16
396.5288 -30.9990 3220.4509 196 168 16
399.5152 -31.0303 3223.7039 196 167 14
402.1010 -31.0303 3223.7039 195 165 14
405.0961 -31.0617 3226.9634 195 165 15
408.5107 -31.1246 3233.5022 195 165 15
411.1044 -31.1246 3233.5022 193 164 14
-401.9682 -48.1621 4618.6206 58 66 146
-395.4023 -47.8161 4585.4409 57 67 146
-392.8531 -47.9539 4598.6553 57 67 146
-389.7258 -48.0231 4605.2910 58 67 147
-385.4755 -47.9539 4598.6553 59 67 146
-382.3377 -48.0231 4605.2910 59 67 147
-378.0980 -47.9539 4598.6553 66 72 150
-373.3334 -47.8161 4585.4409 70 76 158
-370.1871 -47.8849 4592.0386 76 87 172
-366.5036 -47.8849 4592.0386 76 88 172
-362.2989 -47.8161 4585.4409 67 76 163
-358.6207 -47.8161 4585.4409 63 70 156
-354.9426 -47.8161 4585.4409 60 68 151
-351.2644 -47.8161 4585.4409 58 67 146
-347.5862 -47.8161 4585.4409 57 66 143
-343.9081 -47.8161 4585.4409 58 65 140
-340.2299 -47.8161 4585.4409 58 64 140
-336.0689 -47.7475 4578.8618 57 64 140
-331.4449 -47.6109 4565.7607 56 63 138
-327.3143 -47.5429 4559.2383 58 64 138
-323.6572 -47.5429 4559.2383 57 64 138
-319.5435 -47.4750 4552.7344 57 64 138
-317.2493 -47.6791 4572.3018 56 64 137
-292.4138 -47.8161 4585.4409 58 65 137
-288.3214 -47.7475 4578.8618 58 64 136
-284.2407 -47.6791 4572.3018 59 64 136
-280.5731 -47.6791 4572.3018 58 64 135
-277.3027 -47.7475 4578.8618 57 64 136
-273.2378 -47.6791 4572.3018 59 65 137
-269.5702 -47.6791 4572.3018 60 65 136
-265.9026 -47.6791 4572.3018 61 66 136
-262.2350 -47.6791 4572.3018 61 67 136
-258.5674 -47.6791 4572.3018 63 68 136
-254.8997 -47.6791 4572.3018 65 69 137
-251.2321 -47.6791 4572.3018 64 69 135
-247.5645 -47.6791 4572.3018 65 70 133
-244.2468 -47.7475 4578.8618 64 69 134
-239.5429 -47.5429 4559.2383 64 69 133
-235.8857 -47.5429 4559.2383 65 69 133
-232.8940 -47.6791 4572.3018 65 68 133
-228.5715 -47.5429 4559.2383 68 71 134
-224.9143 -47.5429 4559.2383 67 72 134
-220.9415 -47.4750 4552.7344 68 73 134
-153.9048 -39.6191 3799.3652 67 70 128
-150.8571 -39.6191 3799.3652 66 68 127
-147.9857 -39.6663 3803.8936 66 67 127
-144.9344 -39.6663 3803.8936 67 68 124
-141.7143 -39.6191 3799.3652 66 66 120
-138.5018 -39.5719 3794.8474 64 63 116
-135.6190 -39.6191 3799.3652 110 101 118
-132.5714 -39.6191 3799.3652 227 210 156
-129.5238 -39.6191 3799.3652 237 218 146
-126.6269 -39.6663 3803.8936 237 217 145
-123.4286 -39.6191 3799.3652 236 216 145
-120.2378 -39.5719 3794.8474 236 216 145
-117.4732 -39.6663 3803.8936 235 216 145
-114.1498 -39.5719 3794.8474 236 216 146
-111.1058 -39.5719 3794.8474 236 216 145
-55.0698 -38.6977 3711.0078 236 216 143
-51.6724 -38.3852 3681.0459 236 216 143
-48.6636 -38.3410 3676.8049 236 215 142
-45.6617 -38.2969 3672.5740 236 216 142
-42.7158 -38.2969 3672.5740 236 216 143
-39.7699 -38.2969 3672.5740 236 216 143
-36.7816 -38.2529 3668.3525 237 216 141
-33.8780 -38.2969 3672.5740 237 215 141
-30.9321 -38.2969 3672.5740 235 214 138
-27.9862 -38.2969 3672.5740 234 212 132
-25.0403 -38.2969 3672.5740 235 213 133
-22.0690 -38.2529 3668.3525 235 214 135
-19.1045 -38.2090 3664.1409 235 213 134
-16.1653 -38.2090 3664.1409 235 212 132
-13.2110 -38.1651 3659.9390 234 211 130
-10.2752 -38.1651 3659.9390 236 214 134
-7.3395 -38.1651 3659.9390 236 215 135
-4.3986 -38.1214 3655.7466 236 214 133
-1.4645 -38.0778 3651.5637 235 213 129
1.4612 -37.9909 3643.2268 235 212 128
4.3587 -37.7753 3622.5503 235 213 129
7.2562 -37.7324 3618.4431 237 214 129
10.0901 -37.4775 3593.9941 238 213 127
12.9003 -37.2676 3573.8708 238 214 124
15.6968 -37.1015 3557.9338 242 220 104
18.5095 -37.0189 3550.0186 248 230 76
21.2860 -36.8958 3538.2114 249 232 61
24.0975 -36.8549 3534.2932 249 232 58
26.9027 -36.8142 3530.3835 249 232 58
29.7017 -36.7735 3526.4827 249 232 59
32.4945 -36.7329 3522.5903 249 232 59
35.3591 -36.7735 3526.4827 249 232 58
38.0617 -36.6520 3514.8313 249 231 58
40.7018 -36.4912 3499.4153 249 231 58
43.7486 -36.6924 3518.7065 249 232 57
337.6232 -32.1546 3083.5427 243 226 50
340.0966 -32.1546 3083.5427 243 226 51
340.5956 -31.9693 3065.7703 243 226 52
343.7151 -32.0308 3071.6716 242 226 52
346.1790 -32.0308 3071.6716 242 225 51
348.3077 -32.0000 3068.7180 239 222 50
351.1069 -32.0308 3071.6716 231 213 42
353.9114 -32.0617 3074.6309 219 198 31
356.3777 -32.0617 3074.6309 204 181 22
358.8440 -32.0617 3074.6309 200 174 20
362.3575 -32.1546 3083.5427 199 172 19
364.8309 -32.1546 3083.5427 199 172 19
366.9499 -32.1236 3080.5664 198 171 18
391.9679 -33.4137 3204.2839 197 170 16
396.5288 -33.5822 3220.4509 197 168 15
399.5152 -33.6162 3223.7039 196 167 15
402.5076 -33.6502 3226.9634 195 165 15
405.0961 -33.6502 3226.9634 195 165 15
408.5107 -33.7183 3233.5022 194 165 14
410.6883 -33.6842 3230.2295 194 164 14
-401.3873 -51.7919 4611.9463 59 66 145
-395.4023 -51.4943 4585.4409 60 67 147
-392.2878 -51.5683 4592.0386 59 66 146
-389.1643 -51.6427 4598.6553 57 66 147
-385.4755 -51.6427 4598.6553 59 66 147
-382.3377 -51.7172 4605.2910 59 67 148
-378.0980 -51.6427 4598.6553 67 73 151
-373.3334 -51.4943 4585.4409 70 78 160
-370.1871 -51.5683 4592.0386 76 88 173
-366.5036 -51.5683 4592.0386 76 86 171
-362.2989 -51.4943 4585.4409 67 75 163
-358.6207 -51.4943 4585.4409 61 70 156
-354.9426 -51.4943 4585.4409 58 69 150
-351.2644 -51.4943 4585.4409 58 67 147
-347.5862 -51.4943 4585.4409 57 66 144
-343.9081 -51.4943 4585.4409 58 65 141
-339.7418 -51.4204 4578.8618 60 65 141
-335.5874 -51.3467 4572.3018 59 65 140
-331.4449 -51.2733 4565.7607 57 64 139
-327.3143 -51.2000 4559.2383 57 63 139
-323.1955 -51.1270 4552.7344 58 64 138
-319.5435 -51.1270 4552.7344 58 64 138
-316.7954 -51.2733 4565.7607 57 63 137
-313.1331 -51.2733 4565.7607 56 63 138
-309.4707 -51.2733 4565.7607 56 64 137
-305.8083 -51.2733 4565.7607 56 64 137
-302.1459 -51.2733 4565.7607 58 64 137
-298.4836 -51.2733 4565.7607 58 64 138
-294.8212 -51.2733 4565.7607 58 64 138
-291.9943 -51.4204 4578.8618 58 64 138
-288.3214 -51.4204 4578.8618 57 64 137
-284.2407 -51.3467 4572.3018 57 64 136
-280.5731 -51.3467 4572.3018 57 64 134
-276.9055 -51.3467 4572.3018 58 64 135
-273.2378 -51.3467 4572.3018 58 65 135
-269.5702 -51.3467 4572.3018 59 65 135
-265.9026 -51.3467 4572.3018 62 67 136
-262.2350 -51.3467 4572.3018 64 68 136
-258.5674 -51.3467 4572.3018 64 68 137
-255.2654 -51.4204 4578.8618 65 69 137
-251.5925 -51.4204 4578.8618 64 68 134
-247.9197 -51.4204 4578.8618 66 71 134
-244.2468 -51.4204 4578.8618 65 69 135
-239.8856 -51.2733 4565.7607 66 69 135
-236.2232 -51.2733 4565.7607 65 69 134
-233.2281 -51.4204 4578.8618 63 68 134
-228.5715 -51.2000 4559.2383 64 70 134
-224.9143 -51.2000 4559.2383 64 70 134
-220.9415 -51.1270 4552.7344 65 70 134
-153.9048 -42.6667 3799.3652 68 72 129
-150.8571 -42.6667 3799.3652 66 70 129
-147.9857 -42.7175 3803.8936 67 69 127
-144.9344 -42.7175 3803.8936 68 69 125
-141.7143 -42.6667 3799.3652 65 66 122
-138.6667 -42.6667 3799.3652 63 63 116
-135.6190 -42.6667 3799.3652 101 95 115
-132.7294 -42.7175 3803.8936 223 207 156
-129.6782 -42.7175 3803.8936 237 218 148
-126.6269 -42.7175 3803.8936 236 217 146
-123.4286 -42.6667 3799.3652 236 216 145
-120.2378 -42.6159 3794.8474 236 216 145
-117.4732 -42.7175 3803.8936 236 216 145
-114.1498 -42.6159 3794.8474 236 216 145
-111.1058 -42.6159 3794.8474 236 216 145
-51.6724 -41.3379 3681.0459 236 216 143
-48.6636 -41.2903 3676.8049 236 216 142
-45.7143 -41.2903 3676.8049 236 216 142
-42.7158 -41.2428 3672.5740 235 216 143
-39.7699 -41.2428 3672.5740 236 216 143
-36.7816 -41.1954 3668.3525 237 216 141
-33.8780 -41.2428 3672.5740 237 215 141
-30.9321 -41.2428 3672.5740 236 214 139
-27.9862 -41.2428 3672.5740 234 212 133
-25.0403 -41.2428 3672.5740 234 212 134
-22.0690 -41.1954 3668.3525 234 213 136
-19.1045 -41.1481 3664.1409 235 212 134
-16.1653 -41.1481 3664.1409 234 211 132
-13.2110 -41.1009 3659.9390 233 210 130
-10.2635 -41.0538 3655.7466 236 213 133
-7.3310 -41.0538 3655.7466 236 214 135
-4.3986 -41.0538 3655.7466 236 214 134
-1.4612 -40.9132 3643.2268 236 214 130
1.4595 -40.8666 3639.0728 235 213 127
4.3488 -40.5889 3614.3452 236 214 127
7.2398 -40.5430 3610.2566 237 214 127
10.0901 -40.3604 3593.9941 238 214 124
12.8859 -40.0895 3569.8733 242 221 109
15.6793 -39.9109 3553.9719 247 230 79
18.5095 -39.8665 3550.0186 249 233 60
21.2860 -39.7339 3538.2114 249 232 58
24.0975 -39.6899 3534.2932 249 231 58
26.9027 -39.6460 3530.3835 249 232 58
29.7017 -39.6022 3526.4827 250 232 59
32.4945 -39.5585 3522.5903 249 232 59
35.3591 -39.6022 3526.4827 249 231 58
38.0617 -39.4714 3514.8313 249 231 58
40.6572 -39.2552 3495.5825 249 231 58
337.6232 -34.6280 3083.5427 243 226 51
340.0966 -34.6280 3083.5427 243 226 52
340.9231 -34.4615 3068.7180 243 226 52
343.7151 -34.4947 3071.6716 243 226 52
346.1790 -34.4947 3071.6716 242 225 51
348.3077 -34.4615 3068.7180 239 222 49
351.1069 -34.4947 3071.6716 232 213 42
353.5708 -34.4947 3071.6716 219 198 31
356.3777 -34.5279 3074.6309 205 181 23
358.8440 -34.5279 3074.6309 200 174 21
362.3575 -34.6280 3083.5427 199 172 19
364.8309 -34.6280 3083.5427 199 172 19
366.9499 -34.5946 3080.5664 198 172 18
391.9679 -35.9839 3204.2839 197 170 17
395.7301 -36.0927 3213.9646 196 168 15
399.1120 -36.1655 3220.4509 195 166 14
402.1010 -36.2020 3223.7039 195 165 15
405.0961 -36.2386 3226.9634 195 165 15
408.0972 -36.2753 3230.2295 194 164 14
410.6883 -36.2753 3230.2295 194 164 14
413.6981 -36.3121 3233.5022 194 164 14
416.2918 -36.3121 3233.5022 193 164 14
-400.8081 -55.4113 4605.2910 59 67 146
-394.8350 -55.0933 4578.8618 59 65 146
-391.7242 -55.1724 4585.4409 58 66 146
-388.6043 -55.2518 4592.0386 57 66 146
-384.9209 -55.2518 4592.0386 58 66 147
-381.7868 -55.3314 4598.6553 59 67 148
-377.5540 -55.2518 4592.0386 67 74 151
-373.3334 -55.1724 4585.4409 69 77 161
-369.6552 -55.1724 4585.4409 77 88 174
-365.9771 -55.1724 4585.4409 75 84 170
-362.2989 -55.1724 4585.4409 67 75 163
-358.6207 -55.1724 4585.4409 62 70 155
-354.9426 -55.1724 4585.4409 59 69 150
-351.2644 -55.1724 4585.4409 57 67 147
-347.5862 -55.1724 4585.4409 57 65 145
-343.9081 -55.1724 4585.4409 56 63 142
-339.7418 -55.0933 4578.8618 59 65 141
-335.5874 -55.0143 4572.3018 60 66 140
-331.4449 -54.9356 4565.7607 60 67 140
-327.3143 -54.8572 4559.2383 59 66 141
-323.1955 -54.7789 4552.7344 59 66 139
-319.5435 -54.7789 4552.7344 59 65 139
-316.7954 -54.9356 4565.7607 59 64 138
-313.1331 -54.9356 4565.7607 59 63 138
-309.4707 -54.9356 4565.7607 59 64 137
-305.8083 -54.9356 4565.7607 57 65 137
-302.1459 -54.9356 4565.7607 58 65 138
-298.0572 -54.8572 4559.2383 58 64 137
-294.8212 -54.9356 4565.7607 57 63 136
-291.9943 -55.0933 4578.8618 58 64 137
-288.3214 -55.0933 4578.8618 58 65 138
-284.2407 -55.0143 4572.3018 57 64 136
-280.5731 -55.0143 4572.3018 58 65 134
-276.9055 -55.0143 4572.3018 61 66 136
-273.2378 -55.0143 4572.3018 61 65 136
-269.5702 -55.0143 4572.3018 61 65 136
-265.9026 -55.0143 4572.3018 62 68 136
-262.2350 -55.0143 4572.3018 62 68 134
-258.5674 -55.0143 4572.3018 63 69 134
-254.8997 -55.0143 4572.3018 63 69 134
-251.2321 -55.0143 4572.3018 63 69 134
-247.9197 -55.0933 4578.8618 64 70 135
-244.2468 -55.0933 4578.8618 63 67 135
-239.8856 -54.9356 4565.7607 64 67 135
-236.2232 -54.9356 4565.7607 64 67 134
-233.2281 -55.0933 4578.8618 62 67 135
-228.8984 -54.9356 4565.7607 61 67 133
-224.9143 -54.8572 4559.2383 62 67 133
-220.9415 -54.7789 4552.7344 62 66 134
-153.9048 -45.7143 3799.3652 68 69 128
-150.6778 -45.6599 3794.8474 66 69 127
-147.9857 -45.7688 3803.8936 68 70 126
-144.9344 -45.7688 3803.8936 69 70 125
-141.7143 -45.7143 3799.3652 64 64 120
-138.6667 -45.7143 3799.3652 62 62 117
-135.6190 -45.7143 3799.3652 92 86 111
-132.5714 -45.7143 3799.3652 219 202 155
-129.6782 -45.7688 3803.8936 237 218 149
-126.6269 -45.7688 3803.8936 237 218 146
-123.5757 -45.7688 3803.8936 236 216 146
-120.2378 -45.6599 3794.8474 236 216 145
-117.4732 -45.7688 3803.8936 236 216 145
-114.1498 -45.6599 3794.8474 236 216 146
-111.1058 -45.6599 3794.8474 236 216 146
-51.6724 -44.2907 3681.0459 236 216 143
-48.6636 -44.2396 3676.8049 236 216 143
-45.7143 -44.2396 3676.8049 236 216 143
-42.7158 -44.1887 3672.5740 235 215 143
-39.8157 -44.2396 3676.8049 236 216 142
-36.7816 -44.1379 3668.3525 237 215 139
-33.8780 -44.1887 3672.5740 237 215 139
-30.9321 -44.1887 3672.5740 236 213 136
-27.9540 -44.1379 3668.3525 234 210 130
-25.0115 -44.1379 3668.3525 234 211 131
-22.0690 -44.1379 3668.3525 235 212 134
-19.1045 -44.0873 3664.1409 235 212 133
-16.1653 -44.0873 3664.1409 235 211 131
-13.2110 -44.0367 3659.9390 232 210 128
-10.2635 -43.9863 3655.7466 236 213 132
-7.3310 -43.9863 3655.7466 236 214 131
-4.3936 -43.9359 3651.5637 236 214 130
-1.4595 -43.7856 3639.0728 236 213 128
1.4562 -43.6860 3630.7927 237 212 127
4.3390 -43.3898 3606.1770 237 213 127
7.2235 -43.3409 3602.1069 238 214 123
10.0787 -43.1946 3589.9514 242 221 110
12.8715 -42.9050 3565.8845 247 230 79
15.6618 -42.7141 3550.0186 249 232 62
18.5095 -42.7141 3550.0186 249 232 59
21.2860 -42.5721 3538.2114 249 232 58
24.0975 -42.5249 3534.2932 249 232 59
26.9027 -42.4779 3530.3835 250 232 59
29.7017 -42.4309 3526.4827 249 232 58
32.4945 -42.3841 3522.5903 249 231 58
35.3591 -42.4309 3526.4827 249 232 58
38.0617 -42.2908 3514.8313 249 231 58
337.6232 -37.1015 3083.5427 243 226 52
340.0966 -37.1015 3083.5427 244 227 52
340.9231 -36.9231 3068.7180 244 226 52
343.7151 -36.9586 3071.6716 243 226 52
346.1790 -36.9586 3071.6716 242 225 51
348.3077 -36.9231 3068.7180 239 222 48
351.1069 -36.9586 3071.6716 232 213 43
353.5708 -36.9586 3071.6716 219 198 32
356.7213 -37.0299 3077.5957 205 182 23
359.1900 -37.0299 3077.5957 201 174 21
362.3575 -37.1015 3083.5427 199 172 19
364.8309 -37.1015 3083.5427 199 172 18
366.9499 -37.0656 3080.5664 199 172 18
391.5748 -38.5155 3201.0701 198 170 18
394.9347 -38.5930 3207.5042 197 168 16
398.3082 -38.6707 3213.9646 196 166 16
401.2903 -38.7097 3217.2043 195 165 15
404.6869 -38.7879 3223.7039 195 165 15
407.6845 -38.8271 3226.9634 194 165 15
409.8586 -38.7879 3223.7039 194 164 14
412.4445 -38.7879 3223.7039 194 165 14
-400.2306 -59.0202 4598.6553 57 66 145
-394.8350 -58.7661 4578.8618 57 65 146
-392.2878 -58.9353 4592.0386 57 66 146
-388.6043 -58.9353 4592.0386 56 66 146
-384.9209 -58.9353 4592.0386 57 66 147
-381.7868 -59.0202 4598.6553 59 67 147
-377.5540 -58.9353 4592.0386 68 75 151
-372.7977 -58.7661 4578.8618 70 79 162
-369.6552 -58.8506 4585.4409 78 90 174
-365.9771 -58.8506 4585.4409 77 87 170
-362.2989 -58.8506 4585.4409 66 75 160
-358.6207 -58.8506 4585.4409 61 71 155
-354.9426 -58.8506 4585.4409 60 70 151
-351.2644 -58.8506 4585.4409 57 66 146
-347.5862 -58.8506 4585.4409 56 65 144
-343.9081 -58.8506 4585.4409 56 64 142
-339.7418 -58.7661 4578.8618 57 65 141
-335.5874 -58.6819 4572.3018 58 65 139
-331.4449 -58.5980 4565.7607 59 65 140
-327.3143 -58.5143 4559.2383 58 65 140
-323.6572 -58.5143 4559.2383 60 66 139
-319.5435 -58.4308 4552.7344 61 66 139
-317.2493 -58.6819 4572.3018 60 66 139
-313.5817 -58.6819 4572.3018 60 65 139
-306.2464 -58.6819 4572.3018 59 66 138
-298.4836 -58.5980 4565.7607 61 66 138
-288.3214 -58.7661 4578.8618 58 64 137
-284.2407 -58.6819 4572.3018 58 64 137
-280.5731 -58.6819 4572.3018 59 66 135
-276.9055 -58.6819 4572.3018 64 70 137
-273.2378 -58.6819 4572.3018 61 66 135
-269.1846 -58.5980 4565.7607 59 66 135
-265.9026 -58.6819 4572.3018 61 67 135
-261.8598 -58.5980 4565.7607 63 68 135
-258.5674 -58.6819 4572.3018 63 68 136
-254.8997 -58.6819 4572.3018 62 68 135
-251.2321 -58.6819 4572.3018 63 68 136
-247.5645 -58.6819 4572.3018 65 69 136
-243.8969 -58.6819 4572.3018 64 68 136
-239.5429 -58.5143 4559.2383 62 68 136
-235.8857 -58.5143 4559.2383 62 66 135
-232.8940 -58.6819 4572.3018 63 67 135
-228.8984 -58.5980 4565.7607 63 67 136
-224.9143 -58.5143 4559.2383 63 67 134
-220.6268 -58.3476 4546.2490 63 68 133
-150.6778 -48.7039 3794.8474 65 68 128
-147.9857 -48.8200 3803.8936 67 69 126
-144.9344 -48.8200 3803.8936 66 68 124
-141.7143 -48.7619 3799.3652 63 64 119
-138.5018 -48.7039 3794.8474 61 61 116
-135.6190 -48.7619 3799.3652 86 80 108
-132.5714 -48.7619 3799.3652 214 197 156
-129.5238 -48.7619 3799.3652 236 218 149
-126.6269 -48.8200 3803.8936 236 218 146
-123.4286 -48.7619 3799.3652 236 217 146
-120.2378 -48.7039 3794.8474 236 216 144
-117.4732 -48.8200 3803.8936 236 216 145
-114.1498 -48.7039 3794.8474 236 216 145
-110.9739 -48.6461 3790.3406 236 216 145
-51.6724 -47.2434 3681.0459 236 216 144
-48.6076 -47.1346 3672.5740 236 215 142
-45.7143 -47.1889 3676.8049 236 215 142
-42.7158 -47.1346 3672.5740 236 215 142
-39.7699 -47.1346 3672.5740 237 215 141
-36.7816 -47.0805 3668.3525 237 215 139
-33.8780 -47.1346 3672.5740 236 214 138
-30.8966 -47.0805 3668.3525 235 213 135
-27.9540 -47.0805 3668.3525 232 209 130
-25.0115 -47.0805 3668.3525 234 211 130
-22.0436 -47.0264 3664.1409 234 213 132
-19.0826 -46.9725 3659.9390 234 212 131
-16.1468 -46.9725 3659.9390 233 211 130
-13.2110 -46.9725 3659.9390 232 210 125
-10.2517 -46.8650 3651.5637 236 213 131
-7.3227 -46.8650 3651.5637 236 214 131
-4.3886 -46.8114 3647.3906 237 215 133
-1.4545 -46.5455 3626.6667 237 214 131
1.4512 -46.4399 3618.4431 237 213 124
4.3341 -46.2303 3602.1069 238 214 122
7.2072 -46.1261 3593.9941 242 220 111
10.0674 -46.0225 3585.9177 247 230 81
12.8571 -45.7143 3561.9048 248 233 63
15.6618 -45.5617 3550.0186 249 232 58
18.5095 -45.5617 3550.0186 250 232 59
21.2860 -45.4102 3538.2114 250 232 60
24.0975 -45.3599 3534.2932 249 232 59
26.9027 -45.3097 3530.3835 249 232 58
29.7017 -45.2597 3526.4827 249 232 58
32.4587 -45.1599 3518.7065 248 231 57
35.3591 -45.2597 3526.4827 249 232 57
340.4256 -39.6132 3086.5249 244 226 51
340.9231 -39.3846 3068.7180 244 226 52
343.7151 -39.4225 3071.6716 243 226 52
346.1790 -39.4225 3071.6716 241 225 51
348.3077 -39.3846 3068.7180 239 222 49
351.1069 -39.4225 3071.6716 232 213 42
353.9114 -39.4605 3074.6309 220 199 33
356.7213 -39.4986 3077.5957 205 182 22
359.1900 -39.4986 3077.5957 201 174 21
362.0078 -39.5367 3080.5664 199 172 20
364.8309 -39.5749 3083.5427 199 172 18
391.9679 -41.1245 3204.2839 197 170 17
395.3320 -41.2072 3210.7312 196 169 16
397.5076 -41.1658 3207.5042 196 167 14
400.8862 -41.2487 3213.9646 195 165 14
404.6869 -41.3737 3223.7039 194 165 15
407.6845 -41.4156 3226.9634 194 165 15
409.8586 -41.3737 3223.7039 194 165 15
412.0283 -41.3320 3220.4509 193 165 14
-403.3382 -62.6187 4592.0386 58 65 145
-400.2306 -62.7089 4598.6553 57 65 145
-394.8350 -62.4390 4578.8618 57 65 146
-392.2878 -62.6187 4592.0386 58 66 146
-388.6043 -62.6187 4592.0386 56 66 146
-384.9209 -62.6187 4592.0386 57 66 146
-381.7868 -62.7089 4598.6553 59 68 147
-377.5540 -62.6187 4592.0386 68 76 151
-373.3334 -62.5287 4585.4409 70 81 164
-370.1871 -62.6187 4592.0386 78 89 175
-365.9771 -62.5287 4585.4409 76 85 169
-362.2989 -62.5287 4585.4409 66 76 160
-358.6207 -62.5287 4585.4409 60 70 154
-354.9426 -62.5287 4585.4409 59 68 149
-351.2644 -62.5287 4585.4409 58 66 146
-347.5862 -62.5287 4585.4409 58 65 144
-343.9081 -62.5287 4585.4409 58 66 142
-340.2299 -62.5287 4585.4409 58 66 141
-335.5874 -62.3496 4572.3018 58 64 139
-331.4449 -62.2604 4565.7607 60 67 141
-327.7826 -62.2604 4565.7607 58 64 139
-323.6572 -62.1714 4559.2383 59 65 139
-319.5435 -62.0827 4552.7344 60 66 139
-288.3214 -62.4390 4578.8618 61 66 137
-284.2407 -62.3496 4572.3018 61 66 136
-280.5731 -62.3496 4572.3018 60 66 136
-276.9055 -62.3496 4572.3018 61 65 136
-273.2378 -62.3496 4572.3018 59 64 134
-269.1846 -62.2604 4565.7607 59 65 135
-265.5222 -62.2604 4565.7607 62 67 135
-261.8598 -62.2604 4565.7607 64 69 136
-258.1974 -62.2604 4565.7607 63 68 136
-254.5351 -62.2604 4565.7607 62 67 135
-250.8727 -62.2604 4565.7607 64 69 135
-247.2103 -62.2604 4565.7607 65 69 135
-243.5479 -62.2604 4565.7607 63 68 133
-239.2012 -62.0827 4552.7344 63 67 134
-235.2137 -61.9943 4546.2490 63 66 134
-232.5608 -62.2604 4565.7607 63 66 135
-228.5715 -62.1714 4559.2383 63 67 135
-224.5934 -62.0827 4552.7344 62 66 134
-150.4988 -51.6865 3790.3406 66 70 128
-147.9857 -51.8713 3803.8936 64 68 125
-144.9344 -51.8713 3803.8936 65 67 122
-141.7143 -51.8095 3799.3652 63 64 120
-138.5018 -51.7479 3794.8474 61 62 116
-135.6190 -51.8095 3799.3652 81 76 109
-132.5714 -51.8095 3799.3652 207 191 153
-129.5238 -51.8095 3799.3652 236 218 149
-126.6269 -51.8713 3803.8936 237 218 146
-123.4286 -51.8095 3799.3652 236 217 145
-120.2378 -51.7479 3794.8474 236 216 144
-117.3333 -51.8095 3799.3652 236 216 145
-114.0143 -51.6865 3790.3406 236 216 145
-110.9739 -51.6865 3790.3406 236 216 145
-48.5517 -50.0230 3668.3525 236 215 141
-45.7143 -50.1383 3676.8049 236 215 140
-42.6667 -50.0230 3668.3525 236 215 140
-39.7699 -50.0806 3672.5740 237 215 140
-36.7394 -49.9656 3664.1409 236 214 138
-33.8391 -50.0230 3668.3525 236 214 137
-30.8966 -50.0230 3668.3525 235 213 136
-27.9219 -49.9656 3664.1409 233 210 130
-24.9828 -49.9656 3664.1409 234 211 130
-22.0436 -49.9656 3664.1409 234 212 132
-19.0826 -49.9083 3659.9390 234 212 130
-16.1468 -49.9083 3659.9390 234 210 129
-13.1959 -49.8511 3655.7466 233 209 125
-10.2517 -49.7941 3651.5637 237 213 129
-7.3143 -49.7371 3647.3906 236 214 129
-4.3886 -49.7371 3647.3906 237 214 129
-1.4512 -49.3424 3618.4431 237 213 126
1.4480 -49.2308 3610.2566 236 212 120
4.3243 -49.0090 3593.9941 241 219 108
7.1910 -48.8989 3585.9177 247 230 80
10.0674 -48.8989 3585.9177 249 232 62
12.8715 -48.6257 3565.8845 249 232 59
15.6618 -48.4093 3550.0186 249 232 58
18.5095 -48.4093 3550.0186 250 232 59
21.2860 -48.2483 3538.2114 250 232 59
24.0975 -48.1949 3534.2932 249 232 58
26.9027 -48.1416 3530.3835 249 232 58
29.6689 -48.0353 3522.5903 249 232 58
32.4587 -47.9824 3518.7065 249 232 58
35.3201 -48.0353 3522.5903 249 232 58
340.7551 -42.1297 3089.5129 244 226 51
341.5800 -41.9268 3074.6309 244 225 52
344.0463 -41.9268 3074.6309 243 225 52
346.5125 -41.9268 3074.6309 241 224 52
348.6429 -41.8864 3071.6716 238 221 50
351.4451 -41.9268 3074.6309 232 213 42
353.9114 -41.9268 3074.6309 220 198 32
356.7213 -41.9672 3077.5957 206 182 22
359.1900 -41.9672 3077.5957 201 174 20
362.0078 -42.0077 3080.5664 199 172 19
364.8309 -42.0483 3083.5427 199 172 18
392.7566 -43.7827 3210.7312 198 171 17
396.5288 -43.9152 3220.4509 196 169 16
397.9075 -43.7827 3210.7312 196 168 14
401.2903 -43.8710 3217.2043 196 166 14
404.6869 -43.9596 3223.7039 195 166 14
407.6845 -44.0040 3226.9634 195 166 14
409.8586 -43.9596 3223.7039 195 165 14
411.6129 -43.8710 3217.2043 194 165 13
-402.7587 -66.2069 4585.4409 57 65 145
-399.6547 -66.3022 4592.0386 57 66 146
-394.8350 -66.1119 4578.8618 57 66 146
-391.7242 -66.2069 4585.4409 58 66 146
-388.6043 -66.3022 4592.0386 58 66 146
-384.9209 -66.3022 4592.0386 58 67 146
-381.7868 -66.3977 4598.6553 61 69 148
-377.5540 -66.3022 4592.0386 69 75 153
-373.3334 -66.2069 4585.4409 74 83 167
-370.1871 -66.3022 4592.0386 75 88 174
-365.9771 -66.2069 4585.4409 73 83 170
-362.2989 -66.2069 4585.4409 65 74 160
-359.1367 -66.3022 4592.0386 64 71 153
-355.4532 -66.3022 4592.0386 62 70 148
-351.7698 -66.3022 4592.0386 59 66 144
-348.0864 -66.3022 4592.0386 58 65 144
-344.4029 -66.3022 4592.0386 57 65 141
-340.2299 -66.2069 4585.4409 57 65 141
-336.0689 -66.1119 4578.8618 57 64 140
-331.9198 -66.0172 4572.3018 59 65 140
-328.2521 -66.0172 4572.3018 58 65 141
-324.1202 -65.9228 4565.7607 57 64 140
-320.0000 -65.8286 4559.2383 58 64 139
-288.7357 -66.2069 4585.4409 61 66 136
-284.2407 -66.0172 4572.3018 62 67 137
-280.5731 -66.0172 4572.3018 61 66 136
-276.9055 -66.0172 4572.3018 59 64 135
-273.2378 -66.0172 4572.3018 59 65 135
-269.1846 -65.9228 4565.7607 60 66 135
-265.5222 -65.9228 4565.7607 60 67 136
-261.8598 -65.9228 4565.7607 63 68 136
-258.1974 -65.9228 4565.7607 63 68 135
-254.5351 -65.9228 4565.7607 63 68 137
-250.8727 -65.9228 4565.7607 64 69 136
-247.2103 -65.9228 4565.7607 64 70 135
-243.5479 -65.9228 4565.7607 64 69 133
-238.8604 -65.6410 4546.2490 64 68 134
-235.2137 -65.6410 4546.2490 64 67 134
-232.5608 -65.9228 4565.7607 64 67 135
-228.5715 -65.8286 4559.2383 63 68 133
-224.5934 -65.7347 4552.7344 62 67 134
-150.6778 -54.7919 3794.8474 65 65 125
-147.9857 -54.9225 3803.8936 65 66 127
-144.9344 -54.9225 3803.8936 66 67 124
-141.7143 -54.8572 3799.3652 63 62 119
-138.6667 -54.8572 3799.3652 61 63 116
-135.7807 -54.9225 3803.8936 77 73 110
-132.7294 -54.9225 3803.8936 198 184 150
-129.6782 -54.9225 3803.8936 236 218 150
-126.7781 -54.9881 3808.4329 237 218 145
-123.5757 -54.9225 3803.8936 236 217 144
-120.2378 -54.7919 3794.8474 236 216 144
-117.4732 -54.9225 3803.8936 236 216 145
-114.1498 -54.7919 3794.8474 236 216 145
-110.9739 -54.7268 3790.3406 236 216 145
-42.6667 -52.9655 3668.3525 236 214 139
-39.7241 -52.9655 3668.3525 237 215 139
-36.7394 -52.9047 3664.1409 236 215 138
-33.8002 -52.9047 3664.1409 236 214 136
-30.8611 -52.9047 3664.1409 235 212 132
-27.9219 -52.9047 3664.1409 233 209 126
-24.9828 -52.9047 3664.1409 233 211 127
-22.0184 -52.8440 3659.9390 234 212 130
-19.0826 -52.8440 3659.9390 234 212 128
-16.1283 -52.7835 3655.7466 236 211 128
-13.1959 -52.7835 3655.7466 235 210 125
-10.2517 -52.7231 3651.5637 236 213 128
-7.3059 -52.6027 3643.2268 236 214 128
-4.3936 -52.7231 3651.5637 237 214 129
-1.4512 -52.2449 3618.4431 238 214 122
1.4463 -52.0678 3606.1770 242 219 113
4.3195 -51.8335 3589.9514 247 230 82
7.1910 -51.7753 3585.9177 249 232 61
10.0674 -51.7753 3585.9177 249 232 58
12.8715 -51.4860 3565.8845 249 231 58
15.6444 -51.2000 3546.0742 249 232 58
18.5095 -51.2570 3550.0186 249 232 59
21.2860 -51.0865 3538.2114 249 232 59
24.0975 -51.0299 3534.2932 250 232 58
26.9027 -50.9735 3530.3835 249 232 58
29.6689 -50.8609 3522.5903 249 231 58
35.2812 -50.8049 3518.7065 249 232 58
340.4256 -44.5648 3086.5249 243 226 52
341.5800 -44.3931 3074.6309 243 225 52
344.0463 -44.3931 3074.6309 243 225 52
346.5125 -44.3931 3074.6309 241 223 53
348.6429 -44.3503 3071.6716 238 220 51
351.4451 -44.3931 3074.6309 231 212 41
353.9114 -44.3931 3074.6309 219 198 31
356.7213 -44.4359 3077.5957 205 182 22
359.1900 -44.4359 3077.5957 199 174 20
362.0078 -44.4788 3080.5664 199 172 21
364.8309 -44.5217 3083.5427 199 172 19
393.5484 -46.4516 3217.2043 199 170 17
396.9293 -46.5455 3223.7039 197 169 16
398.3082 -46.4048 3213.9646 196 167 15
401.2903 -46.4516 3217.2043 195 167 14
405.0961 -46.5925 3226.9634 193 166 15
407.6845 -46.5925 3226.9634 194 166 15
409.4450 -46.4985 3220.4509 195 165 15
410.7847 -46.3582 3210.7312 194 165 15
-402.7587 -69.8851 4585.4409 58 65 145
-399.0805 -69.8851 4585.4409 58 65 146
-394.8350 -69.7848 4578.8618 58 65 146
-391.7242 -69.8851 4585.4409 58 66 147
-388.6043 -69.9856 4592.0386 58 66 147
-384.9209 -69.9856 4592.0386 58 66 148
-381.2375 -69.9856 4592.0386 61 70 149
-377.5540 -69.9856 4592.0386 69 76 154
-373.3334 -69.8851 4585.4409 72 82 167
-370.1871 -69.9856 4592.0386 76 86 175
-365.9771 -69.8851 4585.4409 72 80 170
-362.2989 -69.8851 4585.4409 65 72 159
-359.1367 -69.9856 4592.0386 63 71 154
-355.4532 -69.9856 4592.0386 62 69 150
-351.7698 -69.9856 4592.0386 60 67 146
-348.0864 -69.9856 4592.0386 58 66 142
-344.4029 -69.9856 4592.0386 57 65 140
-340.2299 -69.8851 4585.4409 57 64 140
-336.0689 -69.7848 4578.8618 57 64 139
-331.9198 -69.6848 4572.3018 58 64 138
-328.2521 -69.6848 4572.3018 58 64 139
-324.1202 -69.5851 4565.7607 57 64 139
-320.0000 -69.4857 4559.2383 57 65 140
-288.3214 -69.7848 4578.8618 61 66 136
-284.2407 -69.6848 4572.3018 64 69 137
-280.5731 -69.6848 4572.3018 62 66 137
-276.9055 -69.6848 4572.3018 61 65 137
-273.2378 -69.6848 4572.3018 61 66 135
-269.1846 -69.5851 4565.7607 63 67 134
-265.5222 -69.5851 4565.7607 63 67 134
-261.8598 -69.5851 4565.7607 65 70 135
-258.1974 -69.5851 4565.7607 65 69 135
-254.5351 -69.5851 4565.7607 64 69 135
-250.8727 -69.5851 4565.7607 64 69 135
-247.2103 -69.5851 4565.7607 64 69 135
-243.5479 -69.5851 4565.7607 63 69 134
-239.2012 -69.3866 4552.7344 64 67 133
-235.2137 -69.2878 4546.2490 63 67 134
-232.8940 -69.6848 4572.3018 63 68 134
-228.5715 -69.4857 4559.2383 63 68 132
-224.5934 -69.3866 4552.7344 61 66 131
-150.6778 -57.8359 3794.8474 68 69 126
-147.9857 -57.9738 3803.8936 62 65 123
-144.9344 -57.9738 3803.8936 63 65 123
-141.8832 -57.9738 3803.8936 63 62 119
-138.8320 -57.9738 3803.8936 61 62 116
-135.7807 -57.9738 3803.8936 74 70 109
-132.7294 -57.9738 3803.8936 188 175 146
-129.6782 -57.9738 3803.8936 236 218 150
-126.7781 -58.0430 3808.4329 237 219 146
-123.5757 -57.9738 3803.8936 236 217 145
-120.3810 -57.9048 3799.3652 236 216 144
-117.4732 -57.9738 3803.8936 236 216 145
-114.2857 -57.9048 3799.3652 236 216 145
-111.1058 -57.8359 3794.8474 236 216 145
-42.6667 -55.9080 3668.3525 236 214 138
-39.7241 -55.9080 3668.3525 236 214 138
-36.7394 -55.8439 3664.1409 236 214 137
-33.8002 -55.8439 3664.1409 236 214 136
-30.8611 -55.8439 3664.1409 235 213 133
-27.8899 -55.7798 3659.9390 234 211 129
-24.9541 -55.7798 3659.9390 235 212 129
-22.0184 -55.7798 3659.9390 235 213 131
-19.0607 -55.7159 3655.7466 235 213 128
-16.1283 -55.7159 3655.7466 236 212 127
-13.1808 -55.6522 3651.5637 235 210 124
-10.2400 -55.5886 3647.3906 237 213 128
-7.2976 -55.4618 3639.0728 237 214 126
-4.3886 -55.5886 3647.3906 238 214 124
-1.4480 -55.0226 3610.2566 240 217 110
1.4431 -54.8365 3598.0459 248 229 83
4.3195 -54.7132 3589.9514 249 232 61
10.0674 -54.6517 3585.9177 249 232 58
12.8859 -54.4072 3569.8733 248 231 57
15.6618 -54.1046 3550.0186 249 232 58
18.5301 -54.1648 3553.9719 249 232 58
21.3333 -54.0444 3546.0742 249 232 59
24.1509 -53.9845 3542.1384 248 232 58
26.9324 -53.8649 3534.2932 249 232 58
29.6689 -53.6865 3522.5903 249 231 58
337.9497 -47.0406 3086.5249 243 226 52
340.4256 -47.0406 3086.5249 243 226 51
341.5800 -46.8593 3074.6309 243 226 52
344.0463 -46.8593 3074.6309 242 225 51
346.5125 -46.8593 3074.6309 241 223 51
348.6429 -46.8142 3071.6716 238 220 49
351.4451 -46.8593 3074.6309 231 212 41
353.9114 -46.8593 3074.6309 220 198 32
356.7213 -46.9045 3077.5957 206 182 22
359.1900 -46.9045 3077.5957 199 174 19
362.0078 -46.9498 3080.5664 199 172 19
364.8309 -46.9952 3083.5427 199 172 19
393.9456 -49.0817 3220.4509 198 170 17
397.3307 -49.1810 3226.9634 196 169 16
398.3082 -48.9829 3213.9646 195 167 15
400.8862 -48.9829 3213.9646 195 166 14
404.6869 -49.1313 3223.7039 195 166 15
407.6845 -49.1810 3226.9634 195 166 16
409.0323 -49.0323 3217.2043 195 165 15
-402.7587 -73.5632 4585.4409 57 65 145
-399.6547 -73.6691 4592.0386 59 65 146
-394.8350 -73.4577 4578.8618 59 66 146
-391.7242 -73.5632 4585.4409 59 67 146
-388.6043 -73.6691 4592.0386 59 67 146
-384.9209 -73.6691 4592.0386 59 66 146
-381.2375 -73.6691 4592.0386 62 70 148
-377.5540 -73.6691 4592.0386 69 76 154
-373.3334 -73.5632 4585.4409 74 82 171
-370.1871 -73.6691 4592.0386 77 87 176
-365.9771 -73.5632 4585.4409 71 79 169
-362.2989 -73.5632 4585.4409 65 73 159
-359.1367 -73.6691 4592.0386 62 70 153
-355.4532 -73.6691 4592.0386 60 68 149
-351.7698 -73.6691 4592.0386 59 66 145
-348.0864 -73.6691 4592.0386 58 66 142
-343.9081 -73.5632 4585.4409 57 65 141
-340.2299 -73.5632 4585.4409 58 65 141
-336.0689 -73.4577 4578.8618 57 65 139
-331.9198 -73.3524 4572.3018 58 64 138
-327.7826 -73.2475 4565.7607 60 65 140
-324.1202 -73.2475 4565.7607 59 64 138
-320.0000 -73.1429 4559.2383 57 64 138
-305.8083 -73.2475 4565.7607 59 64 138
-298.4836 -73.2475 4565.7607 59 65 138
-294.8212 -73.2475 4565.7607 58 65 137
-291.9943 -73.4577 4578.8618 59 65 136
-288.3214 -73.4577 4578.8618 62 66 137
-284.2407 -73.3524 4572.3018 64 68 137
-280.5731 -73.3524 4572.3018 64 68 137
-276.9055 -73.3524 4572.3018 61 66 135
-273.2378 -73.3524 4572.3018 62 67 135
-269.1846 -73.2475 4565.7607 63 68 136
-265.5222 -73.2475 4565.7607 66 70 136
-261.8598 -73.2475 4565.7607 67 71 135
-258.1974 -73.2475 4565.7607 66 71 135
-254.8997 -73.3524 4572.3018 64 70 134
-251.2321 -73.3524 4572.3018 66 71 135
-247.5645 -73.3524 4572.3018 66 69 135
-243.8969 -73.3524 4572.3018 65 69 134
-239.5429 -73.1429 4559.2383 64 69 133
-235.8857 -73.1429 4559.2383 62 69 134
-233.2281 -73.4577 4578.8618 65 69 135
-228.8984 -73.2475 4565.7607 63 67 132
-224.9143 -73.1429 4559.2383 62 65 133
-150.8571 -60.9524 3799.3652 68 70 127
-148.1623 -61.0979 3808.4329 61 66 123
-145.1074 -61.0979 3808.4329 62 66 123
-141.8832 -61.0250 3803.8936 62 63 119
-138.8320 -61.0250 3803.8936 63 64 116
-135.7807 -61.0250 3803.8936 72 69 108
-132.7294 -61.0250 3803.8936 179 165 142
-129.8329 -61.0979 3808.4329 236 218 152
-126.9295 -61.1708 3812.9829 237 218 148
-123.7232 -61.0979 3808.4329 236 216 144
-120.3810 -60.9524 3799.3652 236 216 144
-117.6134 -61.0979 3808.4329 236 216 144
-114.2857 -60.9524 3799.3652 235 216 144
-111.2381 -60.9524 3799.3652 236 216 144
-42.6667 -58.8506 3668.3525 235 213 138
-39.7241 -58.8506 3668.3525 235 213 137
-36.6973 -58.7156 3659.9390 235 213 136
-33.7615 -58.7156 3659.9390 234 212 134
-30.8257 -58.7156 3659.9390 234 212 133
-27.8580 -58.6483 3655.7466 235 212 131
-24.9541 -58.7156 3659.9390 236 211 129
-21.9931 -58.6483 3655.7466 235 213 130
-19.0389 -58.5812 3651.5637 236 214 128
-16.1098 -58.5812 3651.5637 236 213 126
-13.1507 -58.4475 3643.2268 235 210 122
-10.2050 -58.3144 3634.9280 237 213 127
-1.4398 -57.5928 3589.9514 247 229 84
1.4366 -57.4635 3581.8931 248 232 61
4.3049 -57.3991 3577.8774 249 232 58
7.1669 -57.3348 3573.8708 249 232 58
10.0448 -57.3991 3577.8774 249 232 58
12.8571 -57.1429 3561.9048 248 231 57
15.6444 -56.8889 3546.0742 248 231 57
18.5095 -56.9522 3550.0186 249 231 58
21.3333 -56.8889 3546.0742 249 231 58
24.1778 -56.8889 3546.0742 249 232 57
26.9623 -56.7627 3538.2114 249 232 57
29.7017 -56.5746 3526.4827 248 231 58
337.9497 -49.5164 3086.5249 243 226 50
340.4256 -49.5164 3086.5249 243 226 50
341.5800 -49.3256 3074.6309 243 226 52
344.0463 -49.3256 3074.6309 242 225 51
346.1790 -49.2782 3071.6716 241 224 51
348.3077 -49.2308 3068.7180 238 221 50
351.4451 -49.3256 3074.6309 232 213 42
353.9114 -49.3256 3074.6309 219 199 31
356.7213 -49.3732 3077.5957 205 181 22
358.8440 -49.3256 3074.6309 200 174 19
362.0078 -49.4209 3080.5664 199 172 19
364.8309 -49.4686 3083.5427 199 172 18
367.3044 -49.4686 3083.5427 199 173 17
393.9456 -51.6650 3220.4509 198 170 17
397.3307 -51.7695 3226.9634 196 169 16
398.3082 -51.5609 3213.9646 195 168 14
400.4829 -51.5091 3210.7312 194 167 13
404.6869 -51.7172 3223.7039 195 166 15
407.2727 -51.7172 3223.7039 195 166 16
408.6204 -51.5609 3213.9646 195 165 14
-403.3382 -77.3525 4592.0386 58 66 145
-399.6547 -77.3525 4592.0386 58 66 146
-395.4023 -77.2414 4585.4409 58 66 146
-392.2878 -77.3525 4592.0386 59 67 146
-389.1643 -77.4640 4598.6553 58 67 145
-385.4755 -77.4640 4598.6553 58 66 145
-381.7868 -77.4640 4598.6553 62 70 148
-377.5540 -77.3525 4592.0386 69 77 155
-373.8705 -77.3525 4592.0386 73 85 171
-370.1871 -77.3525 4592.0386 75 87 176
-365.9771 -77.2414 4585.4409 67 78 167
-362.2989 -77.2414 4585.4409 63 71 161
-359.1367 -77.3525 4592.0386 61 68 154
-355.4532 -77.3525 4592.0386 59 66 149
-351.7698 -77.3525 4592.0386 58 66 145
-348.0864 -77.3525 4592.0386 59 66 143
-343.9081 -77.2414 4585.4409 58 66 142
-339.7418 -77.1306 4578.8618 59 66 142
-335.5874 -77.0201 4572.3018 59 66 141
-331.4449 -76.9099 4565.7607 58 65 140
-327.7826 -76.9099 4565.7607 60 65 139
-323.6572 -76.8000 4559.2383 60 64 138
-320.0000 -76.8000 4559.2383 58 64 138
-316.7954 -76.9099 4565.7607 57 63 138
-313.1331 -76.9099 4565.7607 58 64 138
-309.4707 -76.9099 4565.7607 59 65 139
-305.3715 -76.8000 4559.2383 59 65 138
-301.7143 -76.8000 4559.2383 60 64 138
-298.0572 -76.8000 4559.2383 59 64 138
-294.8212 -76.9099 4565.7607 58 64 137
-291.5760 -77.0201 4572.3018 59 64 136
-287.9083 -77.0201 4572.3018 61 65 136
-284.2407 -77.0201 4572.3018 61 65 136
-280.5731 -77.0201 4572.3018 62 66 137
-276.9055 -77.0201 4572.3018 63 66 136
-273.2378 -77.0201 4572.3018 63 66 136
-269.1846 -76.9099 4565.7607 62 66 136
-265.5222 -76.9099 4565.7607 63 68 136
-262.2350 -77.0201 4572.3018 64 69 134
-258.5674 -77.0201 4572.3018 65 70 134
-254.8997 -77.0201 4572.3018 65 70 134
-251.5925 -77.1306 4578.8618 67 71 135
-247.5645 -77.0201 4572.3018 65 69 133
-244.2468 -77.1306 4578.8618 64 68 133
-239.8856 -76.9099 4565.7607 65 68 133
-236.2232 -76.9099 4565.7607 66 69 134
-233.5632 -77.2414 4585.4409 72 75 138
-229.2264 -77.0201 4572.3018 66 70 132
-225.2361 -76.9099 4565.7607 64 67 134
-150.8571 -64.0000 3799.3652 65 67 126
-148.1623 -64.1527 3808.4329 61 66 123
-145.2808 -64.2294 3812.9829 62 65 122
-142.0525 -64.1527 3808.4329 63 64 119
-138.8320 -64.0763 3803.8936 62 63 117
-135.9427 -64.1527 3808.4329 69 66 110
-132.8878 -64.1527 3808.4329 168 155 138
-129.8329 -64.1527 3808.4329 235 217 152
-126.9295 -64.2294 3812.9829 237 218 148
-123.7232 -64.1527 3808.4329 236 217 145
-120.5244 -64.0763 3803.8936 236 216 143
-117.6134 -64.1527 3808.4329 236 216 143
-114.4219 -64.0763 3803.8936 235 216 144
-111.2381 -64.0000 3799.3652 236 216 144
-45.6617 -61.8642 3672.5740 235 214 136
-42.6667 -61.7931 3668.3525 234 213 136
-39.6785 -61.7222 3664.1409 234 212 134
-36.6973 -61.6514 3659.9390 234 212 133
-33.7615 -61.6514 3659.9390 233 211 132
-30.8257 -61.6514 3659.9390 233 211 130
-27.8261 -61.5103 3651.5637 234 211 128
-24.8402 -61.3699 3643.2268 236 211 126
-21.8928 -61.2999 3639.0728 235 212 126
-18.9306 -61.1604 3630.7927 236 213 127
-16.0000 -61.0909 3626.6667 237 212 125
-10.1015 -60.6088 3598.0459 238 214 123
-7.1991 -60.4724 3589.9514 242 218 114
-4.3146 -60.4045 3585.9177 248 229 86
-1.4334 -60.2016 3573.8708 249 233 63
1.4302 -60.0670 3565.8845 249 232 58
4.2905 -60.0670 3565.8845 249 231 58
7.1269 -59.8664 3553.9719 249 231 58
10.0112 -60.0670 3565.8845 249 232 58
12.8142 -59.7998 3550.0186 248 231 57
15.6098 -59.6009 3538.2114 248 231 57
18.4684 -59.6670 3542.1384 249 231 58
21.3097 -59.6670 3542.1384 249 231 58
24.1509 -59.6670 3542.1384 248 231 57
26.9623 -59.6009 3538.2114 248 231 57
29.7017 -59.4033 3526.4827 249 232 57
340.4256 -51.9923 3086.5249 243 226 51
341.5800 -51.7919 3074.6309 242 225 51
344.0463 -51.7919 3074.6309 243 225 52
346.1790 -51.7421 3071.6716 241 224 50
348.3077 -51.6923 3068.7180 239 221 49
351.4451 -51.7919 3074.6309 232 213 42
353.9114 -51.7919 3074.6309 219 197 30
356.7213 -51.8419 3077.5957 205 181 22
358.8440 -51.7919 3074.6309 200 174 19
362.0078 -51.8919 3080.5664 200 172 19
364.8309 -51.9420 3083.5427 199 172 18
366.9499 -51.8919 3080.5664 199 173 17
394.3435 -54.3030 3223.7039 198 170 17
397.7328 -54.4130 3230.2295 196 169 16
398.7097 -54.1936 3217.2043 196 168 15
400.8862 -54.1390 3213.9646 195 167 14
405.0961 -54.3579 3226.9634 195 166 15
407.2727 -54.3030 3223.7039 195 166 16
-403.9193 -81.1527 4598.6553 59 65 146
-400.2306 -81.1527 4598.6553 58 66 146
-395.9713 -81.0360 4592.0386 58 66 146
-392.8531 -81.1527 4598.6553 59 67 146
-389.1643 -81.1527 4598.6553 58 66 147
-385.4755 -81.1527 4598.6553 58 67 147
-381.7868 -81.1527 4598.6553 63 71 150
-378.0980 -81.1527 4598.6553 71 78 156
-373.8705 -81.0360 4592.0386 75 85 172
-370.1871 -81.0360 4592.0386 77 87 176
-365.9771 -80.9195 4585.4409 67 76 167
-362.2989 -80.9195 4585.4409 63 71 160
-359.1367 -81.0360 4592.0386 62 68 153
-355.4532 -81.0360 4592.0386 58 65 148
-351.7698 -81.0360 4592.0386 58 65 145
-347.5862 -80.9195 4585.4409 58 65 143
-343.4147 -80.8034 4578.8618 57 65 143
-339.7418 -80.8034 4578.8618 60 67 142
-335.5874 -80.6877 4572.3018 62 67 141
-331.4449 -80.5723 4565.7607 58 66 139
-327.3143 -80.4571 4559.2383 59 64 139
-323.6572 -80.4571 4559.2383 58 64 138
-319.5435 -80.3424 4552.7344 57 64 139
-316.3429 -80.4571 4559.2383 57 64 139
-312.6857 -80.4571 4559.2383 58 63 138
-309.0286 -80.4571 4559.2383 58 63 137
-305.3715 -80.4571 4559.2383 58 63 137
-301.7143 -80.4571 4559.2383 59 64 138
-298.0572 -80.4571 4559.2383 60 64 137
-294.8212 -80.5723 4565.7607 59 64 137
-291.5760 -80.6877 4572.3018 61 65 138
-287.9083 -80.6877 4572.3018 62 64 137
-284.2407 -80.6877 4572.3018 61 65 136
-280.1717 -80.5723 4565.7607 62 66 137
-276.5093 -80.5723 4565.7607 61 65 136
-273.2378 -80.6877 4572.3018 62 66 137
-269.1846 -80.5723 4565.7607 60 64 135
-265.5222 -80.5723 4565.7607 62 66 138
-262.2350 -80.6877 4572.3018 63 68 136
-258.5674 -80.6877 4572.3018 63 68 135
-254.8997 -80.6877 4572.3018 64 69 134
-251.5925 -80.8034 4578.8618 65 71 135
-247.5645 -80.6877 4572.3018 65 70 134
-244.2468 -80.8034 4578.8618 65 69 134
-240.2292 -80.6877 4572.3018 65 68 134
-236.5616 -80.6877 4572.3018 65 68 135
-233.5632 -80.9195 4585.4409 69 72 136
-229.5553 -80.8034 4578.8618 66 69 133
-225.2361 -80.5723 4565.7607 66 69 133
-150.8571 -67.0476 3799.3652 63 66 126
-148.1623 -67.2076 3808.4329 61 65 123
-145.2808 -67.2879 3812.9829 63 65 122
-142.0525 -67.2076 3808.4329 62 63 119
-138.8320 -67.1275 3803.8936 61 62 117
-135.9427 -67.2076 3808.4329 67 65 110
-132.8878 -67.2076 3808.4329 157 144 133
-129.8329 -67.2076 3808.4329 235 216 153
-126.9295 -67.2879 3812.9829 237 219 147
-123.7232 -67.2076 3808.4329 237 217 146
-120.5244 -67.1275 3803.8936 236 216 145
-117.7539 -67.2879 3812.9829 236 216 145
-114.5585 -67.2076 3808.4329 236 216 145
-111.3707 -67.1275 3803.8936 236 216 144
-108.3194 -67.1275 3803.8936 236 216 144
-45.6092 -64.7356 3668.3525 235 214 135
-42.6177 -64.6613 3664.1409 234 212 134
-39.6785 -64.6613 3664.1409 233 212 132
-36.6552 -64.5132 3655.7466 233 212 131
-33.6457 -64.3657 3647.3906 233 211 130
-30.7200 -64.3657 3647.3906 232 209 127
-24.6154 -63.7104 3610.2566 235 210 126
-21.6949 -63.6384 3606.1770 236 213 128
-18.7810 -63.5666 3602.1069 236 213 127
-15.8737 -63.4949 3598.0459 237 212 123
-12.9584 -63.3521 3589.9514 236 211 118
-10.0674 -63.2809 3585.9177 241 217 114
-7.1829 -63.2099 3581.8931 248 229 86
-4.3001 -63.0683 3573.8708 249 232 62
-1.4302 -62.9274 3565.8845 249 232 58
1.4270 -62.7871 3557.9338 249 232 58
4.2809 -62.7871 3557.9338 249 231 59
7.1190 -62.6474 3550.0186 249 231 59
9.9889 -62.7871 3557.9338 249 231 58
12.8142 -62.6474 3550.0186 249 231 58
15.5925 -62.3699 3534.2932 249 231 57
18.4479 -62.4390 3538.2114 249 232 57
21.2860 -62.4390 3538.2114 248 231 57
24.1242 -62.4390 3538.2114 248 231 57
26.9027 -62.3009 3530.3835 248 231 57
29.7017 -62.2320 3526.4827 248 231 57
340.4256 -54.4681 3086.5249 243 226 51
341.5800 -54.2582 3074.6309 242 225 51
344.0463 -54.2582 3074.6309 242 225 52
346.1790 -54.2060 3071.6716 242 224 51
348.3077 -54.1539 3068.7180 239 221 49
351.4451 -54.2582 3074.6309 231 212 42
353.9114 -54.2582 3074.6309 219 197 31
356.7213 -54.3105 3077.5957 205 180 21
358.8440 -54.2582 3074.6309 200 174 20
361.6587 -54.3105 3077.5957 200 172 19
364.8309 -54.4155 3083.5427 200 172 20
366.9499 -54.3629 3080.5664 199 172 18
394.7422 -56.9464 3226.9634 198 170 17
398.5396 -57.1197 3236.7817 196 169 16
399.1120 -56.8315 3220.4509 196 168 15
401.2903 -56.7742 3217.2043 196 166 15
405.9169 -57.0618 3233.5022 195 165 15
408.0972 -57.0041 3230.2295 195 165 15
-404.5022 -84.9639 4605.2910 57 65 146
-400.8081 -84.9639 4605.2910 57 66 145
-395.9713 -84.7194 4592.0386 58 67 146
-392.8531 -84.8415 4598.6553 57 66 146
-389.1643 -84.8415 4598.6553 57 66 147
-385.4755 -84.8415 4598.6553 60 67 147
-381.7868 -84.8415 4598.6553 66 72 149
-378.0980 -84.8415 4598.6553 73 79 157
-373.8705 -84.7194 4592.0386 76 86 172
-370.1871 -84.7194 4592.0386 75 86 174
-365.9771 -84.5977 4585.4409 65 75 166
-362.2989 -84.5977 4585.4409 64 72 159
-359.1367 -84.7194 4592.0386 63 71 153
-355.4532 -84.7194 4592.0386 59 66 149
-351.2644 -84.5977 4585.4409 58 65 147
-347.5862 -84.5977 4585.4409 58 65 144
-343.4147 -84.4763 4578.8618 58 66 143
-339.2550 -84.3553 4572.3018 59 66 142
-335.1073 -84.2346 4565.7607 61 66 141
-331.4449 -84.2346 4565.7607 60 66 141
-327.3143 -84.1143 4559.2383 61 66 139
-323.6572 -84.1143 4559.2383 61 66 138
-320.0000 -84.1143 4559.2383 60 65 139
-316.3429 -84.1143 4559.2383 61 65 139
-312.6857 -84.1143 4559.2383 59 65 138
-309.0286 -84.1143 4559.2383 60 65 139
-304.9358 -83.9943 4552.7344 59 64 138
-301.7143 -84.1143 4559.2383 60 66 139
-298.0572 -84.1143 4559.2383 60 66 137
-294.8212 -84.2346 4565.7607 60 66 137
-291.5760 -84.3553 4572.3018 61 66 137
-287.9083 -84.3553 4572.3018 62 67 137
-283.8341 -84.2346 4565.7607 63 66 137
-280.1717 -84.2346 4565.7607 63 67 137
-276.5093 -84.2346 4565.7607 63 67 137
-272.8470 -84.2346 4565.7607 63 67 137
-269.1846 -84.2346 4565.7607 63 67 135
-265.5222 -84.2346 4565.7607 61 66 135
-261.8598 -84.2346 4565.7607 62 67 135
-258.1974 -84.2346 4565.7607 63 69 135
-254.5351 -84.2346 4565.7607 63 70 135
-251.2321 -84.3553 4572.3018 63 71 135
-247.5645 -84.3553 4572.3018 63 69 135
-243.8969 -84.3553 4572.3018 64 69 136
-240.2292 -84.3553 4572.3018 63 68 135
-236.5616 -84.3553 4572.3018 64 68 135
-233.5632 -84.5977 4585.4409 65 70 134
-229.5553 -84.4763 4578.8618 64 69 133
-225.5587 -84.3553 4572.3018 64 70 133
-153.9048 -70.0952 3799.3652 63 67 128
-150.8571 -70.0952 3799.3652 61 67 127
-148.1623 -70.2625 3808.4329 61 65 124
-145.2808 -70.3465 3812.9829 62 64 122
-142.0525 -70.2625 3808.4329 61 63 119
-138.8320 -70.1788 3803.8936 58 61 116
-135.9427 -70.2625 3808.4329 65 65 111
-132.8878 -70.2625 3808.4329 146 134 127
-129.8329 -70.2625 3808.4329 234 216 154
-126.9295 -70.3465 3812.9829 237 219 147
-123.7232 -70.2625 3808.4329 237 217 146
-120.5244 -70.1788 3803.8936 236 216 145
-117.6134 -70.2625 3808.4329 236 216 144
-114.5585 -70.2625 3808.4329 236 216 145
-111.3707 -70.1788 3803.8936 236 216 144
-108.3194 -70.1788 3803.8936 236 216 144
-105.3938 -70.2625 3808.4329 236 216 145
-24.5045 -66.3063 3593.9941 233 210 123
-21.5973 -66.2317 3589.9514 236 213 129
-18.7177 -66.2317 3589.9514 237 213 126
-15.8380 -66.2317 3589.9514 237 212 120
-12.9438 -66.1573 3585.9177 238 215 110
-10.0561 -66.0831 3581.8931 248 229 88
-7.1749 -66.0090 3577.8774 249 232 64
-4.3001 -65.9351 3573.8708 250 232 58
-1.4286 -65.7143 3561.9048 249 232 59
1.4254 -65.5679 3553.9719 249 232 58
4.2714 -65.4950 3550.0186 249 232 57
7.1111 -65.4222 3546.0742 249 231 58
10.0000 -65.7143 3561.9048 249 231 57
12.8142 -65.4950 3550.0186 249 231 58
15.5925 -65.2049 3534.2932 249 231 57
18.4275 -65.2049 3534.2932 248 231 57
21.3097 -65.3496 3542.1384 248 231 57
24.1242 -65.2772 3538.2114 248 231 57
26.9324 -65.2049 3534.2932 248 231 57
29.7017 -65.0608 3526.4827 248 231 57
340.0966 -56.8889 3083.5427 243 226 51
341.2513 -56.6699 3071.6716 243 226 50
344.0463 -56.7245 3074.6309 242 225 50
346.1790 -56.6699 3071.6716 242 225 50
348.3077 -56.6154 3068.7180 239 221 49
351.1069 -56.6699 3071.6716 231 212 42
353.9114 -56.7245 3074.6309 219 198 31
356.7213 -56.7792 3077.5957 205 180 21
358.8440 -56.7245 3074.6309 200 173 19
361.6587 -56.7792 3077.5957 200 172 19
364.8309 -56.8889 3083.5427 200 172 19
366.9499 -56.8340 3080.5664 199 172 18
369.7778 -56.8889 3083.5427 199 171 18
398.9442 -59.7767 3240.0679 197 169 16
399.9191 -59.5349 3226.9634 196 168 15
402.5076 -59.5349 3226.9634 196 166 16
-404.5022 -88.6580 4605.2910 58 65 144
-400.8081 -88.6580 4605.2910 58 64 145
-395.9713 -88.4029 4592.0386 57 66 146
-392.8531 -88.5303 4598.6553 57 67 147
-389.1643 -88.5303 4598.6553 58 65 147
-385.4755 -88.5303 4598.6553 58 66 147
-381.7868 -88.5303 4598.6553 64 71 149
-378.0980 -88.5303 4598.6553 70 79 159
-373.8705 -88.4029 4592.0386 75 86 173
-370.7205 -88.5303 4598.6553 76 85 174
-365.9771 -88.2759 4585.4409 66 74 165
-362.2989 -88.2759 4585.4409 63 71 158
-359.1367 -88.4029 4592.0386 60 68 150
-355.4532 -88.4029 4592.0386 58 66 147
-351.2644 -88.2759 4585.4409 57 65 146
-347.5862 -88.2759 4585.4409 58 65 144
-343.4147 -88.1492 4578.8618 58 65 142
-339.2550 -88.0229 4572.3018 58 65 141
-335.1073 -87.8970 4565.7607 57 65 140
-330.9715 -87.7714 4559.2383 57 65 140
-327.3143 -87.7714 4559.2383 58 65 139
-323.6572 -87.7714 4559.2383 59 65 138
-319.5435 -87.6462 4552.7344 61 65 139
-315.8916 -87.6462 4552.7344 61 68 141
-312.2397 -87.6462 4552.7344 60 68 139
-308.5878 -87.6462 4552.7344 61 67 138
-304.9358 -87.6462 4552.7344 62 66 139
-301.2839 -87.6462 4552.7344 62 68 139
-297.6320 -87.6462 4552.7344 62 67 138
-294.4000 -87.7714 4559.2383 62 68 138
-291.1588 -87.8970 4565.7607 61 68 137
-287.0858 -87.7714 4559.2383 62 67 137
-283.4286 -87.7714 4559.2383 64 69 136
-279.3723 -87.6462 4552.7344 64 69 137
-275.7204 -87.6462 4552.7344 65 70 138
-272.0685 -87.6462 4552.7344 66 69 136
-268.8000 -87.7714 4559.2383 67 71 135
-264.7646 -87.6462 4552.7344 66 70 135
-261.4857 -87.7714 4559.2383 67 70 135
-257.8286 -87.7714 4559.2383 66 70 135
-254.1714 -87.7714 4559.2383 66 71 134
-250.8727 -87.8970 4565.7607 67 72 135
-247.2103 -87.8970 4565.7607 64 70 134
-243.5479 -87.8970 4565.7607 64 69 135
-239.8856 -87.8970 4565.7607 64 69 134
-236.2232 -87.8970 4565.7607 64 69 134
-233.2281 -88.1492 4578.8618 64 70 134
-229.2264 -88.0229 4572.3018 64 68 132
-225.5587 -88.0229 4572.3018 65 67 134
-150.8571 -73.1429 3799.3652 60 65 125
-147.9857 -73.2300 3803.8936 61 66 124
-145.2808 -73.4050 3812.9829 63 65 122
-142.0525 -73.3174 3808.4329 62 64 121
-138.8320 -73.2300 3803.8936 62 63 117
-135.9427 -73.3174 3808.4329 66 64 112
-132.7294 -73.2300 3803.8936 133 123 119
-129.8329 -73.3174 3808.4329 233 215 154
-126.7781 -73.3174 3808.4329 237 219 147
-123.7232 -73.3174 3808.4329 237 217 145
-120.5244 -73.2300 3803.8936 236 216 144
-117.6134 -73.3174 3808.4329 236 216 145
-114.5585 -73.3174 3808.4329 236 216 145
-111.3707 -73.2300 3803.8936 236 216 145
-108.3194 -73.2300 3803.8936 236 216 145
-105.3938 -73.3174 3808.4329 236 216 144
-33.1905 -69.2672 3598.0459 234 210 130
-30.3044 -69.2672 3598.0459 232 208 125
-27.3566 -69.1114 3589.9514 233 207 121
-24.4494 -69.0337 3585.9177 234 211 123
-21.5730 -69.0337 3585.9177 236 213 125
-18.6966 -69.0337 3585.9177 237 213 123
-15.8202 -69.0337 3585.9177 239 216 115
-12.9293 -68.9562 3581.8931 247 229 86
-10.0448 -68.8789 3577.8774 249 233 64
-7.1669 -68.8018 3573.8708 249 233 59
-4.2953 -68.7248 3569.8733 249 232 57
-1.4270 -68.4950 3557.9338 249 232 58
1.4238 -68.3426 3550.0186 249 232 58
4.2714 -68.3426 3550.0186 249 232 57
7.1111 -68.2667 3546.0742 249 231 58
10.0000 -68.5714 3561.9048 249 232 58
12.8142 -68.3426 3550.0186 249 232 58
15.6098 -68.1153 3538.2114 249 232 58
18.4479 -68.1153 3538.2114 248 231 57
21.3571 -68.3426 3550.0186 248 231 57
24.1509 -68.1909 3542.1384 248 231 56
26.9623 -68.1153 3538.2114 248 231 57
340.0966 -59.3623 3083.5427 243 225 51
340.9231 -59.0769 3068.7180 243 226 51
344.0463 -59.1908 3074.6309 243 225 51
346.1790 -59.1338 3071.6716 242 224 51
348.3077 -59.0769 3068.7180 238 221 48
351.1069 -59.1338 3071.6716 231 212 40
353.9114 -59.1908 3074.6309 219 198 31
356.7213 -59.2478 3077.5957 204 181 22
358.8440 -59.1908 3074.6309 200 174 19
361.6587 -59.2478 3077.5957 200 172 20
364.8309 -59.3623 3083.5427 199 171 18
366.9499 -59.3050 3080.5664 198 172 18
369.7778 -59.3623 3083.5427 199 172 18
399.3496 -62.4390 3243.3606 198 169 16
400.7295 -62.2492 3233.5022 197 168 15
-404.5022 -92.3521 4605.2910 58 65 143
-400.2306 -92.2190 4598.6553 59 64 145
-395.9713 -92.0863 4592.0386 57 64 146
-392.8531 -92.2190 4598.6553 57 66 147
-389.1643 -92.2190 4598.6553 57 65 146
-385.4755 -92.2190 4598.6553 60 66 146
-381.2375 -92.0863 4592.0386 66 71 150
-378.0980 -92.2190 4598.6553 69 77 160
-373.8705 -92.0863 4592.0386 74 86 175
-370.7205 -92.2190 4598.6553 74 85 174
-365.9771 -91.9540 4585.4409 66 74 164
-362.2989 -91.9540 4585.4409 63 70 158
-359.1367 -92.0863 4592.0386 58 67 150
-354.9426 -91.9540 4585.4409 56 67 148
-351.2644 -91.9540 4585.4409 56 65 146
-347.0875 -91.8221 4578.8618 58 66 145
-342.9226 -91.6906 4572.3018 59 65 142
-338.7697 -91.5594 4565.7607 58 65 140
-334.6286 -91.4286 4559.2383 58 65 139
-330.4993 -91.2981 4552.7344 57 65 140
-326.8474 -91.2981 4552.7344 58 66 139
-322.7351 -91.1681 4546.2490 58 65 138
-319.0883 -91.1681 4546.2490 58 65 139
-315.4416 -91.1681 4546.2490 59 66 139
-311.7949 -91.1681 4546.2490 58 65 138
-308.1482 -91.1681 4546.2490 60 66 139
-304.5014 -91.1681 4546.2490 61 66 139
-300.8547 -91.1681 4546.2490 61 66 138
-297.2080 -91.1681 4546.2490 62 67 139
-293.9800 -91.2981 4552.7344 63 68 139
-290.7429 -91.4286 4559.2383 63 68 138
-287.0858 -91.4286 4559.2383 64 69 137
-283.4286 -91.4286 4559.2383 63 68 136
-279.3723 -91.2981 4552.7344 60 66 137
-275.7204 -91.2981 4552.7344 62 67 137
-272.0685 -91.2981 4552.7344 64 68 137
-268.4166 -91.2981 4552.7344 63 69 134
-264.3875 -91.1681 4546.2490 64 69 134
-261.1127 -91.2981 4552.7344 65 71 134
-257.8286 -91.4286 4559.2383 65 71 134
-253.8089 -91.2981 4552.7344 66 72 135
-250.5143 -91.4286 4559.2383 66 72 137
-246.8572 -91.4286 4559.2383 65 70 137
-243.2000 -91.4286 4559.2383 65 70 137
-239.8856 -91.5594 4565.7607 64 69 135
-235.8857 -91.4286 4559.2383 61 67 135
-233.2281 -91.8221 4578.8618 63 68 135
-229.2264 -91.6906 4572.3018 61 66 133
-225.2361 -91.5594 4565.7607 61 66 133
-221.2572 -91.4286 4559.2383 63 68 133
-150.8571 -76.1905 3799.3652 60 66 127
-147.9857 -76.2813 3803.8936 59 65 124
-145.2808 -76.4636 3812.9829 59 64 121
-142.0525 -76.3723 3808.4329 59 61 119
-138.8320 -76.2813 3803.8936 60 61 116
-135.9427 -76.3723 3808.4329 63 63 112
-132.7294 -76.2813 3803.8936 122 112 116
-129.8329 -76.3723 3808.4329 230 213 155
-126.9295 -76.4636 3812.9829 237 219 148
-123.7232 -76.3723 3808.4329 236 216 143
-120.5244 -76.2813 3803.8936 236 216 142
-117.7539 -76.4636 3812.9829 236 216 143
-114.5585 -76.3723 3808.4329 236 216 143
-111.5036 -76.3723 3808.4329 236 216 145
-108.4487 -76.3723 3808.4329 236 216 145
-105.3938 -76.3723 3808.4329 236 216 143
-38.9189 -72.0721 3593.9941 234 212 130
-33.0787 -71.9101 3585.9177 234 211 130
-30.2362 -71.9910 3589.9514 234 209 126
-27.3258 -71.9101 3585.9177 235 208 121
-24.4220 -71.8294 3581.8931 235 210 122
-21.5488 -71.8294 3581.8931 236 213 121
-18.6756 -71.8294 3581.8931 240 217 116
-15.8025 -71.8294 3581.8931 247 229 92
-12.9148 -71.7489 3577.8774 249 233 65
-10.0448 -71.7489 3577.8774 249 232 59
-7.1669 -71.6685 3573.8708 249 232 58
-4.2953 -71.5884 3569.8733 249 232 58
-1.4270 -71.3489 3557.9338 248 232 58
1.4254 -71.2695 3553.9719 248 231 58
4.2762 -71.2695 3553.9719 249 231 58
7.1190 -71.1902 3550.0186 249 231 58
10.0112 -71.5084 3565.8845 248 231 57
12.8285 -71.2695 3553.9719 249 231 58
15.6271 -71.0322 3542.1384 248 231 57
18.4889 -71.1111 3546.0742 248 231 57
21.3571 -71.1902 3550.0186 248 231 57
24.1509 -71.0322 3542.1384 248 231 57
26.9324 -70.8749 3534.2932 249 232 58
339.7684 -61.7761 3080.5664 244 225 52
340.9231 -61.5385 3068.7180 243 226 51
344.0463 -61.6570 3074.6309 243 225 51
346.1790 -61.5977 3071.6716 242 223 51
348.3077 -61.5385 3068.7180 238 221 48
351.4451 -61.6570 3074.6309 231 211 40
353.9114 -61.6570 3074.6309 219 197 31
356.7213 -61.7165 3077.5957 204 180 21
358.8440 -61.6570 3074.6309 200 173 20
361.6587 -61.7165 3077.5957 200 172 19
364.8309 -61.8358 3083.5427 200 172 18
366.9499 -61.7761 3080.5664 199 172 18
369.7778 -61.8358 3083.5427 199 172 17
372.9720 -61.9555 3089.5129 199 171 18
397.1516 -65.1068 3246.6599 199 170 17
399.7559 -65.1068 3246.6599 199 169 16
400.7295 -64.8430 3233.5022 197 168 16
-403.9193 -95.9078 4598.6553 58 65 144
-400.2306 -95.9078 4598.6553 57 65 145
-395.9713 -95.7698 4592.0386 56 65 145
-392.8531 -95.9078 4598.6553 57 65 146
-388.6043 -95.7698 4592.0386 58 65 147
-384.9209 -95.7698 4592.0386 58 65 146
-381.2375 -95.7698 4592.0386 65 72 150
-378.0980 -95.9078 4598.6553 68 77 160
-373.8705 -95.7698 4592.0386 75 86 175
-370.1871 -95.7698 4592.0386 74 84 173
-365.9771 -95.6322 4585.4409 66 74 162
-362.2989 -95.6322 4585.4409 63 70 157
-359.1367 -95.7698 4592.0386 59 67 151
-354.9426 -95.6322 4585.4409 57 67 148
-351.2644 -95.6322 4585.4409 56 66 145
-347.0875 -95.4950 4578.8618 58 66 143
-342.9226 -95.3582 4572.3018 59 66 141
-338.2857 -95.0857 4559.2383 60 67 141
-334.1512 -94.9501 4552.7344 60 66 141
-330.0285 -94.8148 4546.2490 59 66 139
-326.3818 -94.8148 4546.2490 58 65 139
-322.2760 -94.6800 4539.7822 58 65 139
-318.6345 -94.6800 4539.7822 59 66 139
-314.9929 -94.6800 4539.7822 58 65 138
-311.3514 -94.6800 4539.7822 58 64 138
-308.1482 -94.8148 4546.2490 58 65 138
-304.0683 -94.6800 4539.7822 57 65 137
-300.4268 -94.6800 4539.7822 58 64 137
-297.2080 -94.8148 4546.2490 60 66 138
-293.9800 -94.9501 4552.7344 62 67 137
-291.1588 -95.2218 4565.7607 64 69 137
-287.0858 -95.0857 4559.2383 62 68 135
-283.4286 -95.0857 4559.2383 61 66 135
-279.3723 -94.9501 4552.7344 59 65 135
-275.7204 -94.9501 4552.7344 59 65 136
-271.6809 -94.8148 4546.2490 59 66 136
-268.4166 -94.9501 4552.7344 60 66 136
-264.3875 -94.8148 4546.2490 61 66 134
-261.1127 -94.9501 4552.7344 63 67 135
-257.4608 -94.9501 4552.7344 64 68 135
-253.8089 -94.9501 4552.7344 64 70 135
-250.5143 -95.0857 4559.2383 64 70 135
-246.8572 -95.0857 4559.2383 65 70 136
-243.2000 -95.0857 4559.2383 64 69 135
-239.8856 -95.2218 4565.7607 64 69 135
-235.8857 -95.0857 4559.2383 61 68 135
-232.8940 -95.3582 4572.3018 62 69 135
-228.8984 -95.2218 4565.7607 60 67 133
-225.2361 -95.2218 4565.7607 59 65 133
-221.2572 -95.0857 4559.2383 62 67 133
-150.8571 -79.2381 3799.3652 60 66 126
-147.9857 -79.3325 3803.8936 60 65 123
-145.2808 -79.5221 3812.9829 60 64 121
-142.0525 -79.4272 3808.4329 60 62 121
-138.9976 -79.4272 3808.4329 59 61 117
-135.9427 -79.4272 3808.4329 60 62 112
-132.7294 -79.3325 3803.8936 112 102 112
-129.8329 -79.4272 3808.4329 228 211 156
-126.9295 -79.5221 3812.9829 237 219 147
-123.7232 -79.4272 3808.4329 236 216 143
-120.6683 -79.4272 3808.4329 236 216 142
-117.7539 -79.5221 3812.9829 236 216 143
-114.6953 -79.5221 3812.9829 236 216 143
-111.5036 -79.4272 3808.4329 236 216 144
-108.4487 -79.4272 3808.4329 236 216 143
-105.3938 -79.4272 3808.4329 236 216 144
-38.8315 -74.7865 3585.9177 235 213 131
-35.9551 -74.7865 3585.9177 235 212 130
-33.0415 -74.7026 3581.8931 235 212 129
-30.2022 -74.7865 3585.9177 235 212 128
-27.2952 -74.7026 3581.8931 237 213 128
-24.4220 -74.7026 3581.8931 237 214 127
-21.5247 -74.6188 3577.8774 239 217 117
-18.6756 -74.7026 3581.8931 247 228 90
-15.7848 -74.6188 3577.8774 249 233 66
-12.9148 -74.6188 3577.8774 248 233 58
-10.0448 -74.6188 3577.8774 248 232 58
-7.1669 -74.5353 3573.8708 249 232 58
-4.2953 -74.4519 3569.8733 248 232 58
-1.4286 -74.2857 3561.9048 248 232 58
1.4270 -74.2029 3557.9338 249 231 58
4.2809 -74.2029 3557.9338 249 231 59
7.1349 -74.2029 3557.9338 249 231 58
10.0336 -74.5353 3573.8708 248 231 57
12.8715 -74.3687 3565.8845 248 231 57
15.6618 -74.0378 3550.0186 248 231 57
18.5301 -74.1203 3553.9719 249 231 58
21.3571 -74.0378 3550.0186 249 231 57
339.4407 -64.1852 3077.5957 244 226 52
340.5956 -63.9385 3065.7703 243 225 51
343.7151 -64.0616 3071.6716 244 226 51
346.1790 -64.0616 3071.6716 242 224 51
348.3077 -64.0000 3068.7180 239 221 48
351.4451 -64.1233 3074.6309 231 212 41
353.9114 -64.1233 3074.6309 218 197 31
356.7213 -64.1852 3077.5957 204 180 21
358.8440 -64.1233 3074.6309 200 173 20
361.6587 -64.1852 3077.5957 200 172 19
364.8309 -64.3092 3083.5427 199 172 18
366.9499 -64.2471 3080.5664 199 172 17
369.7778 -64.3092 3083.5427 200 171 17
372.9720 -64.4337 3089.5129 200 171 17
396.7480 -67.6423 3243.3606 198 170 16
399.3496 -67.6423 3243.3606 198 169 17
400.3239 -67.3684 3230.2295 197 168 16
-403.9193 -99.5965 4598.6553 58 65 145
-400.2306 -99.5965 4598.6553 58 65 146
-395.9713 -99.4532 4592.0386 57 65 146
-388.6043 -99.4532 4592.0386 58 65 147
-384.9209 -99.4532 4592.0386 57 65 147
-381.2375 -99.4532 4592.0386 64 71 151
-378.0980 -99.5965 4598.6553 70 77 163
-373.8705 -99.4532 4592.0386 74 86 175
-370.1871 -99.4532 4592.0386 73 85 173
-365.9771 -99.3104 4585.4409 65 74 163
-362.2989 -99.3104 4585.4409 63 70 157
-359.1367 -99.4532 4592.0386 60 67 150
-354.9426 -99.3104 4585.4409 58 67 145
-351.2644 -99.3104 4585.4409 58 66 144
-347.0875 -99.1679 4578.8618 57 64 142
-342.9226 -99.0258 4572.3018 58 65 142
-338.2857 -98.7429 4559.2383 60 65 142
-334.1512 -98.6020 4552.7344 60 64 141
-330.0285 -98.4615 4546.2490 59 64 140
-326.3818 -98.4615 4546.2490 57 64 141
-322.2760 -98.3215 4539.7822 57 64 139
-319.0883 -98.4615 4546.2490 58 64 138
-314.9929 -98.3215 4539.7822 60 66 139
-311.3514 -98.3215 4539.7822 61 65 139
-308.1482 -98.4615 4546.2490 60 65 139
-304.0683 -98.3215 4539.7822 59 66 139
-300.0000 -98.1818 4533.3335 58 64 138
-297.2080 -98.4615 4546.2490 60 65 138
-293.9800 -98.6020 4552.7344 61 65 137
-291.1588 -98.8841 4565.7607 62 66 138
-287.4964 -98.8841 4565.7607 60 65 137
-283.8341 -98.8841 4565.7607 59 64 137
-279.7715 -98.7429 4559.2383 60 64 136
-275.7204 -98.6020 4552.7344 60 65 135
-272.0685 -98.6020 4552.7344 62 66 137
-268.4166 -98.6020 4552.7344 64 66 136
-264.3875 -98.4615 4546.2490 63 66 134
-261.1127 -98.6020 4552.7344 64 67 136
-257.4608 -98.6020 4552.7344 64 68 135
-253.8089 -98.6020 4552.7344 66 71 136
-250.5143 -98.7429 4559.2383 68 72 135
-246.8572 -98.7429 4559.2383 66 71 135
-243.2000 -98.7429 4559.2383 63 68 134
-239.5429 -98.7429 4559.2383 63 68 134
-235.8857 -98.7429 4559.2383 63 68 135
-232.5608 -98.8841 4565.7607 63 69 134
-228.8984 -98.8841 4565.7607 66 70 133
-225.2361 -98.8841 4565.7607 65 69 132
-221.2572 -98.7429 4559.2383 61 66 131
-150.8571 -82.2857 3799.3652 62 67 125
-147.9857 -82.3838 3803.8936 60 64 124
-145.4546 -82.6794 3817.5439 62 64 123
-142.0525 -82.4821 3808.4329 61 62 120
-138.9976 -82.4821 3808.4329 59 61 118
-135.9427 -82.4821 3808.4329 60 60 111
-129.8329 -82.4821 3808.4329 224 208 156
-126.9295 -82.5807 3812.9829 237 219 148
-123.7232 -82.4821 3808.4329 237 217 145
-120.6683 -82.4821 3808.4329 236 217 143
-117.7539 -82.5807 3812.9829 236 216 143
-114.6953 -82.5807 3812.9829 236 216 144
-111.5036 -82.4821 3808.4329 236 216 144
-108.4487 -82.4821 3808.4329 236 216 142
-53.0347 -77.4020 3573.8708 236 213 133
-50.2242 -77.4888 3577.8774 236 213 133
-47.3543 -77.4888 3577.8774 235 213 133
-44.5342 -77.5758 3581.8931 236 213 132
-41.7079 -77.6629 3585.9177 237 213 131
-38.7879 -77.5758 3581.8931 237 213 131
-35.9147 -77.5758 3581.8931 236 213 129
-33.0045 -77.4888 3577.8774 234 212 127
-30.1684 -77.5758 3581.8931 235 211 124
-27.2646 -77.4888 3577.8774 237 211 121
-24.3946 -77.4888 3577.8774 239 216 114
-21.5006 -77.4020 3573.8708 246 227 92
-18.6547 -77.4888 3577.8774 249 233 65
-15.7848 -77.4888 3577.8774 250 233 59
-12.9148 -77.4888 3577.8774 249 232 56
-10.0336 -77.4020 3573.8708 249 232 57
-7.1669 -77.4020 3573.8708 249 231 58
-4.2905 -77.2290 3565.8845 248 232 58
-1.4286 -77.1429 3561.9048 249 232 58
1.4286 -77.1429 3561.9048 248 231 58
4.2857 -77.1429 3561.9048 249 231 58
7.1508 -77.2290 3565.8845 249 231 58
12.9003 -77.4020 3573.8708 248 231 57
21.4047 -77.0569 3557.9338 248 231 57
339.4407 -66.6538 3077.5957 244 227 53
340.5956 -66.3977 3065.7703 243 226 52
343.7151 -66.5255 3071.6716 243 226 51
346.1790 -66.5255 3071.6716 242 225 51
347.9731 -66.3977 3065.7703 239 221 48
351.4451 -66.5896 3074.6309 231 212 40
353.5708 -66.5255 3071.6716 218 197 30
356.3777 -66.5896 3074.6309 204 181 21
358.4986 -66.5255 3071.6716 199 173 20
361.6587 -66.6538 3077.5957 199 172 19
364.8309 -66.7826 3083.5427 199 172 18
366.9499 -66.7182 3080.5664 200 172 17
369.7778 -66.7826 3083.5427 200 171 17
372.6112 -66.8472 3086.5249 199 171 16
398.9442 -70.1726 3240.0679 196 169 16
399.9191 -69.8888 3226.9634 196 168 15
-399.6547 -103.1367 4592.0386 56 64 145
-388.6043 -103.1367 4592.0386 57 65 147
-384.9209 -103.1367 4592.0386 57 66 148
-380.6897 -102.9885 4585.4409 66 73 154
-378.0980 -103.2853 4598.6553 71 78 164
-373.8705 -103.1367 4592.0386 76 86 176
-370.1871 -103.1367 4592.0386 73 84 173
-365.9771 -102.9885 4585.4409 64 73 162
-362.8202 -103.1367 4592.0386 60 69 157
-359.1367 -103.1367 4592.0386 58 68 152
-355.4532 -103.1367 4592.0386 58 66 147
-351.7698 -103.1367 4592.0386 59 65 143
-347.5862 -102.9885 4585.4409 59 66 142
-343.4147 -102.8408 4578.8618 59 65 141
-338.7697 -102.5465 4565.7607 57 65 140
-334.1512 -102.2539 4552.7344 57 65 140
-330.4993 -102.2539 4552.7344 58 65 140
-326.8474 -102.2539 4552.7344 58 64 140
-319.5435 -102.2539 4552.7344 58 64 139
-315.4416 -102.1083 4546.2490 59 65 138
-311.7949 -102.1083 4546.2490 60 66 139
-308.1482 -102.1083 4546.2490 60 67 139
-303.6364 -101.8182 4533.3335 60 67 139
-299.5745 -101.6738 4526.9033 60 67 139
-296.7852 -101.9630 4539.7822 62 67 139
-293.9800 -102.2539 4552.7344 61 65 137
-291.1588 -102.5465 4565.7607 62 66 137
-287.4964 -102.5465 4565.7607 61 66 138
-283.8341 -102.5465 4565.7607 60 66 137
-279.7715 -102.4000 4559.2383 61 66 136
-276.1143 -102.4000 4559.2383 60 66 135
-271.6809 -102.1083 4546.2490 61 67 135
-268.8000 -102.4000 4559.2383 63 67 135
-264.3875 -102.1083 4546.2490 64 68 133
-261.1127 -102.2539 4552.7344 67 70 135
-257.4608 -102.2539 4552.7344 67 71 135
-253.4473 -102.1083 4546.2490 68 73 136
-250.5143 -102.4000 4559.2383 68 73 136
-246.8572 -102.4000 4559.2383 65 71 135
-243.2000 -102.4000 4559.2383 64 70 134
-239.5429 -102.4000 4559.2383 63 68 133
-235.8857 -102.4000 4559.2383 63 68 134
-232.5608 -102.5465 4565.7607 65 70 133
-228.5715 -102.4000 4559.2383 76 78 135
-225.2361 -102.5465 4565.7607 83 84 134
-220.9415 -102.2539 4552.7344 65 67 126
-151.0370 -85.4350 3803.8936 62 66 125
-147.9857 -85.4350 3803.8936 62 64 125
-145.4546 -85.7416 3817.5439 62 64 124
-142.2222 -85.6392 3812.9829 61 62 119
-127.0814 -85.7416 3817.5439 237 219 148
-123.8710 -85.6392 3812.9829 237 217 145
-120.6683 -85.5370 3808.4329 237 216 143
-117.8947 -85.7416 3817.5439 236 216 143
-114.8325 -85.7416 3817.5439 236 216 143
-111.6368 -85.6392 3812.9829 236 216 143
-108.4487 -85.5370 3808.4329 237 215 141
-53.0942 -80.3587 3577.8774 236 213 134
-50.1680 -80.2688 3573.8708 236 214 132
-47.3543 -80.3587 3577.8774 236 213 132
-44.4843 -80.3587 3577.8774 236 213 132
-41.7079 -80.5393 3585.9177 237 214 131
-38.7879 -80.4489 3581.8931 237 213 129
-35.9147 -80.4489 3581.8931 237 213 128
-33.0045 -80.3587 3577.8774 236 212 126
-30.1684 -80.4489 3581.8931 236 212 121
-27.2646 -80.3587 3577.8774 238 214 113
-24.3673 -80.2688 3573.8708 246 226 91
-21.5006 -80.2688 3573.8708 250 232 67
-18.6547 -80.3587 3577.8774 249 232 58
-15.7848 -80.3587 3577.8774 249 232 59
-12.9148 -80.3587 3577.8774 249 232 58
-10.0336 -80.2688 3573.8708 249 232 58
-7.1669 -80.2688 3573.8708 249 231 58
-4.2905 -80.0894 3565.8845 248 232 58
339.1137 -69.0559 3074.6309 243 226 52
340.2687 -68.7908 3062.8279 243 226 52
343.7151 -68.9894 3071.6716 243 226 51
346.1790 -68.9894 3071.6716 242 225 51
348.3077 -68.9231 3068.7180 239 221 49
351.4451 -69.0559 3074.6309 231 212 41
353.9114 -69.0559 3074.6309 218 197 30
356.3777 -69.0559 3074.6309 204 180 21
358.4986 -68.9894 3071.6716 200 174 20
361.6587 -69.1225 3077.5957 200 172 19
364.4788 -69.1892 3080.5664 199 171 18
366.9499 -69.1892 3080.5664 200 172 17
369.4209 -69.1892 3080.5664 200 172 17
372.6112 -69.3230 3086.5249 198 171 17
398.5396 -72.6978 3236.7817 197 170 16
399.9191 -72.4773 3226.9634 196 168 15
402.9150 -72.5506 3230.2295 195 166 14
-378.0980 -106.9741 4598.6553 77 85 167
-373.8705 -106.8202 4592.0386 81 91 177
-370.1871 -106.8202 4592.0386 73 83 171
-365.9771 -106.6667 4585.4409 64 72 163
-362.2989 -106.6667 4585.4409 61 69 157
-359.1367 -106.8202 4592.0386 59 67 152
-355.4532 -106.8202 4592.0386 59 66 147
-351.7698 -106.8202 4592.0386 59 66 144
-348.0864 -106.8202 4592.0386 59 66 142
-343.4147 -106.5136 4578.8618 60 65 141
-338.7697 -106.2089 4565.7607 58 64 140
-334.6286 -106.0571 4559.2383 57 64 139
-330.9715 -106.0571 4559.2383 57 64 140
-327.3143 -106.0571 4559.2383 58 63 139
-319.5435 -105.9059 4552.7344 57 64 139
-315.4416 -105.7550 4546.2490 58 64 139
-311.7949 -105.7550 4546.2490 59 65 138
-308.1482 -105.7550 4546.2490 59 66 139
-304.0683 -105.6046 4539.7822 61 66 140
-299.5745 -105.3050 4526.9033 63 67 139
-296.3637 -105.4546 4533.3335 62 67 138
-293.5613 -105.7550 4546.2490 60 67 137
-290.7429 -106.0571 4559.2383 60 67 137
-287.0858 -106.0571 4559.2383 60 66 136
-283.4286 -106.0571 4559.2383 61 66 136
-279.7715 -106.0571 4559.2383 62 66 136
-276.1143 -106.0571 4559.2383 61 66 135
-271.6809 -105.7550 4546.2490 61 67 135
-268.4166 -105.9059 4552.7344 63 67 135
-264.3875 -105.7550 4546.2490 64 69 134
-260.7408 -105.7550 4546.2490 63 69 134
-257.0941 -105.7550 4546.2490 64 69 134
-253.4473 -105.7550 4546.2490 66 70 135
-250.5143 -106.0571 4559.2383 66 71 136
-246.5050 -105.9059 4552.7344 64 70 135
-243.2000 -106.0571 4559.2383 63 70 134
-239.5429 -106.0571 4559.2383 62 68 133
-235.5492 -105.9059 4552.7344 63 67 134
-232.2286 -106.0571 4559.2383 64 68 135
-228.5715 -106.0571 4559.2383 66 70 134
-224.9143 -106.0571 4559.2383 72 75 133
-220.9415 -105.9059 4552.7344 65 68 129
-147.8095 -88.3810 3799.3652 62 64 124
-145.4546 -88.8038 3817.5439 62 64 123
-142.2222 -88.6977 3812.9829 60 63 120
-129.8329 -88.5919 3808.4329 214 199 153
-126.9295 -88.6977 3812.9829 237 218 149
-123.8710 -88.6977 3812.9829 238 217 146
-120.6683 -88.5919 3808.4329 236 216 143
-117.8947 -88.8038 3817.5439 236 216 142
-114.8325 -88.8038 3817.5439 237 216 143
-111.6368 -88.6977 3812.9829 237 215 142
-108.4487 -88.5919 3808.4329 237 215 142
-58.7682 -83.1355 3573.8708 236 213 134
-55.9641 -83.2287 3577.8774 236 214 134
-53.1538 -83.3221 3581.8931 236 213 132
-50.2242 -83.2287 3577.8774 236 213 131
-47.3543 -83.2287 3577.8774 235 213 130
-44.4843 -83.2287 3577.8774 236 214 130
-41.6611 -83.3221 3581.8931 236 213 130
-38.7444 -83.2287 3577.8774 237 213 128
-35.9147 -83.3221 3581.8931 237 213 128
-33.0045 -83.2287 3577.8774 237 213 126
-30.1345 -83.2287 3577.8774 238 215 121
-27.2646 -83.2287 3577.8774 246 226 100
-24.3673 -83.1355 3573.8708 249 232 69
-21.5006 -83.1355 3573.8708 249 232 60
-18.6338 -83.1355 3573.8708 249 232 58
-15.7671 -83.1355 3573.8708 248 232 59
-12.9148 -83.2287 3577.8774 249 232 57
-10.0336 -83.1355 3573.8708 249 232 58
339.1137 -71.5222 3074.6309 243 226 50
340.5956 -71.3160 3065.7703 243 226 51
343.7151 -71.4533 3071.6716 243 226 52
346.1790 -71.4533 3071.6716 242 225 50
348.6429 -71.4533 3071.6716 239 221 49
351.7840 -71.5911 3077.5957 231 212 41
353.9114 -71.5222 3074.6309 218 197 30
356.3777 -71.5222 3074.6309 204 181 21
358.4986 -71.4533 3071.6716 200 174 20
361.6587 -71.5911 3077.5957 200 172 20
364.4788 -71.6602 3080.5664 200 171 18
366.9499 -71.6602 3080.5664 200 172 17
369.4209 -71.6602 3080.5664 200 171 17
372.2512 -71.7295 3083.5427 199 171 16
395.9432 -75.2941 3236.7817 199 170 16
398.5396 -75.2941 3236.7817 198 170 16
400.3239 -75.1417 3230.2295 197 168 15
402.9150 -75.1417 3230.2295 195 167 14
410.1729 -75.5239 3246.6599 194 164 14
-374.4092 -110.6628 4598.6553 83 93 177
-370.1871 -110.5036 4592.0386 71 81 169
-365.9771 -110.3448 4585.4409 65 73 163
-362.2989 -110.3448 4585.4409 60 69 157
-359.1367 -110.5036 4592.0386 57 68 151
-355.4532 -110.5036 4592.0386 57 67 148
-351.2644 -110.3448 4585.4409 59 67 146
-347.5862 -110.3448 4585.4409 58 65 143
-343.4147 -110.1865 4578.8618 57 65 142
-338.7697 -109.8713 4565.7607 57 64 141
-334.6286 -109.7143 4559.2383 56 64 141
-330.9715 -109.7143 4559.2383 57 64 141
-327.3143 -109.7143 4559.2383 57 63 139
-323.1955 -109.5578 4552.7344 56 63 138
-319.5435 -109.5578 4552.7344 55 64 139
-314.9929 -109.2461 4539.7822 55 64 139
-311.7949 -109.4017 4546.2490 57 64 138
-308.1482 -109.4017 4546.2490 58 64 138
-304.0683 -109.2461 4539.7822 59 65 138
-300.0000 -109.0909 4533.3335 61 65 138
-296.7852 -109.2461 4539.7822 62 67 137
-293.5613 -109.4017 4546.2490 60 67 137
-290.3281 -109.5578 4552.7344 60 67 137
-286.6762 -109.5578 4552.7344 62 67 137
-283.4286 -109.7143 4559.2383 62 67 136
-279.3723 -109.5578 4552.7344 62 66 135
-276.1143 -109.7143 4559.2383 61 66 134
-271.6809 -109.4017 4546.2490 61 68 135
-268.8000 -109.7143 4559.2383 62 68 134
-264.7646 -109.5578 4552.7344 63 68 135
-261.1127 -109.5578 4552.7344 62 67 135
-257.4608 -109.5578 4552.7344 63 68 135
-253.4473 -109.4017 4546.2490 66 70 136
-250.5143 -109.7143 4559.2383 65 69 135
-246.8572 -109.7143 4559.2383 63 69 134
-243.2000 -109.7143 4559.2383 63 69 135
-239.5429 -109.7143 4559.2383 62 67 133
-235.5492 -109.5578 4552.7344 61 66 134
-232.2286 -109.7143 4559.2383 62 67 135
-228.2454 -109.5578 4552.7344 62 66 133
-224.9143 -109.7143 4559.2383 62 66 132
-220.6268 -109.4017 4546.2490 62 68 132
-147.8095 -91.4286 3799.3652 63 64 124
-145.4546 -91.8660 3817.5439 64 65 124
-142.2222 -91.7563 3812.9829 61 63 121
-129.8329 -91.6468 3808.4329 208 192 150
-126.9295 -91.7563 3812.9829 236 218 148
-123.8710 -91.7563 3812.9829 238 217 144
-120.6683 -91.6468 3808.4329 236 216 141
-117.8947 -91.8660 3817.5439 236 216 141
-114.9701 -91.9761 3822.1160 236 216 142
-111.7703 -91.8660 3817.5439 236 215 143
-108.5783 -91.7563 3812.9829 236 216 143
-58.9663 -86.2921 3585.9177 236 213 133
-56.0899 -86.2921 3585.9177 236 214 132
-53.2135 -86.2921 3585.9177 236 213 131
-50.2242 -86.0987 3577.8774 236 213 131
-47.4074 -86.1953 3581.8931 236 214 130
-44.5342 -86.1953 3581.8931 236 213 129
-41.7079 -86.2921 3585.9177 236 213 129
-38.7879 -86.1953 3581.8931 237 213 129
-35.9147 -86.1953 3581.8931 237 214 125
-33.0045 -86.0987 3577.8774 239 216 120
-30.1684 -86.1953 3581.8931 245 227 96
-27.2646 -86.0987 3577.8774 249 232 67
-24.3946 -86.0987 3577.8774 249 232 59
-21.5247 -86.0987 3577.8774 249 232 59
-18.6547 -86.0987 3577.8774 249 232 58
339.1137 -73.9884 3074.6309 243 225 50
340.9231 -73.8462 3068.7180 243 226 51
344.0463 -73.9884 3074.6309 243 226 52
346.1790 -73.9172 3071.6716 242 225 50
348.6429 -73.9172 3071.6716 239 221 49
351.7840 -74.0598 3077.5957 231 212 42
354.2527 -74.0598 3077.5957 218 197 30
356.3777 -73.9884 3074.6309 204 180 20
358.8440 -73.9884 3074.6309 200 174 19
361.6587 -74.0598 3077.5957 200 173 20
364.4788 -74.1313 3080.5664 200 172 19
366.9499 -74.1313 3080.5664 200 172 18
369.4209 -74.1313 3080.5664 200 172 18
372.2512 -74.2029 3083.5427 200 171 16
395.9432 -77.8905 3236.7817 199 171 17
398.9442 -77.9696 3240.0679 199 169 18
400.3239 -77.7328 3230.2295 196 168 17
403.3232 -77.8115 3233.5022 195 167 14
407.1545 -78.0488 3243.3606 196 166 14
410.5906 -78.2077 3249.9661 195 165 13
-370.1871 -114.1871 4592.0386 71 80 168
-365.9771 -114.0230 4585.4409 64 73 163
-362.2989 -114.0230 4585.4409 60 69 155
-359.1367 -114.1871 4592.0386 59 68 151
-354.9426 -114.0230 4585.4409 59 67 149
-351.2644 -114.0230 4585.4409 60 66 145
-347.5862 -114.0230 4585.4409 58 65 142
-342.9226 -113.6963 4572.3018 57 65 142
-338.2857 -113.3714 4559.2383 57 64 140
-334.6286 -113.3714 4559.2383 57 64 141
-330.4993 -113.2097 4552.7344 57 64 141
-327.3143 -113.3714 4559.2383 56 64 139
-323.1955 -113.2097 4552.7344 55 64 139
-319.0883 -113.0484 4546.2490 55 64 140
-315.4416 -113.0484 4546.2490 56 64 140
-312.2397 -113.2097 4552.7344 58 63 138
-308.1482 -113.0484 4546.2490 58 64 138
-304.5014 -113.0484 4546.2490 58 64 138
-300.8547 -113.0484 4546.2490 60 65 138
-297.2080 -113.0484 4546.2490 61 67 137
-293.9800 -113.2097 4552.7344 60 67 136
-290.7429 -113.3714 4559.2383 59 66 137
-287.0858 -113.3714 4559.2383 60 66 137
-283.4286 -113.3714 4559.2383 61 65 137
-279.7715 -113.3714 4559.2383 61 65 137
-276.1143 -113.3714 4559.2383 59 66 136
-272.0685 -113.2097 4552.7344 60 67 136
-268.8000 -113.3714 4559.2383 63 67 136
-265.1429 -113.3714 4559.2383 64 68 136
-261.4857 -113.3714 4559.2383 63 68 136
-257.8286 -113.3714 4559.2383 63 68 136
-253.8089 -113.2097 4552.7344 64 69 135
-250.8727 -113.5336 4565.7607 64 69 135
-246.8572 -113.3714 4559.2383 64 70 136
-243.2000 -113.3714 4559.2383 64 69 135
-239.5429 -113.3714 4559.2383 63 67 133
-235.5492 -113.2097 4552.7344 63 66 134
-232.2286 -113.3714 4559.2383 63 66 135
-228.2454 -113.2097 4552.7344 62 65 133
-224.5934 -113.2097 4552.7344 60 65 132
-220.3130 -112.8876 4539.7822 62 67 133
-145.4546 -94.9282 3817.5439 62 65 122
-142.2222 -94.8148 3812.9829 61 64 120
-129.9881 -94.8148 3812.9829 201 185 148
-127.0814 -94.9282 3817.5439 236 218 149
-123.8710 -94.8148 3812.9829 237 217 145
-120.8124 -94.8148 3812.9829 236 216 142
-118.0359 -95.0419 3822.1160 237 216 141
-115.1079 -95.1559 3826.6987 237 216 141
-111.9042 -95.0419 3822.1160 237 215 142
-108.7081 -94.9282 3817.5439 236 215 142
-58.9663 -89.1685 3585.9177 236 212 132
-56.0269 -89.0685 3581.8931 236 213 131
-53.2135 -89.1685 3585.9177 236 213 131
-50.2806 -89.0685 3581.8931 237 213 130
-47.4607 -89.1685 3585.9177 237 213 130
-44.5342 -89.0685 3581.8931 238 213 129
-41.7079 -89.1685 3585.9177 237 213 128
-38.7879 -89.0685 3581.8931 237 213 126
-35.9147 -89.0685 3581.8931 239 215 119
-33.0045 -88.9686 3577.8774 245 227 97
-30.1684 -89.0685 3581.8931 249 232 69
-27.2952 -89.0685 3581.8931 250 232 59
-24.4220 -89.0685 3581.8931 249 232 58
-21.5247 -88.9686 3577.8774 250 231 59
338.7873 -76.3811 3071.6716 244 225 51
340.9231 -76.3077 3068.7180 243 226 52
344.0463 -76.4547 3074.6309 243 226 51
346.5125 -76.4547 3074.6309 242 225 50
348.9789 -76.4547 3074.6309 239 221 49
351.7840 -76.5285 3077.5957 231 212 42
354.2527 -76.5285 3077.5957 219 197 31
356.3777 -76.4547 3074.6309 204 181 21
358.8440 -76.4547 3074.6309 200 174 20
361.6587 -76.5285 3077.5957 200 173 21
364.4788 -76.6023 3080.5664 199 172 20
366.9499 -76.6023 3080.5664 199 172 18
369.7778 -76.6763 3083.5427 199 172 18
372.2512 -76.6763 3083.5427 200 172 18
395.5421 -80.4053 3233.5022 199 171 17
398.9442 -80.5685 3240.0679 198 169 18
400.7295 -80.4053 3233.5022 197 168 17
403.3232 -80.4053 3233.5022 196 167 16
407.1545 -80.6504 3243.3606 196 166 15
410.5906 -80.8147 3249.9661 195 166 13
-370.1871 -117.8705 4592.0386 71 78 168
-365.9771 -117.7012 4585.4409 63 73 163
-362.2989 -117.7012 4585.4409 61 70 157
-358.6207 -117.7012 4585.4409 60 68 153
-354.9426 -117.7012 4585.4409 58 66 150
-350.7604 -117.5323 4578.8618 58 66 147
-347.0875 -117.5323 4578.8618 57 65 144
-342.4321 -117.1960 4565.7607 58 64 142
-338.2857 -117.0286 4559.2383 58 64 141
-334.1512 -116.8616 4552.7344 57 65 141
-330.4993 -116.8616 4552.7344 57 65 141
-326.8474 -116.8616 4552.7344 55 64 139
-323.1955 -116.8616 4552.7344 55 64 139
-319.0883 -116.6952 4546.2490 55 63 138
-314.9929 -116.5292 4539.7822 56 63 138
-311.7949 -116.6952 4546.2490 57 63 139
-308.1482 -116.6952 4546.2490 57 64 139
-304.5014 -116.6952 4546.2490 57 64 138
-300.8547 -116.6952 4546.2490 59 64 138
-297.2080 -116.6952 4546.2490 61 67 139
-293.9800 -116.8616 4552.7344 60 67 138
-290.7429 -117.0286 4559.2383 59 66 138
-287.0858 -117.0286 4559.2383 59 66 137
-283.4286 -117.0286 4559.2383 60 66 136
-279.7715 -117.0286 4559.2383 60 65 135
-276.1143 -117.0286 4559.2383 61 67 136
-271.6809 -116.6952 4546.2490 59 66 135
-268.8000 -117.0286 4559.2383 60 66 135
-265.1429 -117.0286 4559.2383 62 67 135
-261.4857 -117.0286 4559.2383 64 67 136
-257.8286 -117.0286 4559.2383 63 67 136
-254.1714 -117.0286 4559.2383 63 69 136
-250.8727 -117.1960 4565.7607 61 68 135
-247.2103 -117.1960 4565.7607 63 70 135
-243.2000 -117.0286 4559.2383 63 69 135
-239.5429 -117.0286 4559.2383 61 66 134
-235.5492 -116.8616 4552.7344 62 66 135
-231.8973 -116.8616 4552.7344 63 66 135
-227.9202 -116.6952 4546.2490 62 67 133
-224.5934 -116.8616 4552.7344 62 67 134
-145.2808 -97.8734 3812.9829 62 65 123
-142.2222 -97.8734 3812.9829 61 63 121
-129.9881 -97.8734 3812.9829 192 176 144
-127.0814 -97.9904 3817.5439 236 217 148
-124.0191 -97.9904 3817.5439 237 217 144
-120.9569 -97.9904 3817.5439 237 217 142
-118.0359 -98.1078 3822.1160 237 216 141
-115.1079 -98.2254 3826.6987 238 216 141
-112.0384 -98.2254 3826.6987 237 215 143
-108.7081 -97.9904 3817.5439 236 215 143
-105.6459 -97.9904 3817.5439 236 215 142
-61.9123 -92.1485 3589.9514 236 213 133
-58.9663 -92.0450 3585.9177 236 213 132
-56.0269 -91.9416 3581.8931 237 213 132
-53.2135 -92.0450 3585.9177 236 213 130
-50.2806 -91.9416 3581.8931 236 213 130
-47.4607 -92.0450 3585.9177 237 213 129
-44.5843 -92.0450 3585.9177 237 212 128
-41.7548 -92.1485 3589.9514 237 213 127
-38.7879 -91.9416 3581.8931 239 215 123
-35.9147 -91.9416 3581.8931 244 225 99
-33.0045 -91.8386 3577.8774 248 233 68
-30.1684 -91.9416 3581.8931 249 232 59
-27.2952 -91.9416 3581.8931 250 232 57
338.4615 -78.7692 3068.7180 243 226 52
340.2687 -78.6180 3062.8279 243 226 52
344.0463 -78.9210 3074.6309 243 226 52
346.5125 -78.9210 3074.6309 242 225 51
348.9789 -78.9210 3074.6309 239 221 50
351.7840 -78.9971 3077.5957 231 212 43
354.2527 -78.9971 3077.5957 218 197 30
356.3777 -78.9210 3074.6309 204 180 21
358.8440 -78.9210 3074.6309 199 174 20
361.6587 -78.9971 3077.5957 199 172 21
364.4788 -79.0734 3080.5664 199 172 21
366.9499 -79.0734 3080.5664 199 172 19
369.7778 -79.1498 3083.5427 199 171 18
372.2512 -79.1498 3083.5427 199 172 18
395.1417 -82.9150 3230.2295 198 171 17
398.9442 -83.1675 3240.0679 197 170 17
400.3239 -82.9150 3230.2295 198 168 17
403.3232 -82.9990 3233.5022 196 167 17
407.1545 -83.2520 3243.3606 195 167 15
410.5906 -83.4216 3249.9661 195 166 13
-370.1871 -121.5540 4592.0386 69 78 168
-365.4520 -121.2052 4578.8618 62 72 162
-361.7791 -121.2052 4578.8618 61 69 156
-358.6207 -121.3793 4585.4409 59 68 152
-354.4333 -121.2052 4578.8618 58 67 149
-350.7604 -121.2052 4578.8618 57 66 147
-346.5903 -121.0315 4572.3018 57 64 144
-341.9429 -120.6857 4559.2383 56 64 143
-337.8032 -120.5136 4552.7344 57 64 143
-333.6752 -120.3419 4546.2490 58 64 143
-330.0285 -120.3419 4546.2490 57 64 142
-326.3818 -120.3419 4546.2490 56 64 141
-322.7351 -120.3419 4546.2490 56 63 139
-318.6345 -120.1707 4539.7822 55 63 138
-314.9929 -120.1707 4539.7822 56 64 138
-311.3514 -120.1707 4539.7822 57 63 138
-307.7098 -120.1707 4539.7822 57 64 139
-304.0683 -120.1707 4539.7822 57 64 138
-300.4268 -120.1707 4539.7822 57 64 137
-296.7852 -120.1707 4539.7822 59 65 137
-293.5613 -120.3419 4546.2490 60 65 137
-290.3281 -120.5136 4552.7344 60 64 136
-286.6762 -120.5136 4552.7344 60 65 136
-283.4286 -120.6857 4559.2383 60 64 137
-279.3723 -120.5136 4552.7344 62 65 136
-276.1143 -120.6857 4559.2383 62 66 137
-271.6809 -120.3419 4546.2490 61 66 136
-268.8000 -120.6857 4559.2383 62 65 136
-265.1429 -120.6857 4559.2383 63 65 135
-261.1127 -120.5136 4552.7344 63 66 136
-257.8286 -120.6857 4559.2383 63 67 136
-253.8089 -120.5136 4552.7344 63 69 136
-250.5143 -120.6857 4559.2383 64 67 135
-246.8572 -120.6857 4559.2383 65 70 134
-243.2000 -120.6857 4559.2383 63 68 134
-239.5429 -120.6857 4559.2383 62 66 136
-235.2137 -120.3419 4546.2490 62 66 136
-231.5670 -120.3419 4546.2490 62 67 135
-227.5960 -120.1707 4539.7822 62 67 133
-224.2735 -120.3419 4546.2490 64 68 133
-142.2222 -100.9319 3812.9829 59 63 119
-138.9976 -100.8115 3808.4329 58 61 117
-129.9881 -100.9319 3812.9829 181 166 139
-127.0814 -101.0526 3817.5439 236 217 150
-124.0191 -101.0526 3817.5439 237 217 145
-120.9569 -101.0526 3817.5439 236 216 143
-118.0359 -101.1737 3822.1160 237 216 142
-115.1079 -101.2950 3826.6987 238 216 142
-112.0384 -101.2950 3826.6987 238 215 142
-108.7081 -101.0526 3817.5439 236 215 142
-105.6459 -101.0526 3817.5439 237 215 141
-68.0543 -95.5656 3610.2566 235 212 132
-61.9123 -95.0281 3589.9514 236 213 131
-58.9663 -94.9213 3585.9177 236 213 131
-56.0899 -94.9213 3585.9177 237 213 132
-53.2135 -94.9213 3585.9177 237 213 131
-50.2806 -94.8148 3581.8931 237 213 130
-47.4607 -94.9213 3585.9177 237 212 128
-44.5342 -94.8148 3581.8931 237 213 126
-41.7079 -94.9213 3585.9177 239 216 121
-38.7444 -94.7085 3577.8774 244 225 100
-35.8744 -94.7085 3577.8774 248 232 70
-33.0045 -94.7085 3577.8774 249 232 60
338.4615 -81.2308 3068.7180 243 226 52
340.2687 -81.0749 3062.8279 243 226 52
344.3780 -81.4658 3077.5957 244 226 52
346.5125 -81.3873 3074.6309 242 225 52
348.9789 -81.3873 3074.6309 238 221 51
351.7840 -81.4658 3077.5957 231 212 44
353.9114 -81.3873 3074.6309 218 196 30
356.3777 -81.3873 3074.6309 204 180 21
358.8440 -81.3873 3074.6309 200 173 20
361.6587 -81.4658 3077.5957 200 172 21
364.4788 -81.5444 3080.5664 199 172 21
366.9499 -81.5444 3080.5664 199 172 19
369.7778 -81.6232 3083.5427 200 171 18
372.2512 -81.6232 3083.5427 199 171 18
395.1417 -85.5061 3230.2295 199 171 17
398.9442 -85.7665 3240.0679 197 170 16
400.7295 -85.5927 3233.5022 197 169 16
403.7323 -85.6795 3236.7817 196 167 16
407.9837 -86.0285 3249.9661 195 166 14
411.0092 -86.1162 3253.2791 195 165 14
-369.6552 -125.0575 4585.4409 68 76 169
-365.4520 -124.8781 4578.8618 63 71 161
-362.2989 -125.0575 4585.4409 60 70 156
-358.6207 -125.0575 4585.4409 57 68 151
-354.4333 -124.8781 4578.8618 56 67 149
-350.7604 -124.8781 4578.8618 57 65 146
-346.5903 -124.6992 4572.3018 57 64 144
-341.9429 -124.3429 4559.2383 55 64 142
-337.3220 -123.9886 4546.2490 56 64 141
-333.6752 -123.9886 4546.2490 57 64 140
-330.0285 -123.9886 4546.2490 56 64 141
-326.8474 -124.1655 4552.7344 57 64 140
-322.7351 -123.9886 4546.2490 57 63 139
-319.0883 -123.9886 4546.2490 56 64 139
-314.9929 -123.8122 4539.7822 56 64 139
-311.3514 -123.8122 4539.7822 56 64 139
-307.7098 -123.8122 4539.7822 57 64 138
-304.0683 -123.8122 4539.7822 57 64 138
-300.4268 -123.8122 4539.7822 57 64 138
-296.7852 -123.8122 4539.7822 58 64 137
-293.5613 -123.9886 4546.2490 59 64 137
-290.3281 -124.1655 4552.7344 59 65 137
-287.0858 -124.3429 4559.2383 58 65 136
-283.4286 -124.3429 4559.2383 60 65 136
-279.3723 -124.1655 4552.7344 60 66 135
-276.1143 -124.3429 4559.2383 59 66 136
-271.6809 -123.9886 4546.2490 59 66 136
-268.8000 -124.3429 4559.2383 60 66 135
-265.1429 -124.3429 4559.2383 60 66 135
-261.1127 -124.1655 4552.7344 63 68 135
-257.8286 -124.3429 4559.2383 65 69 136
-253.8089 -124.1655 4552.7344 63 69 135
-250.5143 -124.3429 4559.2383 63 69 134
-246.8572 -124.3429 4559.2383 66 72 136
-243.2000 -124.3429 4559.2383 65 69 135
-239.5429 -124.3429 4559.2383 63 68 135
-235.2137 -123.9886 4546.2490 62 67 135
-231.5670 -123.9886 4546.2490 62 67 135
-227.2727 -123.6364 4533.3335 64 68 135
-223.9545 -123.8122 4539.7822 65 70 133
-138.9976 -103.8664 3808.4329 58 60 117
-129.9881 -103.9904 3812.9829 170 157 135
-127.0814 -104.1148 3817.5439 235 216 150
-124.0191 -104.1148 3817.5439 237 217 144
-120.9569 -104.1148 3817.5439 236 216 142
-118.1775 -104.3645 3826.6987 237 215 141
-115.1079 -104.3645 3826.6987 238 215 142
-112.0384 -104.3645 3826.6987 237 215 142
-108.8383 -104.2395 3822.1160 237 215 142
-105.6459 -104.1148 3817.5439 237 215 141
-71.2727 -98.9091 3626.6667 235 212 131
-67.9007 -98.2393 3602.1069 235 212 130
-64.8649 -98.0180 3593.9941 235 213 130
-61.8427 -97.7978 3585.9177 235 213 130
-58.9001 -97.6880 3581.8931 235 213 130
-56.0269 -97.6880 3581.8931 236 213 130
-53.2135 -97.7978 3585.9177 237 213 129
-50.2806 -97.6880 3581.8931 237 213 127
-47.4607 -97.7978 3585.9177 237 213 126
-44.5342 -97.6880 3581.8931 238 215 121
-41.6611 -97.6880 3581.8931 245 225 101
-38.7444 -97.5785 3577.8774 249 232 72
-35.8744 -97.5785 3577.8774 249 233 59
338.7873 -83.7729 3071.6716 243 226 52
340.5956 -83.6119 3065.7703 243 226 52
344.3780 -83.9344 3077.5957 243 226 52
346.8467 -83.9344 3077.5957 242 224 50
348.9789 -83.8536 3074.6309 238 221 50
351.7840 -83.9344 3077.5957 231 212 44
353.9114 -83.8536 3074.6309 218 196 30
356.3777 -83.8536 3074.6309 204 180 22
358.8440 -83.8536 3074.6309 200 173 20
361.6587 -83.9344 3077.5957 200 172 20
364.4788 -84.0154 3080.5664 199 172 20
366.9499 -84.0154 3080.5664 199 172 19
369.7778 -84.0966 3083.5427 199 172 18
372.2512 -84.0966 3083.5427 200 172 18
395.1417 -88.0972 3230.2295 199 171 17
399.3496 -88.4553 3243.3606 197 170 16
401.1359 -88.2759 3236.7817 196 169 16
409.2339 -88.9071 3259.9253 196 166 14
411.8488 -88.9071 3259.9253 195 165 14
-370.1871 -128.9209 4592.0386 66 75 167
-365.4520 -128.5509 4578.8618 62 71 160
-362.2989 -128.7357 4585.4409 60 67 154
-358.6207 -128.7357 4585.4409 59 67 150
-354.4333 -128.5509 4578.8618 57 65 148
-350.7604 -128.5509 4578.8618 57 65 146
-346.5903 -128.3668 4572.3018 56 64 144
-341.9429 -128.0000 4559.2383 55 64 142
-337.3220 -127.6353 4546.2490 57 64 141
-333.6752 -127.6353 4546.2490 58 64 140
-330.0285 -127.6353 4546.2490 57 64 141
-322.7351 -127.6353 4546.2490 56 63 139
-319.0883 -127.6353 4546.2490 56 64 139
-314.9929 -127.4538 4539.7822 55 64 139
-311.3514 -127.4538 4539.7822 56 64 139
-307.7098 -127.4538 4539.7822 56 64 138
-304.0683 -127.4538 4539.7822 57 64 138
-300.4268 -127.4538 4539.7822 57 64 138
-296.7852 -127.4538 4539.7822 58 64 137
-293.5613 -127.6353 4546.2490 60 64 137
-290.7429 -128.0000 4559.2383 60 65 137
-287.4964 -128.1831 4565.7607 59 66 137
-283.4286 -128.0000 4559.2383 61 66 136
-279.7715 -128.0000 4559.2383 61 65 135
-276.1143 -128.0000 4559.2383 62 66 136
-271.6809 -127.6353 4546.2490 62 66 136
-268.8000 -128.0000 4559.2383 62 66 135
-265.1429 -128.0000 4559.2383 63 67 136
-261.1127 -127.8174 4552.7344 65 68 136
-257.8286 -128.0000 4559.2383 66 68 135
-253.8089 -127.8174 4552.7344 63 68 136
-250.5143 -128.0000 4559.2383 63 68 135
-246.8572 -128.0000 4559.2383 66 72 135
-242.8531 -127.8174 4552.7344 65 70 134
-239.2012 -127.8174 4552.7344 63 67 135
-234.8791 -127.4538 4539.7822 62 67 135
-231.2376 -127.4538 4539.7822 62 67 134
-227.2727 -127.2727 4533.3335 64 68 136
-223.6364 -127.2727 4533.3335 64 69 135
-129.9881 -107.0490 3812.9829 158 147 132
-127.0814 -107.1770 3817.5439 234 216 151
-124.0191 -107.1770 3817.5439 237 217 145
-121.1018 -107.3054 3822.1160 236 216 141
-118.1775 -107.4341 3826.6987 237 215 140
-115.2461 -107.5630 3831.2927 237 215 140
-112.1729 -107.5630 3831.2927 237 215 140
-108.8383 -107.3054 3822.1160 237 215 141
-105.6459 -107.1770 3817.5439 237 215 140
-102.8297 -107.4341 3826.6987 236 214 138
-71.2727 -101.8182 3626.6667 235 211 130
-67.9007 -101.1287 3602.1069 236 212 129
-64.8649 -100.9009 3593.9941 236 212 129
-61.8427 -100.6742 3585.9177 236 213 129
-58.9001 -100.5612 3581.8931 235 213 128
-56.0269 -100.5612 3581.8931 236 213 128
-53.2135 -100.6742 3585.9177 237 212 127
-50.3371 -100.6742 3585.9177 237 212 126
-47.5141 -100.7874 3589.9514 238 214 120
-44.5843 -100.6742 3585.9177 244 224 100
-41.7079 -100.6742 3585.9177 249 232 71
-38.7879 -100.5612 3581.8931 249 232 59
336.9720 -86.4031 3077.5957 243 226 52
339.1137 -86.3199 3074.6309 243 226 52
340.9231 -86.1539 3068.7180 243 226 52
344.3780 -86.4031 3077.5957 243 226 51
346.8467 -86.4031 3077.5957 242 225 50
349.3153 -86.4031 3077.5957 238 221 49
351.7840 -86.4031 3077.5957 230 212 42
353.9114 -86.3199 3074.6309 218 198 30
356.3777 -86.3199 3074.6309 204 180 21
358.8440 -86.3199 3074.6309 200 173 19
361.6587 -86.4031 3077.5957 200 172 19
364.4788 -86.4865 3080.5664 200 172 20
366.9499 -86.4865 3080.5664 199 172 18
369.7778 -86.5701 3083.5427 198 172 17
372.2512 -86.5701 3083.5427 199 172 16
375.0871 -86.6538 3086.5249 200 171 16
395.5421 -90.7801 3233.5022 199 171 16
399.7559 -91.1495 3246.6599 197 171 16
401.9513 -91.0569 3243.3606 196 169 15
404.9644 -91.1495 3246.6599 196 167 14
410.4918 -91.8033 3269.9456 196 166 14
412.6920 -91.7093 3266.5986 195 166 13
414.8875 -91.6155 3263.2585 195 165 14
-370.1871 -132.6043 4592.0386 66 74 167
-365.9771 -132.4138 4585.4409 61 70 160
-362.2989 -132.4138 4585.4409 60 67 155
-358.6207 -132.4138 4585.4409 59 65 149
-354.4333 -132.2238 4578.8618 59 65 148
-350.7604 -132.2238 4578.8618 58 65 146
-346.5903 -132.0344 4572.3018 56 65 144
-341.4551 -131.4693 4552.7344 56 64 142
-337.3220 -131.2821 4546.2490 57 64 140
-333.6752 -131.2821 4546.2490 57 64 140
-322.7351 -131.2821 4546.2490 56 64 139
-318.6345 -131.0953 4539.7822 57 65 139
-314.5455 -130.9091 4533.3335 57 64 138
-311.3514 -131.0953 4539.7822 56 64 138
-307.7098 -131.0953 4539.7822 56 64 138
-304.0683 -131.0953 4539.7822 57 63 138
-300.4268 -131.0953 4539.7822 57 64 137
-296.7852 -131.0953 4539.7822 58 64 136
-293.5613 -131.2821 4546.2490 59 65 137
-290.7429 -131.6572 4559.2383 60 64 137
-287.4964 -131.8455 4565.7607 60 65 137
-283.4286 -131.6572 4559.2383 60 64 136
-279.7715 -131.6572 4559.2383 61 64 136
-276.1143 -131.6572 4559.2383 60 64 136
-271.6809 -131.2821 4546.2490 63 67 137
-268.8000 -131.6572 4559.2383 64 67 136
-265.1429 -131.6572 4559.2383 66 67 136
-261.1127 -131.4693 4552.7344 66 67 135
-257.4608 -131.4693 4552.7344 66 68 135
-253.8089 -131.4693 4552.7344 63 67 134
-250.1569 -131.4693 4552.7344 64 68 134
-246.5050 -131.4693 4552.7344 65 70 134
-242.5071 -131.2821 4546.2490 64 69 134
-238.8604 -131.2821 4546.2490 63 68 135
-234.5455 -130.9091 4533.3335 60 64 134
-230.9091 -130.9091 4533.3335 60 65 135
-226.6289 -130.5383 4520.4912 61 66 135
-223.0029 -130.5383 4520.4912 61 64 133
-130.1436 -110.2392 3817.5439 148 136 128
-127.2335 -110.3713 3822.1160 232 215 151
-124.1677 -110.3713 3822.1160 237 217 145
-121.1018 -110.3713 3822.1160 236 216 141
-118.3193 -110.6363 3831.2927 237 215 140
-115.2461 -110.6363 3831.2927 237 215 140
-112.3077 -110.7692 3835.8975 237 215 140
-108.8383 -110.3713 3822.1160 237 215 140
-105.6459 -110.2392 3817.5439 236 214 139
-102.8297 -110.5036 3826.6987 236 214 137
-71.1918 -104.6084 3622.5503 236 211 129
-67.9007 -104.0181 3602.1069 236 211 128
-64.8649 -103.7838 3593.9941 237 212 128
-61.9123 -103.6670 3589.9514 237 212 129
-58.9663 -103.5506 3585.9177 236 212 127
-56.1530 -103.6670 3589.9514 236 212 127
-53.3333 -103.7838 3593.9941 236 212 124
-50.3937 -103.6670 3589.9514 238 213 121
-47.5141 -103.6670 3589.9514 244 223 104
-44.5843 -103.5506 3585.9177 249 233 70
-41.7548 -103.6670 3589.9514 249 232 59
336.9720 -88.8717 3077.5957 243 226 52
339.1137 -88.7861 3074.6309 244 227 53
341.2513 -88.7007 3071.6716 243 226 52
344.3780 -88.8717 3077.5957 243 226 51
346.8467 -88.8717 3077.5957 242 225 50
349.3153 -88.8717 3077.5957 238 221 49
351.7840 -88.8717 3077.5957 230 212 42
353.9114 -88.7861 3074.6309 218 197 31
356.3777 -88.7861 3074.6309 203 180 21
358.8440 -88.7861 3074.6309 200 173 19
361.6587 -88.8717 3077.5957 200 171 20
364.4788 -88.9575 3080.5664 200 171 20
366.9499 -88.9575 3080.5664 199 172 18
369.7778 -89.0435 3083.5427 198 172 17
372.2512 -89.0435 3083.5427 200 171 17
375.0871 -89.1296 3086.5249 201 172 17
395.5421 -93.3739 3233.5022 199 171 16
399.7559 -93.7538 3246.6599 198 170 16
401.9513 -93.6585 3243.3606 197 168 15
404.9644 -93.7538 3246.6599 196 167 14
409.6524 -94.2331 3263.2585 196 166 14
412.2700 -94.2331 3263.2585 195 165 14
414.8875 -94.2331 3263.2585 195 165 15
-369.6552 -136.0920 4585.4409 66 74 165
-365.9771 -136.0920 4585.4409 61 69 158
-362.2989 -136.0920 4585.4409 59 67 153
-358.6207 -136.0920 4585.4409 59 66 150
-354.4333 -135.8967 4578.8618 58 66 147
-350.7604 -135.8967 4578.8618 57 66 145
-346.5903 -135.7020 4572.3018 57 65 142
-341.4551 -135.1213 4552.7344 56 65 141
-337.3220 -134.9288 4546.2490 57 65 141
-333.6752 -134.9288 4546.2490 59 66 140
-322.7351 -134.9288 4546.2490 58 65 138
-318.6345 -134.7368 4539.7822 57 64 139
-314.9929 -134.7368 4539.7822 57 64 137
-311.3514 -134.7368 4539.7822 57 65 138
-307.7098 -134.7368 4539.7822 58 65 138
-304.5014 -134.9288 4546.2490 57 64 137
-300.4268 -134.7368 4539.7822 57 63 137
-296.7852 -134.7368 4539.7822 58 64 136
-293.9800 -135.1213 4552.7344 59 65 137
-290.7429 -135.3143 4559.2383 58 65 137
-287.4964 -135.5079 4565.7607 58 64 136
-283.4286 -135.3143 4559.2383 59 64 136
-279.7715 -135.3143 4559.2383 61 64 137
-276.1143 -135.3143 4559.2383 60 65 136
-272.0685 -135.1213 4552.7344 61 67 136
-268.8000 -135.3143 4559.2383 64 67 136
-265.1429 -135.3143 4559.2383 65 66 135
-261.1127 -135.1213 4552.7344 62 67 136
-257.4608 -135.1213 4552.7344 64 68 135
-253.8089 -135.1213 4552.7344 63 64 133
-250.1569 -135.1213 4552.7344 64 66 135
-246.5050 -135.1213 4552.7344 65 68 135
-242.5071 -134.9288 4546.2490 64 68 135
-238.8604 -134.9288 4546.2490 62 66 135
-234.2128 -134.3546 4526.9033 60 64 135
-230.2550 -134.1643 4520.4912 60 64 135
-226.3083 -133.9745 4514.0972 59 64 134
-222.3729 -133.7853 4507.7212 59 64 134
-130.2994 -113.4371 3822.1160 136 124 121
-127.3861 -113.5732 3826.6987 232 214 152
-124.1677 -113.4371 3822.1160 237 217 145
-121.2470 -113.5732 3826.6987 237 216 141
-118.4615 -113.8462 3835.8975 237 215 139
-115.2461 -113.7095 3831.2927 237 215 139
-112.3077 -113.8462 3835.8975 236 214 139
-108.8383 -113.4371 3822.1160 236 214 138
-105.6459 -113.3014 3817.5439 236 214 136
-102.5837 -113.3014 3817.5439 236 214 136
-71.1918 -107.5142 3622.5503 236 211 128
-67.9774 -107.0283 3606.1770 236 211 127
-64.9380 -106.7869 3598.0459 236 212 127
-61.9820 -106.6667 3593.9941 236 211 127
-59.0326 -106.5467 3589.9514 236 212 127
-56.2162 -106.6667 3593.9941 237 212 125
-53.3333 -106.6667 3593.9941 236 213 120
-50.4505 -106.6667 3593.9941 243 223 101
-47.5676 -106.6667 3593.9941 248 232 72
-44.6847 -106.6667 3593.9941 249 233 60
337.2973 -91.4286 3080.5664 243 226 52
339.4407 -91.3404 3077.5957 244 227 53
341.5800 -91.2524 3074.6309 244 227 53
344.7104 -91.4286 3080.5664 243 226 52
347.1815 -91.4286 3080.5664 242 225 50
349.3153 -91.3404 3077.5957 239 221 48
351.7840 -91.3404 3077.5957 231 212 40
354.2527 -91.3404 3077.5957 218 197 30
356.3777 -91.2524 3074.6309 204 180 21
359.1900 -91.3404 3077.5957 200 173 20
362.0078 -91.4286 3080.5664 201 172 20
364.8309 -91.5169 3083.5427 200 171 20
366.9499 -91.4286 3080.5664 199 172 19
369.7778 -91.5169 3083.5427 199 172 18
372.2512 -91.5169 3083.5427 200 171 17
375.0871 -91.6054 3086.5249 200 171 17
395.1417 -95.8705 3230.2295 200 170 16
401.9513 -96.2602 3243.3606 198 168 15
408.8163 -96.6531 3256.5986 196 166 14
411.8488 -96.7518 3259.9253 195 165 14
414.8875 -96.8507 3263.2585 194 164 14
-365.4520 -139.5696 4578.8618 60 69 156
-361.7791 -139.5696 4578.8618 58 67 151
-358.1062 -139.5696 4578.8618 58 67 149
-354.4333 -139.5696 4578.8618 58 66 147
-350.2579 -139.3696 4572.3018 57 66 146
-346.0944 -139.1703 4565.7607 57 66 144
-341.4551 -138.7732 4552.7344 57 65 142
-337.3220 -138.5755 4546.2490 58 66 142
-333.6752 -138.5755 4546.2490 61 69 141
-330.0285 -138.5755 4546.2490 63 69 141
-326.8474 -138.7732 4552.7344 61 67 140
-322.7351 -138.5755 4546.2490 58 65 139
-319.0883 -138.5755 4546.2490 57 64 138
-314.9929 -138.3784 4539.7822 58 64 138
-311.7949 -138.5755 4546.2490 60 65 139
-307.7098 -138.3784 4539.7822 57 64 138
-304.5014 -138.5755 4546.2490 57 63 137
-300.4268 -138.3784 4539.7822 57 63 137
-297.2080 -138.5755 4546.2490 59 64 137
-293.9800 -138.7732 4552.7344 60 65 137
-290.7429 -138.9715 4559.2383 59 65 137
-287.4964 -139.1703 4565.7607 58 65 136
-283.4286 -138.9715 4559.2383 60 65 137
-279.7715 -138.9715 4559.2383 60 65 137
-276.1143 -138.9715 4559.2383 59 65 135
-271.6809 -138.5755 4546.2490 61 67 135
-268.4166 -138.7732 4552.7344 61 67 135
-264.7646 -138.7732 4552.7344 62 67 134
-261.1127 -138.7732 4552.7344 60 67 135
-257.4608 -138.7732 4552.7344 62 67 134
-253.8089 -138.7732 4552.7344 61 63 133
-250.1569 -138.7732 4552.7344 63 65 134
-246.1539 -138.5755 4546.2490 63 69 134
-242.1622 -138.3784 4539.7822 61 68 133
-238.5207 -138.3784 4539.7822 59 66 133
-234.2128 -137.9858 4526.9033 60 65 133
-230.2550 -137.7904 4520.4912 63 65 135
-226.3083 -137.5955 4514.0972 62 64 134
-222.0593 -137.2074 4501.3638 60 64 133
-130.9266 -117.0638 3840.5134 125 113 116
-127.6923 -116.9231 3835.8975 230 213 154
-124.4658 -116.7827 3831.2927 237 217 144
-121.5385 -116.9231 3835.8975 237 216 141
-118.6041 -117.0638 3840.5134 237 215 139
-115.5235 -117.0638 3840.5134 237 215 139
-112.4428 -117.0638 3840.5134 236 215 139
-108.9688 -116.6427 3826.6987 236 214 138
-105.6459 -116.3636 3817.5439 236 214 137
-71.1111 -110.2948 3618.4431 237 212 130
-67.9774 -109.9209 3606.1770 237 212 127
-65.0113 -109.7968 3602.1069 236 212 126
-62.0519 -109.6731 3598.0459 236 212 126
-59.0991 -109.5496 3593.9941 237 213 126
-56.2796 -109.6731 3598.0459 238 214 123
-53.3935 -109.6731 3598.0459 243 223 103
-50.4505 -109.5496 3593.9941 247 232 72
-47.6212 -109.6731 3598.0459 249 233 61
-44.7351 -109.6731 3598.0459 248 232 58
337.2973 -93.8996 3080.5664 243 226 52
339.7684 -93.8996 3080.5664 244 227 53
341.9094 -93.8091 3077.5957 243 226 52
344.7104 -93.8996 3080.5664 244 227 52
347.1815 -93.8996 3080.5664 242 225 50
349.6526 -93.8996 3080.5664 239 221 49
351.7840 -93.8091 3077.5957 231 212 43
354.2527 -93.8091 3077.5957 218 197 30
356.7213 -93.8091 3077.5957 204 180 22
359.1900 -93.8091 3077.5957 200 173 19
362.0078 -93.8996 3080.5664 200 172 19
364.8309 -93.9903 3083.5427 200 172 19
367.3044 -93.9903 3083.5427 199 172 19
370.1354 -94.0812 3086.5249 199 172 18
372.6112 -94.0812 3086.5249 200 172 17
375.4502 -94.1723 3089.5129 200 171 17
394.3435 -98.2626 3223.7039 199 170 16
401.1359 -98.6613 3236.7817 197 169 16
404.1422 -98.7614 3240.0679 196 168 15
407.9837 -99.0631 3249.9661 195 166 15
411.0092 -99.1641 3253.2791 195 165 14
414.0408 -99.2653 3256.5986 195 164 15
-365.4520 -143.2425 4578.8618 61 69 157
-361.7791 -143.2425 4578.8618 59 66 152
-358.1062 -143.2425 4578.8618 57 67 149
-354.4333 -143.2425 4578.8618 57 66 146
-350.2579 -143.0372 4572.3018 57 66 145
-346.0944 -142.8326 4565.7607 58 65 144
-341.4551 -142.4251 4552.7344 58 65 143
-337.3220 -142.2222 4546.2490 58 65 143
-334.1512 -142.4251 4552.7344 59 66 141
-330.4993 -142.4251 4552.7344 59 65 140
-326.8474 -142.4251 4552.7344 59 67 141
-323.1955 -142.4251 4552.7344 60 66 140
-319.0883 -142.2222 4546.2490 57 64 138
-315.4416 -142.2222 4546.2490 58 65 138
-311.7949 -142.2222 4546.2490 59 65 138
-307.7098 -142.0199 4539.7822 57 63 137
-304.5014 -142.2222 4546.2490 56 63 138
-300.8547 -142.2222 4546.2490 58 64 138
-297.2080 -142.2222 4546.2490 60 64 137
-293.9800 -142.4251 4552.7344 62 67 138
-290.7429 -142.6286 4559.2383 60 67 137
-287.4964 -142.8326 4565.7607 58 65 135
-283.4286 -142.6286 4559.2383 59 65 135
-279.7715 -142.6286 4559.2383 59 65 136
-275.7204 -142.4251 4552.7344 60 65 135
-271.6809 -142.2222 4546.2490 61 65 134
-268.4166 -142.4251 4552.7344 62 66 135
-264.7646 -142.4251 4552.7344 63 67 135
-261.1127 -142.4251 4552.7344 63 67 135
-257.4608 -142.4251 4552.7344 62 66 134
-253.8089 -142.4251 4552.7344 57 62 131
-249.8006 -142.2222 4546.2490 60 66 132
-246.1539 -142.2222 4546.2490 61 68 133
-242.1622 -142.0199 4539.7822 62 68 134
-238.1818 -141.8182 4533.3335 60 66 133
-233.8810 -141.4164 4520.4912 59 65 133
-229.9293 -141.2164 4514.0972 60 64 133
-226.3083 -141.2164 4514.0972 60 64 134
-222.0593 -140.8181 4501.3638 62 64 134
-131.4010 -120.5797 3854.4285 114 105 111
-128.0000 -120.2892 3845.1406 229 211 154
-124.9157 -120.2892 3845.1406 237 217 146
-121.8313 -120.2892 3845.1406 237 216 141
-118.7470 -120.2892 3845.1406 237 215 139
-115.6627 -120.2892 3845.1406 236 215 139
-112.5783 -120.2892 3845.1406 236 214 138
-109.0996 -119.8560 3831.2927 236 214 138
-105.6459 -119.4258 3817.5439 236 214 138
-83.0034 -113.5836 3630.7927 236 212 131
-80.0910 -113.5836 3630.7927 236 213 132
-77.1786 -113.5836 3630.7927 236 213 132
-74.0976 -113.3258 3622.5503 236 214 130
-70.9502 -112.9412 3610.2566 237 213 129
-67.9774 -112.8136 3606.1770 237 212 129
-64.9380 -112.5592 3598.0459 236 212 127
-62.0519 -112.5592 3598.0459 236 212 126
-59.1657 -112.5592 3598.0459 237 214 120
-56.2796 -112.5592 3598.0459 242 222 104
-53.3935 -112.5592 3598.0459 248 232 73
337.6232 -96.4638 3083.5427 244 227 52
339.7684 -96.3707 3080.5664 244 227 53
341.9094 -96.2777 3077.5957 243 226 52
344.7104 -96.3707 3080.5664 243 226 52
347.1815 -96.3707 3080.5664 242 226 50
349.6526 -96.3707 3080.5664 239 221 49
352.1236 -96.3707 3080.5664 230 212 41
354.2527 -96.2777 3077.5957 218 197 30
356.7213 -96.2777 3077.5957 204 180 21
359.1900 -96.2777 3077.5957 200 173 18
362.3575 -96.4638 3083.5427 200 172 19
364.8309 -96.4638 3083.5427 200 172 20
367.3044 -96.4638 3083.5427 199 172 19
370.1354 -96.5571 3086.5249 200 171 18
372.2512 -96.4638 3083.5427 200 171 17
375.0871 -96.5571 3086.5249 199 171 16
394.3435 -100.8485 3223.7039 198 171 16
398.9442 -101.3604 3240.0679 198 170 16
401.1359 -101.2576 3236.7817 197 169 16
404.1422 -101.3604 3240.0679 196 168 15
407.5687 -101.5666 3246.6599 196 167 14
411.0092 -101.7737 3253.2791 195 165 13
413.6188 -101.7737 3253.2791 195 164 14
-365.4520 -146.9154 4578.8618 60 68 155
-361.7791 -146.9154 4578.8618 59 67 152
-358.1062 -146.9154 4578.8618 56 66 148
-354.4333 -146.9154 4578.8618 58 66 147
-350.2579 -146.7049 4572.3018 58 65 145
-346.0944 -146.4950 4565.7607 58 65 144
-341.4551 -146.0770 4552.7344 58 64 142
-337.8032 -146.0770 4552.7344 56 64 141
-334.1512 -146.0770 4552.7344 57 65 140
-330.4993 -146.0770 4552.7344 58 65 139
-326.8474 -146.0770 4552.7344 59 65 140
-323.1955 -146.0770 4552.7344 59 65 139
-319.0883 -145.8690 4546.2490 57 64 139
-315.4416 -145.8690 4546.2490 58 65 138
-311.7949 -145.8690 4546.2490 59 66 138
-307.7098 -145.6615 4539.7822 58 65 138
-304.5014 -145.8690 4546.2490 58 64 138
-300.8547 -145.8690 4546.2490 59 64 137
-297.2080 -145.8690 4546.2490 60 66 136
-293.9800 -146.0770 4552.7344 58 65 135
-290.3281 -146.0770 4552.7344 58 65 135
-287.4964 -146.4950 4565.7607 58 65 134
-283.0243 -146.0770 4552.7344 60 65 135
-279.7715 -146.2857 4559.2383 59 64 135
-275.7204 -146.0770 4552.7344 60 64 135
-271.6809 -145.8690 4546.2490 60 65 135
-268.4166 -146.0770 4552.7344 59 65 135
-265.1429 -146.2857 4559.2383 61 66 134
-261.1127 -146.0770 4552.7344 62 65 133
-257.4608 -146.0770 4552.7344 61 64 133
-253.8089 -146.0770 4552.7344 57 61 131
-250.1569 -146.0770 4552.7344 58 64 134
-246.1539 -145.8690 4546.2490 61 66 135
-242.1622 -145.6615 4539.7822 62 67 135
-238.1818 -145.4546 4533.3335 61 66 134
-233.8810 -145.0425 4520.4912 59 65 133
-230.2550 -145.0425 4520.4912 59 64 134
-226.3083 -144.8374 4514.0972 60 64 134
-221.7465 -144.2254 4495.0234 60 65 133
-128.3092 -123.6715 3854.4285 226 209 153
-125.0664 -123.5223 3849.7791 237 217 146
-121.9783 -123.5223 3849.7791 237 216 141
-118.8902 -123.5223 3849.7791 236 215 138
-115.6627 -123.3735 3845.1406 236 215 139
-112.7141 -123.5223 3849.7791 236 214 138
-109.0996 -122.9292 3831.2927 236 214 137
-105.6459 -122.4880 3817.5439 236 214 137
-82.9091 -116.3636 3626.6667 236 212 130
-80.0000 -116.3636 3626.6667 236 213 132
-77.0034 -116.2316 3622.5503 236 213 132
-74.0136 -116.0998 3618.4431 236 214 131
-70.8701 -115.7062 3606.1770 237 213 130
-67.9774 -115.7062 3606.1770 237 213 129
-65.0113 -115.5756 3602.1069 237 213 126
-62.1219 -115.5756 3602.1069 237 213 123
-59.2325 -115.5756 3602.1069 242 221 104
340.4256 -99.0329 3086.5249 244 227 53
342.5701 -98.9372 3083.5427 243 226 52
344.7104 -98.8417 3080.5664 243 226 52
347.5169 -98.9372 3083.5427 242 226 51
349.6526 -98.8417 3080.5664 238 221 49
352.1236 -98.8417 3080.5664 229 212 41
354.5946 -98.8417 3080.5664 217 197 30
357.0657 -98.8417 3080.5664 204 179 22
359.5367 -98.8417 3080.5664 199 173 19
362.3575 -98.9372 3083.5427 199 172 20
364.8309 -98.9372 3083.5427 200 171 20
367.3044 -98.9372 3083.5427 199 172 19
370.1354 -99.0329 3086.5249 199 171 18
372.6112 -99.0329 3086.5249 199 171 18
375.0871 -99.0329 3086.5249 199 172 18
394.7422 -103.5389 3226.9634 199 171 17
398.9442 -103.9594 3240.0679 198 170 15
401.1359 -103.8540 3236.7817 196 170 16
404.1422 -103.9594 3240.0679 196 168 15
407.5687 -104.1709 3246.6599 195 167 14
410.5906 -104.2770 3249.9661 195 166 15
413.6188 -104.3833 3253.2791 195 165 15
417.0787 -104.5965 3259.9253 194 164 14
-365.4520 -150.5882 4578.8618 61 68 156
-361.2607 -150.3725 4572.3018 59 67 152
-357.5931 -150.3725 4572.3018 58 67 149
-353.9255 -150.3725 4572.3018 59 66 146
-350.2579 -150.3725 4572.3018 58 66 145
-346.0944 -150.1574 4565.7607 58 65 144
-341.4551 -149.7290 4552.7344 57 65 142
-337.8032 -149.7290 4552.7344 55 64 141
-334.1512 -149.7290 4552.7344 57 65 140
-330.4993 -149.7290 4552.7344 59 67 140
-327.3143 -149.9429 4559.2383 59 66 140
-323.1955 -149.7290 4552.7344 60 65 139
-319.0883 -149.5157 4546.2490 60 65 139
-315.4416 -149.5157 4546.2490 60 65 138
-311.7949 -149.5157 4546.2490 59 65 137
-307.7098 -149.3030 4539.7822 59 65 137
-304.5014 -149.5157 4546.2490 58 64 137
-300.8547 -149.5157 4546.2490 59 65 137
-297.2080 -149.5157 4546.2490 59 64 135
-293.9800 -149.7290 4552.7344 59 66 136
-290.3281 -149.7290 4552.7344 60 65 136
-287.4964 -150.1574 4565.7607 60 64 135
-283.4286 -149.9429 4559.2383 60 64 135
-279.7715 -149.9429 4559.2383 59 64 135
-275.7204 -149.7290 4552.7344 60 65 135
-272.0685 -149.7290 4552.7344 60 65 135
-268.4166 -149.7290 4552.7344 60 66 136
-265.1429 -149.9429 4559.2383 61 66 135
-261.1127 -149.7290 4552.7344 62 64 134
-257.8286 -149.9429 4559.2383 61 62 132
-254.1714 -149.9429 4559.2383 58 61 132
-250.1569 -149.7290 4552.7344 59 63 134
-246.5050 -149.7290 4552.7344 61 65 135
-242.1622 -149.3030 4539.7822 62 66 136
-238.5207 -149.3030 4539.7822 61 65 134
-234.2128 -148.8794 4526.9033 59 64 134
-230.2550 -148.6686 4520.4912 59 64 134
-226.3083 -148.4583 4514.0972 59 63 135
-221.7465 -147.8310 4495.0234 59 63 134
-217.8340 -147.6231 4488.7017 59 63 133
-128.3092 -126.7633 3854.4285 223 205 152
-125.0664 -126.6104 3849.7791 237 218 146
-121.9783 -126.6104 3849.7791 237 216 141
-118.7470 -126.4578 3845.1406 236 214 138
-115.6627 -126.4578 3845.1406 236 215 138
-112.5783 -126.4578 3845.1406 236 214 137
-108.9688 -125.8513 3826.6987 236 214 136
-105.5197 -125.4002 3812.9829 236 214 136
-82.9091 -119.2727 3626.6667 236 213 131
-79.9092 -119.1374 3622.5503 236 214 131
-76.9161 -119.0023 3618.4431 236 214 131
-73.9298 -118.8675 3614.3452 236 214 130
-70.8701 -118.5989 3606.1770 236 214 129
-67.9774 -118.5989 3606.1770 236 214 128
-65.0113 -118.4650 3602.1069 236 214 126
-62.1219 -118.4650 3602.1069 242 221 109
-59.2325 -118.4650 3602.1069 248 231 75
340.7551 -101.6070 3089.5129 243 226 52
342.9014 -101.5087 3086.5249 244 226 52
345.0435 -101.4106 3083.5427 243 227 52
347.5169 -101.4106 3083.5427 242 225 50
349.9904 -101.4106 3083.5427 238 221 48
352.1236 -101.3127 3080.5664 229 213 40
354.5946 -101.3127 3080.5664 217 197 29
357.0657 -101.3127 3080.5664 203 179 20
359.5367 -101.3127 3080.5664 199 172 19
362.3575 -101.4106 3083.5427 199 171 20
364.8309 -101.4106 3083.5427 199 172 20
367.3044 -101.4106 3083.5427 199 172 19
370.1354 -101.5087 3086.5249 199 171 18
372.6112 -101.5087 3086.5249 200 172 18
375.0871 -101.5087 3086.5249 200 172 18
399.7559 -106.7752 3246.6599 198 170 15
401.9513 -106.6667 3243.3606 197 169 16
404.9644 -106.7752 3246.6599 197 167 15
407.9837 -106.8839 3249.9661 196 167 15
410.5906 -106.8839 3249.9661 196 166 15
413.6188 -106.9929 3253.2791 195 165 14
416.6531 -107.1020 3256.5986 194 164 14
-361.2607 -154.0401 4572.3018 59 67 151
-357.5931 -154.0401 4572.3018 61 68 148
-353.9255 -154.0401 4572.3018 59 67 144
-350.2579 -154.0401 4572.3018 57 67 144
-345.6000 -153.6000 4559.2383 57 66 141
-341.4551 -153.3809 4552.7344 57 65 141
-337.3220 -153.1624 4546.2490 57 65 140
-333.6752 -153.1624 4546.2490 60 66 141
-330.4993 -153.3809 4552.7344 61 67 142
-327.3143 -153.6000 4559.2383 58 65 141
-323.1955 -153.3809 4552.7344 57 64 140
-319.0883 -153.1624 4546.2490 57 64 137
-315.4416 -153.1624 4546.2490 58 64 137
-311.7949 -153.1624 4546.2490 59 65 138
-307.7098 -152.9445 4539.7822 57 64 137
-304.5014 -153.1624 4546.2490 58 64 137
-300.8547 -153.1624 4546.2490 58 64 137
-297.2080 -153.1624 4546.2490 58 65 136
-293.9800 -153.3809 4552.7344 58 64 136
-290.3281 -153.3809 4552.7344 59 65 136
-287.4964 -153.8197 4565.7607 59 65 136
-283.4286 -153.6000 4559.2383 59 64 135
-279.7715 -153.6000 4559.2383 58 65 134
-275.7204 -153.3809 4552.7344 58 64 134
-272.0685 -153.3809 4552.7344 59 64 133
-268.8000 -153.6000 4559.2383 60 66 135
-265.1429 -153.6000 4559.2383 61 65 133
-261.4857 -153.6000 4559.2383 60 65 133
-257.8286 -153.6000 4559.2383 58 62 132
-254.1714 -153.6000 4559.2383 59 63 133
-250.5143 -153.6000 4559.2383 60 65 132
-246.8572 -153.6000 4559.2383 61 66 133
-242.5071 -153.1624 4546.2490 61 66 134
-238.8604 -153.1624 4546.2490 60 66 134
-234.2128 -152.5107 4526.9033 59 63 134
-230.2550 -152.2946 4520.4912 59 63 133
-226.3083 -152.0792 4514.0972 59 63 134
-221.7465 -151.4366 4495.0234 59 64 133
-217.8340 -151.2236 4488.7017 59 64 132
-128.3092 -129.8551 3854.4285 218 201 153
-124.9157 -129.5422 3845.1406 236 217 145
-121.6847 -129.3863 3840.5134 237 216 140
-118.6041 -129.3863 3840.5134 237 215 138
-115.3846 -129.2308 3835.8975 236 215 137
-112.3077 -129.2308 3835.8975 236 215 136
-108.7081 -128.6124 3817.5439 236 214 136
-105.3938 -128.3055 3808.4329 236 214 135
-83.0034 -122.3208 3630.7927 236 214 131
-79.8186 -121.9048 3618.4431 236 214 131
-76.8290 -121.7667 3614.3452 236 214 131
-73.8462 -121.6290 3610.2566 236 214 129
-70.8701 -121.4915 3606.1770 237 214 128
-67.9774 -121.4915 3606.1770 238 216 127
-65.0113 -121.3544 3602.1069 242 221 109
340.7551 -104.0852 3089.5129 243 226 52
342.9014 -103.9845 3086.5249 244 226 52
345.0435 -103.8841 3083.5427 244 227 52
347.5169 -103.8841 3083.5427 242 225 51
349.9904 -103.8841 3083.5427 238 221 48
352.4638 -103.8841 3083.5427 230 212 40
354.5946 -103.7838 3080.5664 218 197 31
357.4106 -103.8841 3083.5427 203 179 21
359.5367 -103.7838 3080.5664 199 172 19
362.3575 -103.8841 3083.5427 199 172 19
364.8309 -103.8841 3083.5427 199 172 19
367.3044 -103.8841 3083.5427 199 172 18
370.1354 -103.9845 3086.5249 200 172 18
372.6112 -103.9845 3086.5249 200 171 18
374.7246 -103.8841 3083.5427 200 171 18
400.1629 -109.4908 3249.9661 197 170 16
402.3601 -109.3795 3246.6599 198 169 16
404.9644 -109.3795 3246.6599 197 167 15
407.9837 -109.4908 3249.9661 196 166 14
410.5906 -109.4908 3249.9661 196 166 13
413.6188 -109.6025 3253.2791 195 165 14
416.6531 -109.7143 3256.5986 195 164 13
-357.0816 -157.4821 4565.7607 64 72 149
-353.9255 -157.7077 4572.3018 58 67 143
-350.2579 -157.7077 4572.3018 56 65 143
-345.6000 -157.2572 4559.2383 57 64 143
-340.9687 -156.8091 4546.2490 57 64 142
-337.3220 -156.8091 4546.2490 58 65 141
-333.6752 -156.8091 4546.2490 58 65 140
-330.4993 -157.0328 4552.7344 58 64 139
-327.3143 -157.2572 4559.2383 56 64 139
-323.1955 -157.0328 4552.7344 55 63 139
-319.0883 -156.8091 4546.2490 55 63 137
-315.4416 -156.8091 4546.2490 57 64 138
-311.7949 -156.8091 4546.2490 57 63 137
-307.7098 -156.5861 4539.7822 57 63 137
-304.5014 -156.8091 4546.2490 58 64 137
-300.8547 -156.8091 4546.2490 58 65 137
-297.2080 -156.8091 4546.2490 59 66 137
-293.9800 -157.0328 4552.7344 60 66 138
-290.3281 -157.0328 4552.7344 60 65 136
-287.4964 -157.4821 4565.7607 61 66 135
-283.4286 -157.2572 4559.2383 59 65 134
-279.7715 -157.2572 4559.2383 62 66 135
-276.1143 -157.2572 4559.2383 63 65 135
-272.0685 -157.0328 4552.7344 61 64 133
-268.8000 -157.2572 4559.2383 59 65 133
-265.5222 -157.4821 4565.7607 61 66 133
-261.4857 -157.2572 4559.2383 60 65 133
-258.1974 -157.4821 4565.7607 56 61 131
-254.5351 -157.4821 4565.7607 58 62 133
-250.5143 -157.2572 4559.2383 61 67 134
-246.8572 -157.2572 4559.2383 60 67 134
-242.5071 -156.8091 4546.2490 59 65 133
-238.8604 -156.8091 4546.2490 60 66 134
-234.2128 -156.1419 4526.9033 60 64 134
-230.5816 -156.1419 4526.9033 59 63 133
-226.3083 -155.7001 4514.0972 59 64 134
-222.0593 -155.2609 4501.3638 58 64 132
-128.1544 -132.7865 3849.7791 212 195 151
-124.7654 -132.4669 3840.5134 236 217 144
-121.5385 -132.3077 3835.8975 237 216 138
-118.3193 -132.1489 3831.2927 237 215 137
-115.1079 -131.9904 3826.6987 237 215 138
-112.0384 -131.9904 3826.6987 237 215 138
-108.5783 -131.5173 3812.9829 236 214 136
-105.2682 -131.2038 3803.8936 236 214 135
-82.9091 -125.0909 3626.6667 236 214 129
-79.7282 -124.6659 3614.3452 237 214 130
-76.7421 -124.5249 3610.2566 237 214 130
-73.7627 -124.3842 3606.1770 237 214 129
-70.7103 -124.1037 3598.0459 238 215 127
-67.8241 -124.1037 3598.0459 242 221 110
340.7551 -106.5634 3089.5129 244 227 52
342.9014 -106.4604 3086.5249 244 227 53
345.0435 -106.3575 3083.5427 243 226 52
347.5169 -106.3575 3083.5427 243 225 52
349.9904 -106.3575 3083.5427 239 221 48
352.4638 -106.3575 3083.5427 231 212 41
354.9372 -106.3575 3083.5427 218 196 30
357.4106 -106.3575 3083.5427 203 179 21
359.5367 -106.2548 3080.5664 200 173 19
362.3575 -106.3575 3083.5427 200 172 19
364.8309 -106.3575 3083.5427 199 172 19
367.3044 -106.3575 3083.5427 199 172 18
370.1354 -106.4604 3086.5249 199 172 17
372.6112 -106.4604 3086.5249 200 172 17
396.7480 -111.8699 3243.3606 200 171 17
400.1629 -112.0978 3249.9661 198 170 16
402.7699 -112.0978 3249.9661 197 169 16
405.3768 -112.0978 3249.9661 197 168 15
407.9837 -112.0978 3249.9661 196 166 14
410.5906 -112.0978 3249.9661 196 166 13
414.0408 -112.3265 3256.5986 195 165 14
417.0787 -112.4413 3259.9253 195 164 13
-353.9255 -161.3754 4572.3018 58 65 145
-349.7568 -161.1445 4565.7607 59 65 143
-345.6000 -160.9143 4559.2383 58 64 143
-340.9687 -160.4559 4546.2490 58 65 142
-337.3220 -160.4559 4546.2490 58 65 140
-333.2006 -160.2276 4539.7822 57 64 139
-330.4993 -160.6848 4552.7344 58 64 139
-327.3143 -160.9143 4559.2383 57 64 139
-323.1955 -160.6848 4552.7344 57 64 139
-319.0883 -160.4559 4546.2490 58 64 138
-315.4416 -160.4559 4546.2490 58 64 138
-311.7949 -160.4559 4546.2490 59 64 137
-307.7098 -160.2276 4539.7822 59 64 137
-304.5014 -160.4559 4546.2490 59 65 137
-300.8547 -160.4559 4546.2490 61 65 137
-297.6320 -160.6848 4552.7344 61 66 137
-293.9800 -160.6848 4552.7344 59 65 137
-290.7429 -160.9143 4559.2383 58 65 135
-287.4964 -161.1445 4565.7607 63 67 135
-283.4286 -160.9143 4559.2383 64 67 133
-280.1717 -161.1445 4565.7607 62 66 133
-276.1143 -160.9143 4559.2383 62 66 135
-272.4572 -160.9143 4559.2383 60 65 133
-268.8000 -160.9143 4559.2383 61 66 134
-265.5222 -161.1445 4565.7607 62 66 133
-261.8598 -161.1445 4565.7607 62 66 133
-258.1974 -161.1445 4565.7607 59 62 131
-254.5351 -161.1445 4565.7607 61 62 133
-250.5143 -160.9143 4559.2383 62 65 133
-246.8572 -160.9143 4559.2383 61 65 134
-242.5071 -160.4559 4546.2490 60 65 134
-238.8604 -160.4559 4546.2490 61 65 133
-234.2128 -159.7731 4526.9033 60 64 133
-230.5816 -159.7731 4526.9033 59 64 132
-226.3083 -159.3211 4514.0972 59 64 133
-222.0593 -158.8717 4501.3638 60 64 132
-124.7654 -135.5475 3840.5134 235 217 145
-121.3926 -135.2221 3831.2927 236 216 139
-118.0359 -134.8982 3822.1160 237 214 136
-114.9701 -134.8982 3822.1160 237 214 137
-111.9042 -134.8982 3822.1160 237 214 136
-108.5783 -134.5759 3812.9829 237 214 136
-82.9091 -128.0000 3626.6667 236 213 129
-79.7282 -127.5651 3614.3452 237 213 129
-76.7421 -127.4208 3610.2566 237 213 129
-73.7627 -127.2768 3606.1770 238 215 128
-70.7103 -126.9899 3598.0459 242 221 112
340.7551 -109.0416 3089.5129 244 226 52
342.9014 -108.9362 3086.5249 244 227 53
345.0435 -108.8309 3083.5427 243 226 52
347.8530 -108.9362 3086.5249 242 225 52
349.9904 -108.8309 3083.5427 239 221 49
352.4638 -108.8309 3083.5427 231 211 41
354.9372 -108.8309 3083.5427 217 195 31
357.4106 -108.8309 3083.5427 203 179 20
359.8841 -108.8309 3083.5427 200 173 18
362.7079 -108.9362 3086.5249 200 172 19
364.8309 -108.8309 3083.5427 199 172 19
367.3044 -108.8309 3083.5427 199 172 17
370.1354 -108.9362 3086.5249 199 172 16
372.6112 -108.9362 3086.5249 199 172 17
396.7480 -114.4715 3243.3606 200 170 17
400.1629 -114.7047 3249.9661 199 170 16
402.3601 -114.5880 3246.6599 197 169 16
404.9644 -114.5880 3246.6599 197 167 15
407.9837 -114.7047 3249.9661 196 167 14
410.1729 -114.5880 3246.6599 196 166 14
413.6188 -114.8216 3253.2791 196 165 14
416.6531 -114.9388 3256.5986 195 165 13
-349.7568 -164.8069 4565.7607 59 66 144
-345.1070 -164.3367 4552.7344 57 65 142
-340.4837 -163.8692 4539.7822 57 65 142
-336.8421 -163.8692 4539.7822 59 65 141
-332.7273 -163.6364 4533.3335 59 64 141
-330.0285 -164.1026 4546.2490 58 64 141
-327.3143 -164.5714 4559.2383 58 64 139
-323.1955 -164.3367 4552.7344 58 65 139
-319.0883 -164.1026 4546.2490 60 64 138
-315.4416 -164.1026 4546.2490 60 65 138
-311.7949 -164.1026 4546.2490 60 66 138
-307.7098 -163.8692 4539.7822 63 67 138
-304.5014 -164.1026 4546.2490 61 65 137
-300.8547 -164.1026 4546.2490 61 65 137
-297.6320 -164.3367 4552.7344 59 65 136
-293.9800 -164.3367 4552.7344 58 65 135
-290.7429 -164.5714 4559.2383 59 64 135
-287.4964 -164.8069 4565.7607 61 65 135
-283.4286 -164.5714 4559.2383 61 64 133
-280.1717 -164.8069 4565.7607 60 65 133
-276.1143 -164.5714 4559.2383 60 65 132
-272.4572 -164.5714 4559.2383 61 66 133
-268.8000 -164.5714 4559.2383 61 65 133
-265.5222 -164.8069 4565.7607 62 65 133
-261.8598 -164.8069 4565.7607 64 65 133
-258.1974 -164.8069 4565.7607 60 63 131
-254.5351 -164.8069 4565.7607 59 62 132
-250.5143 -164.5714 4559.2383 61 64 133
-246.5050 -164.3367 4552.7344 60 65 134
-242.5071 -164.1026 4546.2490 60 65 133
-238.8604 -164.1026 4546.2490 60 65 133
-234.2128 -163.4043 4526.9033 59 64 132
-230.5816 -163.4043 4526.9033 59 64 133
-226.6289 -163.1728 4520.4912 60 63 133
-222.3729 -162.7119 4507.7212 60 63 133
-218.4485 -162.4824 4501.3638 59 63 133
-214.5352 -162.2535 4495.0234 57 63 133
-121.2470 -138.1295 3826.6987 236 215 137
-117.8947 -137.7991 3817.5439 236 213 133
-114.8325 -137.7991 3817.5439 236 213 134
-111.7703 -137.7991 3817.5439 237 214 136
-108.4487 -137.4702 3808.4329 237 213 134
-83.0980 -131.2073 3634.9280 237 213 128
-79.8186 -130.6123 3618.4431 236 213 130
-76.7421 -130.3168 3610.2566 237 215 127
-73.7627 -130.1695 3606.1770 242 220 114
-70.7103 -129.8760 3598.0459 246 229 79
340.7551 -111.5199 3089.5129 244 226 52
342.9014 -111.4120 3086.5249 244 227 52
345.0435 -111.3044 3083.5427 244 226 52
347.8530 -111.4120 3086.5249 242 225 52
350.3289 -111.4120 3086.5249 239 221 49
352.4638 -111.3044 3083.5427 231 211 42
354.9372 -111.3044 3083.5427 217 195 30
357.4106 -111.3044 3083.5427 202 179 19
359.5367 -111.1969 3080.5664 200 173 18
362.7079 -111.4120 3086.5249 201 171 19
364.8309 -111.3044 3083.5427 199 172 19
367.3044 -111.3044 3083.5427 199 172 17
370.1354 -111.4120 3086.5249 200 172 17
372.6112 -111.4120 3086.5249 198 172 17
397.1516 -117.1923 3246.6599 199 171 17
399.7559 -117.1923 3246.6599 199 170 16
402.3601 -117.1923 3246.6599 198 170 16
404.9644 -117.1923 3246.6599 197 169 15
407.5687 -117.1923 3246.6599 197 167 15
410.1729 -117.1923 3246.6599 196 166 16
413.6188 -117.4312 3253.2791 196 166 15
416.6531 -117.5510 3256.5986 196 166 15
-349.2572 -168.2286 4559.2383 60 66 142
-344.6154 -167.7493 4546.2490 58 67 141
-340.0000 -167.2727 4533.3335 58 66 140
-335.8866 -167.0355 4526.9033 59 66 140
-332.2553 -167.0355 4526.9033 59 65 141
-329.5591 -167.5107 4539.7822 57 64 140
-326.8474 -167.9886 4552.7344 59 65 139
-322.7351 -167.7493 4546.2490 60 65 139
-319.0883 -167.7493 4546.2490 61 65 138
-314.9929 -167.5107 4539.7822 61 66 138
-311.3514 -167.5107 4539.7822 59 65 138
-307.2728 -167.2727 4533.3335 59 64 138
-304.0683 -167.5107 4539.7822 58 64 136
-300.4268 -167.5107 4539.7822 59 64 136
-297.2080 -167.7493 4546.2490 59 64 135
-293.9800 -167.9886 4552.7344 59 65 136
-290.3281 -167.9886 4552.7344 61 65 137
-287.4964 -168.4693 4565.7607 60 64 136
-283.4286 -168.2286 4559.2383 60 64 136
-280.1717 -168.4693 4565.7607 61 64 136
-276.1143 -168.2286 4559.2383 61 65 134
-272.4572 -168.2286 4559.2383 61 66 132
-268.8000 -168.2286 4559.2383 61 64 132
-265.5222 -168.4693 4565.7607 61 64 132
-261.8598 -168.4693 4565.7607 63 64 133
-258.1974 -168.4693 4565.7607 57 61 130
-254.5351 -168.4693 4565.7607 58 62 132
-250.5143 -168.2286 4559.2383 60 65 133
-246.5050 -167.9886 4552.7344 60 66 134
-242.5071 -167.7493 4546.2490 61 66 133
-238.8604 -167.7493 4546.2490 61 65 133
-234.2128 -167.0355 4526.9033 59 63 133
-230.5816 -167.0355 4526.9033 59 64 134
-226.6289 -166.7989 4520.4912 59 63 134
-222.3729 -166.3277 4507.7212 59 63 133
-218.7571 -166.3277 4507.7212 59 63 132
-214.8378 -166.0931 4501.3638 58 64 131
-114.8325 -140.8613 3817.5439 237 214 135
-111.7703 -140.8613 3817.5439 236 213 135
-108.4487 -140.5251 3808.4329 236 213 134
-83.0980 -134.1230 3634.9280 237 213 127
-79.8186 -133.5148 3618.4431 237 214 126
-76.7421 -133.2127 3610.2566 241 219 114
-73.7627 -133.0621 3606.1770 246 229 79
340.7551 -113.9981 3089.5129 244 227 52
342.9014 -113.8878 3086.5249 244 227 52
345.0435 -113.7778 3083.5427 243 226 52
348.1898 -113.9981 3089.5129 242 225 51
350.3289 -113.8878 3086.5249 239 221 49
352.8047 -113.8878 3086.5249 230 211 42
354.9372 -113.7778 3083.5427 217 195 30
357.4106 -113.7778 3083.5427 203 179 19
359.5367 -113.6680 3080.5664 200 173 19
362.7079 -113.8878 3086.5249 200 171 18
364.8309 -113.7778 3083.5427 200 172 19
367.3044 -113.7778 3083.5427 200 172 18
370.1354 -113.8878 3086.5249 200 172 18
372.6112 -113.8878 3086.5249 199 172 18
397.1516 -119.7965 3246.6599 199 171 17
400.1629 -119.9185 3249.9661 198 171 17
402.3601 -119.7965 3246.6599 198 171 17
404.9644 -119.7965 3246.6599 197 169 16
407.9837 -119.9185 3249.9661 197 168 15
410.5906 -119.9185 3249.9661 196 166 14
414.0408 -120.1633 3256.5986 196 167 15
417.0787 -120.2860 3259.9253 196 166 14
-349.2572 -171.8857 4559.2383 57 65 141
-344.6154 -171.3960 4546.2490 57 66 141
-340.0000 -170.9091 4533.3335 58 67 141
-335.8866 -170.6667 4526.9033 57 64 140
-332.2553 -170.6667 4526.9033 56 64 140
-329.5591 -171.1522 4539.7822 57 65 139
-326.8474 -171.6405 4552.7344 61 67 141
-323.1955 -171.6405 4552.7344 61 67 138
-319.0883 -171.3960 4546.2490 61 66 137
-315.4416 -171.3960 4546.2490 58 64 137
-311.7949 -171.3960 4546.2490 57 64 137
-307.7098 -171.1522 4539.7822 57 64 137
-304.5014 -171.3960 4546.2490 57 64 136
-300.4268 -171.1522 4539.7822 58 64 136
-297.6320 -171.6405 4552.7344 58 63 135
-293.9800 -171.6405 4552.7344 58 64 135
-290.3281 -171.6405 4552.7344 61 66 135
-287.4964 -172.1316 4565.7607 59 65 134
-283.4286 -171.8857 4559.2383 60 64 135
-280.1717 -172.1316 4565.7607 61 64 135
-276.1143 -171.8857 4559.2383 60 64 134
-272.4572 -171.8857 4559.2383 61 65 132
-268.8000 -171.8857 4559.2383 61 64 134
-265.5222 -172.1316 4565.7607 61 65 133
-261.8598 -172.1316 4565.7607 59 60 130
-258.1974 -172.1316 4565.7607 56 60 131
-254.1714 -171.8857 4559.2383 59 63 134
-250.5143 -171.8857 4559.2383 62 67 134
-246.5050 -171.6405 4552.7344 59 66 132
-242.5071 -171.3960 4546.2490 61 66 133
-238.8604 -171.3960 4546.2490 61 65 132
-234.5455 -170.9091 4533.3335 59 64 132
-230.5816 -170.6667 4526.9033 59 64 132
-226.6289 -170.4249 4520.4912 58 64 132
-222.3729 -169.9435 4507.7212 58 64 131
-218.7571 -169.9435 4507.7212 59 64 131
-214.8378 -169.7038 4501.3638 58 64 131
-111.9042 -144.0958 3822.1160 236 213 135
-108.4487 -143.5800 3808.4329 236 213 133
-83.0034 -136.8828 3630.7927 238 214 126
-79.6380 -136.1086 3610.2566 241 219 112
212.0165 -123.7860 3283.4021 247 230 56
214.4296 -123.6588 3280.0276 247 230 56
217.2840 -123.7860 3283.4021 246 230 56
340.7551 -116.4763 3089.5129 244 227 52
342.9014 -116.3636 3086.5249 244 227 51
345.0435 -116.2512 3083.5427 244 227 51
348.1898 -116.4763 3089.5129 242 225 51
350.3289 -116.3636 3086.5249 238 221 49
352.8047 -116.3636 3086.5249 230 211 41
354.9372 -116.2512 3083.5427 216 195 29
357.4106 -116.2512 3083.5427 203 178 20
359.5367 -116.1390 3080.5664 199 172 19
362.7079 -116.3636 3086.5249 199 172 18
364.8309 -116.2512 3083.5427 199 172 19
367.3044 -116.2512 3083.5427 199 172 19
370.4937 -116.4763 3089.5129 198 172 18
372.9720 -116.4763 3089.5129 198 171 18
397.1516 -122.4008 3246.6599 199 170 18
400.1629 -122.5255 3249.9661 199 170 18
402.7699 -122.5255 3249.9661 198 170 17
404.9644 -122.4008 3246.6599 197 168 16
407.5687 -122.4008 3246.6599 197 168 15
410.5906 -122.5255 3249.9661 195 167 15
414.0408 -122.7755 3256.5986 195 166 15
417.0787 -122.9009 3259.9253 195 165 15
-349.2572 -175.5429 4559.2383 57 65 141
-344.6154 -175.0428 4546.2490 56 65 140
-340.0000 -174.5455 4533.3335 57 65 141
-335.8866 -174.2979 4526.9033 58 65 140
-332.2553 -174.2979 4526.9033 57 64 140
-330.0285 -175.0428 4546.2490 56 65 139
-326.8474 -175.2924 4552.7344 57 65 138
-323.1955 -175.2924 4552.7344 59 66 138
-319.5435 -175.2924 4552.7344 59 65 138
-315.8916 -175.2924 4552.7344 57 64 137
-312.2397 -175.2924 4552.7344 57 64 138
-308.1482 -175.0428 4546.2490 58 65 138
-304.9358 -175.2924 4552.7344 58 65 137
-301.2839 -175.2924 4552.7344 59 63 136
-298.0572 -175.5429 4559.2383 57 63 136
-294.4000 -175.5429 4559.2383 58 64 136
-290.7429 -175.5429 4559.2383 59 66 136
-287.4964 -175.7940 4565.7607 58 65 136
-283.8341 -175.7940 4565.7607 60 66 136
-280.1717 -175.7940 4565.7607 60 64 134
-276.1143 -175.5429 4559.2383 59 63 133
-272.8470 -175.7940 4565.7607 59 65 134
-269.1846 -175.7940 4565.7607 57 61 131
-265.5222 -175.7940 4565.7607 57 59 131
-261.8598 -175.7940 4565.7607 57 61 132
-258.1974 -175.7940 4565.7607 59 63 133
-254.5351 -175.7940 4565.7607 59 64 133
-250.5143 -175.5429 4559.2383 61 66 133
-246.5050 -175.2924 4552.7344 61 66 133
-242.5071 -175.0428 4546.2490 61 65 132
-238.8604 -175.0428 4546.2490 60 64 132
-234.5455 -174.5455 4533.3335 59 65 133
-230.9091 -174.5455 4533.3335 59 64 133
-226.9504 -174.2979 4526.9033 58 64 132
-222.3729 -173.5593 4507.7212 56 63 134
-218.7571 -173.5593 4507.7212 56 63 132
-214.8378 -173.3146 4501.3638 58 63 132
-210.9296 -173.0704 4495.0234 58 62 132
-112.0384 -147.3381 3826.6987 236 213 133
-108.5783 -146.8100 3812.9829 236 213 132
212.4536 -126.6804 3290.1719 246 230 56
215.0928 -126.6804 3290.1719 246 230 56
217.7320 -126.6804 3290.1719 247 230 56
340.4256 -118.8395 3086.5249 244 227 53
342.9014 -118.8395 3086.5249 245 227 53
345.0435 -118.7246 3083.5427 244 227 52
348.1898 -118.9545 3089.5129 242 226 51
350.3289 -118.8395 3086.5249 238 221 49
352.8047 -118.8395 3086.5249 228 210 41
354.9372 -118.7246 3083.5427 215 194 28
357.4106 -118.7246 3083.5427 203 178 20
359.8841 -118.7246 3083.5427 200 172 19
362.7079 -118.8395 3086.5249 199 172 19
365.1838 -118.8395 3086.5249 199 172 19
367.6596 -118.8395 3086.5249 199 172 19
370.4937 -118.9545 3089.5129 198 171 18
372.9720 -118.9545 3089.5129 198 171 18
397.5560 -125.1324 3249.9661 198 170 17
400.1629 -125.1324 3249.9661 198 170 17
402.3601 -125.0051 3246.6599 198 170 17
404.9644 -125.0051 3246.6599 197 168 17
407.5687 -125.0051 3246.6599 196 168 15
410.5906 -125.1324 3249.9661 194 166 14
413.6188 -125.2599 3253.2791 195 166 15
416.6531 -125.3878 3256.5986 195 165 15
-348.7589 -178.9444 4552.7344 57 64 142
-344.1252 -178.4353 4539.7822 55 65 141
-340.0000 -178.1818 4533.3335 56 65 141
-335.4108 -177.6771 4520.4912 57 64 138
-332.2553 -177.9291 4526.9033 58 64 139
-329.5591 -178.4353 4539.7822 57 64 139
-326.8474 -178.9444 4552.7344 56 64 139
-323.1955 -178.9444 4552.7344 57 65 138
-319.5435 -178.9444 4552.7344 58 65 138
-315.8916 -178.9444 4552.7344 57 64 137
-312.2397 -178.9444 4552.7344 57 64 137
-308.5878 -178.9444 4552.7344 57 64 137
-304.9358 -178.9444 4552.7344 58 63 136
-301.2839 -178.9444 4552.7344 60 64 136
-298.0572 -179.2000 4559.2383 61 66 136
-294.4000 -179.2000 4559.2383 60 66 136
-290.7429 -179.2000 4559.2383 58 64 135
-287.4964 -179.4564 4565.7607 58 64 134
-283.8341 -179.4564 4565.7607 60 64 134
-280.1717 -179.4564 4565.7607 60 64 134
-276.1143 -179.2000 4559.2383 58 63 132
-272.8470 -179.4564 4565.7607 57 62 132
-269.1846 -179.4564 4565.7607 57 60 131
-265.5222 -179.4564 4565.7607 58 62 134
-262.2350 -179.7135 4572.3018 61 64 134
-258.1974 -179.4564 4565.7607 62 66 134
-254.5351 -179.4564 4565.7607 61 65 133
-250.8727 -179.4564 4565.7607 61 66 133
-246.5050 -178.9444 4552.7344 60 66 134
-242.5071 -178.6895 4546.2490 60 65 133
-238.8604 -178.6895 4546.2490 61 66 133
-234.5455 -178.1818 4533.3335 58 64 132
-230.9091 -178.1818 4533.3335 57 63 132
-226.9504 -177.9291 4526.9033 58 63 131
-222.6874 -177.4258 4514.0972 57 63 131
-219.0665 -177.4258 4514.0972 57 63 131
-215.1412 -177.1751 4507.7212 58 63 131
-211.2271 -176.9253 4501.3638 59 63 132
-112.0384 -150.4077 3826.6987 236 213 132
-108.5783 -149.8686 3812.9829 236 213 130
204.9587 -129.5868 3296.9697 246 229 56
207.8180 -129.7208 3300.3792 246 229 55
210.4654 -129.7208 3300.3792 246 229 55
212.8926 -129.5868 3296.9697 246 229 56
215.5372 -129.5868 3296.9697 246 230 56
218.1818 -129.5868 3296.9697 246 230 56
337.9497 -121.3153 3086.5249 245 227 52
340.4256 -121.3153 3086.5249 244 227 53
342.5701 -121.1981 3083.5427 244 227 53
345.0435 -121.1981 3083.5427 244 227 52
347.8530 -121.3153 3086.5249 243 226 50
350.3289 -121.3153 3086.5249 238 221 49
352.8047 -121.3153 3086.5249 229 210 40
354.9372 -121.1981 3083.5427 216 195 28
357.7563 -121.3153 3086.5249 203 178 20
359.8841 -121.1981 3083.5427 199 172 19
363.0591 -121.4327 3089.5129 199 171 19
365.1838 -121.3153 3086.5249 199 171 19
367.6596 -121.3153 3086.5249 199 171 19
370.8528 -121.5504 3092.5066 198 171 19
372.9720 -121.4327 3089.5129 199 170 19
397.5560 -127.7393 3249.9661 199 170 17
400.1629 -127.7393 3249.9661 198 171 17
402.3601 -127.6094 3246.6599 197 170 17
404.9644 -127.6094 3246.6599 196 168 16
407.1545 -127.4797 3243.3606 196 167 14
410.5906 -127.7393 3249.9661 195 166 14
413.6188 -127.8695 3253.2791 195 166 15
416.6531 -128.0000 3256.5986 195 165 15
-348.2621 -182.3362 4546.2490 56 63 140
-343.1490 -181.5603 4526.9033 57 64 140
-339.5178 -181.5603 4526.9033 57 64 141
-334.9364 -181.0467 4514.0972 57 64 139
-331.7847 -181.3031 4520.4912 56 65 139
-329.5591 -182.0768 4539.7822 57 64 139
-326.8474 -182.5963 4552.7344 59 65 138
-322.7351 -182.3362 4546.2490 58 65 136
-319.5435 -182.5963 4552.7344 61 66 137
-315.8916 -182.5963 4552.7344 62 67 138
-312.2397 -182.5963 4552.7344 60 66 137
-308.5878 -182.5963 4552.7344 59 64 136
-304.9358 -182.5963 4552.7344 60 64 136
-301.2839 -182.5963 4552.7344 61 66 135
-298.0572 -182.8571 4559.2383 63 68 136
-294.4000 -182.8571 4559.2383 59 65 135
-290.7429 -182.8571 4559.2383 57 63 135
-287.0858 -182.8571 4559.2383 58 63 134
-283.4286 -182.8571 4559.2383 59 63 135
-280.1717 -183.1187 4565.7607 62 64 135
-275.7204 -182.5963 4552.7344 59 63 132
-272.8470 -183.1187 4565.7607 60 65 133
-268.8000 -182.8571 4559.2383 60 64 132
-265.5222 -183.1187 4565.7607 59 63 132
-261.8598 -183.1187 4565.7607 61 65 134
-258.1974 -183.1187 4565.7607 63 66 134
-254.1714 -182.8571 4559.2383 63 65 133
-250.5143 -182.8571 4559.2383 61 65 132
-246.5050 -182.5963 4552.7344 61 65 133
-242.5071 -182.3362 4546.2490 60 64 132
-238.8604 -182.3362 4546.2490 60 66 132
-234.5455 -181.8182 4533.3335 59 64 132
-230.9091 -181.8182 4533.3335 58 62 132
-226.9504 -181.5603 4526.9033 57 63 132
-222.6874 -181.0467 4514.0972 58 63 133
-219.3768 -181.3031 4520.4912 59 63 133
-215.1412 -180.7910 4507.7212 59 62 132
-211.2271 -180.5360 4501.3638 58 63 132
-111.9042 -153.2934 3822.1160 237 213 130
-108.7081 -153.1101 3817.5439 236 213 129
208.0331 -132.5052 3303.7959 245 228 55
210.6833 -132.5052 3303.7959 246 228 55
213.1127 -132.3681 3300.3792 247 229 55
215.5372 -132.2314 3296.9697 246 230 56
218.4075 -132.3681 3300.3792 246 230 56
337.9497 -123.7911 3086.5249 244 227 52
340.0966 -123.6715 3083.5427 244 227 53
342.5701 -123.6715 3083.5427 244 227 53
345.0435 -123.6715 3083.5427 243 227 53
348.1898 -123.9109 3089.5129 242 226 50
350.3289 -123.7911 3086.5249 238 221 49
352.8047 -123.7911 3086.5249 229 211 41
354.9372 -123.6715 3083.5427 216 194 29
357.7563 -123.7911 3086.5249 203 178 20
359.8841 -123.6715 3083.5427 199 172 19
363.0591 -123.9109 3089.5129 200 171 20
365.1838 -123.7911 3086.5249 199 171 19
368.0155 -123.9109 3089.5129 199 171 19
370.8528 -124.0310 3092.5066 199 172 19
373.3334 -124.0310 3092.5066 199 171 19
397.5560 -130.3462 3249.9661 199 171 18
399.7559 -130.2136 3246.6599 199 171 17
402.3601 -130.2136 3246.6599 198 170 16
404.9644 -130.2136 3246.6599 196 168 15
407.1545 -130.0813 3243.3606 196 167 14
410.5906 -130.3462 3249.9661 195 167 14
413.6188 -130.4791 3253.2791 195 166 15
416.6531 -130.6123 3256.5986 195 165 14
-368.5674 -185.1915 4526.9033 66 73 160
-347.7668 -185.7184 4539.7822 57 64 141
-343.1490 -185.1915 4526.9033 57 64 140
-339.5178 -185.1915 4526.9033 57 64 140
-335.4108 -184.9292 4520.4912 58 65 140
-332.2553 -185.1915 4526.9033 56 64 139
-329.5591 -185.7184 4539.7822 55 64 139
-326.8474 -186.2482 4552.7344 59 66 139
-323.1955 -186.2482 4552.7344 61 67 139
-319.5435 -186.2482 4552.7344 61 66 138
-315.8916 -186.2482 4552.7344 62 67 138
-312.2397 -186.2482 4552.7344 60 67 138
-308.5878 -186.2482 4552.7344 61 66 137
-305.3715 -186.5143 4559.2383 61 65 136
-301.2839 -186.2482 4552.7344 62 66 136
-298.0572 -186.5143 4559.2383 62 66 136
-294.4000 -186.5143 4559.2383 60 64 135
-290.7429 -186.5143 4559.2383 59 64 135
-287.0858 -186.5143 4559.2383 61 64 136
-283.4286 -186.5143 4559.2383 60 64 133
-279.7715 -186.5143 4559.2383 60 65 134
-275.7204 -186.2482 4552.7344 60 65 133
-272.4572 -186.5143 4559.2383 59 64 134
-268.8000 -186.5143 4559.2383 59 64 133
-265.1429 -186.5143 4559.2383 59 64 134
-261.8598 -186.7811 4565.7607 59 65 134
-258.1974 -186.7811 4565.7607 60 65 133
-254.1714 -186.5143 4559.2383 62 65 133
-250.5143 -186.5143 4559.2383 61 65 133
-246.5050 -186.2482 4552.7344 59 65 133
-242.5071 -185.9829 4546.2490 57 64 132
-238.8604 -185.9829 4546.2490 58 65 130
-234.5455 -185.4546 4533.3335 59 64 132
-230.9091 -185.4546 4533.3335 58 62 132
-226.9504 -185.1915 4526.9033 57 63 132
-223.0029 -184.9292 4520.4912 58 63 132
-219.3768 -184.9292 4520.4912 60 64 132
-215.4456 -184.6676 4514.0972 59 64 131
-211.5254 -184.4068 4507.7212 57 63 133
-111.9042 -156.3593 3822.1160 236 212 129
-108.7081 -156.1723 3817.5439 236 212 128
196.0124 -134.1830 3280.0276 247 230 56
208.0331 -135.1553 3303.7959 246 229 55
210.4654 -135.0155 3300.3792 246 228 55
212.8926 -134.8760 3296.9697 246 229 55
218.4075 -135.0155 3300.3792 247 230 56
337.9497 -126.2669 3086.5249 244 227 52
340.0966 -126.1449 3083.5427 244 227 53
342.5701 -126.1449 3083.5427 244 227 53
345.0435 -126.1449 3083.5427 243 226 52
348.1898 -126.3892 3089.5129 241 225 51
350.3289 -126.2669 3086.5249 238 221 49
352.8047 -126.2669 3086.5249 229 211 41
354.9372 -126.1449 3083.5427 215 194 28
357.7563 -126.2669 3086.5249 202 178 20
359.8841 -126.1449 3083.5427 199 172 19
363.0591 -126.3892 3089.5129 199 171 20
365.1838 -126.2669 3086.5249 199 172 19
368.0155 -126.3892 3089.5129 199 172 19
370.8528 -126.5116 3092.5066 198 171 18
373.3334 -126.5116 3092.5066 198 171 18
397.5560 -132.9532 3249.9661 198 171 18
400.1629 -132.9532 3249.9661 198 171 17
402.3601 -132.8179 3246.6599 197 170 16
404.9644 -132.8179 3246.6599 196 169 16
407.1545 -132.6829 3243.3606 196 168 15
411.0092 -133.0887 3253.2791 196 167 15
413.6188 -133.0887 3253.2791 194 166 16
416.6531 -133.2245 3256.5986 194 165 15
-368.5674 -188.8227 4526.9033 65 73 160
-365.4546 -189.0909 4533.3335 66 74 154
-362.3329 -189.3599 4539.7822 58 67 147
-358.1818 -189.0909 4533.3335 57 65 146
-355.0498 -189.3599 4539.7822 57 65 143
-351.9089 -189.6297 4546.2490 56 64 142
-347.7668 -189.3599 4539.7822 56 64 141
-343.1490 -188.8227 4526.9033 57 64 140
-340.0000 -189.0909 4533.3335 57 64 139
-335.4108 -188.5553 4520.4912 58 64 139
-332.7273 -189.0909 4533.3335 58 64 139
-330.0285 -189.6297 4546.2490 58 64 138
-326.8474 -189.9002 4552.7344 61 66 139
-323.1955 -189.9002 4552.7344 60 65 138
-319.5435 -189.9002 4552.7344 59 65 138
-315.8916 -189.9002 4552.7344 60 67 139
-312.2397 -189.9002 4552.7344 63 69 141
-308.5878 -189.9002 4552.7344 65 70 139
-305.3715 -190.1714 4559.2383 63 67 137
-301.7143 -190.1714 4559.2383 61 65 136
-298.0572 -190.1714 4559.2383 60 64 135
-294.4000 -190.1714 4559.2383 61 67 136
-290.7429 -190.1714 4559.2383 62 66 135
-287.0858 -190.1714 4559.2383 62 65 135
-283.4286 -190.1714 4559.2383 60 65 135
-279.7715 -190.1714 4559.2383 59 66 134
-275.7204 -189.9002 4552.7344 60 65 133
-272.4572 -190.1714 4559.2383 60 64 134
-268.8000 -190.1714 4559.2383 59 65 133
-265.1429 -190.1714 4559.2383 60 65 135
-261.8598 -190.4435 4565.7607 59 65 135
-257.8286 -190.1714 4559.2383 59 64 135
-254.1714 -190.1714 4559.2383 60 64 134
-250.5143 -190.1714 4559.2383 61 65 135
-246.5050 -189.9002 4552.7344 59 65 135
-242.5071 -189.6297 4546.2490 58 65 134
-238.8604 -189.6297 4546.2490 58 63 132
-234.8791 -189.3599 4539.7822 58 63 132
-231.2376 -189.3599 4539.7822 58 64 133
-226.9504 -188.8227 4526.9033 57 63 132
-223.0029 -188.5553 4520.4912 57 64 132
-219.6880 -188.8227 4526.9033 60 66 131
-215.7507 -188.5553 4520.4912 60 66 130
-211.8246 -188.2885 4514.0972 59 65 131
193.5803 -136.9547 3283.4021 247 230 56
196.4161 -137.0958 3286.7834 247 230 56
199.4634 -137.3788 3293.5674 247 230 55
201.8969 -137.2371 3290.1719 246 229 55
204.9587 -137.5207 3296.9697 246 229 55
208.0331 -137.8054 3303.7959 246 229 55
210.4654 -137.6629 3300.3792 246 229 55
213.1127 -137.6629 3300.3792 246 229 55
215.5372 -137.5207 3296.9697 247 230 56
218.6336 -137.8054 3303.7959 247 230 56
337.9497 -128.7428 3086.5249 244 227 52
340.0966 -128.6184 3083.5427 244 227 53
342.5701 -128.6184 3083.5427 244 227 53
345.0435 -128.6184 3083.5427 244 226 52
348.1898 -128.8674 3089.5129 242 225 51
350.3289 -128.7428 3086.5249 239 221 49
352.8047 -128.7428 3086.5249 229 209 41
354.9372 -128.6184 3083.5427 216 194 28
357.7563 -128.7428 3086.5249 202 178 21
359.8841 -128.6184 3083.5427 199 172 19
362.7079 -128.7428 3086.5249 198 171 20
364.8309 -128.6184 3083.5427 199 172 20
368.0155 -128.8674 3089.5129 199 172 19
370.8528 -128.9923 3092.5066 199 171 19
373.3334 -128.9923 3092.5066 199 171 19
398.3673 -135.8367 3256.5986 198 171 18
400.5709 -135.6983 3253.2791 197 170 16
402.7699 -135.5601 3249.9661 197 169 16
405.3768 -135.5601 3249.9661 196 168 16
407.5687 -135.4222 3246.6599 197 167 15
411.8488 -135.9755 3259.9253 196 166 15
414.0408 -135.8367 3256.5986 193 165 15
-372.7273 -192.7273 4533.3335 71 80 169
-368.5674 -192.4539 4526.9033 66 73 160
-365.4546 -192.7273 4533.3335 66 73 154
-362.3329 -193.0014 4539.7822 59 66 147
-358.1818 -192.7273 4533.3335 58 65 145
-355.0498 -193.0014 4539.7822 57 64 142
-351.9089 -193.2764 4546.2490 57 64 141
-347.7668 -193.0014 4539.7822 57 64 140
-343.1490 -192.4539 4526.9033 56 64 139
-340.0000 -192.7273 4533.3335 57 65 139
-335.4108 -192.1813 4520.4912 59 65 139
-332.7273 -192.7273 4533.3335 61 66 140
-330.0285 -193.2764 4546.2490 62 67 141
-326.8474 -193.5521 4552.7344 60 66 139
-323.1955 -193.5521 4552.7344 58 64 138
-319.5435 -193.5521 4552.7344 61 65 139
-315.8916 -193.5521 4552.7344 63 68 140
-312.2397 -193.5521 4552.7344 62 68 139
-308.5878 -193.5521 4552.7344 62 67 138
-305.3715 -193.8286 4559.2383 62 65 137
-301.7143 -193.8286 4559.2383 59 64 136
-298.0572 -193.8286 4559.2383 60 64 135
-294.4000 -193.8286 4559.2383 61 67 136
-290.7429 -193.8286 4559.2383 63 67 135
-287.0858 -193.8286 4559.2383 64 67 136
-283.8341 -194.1059 4565.7607 63 67 134
-279.7715 -193.8286 4559.2383 63 67 135
-276.1143 -193.8286 4559.2383 63 68 133
-272.8470 -194.1059 4565.7607 63 66 132
-258.1974 -194.1059 4565.7607 60 64 134
-254.1714 -193.8286 4559.2383 60 64 134
-250.5143 -193.8286 4559.2383 61 66 134
-246.5050 -193.5521 4552.7344 60 65 133
-242.5071 -193.2764 4546.2490 60 65 134
-238.8604 -193.2764 4546.2490 59 63 133
-234.8791 -193.0014 4539.7822 61 63 133
-231.2376 -193.0014 4539.7822 61 64 133
-227.2727 -192.7273 4533.3335 58 63 132
-223.3192 -192.4539 4526.9033 59 65 131
-219.6880 -192.4539 4526.9033 62 66 130
-215.7507 -192.1813 4520.4912 67 72 134
-212.1247 -192.1813 4520.4912 60 64 130
-208.2037 -191.9095 4514.0972 62 66 131
193.7796 -139.7322 3286.7834 246 230 56
196.6186 -139.8763 3290.1719 247 230 56
199.6694 -140.1653 3296.9697 247 230 56
202.1053 -140.0207 3293.5674 246 229 55
205.1706 -140.3102 3300.3792 246 229 55
208.0331 -140.4555 3303.7959 247 230 55
210.4654 -140.3102 3300.3792 246 229 54
213.1127 -140.3102 3300.3792 246 229 54
215.5372 -140.1653 3296.9697 247 230 55
218.6336 -140.4555 3303.7959 247 230 56
337.9497 -131.2186 3086.5249 244 227 53
339.7684 -130.9653 3080.5664 244 227 53
342.5701 -131.0918 3083.5427 244 227 53
345.0435 -131.0918 3083.5427 244 227 53
347.8530 -131.2186 3086.5249 242 225 51
350.3289 -131.2186 3086.5249 239 221 50
352.8047 -131.2186 3086.5249 229 210 42
354.9372 -131.0918 3083.5427 216 193 29
357.7563 -131.2186 3086.5249 203 178 21
359.8841 -131.0918 3083.5427 199 172 19
362.7079 -131.2186 3086.5249 199 172 19
364.8309 -131.0918 3083.5427 199 172 20
368.0155 -131.3456 3089.5129 199 172 20
370.8528 -131.4729 3092.5066 199 172 19
373.3334 -131.4729 3092.5066 199 171 19
398.7743 -138.5904 3259.9253 198 171 17
400.9796 -138.4490 3256.5986 197 171 17
403.1805 -138.3079 3253.2791 197 169 18
405.3768 -138.1670 3249.9661 196 168 16
407.5687 -138.0264 3246.6599 196 167 15
412.6920 -138.8741 3266.5986 195 166 15
414.8875 -138.7321 3263.2585 193 165 14
-372.1986 -196.0851 4526.9033 69 78 167
-368.5674 -196.0851 4526.9033 65 72 158
-365.4546 -196.3637 4533.3335 66 72 152
-361.8182 -196.3637 4533.3335 61 66 147
-358.1818 -196.3637 4533.3335 58 65 144
-355.0498 -196.6430 4539.7822 57 65 142
-351.9089 -196.9231 4546.2490 57 65 141
-347.7668 -196.6430 4539.7822 58 66 140
-343.1490 -196.0851 4526.9033 58 64 138
-339.5178 -196.0851 4526.9033 58 65 139
-335.4108 -195.8074 4520.4912 61 68 140
-332.7273 -196.3637 4533.3335 61 67 139
-330.0285 -196.9231 4546.2490 58 64 139
-326.8474 -197.2040 4552.7344 57 64 139
-323.1955 -197.2040 4552.7344 56 63 136
-319.5435 -197.2040 4552.7344 58 64 138
-315.8916 -197.2040 4552.7344 59 66 137
-312.2397 -197.2040 4552.7344 63 69 137
-308.5878 -197.2040 4552.7344 63 68 137
-305.3715 -197.4857 4559.2383 62 65 137
-301.7143 -197.4857 4559.2383 59 65 136
-298.0572 -197.4857 4559.2383 61 65 135
-294.4000 -197.4857 4559.2383 62 67 135
-290.7429 -197.4857 4559.2383 62 66 134
-287.0858 -197.4857 4559.2383 61 66 135
-283.8341 -197.7682 4565.7607 62 67 134
-279.7715 -197.4857 4559.2383 61 66 134
-276.1143 -197.4857 4559.2383 63 67 134
-272.8470 -197.7682 4565.7607 63 66 133
-257.8286 -197.4857 4559.2383 61 65 135
-254.1714 -197.4857 4559.2383 61 65 135
-250.5143 -197.4857 4559.2383 61 66 134
-246.5050 -197.2040 4552.7344 61 65 133
-242.5071 -196.9231 4546.2490 58 64 133
-238.8604 -196.9231 4546.2490 58 63 133
-235.2137 -196.9231 4546.2490 58 62 132
-231.2376 -196.6430 4539.7822 59 64 133
-226.9504 -196.0851 4526.9033 57 63 132
-223.3192 -196.0851 4526.9033 58 64 130
-219.6880 -196.0851 4526.9033 62 66 132
-215.7507 -195.8074 4520.4912 64 69 132
-212.1247 -195.8074 4520.4912 59 63 128
-208.2037 -195.5304 4514.0972 62 66 130
199.6694 -142.8099 3296.9697 247 230 56
202.1053 -142.6626 3293.5674 246 229 55
205.1706 -142.9576 3300.3792 246 229 55
208.2487 -143.2539 3307.2195 247 230 56
210.4654 -142.9576 3300.3792 247 230 55
213.1127 -142.9576 3300.3792 247 230 56
215.5372 -142.8099 3296.9697 246 229 55
218.6336 -143.1056 3303.7959 247 230 56
337.9497 -133.6944 3086.5249 244 226 52
340.0966 -133.5652 3083.5427 244 226 52
342.5701 -133.5652 3083.5427 244 226 52
345.0435 -133.5652 3083.5427 244 227 53
347.8530 -133.6944 3086.5249 242 225 51
350.3289 -133.6944 3086.5249 238 221 50
352.8047 -133.6944 3086.5249 228 210 41
354.9372 -133.5652 3083.5427 215 194 28
357.4106 -133.5652 3083.5427 203 178 21
359.5367 -133.4363 3080.5664 199 173 19
363.0591 -133.8238 3089.5129 199 172 19
365.1838 -133.6944 3086.5249 199 172 20
368.0155 -133.8238 3089.5129 199 172 20
371.2124 -134.0834 3095.5061 199 172 18
373.6955 -134.0834 3095.5061 199 172 18
399.1820 -141.3497 3263.2585 198 171 17
401.3892 -141.2053 3259.9253 198 171 17
403.1805 -140.9174 3253.2791 197 170 17
405.7900 -140.9174 3253.2791 195 168 15
407.9837 -140.7739 3249.9661 196 167 15
413.5385 -141.7846 3273.2993 195 166 14
415.3122 -141.4944 3266.5986 194 165 13
-372.1986 -199.7163 4526.9033 68 77 165
-368.5674 -199.7163 4526.9033 64 71 157
-365.4546 -200.0000 4533.3335 65 71 151
-362.3329 -200.2845 4539.7822 61 67 145
-358.1818 -200.0000 4533.3335 60 66 143
-355.0498 -200.2845 4539.7822 58 65 141
-351.9089 -200.5698 4546.2490 57 66 140
-347.7668 -200.2845 4539.7822 59 66 139
-343.1490 -199.7163 4526.9033 63 68 139
-339.5178 -199.7163 4526.9033 61 66 139
-335.4108 -199.4334 4520.4912 60 65 139
-332.7273 -200.0000 4533.3335 60 65 139
-329.5591 -200.2845 4539.7822 59 64 138
-326.3818 -200.5698 4546.2490 59 65 138
-322.7351 -200.5698 4546.2490 59 65 137
-319.5435 -200.8559 4552.7344 57 63 137
-315.8916 -200.8559 4552.7344 58 64 137
-312.2397 -200.8559 4552.7344 64 70 139
-308.5878 -200.8559 4552.7344 62 68 137
-304.9358 -200.8559 4552.7344 60 65 136
-301.2839 -200.8559 4552.7344 60 65 136
-298.0572 -201.1429 4559.2383 62 65 135
-293.9800 -200.8559 4552.7344 62 68 136
-290.7429 -201.1429 4559.2383 59 64 133
-287.0858 -201.1429 4559.2383 59 64 134
-283.8341 -201.4306 4565.7607 61 65 134
-279.7715 -201.1429 4559.2383 60 64 134
-276.1143 -201.1429 4559.2383 61 65 134
-273.2378 -201.7192 4572.3018 60 64 133
-257.8286 -201.1429 4559.2383 61 65 133
-253.8089 -200.8559 4552.7344 60 64 133
-250.1569 -200.8559 4552.7344 59 65 133
-246.5050 -200.8559 4552.7344 60 65 132
-242.5071 -200.5698 4546.2490 57 63 132
-238.8604 -200.5698 4546.2490 57 62 132
-235.2137 -200.5698 4546.2490 58 63 131
-231.2376 -200.2845 4539.7822 59 64 131
-226.9504 -199.7163 4526.9033 57 63 130
-223.3192 -199.7163 4526.9033 59 64 130
-219.6880 -199.7163 4526.9033 61 65 132
-215.7507 -199.4334 4520.4912 59 64 129
-212.1247 -199.4334 4520.4912 59 64 129
-208.2037 -199.1514 4514.0972 63 67 132
199.8759 -145.6050 3300.3792 247 230 55
202.3141 -145.4545 3296.9697 247 229 55
205.1706 -145.6050 3300.3792 246 229 56
208.2487 -145.9068 3307.2195 247 230 56
210.6833 -145.7557 3303.7959 247 230 55
213.1127 -145.6050 3300.3792 247 230 55
215.5372 -145.4545 3296.9697 246 229 55
219.0871 -146.0581 3310.6501 246 229 55
221.9730 -146.2098 3314.0879 247 230 56
337.6232 -136.0387 3083.5427 244 226 52
339.7684 -135.9073 3080.5664 243 226 51
342.2394 -135.9073 3080.5664 244 226 51
344.7104 -135.9073 3080.5664 243 227 52
347.5169 -136.0387 3083.5427 241 225 51
349.9904 -136.0387 3083.5427 237 221 49
352.4638 -136.0387 3083.5427 228 209 40
354.5946 -135.9073 3080.5664 215 193 29
357.4106 -136.0387 3083.5427 203 178 20
359.5367 -135.9073 3080.5664 199 173 19
363.0591 -136.3020 3089.5129 199 172 20
365.1838 -136.1702 3086.5249 199 172 19
368.0155 -136.3020 3089.5129 199 172 18
371.2124 -136.5664 3095.5061 199 172 18
373.6955 -136.5664 3095.5061 198 171 18
399.5906 -144.1147 3266.5986 199 171 17
401.3892 -143.8202 3259.9253 198 171 16
403.5919 -143.6735 3256.5986 198 170 17
405.7900 -143.5270 3253.2791 195 168 16
408.3996 -143.5270 3253.2791 195 167 16
413.9631 -144.5585 3276.6599 195 165 14
416.1641 -144.4103 3273.2993 195 165 15
-372.7273 -203.6364 4533.3335 72 79 164
-369.0909 -203.6364 4533.3335 65 72 157
-365.9745 -203.9261 4539.7822 62 69 151
-362.3329 -203.9261 4539.7822 59 67 146
-358.6914 -203.9261 4539.7822 59 66 142
-355.0498 -203.9261 4539.7822 59 65 141
-351.9089 -204.2165 4546.2490 58 65 140
-347.7668 -203.9261 4539.7822 59 66 139
-343.1490 -203.3475 4526.9033 65 70 142
-340.0000 -203.6364 4533.3335 65 69 140
-335.4108 -203.0595 4520.4912 62 67 139
-332.7273 -203.6364 4533.3335 59 66 138
-329.5591 -203.9261 4539.7822 58 64 137
-326.3818 -204.2165 4546.2490 58 64 138
-322.7351 -204.2165 4546.2490 59 66 138
-319.5435 -204.5079 4552.7344 57 63 137
-315.4416 -204.2165 4546.2490 57 63 137
-312.2397 -204.5079 4552.7344 60 67 138
-308.5878 -204.5079 4552.7344 61 66 137
-304.9358 -204.5079 4552.7344 58 64 136
-301.2839 -204.5079 4552.7344 59 63 136
-297.6320 -204.5079 4552.7344 60 64 136
-293.9800 -204.5079 4552.7344 58 65 135
-290.3281 -204.5079 4552.7344 58 64 135
-287.0858 -204.8000 4559.2383 60 65 136
-283.8341 -205.0930 4565.7607 60 65 134
-279.7715 -204.8000 4559.2383 61 65 134
-276.1143 -204.8000 4559.2383 60 65 133
-257.0941 -204.2165 4546.2490 60 63 133
-253.8089 -204.5079 4552.7344 57 63 134
-249.8006 -204.2165 4546.2490 57 63 132
-246.1539 -204.2165 4546.2490 60 65 132
-242.1622 -203.9261 4539.7822 58 63 132
-238.8604 -204.2165 4546.2490 58 62 132
-234.8791 -203.9261 4539.7822 58 63 132
-231.2376 -203.9261 4539.7822 60 63 133
-226.9504 -203.3475 4526.9033 57 63 131
-223.3192 -203.3475 4526.9033 58 64 131
-219.6880 -203.3475 4526.9033 58 64 131
-215.7507 -203.0595 4520.4912 57 64 131
-212.1247 -203.0595 4520.4912 60 64 130
-208.2037 -202.7723 4514.0972 64 68 132
199.8759 -148.2523 3300.3792 248 230 56
202.1053 -147.9464 3293.5674 247 229 56
205.3830 -148.4058 3303.7959 246 229 56
208.4647 -148.7137 3310.6501 247 230 56
210.6833 -148.4058 3303.7959 247 230 55
213.1127 -148.2523 3300.3792 247 230 56
215.7601 -148.2523 3300.3792 246 229 55
219.0871 -148.7137 3310.6501 246 229 55
222.2038 -149.0229 3317.5330 247 230 55
334.8263 -138.3784 3080.5664 243 227 52
337.6232 -138.5121 3083.5427 244 227 52
339.4407 -138.2449 3077.5957 243 226 52
341.9094 -138.2449 3077.5957 244 227 52
344.7104 -138.3784 3080.5664 243 226 51
347.5169 -138.5121 3083.5427 242 224 51
349.9904 -138.5121 3083.5427 238 221 48
352.4638 -138.5121 3083.5427 229 210 40
354.5946 -138.3784 3080.5664 214 193 29
357.4106 -138.5121 3083.5427 202 177 19
359.5367 -138.3784 3080.5664 199 173 19
362.7079 -138.6460 3086.5249 199 172 19
365.1838 -138.6460 3086.5249 199 172 19
368.0155 -138.7803 3089.5129 199 172 18
371.2124 -139.0495 3095.5061 199 172 18
373.6955 -139.0495 3095.5061 199 171 19
399.5906 -146.7349 3266.5986 199 171 18
401.7996 -146.5849 3263.2585 198 171 16
403.5919 -146.2857 3256.5986 197 170 16
406.2041 -146.2857 3256.5986 196 169 16
409.2339 -146.4352 3259.9253 194 167 14
414.8148 -147.4897 3283.4021 194 166 15
417.0196 -147.3382 3280.0276 195 165 15
-373.2575 -207.5676 4539.7822 72 79 165
-369.6160 -207.5676 4539.7822 66 72 157
-366.4958 -207.8633 4546.2490 63 69 150
-362.3329 -207.5676 4539.7822 59 65 146
-358.6914 -207.5676 4539.7822 58 65 142
-355.5556 -207.8633 4546.2490 57 64 138
-351.9089 -207.8633 4546.2490 58 65 138
-347.7668 -207.5676 4539.7822 61 67 139
-343.1490 -206.9787 4526.9033 65 70 140
-340.0000 -207.2728 4533.3335 62 67 138
-335.4108 -206.6856 4520.4912 58 66 138
-332.7273 -207.2728 4533.3335 57 65 138
-329.5591 -207.5676 4539.7822 58 65 138
-326.3818 -207.8633 4546.2490 60 65 139
-322.7351 -207.8633 4546.2490 59 64 138
-319.0883 -207.8633 4546.2490 57 63 136
-315.4416 -207.8633 4546.2490 56 63 136
-312.2397 -208.1598 4552.7344 58 65 137
-308.5878 -208.1598 4552.7344 59 65 137
-304.9358 -208.1598 4552.7344 58 65 135
-301.2839 -208.1598 4552.7344 60 64 135
-297.6320 -208.1598 4552.7344 60 64 136
-293.9800 -208.1598 4552.7344 57 64 134
-290.3281 -208.1598 4552.7344 58 65 135
-286.6762 -208.1598 4552.7344 59 64 134
-283.8341 -208.7554 4565.7607 61 65 134
-279.3723 -208.1598 4552.7344 61 65 134
-276.1143 -208.4572 4559.2383 60 64 133
-272.8470 -208.7554 4565.7607 61 64 133
-264.3875 -207.8633 4546.2490 60 65 133
-261.1127 -208.1598 4552.7344 61 64 132
-256.7283 -207.5676 4539.7822 60 64 133
-253.4473 -207.8633 4546.2490 59 64 133
-249.8006 -207.8633 4546.2490 59 65 133
-245.8037 -207.5676 4539.7822 61 66 133
-242.1622 -207.5676 4539.7822 57 63 131
-238.5207 -207.5676 4539.7822 58 62 132
-234.8791 -207.5676 4539.7822 57 63 132
-230.9091 -207.2728 4533.3335 61 64 133
-226.9504 -206.9787 4526.9033 57 63 132
-223.3192 -206.9787 4526.9033 59 64 130
-219.6880 -206.9787 4526.9033 59 64 131
-215.7507 -206.6856 4520.4912 58 64 130
-212.1247 -206.6856 4520.4912 59 64 129
-208.2037 -206.3932 4514.0972 66 69 131
199.8759 -150.8997 3300.3792 247 231 56
202.3141 -150.7438 3296.9697 246 230 55
205.5959 -151.2124 3307.2195 246 230 56
208.6812 -151.5265 3314.0879 247 230 56
210.9016 -151.2124 3307.2195 247 230 56
213.3333 -151.0559 3303.7959 247 230 56
215.9835 -151.0559 3303.7959 246 229 55
219.5426 -151.6840 3317.5330 246 229 55
334.5034 -140.7136 3077.5957 244 227 52
337.2973 -140.8494 3080.5664 243 226 52
339.1137 -140.5780 3074.6309 243 226 51
341.5800 -140.5780 3074.6309 243 226 50
344.7104 -140.8494 3080.5664 243 226 50
347.1815 -140.8494 3080.5664 242 224 51
349.6526 -140.8494 3080.5664 238 220 49
352.1236 -140.8494 3080.5664 229 210 40
354.2527 -140.7136 3077.5957 215 193 28
357.4106 -140.9855 3083.5427 202 177 18
359.5367 -140.8494 3080.5664 199 173 18
362.7079 -141.1219 3086.5249 199 172 18
365.1838 -141.1219 3086.5249 199 172 18
368.0155 -141.2585 3089.5129 199 172 19
371.2124 -141.5325 3095.5061 199 171 18
373.6955 -141.5325 3095.5061 199 171 18
400.0000 -149.5082 3269.9456 199 171 17
401.7996 -149.2025 3263.2585 198 171 16
403.5919 -148.8980 3256.5986 197 170 16
406.6190 -149.0501 3259.9253 196 169 16
415.2421 -150.2781 3286.7834 195 166 16
417.8785 -150.2781 3286.7834 195 166 15
-376.3637 -210.9091 4533.3335 75 84 173
-373.2575 -211.2091 4539.7822 67 75 164
-369.6160 -211.2091 4539.7822 64 72 157
-366.4958 -211.5100 4546.2490 62 70 149
-362.8490 -211.5100 4546.2490 59 65 144
-358.6914 -211.2091 4539.7822 58 65 142
-355.5556 -211.5100 4546.2490 57 64 140
-351.9089 -211.5100 4546.2490 58 66 139
-347.7668 -211.2091 4539.7822 61 67 137
-343.6364 -210.9091 4533.3335 68 72 139
-340.0000 -210.9091 4533.3335 64 66 137
-335.4108 -210.3116 4520.4912 58 64 138
-332.7273 -210.9091 4533.3335 58 66 139
-329.5591 -211.2091 4539.7822 58 66 139
-326.3818 -211.5100 4546.2490 57 65 137
-322.2760 -211.2091 4539.7822 59 64 138
-319.0883 -211.5100 4546.2490 59 65 136
-315.4416 -211.5100 4546.2490 58 64 135
-311.7949 -211.5100 4546.2490 57 64 136
-308.1482 -211.5100 4546.2490 59 65 136
-304.5014 -211.5100 4546.2490 58 64 136
-300.8547 -211.5100 4546.2490 58 64 136
-297.2080 -211.5100 4546.2490 57 63 135
-293.5613 -211.5100 4546.2490 58 65 136
-289.9146 -211.5100 4546.2490 59 65 135
-286.6762 -211.8117 4552.7344 60 65 133
-283.4286 -212.1143 4559.2383 60 65 133
-279.3723 -211.8117 4552.7344 59 65 134
-275.7204 -211.8117 4552.7344 58 64 133
-272.8470 -212.4178 4565.7607 58 64 133
-268.4166 -211.8117 4552.7344 60 64 133
-264.3875 -211.5100 4546.2490 59 64 133
-261.1127 -211.8117 4552.7344 62 65 134
-256.7283 -211.2091 4539.7822 61 65 132
-253.0868 -211.2091 4539.7822 60 65 132
-249.8006 -211.5100 4546.2490 60 65 134
-245.8037 -211.2091 4539.7822 62 67 134
-241.8182 -210.9091 4533.3335 58 64 131
-238.5207 -211.2091 4539.7822 56 63 131
-234.8791 -211.2091 4539.7822 57 63 132
-230.9091 -210.9091 4533.3335 61 64 132
-226.9504 -210.6100 4526.9033 60 64 130
-223.3192 -210.6100 4526.9033 60 64 132
-219.6880 -210.6100 4526.9033 58 65 131
-215.7507 -210.3116 4520.4912 59 65 130
-212.1247 -210.3116 4520.4912 61 68 131
199.8759 -153.5471 3300.3792 246 230 56
202.3141 -153.3884 3296.9697 247 230 55
205.8091 -154.0249 3310.6501 246 230 56
209.1155 -154.5057 3320.9851 247 230 56
211.1203 -154.0249 3310.6501 247 230 56
213.5544 -153.8653 3307.2195 247 230 56
216.2073 -153.8653 3307.2195 247 230 56
334.1811 -143.0443 3074.6309 243 226 52
336.9720 -143.1823 3077.5957 243 226 52
338.7873 -142.9066 3071.6716 244 226 52
341.5800 -143.0443 3074.6309 244 226 52
344.7104 -143.3205 3080.5664 244 225 52
347.1815 -143.3205 3080.5664 242 225 51
349.6526 -143.3205 3080.5664 238 220 49
352.1236 -143.3205 3080.5664 229 210 41
354.2527 -143.1823 3077.5957 216 193 28
357.4106 -143.4590 3083.5427 202 177 20
359.5367 -143.3205 3080.5664 200 172 18
363.0591 -143.7367 3089.5129 200 172 18
365.1838 -143.5977 3086.5249 199 172 20
368.0155 -143.7367 3089.5129 199 172 20
371.2124 -144.0155 3095.5061 199 172 19
373.6955 -144.0155 3095.5061 199 172 18
400.4103 -152.2872 3273.2993 198 171 17
401.7996 -151.8201 3263.2585 197 171 17
404.0041 -151.6650 3259.9253 197 170 16
407.0348 -151.8201 3263.2585 196 169 16
415.2421 -152.9145 3286.7834 195 166 15
417.8785 -152.9145 3286.7834 195 166 15
-376.3637 -214.5455 4533.3335 79 87 172
-373.2575 -214.8507 4539.7822 69 76 162
-369.6160 -214.8507 4539.7822 66 73 155
-367.0186 -215.4636 4552.7344 66 72 148
-362.8490 -215.1567 4546.2490 61 67 143
-359.2023 -215.1567 4546.2490 59 65 141
-355.5556 -215.1567 4546.2490 60 65 141
-351.9089 -215.1567 4546.2490 61 67 139
-348.2621 -215.1567 4546.2490 64 68 138
-343.6364 -214.5455 4533.3335 68 70 138
-340.4837 -214.8507 4539.7822 62 66 136
-335.4108 -213.9377 4520.4912 57 63 137
-332.7273 -214.5455 4533.3335 59 65 139
-329.5591 -214.8507 4539.7822 60 65 139
-326.3818 -215.1567 4546.2490 59 66 138
-322.2760 -214.8507 4539.7822 60 65 137
-318.6345 -214.8507 4539.7822 62 67 137
-315.4416 -215.1567 4546.2490 60 64 135
-311.7949 -215.1567 4546.2490 59 64 136
-307.7098 -214.8507 4539.7822 60 64 136
-304.0683 -214.8507 4539.7822 57 63 135
-300.4268 -214.8507 4539.7822 57 63 135
-296.7852 -214.8507 4539.7822 57 62 135
-293.1437 -214.8507 4539.7822 57 64 136
-289.9146 -215.1567 4546.2490 57 64 135
-286.2679 -215.1567 4546.2490 60 65 134
-283.4286 -215.7715 4559.2383 59 64 132
-278.9744 -215.1567 4546.2490 62 66 133
-275.3277 -215.1567 4546.2490 59 64 131
-272.0685 -215.4636 4552.7344 59 64 132
-268.0342 -215.1567 4546.2490 59 65 131
-264.3875 -215.1567 4546.2490 59 64 131
-260.7408 -215.1567 4546.2490 60 64 131
-256.3636 -214.5455 4533.3335 61 65 132
-253.0868 -214.8507 4539.7822 60 65 132
-249.4453 -214.8507 4539.7822 59 64 131
-245.8037 -214.8507 4539.7822 59 64 133
-241.8182 -214.5455 4533.3335 58 63 131
-238.1818 -214.5455 4533.3335 57 63 130
-234.8791 -214.8507 4539.7822 59 62 131
-230.9091 -214.5455 4533.3335 62 66 133
-226.6289 -213.9377 4520.4912 63 67 131
-223.0029 -213.9377 4520.4912 61 67 131
-219.6880 -214.2411 4526.9033 60 66 130
-215.7507 -213.9377 4520.4912 58 65 130
-212.1247 -213.9377 4520.4912 61 67 130
213.9979 -156.8432 3314.0879 247 230 56
216.8815 -157.0062 3317.5330 247 230 56
333.8595 -145.3706 3071.6716 243 226 52
336.6474 -145.5106 3074.6309 243 226 52
338.7873 -145.3706 3071.6716 244 226 53
341.5800 -145.5106 3074.6309 244 226 52
344.7104 -145.7915 3080.5664 243 226 52
347.1815 -145.7915 3080.5664 242 225 51
349.6526 -145.7915 3080.5664 238 220 49
352.1236 -145.7915 3080.5664 229 209 41
354.2527 -145.6509 3077.5957 215 193 28
357.4106 -145.9324 3083.5427 202 178 20
359.5367 -145.7915 3080.5664 199 172 19
363.0591 -146.2149 3089.5129 199 172 19
365.1838 -146.0735 3086.5249 198 171 19
368.0155 -146.2149 3089.5129 198 171 19
371.2124 -146.4986 3095.5061 199 172 18
373.6955 -146.4986 3095.5061 199 172 18
400.4103 -154.9128 3273.2993 197 171 17
402.2109 -154.5957 3266.5986 197 170 16
404.0041 -154.2799 3259.9253 197 170 16
407.0348 -154.4376 3263.2585 197 169 16
414.8148 -155.3910 3283.4021 196 167 15
417.4486 -155.3910 3283.4021 195 165 14
-395.6696 -218.8034 4546.2490 56 65 147
-392.0228 -218.8034 4546.2490 56 63 146
-387.8237 -218.4922 4539.7822 61 68 149
-378.9236 -217.5638 4520.4912 78 86 174
-376.3637 -218.1818 4533.3335 78 86 171
-373.2575 -218.4922 4539.7822 68 76 162
-369.6160 -218.4922 4539.7822 64 72 154
-367.0186 -219.1156 4552.7344 64 71 148
-362.8490 -218.8034 4546.2490 61 68 143
-359.2023 -218.8034 4546.2490 59 65 141
-355.5556 -218.8034 4546.2490 60 66 141
-352.4109 -219.1156 4552.7344 61 68 140
-348.2621 -218.8034 4546.2490 66 71 140
-343.6364 -218.1818 4533.3335 61 65 136
-340.4837 -218.4922 4539.7822 57 63 137
-335.4108 -217.5638 4520.4912 55 63 138
-332.7273 -218.1818 4533.3335 58 65 140
-329.5591 -218.4922 4539.7822 62 67 138
-325.9175 -218.4922 4539.7822 63 68 137
-322.2760 -218.4922 4539.7822 59 66 137
-318.6345 -218.4922 4539.7822 60 65 137
-315.4416 -218.8034 4546.2490 58 64 136
-311.3514 -218.4922 4539.7822 57 63 136
-307.7098 -218.4922 4539.7822 58 64 136
-304.0683 -218.4922 4539.7822 57 63 135
-300.4268 -218.4922 4539.7822 58 62 135
-296.7852 -218.4922 4539.7822 58 62 135
-293.1437 -218.4922 4539.7822 57 63 135
-289.9146 -218.8034 4546.2490 57 64 135
-286.2679 -218.8034 4546.2490 57 64 134
-283.4286 -219.4286 4559.2383 58 64 133
-278.9744 -218.8034 4546.2490 61 65 134
-275.3277 -218.8034 4546.2490 58 63 132
-272.0685 -219.1156 4552.7344 59 64 132
-268.0342 -218.8034 4546.2490 59 65 130
-264.0114 -218.4922 4539.7822 59 65 132
-260.7408 -218.8034 4546.2490 60 65 132
-256.7283 -218.4922 4539.7822 58 63 131
-253.0868 -218.4922 4539.7822 58 62 131
-249.4453 -218.4922 4539.7822 58 62 131
-245.8037 -218.4922 4539.7822 58 62 132
-242.1622 -218.4922 4539.7822 56 62 131
-238.1818 -218.1818 4533.3335 56 63 131
-234.8791 -218.4922 4539.7822 57 62 130
-230.9091 -218.1818 4533.3335 61 66 131
-226.6289 -217.5638 4520.4912 68 72 135
-223.3192 -217.8723 4526.9033 63 68 129
-219.6880 -217.8723 4526.9033 61 65 128
-215.7507 -217.5638 4520.4912 58 65 129
333.8595 -147.8345 3071.6716 243 226 52
336.6474 -147.9769 3074.6309 243 226 52
338.4615 -147.6923 3068.7180 244 227 53
341.5800 -147.9769 3074.6309 243 226 52
344.3780 -148.1196 3077.5957 243 226 52
347.1815 -148.2626 3080.5664 242 225 51
349.6526 -148.2626 3080.5664 238 220 49
352.1236 -148.2626 3080.5664 228 209 40
354.2527 -148.1196 3077.5957 215 193 28
357.0657 -148.2626 3080.5664 202 177 20
359.5367 -148.2626 3080.5664 199 173 19
362.7079 -148.5493 3086.5249 199 172 18
364.8309 -148.4058 3083.5427 198 171 18
367.6596 -148.5493 3086.5249 198 171 18
370.8528 -148.8372 3092.5066 198 172 19
373.6955 -148.9816 3095.5061 199 171 18
400.0000 -157.3771 3269.9456 198 171 18
401.3892 -156.8948 3259.9253 197 170 17
403.5919 -156.7347 3256.5986 197 170 16
414.3885 -157.8623 3280.0276 195 166 14
416.5914 -157.7002 3276.6599 195 165 15
-395.6696 -222.4502 4546.2490 55 64 147
-391.4652 -222.1337 4539.7822 56 63 147
-387.8237 -222.1337 4539.7822 62 68 150
-382.5496 -221.1898 4520.4912 68 74 163
-378.9236 -221.1898 4520.4912 77 85 175
-376.3637 -221.8182 4533.3335 73 83 172
-373.7892 -222.4502 4546.2490 65 73 162
-370.1425 -222.4502 4546.2490 63 69 156
-367.0186 -222.7675 4552.7344 61 69 149
-362.8490 -222.4502 4546.2490 59 67 144
-359.2023 -222.4502 4546.2490 61 69 143
-356.0628 -222.7675 4552.7344 59 67 140
-352.4109 -222.7675 4552.7344 60 67 138
-348.2621 -222.4502 4546.2490 64 69 138
-343.6364 -221.8182 4533.3335 61 66 138
-340.4837 -222.1337 4539.7822 56 62 138
-335.4108 -221.1898 4520.4912 57 63 139
-332.7273 -221.8182 4533.3335 61 66 140
-329.5591 -222.1337 4539.7822 63 67 139
-325.9175 -222.1337 4539.7822 62 66 137
-322.2760 -222.1337 4539.7822 61 65 137
-318.6345 -222.1337 4539.7822 57 63 136
-314.9929 -222.1337 4539.7822 56 63 136
-311.3514 -222.1337 4539.7822 56 64 136
-307.7098 -222.1337 4539.7822 57 64 136
-304.0683 -222.1337 4539.7822 56 63 135
-300.0000 -221.8182 4533.3335 56 62 135
-296.3637 -221.8182 4533.3335 55 62 134
-292.7273 -221.8182 4533.3335 57 62 135
-289.5022 -222.1337 4539.7822 58 63 135
-286.2679 -222.4502 4546.2490 58 64 134
-283.4286 -223.0857 4559.2383 57 64 132
-278.9744 -222.4502 4546.2490 59 64 133
-275.3277 -222.4502 4546.2490 56 63 132
-272.0685 -222.7675 4552.7344 57 63 133
-268.0342 -222.4502 4546.2490 59 64 131
-264.0114 -222.1337 4539.7822 60 65 131
-260.7408 -222.4502 4546.2490 61 65 132
-256.7283 -222.1337 4539.7822 59 64 132
-253.0868 -222.1337 4539.7822 58 62 133
-249.8006 -222.4502 4546.2490 59 62 132
-246.1539 -222.4502 4546.2490 58 62 133
-242.1622 -222.1337 4539.7822 55 62 130
-238.5207 -222.1337 4539.7822 55 63 131
-234.8791 -222.1337 4539.7822 59 64 132
-230.9091 -221.8182 4533.3335 61 66 130
-226.6289 -221.1898 4520.4912 59 65 130
-223.3192 -221.5036 4526.9033 61 67 130
-219.6880 -221.5036 4526.9033 64 70 130
-215.7507 -221.1898 4520.4912 58 65 128
336.3234 -150.2984 3071.6716 243 226 52
338.1364 -150.0096 3065.7703 243 226 52
341.2513 -150.2984 3071.6716 244 226 53
344.3780 -150.5882 3077.5957 244 226 52
347.1815 -150.7336 3080.5664 242 225 50
349.6526 -150.7336 3080.5664 238 221 48
352.1236 -150.7336 3080.5664 228 209 39
354.2527 -150.5882 3077.5957 214 193 26
357.0657 -150.7336 3080.5664 202 178 19
359.5367 -150.7336 3080.5664 200 173 18
362.7079 -151.0251 3086.5249 199 172 19
364.8309 -150.8792 3083.5427 199 172 19
367.3044 -150.8792 3083.5427 198 171 18
370.4937 -151.1714 3089.5129 198 172 18
373.3334 -151.3178 3092.5066 198 171 18
375.4502 -151.1714 3089.5129 199 171 18
399.5906 -159.8362 3266.5986 199 171 17
401.3892 -159.5097 3259.9253 197 171 17
403.5919 -159.3469 3256.5986 198 170 16
405.7900 -159.1845 3253.2791 198 169 16
413.5385 -160.1641 3273.2993 195 165 14
416.1641 -160.1641 3273.2993 195 165 15
419.6506 -160.4933 3280.0276 194 164 15
422.7161 -160.6584 3283.4021 192 164 15
-399.3163 -226.0969 4546.2490 55 66 144
-395.6696 -226.0969 4546.2490 56 66 145
-391.4652 -225.7753 4539.7822 56 64 146
-387.8237 -225.7753 4539.7822 63 71 151
-383.0923 -225.1348 4526.9033 74 81 165
-379.4610 -225.1348 4526.9033 78 87 174
-376.8990 -225.7753 4539.7822 73 82 171
-373.7892 -226.0969 4546.2490 64 72 161
-370.1425 -226.0969 4546.2490 63 69 154
-367.0186 -226.4194 4552.7344 63 69 149
-363.3666 -226.4194 4552.7344 60 66 144
-359.7147 -226.4194 4552.7344 59 66 140
-356.0628 -226.4194 4552.7344 60 66 139
-352.4109 -226.4194 4552.7344 62 66 139
-348.2621 -226.0969 4546.2490 62 66 137
-343.6364 -225.4546 4533.3335 61 65 139
-340.4837 -225.7753 4539.7822 58 64 137
-335.4108 -224.8159 4520.4912 60 67 138
-332.7273 -225.4546 4533.3335 60 65 137
-329.5591 -225.7753 4539.7822 62 67 139
-325.9175 -225.7753 4539.7822 60 66 137
-321.8182 -225.4546 4533.3335 58 63 136
-318.6345 -225.7753 4539.7822 58 63 136
-314.9929 -225.7753 4539.7822 58 63 136
-311.3514 -225.7753 4539.7822 58 63 136
-307.2728 -225.4546 4533.3335 58 64 135
-303.6364 -225.4546 4533.3335 56 63 135
-300.0000 -225.4546 4533.3335 55 62 135
-295.9433 -225.1348 4526.9033 55 61 135
-292.3121 -225.1348 4526.9033 55 61 134
-289.5022 -225.7753 4539.7822 58 62 136
-286.2679 -226.0969 4546.2490 58 63 134
-283.4286 -226.7429 4559.2383 57 65 132
-278.9744 -226.0969 4546.2490 57 64 132
-275.3277 -226.0969 4546.2490 56 63 131
-272.0685 -226.4194 4552.7344 57 63 131
-267.6530 -225.7753 4539.7822 59 64 129
-264.0114 -225.7753 4539.7822 60 64 130
-260.3699 -225.7753 4539.7822 59 63 131
-256.3636 -225.4546 4533.3335 57 63 131
-253.0868 -225.7753 4539.7822 56 63 131
-249.4453 -225.7753 4539.7822 57 62 132
-246.1539 -226.0969 4546.2490 57 62 132
-242.1622 -225.7753 4539.7822 57 62 129
-238.5207 -225.7753 4539.7822 55 62 131
-234.8791 -225.7753 4539.7822 59 63 131
-230.9091 -225.4546 4533.3335 63 67 131
-226.6289 -224.8159 4520.4912 58 64 130
336.3234 -152.7623 3071.6716 243 226 52
338.1364 -152.4688 3065.7703 243 226 51
341.2513 -152.7623 3071.6716 243 226 52
344.3780 -153.0569 3077.5957 243 226 51
347.1815 -153.2047 3080.5664 242 225 50
349.6526 -153.2047 3080.5664 237 220 48
352.1236 -153.2047 3080.5664 228 210 39
354.2527 -153.0569 3077.5957 215 193 27
357.0657 -153.2047 3080.5664 202 178 19
359.5367 -153.2047 3080.5664 199 172 18
362.7079 -153.5010 3086.5249 199 172 19
364.8309 -153.3527 3083.5427 198 171 19
367.3044 -153.3527 3083.5427 198 171 18
370.4937 -153.6496 3089.5129 198 171 18
373.3334 -153.7985 3092.5066 198 171 17
375.4502 -153.6496 3089.5129 199 171 17
400.0000 -162.6230 3269.9456 199 171 17
401.7996 -162.2904 3263.2585 198 171 17
404.0041 -162.1246 3259.9253 198 170 16
406.6190 -162.1246 3259.9253 196 169 15
409.6524 -162.2904 3263.2585 196 168 15
413.5385 -162.7898 3273.2993 195 166 14
416.1641 -162.7898 3273.2993 195 166 14
419.2197 -162.9569 3276.6599 194 164 14
422.2816 -163.1244 3280.0276 192 164 14
-399.3163 -229.7436 4546.2490 57 65 146
-395.6696 -229.7436 4546.2490 57 65 146
-391.4652 -229.4168 4539.7822 56 64 145
-387.8237 -229.4168 4539.7822 66 71 151
-383.0923 -228.7660 4526.9033 81 84 167
-379.4610 -228.7660 4526.9033 81 87 175
-376.8990 -229.4168 4539.7822 75 82 170
-373.7892 -229.7436 4546.2490 67 73 161
-370.1425 -229.7436 4546.2490 64 69 153
-367.0186 -230.0713 4552.7344 65 70 149
-363.3666 -230.0713 4552.7344 61 67 144
-359.7147 -230.0713 4552.7344 57 64 140
-356.0628 -230.0713 4552.7344 57 64 139
-352.4109 -230.0713 4552.7344 58 63 138
-348.2621 -229.7436 4546.2490 58 64 137
-343.6364 -229.0909 4533.3335 58 63 137
-340.0000 -229.0909 4533.3335 63 69 139
-335.4108 -228.4419 4520.4912 62 68 137
-332.7273 -229.0909 4533.3335 61 66 136
-329.0909 -229.0909 4533.3335 62 66 137
-325.9175 -229.4168 4539.7822 59 66 137
-321.8182 -229.0909 4533.3335 56 64 137
-318.6345 -229.4168 4539.7822 56 63 136
-314.9929 -229.4168 4539.7822 56 63 136
-310.9091 -229.0909 4533.3335 57 63 136
-306.8369 -228.7660 4526.9033 59 65 137
-303.2057 -228.7660 4526.9033 57 64 135
-299.5745 -228.7660 4526.9033 56 62 135
-295.5241 -228.4419 4520.4912 55 61 134
-291.8980 -228.4419 4520.4912 55 62 135
-289.0909 -229.0909 4533.3335 56 62 135
-285.8606 -229.4168 4539.7822 57 63 135
-283.0243 -230.0713 4552.7344 57 63 134
-278.9744 -229.7436 4546.2490 57 63 133
-275.3277 -229.7436 4546.2490 56 63 131
-272.0685 -230.0713 4552.7344 58 65 131
-267.2727 -229.0909 4533.3335 60 66 131
-263.6364 -229.0909 4533.3335 61 66 131
-260.0000 -229.0909 4533.3335 59 64 131
-256.0000 -228.7660 4526.9033 59 63 131
-252.7273 -229.0909 4533.3335 57 62 130
-249.0909 -229.0909 4533.3335 58 63 132
-245.8037 -229.4168 4539.7822 58 62 132
-242.1622 -229.4168 4539.7822 57 61 129
-238.1818 -229.0909 4533.3335 57 61 131
-234.8791 -229.4168 4539.7822 57 63 130
-230.9091 -229.0909 4533.3335 61 67 130
336.3234 -155.2262 3071.6716 244 226 52
338.1364 -154.9280 3065.7703 243 225 51
341.2513 -155.2262 3071.6716 243 226 51
344.7104 -155.6757 3080.5664 243 226 51
347.1815 -155.6757 3080.5664 242 225 51
349.6526 -155.6757 3080.5664 237 221 48
352.1236 -155.6757 3080.5664 229 210 40
354.5946 -155.6757 3080.5664 215 193 28
357.0657 -155.6757 3080.5664 202 178 19
359.5367 -155.6757 3080.5664 199 172 19
362.7079 -155.9768 3086.5249 199 172 18
364.8309 -155.8261 3083.5427 199 172 18
367.3044 -155.8261 3083.5427 198 171 18
370.4937 -156.1278 3089.5129 198 171 18
373.3334 -156.2791 3092.5066 198 171 18
375.4502 -156.1278 3089.5129 198 171 17
400.0000 -165.2459 3269.9456 199 171 17
402.2109 -165.0768 3266.5986 198 170 17
404.0041 -164.7395 3259.9253 197 170 16
407.0348 -164.9080 3263.2585 197 169 16
410.4918 -165.2459 3269.9456 196 167 15
413.5385 -165.4154 3273.2993 195 167 14
415.7378 -165.2459 3269.9456 194 166 15
418.7898 -165.4154 3273.2993 194 165 15
421.8481 -165.5852 3276.6599 192 164 15
-399.3163 -233.3903 4546.2490 58 66 146
-395.6696 -233.3903 4546.2490 57 63 146
-392.0228 -233.3903 4546.2490 57 64 144
-387.8237 -233.0583 4539.7822 67 71 153
-383.6364 -232.7273 4533.3335 77 82 167
-379.4610 -232.3972 4526.9033 81 88 176
-376.8990 -233.0583 4539.7822 74 81 169
-373.2575 -233.0583 4539.7822 67 74 161
-370.1425 -233.3903 4546.2490 65 70 153
-367.0186 -233.7233 4552.7344 63 69 148
-363.3666 -233.7233 4552.7344 60 66 143
-359.7147 -233.7233 4552.7344 58 65 142
-356.0628 -233.7233 4552.7344 56 63 139
-352.4109 -233.7233 4552.7344 56 63 138
-348.2621 -233.3903 4546.2490 58 64 138
-344.1252 -233.0583 4539.7822 62 69 140
-340.0000 -232.7273 4533.3335 65 71 139
-335.4108 -232.0680 4520.4912 60 66 136
-332.2553 -232.3972 4526.9033 58 64 137
-329.0909 -232.7273 4533.3335 58 66 138
-325.4546 -232.7273 4533.3335 56 64 137
-321.8182 -232.7273 4533.3335 55 62 136
-318.1819 -232.7273 4533.3335 56 62 136
-314.5455 -232.7273 4533.3335 56 62 136
-310.4681 -232.3972 4526.9033 56 62 136
-306.4023 -232.0680 4520.4912 58 64 137
-303.2057 -232.3972 4526.9033 57 63 135
-299.1502 -232.0680 4520.4912 56 63 135
-294.6893 -231.4124 4507.7212 55 62 134
-285.4546 -232.7273 4533.3335 57 62 133
-283.0243 -233.7233 4552.7344 57 62 132
-278.9744 -233.3903 4546.2490 59 63 134
-274.9360 -233.0583 4539.7822 58 63 132
-266.8936 -232.3972 4526.9033 58 63 130
-263.6364 -232.7273 4533.3335 56 64 131
-259.6312 -232.3972 4526.9033 60 66 131
-255.6374 -232.0680 4520.4912 59 63 130
-252.7273 -232.7273 4533.3335 57 62 130
-249.0909 -232.7273 4533.3335 59 65 132
-245.8037 -233.0583 4539.7822 57 63 131
-241.8182 -232.7273 4533.3335 56 62 131
-238.1818 -232.7273 4533.3335 57 62 131
-234.8791 -233.0583 4539.7822 60 65 130
-230.9091 -232.7273 4533.3335 61 65 128
336.6474 -157.8420 3074.6309 244 226 52
338.1364 -157.3871 3065.7703 243 226 52
341.5800 -157.8420 3074.6309 244 227 52
344.7104 -158.1467 3080.5664 243 226 52
347.1815 -158.1467 3080.5664 242 225 51
349.6526 -158.1467 3080.5664 238 220 48
352.4638 -158.2995 3083.5427 229 210 40
354.5946 -158.1467 3080.5664 215 193 28
357.4106 -158.2995 3083.5427 202 177 17
359.5367 -158.1467 3080.5664 198 173 18
362.7079 -158.4526 3086.5249 198 172 18
364.8309 -158.2995 3083.5427 199 172 19
366.9499 -158.1467 3080.5664 199 171 19
370.1354 -158.4526 3086.5249 199 171 19
372.9720 -158.6060 3089.5129 199 171 18
400.0000 -167.8689 3269.9456 199 170 17
402.2109 -167.6971 3266.5986 198 170 17
404.4172 -167.5256 3263.2585 198 170 17
407.4514 -167.6971 3266.5986 197 169 17
410.9128 -168.0410 3273.2993 197 167 16
413.5385 -168.0410 3273.2993 195 166 15
415.3122 -167.6971 3266.5986 194 166 15
418.3607 -167.8689 3269.9456 194 165 15
420.9836 -167.8689 3269.9456 194 164 14
-399.8859 -237.3752 4552.7344 57 65 145
-396.2340 -237.3752 4552.7344 56 63 146
-392.0228 -237.0371 4546.2490 56 64 146
-388.3761 -237.0371 4546.2490 67 73 155
-383.6364 -236.3637 4533.3335 78 84 171
-380.0000 -236.3637 4533.3335 82 89 175
-376.8990 -236.6999 4539.7822 71 78 168
-373.7892 -237.0371 4546.2490 66 72 160
-370.6705 -237.3752 4552.7344 64 70 152
-367.0186 -237.3752 4552.7344 63 70 147
-363.3666 -237.3752 4552.7344 59 65 143
-359.7147 -237.3752 4552.7344 57 65 141
-356.0628 -237.3752 4552.7344 56 64 139
-352.4109 -237.3752 4552.7344 57 63 138
-348.2621 -237.0371 4546.2490 60 66 139
-344.1252 -236.6999 4539.7822 62 68 139
-340.4837 -236.6999 4539.7822 59 66 137
-335.8866 -236.0284 4526.9033 59 62 137
-332.2553 -236.0284 4526.9033 58 63 137
-329.0909 -236.3637 4533.3335 55 63 137
-325.4546 -236.3637 4533.3335 55 63 137
-321.8182 -236.3637 4533.3335 56 63 136
-318.1819 -236.3637 4533.3335 55 62 136
-314.5455 -236.3637 4533.3335 55 61 136
-310.4681 -236.0284 4526.9033 55 61 134
-306.4023 -235.6941 4520.4912 57 63 135
-302.7762 -235.6941 4520.4912 56 63 135
-298.7271 -235.3607 4514.0972 56 63 135
-283.0243 -237.3752 4552.7344 55 62 132
-278.9744 -237.0371 4546.2490 57 62 133
-263.6364 -236.3637 4533.3335 58 63 132
-260.0000 -236.3637 4533.3335 59 64 130
-252.7273 -236.3637 4533.3335 56 61 131
-249.0909 -236.3637 4533.3335 57 62 131
-245.8037 -236.6999 4539.7822 56 62 130
-241.8182 -236.3637 4533.3335 57 62 131
-237.8440 -236.0284 4526.9033 57 62 131
-234.8791 -236.6999 4539.7822 60 64 130
336.6474 -160.3083 3074.6309 244 225 52
338.1364 -159.8463 3065.7703 244 226 52
341.5800 -160.3083 3074.6309 243 227 51
344.7104 -160.6178 3080.5664 243 226 51
347.1815 -160.6178 3080.5664 242 224 51
349.6526 -160.6178 3080.5664 238 220 48
352.1236 -160.6178 3080.5664 229 210 41
354.5946 -160.6178 3080.5664 214 192 28
357.4106 -160.7730 3083.5427 201 176 17
359.5367 -160.6178 3080.5664 198 172 18
362.7079 -160.9285 3086.5249 198 171 19
364.8309 -160.7730 3083.5427 199 171 19
366.5960 -160.4629 3077.5957 199 172 18
370.1354 -160.9285 3086.5249 198 171 18
372.9720 -161.0842 3089.5129 198 171 18
400.0000 -170.4918 3269.9456 198 171 16
402.2109 -170.3173 3266.5986 198 170 16
404.4172 -170.1432 3263.2585 197 170 16
407.4514 -170.3173 3266.5986 197 169 16
410.9128 -170.6667 3273.2993 196 168 15
413.1148 -170.4918 3269.9456 195 166 15
415.3122 -170.3173 3266.5986 193 166 15
417.9325 -170.3173 3266.5986 192 165 15
420.1227 -170.1432 3263.2585 192 164 15
-400.4572 -241.3714 4559.2383 57 65 145
-396.2340 -241.0271 4552.7344 55 64 145
-392.5821 -241.0271 4552.7344 56 64 145
-388.3761 -240.6838 4546.2490 67 74 155
-384.1821 -240.3414 4539.7822 75 83 170
-380.0000 -240.0000 4533.3335 78 86 174
-376.8990 -240.3414 4539.7822 69 77 168
-373.7892 -240.6838 4546.2490 63 71 160
-370.6705 -241.0271 4552.7344 62 68 152
-367.5429 -241.3714 4559.2383 64 70 148
-363.3666 -241.0271 4552.7344 58 65 143
-359.7147 -241.0271 4552.7344 56 63 141
-356.5714 -241.3714 4559.2383 56 63 139
-352.9143 -241.3714 4559.2383 57 63 137
-348.2621 -240.6838 4546.2490 58 64 137
-344.1252 -240.3414 4539.7822 57 63 137
-340.4837 -240.3414 4539.7822 56 64 137
-335.4108 -239.3201 4520.4912 60 65 138
-332.2553 -239.6596 4526.9033 58 63 136
-329.0909 -240.0000 4533.3335 56 62 137
-325.4546 -240.0000 4533.3335 56 64 137
-321.8182 -240.0000 4533.3335 57 64 137
-317.7305 -239.6596 4526.9033 56 62 135
-314.0993 -239.6596 4526.9033 57 62 135
-310.4681 -239.6596 4526.9033 56 63 135
-305.9689 -238.9816 4514.0972 58 63 135
-302.3480 -238.9816 4514.0972 56 62 134
-298.3051 -238.6441 4507.7212 56 62 134
-279.3723 -241.0271 4552.7344 57 61 133
-252.7273 -240.0000 4533.3335 55 61 129
-248.7376 -239.6596 4526.9033 56 61 130
-245.8037 -240.3414 4539.7822 55 61 130
-241.8182 -240.0000 4533.3335 56 62 130
-237.8440 -239.6596 4526.9033 58 62 130
-234.5455 -240.0000 4533.3335 60 63 131
336.6474 -162.7746 3074.6309 243 226 52
338.1364 -162.3055 3065.7703 244 227 52
341.5800 -162.7746 3074.6309 243 227 52
344.7104 -163.0888 3080.5664 243 227 52
346.8467 -162.9315 3077.5957 242 224 51
349.6526 -163.0888 3080.5664 237 220 48
352.1236 -163.0888 3080.5664 228 210 41
354.5946 -163.0888 3080.5664 214 192 27
357.0657 -163.0888 3080.5664 201 176 18
359.1900 -162.9315 3077.5957 199 172 18
362.7079 -163.4043 3086.5249 199 171 19
364.4788 -163.0888 3080.5664 198 171 18
366.5960 -162.9315 3077.5957 198 171 17
369.7778 -163.2464 3083.5427 198 171 18
372.9720 -163.5625 3089.5129 198 171 18
399.1820 -172.7608 3263.2585 198 170 16
401.7996 -172.7608 3263.2585 198 170 16
404.0041 -172.5843 3259.9253 197 170 16
407.0348 -172.7608 3263.2585 196 170 16
410.0717 -172.9376 3266.5986 196 168 14
412.6920 -172.9376 3266.5986 195 166 14
414.4638 -172.5843 3259.9253 193 166 15
417.5052 -172.7608 3263.2585 192 165 15
419.6936 -172.5843 3259.9253 192 164 15
-400.4572 -245.0286 4559.2383 56 64 145
-396.8000 -245.0286 4559.2383 55 64 145
-392.5821 -244.6790 4552.7344 57 66 147
-388.9301 -244.6790 4552.7344 67 74 156
-384.7294 -244.3305 4546.2490 73 81 171
-380.5406 -243.9830 4539.7822 80 88 175
-377.4359 -244.3305 4546.2490 69 76 166
-373.7892 -244.3305 4546.2490 63 70 159
-370.6705 -244.6790 4552.7344 63 69 152
-367.5429 -245.0286 4559.2383 64 70 147
-363.3666 -244.6790 4552.7344 59 66 141
-360.2286 -245.0286 4559.2383 57 63 139
-356.5714 -245.0286 4559.2383 58 64 138
-352.9143 -245.0286 4559.2383 59 65 139
-348.2621 -244.3305 4546.2490 59 64 138
-343.6364 -243.6364 4533.3335 57 61 138
-340.0000 -243.6364 4533.3335 56 62 138
-334.9364 -242.6026 4514.0972 57 62 137
-331.7847 -242.9462 4520.4912 56 61 136
-328.6241 -243.2908 4526.9033 55 62 137
-324.9929 -243.2908 4526.9033 55 62 137
-321.3617 -243.2908 4526.9033 56 63 137
-317.2805 -242.9462 4520.4912 57 62 136
-313.6544 -242.9462 4520.4912 56 62 135
-310.0284 -242.9462 4520.4912 56 62 136
-305.5367 -242.2599 4507.7212 56 63 136
-301.9209 -242.2599 4507.7212 56 63 134
-252.3688 -243.2908 4526.9033 56 61 129
-248.3853 -242.9462 4520.4912 56 62 131
-245.4546 -243.6364 4533.3335 55 61 131
-241.4752 -243.2908 4526.9033 55 61 130
-237.5071 -242.9462 4520.4912 56 62 130
-234.2128 -243.2908 4526.9033 57 62 130
336.9720 -165.4002 3077.5957 244 227 51
338.4615 -164.9231 3068.7180 244 227 52
341.9094 -165.4002 3077.5957 244 227 52
344.7104 -165.5599 3080.5664 243 227 52
347.1815 -165.5599 3080.5664 242 225 51
349.6526 -165.5599 3080.5664 238 220 48
352.1236 -165.5599 3080.5664 228 210 41
354.5946 -165.5599 3080.5664 214 192 27
357.0657 -165.5599 3080.5664 201 176 19
359.1900 -165.4002 3077.5957 199 172 18
362.7079 -165.8801 3086.5249 198 171 18
364.4788 -165.5599 3080.5664 199 172 19
366.5960 -165.4002 3077.5957 198 171 18
369.7778 -165.7198 3083.5427 198 171 19
372.9720 -166.0407 3089.5129 198 171 18
398.3673 -175.0204 3256.5986 199 170 17
400.9796 -175.0204 3256.5986 199 171 17
403.5919 -175.0204 3256.5986 198 170 16
406.2041 -175.0204 3256.5986 197 169 16
409.2339 -175.1992 3259.9253 196 168 15
411.8488 -175.1992 3259.9253 195 167 13
414.0408 -175.0204 3256.5986 193 166 14
417.0787 -175.1992 3259.9253 192 165 14
419.2653 -175.0204 3256.5986 192 165 14
-401.0301 -249.0415 4565.7607 55 64 145
-396.8000 -248.6857 4559.2383 54 64 145
-392.5821 -248.3310 4552.7344 57 67 148
-388.9301 -248.3310 4552.7344 67 74 156
-384.7294 -247.9772 4546.2490 74 83 171
-380.5406 -247.6245 4539.7822 78 87 174
-377.4359 -247.9772 4546.2490 67 77 165
-373.7892 -247.9772 4546.2490 62 70 158
-371.2000 -248.6857 4559.2383 61 69 150
-367.5429 -248.6857 4559.2383 63 70 147
-363.8857 -248.6857 4559.2383 59 65 141
-360.2286 -248.6857 4559.2383 58 64 140
-356.5714 -248.6857 4559.2383 58 65 138
-352.9143 -248.6857 4559.2383 59 66 138
-348.2621 -247.9772 4546.2490 57 64 138
-343.6364 -247.2728 4533.3335 55 62 137
-339.5178 -246.9220 4526.9033 55 62 138
-334.9364 -246.2235 4514.0972 55 61 137
-331.3154 -246.2235 4514.0972 55 62 137
-328.1587 -246.5723 4520.4912 55 62 137
-324.5326 -246.5723 4520.4912 55 61 137
-320.9065 -246.5723 4520.4912 54 62 137
-316.8317 -246.2235 4514.0972 56 62 136
-313.2108 -246.2235 4514.0972 56 61 135
-309.5898 -246.2235 4514.0972 56 62 136
-305.1058 -245.5289 4501.3638 57 63 136
-301.4951 -245.5289 4501.3638 56 62 135
-248.3853 -246.5723 4520.4912 56 61 131
-245.1064 -246.9220 4526.9033 56 60 131
-241.1331 -246.5723 4520.4912 57 61 131
-237.1712 -246.2235 4514.0972 58 62 131
336.6474 -167.7072 3074.6309 244 226 52
338.4615 -167.3846 3068.7180 244 227 52
341.5800 -167.7072 3074.6309 244 227 52
344.7104 -168.0309 3080.5664 244 227 52
347.1815 -168.0309 3080.5664 242 224 50
349.6526 -168.0309 3080.5664 238 219 49
352.1236 -168.0309 3080.5664 229 210 42
354.5946 -168.0309 3080.5664 213 192 28
357.0657 -168.0309 3080.5664 201 176 20
359.1900 -167.8689 3077.5957 199 172 19
362.7079 -168.3559 3086.5249 198 171 18
364.4788 -168.0309 3080.5664 199 171 19
366.2428 -167.7072 3074.6309 198 171 19
369.4209 -168.0309 3080.5664 198 171 18
372.9720 -168.5189 3089.5129 197 170 20
397.5560 -177.2709 3249.9661 197 169 17
400.5709 -177.4516 3253.2791 197 170 17
403.1805 -177.4516 3253.2791 197 170 17
405.7900 -177.4516 3253.2791 197 169 16
408.8163 -177.6327 3256.5986 197 168 15
411.4286 -177.6327 3256.5986 196 167 14
413.6188 -177.4516 3253.2791 194 165 15
416.6531 -177.6327 3256.5986 193 164 14
418.8380 -177.4516 3253.2791 193 164 14
-401.0301 -252.7039 4565.7607 55 64 144
-396.8000 -252.3429 4559.2383 55 64 144
-393.1429 -252.3429 4559.2383 60 68 148
-388.9301 -251.9829 4552.7344 68 75 157
-384.7294 -251.6240 4546.2490 73 83 172
-380.5406 -251.2660 4539.7822 77 86 174
-377.4359 -251.6240 4546.2490 66 75 165
-374.3224 -251.9829 4552.7344 62 69 157
-371.2000 -252.3429 4559.2383 59 67 150
-367.5429 -252.3429 4559.2383 61 69 146
-363.8857 -252.3429 4559.2383 60 66 142
-360.2286 -252.3429 4559.2383 59 65 141
-356.5714 -252.3429 4559.2383 57 64 139
-352.9143 -252.3429 4559.2383 56 63 139
-348.2621 -251.6240 4546.2490 54 61 137
-343.1490 -250.5532 4526.9033 54 62 137
-339.5178 -250.5532 4526.9033 55 61 137
-334.9364 -249.8444 4514.0972 55 62 137
-331.3154 -249.8444 4514.0972 55 61 137
-328.1587 -250.1983 4520.4912 55 61 137
-324.5326 -250.1983 4520.4912 56 62 136
-320.9065 -250.1983 4520.4912 55 62 136
-316.8317 -249.8444 4514.0972 56 62 136
-313.2108 -249.8444 4514.0972 55 61 135
-309.1525 -249.4915 4507.7212 56 62 136
-305.1058 -249.1396 4501.3638 56 62 136
-301.4951 -249.1396 4501.3638 55 61 135
336.0000 -169.8462 3068.7180 243 226 52
337.8119 -169.5202 3062.8279 244 227 53
341.2513 -170.0096 3071.6716 244 227 53
344.3780 -170.3375 3077.5957 244 227 52
347.1815 -170.5019 3080.5664 242 224 50
349.6526 -170.5019 3080.5664 238 220 49
352.1236 -170.5019 3080.5664 229 209 41
354.5946 -170.5019 3080.5664 214 192 27
357.0657 -170.5019 3080.5664 201 176 18
359.1900 -170.3375 3077.5957 199 172 18
362.3575 -170.6667 3083.5427 200 170 19
364.4788 -170.5019 3080.5664 199 171 19
366.2428 -170.1734 3074.6309 198 171 19
369.4209 -170.5019 3080.5664 199 171 20
372.6112 -170.8317 3086.5249 199 169 19
397.1516 -179.6948 3246.6599 198 170 18
400.1629 -179.8778 3249.9661 197 170 17
403.1805 -180.0612 3253.2791 197 170 16
405.7900 -180.0612 3253.2791 197 169 16
408.8163 -180.2449 3256.5986 196 168 15
411.4286 -180.2449 3256.5986 195 166 14
413.6188 -180.0612 3253.2791 194 165 15
416.2284 -180.0612 3253.2791 193 165 15
418.4114 -179.8778 3249.9661 193 164 14
-401.0301 -256.3662 4565.7607 56 65 145
-397.3677 -256.3662 4565.7607 55 64 145
-393.1429 -256.0000 4559.2383 60 68 149
-389.4857 -256.0000 4559.2383 69 75 158
-385.2782 -255.6348 4552.7344 73 82 173
-381.0827 -255.2707 4546.2490 75 85 174
-377.9743 -255.6348 4552.7344 64 74 164
-374.3224 -255.6348 4552.7344 60 68 157
-371.2000 -256.0000 4559.2383 57 66 151
-367.5429 -256.0000 4559.2383 59 67 147
-363.8857 -256.0000 4559.2383 59 65 142
-360.2286 -256.0000 4559.2383 58 64 140
-356.5714 -256.0000 4559.2383 56 63 139
-352.4109 -255.6348 4552.7344 54 61 138
-347.7668 -254.9076 4539.7822 54 61 138
-343.1490 -254.1844 4526.9033 54 61 137
-339.5178 -254.1844 4526.9033 55 61 137
-334.9364 -253.4654 4514.0972 55 61 138
-331.3154 -253.4654 4514.0972 54 61 138
-328.6241 -254.1844 4526.9033 54 61 137
-324.5326 -253.8244 4520.4912 54 62 137
-320.9065 -253.8244 4520.4912 55 61 136
-316.8317 -253.4654 4514.0972 56 62 136
-313.6544 -253.8244 4520.4912 55 62 136
-309.5898 -253.4654 4514.0972 55 62 135
-305.5367 -253.1073 4507.7212 55 62 134
-301.4951 -252.7504 4501.3638 55 61 134
336.0000 -172.3077 3068.7180 244 226 53
337.8119 -171.9770 3062.8279 244 227 53
340.9231 -172.3077 3068.7180 244 227 53
344.7104 -172.9730 3080.5664 243 226 52
347.1815 -172.9730 3080.5664 242 225 51
349.6526 -172.9730 3080.5664 238 220 49
352.4638 -173.1401 3083.5427 228 209 40
354.9372 -173.1401 3083.5427 214 191 27
357.0657 -172.9730 3080.5664 201 176 18
359.1900 -172.8062 3077.5957 199 172 17
362.3575 -173.1401 3083.5427 198 171 18
364.1273 -172.8062 3077.5957 198 172 18
366.2428 -172.6397 3074.6309 198 171 18
369.0646 -172.8062 3077.5957 198 171 18
372.6112 -173.3076 3086.5249 198 170 19
375.0871 -173.3076 3086.5249 199 170 19
397.1516 -182.2991 3246.6599 199 171 19
400.1629 -182.4847 3249.9661 198 170 17
403.1805 -182.6707 3253.2791 197 170 16
406.2041 -182.8571 3256.5986 197 170 16
408.8163 -182.8571 3256.5986 197 168 15
411.4286 -182.8571 3256.5986 195 166 14
413.6188 -182.6707 3253.2791 195 165 15
416.2284 -182.6707 3253.2791 193 165 15
418.4114 -182.4847 3249.9661 193 165 14
-401.0301 -260.0286 4565.7607 56 64 145
-396.8000 -259.6572 4559.2383 54 63 145
-393.1429 -259.6572 4559.2383 62 69 150
-389.4857 -259.6572 4559.2383 69 75 159
-385.2782 -259.2867 4552.7344 73 83 173
-380.5406 -258.5491 4539.7822 73 83 173
-377.9743 -259.2867 4552.7344 64 72 165
-374.3224 -259.2867 4552.7344 61 68 158
-371.2000 -259.6572 4559.2383 57 65 149
-367.5429 -259.6572 4559.2383 59 67 147
-363.8857 -259.6572 4559.2383 58 65 143
-360.2286 -259.6572 4559.2383 57 63 140
-356.5714 -259.6572 4559.2383 55 62 138
-352.9143 -259.6572 4559.2383 54 61 138
-347.7668 -258.5491 4539.7822 54 61 139
-343.1490 -257.8156 4526.9033 55 60 138
-339.5178 -257.8156 4526.9033 54 60 136
-334.9364 -257.0863 4514.0972 54 61 138
-331.7847 -257.4504 4520.4912 54 61 138
-329.0909 -258.1819 4533.3335 54 61 138
-324.9929 -257.8156 4526.9033 54 62 137
-321.3617 -257.8156 4526.9033 55 62 137
-317.7305 -257.8156 4526.9033 56 62 137
-314.0993 -257.8156 4526.9033 55 62 136
-309.5898 -257.0863 4514.0972 55 62 134
-305.9689 -257.0863 4514.0972 55 62 135
-302.3480 -257.0863 4514.0972 57 61 134
335.6773 -174.6014 3065.7703 244 227 53
337.4880 -174.2665 3059.8914 244 227 54
341.2513 -174.9375 3071.6716 244 227 53
344.7104 -175.4440 3080.5664 243 227 52
347.1815 -175.4440 3080.5664 242 224 51
349.6526 -175.4440 3080.5664 238 220 50
352.4638 -175.6135 3083.5427 228 210 42
354.9372 -175.6135 3083.5427 213 192 27
357.0657 -175.4440 3080.5664 201 176 18
359.1900 -175.2748 3077.5957 199 172 18
362.3575 -175.6135 3083.5427 198 171 18
364.1273 -175.2748 3077.5957 198 171 18
365.8903 -174.9375 3071.6716 199 171 18
369.0646 -175.2748 3077.5957 198 170 19
372.2512 -175.6135 3083.5427 198 170 18
374.7246 -175.6135 3083.5427 199 170 19
397.1516 -184.9034 3246.6599 199 170 18
400.1629 -185.0917 3249.9661 198 170 17
402.7699 -185.0917 3249.9661 198 170 17
405.7900 -185.2803 3253.2791 196 170 15
408.3996 -185.2803 3253.2791 197 168 16
411.0092 -185.2803 3253.2791 196 166 14
413.1976 -185.0917 3249.9661 195 166 14
416.2284 -185.2803 3253.2791 193 165 14
418.4114 -185.0917 3249.9661 193 164 15
-401.0301 -263.6910 4565.7607 55 63 144
-396.8000 -263.3143 4559.2383 55 64 146
-393.1429 -263.3143 4559.2383 62 69 151
-389.4857 -263.3143 4559.2383 68 74 161
-385.2782 -262.9387 4552.7344 75 85 174
-380.5406 -262.1906 4539.7822 74 82 172
-377.4359 -262.5641 4546.2490 66 72 163
-374.3224 -262.9387 4552.7344 63 69 155
-371.2000 -263.3143 4559.2383 58 65 148
-367.5429 -263.3143 4559.2383 59 66 145
-363.3666 -262.9387 4552.7344 58 64 140
-360.2286 -263.3143 4559.2383 56 63 139
-356.5714 -263.3143 4559.2383 55 62 138
-352.4109 -262.9387 4552.7344 54 61 137
-347.7668 -262.1906 4539.7822 54 61 138
-342.6629 -261.0765 4520.4912 54 61 138
-339.0369 -261.0765 4520.4912 53 60 136
-334.4633 -260.3390 4507.7212 54 60 137
-331.3154 -260.7072 4514.0972 54 60 137
-329.0909 -261.8182 4533.3335 54 61 137
-325.4546 -261.8182 4533.3335 54 62 136
-321.8182 -261.8182 4533.3335 55 62 136
-317.7305 -261.4468 4526.9033 55 62 136
-314.5455 -261.8182 4533.3335 55 61 135
-310.0284 -261.0765 4520.4912 55 62 134
-306.4023 -261.0765 4520.4912 55 61 135
-303.2057 -261.4468 4526.9033 57 61 135
335.0336 -176.7210 3059.8914 244 227 52
337.1648 -176.5517 3056.9604 244 227 52
340.9231 -177.2308 3068.7180 244 227 52
344.3780 -177.7435 3077.5957 243 227 53
347.1815 -177.9151 3080.5664 241 224 52
349.6526 -177.9151 3080.5664 237 220 51
352.1236 -177.9151 3080.5664 227 210 42
354.9372 -178.0870 3083.5427 213 191 27
357.0657 -177.9151 3080.5664 201 176 18
359.1900 -177.7435 3077.5957 199 172 19
362.3575 -178.0870 3083.5427 199 171 19
364.1273 -177.7435 3077.5957 199 171 19
365.8903 -177.4014 3071.6716 198 171 19
368.7091 -177.5723 3074.6309 198 170 18
372.2512 -178.0870 3083.5427 199 170 17
374.7246 -178.0870 3083.5427 199 170 19
397.1516 -187.5076 3246.6599 198 170 18
400.1629 -187.6986 3249.9661 198 170 17
402.7699 -187.6986 3249.9661 197 171 16
405.7900 -187.8899 3253.2791 196 170 15
408.3996 -187.8899 3253.2791 196 168 15
411.0092 -187.8899 3253.2791 196 166 14
413.1976 -187.6986 3249.9661 195 166 13
416.2284 -187.8899 3253.2791 194 165 13
417.9858 -187.5076 3246.6599 193 165 14
684.7361 -262.9387 4552.7344 221 176 15
-401.0301 -267.3534 4565.7607 55 64 144
-397.3677 -267.3534 4565.7607 54 63 144
-393.1429 -266.9715 4559.2383 63 70 150
-389.4857 -266.9715 4559.2383 70 77 161
-385.2782 -266.5906 4552.7344 77 86 174
-381.0827 -266.2108 4546.2490 75 82 170
-377.9743 -266.5906 4552.7344 67 75 162
-374.3224 -266.5906 4552.7344 62 70 152
-371.2000 -266.9715 4559.2383 58 65 148
-367.0186 -266.5906 4552.7344 58 64 145
-363.3666 -266.5906 4552.7344 58 65 141
-360.2286 -266.9715 4559.2383 57 64 139
-356.5714 -266.9715 4559.2383 55 62 137
-352.4109 -266.5906 4552.7344 54 62 137
-347.2727 -265.4546 4533.3335 54 61 137
-342.6629 -264.7025 4520.4912 54 61 137
-338.5573 -264.3282 4514.0972 55 61 137
-334.4633 -263.9548 4507.7212 54 60 137
-331.7847 -264.7025 4520.4912 54 61 137
-329.0909 -265.4546 4533.3335 54 62 137
-325.4546 -265.4546 4533.3335 54 62 136
-322.2760 -265.8322 4539.7822 54 61 135
-318.1819 -265.4546 4533.3335 54 61 136
-314.5455 -265.4546 4533.3335 54 61 135
-310.4681 -265.0780 4526.9033 55 62 135
-306.8369 -265.0780 4526.9033 55 62 135
-303.6364 -265.4546 4533.3335 57 61 135
-299.5745 -265.0780 4526.9033 57 63 135
-295.9433 -265.0780 4526.9033 54 61 131
-292.7273 -265.4546 4533.3335 56 61 133
-289.5022 -265.8322 4539.7822 57 61 133
-286.2679 -266.2108 4546.2490 54 61 131
-283.4286 -266.9715 4559.2383 55 62 132
-147.0762 -212.6053 3630.7927 245 228 58
335.3551 -179.3474 3062.8279 244 227 52
337.1648 -179.0038 3056.9604 244 227 52
341.2513 -179.8653 3071.6716 244 227 52
344.3780 -180.2122 3077.5957 244 226 53
347.1815 -180.3861 3080.5664 242 224 52
349.3153 -180.2122 3077.5957 238 220 51
352.1236 -180.3861 3080.5664 228 209 41
354.9372 -180.5604 3083.5427 213 191 27
356.7213 -180.2122 3077.5957 201 176 18
359.1900 -180.2122 3077.5957 198 172 18
362.0078 -180.3861 3080.5664 198 171 19
363.7765 -180.0385 3074.6309 199 171 18
365.8903 -179.8653 3071.6716 200 171 18
368.3542 -179.8653 3071.6716 199 171 18
371.8919 -180.3861 3080.5664 198 170 17
374.3630 -180.3861 3080.5664 199 170 18
397.1516 -190.1119 3246.6599 199 170 18
400.1629 -190.3055 3249.9661 198 170 17
403.1805 -190.4995 3253.2791 198 170 17
405.7900 -190.4995 3253.2791 196 169 16
408.8163 -190.6939 3256.5986 196 168 15
411.0092 -190.4995 3253.2791 195 166 14
413.1976 -190.3055 3249.9661 195 165 15
416.2284 -190.4995 3253.2791 195 165 14
418.4114 -190.3055 3249.9661 193 165 14
498.8344 -213.5771 3647.3906 203 158 7
683.7607 -266.2108 4546.2490 220 174 14
-401.6046 -271.4040 4572.3018 55 63 145
-397.3677 -271.0157 4565.7607 55 62 146
-393.1429 -270.6286 4559.2383 65 70 151
-389.4857 -270.6286 4559.2383 71 77 164
-385.2782 -270.2425 4552.7344 77 86 174
-381.0827 -269.8576 4546.2490 73 81 169
-377.9743 -270.2425 4552.7344 66 73 161
-374.3224 -270.2425 4552.7344 65 71 153
-371.2000 -270.6286 4559.2383 59 66 145
-367.0186 -270.2425 4552.7344 59 65 144
-363.3666 -270.2425 4552.7344 58 64 140
-360.2286 -270.6286 4559.2383 58 64 140
-356.5714 -270.6286 4559.2383 56 62 138
-351.9089 -269.8576 4546.2490 55 62 138
-346.7802 -268.7092 4526.9033 54 61 137
-342.1782 -267.9491 4514.0972 54 61 136
-338.5573 -267.9491 4514.0972 55 61 137
-334.4633 -267.5706 4507.7212 54 60 136
-331.7847 -268.3286 4520.4912 54 60 136
-329.0909 -269.0909 4533.3335 55 61 137
-325.4546 -269.0909 4533.3335 55 61 136
-322.2760 -269.4737 4539.7822 55 60 135
-318.1819 -269.0909 4533.3335 54 61 135
-314.9929 -269.4737 4539.7822 55 61 135
-310.9091 -269.0909 4533.3335 58 62 135
-307.2728 -269.0909 4533.3335 57 61 135
-304.0683 -269.4737 4539.7822 56 61 134
-300.0000 -269.0909 4533.3335 57 63 136
-296.3637 -269.0909 4533.3335 56 62 133
-293.1437 -269.4737 4539.7822 56 62 134
-289.9146 -269.8576 4546.2490 56 61 134
-286.2679 -269.8576 4546.2490 56 61 133
-283.4286 -270.6286 4559.2383 55 61 134
-279.3723 -270.2425 4552.7344 54 62 131
-275.3277 -269.8576 4546.2490 57 63 131
-152.9010 -215.5176 3630.7927 237 222 77
-149.9886 -215.5176 3630.7927 246 228 60
-147.2437 -215.7631 3634.9280 246 228 56
-144.6575 -216.2557 3643.2268 246 228 56
-142.5488 -217.4971 3664.1409 246 228 55
337.8119 -181.8042 3062.8279 244 227 53
341.5800 -182.5048 3074.6309 244 227 53
344.7104 -182.8571 3080.5664 244 226 53
347.1815 -182.8571 3080.5664 242 224 51
349.3153 -182.6808 3077.5957 237 220 51
352.1236 -182.8571 3080.5664 228 209 41
354.5946 -182.8571 3080.5664 214 191 26
357.0657 -182.8571 3080.5664 201 176 18
358.8440 -182.5048 3074.6309 199 172 19
362.0078 -182.8571 3080.5664 198 171 19
363.7765 -182.5048 3074.6309 200 171 18
365.5385 -182.1539 3068.7180 199 171 18
368.0000 -182.1539 3068.7180 199 171 19
371.5333 -182.6808 3077.5957 199 170 19
374.0020 -182.6808 3077.5957 199 170 19
397.5560 -192.9124 3249.9661 198 170 18
400.5709 -193.1091 3253.2791 198 171 17
403.5919 -193.3061 3256.5986 197 169 17
406.2041 -193.3061 3256.5986 198 168 17
409.6524 -193.7014 3263.2585 197 168 14
411.8488 -193.5036 3259.9253 195 166 14
414.0408 -193.3061 3256.5986 195 165 15
416.6531 -193.3061 3256.5986 195 165 15
499.4051 -216.7506 3651.5637 203 158 7
683.7607 -269.8576 4546.2490 220 174 12
-401.6046 -275.0716 4572.3018 54 63 145
-397.3677 -274.6781 4565.7607 55 63 147
-393.1429 -274.2857 4559.2383 65 71 152
-389.4857 -274.2857 4559.2383 70 78 166
-385.2782 -273.8944 4552.7344 78 87 175
-381.0827 -273.5043 4546.2490 70 80 168
-377.9743 -273.8944 4552.7344 63 71 161
-374.3224 -273.8944 4552.7344 62 69 153
-371.2000 -274.2857 4559.2383 59 66 146
-367.0186 -273.8944 4552.7344 58 64 143
-363.3666 -273.8944 4552.7344 57 64 141
-360.2286 -274.2857 4559.2383 56 62 140
-356.5714 -274.2857 4559.2383 56 62 139
-351.9089 -273.5043 4546.2490 55 62 138
-346.7802 -272.3405 4526.9033 55 62 137
-342.6629 -271.9547 4520.4912 54 61 136
-339.0369 -271.9547 4520.4912 54 61 137
-334.9364 -271.5700 4514.0972 54 60 136
-332.2553 -272.3405 4526.9033 55 59 136
-329.0909 -272.7273 4533.3335 55 60 137
-325.9175 -273.1152 4539.7822 54 60 137
-322.7351 -273.5043 4546.2490 55 61 137
-318.6345 -273.1152 4539.7822 55 61 136
-314.9929 -273.1152 4539.7822 55 61 135
-311.3514 -273.1152 4539.7822 56 62 135
-308.1482 -273.5043 4546.2490 56 62 134
-304.5014 -273.5043 4546.2490 55 61 134
-300.4268 -273.1152 4539.7822 58 63 133
-296.7852 -273.1152 4539.7822 57 62 131
-293.5613 -273.5043 4546.2490 56 61 133
-289.9146 -273.5043 4546.2490 55 61 132
-286.2679 -273.5043 4546.2490 55 60 132
-283.4286 -274.2857 4559.2383 55 61 131
-279.3723 -273.8944 4552.7344 55 62 131
-275.3277 -273.5043 4546.2490 57 63 131
-270.9091 -272.7273 4533.3335 56 62 129
-155.6364 -218.1818 3626.6667 242 226 83
-153.2497 -218.9282 3639.0728 246 229 59
-150.3307 -218.9282 3639.0728 247 229 56
-147.4116 -218.9282 3639.0728 246 229 56
-144.8229 -219.4286 3647.3906 246 229 56
-142.5488 -220.4363 3664.1409 246 229 56
-139.4495 -220.1835 3659.9390 246 229 56
-136.8276 -220.6897 3668.3525 246 229 55
338.4615 -184.6154 3068.7180 244 227 53
341.5800 -184.9711 3074.6309 244 227 53
344.7104 -185.3282 3080.5664 243 226 52
347.1815 -185.3282 3080.5664 242 224 51
349.3153 -185.1495 3077.5957 238 220 50
352.1236 -185.3282 3080.5664 227 208 41
354.9372 -185.5072 3083.5427 213 191 26
357.0657 -185.3282 3080.5664 201 176 19
359.1900 -185.1495 3077.5957 199 172 19
362.0078 -185.3282 3080.5664 198 172 19
363.4264 -184.7931 3071.6716 198 171 19
365.5385 -184.6154 3068.7180 198 171 19
367.6465 -184.4380 3065.7703 197 170 18
371.1754 -184.9711 3074.6309 198 170 18
373.6416 -184.9711 3074.6309 199 170 19
401.7996 -196.3190 3263.2585 198 171 17
404.4172 -196.3190 3263.2585 197 169 16
407.4514 -196.5200 3266.5986 197 169 16
410.9128 -196.9231 3273.2993 196 168 14
412.6920 -196.5200 3266.5986 195 167 15
415.3122 -196.5200 3266.5986 196 166 15
417.9325 -196.5200 3266.5986 195 165 15
499.4051 -219.6796 3651.5637 204 158 7
682.7881 -273.1152 4539.7822 220 174 11
678.7061 -270.0422 4488.7017 219 174 13
-401.6046 -278.7393 4572.3018 55 64 144
-396.8000 -277.9429 4559.2383 55 64 147
-393.1429 -277.9429 4559.2383 65 71 153
-389.4857 -277.9429 4559.2383 71 77 167
-385.8286 -277.9429 4559.2383 77 84 175
-381.6263 -277.5464 4552.7344 70 79 168
-377.9743 -277.5464 4552.7344 64 71 160
-374.3224 -277.5464 4552.7344 61 67 152
-371.2000 -277.9429 4559.2383 59 65 146
-367.0186 -277.5464 4552.7344 56 64 144
-363.3666 -277.5464 4552.7344 54 62 140
-360.2286 -277.9429 4559.2383 54 62 140
-356.0628 -277.5464 4552.7344 55 62 138
-351.9089 -277.1510 4546.2490 54 61 137
-346.7802 -275.9716 4526.9033 55 62 137
-342.6629 -275.5808 4520.4912 55 61 137
-339.5178 -275.9716 4526.9033 54 60 136
-335.8866 -275.9716 4526.9033 53 60 135
-332.7273 -276.3636 4533.3335 53 60 135
-329.5591 -276.7568 4539.7822 54 60 136
-326.3818 -277.1510 4546.2490 53 60 136
-322.7351 -277.1510 4546.2490 53 60 136
-319.0883 -277.1510 4546.2490 55 61 136
-315.4416 -277.1510 4546.2490 55 61 135
-311.7949 -277.1510 4546.2490 54 62 135
-308.1482 -277.1510 4546.2490 54 61 134
-304.9358 -277.5464 4552.7344 54 60 134
-300.8547 -277.1510 4546.2490 57 63 135
-297.2080 -277.1510 4546.2490 56 61 131
-293.5613 -277.1510 4546.2490 54 61 133
-290.3281 -277.5464 4552.7344 54 61 133
-286.6762 -277.5464 4552.7344 53 60 130
-283.4286 -277.9429 4559.2383 54 61 131
-279.3723 -277.5464 4552.7344 55 61 131
-275.3277 -277.1510 4546.2490 55 62 132
-270.9091 -276.3636 4533.3335 54 61 130
-155.8134 -221.3425 3630.7927 242 226 78
-153.2497 -221.8472 3639.0728 246 230 56
-150.5023 -222.1005 3643.2268 247 229 56
-147.7486 -222.3543 3647.3906 247 229 56
-145.1546 -222.8637 3655.7466 247 229 56
-142.7126 -223.6322 3668.3525 247 229 56
-139.7701 -223.6322 3668.3525 247 229 56
-136.9850 -223.8895 3672.5740 247 229 56
339.4407 -187.6181 3077.5957 244 227 53
341.9094 -187.6181 3077.5957 244 226 52
344.7104 -187.7992 3080.5664 244 226 52
347.5169 -187.9807 3083.5427 242 225 52
349.3153 -187.6181 3077.5957 237 220 50
352.1236 -187.7992 3080.5664 227 208 41
354.9372 -187.9807 3083.5427 213 191 27
357.0657 -187.7992 3080.5664 201 176 20
358.8440 -187.4374 3074.6309 199 172 19
362.0078 -187.7992 3080.5664 199 171 20
362.7282 -186.8972 3065.7703 199 171 19
364.8369 -186.7179 3062.8279 199 170 19
367.2937 -186.7179 3062.8279 199 170 18
370.4615 -187.0769 3068.7180 199 171 18
372.9231 -187.0769 3068.7180 199 171 18
402.2109 -199.1402 3266.5986 199 170 17
404.8312 -199.1402 3266.5986 198 169 16
407.8689 -199.3443 3269.9456 196 169 16
411.3347 -199.7536 3276.6599 195 168 15
413.1148 -199.3443 3269.9456 195 167 15
418.3607 -199.3443 3269.9456 195 165 15
499.4051 -222.6087 3651.5637 203 158 5
682.7881 -276.7568 4539.7822 220 173 11
680.6207 -274.4147 4501.3638 219 173 11
682.3066 -273.6428 4488.7017 220 172 12
-401.6046 -282.4069 4572.3018 54 64 145
-397.3677 -282.0029 4565.7607 55 65 146
-393.1429 -281.6000 4559.2383 65 71 154
-389.4857 -281.6000 4559.2383 72 79 168
-385.8286 -281.6000 4559.2383 76 86 174
-381.6263 -281.1983 4552.7344 70 78 168
-377.9743 -281.1983 4552.7344 64 71 159
-374.3224 -281.1983 4552.7344 59 66 151
-371.2000 -281.6000 4559.2383 57 64 146
-367.0186 -281.1983 4552.7344 55 63 143
-363.3666 -281.1983 4552.7344 54 62 141
-360.2286 -281.6000 4559.2383 55 62 139
-356.0628 -281.1983 4552.7344 55 62 138
-351.9089 -280.7978 4546.2490 54 62 137
-346.7802 -279.6029 4526.9033 55 62 137
-342.6629 -279.2068 4520.4912 56 62 136
-340.0000 -280.0000 4533.3335 54 62 137
-335.8866 -279.6029 4526.9033 52 60 135
-333.2006 -280.3983 4539.7822 53 59 136
-329.5591 -280.3983 4539.7822 53 59 136
-326.3818 -280.7978 4546.2490 54 60 136
-322.7351 -280.7978 4546.2490 54 60 134
-319.0883 -280.7978 4546.2490 55 61 136
-315.4416 -280.7978 4546.2490 55 62 135
-311.7949 -280.7978 4546.2490 57 63 135
-308.1482 -280.7978 4546.2490 56 62 135
-304.9358 -281.1983 4552.7344 55 61 134
-300.8547 -280.7978 4546.2490 55 62 134
-297.2080 -280.7978 4546.2490 55 62 132
-293.9800 -281.1983 4552.7344 55 62 132
-290.3281 -281.1983 4552.7344 57 62 134
-286.2679 -280.7978 4546.2490 56 62 132
-283.0243 -281.1983 4552.7344 57 63 132
-279.3723 -281.1983 4552.7344 56 62 131
-274.9360 -280.3983 4539.7822 54 62 130
-270.5249 -279.6029 4526.9033 54 61 130
-159.4514 -225.2800 3647.3906 139 129 102
-155.8134 -224.2549 3630.7927 242 227 80
-153.2497 -224.7663 3639.0728 248 230 57
-150.5023 -225.0228 3643.2268 248 229 57
-147.9176 -225.5378 3651.5637 247 229 56
-145.3211 -226.0551 3659.9390 247 230 56
-142.8769 -226.8354 3672.5740 247 230 56
-139.9310 -226.8354 3672.5740 247 230 56
-137.1429 -227.0968 3676.8049 247 229 56
339.4407 -190.0868 3077.5957 244 227 53
341.9094 -190.0868 3077.5957 244 227 53
344.7104 -190.2703 3080.5664 243 226 52
347.1815 -190.2703 3080.5664 241 225 52
349.3153 -190.0868 3077.5957 237 220 51
351.7840 -190.0868 3077.5957 227 208 42
354.9372 -190.4541 3083.5427 213 191 27
357.0657 -190.2703 3080.5664 201 176 18
358.8440 -189.9037 3074.6309 199 172 19
361.6587 -190.0868 3077.5957 198 171 19
362.0326 -188.9933 3059.8914 199 171 19
364.4871 -188.9933 3059.8914 198 171 19
366.9415 -188.9933 3059.8914 198 170 19
369.7505 -189.1747 3062.8279 199 171 19
372.2073 -189.1747 3062.8279 198 171 18
401.7996 -201.5542 3263.2585 199 170 18
404.8312 -201.7605 3266.5986 198 170 17
407.4514 -201.7605 3266.5986 197 169 16
411.7575 -202.5900 3280.0276 196 168 15
413.5385 -202.1744 3273.2993 196 167 15
419.2197 -202.3819 3276.6599 195 165 15
499.4051 -225.5378 3651.5637 202 156 5
669.5101 -284.0346 4598.6553 219 171 9
674.1703 -284.4445 4605.2910 220 172 10
675.7082 -282.0029 4565.7607 220 172 9
680.3439 -282.4069 4572.3018 221 172 11
682.0572 -281.6000 4559.2383 221 173 10
681.8182 -280.0000 4533.3335 220 173 10
681.5819 -278.4181 4507.7212 220 173 10
683.2676 -277.6338 4495.0234 220 172 11
-401.6046 -286.0745 4572.3018 55 64 145
-397.3677 -285.6653 4565.7607 55 65 147
-393.1429 -285.2572 4559.2383 67 73 155
-389.4857 -285.2572 4559.2383 73 81 169
-385.8286 -285.2572 4559.2383 76 86 174
-381.6263 -284.8502 4552.7344 69 77 167
-377.9743 -284.8502 4552.7344 63 70 159
-374.8572 -285.2572 4559.2383 56 64 151
-371.2000 -285.2572 4559.2383 54 63 145
-367.0186 -284.8502 4552.7344 55 64 143
-363.3666 -284.8502 4552.7344 55 63 140
-360.2286 -285.2572 4559.2383 56 62 138
-356.0628 -284.8502 4552.7344 57 61 138
-351.4083 -284.0399 4539.7822 56 62 138
-346.7802 -283.2341 4526.9033 55 61 137
-342.6629 -282.8329 4520.4912 55 61 136
-340.0000 -283.6364 4533.3335 55 61 135
-336.3636 -283.6364 4533.3335 53 60 135
-333.2006 -284.0399 4539.7822 53 60 136
-330.0285 -284.4445 4546.2490 53 59 136
-326.3818 -284.4445 4546.2490 54 59 136
-322.7351 -284.4445 4546.2490 53 59 134
-319.0883 -284.4445 4546.2490 54 60 135
-315.4416 -284.4445 4546.2490 56 62 135
-311.7949 -284.4445 4546.2490 58 62 135
-308.1482 -284.4445 4546.2490 57 61 134
-304.9358 -284.8502 4552.7344 57 61 134
-300.8547 -284.4445 4546.2490 57 62 135
-297.2080 -284.4445 4546.2490 56 63 133
-293.5613 -284.4445 4546.2490 56 62 132
-290.3281 -284.8502 4552.7344 57 62 133
-286.2679 -284.4445 4546.2490 58 63 132
-283.0243 -284.8502 4552.7344 58 64 132
-279.3723 -284.8502 4552.7344 58 63 131
-274.9360 -284.0399 4539.7822 56 62 131
-270.5249 -283.2341 4526.9033 54 61 130
-265.7627 -282.0339 4507.7212 55 61 131
-162.7491 -228.7285 3655.7466 68 68 122
-159.2694 -227.9452 3643.2268 144 133 103
-155.9909 -227.4260 3634.9280 243 227 79
-153.2497 -227.6853 3639.0728 247 230 57
-150.6743 -228.2057 3647.3906 248 230 57
-148.0871 -228.7285 3655.7466 247 229 56
-145.4879 -229.2538 3664.1409 247 230 56
-143.0415 -230.0461 3676.8049 247 230 56
-139.9310 -229.7814 3672.5740 247 230 56
-137.1429 -230.0461 3676.8049 247 230 57
339.4407 -192.5555 3077.5957 244 227 53
341.9094 -192.5555 3077.5957 244 227 52
344.7104 -192.7413 3080.5664 243 226 51
347.1815 -192.7413 3080.5664 241 225 51
348.9789 -192.3699 3074.6309 237 220 49
351.7840 -192.5555 3077.5957 227 208 39
354.5946 -192.7413 3080.5664 213 191 26
357.0657 -192.7413 3080.5664 201 175 19
358.4986 -192.1848 3071.6716 199 172 19
361.3102 -192.3699 3074.6309 199 171 19
362.0326 -191.4478 3059.8914 199 171 19
364.4871 -191.4478 3059.8914 199 170 19
366.5901 -191.2644 3056.9604 199 170 19
369.3960 -191.4478 3059.8914 199 171 18
371.8504 -191.4478 3059.8914 198 171 18
401.7996 -204.1718 3263.2585 199 170 18
404.8312 -204.3808 3266.5986 197 170 17
407.8689 -204.5902 3269.9456 197 169 16
412.1811 -205.4321 3283.4021 195 169 15
414.3885 -205.2210 3280.0276 195 168 15
497.0447 -228.7285 3655.7466 198 164 13
499.4051 -228.4668 3651.5637 203 157 5
502.3341 -228.4668 3651.5637 208 154 2
667.5862 -286.8966 4585.4409 219 170 9
671.2644 -286.8966 4585.4409 219 171 10
673.0086 -286.0745 4572.3018 220 172 9
673.7804 -284.8502 4552.7344 220 173 8
677.4323 -284.8502 4552.7344 220 173 9
681.0842 -284.8502 4552.7344 221 172 10
680.8511 -283.2341 4526.9033 220 173 10
681.5819 -282.0339 4507.7212 220 174 10
684.2314 -281.6361 4501.3638 220 173 10
-401.6046 -289.7421 4572.3018 54 62 143
-396.8000 -288.9143 4559.2383 59 67 148
-393.1429 -288.9143 4559.2383 68 73 155
-389.4857 -288.9143 4559.2383 73 80 170
-385.8286 -288.9143 4559.2383 76 86 174
-381.6263 -288.5021 4552.7344 69 77 166
-377.9743 -288.5021 4552.7344 61 69 157
-374.8572 -288.9143 4559.2383 55 63 150
-371.2000 -288.9143 4559.2383 54 63 146
-367.0186 -288.5021 4552.7344 55 63 143
-363.8857 -288.9143 4559.2383 56 63 140
-360.2286 -288.9143 4559.2383 55 62 138
-356.0628 -288.5021 4552.7344 55 62 137
-351.4083 -287.6814 4539.7822 55 62 137
-346.7802 -286.8653 4526.9033 54 62 137
-342.6629 -286.4590 4520.4912 54 61 135
-340.0000 -287.2727 4533.3335 54 61 135
-336.3636 -287.2727 4533.3335 53 60 135
-333.2006 -287.6814 4539.7822 53 59 136
-330.0285 -288.0912 4546.2490 54 60 136
-326.3818 -288.0912 4546.2490 53 60 135
-322.7351 -288.0912 4546.2490 53 59 134
-319.0883 -288.0912 4546.2490 53 59 135
-315.4416 -288.0912 4546.2490 54 60 134
-311.3514 -287.6814 4539.7822 58 63 134
-308.1482 -288.0912 4546.2490 57 61 133
-304.9358 -288.5021 4552.7344 57 61 134
-300.8547 -288.0912 4546.2490 57 61 134
-297.2080 -288.0912 4546.2490 56 62 133
-293.5613 -288.0912 4546.2490 55 62 132
-290.3281 -288.5021 4552.7344 54 61 132
-286.2679 -288.0912 4546.2490 57 64 133
-283.0243 -288.5021 4552.7344 56 63 130
-278.9744 -288.0912 4546.2490 58 63 131
-274.9360 -287.6814 4539.7822 55 62 130
-270.5249 -286.8653 4526.9033 54 61 130
-265.7627 -285.6497 4507.7212 55 61 130
-162.9358 -231.9266 3659.9390 68 69 120
-159.6339 -231.3959 3651.5637 147 137 102
-156.3470 -230.8676 3643.2268 243 227 77
-153.4247 -230.8676 3643.2268 247 229 58
-150.8467 -231.3959 3651.5637 247 230 56
-148.2569 -231.9266 3659.9390 247 230 56
-145.6552 -232.4598 3668.3525 247 230 56
-143.0415 -232.9954 3676.8049 246 229 55
-140.0922 -232.9954 3676.8049 247 230 56
-137.3011 -233.2641 3681.0459 247 229 56
339.4407 -195.0241 3077.5957 244 227 52
341.9094 -195.0241 3077.5957 244 227 53
344.3780 -195.0241 3077.5957 243 226 52
347.1815 -195.2124 3080.5664 242 225 51
348.9789 -194.8362 3074.6309 237 220 48
351.7840 -195.0241 3077.5957 228 209 40
354.5946 -195.2124 3080.5664 213 189 27
356.7213 -195.0241 3077.5957 200 175 20
358.4986 -194.6487 3071.6716 199 171 19
360.9625 -194.6487 3071.6716 200 171 19
362.0326 -193.9022 3059.8914 199 170 19
364.4871 -193.9022 3059.8914 199 170 18
366.9415 -193.9022 3059.8914 199 170 18
369.3960 -193.9022 3059.8914 199 170 17
371.8504 -193.9022 3059.8914 199 171 17
401.3892 -206.5782 3259.9253 199 170 17
405.2459 -207.2131 3269.9456 198 170 16
407.8689 -207.2131 3269.9456 196 169 16
490.6179 -231.3959 3651.5637 197 167 15
494.1123 -231.6609 3655.7466 197 166 14
497.0447 -231.6609 3655.7466 198 164 12
499.4051 -231.3959 3651.5637 203 157 5
502.3341 -231.3959 3651.5637 209 155 3
505.8420 -231.6609 3655.7466 209 157 3
655.5208 -288.5021 4552.7344 217 168 7
670.3013 -290.1578 4578.8618 220 172 10
671.0858 -288.9143 4559.2383 220 172 10
672.8206 -288.0912 4546.2490 220 172 9
676.4673 -288.0912 4546.2490 220 172 10
679.1466 -287.6814 4539.7822 221 172 10
678.9251 -286.0538 4514.0972 221 173 10
680.6207 -285.2469 4501.3638 221 173 10
684.2314 -285.2469 4501.3638 221 174 10
-401.0301 -292.9900 4565.7607 54 63 143
-396.8000 -292.5714 4559.2383 60 66 148
-393.1429 -292.5714 4559.2383 68 73 156
-389.4857 -292.5714 4559.2383 72 82 171
-385.8286 -292.5714 4559.2383 76 85 173
-381.6263 -292.1541 4552.7344 68 77 165
-377.9743 -292.1541 4552.7344 61 68 156
-374.8572 -292.5714 4559.2383 56 63 151
-371.2000 -292.5714 4559.2383 56 63 146
-367.0186 -292.1541 4552.7344 56 63 143
-363.8857 -292.5714 4559.2383 56 63 140
-360.2286 -292.5714 4559.2383 57 63 138
-356.0628 -292.1541 4552.7344 56 62 136
-351.4083 -291.3229 4539.7822 54 61 136
-346.7802 -290.4965 4526.9033 55 61 136
-342.6629 -290.0850 4520.4912 55 61 136
-340.0000 -290.9091 4533.3335 54 61 136
-336.3636 -290.9091 4533.3335 54 60 135
-333.2006 -291.3229 4539.7822 53 60 135
-330.0285 -291.7379 4546.2490 53 60 136
-326.3818 -291.7379 4546.2490 53 59 134
-322.7351 -291.7379 4546.2490 55 60 134
-319.0883 -291.7379 4546.2490 54 60 134
-315.4416 -291.7379 4546.2490 55 61 134
-311.3514 -291.3229 4539.7822 58 63 134
-308.1482 -291.7379 4546.2490 57 62 133
-304.9358 -292.1541 4552.7344 55 61 133
-300.8547 -291.7379 4546.2490 55 61 132
-297.2080 -291.7379 4546.2490 56 63 133
-293.5613 -291.7379 4546.2490 55 62 132
-290.3281 -292.1541 4552.7344 56 62 132
-286.2679 -291.7379 4546.2490 57 63 132
-282.6211 -291.7379 4546.2490 59 63 131
-278.9744 -291.7379 4546.2490 59 62 131
-274.9360 -291.3229 4539.7822 57 62 132
-270.5249 -290.4965 4526.9033 56 61 132
-265.7627 -289.2655 4507.7212 57 61 131
-163.1228 -235.1320 3664.1409 70 70 119
-159.8167 -234.5934 3655.7466 152 141 102
-156.5257 -234.0572 3647.3906 244 227 76
-153.7757 -234.3250 3651.5637 248 229 58
-151.1927 -234.8624 3659.9390 247 230 56
-148.2569 -234.8624 3659.9390 247 229 56
-145.6552 -235.4023 3668.3525 246 229 56
-143.0415 -235.9447 3676.8049 246 229 55
-140.0922 -235.9447 3676.8049 247 230 56
340.4256 -198.0658 3086.5249 244 227 52
342.5701 -197.8744 3083.5427 244 227 52
345.0435 -197.8744 3083.5427 243 226 52
347.5169 -197.8744 3083.5427 242 225 52
349.3153 -197.4928 3077.5957 238 220 49
352.1236 -197.6834 3080.5664 228 209 40
354.9372 -197.8744 3083.5427 213 190 26
356.7213 -197.4928 3077.5957 201 175 19
358.4986 -197.1126 3071.6716 199 171 18
360.9625 -197.1126 3071.6716 200 170 19
362.0326 -196.3567 3059.8914 198 171 19
364.4871 -196.3567 3059.8914 198 171 19
366.9415 -196.3567 3059.8914 198 171 18
369.3960 -196.3567 3059.8914 199 170 17
371.8504 -196.3567 3059.8914 199 171 17
401.3892 -209.1931 3259.9253 199 170 17
405.2459 -209.8361 3269.9456 198 170 16
407.4514 -209.6213 3266.5986 196 169 16
484.7598 -234.3250 3651.5637 197 167 15
487.6888 -234.3250 3651.5637 197 168 15
491.1799 -234.5934 3655.7466 197 168 15
494.1123 -234.5934 3655.7466 197 167 14
497.0447 -234.5934 3655.7466 198 164 13
499.9771 -234.5934 3655.7466 203 157 6
502.3341 -234.3250 3651.5637 209 155 2
505.8420 -234.5934 3655.7466 209 156 3
508.7744 -234.5934 3655.7466 211 158 3
654.5869 -291.7379 4546.2490 217 168 7
660.1143 -292.5714 4559.2383 218 169 7
664.7211 -292.9900 4565.7607 219 169 7
669.3410 -293.4097 4572.3018 220 171 8
670.1284 -292.1541 4552.7344 220 172 10
671.8635 -291.3229 4539.7822 220 172 10
675.5051 -291.3229 4539.7822 220 172 10
678.1819 -290.9091 4533.3335 221 173 11
677.9661 -289.2655 4507.7212 221 173 10
680.6207 -288.8576 4501.3638 221 173 10
684.2314 -288.8576 4501.3638 221 174 10
-401.0301 -296.6524 4565.7607 54 63 144
-396.8000 -296.2286 4559.2383 60 66 149
-392.5821 -295.8060 4552.7344 68 74 158
-389.4857 -296.2286 4559.2383 72 82 171
-385.2782 -295.8060 4552.7344 75 84 173
-381.6263 -295.8060 4552.7344 68 77 166
-377.9743 -295.8060 4552.7344 61 68 156
-374.8572 -296.2286 4559.2383 56 63 149
-370.6705 -295.8060 4552.7344 56 63 145
-367.0186 -295.8060 4552.7344 57 64 142
-363.3666 -295.8060 4552.7344 57 63 139
-359.7147 -295.8060 4552.7344 56 63 138
-355.5556 -295.3846 4546.2490 54 62 135
-350.9091 -294.5455 4533.3335 54 61 136
-346.7802 -294.1277 4526.9033 55 62 136
-342.6629 -293.7111 4520.4912 54 60 135
-340.0000 -294.5455 4533.3335 53 60 136
-336.3636 -294.5455 4533.3335 54 60 136
-333.2006 -294.9645 4539.7822 53 60 136
-329.5591 -294.9645 4539.7822 53 60 136
-326.3818 -295.3846 4546.2490 54 60 134
-322.7351 -295.3846 4546.2490 54 60 134
-318.6345 -294.9645 4539.7822 54 61 134
-315.4416 -295.3846 4546.2490 54 61 133
-311.3514 -294.9645 4539.7822 55 61 133
-308.1482 -295.3846 4546.2490 55 62 132
-304.5014 -295.3846 4546.2490 55 60 132
-300.8547 -295.3846 4546.2490 55 60 133
-297.2080 -295.3846 4546.2490 54 61 133
-293.5613 -295.3846 4546.2490 54 60 133
-289.9146 -295.3846 4546.2490 58 62 133
-286.2679 -295.3846 4546.2490 60 65 133
-282.6211 -295.3846 4546.2490 59 65 129
-278.5775 -294.9645 4539.7822 59 64 130
-274.9360 -294.9645 4539.7822 57 62 130
-270.5249 -294.1277 4526.9033 55 60 131
-265.7627 -292.8813 4507.7212 56 61 129
-163.3103 -238.3448 3668.3525 68 69 117
-160.1837 -238.0712 3664.1409 157 147 101
-156.8843 -237.5258 3655.7466 245 228 74
-153.7757 -237.2540 3651.5637 248 230 58
-151.3662 -238.0712 3664.1409 247 230 56
-148.4271 -238.0712 3664.1409 247 229 56
-145.8228 -238.6191 3672.5740 247 229 57
-143.0415 -238.8940 3676.8049 247 229 55
342.5701 -200.3478 3083.5427 244 227 52
345.0435 -200.3478 3083.5427 243 226 51
347.8530 -200.5416 3086.5249 242 225 52
349.3153 -199.9614 3077.5957 238 220 49
352.1236 -200.1544 3080.5664 227 208 40
354.9372 -200.3478 3083.5427 213 190 26
356.3777 -199.7688 3074.6309 200 175 18
358.1539 -199.3846 3068.7180 199 171 19
360.6154 -199.3846 3068.7180 199 170 19
362.0326 -198.8111 3059.8914 198 171 19
364.4871 -198.8111 3059.8914 198 171 18
367.2937 -199.0019 3062.8279 198 171 18
369.7505 -199.0019 3062.8279 198 170 18
371.8504 -198.8111 3059.8914 198 171 17
400.9796 -211.5919 3256.5986 198 170 17
405.2459 -212.4590 3269.9456 197 169 16
407.8689 -212.4590 3269.9456 197 168 15
484.7598 -237.2540 3651.5637 196 168 15
488.2475 -237.5258 3655.7466 197 168 15
491.1799 -237.5258 3655.7466 197 169 14
494.1123 -237.5258 3655.7466 197 167 14
497.0447 -237.5258 3655.7466 198 165 12
499.9771 -237.5258 3655.7466 203 158 8
502.3341 -237.2540 3651.5637 209 156 7
505.8420 -237.5258 3655.7466 210 158 8
508.7744 -237.5258 3655.7466 212 160 8
511.1213 -237.2540 3651.5637 214 162 9
652.7274 -294.5455 4533.3335 218 169 11
658.2336 -295.3846 4546.2490 218 170 12
662.8246 -295.8060 4552.7344 219 171 13
666.4765 -295.8060 4552.7344 220 173 14
668.2220 -294.9645 4539.7822 221 173 15
669.9575 -294.1277 4526.9033 221 174 14
672.6346 -293.7111 4520.4912 221 173 14
677.2200 -294.1277 4526.9033 221 174 14
677.9661 -292.8813 4507.7212 221 174 14
679.6620 -292.0564 4495.0234 221 173 13
683.2676 -292.0564 4495.0234 221 173 13
-400.4572 -299.8857 4559.2383 54 62 143
-396.2340 -299.4579 4552.7344 59 66 148
-392.5821 -299.4579 4552.7344 69 74 159
-388.9301 -299.4579 4552.7344 75 82 172
-385.2782 -299.4579 4552.7344 73 83 172
-381.6263 -299.4579 4552.7344 67 76 165
-377.9743 -299.4579 4552.7344 62 70 155
-374.8572 -299.8857 4559.2383 58 64 148
-370.6705 -299.4579 4552.7344 56 63 144
-367.0186 -299.4579 4552.7344 58 63 140
-363.3666 -299.4579 4552.7344 57 62 138
-359.7147 -299.4579 4552.7344 55 61 136
-355.5556 -299.0313 4546.2490 55 61 135
-350.9091 -298.1818 4533.3335 55 61 135
-346.7802 -297.7589 4526.9033 55 60 135
-343.1490 -297.7589 4526.9033 53 60 133
-340.0000 -298.1818 4533.3335 53 59 135
-336.3636 -298.1818 4533.3335 55 61 135
-333.2006 -298.6060 4539.7822 59 66 138
-329.5591 -298.6060 4539.7822 55 61 135
-326.3818 -299.0313 4546.2490 54 60 135
-322.7351 -299.0313 4546.2490 54 59 134
-318.6345 -298.6060 4539.7822 57 62 135
-315.4416 -299.0313 4546.2490 56 61 132
-311.3514 -298.6060 4539.7822 56 60 133
-308.1482 -299.0313 4546.2490 57 62 132
-304.5014 -299.0313 4546.2490 55 60 132
-300.8547 -299.0313 4546.2490 55 60 132
-297.2080 -299.0313 4546.2490 54 61 133
-293.5613 -299.0313 4546.2490 57 62 133
-289.9146 -299.0313 4546.2490 59 64 135
-286.2679 -299.0313 4546.2490 59 63 133
-282.6211 -299.0313 4546.2490 58 63 129
-278.5775 -298.6060 4539.7822 58 63 130
-274.9360 -298.6060 4539.7822 56 62 131
-270.5249 -297.7589 4526.9033 56 60 130
-265.7627 -296.4972 4507.7212 58 63 129
-262.1469 -296.4972 4507.7212 55 62 128
-163.4983 -241.5650 3672.5740 68 69 117
-160.3678 -241.2874 3668.3525 163 153 103
-157.2446 -241.0103 3664.1409 245 229 75
-154.1284 -240.7340 3659.9390 248 229 58
-151.5402 -241.2874 3668.3525 247 229 56
-148.5977 -241.2874 3668.3525 247 230 56
-145.9908 -241.8433 3676.8049 247 230 56
-143.2065 -242.1223 3681.0459 247 230 55
342.5701 -202.8213 3083.5427 244 227 52
345.0435 -202.8213 3083.5427 243 226 52
347.8530 -203.0174 3086.5249 242 225 52
349.6526 -202.6255 3080.5664 238 220 50
352.1236 -202.6255 3080.5664 227 208 40
354.5946 -202.6255 3080.5664 213 190 25
356.3777 -202.2351 3074.6309 200 175 18
358.1539 -201.8462 3068.7180 199 172 19
360.6154 -201.8462 3068.7180 200 170 19
362.0326 -201.2656 3059.8914 200 170 20
364.8369 -201.4587 3062.8279 199 170 18
367.2937 -201.4587 3062.8279 198 171 18
369.7505 -201.4587 3062.8279 198 170 17
371.8504 -201.2656 3059.8914 197 170 17
401.7996 -214.6421 3263.2585 197 170 17
405.6616 -215.3026 3273.2993 197 169 16
408.2872 -215.3026 3273.2993 197 168 15
485.3150 -240.4582 3655.7466 197 168 15
488.2475 -240.4582 3655.7466 197 167 14
491.1799 -240.4582 3655.7466 197 168 14
494.1123 -240.4582 3655.7466 198 168 14
497.0447 -240.4582 3655.7466 199 166 13
499.9771 -240.4582 3655.7466 205 160 9
502.3341 -240.1831 3651.5637 210 159 9
505.8420 -240.4582 3655.7466 212 161 8
508.7744 -240.4582 3655.7466 213 162 10
511.7068 -240.4582 3655.7466 214 163 11
651.8015 -297.7589 4526.9033 218 171 15
656.3636 -298.1818 4533.3335 219 172 16
661.8804 -299.0313 4546.2490 219 173 16
664.5804 -298.6060 4539.7822 220 174 16
666.3263 -297.7589 4526.9033 220 175 16
668.0623 -296.9166 4514.0972 221 174 17
671.6832 -296.9166 4514.0972 221 175 17
676.2607 -297.3371 4520.4912 221 175 15
677.0099 -296.0790 4501.3638 221 175 16
679.6620 -295.6620 4495.0234 221 175 17
683.2676 -295.6620 4495.0234 221 175 17
-400.4572 -303.5429 4559.2383 54 62 143
-396.2340 -303.1099 4552.7344 60 67 148
-392.5821 -303.1099 4552.7344 69 74 160
-388.9301 -303.1099 4552.7344 75 83 173
-385.2782 -303.1099 4552.7344 71 81 170
-381.6263 -303.1099 4552.7344 64 74 162
-377.9743 -303.1099 4552.7344 62 70 154
-374.8572 -303.5429 4559.2383 57 64 148
-370.6705 -303.1099 4552.7344 56 63 144
-366.4958 -302.6781 4546.2490 57 63 140
-363.3666 -303.1099 4552.7344 56 61 138
-359.7147 -303.1099 4552.7344 54 60 137
-355.5556 -302.6781 4546.2490 53 60 135
-350.4114 -301.3901 4526.9033 52 59 135
-347.2727 -301.8182 4533.3335 52 59 134
-343.1490 -301.3901 4526.9033 52 60 133
-340.0000 -301.8182 4533.3335 53 61 135
-336.3636 -301.8182 4533.3335 54 62 136
-333.2006 -302.2476 4539.7822 56 64 135
-329.5591 -302.2476 4539.7822 55 60 134
-326.3818 -302.6781 4546.2490 55 61 135
-322.7351 -302.6781 4546.2490 54 60 134
-318.6345 -302.2476 4539.7822 56 63 135
-315.4416 -302.6781 4546.2490 55 62 131
-311.3514 -302.2476 4539.7822 56 62 133
-308.1482 -302.6781 4546.2490 59 63 133
-304.5014 -302.6781 4546.2490 57 60 132
-300.8547 -302.6781 4546.2490 55 60 132
-297.2080 -302.6781 4546.2490 54 61 133
-293.5613 -302.6781 4546.2490 56 61 132
-289.9146 -302.6781 4546.2490 57 62 133
-286.2679 -302.6781 4546.2490 54 61 132
-282.6211 -302.6781 4546.2490 56 62 131
-278.5775 -302.2476 4539.7822 56 63 129
-275.3277 -302.6781 4546.2490 55 62 130
-270.5249 -301.3901 4526.9033 55 61 129
-266.1386 -300.5375 4514.0972 58 63 129
-262.5177 -300.5375 4514.0972 55 59 128
-166.8282 -245.0750 3681.0459 58 64 122
-163.6866 -244.7926 3676.8049 66 70 118
-160.5524 -244.5109 3672.5740 164 152 102
-157.4253 -244.2299 3668.3525 245 230 73
-154.3054 -243.9495 3664.1409 248 230 57
-151.7146 -244.5109 3672.5740 247 230 56
-148.5977 -244.2299 3668.3525 248 230 57
-146.1592 -245.0750 3681.0459 248 230 57
-143.0415 -244.7926 3676.8049 247 230 56
343.2333 -205.6922 3089.5129 244 227 52
345.3772 -205.4932 3086.5249 244 227 52
347.8530 -205.4932 3086.5249 242 225 51
349.9904 -205.2947 3083.5427 238 220 49
352.4638 -205.2947 3083.5427 227 208 39
354.5946 -205.0965 3080.5664 213 190 25
356.3777 -204.7014 3074.6309 200 175 19
358.1539 -204.3077 3068.7180 199 172 19
360.9625 -204.5043 3071.6716 199 171 20
362.0326 -203.7200 3059.8914 199 170 20
364.8369 -203.9156 3062.8279 198 170 18
367.2937 -203.9156 3062.8279 198 170 17
369.7505 -203.9156 3062.8279 198 170 17
371.8504 -203.7200 3059.8914 197 170 17
403.0359 -217.9282 3273.2993 198 170 17
406.4954 -218.3762 3280.0276 198 170 17
409.5474 -218.6008 3283.4021 197 168 16
488.2475 -243.3906 3655.7466 197 168 14
491.1799 -243.3906 3655.7466 198 168 15
494.1123 -243.3906 3655.7466 198 168 15
497.0447 -243.3906 3655.7466 199 167 14
499.9771 -243.3906 3655.7466 207 164 11
502.3341 -243.1121 3651.5637 211 165 11
505.8420 -243.3906 3655.7466 213 165 10
508.7744 -243.3906 3655.7466 214 167 11
511.7068 -243.3906 3655.7466 215 168 12
661.8804 -302.6781 4546.2490 221 176 15
662.6951 -301.3901 4526.9033 222 177 14
665.3824 -300.9632 4520.4912 222 177 15
667.1187 -300.1130 4507.7212 222 177 18
670.7344 -300.1130 4507.7212 222 177 16
676.2607 -300.9632 4520.4912 222 177 17
677.9661 -300.1130 4507.7212 222 176 17
-399.8859 -306.7618 4552.7344 52 61 144
-396.2340 -306.7618 4552.7344 60 68 149
-392.5821 -306.7618 4552.7344 69 76 161
-388.9301 -306.7618 4552.7344 76 83 173
-384.7294 -306.3248 4546.2490 70 80 169
-381.0827 -306.3248 4546.2490 65 74 162
-377.9743 -306.7618 4552.7344 61 69 154
-374.8572 -307.2000 4559.2383 55 64 148
-370.1425 -306.3248 4546.2490 54 63 145
-367.0186 -306.7618 4552.7344 54 62 141
-363.3666 -306.7618 4552.7344 54 61 139
-359.7147 -306.7618 4552.7344 53 60 137
-355.5556 -306.3248 4546.2490 52 59 136
-350.9091 -305.4546 4533.3335 52 58 136
-347.7668 -305.8891 4539.7822 52 59 135
-343.6364 -305.4546 4533.3335 52 59 133
-340.4837 -305.8891 4539.7822 53 60 134
-336.8421 -305.8891 4539.7822 53 60 136
-333.6752 -306.3248 4546.2490 54 61 135
-329.5591 -305.8891 4539.7822 56 60 136
-326.3818 -306.3248 4546.2490 58 63 135
-322.7351 -306.3248 4546.2490 54 60 133
-318.6345 -305.8891 4539.7822 57 63 134
-315.4416 -306.3248 4546.2490 57 62 132
-311.3514 -305.8891 4539.7822 57 61 133
-308.1482 -306.3248 4546.2490 58 62 133
-304.5014 -306.3248 4546.2490 56 60 133
-300.8547 -306.3248 4546.2490 56 60 133
-297.2080 -306.3248 4546.2490 54 59 132
-293.5613 -306.3248 4546.2490 55 59 131
-289.9146 -306.3248 4546.2490 55 60 131
-286.2679 -306.3248 4546.2490 54 60 132
-282.6211 -306.3248 4546.2490 56 60 131
-278.5775 -305.8891 4539.7822 56 61 131
-275.3277 -306.3248 4546.2490 55 61 130
-270.5249 -305.0213 4526.9033 55 62 131
-266.1386 -304.1584 4514.0972 56 62 129
-262.5177 -304.1584 4514.0972 54 60 129
-166.8282 -248.0277 3681.0459 59 64 123
-163.8754 -248.0277 3681.0459 68 70 119
-160.7373 -247.7420 3676.8049 162 152 101
-157.4253 -247.1724 3668.3525 246 230 74
-154.4828 -247.1724 3668.3525 248 230 57
-151.7146 -247.4569 3672.5740 248 230 57
-148.7687 -247.4569 3672.5740 248 229 57
-146.1592 -248.0277 3681.0459 247 229 57
-143.2065 -248.0277 3681.0459 248 230 57
-140.2538 -248.0277 3681.0459 247 229 56
343.2333 -208.1704 3089.5129 244 227 52
345.3772 -207.9691 3086.5249 244 227 52
347.8530 -207.9691 3086.5249 242 225 51
349.6526 -207.5676 3080.5664 238 220 49
352.1236 -207.5676 3080.5664 227 207 39
354.5946 -207.5676 3080.5664 213 190 26
356.3777 -207.1676 3074.6309 201 175 20
358.1539 -206.7692 3068.7180 199 171 19
360.9625 -206.9683 3071.6716 198 170 19
362.3801 -206.3724 3062.8279 198 170 20
364.8369 -206.3724 3062.8279 198 171 19
367.2937 -206.3724 3062.8279 198 171 17
369.7505 -206.3724 3062.8279 198 170 17
371.8504 -206.1745 3059.8914 198 170 17
406.9136 -221.2346 3283.4021 198 169 17
488.8073 -246.6055 3659.9390 197 168 15
491.7431 -246.6055 3659.9390 197 168 15
494.6789 -246.6055 3659.9390 198 168 15
497.6147 -246.6055 3659.9390 199 167 15
499.9771 -246.3230 3655.7466 207 165 13
502.9095 -246.3230 3655.7466 213 166 13
505.8420 -246.3230 3655.7466 214 168 14
508.7744 -246.3230 3655.7466 215 170 16
511.7068 -246.3230 3655.7466 216 172 16
659.0639 -305.0213 4526.9033 225 183 23
660.8204 -304.1584 4514.0972 224 184 22
664.4413 -304.1584 4514.0972 225 184 24
666.1778 -303.3005 4501.3638 226 184 25
670.7344 -303.7288 4507.7212 225 185 24
676.2607 -304.5892 4520.4912 225 184 23
678.9251 -304.1584 4514.0972 225 184 23
-399.8859 -310.4137 4552.7344 53 61 144
-396.2340 -310.4137 4552.7344 62 68 149
-392.0228 -309.9715 4546.2490 71 77 161
-388.9301 -310.4137 4552.7344 77 85 173
-384.7294 -309.9715 4546.2490 70 80 168
-381.6263 -310.4137 4552.7344 66 72 162
-377.9743 -310.4137 4552.7344 62 68 155
-374.8572 -310.8572 4559.2383 56 64 147
-370.6705 -310.4137 4552.7344 54 62 143
-367.0186 -310.4137 4552.7344 53 60 141
-363.8857 -310.8572 4559.2383 53 60 138
-360.2286 -310.8572 4559.2383 53 60 135
-356.0628 -310.4137 4552.7344 52 59 136
-350.9091 -309.0909 4533.3335 52 59 136
-348.2621 -309.9715 4546.2490 52 59 135
-344.1252 -309.5306 4539.7822 53 59 134
-340.4837 -309.5306 4539.7822 52 59 134
-336.8421 -309.5306 4539.7822 53 59 135
-333.6752 -309.9715 4546.2490 54 61 136
-330.0285 -309.9715 4546.2490 54 61 134
-326.3818 -309.9715 4546.2490 58 64 135
-322.7351 -309.9715 4546.2490 57 62 133
-318.6345 -309.5306 4539.7822 59 65 134
-315.4416 -309.9715 4546.2490 60 65 132
-311.3514 -309.5306 4539.7822 58 62 132
-308.1482 -309.9715 4546.2490 58 61 133
-304.5014 -309.9715 4546.2490 55 59 132
-300.8547 -309.9715 4546.2490 55 60 133
-296.7852 -309.5306 4539.7822 54 59 132
-293.1437 -309.5306 4539.7822 55 59 132
-289.9146 -309.9715 4546.2490 55 60 132
-285.8606 -309.5306 4539.7822 54 58 131
-282.2191 -309.5306 4539.7822 55 60 132
-278.5775 -309.5306 4539.7822 54 61 131
-274.9360 -309.5306 4539.7822 54 60 130
-270.1417 -308.2153 4520.4912 54 61 130
-265.7627 -307.3446 4507.7212 53 60 129
-262.1469 -307.3446 4507.7212 52 59 128
-258.5311 -307.3446 4507.7212 54 59 128
-167.0208 -251.2702 3685.2964 61 63 123
-163.8754 -250.9804 3681.0459 68 69 117
-160.7373 -250.6912 3676.8049 162 151 101
-157.6064 -250.4028 3672.5740 246 230 74
-154.4828 -250.1150 3668.3525 247 230 56
-151.8894 -250.6912 3676.8049 248 230 57
-148.7687 -250.4028 3672.5740 248 230 57
-146.3280 -251.2702 3685.2964 247 230 57
-143.2065 -250.9804 3681.0459 247 230 56
-140.4157 -251.2702 3685.2964 247 230 56
343.2333 -210.6486 3089.5129 244 227 52
345.3772 -210.4449 3086.5249 244 227 53
347.8530 -210.4449 3086.5249 242 225 52
349.6526 -210.0386 3080.5664 238 220 49
352.1236 -210.0386 3080.5664 227 208 39
354.5946 -210.0386 3080.5664 212 190 25
356.3777 -209.6339 3074.6309 201 174 20
358.1539 -209.2308 3068.7180 199 171 19
360.9625 -209.4322 3071.6716 199 170 19
362.3801 -208.8292 3062.8279 198 171 20
364.8369 -208.8292 3062.8279 198 171 19
366.9415 -208.6290 3059.8914 198 171 18
369.7505 -208.8292 3062.8279 198 171 17
371.8504 -208.6290 3059.8914 198 170 17
406.9136 -223.8683 3283.4021 198 169 17
470.2922 -244.4944 3585.9177 197 168 13
488.8073 -249.5413 3659.9390 197 169 15
491.7431 -249.5413 3659.9390 196 168 15
494.6789 -249.5413 3659.9390 197 168 14
497.6147 -249.5413 3659.9390 198 166 14
500.5505 -249.5413 3659.9390 205 161 8
502.9095 -249.2555 3655.7466 210 161 8
505.8420 -249.2555 3655.7466 212 163 9
508.7744 -249.2555 3655.7466 214 165 11
511.7068 -249.2555 3655.7466 215 167 11
658.9564 -306.9112 4501.3638 223 181 21
662.5671 -306.9112 4501.3638 224 181 21
-399.8859 -314.0656 4552.7344 54 62 144
-396.2340 -314.0656 4552.7344 63 70 150
-392.5821 -314.0656 4552.7344 71 77 163
-388.9301 -314.0656 4552.7344 76 85 173
-385.2782 -314.0656 4552.7344 69 79 167
-381.6263 -314.0656 4552.7344 65 72 160
-377.9743 -314.0656 4552.7344 63 70 154
-374.8572 -314.5143 4559.2383 57 64 146
-370.6705 -314.0656 4552.7344 55 62 143
-367.0186 -314.0656 4552.7344 55 61 141
-363.8857 -314.5143 4559.2383 54 60 138
-360.2286 -314.5143 4559.2383 52 59 135
-356.0628 -314.0656 4552.7344 51 58 135
-351.4083 -313.1721 4539.7822 52 58 135
-348.2621 -313.6183 4546.2490 54 60 135
-344.1252 -313.1721 4539.7822 53 59 135
-340.9687 -313.6183 4546.2490 51 60 135
-337.3220 -313.6183 4546.2490 53 60 135
-333.6752 -313.6183 4546.2490 54 60 134
-329.5591 -313.1721 4539.7822 54 60 134
-326.3818 -313.6183 4546.2490 55 61 133
-322.7351 -313.6183 4546.2490 56 61 133
-318.6345 -313.1721 4539.7822 61 65 134
-314.9929 -313.1721 4539.7822 61 65 131
-311.3514 -313.1721 4539.7822 59 64 131
-308.1482 -313.6183 4546.2490 60 64 132
-304.5014 -313.6183 4546.2490 56 61 132
-300.4268 -313.1721 4539.7822 55 61 133
-296.7852 -313.1721 4539.7822 53 60 132
-293.1437 -313.1721 4539.7822 53 59 131
-289.5022 -313.1721 4539.7822 52 59 131
-285.8606 -313.1721 4539.7822 52 58 131
-281.8182 -312.7273 4533.3335 55 59 131
-278.1818 -312.7273 4533.3335 55 59 130
-274.5455 -312.7273 4533.3335 54 59 130
-269.7596 -311.4003 4514.0972 55 61 131
-265.7627 -310.9604 4507.7212 53 60 128
-262.1469 -310.9604 4507.7212 53 59 127
-258.5311 -310.9604 4507.7212 53 59 128
-167.0208 -254.2263 3685.2964 60 63 123
-163.8754 -253.9331 3681.0459 68 69 118
-160.7373 -253.6406 3676.8049 163 152 103
-157.6064 -253.3487 3672.5740 246 230 74
-154.4828 -253.0575 3668.3525 247 231 56
-151.8894 -253.6406 3676.8049 248 230 57
-148.9401 -253.6406 3676.8049 248 231 57
-146.3280 -254.2263 3685.2964 248 231 57
-143.2065 -253.9331 3681.0459 248 231 56
-140.2538 -253.9331 3681.0459 247 230 56
343.2333 -213.1268 3089.5129 244 227 53
345.7115 -213.1268 3089.5129 244 227 52
347.8530 -212.9207 3086.5249 242 225 51
349.9904 -212.7150 3083.5427 238 220 49
352.1236 -212.5097 3080.5664 227 208 40
354.5946 -212.5097 3080.5664 212 190 26
356.3777 -212.1002 3074.6309 201 175 20
358.1539 -211.6923 3068.7180 199 171 19
360.6154 -211.6923 3068.7180 199 170 19
362.0326 -211.0834 3059.8914 199 171 20
364.4871 -211.0834 3059.8914 198 171 19
366.9415 -211.0834 3059.8914 199 171 18
369.3960 -211.0834 3059.8914 198 171 18
371.4943 -210.8812 3056.9604 198 171 18
469.7643 -247.0932 3581.8931 197 168 13
488.8073 -252.4771 3659.9390 198 168 15
491.1799 -252.1879 3655.7466 197 168 15
494.6789 -252.4771 3659.9390 198 168 15
497.0447 -252.1879 3655.7466 199 166 15
499.9771 -252.1879 3655.7466 204 157 7
502.3341 -251.8993 3651.5637 209 157 5
505.2632 -251.8993 3651.5637 211 158 6
508.7744 -252.1879 3655.7466 212 160 7
511.1213 -251.8993 3651.5637 213 162 8
-399.8859 -317.7176 4552.7344 54 62 143
-396.2340 -317.7176 4552.7344 64 70 151
-392.5821 -317.7176 4552.7344 71 78 165
-388.9301 -317.7176 4552.7344 75 84 174
-385.2782 -317.7176 4552.7344 67 76 167
-381.6263 -317.7176 4552.7344 63 71 160
-377.9743 -317.7176 4552.7344 59 67 153
-374.8572 -318.1714 4559.2383 55 63 145
-370.6705 -317.7176 4552.7344 54 61 142
-367.0186 -317.7176 4552.7344 54 60 140
-363.8857 -318.1714 4559.2383 53 60 136
-360.2286 -318.1714 4559.2383 52 59 135
-355.5556 -317.2650 4546.2490 52 58 135
-350.9091 -316.3636 4533.3335 53 59 135
-348.2621 -317.2650 4546.2490 53 59 135
-344.1252 -316.8137 4539.7822 52 58 135
-340.9687 -317.2650 4546.2490 51 58 135
-337.3220 -317.2650 4546.2490 51 58 135
-333.6752 -317.2650 4546.2490 53 60 135
-329.5591 -316.8137 4539.7822 54 60 134
-326.3818 -317.2650 4546.2490 54 59 134
-322.7351 -317.2650 4546.2490 53 59 134
-318.6345 -316.8137 4539.7822 58 64 135
-314.9929 -316.8137 4539.7822 61 66 132
-311.3514 -316.8137 4539.7822 60 65 130
-307.7098 -316.8137 4539.7822 60 65 131
-304.5014 -317.2650 4546.2490 56 62 130
-300.4268 -316.8137 4539.7822 57 62 133
-296.3637 -316.3636 4533.3335 56 61 131
-292.7273 -316.3636 4533.3335 56 61 132
-289.0909 -316.3636 4533.3335 55 59 131
-285.4546 -316.3636 4533.3335 54 59 131
-281.4185 -315.9149 4526.9033 53 58 131
-277.7873 -315.9149 4526.9033 55 59 131
-274.5455 -316.3636 4533.3335 55 60 130
-269.7596 -315.0212 4514.0972 56 60 130
-265.3879 -314.1326 4501.3638 55 60 128
-261.7772 -314.1326 4501.3638 53 59 129
-258.1664 -314.1326 4501.3638 53 60 129
-167.0208 -257.1825 3685.2964 59 63 122
-163.8754 -256.8858 3681.0459 67 69 117
-160.7373 -256.5899 3676.8049 161 150 103
-157.6064 -256.2946 3672.5740 246 230 74
-154.4828 -256.0000 3668.3525 248 231 57
-151.7146 -256.2946 3672.5740 248 231 56
-148.7687 -256.2946 3672.5740 248 231 56
-146.1592 -256.8858 3681.0459 248 230 56
-143.0415 -256.5899 3676.8049 247 230 56
343.2333 -215.6051 3089.5129 244 227 52
345.7115 -215.6051 3089.5129 244 227 52
348.1898 -215.6051 3089.5129 242 225 51
349.9904 -215.1884 3083.5427 238 220 48
352.1236 -214.9807 3080.5664 227 207 38
354.5946 -214.9807 3080.5664 212 190 25
356.3777 -214.5665 3074.6309 201 175 19
358.1539 -214.1539 3068.7180 199 171 19
360.6154 -214.1539 3068.7180 199 170 19
361.6858 -213.3333 3056.9604 199 170 19
364.4871 -213.5379 3059.8914 199 171 18
366.5901 -213.3333 3056.9604 199 171 18
369.0422 -213.3333 3056.9604 198 171 18
371.1388 -213.1292 3054.0352 198 171 18
469.7643 -249.9663 3581.8931 197 168 15
488.2475 -255.1203 3655.7466 198 168 16
491.1799 -255.1203 3655.7466 198 168 15
494.6789 -255.4129 3659.9390 198 167 14
497.0447 -255.1203 3655.7466 200 165 13
499.9771 -255.1203 3655.7466 203 155 6
502.3341 -254.8284 3651.5637 208 155 5
505.2632 -254.8284 3651.5637 211 156 6
508.1923 -254.8284 3651.5637 211 157 6
511.1213 -254.8284 3651.5637 212 160 8
-399.8859 -321.3695 4552.7344 54 62 144
-395.6696 -320.9117 4546.2490 64 70 152
-392.5821 -321.3695 4552.7344 71 77 166
-388.9301 -321.3695 4552.7344 74 84 174
-385.2782 -321.3695 4552.7344 67 76 166
-381.6263 -321.3695 4552.7344 61 70 159
-377.9743 -321.3695 4552.7344 56 65 151
-374.8572 -321.8286 4559.2383 54 61 145
-370.6705 -321.3695 4552.7344 54 61 142
-367.0186 -321.3695 4552.7344 55 60 141
-363.8857 -321.8286 4559.2383 54 60 137
-359.7147 -321.3695 4552.7344 53 59 136
-355.5556 -320.9117 4546.2490 53 59 134
-350.9091 -320.0000 4533.3335 54 60 134
-348.2621 -320.9117 4546.2490 53 59 133
-344.1252 -320.4552 4539.7822 52 59 133
-340.4837 -320.4552 4539.7822 52 59 134
-337.3220 -320.9117 4546.2490 52 59 135
-333.2006 -320.4552 4539.7822 53 59 134
-329.5591 -320.4552 4539.7822 54 60 134
-325.9175 -320.4552 4539.7822 54 60 134
-322.2760 -320.4552 4539.7822 54 60 134
-318.6345 -320.4552 4539.7822 57 64 134
-314.9929 -320.4552 4539.7822 61 67 132
-311.3514 -320.4552 4539.7822 60 65 129
-307.7098 -320.4552 4539.7822 57 63 129
-304.0683 -320.4552 4539.7822 55 61 131
-300.4268 -320.4552 4539.7822 56 62 132
-296.3637 -320.0000 4533.3335 57 62 131
-292.7273 -320.0000 4533.3335 57 63 132
-289.0909 -320.0000 4533.3335 56 61 131
-285.0497 -319.5461 4526.9033 55 60 131
-281.0198 -319.0935 4520.4912 53 60 130
-277.3938 -319.0935 4520.4912 54 61 130
-274.1560 -319.5461 4526.9033 54 60 129
-269.3785 -318.1921 4507.7212 55 62 129
-265.3879 -317.7433 4501.3638 56 63 129
-261.7772 -317.7433 4501.3638 54 60 129
-258.1664 -317.7433 4501.3638 54 61 129
-169.9769 -260.1386 3685.2964 57 62 122
-167.0208 -260.1386 3685.2964 57 62 121
-163.8754 -259.8385 3681.0459 67 69 118
-160.7373 -259.5392 3676.8049 157 148 101
-157.6064 -259.2405 3672.5740 245 230 74
-154.4828 -258.9425 3668.3525 247 230 57
-151.7146 -259.2405 3672.5740 248 231 57
-148.9401 -259.5392 3676.8049 248 231 57
-146.1592 -259.8385 3681.0459 248 230 57
-143.0415 -259.5392 3676.8049 247 230 56
343.2333 -218.0833 3089.5129 244 227 52
345.7115 -218.0833 3089.5129 244 227 52
347.8530 -217.8723 3086.5249 242 225 51
349.9904 -217.6618 3083.5427 237 219 48
352.1236 -217.4518 3080.5664 226 207 37
354.5946 -217.4518 3080.5664 212 190 25
356.3777 -217.0328 3074.6309 200 175 18
357.8098 -216.4073 3065.7703 199 171 19
360.6154 -216.6154 3068.7180 198 170 19
361.6858 -215.7855 3056.9604 199 170 19
364.1379 -215.7855 3056.9604 199 170 19
366.5901 -215.7855 3056.9604 199 170 18
369.0422 -215.7855 3056.9604 198 170 18
371.1388 -215.5790 3054.0352 198 170 18
469.2377 -252.5561 3577.8774 198 168 15
488.2475 -258.0527 3655.7466 198 168 15
491.1799 -258.0527 3655.7466 198 167 14
494.1123 -258.0527 3655.7466 198 167 14
497.0447 -258.0527 3655.7466 200 166 13
499.9771 -258.0527 3655.7466 203 155 6
502.3341 -257.7574 3651.5637 207 153 4
505.2632 -257.7574 3651.5637 209 155 5
508.1923 -257.7574 3651.5637 210 157 6
511.1213 -257.7574 3651.5637 212 158 7
-399.8859 -325.0214 4552.7344 55 62 144
-395.6696 -324.5584 4546.2490 65 71 153
-392.5821 -325.0214 4552.7344 72 78 168
-388.9301 -325.0214 4552.7344 73 82 173
-384.7294 -324.5584 4546.2490 63 75 166
-381.6263 -325.0214 4552.7344 58 67 157
-377.9743 -325.0214 4552.7344 56 63 150
-374.8572 -325.4857 4559.2383 55 62 145
-370.1425 -324.5584 4546.2490 55 63 143
-367.0186 -325.0214 4552.7344 54 62 139
-363.3666 -325.0214 4552.7344 54 61 137
-359.7147 -325.0214 4552.7344 54 60 136
-355.0498 -324.0968 4539.7822 53 59 135
-350.4114 -323.1773 4526.9033 53 59 134
-348.2621 -324.5584 4546.2490 53 59 133
-344.1252 -324.0968 4539.7822 54 59 134
-340.4837 -324.0968 4539.7822 53 59 134
-336.8421 -324.0968 4539.7822 53 59 135
-333.2006 -324.0968 4539.7822 53 59 134
-329.0909 -323.6364 4533.3335 55 60 134
-325.9175 -324.0968 4539.7822 55 59 134
-322.2760 -324.0968 4539.7822 56 60 134
-318.6345 -324.0968 4539.7822 59 64 134
-314.9929 -324.0968 4539.7822 63 67 132
-311.3514 -324.0968 4539.7822 61 64 129
-307.7098 -324.0968 4539.7822 56 60 130
-304.0683 -324.0968 4539.7822 53 58 131
-300.0000 -323.6364 4533.3335 56 61 134
-295.9433 -323.1773 4526.9033 56 62 133
-292.3121 -323.1773 4526.9033 56 61 131
-288.6809 -323.1773 4526.9033 54 60 131
-285.0497 -323.1773 4526.9033 55 60 132
-280.6224 -322.2631 4514.0972 56 60 131
-277.0014 -322.2631 4514.0972 56 61 129
-273.7677 -322.7196 4520.4912 55 60 130
-269.3785 -321.8079 4507.7212 56 61 129
-265.0141 -320.9014 4495.0234 59 64 129
-261.4084 -320.9014 4495.0234 55 61 127
-166.8282 -262.7913 3681.0459 59 62 121
-163.8754 -262.7913 3681.0459 68 68 118
-160.7373 -262.4885 3676.8049 156 146 100
-157.6064 -262.1865 3672.5740 245 229 75
-154.4828 -261.8851 3668.3525 248 231 57
-148.9401 -262.4885 3676.8049 248 231 57
-146.1592 -262.7913 3681.0459 248 230 57
343.2333 -220.5615 3089.5129 244 227 53
345.7115 -220.5615 3089.5129 244 227 52
347.8530 -220.3482 3086.5249 242 225 51
349.6526 -219.9228 3080.5664 237 219 47
351.7840 -219.7107 3077.5957 226 207 38
354.2527 -219.7107 3077.5957 212 190 25
356.0347 -219.2878 3071.6716 200 175 19
357.8098 -218.8665 3065.7703 199 172 19
360.6154 -219.0769 3068.7180 198 171 19
361.6858 -218.2375 3056.9604 199 171 20
364.1379 -218.2375 3056.9604 199 170 19
366.5901 -218.2375 3056.9604 199 170 18
369.0422 -218.2375 3056.9604 199 170 18
371.1388 -218.0287 3054.0352 198 170 17
468.1880 -254.8546 3569.8733 198 168 15
488.2475 -260.9851 3655.7466 198 168 14
491.1799 -260.9851 3655.7466 198 167 14
494.1123 -260.9851 3655.7466 198 167 14
496.4760 -260.6865 3651.5637 199 165 12
499.9771 -260.9851 3655.7466 202 154 5
502.3341 -260.6865 3651.5637 207 153 3
505.2632 -260.6865 3651.5637 208 154 5
508.1923 -260.6865 3651.5637 210 156 6
510.5372 -260.3886 3647.3906 211 158 7
516.4138 -261.8851 3668.3525 213 159 9
-399.3163 -328.2051 4546.2490 55 62 144
-395.6696 -328.2051 4546.2490 66 73 154
-392.0228 -328.2051 4546.2490 72 79 167
-388.3761 -328.2051 4546.2490 72 81 172
-384.7294 -328.2051 4546.2490 63 73 164
-381.6263 -328.6733 4552.7344 58 67 157
-377.9743 -328.6733 4552.7344 56 63 150
-374.3224 -328.6733 4552.7344 57 64 145
-370.1425 -328.2051 4546.2490 58 65 142
-367.0186 -328.6733 4552.7344 56 63 138
-363.3666 -328.6733 4552.7344 54 61 136
-359.7147 -328.6733 4552.7344 52 59 135
-355.0498 -327.7383 4539.7822 52 59 133
-350.4114 -326.8086 4526.9033 53 59 134
-348.2621 -328.2051 4546.2490 53 59 134
-343.6364 -327.2727 4533.3335 54 59 134
-340.0000 -327.2727 4533.3335 53 59 133
-336.8421 -327.7383 4539.7822 54 60 135
-333.2006 -327.7383 4539.7822 54 61 134
-329.0909 -327.2727 4533.3335 55 61 134
-325.9175 -327.7383 4539.7822 55 62 133
-322.2760 -327.7383 4539.7822 56 61 133
-318.1819 -327.2727 4533.3335 60 64 134
-314.5455 -327.2727 4533.3335 63 68 132
-310.9091 -327.2727 4533.3335 60 64 129
-307.7098 -327.7383 4539.7822 57 62 130
-303.6364 -327.2727 4533.3335 53 59 131
-300.0000 -327.2727 4533.3335 56 60 132
-295.5241 -326.3456 4520.4912 56 60 132
-291.8980 -326.3456 4520.4912 54 59 131
-288.2720 -326.3456 4520.4912 54 60 131
-285.0497 -326.8086 4526.9033 54 60 131
-280.6224 -325.8840 4514.0972 55 60 131
-277.0014 -325.8840 4514.0972 53 60 130
-273.3805 -325.8840 4514.0972 53 59 129
-269.3785 -325.4237 4507.7212 57 62 129
-265.0141 -324.5070 4495.0234 60 65 128
-261.4084 -324.5070 4495.0234 56 61 126
-166.8282 -265.7440 3681.0459 59 63 121
-163.8754 -265.7440 3681.0459 69 69 118
-160.7373 -265.4378 3676.8049 155 144 100
-157.6064 -265.1324 3672.5740 245 229 74
-146.3280 -266.0508 3685.2964 248 230 57
342.9014 -222.8240 3086.5249 244 228 52
345.3772 -222.8240 3086.5249 244 227 52
347.8530 -222.8240 3086.5249 241 224 51
349.6526 -222.3938 3080.5664 237 219 49
351.1069 -221.7517 3071.6716 227 207 40
353.9114 -221.9653 3074.6309 212 189 25
355.6923 -221.5385 3068.7180 200 174 19
357.4664 -221.1132 3062.8279 198 171 18
359.9232 -221.1132 3062.8279 197 170 19
361.6858 -220.6897 3056.9604 198 171 20
364.1379 -220.6897 3056.9604 198 170 19
366.5901 -220.6897 3056.9604 199 170 19
369.0422 -220.6897 3056.9604 199 169 18
371.1388 -220.4785 3054.0352 197 170 17
468.7122 -258.0067 3573.8708 198 169 15
487.6888 -263.6156 3651.5637 197 168 15
490.6179 -263.6156 3651.5637 198 168 15
493.5469 -263.6156 3651.5637 198 168 15
496.4760 -263.6156 3651.5637 199 165 13
499.9771 -263.9175 3655.7466 202 153 5
502.3341 -263.6156 3651.5637 207 153 4
505.2632 -263.6156 3651.5637 208 154 5
507.6115 -263.3143 3647.3906 210 156 6
510.5372 -263.3143 3647.3906 211 158 6
515.8209 -264.5236 3664.1409 212 159 9
-399.3163 -331.8519 4546.2490 56 63 145
-395.6696 -331.8519 4546.2490 65 73 155
-392.0228 -331.8519 4546.2490 71 80 169
-388.3761 -331.8519 4546.2490 72 82 173
-384.7294 -331.8519 4546.2490 63 72 163
-381.0827 -331.8519 4546.2490 59 67 157
-377.9743 -332.3253 4552.7344 58 65 151
-374.3224 -332.3253 4552.7344 57 64 145
-370.1425 -331.8519 4546.2490 56 63 141
-367.0186 -332.3253 4552.7344 55 62 138
-362.8490 -331.8519 4546.2490 52 60 136
-359.2023 -331.8519 4546.2490 51 59 134
-354.0426 -330.4397 4526.9033 51 59 134
-349.9150 -329.9717 4520.4912 52 60 135
-348.2621 -331.8519 4546.2490 52 59 134
-343.6364 -330.9091 4533.3335 53 59 133
-340.0000 -330.9091 4533.3335 54 60 133
-336.8421 -331.3799 4539.7822 54 61 134
-333.2006 -331.3799 4539.7822 55 61 134
-329.0909 -330.9091 4533.3335 55 60 133
-325.4546 -330.9091 4533.3335 54 61 133
-321.8182 -330.9091 4533.3335 55 61 133
-318.1819 -330.9091 4533.3335 58 65 134
-314.5455 -330.9091 4533.3335 62 67 132
-310.9091 -330.9091 4533.3335 60 65 130
-307.2728 -330.9091 4533.3335 56 62 130
-303.2057 -330.4397 4526.9033 53 60 131
-299.5745 -330.4397 4526.9033 54 60 132
-295.5241 -329.9717 4520.4912 53 59 131
-291.8980 -329.9717 4520.4912 52 58 131
-288.2720 -329.9717 4520.4912 53 59 131
-284.6459 -329.9717 4520.4912 53 60 131
-280.2260 -329.0396 4507.7212 52 59 130
-276.6102 -329.0396 4507.7212 53 59 130
-273.3805 -329.5050 4514.0972 53 60 129
-268.9986 -328.5755 4501.3638 56 62 129
-265.0141 -328.1127 4495.0234 59 64 128
-261.4084 -328.1127 4495.0234 54 61 127
-163.8754 -268.6967 3681.0459 69 69 118
-160.7373 -268.3871 3676.8049 153 143 101
-157.6064 -268.0782 3672.5740 245 230 76
341.9094 -224.6480 3077.5957 244 228 53
344.7104 -224.8649 3080.5664 243 227 52
347.1815 -224.8649 3080.5664 241 224 52
349.3153 -224.6480 3077.5957 236 219 50
351.1069 -224.2156 3071.6716 226 207 39
353.5708 -224.2156 3071.6716 211 189 24
355.3507 -223.7848 3065.7703 199 174 18
357.1237 -223.3557 3059.8914 198 171 18
359.5782 -223.3557 3059.8914 198 171 19
361.6858 -223.1418 3056.9604 198 170 20
364.1379 -223.1418 3056.9604 198 170 19
366.5901 -223.1418 3056.9604 198 170 18
369.0422 -223.1418 3056.9604 199 169 18
371.4943 -223.1418 3056.9604 198 170 17
469.2377 -261.1659 3577.8774 197 168 14
487.6888 -266.5446 3651.5637 197 169 15
490.6179 -266.5446 3651.5637 198 168 14
494.1123 -266.8499 3655.7466 198 167 14
496.4760 -266.5446 3651.5637 199 165 13
499.9771 -266.8499 3655.7466 202 154 5
502.3341 -266.5446 3651.5637 207 153 4
505.2632 -266.5446 3651.5637 208 154 5
507.6115 -266.2400 3647.3906 210 156 6
510.5372 -266.2400 3647.3906 210 157 7
515.8209 -267.4627 3664.1409 211 160 9
-399.3163 -335.4986 4546.2490 56 64 146
-395.6696 -335.4986 4546.2490 66 73 157
-392.0228 -335.4986 4546.2490 72 79 169
-387.8237 -335.0214 4539.7822 72 80 172
-384.1821 -335.0214 4539.7822 61 71 162
-381.0827 -335.4986 4546.2490 56 66 155
-377.9743 -335.9772 4552.7344 53 62 149
-374.3224 -335.9772 4552.7344 54 61 143
-369.6160 -335.0214 4539.7822 55 61 140
-366.4958 -335.4986 4546.2490 55 61 138
-362.8490 -335.4986 4546.2490 53 60 136
-358.6914 -335.0214 4539.7822 52 60 135
-353.5411 -333.5977 4520.4912 52 59 134
-349.4201 -333.1259 4514.0972 52 59 134
-347.7668 -335.0214 4539.7822 52 60 133
-343.6364 -334.5455 4533.3335 52 59 132
-339.5178 -334.0710 4526.9033 54 60 133
-336.3636 -334.5455 4533.3335 54 60 133
-332.7273 -334.5455 4533.3335 56 61 134
-328.6241 -334.0710 4526.9033 56 60 133
-325.4546 -334.5455 4533.3335 54 60 133
-321.8182 -334.5455 4533.3335 55 61 133
-318.1819 -334.5455 4533.3335 59 64 134
-314.5455 -334.5455 4533.3335 60 65 133
-310.4681 -334.0710 4526.9033 60 64 131
-307.2728 -334.5455 4533.3335 55 60 130
-303.2057 -334.0710 4526.9033 54 58 131
-299.5745 -334.0710 4526.9033 55 59 132
-295.5241 -333.5977 4520.4912 54 59 131
-291.4852 -333.1259 4514.0972 52 57 130
-288.2720 -333.5977 4520.4912 51 58 130
-284.6459 -333.5977 4520.4912 52 58 129
-280.2260 -332.6554 4507.7212 53 58 130
-276.6102 -332.6554 4507.7212 54 59 130
-273.3805 -333.1259 4514.0972 55 59 130
-268.9986 -332.1862 4501.3638 57 62 129
-265.0141 -331.7183 4495.0234 58 64 128
-261.0408 -331.2518 4488.7017 53 60 127
-163.8754 -271.6494 3681.0459 68 68 119
-160.7373 -271.3364 3676.8049 149 140 99
-157.6064 -271.0242 3672.5740 245 230 78
-154.4828 -270.7126 3668.3525 248 231 58
341.5800 -226.8979 3074.6309 244 228 54
344.3780 -227.1167 3077.5957 244 227 53
347.1815 -227.3359 3080.5664 242 225 52
349.3153 -227.1167 3077.5957 236 219 49
351.1069 -226.6795 3071.6716 226 207 39
353.5708 -226.6795 3071.6716 211 189 24
355.0096 -226.0269 3062.8279 199 174 18
357.1237 -225.8102 3059.8914 199 171 18
359.5782 -225.8102 3059.8914 199 170 19
361.6858 -225.5939 3056.9604 199 169 19
364.4871 -225.8102 3059.8914 198 169 19
366.5901 -225.5939 3056.9604 198 170 19
369.3960 -225.8102 3059.8914 199 170 18
371.4943 -225.5939 3056.9604 198 170 17
469.7643 -264.3322 3581.8931 198 168 15
477.4604 -267.0295 3618.4431 198 168 15
484.2057 -269.1657 3647.3906 197 168 15
487.6888 -269.4737 3651.5637 197 168 15
490.6179 -269.4737 3651.5637 198 168 15
493.5469 -269.4737 3651.5637 198 167 15
496.4760 -269.4737 3651.5637 199 164 13
499.9771 -269.7824 3655.7466 202 153 4
502.3341 -269.4737 3651.5637 207 152 3
505.2632 -269.4737 3651.5637 208 154 5
507.6115 -269.1657 3647.3906 210 156 6
509.9543 -268.8585 3643.2268 211 157 7
515.2294 -270.0918 3659.9390 211 159 9
601.2632 -309.8947 4199.2983 214 166 11
609.4430 -312.3607 4232.7144 215 167 12
612.0266 -311.9471 4227.1084 217 169 14
616.2334 -312.3607 4232.7144 217 170 13
618.8080 -311.9471 4227.1084 218 170 15
-399.3163 -339.1453 4546.2490 60 64 146
-395.6696 -339.1453 4546.2490 68 73 157
-392.0228 -339.1453 4546.2490 73 80 170
-387.8237 -338.6629 4539.7822 71 80 171
-384.7294 -339.1453 4546.2490 62 71 161
-381.0827 -339.1453 4546.2490 58 65 155
-377.9743 -339.6292 4552.7344 54 61 149
-373.7892 -339.1453 4546.2490 54 60 144
-369.0909 -338.1818 4533.3335 55 62 141
-366.4958 -339.1453 4546.2490 55 61 138
-362.3329 -338.6629 4539.7822 53 60 136
-358.1818 -338.1818 4533.3335 53 58 135
-353.5411 -337.2238 4520.4912 53 57 135
-349.4201 -336.7468 4514.0972 52 58 134
-348.2621 -339.1453 4546.2490 52 59 134
-343.6364 -338.1818 4533.3335 54 59 134
-339.5178 -337.7021 4526.9033 53 60 134
-336.3636 -338.1818 4533.3335 53 60 132
-332.7273 -338.1818 4533.3335 57 63 135
-328.6241 -337.7021 4526.9033 56 60 133
-325.4546 -338.1818 4533.3335 54 60 133
-321.8182 -338.1818 4533.3335 54 60 133
-318.1819 -338.1818 4533.3335 59 64 134
-314.5455 -338.1818 4533.3335 60 65 133
-310.9091 -338.1818 4533.3335 56 62 130
-307.2728 -338.1818 4533.3335 54 61 130
-303.2057 -337.7021 4526.9033 53 58 131
-299.5745 -337.7021 4526.9033 53 59 131
-295.5241 -337.2238 4520.4912 52 59 129
-291.4852 -336.7468 4514.0972 51 57 130
-288.2720 -337.2238 4520.4912 51 58 131
-284.6459 -337.2238 4520.4912 51 57 129
-280.2260 -336.2712 4507.7212 52 58 130
-276.2201 -335.7969 4501.3638 52 59 129
-273.3805 -336.7468 4514.0972 54 59 128
-268.9986 -335.7969 4501.3638 56 61 128
-264.6414 -334.8524 4488.7017 57 62 127
-261.0408 -334.8524 4488.7017 54 59 125
-166.8282 -274.6021 3681.0459 57 62 122
-163.8754 -274.6021 3681.0459 67 68 119
-160.7373 -274.2857 3676.8049 147 138 101
-157.6064 -273.9701 3672.5740 245 229 78
-154.4828 -273.6552 3668.3525 248 232 58
344.0463 -229.3642 3074.6309 244 227 53
346.8467 -229.5854 3077.5957 242 225 52
348.9789 -229.3642 3074.6309 237 219 49
350.7693 -228.9231 3068.7180 227 207 38
353.2308 -228.9231 3068.7180 211 188 24
355.0096 -228.4837 3062.8279 200 174 18
357.1237 -228.2646 3059.8914 199 171 18
359.5782 -228.2646 3059.8914 199 170 19
362.0326 -228.2646 3059.8914 199 169 19
364.4871 -228.2646 3059.8914 199 169 18
366.9415 -228.2646 3059.8914 198 170 18
369.3960 -228.2646 3059.8914 199 170 18
371.8504 -228.2646 3059.8914 199 170 18
469.7643 -267.2054 3581.8931 198 168 15
476.9196 -269.6263 3614.3452 198 168 15
483.6530 -271.7808 3643.2268 198 168 15
487.1315 -272.0914 3647.3906 198 168 15
490.6179 -272.4028 3651.5637 198 168 15
493.5469 -272.4028 3651.5637 198 167 15
496.4760 -272.4028 3651.5637 199 164 12
499.9771 -272.7148 3655.7466 201 153 3
502.3341 -272.4028 3651.5637 207 152 3
505.2632 -272.4028 3651.5637 207 154 5
507.0320 -271.7808 3643.2268 209 156 5
509.9543 -271.7808 3643.2268 211 157 6
515.2294 -273.0275 3659.9390 211 160 9
600.4731 -312.8515 4193.7803 214 165 11
607.8307 -314.9207 4221.5171 216 167 12
611.2170 -314.9207 4221.5171 217 168 12
616.2334 -315.7560 4232.7144 218 170 14
618.8080 -315.3378 4227.1084 217 170 16
-399.3163 -342.7921 4546.2490 58 64 145
-395.6696 -342.7921 4546.2490 69 74 157
-392.0228 -342.7921 4546.2490 73 81 169
-387.8237 -342.3044 4539.7822 69 80 169
-384.7294 -342.7921 4546.2490 62 71 161
-381.0827 -342.7921 4546.2490 57 65 154
-377.9743 -343.2811 4552.7344 53 61 149
-373.7892 -342.7921 4546.2490 52 60 144
-369.6160 -342.3044 4539.7822 53 61 140
-367.0186 -343.2811 4552.7344 53 61 138
-362.3329 -342.3044 4539.7822 53 60 136
-358.1818 -341.8182 4533.3335 53 59 135
-354.0426 -341.3333 4526.9033 53 58 135
-349.9150 -340.8499 4520.4912 52 59 134
-348.2621 -342.7921 4546.2490 52 59 134
-343.6364 -341.8182 4533.3335 54 59 135
-339.5178 -341.3333 4526.9033 54 59 133
-336.3636 -341.8182 4533.3335 54 60 133
-332.7273 -341.8182 4533.3335 55 62 134
-328.6241 -341.3333 4526.9033 54 60 132
-325.4546 -341.8182 4533.3335 54 60 133
-321.8182 -341.8182 4533.3335 52 60 132
-318.1819 -341.8182 4533.3335 59 64 133
-314.5455 -341.8182 4533.3335 60 65 131
-310.9091 -341.8182 4533.3335 57 64 130
-307.2728 -341.8182 4533.3335 55 63 130
-303.2057 -341.3333 4526.9033 53 59 130
-299.5745 -341.3333 4526.9033 52 58 130
-295.5241 -340.8499 4520.4912 51 58 130
-291.4852 -340.3678 4514.0972 51 57 130
-287.8642 -340.3678 4514.0972 51 57 130
-284.6459 -340.8499 4520.4912 51 57 129
-280.2260 -339.8870 4507.7212 52 58 129
-276.2201 -339.4077 4501.3638 52 59 129
-272.9944 -339.8870 4507.7212 53 59 129
-268.9986 -339.4077 4501.3638 57 61 128
-264.6414 -338.4529 4488.7017 58 64 127
-261.0408 -338.4529 4488.7017 54 59 125
-257.4402 -338.4529 4488.7017 55 60 127
-166.8282 -277.5548 3681.0459 58 62 123
-163.8754 -277.5548 3681.0459 66 67 118
-160.7373 -277.2350 3676.8049 147 138 101
-157.6064 -276.9160 3672.5740 245 229 78
343.7151 -231.6073 3071.6716 243 227 53
346.5125 -231.8305 3074.6309 242 225 52
348.6429 -231.6073 3071.6716 237 220 50
350.7693 -231.3846 3068.7180 227 207 39
353.5708 -231.6073 3071.6716 211 188 24
355.3507 -231.1624 3065.7703 200 174 17
357.1237 -230.7191 3059.8914 198 171 18
359.5782 -230.7191 3059.8914 199 170 19
361.6858 -230.4981 3056.9604 199 169 19
364.1379 -230.4981 3056.9604 199 170 19
366.5901 -230.4981 3056.9604 197 170 17
369.3960 -230.7191 3059.8914 198 170 18
371.4943 -230.4981 3056.9604 197 169 18
469.7643 -270.0786 3581.8931 198 168 16
476.3801 -272.2172 3610.2566 197 168 15
483.1015 -274.3900 3639.0728 198 168 15
486.5753 -274.7032 3643.2268 198 168 15
490.0572 -275.0172 3647.3906 198 168 14
493.5469 -275.3318 3651.5637 198 167 15
495.9086 -275.0172 3647.3906 199 164 12
499.9771 -275.6472 3655.7466 200 153 3
502.3341 -275.3318 3651.5637 206 152 3
504.6857 -275.0172 3647.3906 207 154 4
507.0320 -274.7032 3643.2268 209 156 5
509.3729 -274.3900 3639.0728 210 157 6
514.6392 -275.6472 3655.7466 211 160 9
600.4731 -316.2155 4193.7803 214 165 11
607.0278 -317.8864 4215.9404 216 167 13
612.0266 -318.7285 4227.1084 217 168 12
617.8724 -320.0000 4243.9717 216 170 13
619.6287 -319.1512 4232.7144 217 171 15
-399.3163 -346.4388 4546.2490 58 65 146
-395.6696 -346.4388 4546.2490 68 74 157
-392.0228 -346.4388 4546.2490 73 81 169
-387.8237 -345.9460 4539.7822 68 80 168
-384.7294 -346.4388 4546.2490 61 70 160
-381.0827 -346.4388 4546.2490 57 64 154
-377.9743 -346.9330 4552.7344 53 61 147
-373.7892 -346.4388 4546.2490 52 61 143
-369.6160 -345.9460 4539.7822 53 61 140
-367.0186 -346.9330 4552.7344 53 61 138
-362.3329 -345.9460 4539.7822 53 61 136
-358.1818 -345.4546 4533.3335 53 60 136
-354.0426 -344.9646 4526.9033 53 59 135
-349.9150 -344.4760 4520.4912 52 58 133
-348.2621 -346.4388 4546.2490 52 58 134
-343.6364 -345.4546 4533.3335 53 59 135
-339.5178 -344.9646 4526.9033 53 59 133
-336.3636 -345.4546 4533.3335 54 61 134
-332.7273 -345.4546 4533.3335 55 61 134
-328.6241 -344.9646 4526.9033 54 59 133
-325.4546 -345.4546 4533.3335 54 59 132
-321.8182 -345.4546 4533.3335 53 59 131
-318.1819 -345.4546 4533.3335 59 64 133
-314.5455 -345.4546 4533.3335 62 67 132
-310.9091 -345.4546 4533.3335 59 65 130
-307.2728 -345.4546 4533.3335 57 62 130
-303.2057 -344.9646 4526.9033 54 60 130
-299.5745 -344.9646 4526.9033 52 58 131
-295.1061 -343.9887 4514.0972 51 58 131
-291.4852 -343.9887 4514.0972 51 57 130
-287.8642 -343.9887 4514.0972 52 58 130
-284.6459 -344.4760 4520.4912 51 58 129
-279.8308 -343.0184 4501.3638 53 59 129
-276.2201 -343.0184 4501.3638 53 60 129
-272.9944 -343.5028 4507.7212 53 59 128
-268.9986 -343.0184 4501.3638 58 62 128
-264.6414 -342.0535 4488.7017 59 64 126
-261.0408 -342.0535 4488.7017 54 61 125
-163.8754 -280.5075 3681.0459 66 67 117
-160.7373 -280.1844 3676.8049 147 138 102
-157.6064 -279.8619 3672.5740 245 229 79
338.9675 -232.5048 3051.1155 244 227 54
342.3969 -233.1736 3059.8914 243 227 52
345.5139 -233.6216 3065.7703 242 225 51
347.9731 -233.6216 3065.7703 236 220 49
350.0960 -233.3973 3062.8279 226 207 39
352.8915 -233.6216 3065.7703 211 188 24
355.3507 -233.6216 3065.7703 200 174 18
357.4664 -233.3973 3062.8279 198 171 18
359.9232 -233.3973 3062.8279 199 170 20
361.6858 -232.9502 3056.9604 198 170 20
364.1379 -232.9502 3056.9604 198 169 18
366.5901 -232.9502 3056.9604 199 169 17
369.0422 -232.9502 3056.9604 199 169 18
371.4943 -232.9502 3056.9604 198 169 18
469.7643 -272.9518 3581.8931 198 168 17
476.3801 -275.1132 3610.2566 198 169 17
482.5513 -276.9932 3634.9280 197 169 16
486.5753 -277.6256 3643.2268 198 168 15
490.0572 -277.9429 3647.3906 198 168 14
492.9829 -277.9429 3647.3906 198 167 15
495.9086 -277.9429 3647.3906 198 164 12
499.4051 -278.2609 3651.5637 200 152 3
502.3341 -278.2609 3651.5637 206 152 3
504.6857 -277.9429 3647.3906 208 154 4
507.0320 -277.6256 3643.2268 209 156 5
509.3729 -277.3090 3639.0728 209 158 7
514.6392 -278.5797 3655.7466 211 160 9
600.4731 -319.5795 4193.7803 215 165 11
607.0278 -321.2682 4215.9404 216 167 12
613.6521 -322.9748 4238.3354 216 168 12
619.5200 -324.2667 4255.2891 216 170 14
619.6287 -322.5464 4232.7144 217 170 15
626.3467 -324.2667 4255.2891 217 171 15
-399.3163 -350.0855 4546.2490 59 66 148
-395.6696 -350.0855 4546.2490 67 74 160
-392.0228 -350.0855 4546.2490 73 80 171
-388.3761 -350.0855 4546.2490 69 79 167
-384.7294 -350.0855 4546.2490 60 68 159
-381.0827 -350.0855 4546.2490 56 63 153
-377.9743 -350.5849 4552.7344 53 61 146
-373.2575 -349.5875 4539.7822 53 62 142
-369.6160 -349.5875 4539.7822 54 61 140
-367.0186 -350.5849 4552.7344 55 62 137
-362.3329 -349.5875 4539.7822 54 61 135
-358.1818 -349.0909 4533.3335 53 60 135
-353.5411 -348.1020 4520.4912 53 59 135
-350.4114 -348.5958 4526.9033 52 58 133
-348.2621 -350.0855 4546.2490 52 58 132
-343.6364 -349.0909 4533.3335 52 59 132
-339.5178 -348.5958 4526.9033 54 60 132
-336.3636 -349.0909 4533.3335 57 61 134
-332.7273 -349.0909 4533.3335 56 60 133
-328.6241 -348.5958 4526.9033 54 58 132
-325.4546 -349.0909 4533.3335 52 59 132
-321.8182 -349.0909 4533.3335 53 60 131
-318.1819 -349.0909 4533.3335 60 65 134
-314.5455 -349.0909 4533.3335 63 69 132
-310.9091 -349.0909 4533.3335 62 66 130
-307.2728 -349.0909 4533.3335 56 61 130
-303.2057 -348.5958 4526.9033 52 58 130
-299.5745 -348.5958 4526.9033 51 58 130
-295.1061 -347.6096 4514.0972 52 58 130
-291.4852 -347.6096 4514.0972 53 58 129
-287.8642 -347.6096 4514.0972 53 58 129
-284.6459 -348.1020 4520.4912 52 57 129
-279.8308 -346.6291 4501.3638 54 59 130
-276.2201 -346.6291 4501.3638 53 59 129
-272.9944 -347.1187 4507.7212 53 60 129
-268.9986 -346.6291 4501.3638 55 61 128
-264.6414 -345.6541 4488.7017 59 65 127
-261.0408 -345.6541 4488.7017 55 62 125
-160.7373 -283.1337 3676.8049 142 132 100
-157.4253 -282.4828 3668.3525 244 227 79
338.3206 -234.5038 3045.2927 244 227 54
341.7416 -235.1770 3054.0352 243 226 52
344.5211 -235.4023 3056.9604 242 225 51
347.3058 -235.6280 3059.8914 236 219 47
349.7603 -235.6280 3059.8914 226 206 38
352.5528 -235.8541 3062.8279 211 187 24
355.3507 -236.0807 3065.7703 200 174 18
357.4664 -235.8541 3062.8279 199 171 18
359.9232 -235.8541 3062.8279 199 170 18
361.6858 -235.4023 3056.9604 198 169 18
364.1379 -235.4023 3056.9604 199 169 19
366.2393 -235.1770 3054.0352 200 169 19
369.0422 -235.4023 3056.9604 199 170 17
371.4943 -235.4023 3056.9604 199 169 18
470.2922 -276.1349 3585.9177 198 169 16
476.3801 -278.0091 3610.2566 198 169 16
482.0023 -279.5905 3630.7927 197 169 16
486.0206 -280.2281 3639.0728 198 168 15
489.4977 -280.5480 3643.2268 198 167 14
492.9829 -280.8686 3647.3906 198 167 14
495.3425 -280.5480 3643.2268 199 163 12
499.4051 -281.1899 3651.5637 201 152 4
501.7600 -280.8686 3647.3906 206 152 3
504.6857 -280.8686 3647.3906 207 153 3
507.0320 -280.5480 3643.2268 208 156 5
509.3729 -280.2281 3639.0728 210 158 7
514.6392 -281.5121 3655.7466 211 159 9
601.2632 -323.3684 4199.2983 214 164 11
607.0278 -324.6500 4215.9404 216 166 12
613.6521 -326.3745 4238.3354 217 169 13
620.3472 -328.1175 4260.9702 217 170 14
620.4515 -326.3745 4238.3354 218 170 15
626.3467 -327.6800 4255.2891 217 171 16
-399.3163 -353.7322 4546.2490 60 66 148
-395.6696 -353.7322 4546.2490 69 75 161
-392.0228 -353.7322 4546.2490 73 81 171
-388.3761 -353.7322 4546.2490 69 78 167
-384.7294 -353.7322 4546.2490 60 68 159
-381.0827 -353.7322 4546.2490 56 63 153
-377.9743 -354.2368 4552.7344 54 60 146
-373.2575 -353.2291 4539.7822 54 61 142
-369.6160 -353.2291 4539.7822 52 60 139
-367.0186 -354.2368 4552.7344 53 61 137
-362.3329 -353.2291 4539.7822 53 60 135
-358.1818 -352.7273 4533.3335 53 59 135
-353.5411 -351.7281 4520.4912 52 59 134
-350.4114 -352.2270 4526.9033 52 59 133
-348.2621 -353.7322 4546.2490 53 59 133
-343.6364 -352.7273 4533.3335 52 58 133
-339.5178 -352.2270 4526.9033 53 59 133
-336.3636 -352.7273 4533.3335 57 63 134
-332.7273 -352.7273 4533.3335 57 61 132
-328.6241 -352.2270 4526.9033 55 59 132
-325.4546 -352.7273 4533.3335 52 57 133
-321.3617 -352.2270 4526.9033 53 59 132
-317.7305 -352.2270 4526.9033 59 64 133
-314.5455 -352.7273 4533.3335 63 68 132
-310.4681 -352.2270 4526.9033 64 68 132
-307.2728 -352.7273 4533.3335 57 62 129
-303.2057 -352.2270 4526.9033 54 58 131
-299.5745 -352.2270 4526.9033 52 58 131
-295.1061 -351.2306 4514.0972 52 59 130
-291.4852 -351.2306 4514.0972 53 59 130
-287.8642 -351.2306 4514.0972 54 59 130
-284.2433 -351.2306 4514.0972 53 58 130
-279.8308 -350.2398 4501.3638 54 59 130
-276.2201 -350.2398 4501.3638 54 59 129
-272.6093 -350.2398 4501.3638 55 59 130
-268.6197 -349.7465 4495.0234 55 60 129
-264.6414 -349.2546 4488.7017 57 63 127
-261.0408 -349.2546 4488.7017 53 61 125
337.6762 -236.4953 3039.4922 244 227 54
340.7634 -236.9466 3045.2927 243 226 53
343.8624 -237.3996 3051.1155 242 225 50
346.3098 -237.3996 3051.1155 236 219 46
349.0909 -237.6268 3054.0352 226 207 37
351.8774 -237.8544 3056.9604 211 188 24
355.0096 -238.3110 3062.8279 200 174 18
357.1237 -238.0825 3059.8914 199 170 18
359.2337 -237.8544 3056.9604 199 169 20
361.3397 -237.6268 3054.0352 198 169 19
363.7895 -237.6268 3054.0352 199 170 18
366.2393 -237.6268 3054.0352 199 170 17
368.6890 -237.6268 3054.0352 198 170 17
371.1388 -237.6268 3054.0352 198 169 18
471.3514 -279.6397 3593.9941 197 168 15
476.9196 -281.2231 3614.3452 198 169 15
482.0023 -282.5029 3630.7927 197 169 15
485.4670 -282.8246 3634.9280 198 168 14
489.4977 -283.4703 3643.2268 197 167 14
492.4201 -283.4703 3643.2268 197 167 14
495.3425 -283.4703 3643.2268 198 163 12
499.4051 -284.1190 3651.5637 200 152 4
501.7600 -283.7943 3647.3906 206 152 4
504.6857 -283.7943 3647.3906 207 153 4
506.4539 -283.1471 3639.0728 208 155 5
509.3729 -283.1471 3639.0728 210 157 6
514.0504 -284.1190 3651.5637 211 159 8
602.0554 -327.1674 4204.8311 214 164 11
607.8307 -328.4656 4221.5171 215 166 13
614.4681 -330.2128 4243.9717 217 168 13
621.1765 -331.9786 4266.6670 217 169 14
621.2766 -330.2128 4243.9717 217 170 14
625.5127 -330.6525 4249.6230 217 171 15
-399.3163 -357.3789 4546.2490 62 67 149
-395.6696 -357.3789 4546.2490 69 76 162
-392.0228 -357.3789 4546.2490 73 81 171
-387.8237 -356.8706 4539.7822 67 76 166
-384.7294 -357.3789 4546.2490 59 67 158
-381.0827 -357.3789 4546.2490 56 63 151
-377.9743 -357.8888 4552.7344 54 60 145
-373.2575 -356.8706 4539.7822 54 60 141
-369.0909 -356.3637 4533.3335 53 59 139
-366.4958 -357.3789 4546.2490 54 59 136
-361.8182 -356.3637 4533.3335 53 59 135
-357.6738 -355.8582 4526.9033 52 58 135
-353.5411 -355.3541 4520.4912 52 58 134
-350.4114 -355.8582 4526.9033 51 58 132
-347.7668 -356.8706 4539.7822 51 59 132
-343.1490 -355.8582 4526.9033 51 58 132
-339.0369 -355.3541 4520.4912 52 58 133
-336.3636 -356.3637 4533.3335 56 61 134
-332.2553 -355.8582 4526.9033 59 64 133
-328.1587 -355.3541 4520.4912 54 59 132
-324.9929 -355.8582 4526.9033 52 58 132
-321.3617 -355.8582 4526.9033 54 59 132
-317.7305 -355.8582 4526.9033 60 64 134
-314.0993 -355.8582 4526.9033 63 68 131
-310.4681 -355.8582 4526.9033 65 69 131
-306.8369 -355.8582 4526.9033 58 63 130
-302.7762 -355.3541 4520.4912 53 59 130
-299.1502 -355.3541 4520.4912 53 59 131
-295.1061 -354.8515 4514.0972 53 59 131
-291.0735 -354.3503 4507.7212 53 60 132
-287.4576 -354.3503 4507.7212 53 59 131
-284.2433 -354.8515 4514.0972 53 58 129
-279.4366 -353.3521 4495.0234 52 58 129
-276.2201 -353.8505 4501.3638 53 58 129
-272.6093 -353.8505 4501.3638 54 59 130
-268.6197 -353.3521 4495.0234 55 60 130
-264.6414 -352.8552 4488.7017 55 61 127
-261.0408 -352.8552 4488.7017 52 59 126
-257.4402 -352.8552 4488.7017 52 59 127
337.0342 -238.4791 3033.7136 245 228 53
340.4385 -239.1611 3042.3896 244 226 53
343.5339 -239.6180 3048.2012 242 224 51
346.3098 -239.8470 3051.1155 237 219 48
348.7572 -239.8470 3051.1155 225 206 38
351.8774 -240.3065 3056.9604 211 187 24
355.0096 -240.7678 3062.8279 200 174 18
357.1237 -240.5369 3059.8914 199 170 18
359.2337 -240.3065 3056.9604 199 169 19
361.3397 -240.0766 3054.0352 199 169 19
363.7895 -240.0766 3054.0352 199 169 18
365.8891 -239.8470 3051.1155 199 170 17
368.3365 -239.8470 3051.1155 198 169 17
370.7840 -239.8470 3051.1155 198 169 18
469.5260 -283.1603 3602.1069 198 168 14
471.3514 -282.5226 3593.9941 197 168 15
476.9196 -284.1223 3614.3452 198 169 15
481.4546 -285.0909 3626.6667 197 168 14
485.4670 -285.7403 3634.9280 198 166 14
488.9396 -286.0662 3639.0728 198 166 14
492.4201 -286.3927 3643.2268 198 166 14
495.3425 -286.3927 3643.2268 199 162 11
498.8344 -286.7200 3647.3906 201 152 4
501.7600 -286.7200 3647.3906 206 151 3
504.6857 -286.7200 3647.3906 207 153 4
506.4539 -286.0662 3639.0728 208 155 5
509.3729 -286.0662 3639.0728 209 157 7
514.0504 -287.0481 3651.5637 211 159 8
602.8497 -330.9763 4210.3784 214 165 11
607.8307 -331.8519 4221.5171 214 166 12
614.4681 -333.6170 4243.9717 216 168 13
621.1765 -335.4011 4266.6670 216 169 12
622.1039 -334.0613 4249.6230 217 171 14
625.5127 -334.0613 4249.6230 217 171 14
-399.3163 -361.0257 4546.2490 63 69 149
-395.1067 -360.5121 4539.7822 70 77 163
-392.0228 -361.0257 4546.2490 72 81 170
-387.8237 -360.5121 4539.7822 64 73 164
-384.1821 -360.5121 4539.7822 57 66 157
-380.5406 -360.5121 4539.7822 55 62 151
-377.9743 -361.5407 4552.7344 54 61 145
-373.2575 -360.5121 4539.7822 53 60 141
-369.0909 -360.0000 4533.3335 53 59 139
-366.4958 -361.0257 4546.2490 53 59 137
-361.3050 -359.4894 4526.9033 52 59 135
-357.1671 -358.9802 4520.4912 52 58 134
-353.0410 -358.4724 4514.0972 52 58 134
-349.9150 -358.9802 4520.4912 51 58 132
-347.7668 -360.5121 4539.7822 51 58 131
-342.6629 -358.9802 4520.4912 51 58 132
-339.0369 -358.9802 4520.4912 50 57 132
-335.8866 -359.4894 4526.9033 54 60 133
-332.2553 -359.4894 4526.9033 60 66 135
-328.1587 -358.9802 4520.4912 54 61 131
-324.5326 -358.9802 4520.4912 53 59 132
-320.9065 -358.9802 4520.4912 54 58 130
-317.2805 -358.9802 4520.4912 59 63 132
-313.6544 -358.9802 4520.4912 63 67 130
-310.0284 -358.9802 4520.4912 62 66 128
-306.8369 -359.4894 4526.9033 58 62 128
-302.7762 -358.9802 4520.4912 54 59 129
-299.1502 -358.9802 4520.4912 55 59 130
-294.6893 -357.9661 4507.7212 54 58 128
-291.0735 -357.9661 4507.7212 53 59 130
-287.4576 -357.9661 4507.7212 52 59 130
-284.2433 -358.4724 4514.0972 53 58 129
-279.4366 -356.9578 4495.0234 51 58 129
-276.2201 -357.4612 4501.3638 52 59 127
-272.6093 -357.4612 4501.3638 53 60 129
-268.6197 -356.9578 4495.0234 53 59 127
-264.6414 -356.4557 4488.7017 54 60 125
-261.0408 -356.4557 4488.7017 53 59 126
-257.4402 -356.4557 4488.7017 53 58 127
336.3947 -240.4554 3027.9570 245 227 53
340.1143 -241.3714 3039.4922 244 227 53
342.8790 -241.6015 3042.3896 242 224 51
345.9790 -242.0630 3048.2012 237 219 48
348.7572 -242.2945 3051.1155 225 206 37
351.5407 -242.5263 3054.0352 211 187 24
354.6693 -242.9914 3059.8914 200 173 19
357.1237 -242.9914 3059.8914 198 171 19
359.2337 -242.7586 3056.9604 198 170 19
361.3397 -242.5263 3054.0352 198 169 19
363.4417 -242.2945 3051.1155 199 169 18
365.8891 -242.2945 3051.1155 199 169 17
368.3365 -242.2945 3051.1155 198 169 17
370.7840 -242.2945 3051.1155 198 169 17
470.0565 -286.3729 3606.1770 198 168 14
471.8828 -285.7272 3598.0459 198 168 15
476.9196 -287.0215 3614.3452 198 168 15
481.4546 -288.0000 3626.6667 197 167 14
485.4670 -288.6561 3634.9280 198 166 14
488.9396 -288.9852 3639.0728 198 166 14
492.4201 -289.3151 3643.2268 198 166 13
495.3425 -289.3151 3643.2268 198 163 11
498.8344 -289.6458 3647.3906 202 151 3
501.7600 -289.6458 3647.3906 206 151 3
504.6857 -289.6458 3647.3906 208 152 4
507.0320 -289.3151 3643.2268 209 154 6
509.3729 -288.9852 3639.0728 210 156 7
514.0504 -289.9771 3651.5637 211 159 8
602.8497 -334.3536 4210.3784 213 165 11
607.8307 -335.2381 4221.5171 215 167 12
614.4681 -337.0213 4243.9717 216 168 13
621.1765 -338.8236 4266.6670 217 169 14
622.1039 -337.4701 4249.6230 217 170 15
625.5127 -337.4701 4249.6230 217 171 15
-399.3163 -364.6724 4546.2490 63 69 149
-395.1067 -364.1537 4539.7822 70 77 162
-392.0228 -364.6724 4546.2490 72 80 170
-387.8237 -364.1537 4539.7822 65 73 163
-384.1821 -364.1537 4539.7822 58 66 156
-380.5406 -364.1537 4539.7822 54 62 150
-377.4359 -364.6724 4546.2490 53 61 145
-372.7273 -363.6364 4533.3335 53 61 141
-369.0909 -363.6364 4533.3335 53 59 138
-365.9745 -364.1537 4539.7822 53 59 137
-361.3050 -363.1206 4526.9033 52 58 135
-357.1671 -362.6063 4520.4912 52 58 134
-353.0410 -362.0934 4514.0972 51 57 134
-349.9150 -362.6063 4520.4912 51 57 133
-347.2727 -363.6364 4533.3335 51 57 132
-342.6629 -362.6063 4520.4912 51 57 133
-338.5573 -362.0934 4514.0972 52 58 134
-335.4108 -362.6063 4520.4912 53 60 132
-331.7847 -362.6063 4520.4912 59 65 133
-327.6945 -362.0934 4514.0972 55 61 132
-324.5326 -362.6063 4520.4912 54 61 132
-320.4526 -362.0934 4514.0972 54 60 131
-316.8317 -362.0934 4514.0972 60 62 132
-313.2108 -362.0934 4514.0972 63 65 130
-309.5898 -362.0934 4514.0972 60 64 127
-306.4023 -362.6063 4520.4912 56 61 128
-302.3480 -362.0934 4514.0972 53 59 130
-298.7271 -362.0934 4514.0972 56 60 130
-294.6893 -361.5819 4507.7212 54 60 128
-291.0735 -361.5819 4507.7212 53 60 129
-287.4576 -361.5819 4507.7212 53 60 131
-284.2433 -362.0934 4514.0972 53 59 130
-279.4366 -360.5634 4495.0234 52 58 129
-276.2201 -361.0720 4501.3638 52 59 127
-272.6093 -361.0720 4501.3638 52 59 128
-268.6197 -360.5634 4495.0234 53 58 128
-264.6414 -360.0563 4488.7017 54 59 127
-261.0408 -360.0563 4488.7017 52 59 127
-257.4402 -360.0563 4488.7017 51 58 127
-253.8397 -360.0563 4488.7017 51 57 127
332.0755 -241.5094 3010.8176 245 228 53
335.7576 -242.4243 3022.2224 245 227 53
339.7907 -243.5775 3036.6001 244 227 52
342.5524 -243.8095 3039.4922 242 224 51
345.3194 -244.0420 3042.3896 237 219 47
348.0916 -244.2748 3045.2927 225 206 38
351.2046 -244.7419 3051.1155 210 187 25
354.3295 -245.2107 3056.9604 200 173 19
356.7816 -245.2107 3056.9604 199 170 19
359.2337 -245.2107 3056.9604 199 169 19
360.9943 -244.7419 3051.1155 199 169 18
363.4417 -244.7419 3051.1155 198 169 17
365.8891 -244.7419 3051.1155 198 169 18
368.3365 -244.7419 3051.1155 198 169 17
370.7840 -244.7419 3051.1155 199 169 17
470.5883 -289.5928 3610.2566 197 168 14
472.4154 -288.9391 3602.1069 197 168 15
477.4604 -290.2495 3618.4431 197 168 14
482.0023 -291.2401 3630.7927 198 167 14
485.4670 -291.5718 3634.9280 198 166 14
488.9396 -291.9042 3639.0728 198 166 14
491.8586 -291.9042 3639.0728 198 166 14
494.7777 -291.9042 3639.0728 199 162 11
498.8344 -292.5714 3647.3906 201 151 3
501.7600 -292.5714 3647.3906 206 151 3
504.6857 -292.5714 3647.3906 207 153 3
507.0320 -292.2375 3643.2268 208 154 4
508.7928 -291.5718 3634.9280 209 156 6
514.0504 -292.9062 3651.5637 211 159 8
602.0554 -337.2859 4204.8311 214 164 10
607.8307 -338.6244 4221.5171 215 166 12
614.4681 -340.4255 4243.9717 216 167 13
621.1765 -342.2460 4266.6670 216 169 14
622.9333 -341.3333 4255.2891 216 170 14
626.3467 -341.3333 4255.2891 217 171 15
-399.3163 -368.3191 4546.2490 64 70 150
-395.1067 -367.7952 4539.7822 73 79 161
-391.4652 -367.7952 4539.7822 70 79 166
-387.8237 -367.7952 4539.7822 61 71 162
-384.1821 -367.7952 4539.7822 55 64 155
-380.5406 -367.7952 4539.7822 53 62 149
-377.4359 -368.3191 4546.2490 54 62 144
-372.7273 -367.2728 4533.3335 54 61 141
-368.5674 -366.7518 4526.9033 53 60 138
-365.4546 -367.2728 4533.3335 52 59 137
-360.7932 -366.2323 4520.4912 52 58 135
-356.6620 -365.7143 4514.0972 51 58 133
-352.5424 -365.1978 4507.7212 51 57 132
-349.4201 -365.7143 4514.0972 50 57 133
-346.7802 -366.7518 4526.9033 51 57 134
-342.1782 -365.7143 4514.0972 51 57 132
-338.0791 -365.1978 4507.7212 52 58 132
-334.9364 -365.7143 4514.0972 53 59 132
-331.3154 -365.7143 4514.0972 57 62 132
-327.6945 -365.7143 4514.0972 56 61 131
-324.0735 -365.7143 4514.0972 54 61 132
-320.4526 -365.7143 4514.0972 56 63 132
-316.8317 -365.7143 4514.0972 61 66 131
-313.2108 -365.7143 4514.0972 62 66 130
-309.5898 -365.7143 4514.0972 60 66 129
-305.9689 -365.7143 4514.0972 55 61 128
-302.3480 -365.7143 4514.0972 53 58 129
-298.7271 -365.7143 4514.0972 55 59 129
-294.6893 -365.1978 4507.7212 56 61 129
-291.0735 -365.1978 4507.7212 56 61 129
-287.4576 -365.1978 4507.7212 55 62 130
-284.2433 -365.7143 4514.0972 54 61 130
-279.8308 -364.6827 4501.3638 54 60 129
-276.2201 -364.6827 4501.3638 54 60 128
-272.6093 -364.6827 4501.3638 53 59 128
-268.6197 -364.1690 4495.0234 52 59 127
-265.0141 -364.1690 4495.0234 53 59 126
-261.4084 -364.1690 4495.0234 53 60 127
-257.4402 -363.6569 4488.7017 53 60 127
-253.8397 -363.6569 4488.7017 53 59 126
-250.5916 -364.1690 4495.0234 52 58 125
332.0755 -243.9245 3010.8176 245 228 52
335.1229 -244.3857 3016.5093 245 228 52
339.4677 -245.7795 3033.7136 244 227 51
342.2265 -246.0133 3036.6001 242 225 51
344.9905 -246.2477 3039.4922 237 219 46
348.0916 -246.7176 3045.2927 226 206 37
351.2046 -247.1893 3051.1155 210 187 25
353.9904 -247.4259 3054.0352 201 173 18
356.7816 -247.6628 3056.9604 198 170 18
359.2337 -247.6628 3056.9604 198 170 18
361.3397 -247.4259 3054.0352 199 169 19
363.7895 -247.4259 3054.0352 198 169 18
365.8891 -247.1893 3051.1155 197 170 18
368.3365 -247.1893 3051.1155 199 169 18
370.7840 -247.1893 3051.1155 199 169 17
471.1212 -292.8200 3614.3452 197 167 14
472.4154 -291.8285 3602.1069 197 168 15
477.4604 -293.1519 3618.4431 197 168 14
482.0023 -294.1525 3630.7927 197 168 14
485.4670 -294.4875 3634.9280 198 167 13
488.9396 -294.8233 3639.0728 198 167 14
491.8586 -294.8233 3639.0728 198 166 14
494.7777 -294.8233 3639.0728 200 162 11
498.8344 -295.4972 3647.3906 202 151 3
501.1872 -295.1598 3643.2268 206 151 3
504.6857 -295.4972 3647.3906 207 153 3
506.4539 -294.8233 3639.0728 208 154 4
508.7928 -294.4875 3634.9280 209 156 6
513.4629 -295.4972 3647.3906 211 159 8
602.0554 -340.6588 4204.8311 213 164 10
608.6358 -342.4636 4227.1084 215 166 12
615.2863 -344.2877 4249.6230 215 167 13
621.1765 -345.6685 4266.6670 216 168 13
622.9333 -344.7467 4255.2891 217 170 14
626.3467 -344.7467 4255.2891 217 171 15
-398.7483 -371.4367 4539.7822 65 70 150
-395.1067 -371.4367 4539.7822 77 83 165
-391.4652 -371.4367 4539.7822 71 78 165
-387.8237 -371.4367 4539.7822 60 69 160
-383.6364 -370.9091 4533.3335 56 63 154
-380.5406 -371.4367 4539.7822 54 62 149
-377.4359 -371.9659 4546.2490 56 62 144
-372.1986 -370.3830 4526.9033 57 62 140
-368.5674 -370.3830 4526.9033 54 59 138
-365.4546 -370.9091 4533.3335 52 59 136
-361.3050 -370.3830 4526.9033 52 59 135
-356.6620 -369.3352 4514.0972 51 58 133
-352.5424 -368.8136 4507.7212 51 57 133
-349.4201 -369.3352 4514.0972 50 57 134
-346.2890 -369.8584 4520.4912 51 57 134
-342.1782 -369.3352 4514.0972 51 57 133
-338.0791 -368.8136 4507.7212 52 58 132
-334.9364 -369.3352 4514.0972 54 60 133
-331.3154 -369.3352 4514.0972 58 62 133
-327.6945 -369.3352 4514.0972 54 59 130
-324.0735 -369.3352 4514.0972 52 60 129
-320.0000 -368.8136 4507.7212 55 62 129
-316.3842 -368.8136 4507.7212 61 67 130
-312.7684 -368.8136 4507.7212 62 66 129
-309.5898 -369.3352 4514.0972 62 68 130
-305.9689 -369.3352 4514.0972 57 63 128
-302.3480 -369.3352 4514.0972 54 61 129
-298.7271 -369.3352 4514.0972 54 60 128
-294.6893 -368.8136 4507.7212 55 60 128
-291.0735 -368.8136 4507.7212 54 60 128
-287.4576 -368.8136 4507.7212 53 60 128
-284.2433 -369.3352 4514.0972 53 60 128
-279.8308 -368.2934 4501.3638 54 60 128
-276.2201 -368.2934 4501.3638 55 61 129
-272.6093 -368.2934 4501.3638 54 59 128
-268.6197 -367.7747 4495.0234 53 60 129
-265.0141 -367.7747 4495.0234 53 60 128
-261.4084 -367.7747 4495.0234 52 59 128
-257.8028 -367.7747 4495.0234 54 62 127
-253.8397 -367.2574 4488.7017 55 62 127
-250.5916 -367.7747 4495.0234 54 60 127
-246.9859 -367.7747 4495.0234 57 63 128
331.1383 -245.6444 3002.3206 244 227 53
334.4906 -246.3396 3010.8176 244 228 52
338.8235 -247.7420 3027.9570 244 227 52
341.9012 -248.2129 3033.7136 242 225 51
344.6622 -248.4491 3036.6001 236 219 45
347.7598 -248.9228 3042.3896 226 206 35
351.2046 -249.6367 3051.1155 210 187 23
353.6520 -249.6367 3051.1155 200 173 17
357.1237 -250.3548 3059.8914 198 170 18
359.2337 -250.1150 3056.9604 198 169 19
361.3397 -249.8756 3054.0352 198 169 18
363.7895 -249.8756 3054.0352 198 169 18
366.2393 -249.8756 3054.0352 198 170 17
368.6890 -249.8756 3054.0352 199 169 17
371.1388 -249.8756 3054.0352 199 169 17
471.1212 -295.7192 3614.3452 198 167 14
472.4154 -294.7178 3602.1069 198 167 14
477.4604 -296.0544 3618.4431 198 167 14
482.0023 -297.0648 3630.7927 197 168 13
485.4670 -297.4032 3634.9280 198 167 12
488.9396 -297.7423 3639.0728 198 167 13
491.8586 -297.7423 3639.0728 198 166 14
494.7777 -297.7423 3639.0728 199 162 11
498.2649 -298.0822 3643.2268 202 151 3
501.1872 -298.0822 3643.2268 206 150 3
504.6857 -298.4229 3647.3906 207 152 3
506.4539 -297.7423 3639.0728 208 154 4
508.7928 -297.4032 3634.9280 210 156 6
513.4629 -298.4229 3647.3906 211 158 6
602.0554 -344.0316 4204.8311 213 164 9
608.6358 -345.8543 4227.1084 214 166 12
616.1068 -348.1600 4255.2891 214 167 12
621.1765 -349.0909 4266.6670 215 168 13
622.9333 -348.1600 4255.2891 216 170 13
626.3467 -348.1600 4255.2891 217 171 15
-398.7483 -375.0783 4539.7822 63 69 152
-395.1067 -375.0783 4539.7822 70 77 164
-391.4652 -375.0783 4539.7822 71 79 166
-387.8237 -375.0783 4539.7822 62 69 159
-383.6364 -374.5455 4533.3335 60 67 153
-380.5406 -375.0783 4539.7822 55 62 147
-376.8990 -375.0783 4539.7822 57 64 145
-372.1986 -374.0142 4526.9033 56 62 139
-368.5674 -374.0142 4526.9033 53 59 137
-365.4546 -374.5455 4533.3335 54 59 136
-361.3050 -374.0142 4526.9033 53 59 135
-356.6620 -372.9562 4514.0972 51 58 134
-352.5424 -372.4294 4507.7212 51 57 134
-349.4201 -372.9562 4514.0972 50 57 133
-346.2890 -373.4844 4520.4912 51 57 133
-342.1782 -372.9562 4514.0972 53 59 133
-338.0791 -372.4294 4507.7212 53 59 132
-334.9364 -372.9562 4514.0972 53 60 133
-331.3154 -372.9562 4514.0972 56 62 132
-327.6945 -372.9562 4514.0972 54 59 131
-324.0735 -372.9562 4514.0972 52 59 130
-320.0000 -372.4294 4507.7212 56 62 131
-316.3842 -372.4294 4507.7212 62 66 131
-312.7684 -372.4294 4507.7212 63 67 128
-309.1525 -372.4294 4507.7212 63 68 128
-305.9689 -372.9562 4514.0972 59 65 128
-302.3480 -372.9562 4514.0972 57 63 128
-298.7271 -372.9562 4514.0972 56 62 127
-294.6893 -372.4294 4507.7212 55 60 127
-291.0735 -372.4294 4507.7212 55 60 129
-287.4576 -372.4294 4507.7212 56 61 129
-284.2433 -372.9562 4514.0972 54 60 128
-279.8308 -371.9041 4501.3638 54 60 129
-276.6102 -372.4294 4507.7212 54 61 129
-272.6093 -371.9041 4501.3638 54 61 129
-268.6197 -371.3803 4495.0234 54 62 129
-265.0141 -371.3803 4495.0234 55 61 128
-261.4084 -371.3803 4495.0234 55 62 129
-257.8028 -371.3803 4495.0234 59 66 129
-254.1972 -371.3803 4495.0234 57 63 126
-250.9450 -371.9041 4501.3638 57 63 128
-144.9886 -301.6934 3651.5637 248 231 57
330.5164 -247.5869 2996.6824 244 227 52
333.8607 -248.2863 3005.1477 244 227 52
338.1819 -249.6970 3022.2224 244 226 52
341.9012 -250.6464 3033.7136 242 224 51
344.6622 -250.8849 3036.6001 236 218 46
348.0916 -251.6031 3045.2927 225 205 36
351.5407 -252.3254 3054.0352 210 186 23
353.6520 -252.0842 3051.1155 201 173 18
357.1237 -252.8092 3059.8914 199 170 18
359.2337 -252.5671 3056.9604 198 169 18
361.3397 -252.3254 3054.0352 198 169 17
363.7895 -252.3254 3054.0352 198 170 17
365.8891 -252.0842 3051.1155 198 169 17
368.3365 -252.0842 3051.1155 198 169 16
371.1388 -252.3254 3054.0352 198 169 16
471.1212 -298.6184 3614.3452 198 168 14
472.4154 -297.6072 3602.1069 198 168 14
477.4604 -298.9569 3618.4431 198 167 14
481.4546 -299.6364 3626.6667 197 168 14
484.9147 -299.9773 3630.7927 198 167 14
488.9396 -300.6614 3639.0728 198 167 13
491.8586 -300.6614 3639.0728 198 167 14
494.7777 -300.6614 3639.0728 199 162 12
498.2649 -301.0046 3643.2268 201 151 4
501.1872 -301.0046 3643.2268 205 150 3
504.1096 -301.0046 3643.2268 207 152 3
506.4539 -300.6614 3639.0728 208 154 4
508.7928 -300.3189 3634.9280 209 156 6
513.4629 -301.3486 3647.3906 211 158 6
602.8497 -347.8628 4210.3784 214 164 10
608.6358 -349.2451 4227.1084 214 166 12
615.2863 -351.1053 4249.6230 215 167 12
621.1765 -352.5134 4266.6670 215 168 13
622.9333 -351.5734 4255.2891 216 170 13
625.5127 -351.1053 4249.6230 217 170 15
-398.7483 -378.7198 4539.7822 64 70 153
-395.6696 -379.2593 4546.2490 69 77 165
-391.4652 -378.7198 4539.7822 70 79 165
-387.8237 -378.7198 4539.7822 62 70 159
-383.6364 -378.1819 4533.3335 59 66 151
-380.5406 -378.7198 4539.7822 54 62 146
-376.8990 -378.7198 4539.7822 56 62 143
-372.1986 -377.6454 4526.9033 58 63 141
-368.5674 -377.6454 4526.9033 55 61 137
-365.4546 -378.1819 4533.3335 54 60 136
-361.3050 -377.6454 4526.9033 53 59 135
-356.6620 -376.5771 4514.0972 52 58 134
-352.5424 -376.0452 4507.7212 51 58 134
-349.4201 -376.5771 4514.0972 51 58 133
-346.2890 -377.1105 4520.4912 52 58 132
-341.6949 -376.0452 4507.7212 53 59 133
-338.0791 -376.0452 4507.7212 53 58 132
-334.9364 -376.5771 4514.0972 53 59 133
-331.3154 -376.5771 4514.0972 53 58 132
-327.6945 -376.5771 4514.0972 54 59 132
-324.0735 -376.5771 4514.0972 53 59 130
-320.0000 -376.0452 4507.7212 58 63 132
-316.8317 -376.5771 4514.0972 62 67 132
-312.7684 -376.0452 4507.7212 62 67 129
-309.5898 -376.5771 4514.0972 62 66 129
-305.9689 -376.5771 4514.0972 60 65 128
-302.3480 -376.5771 4514.0972 58 64 127
-298.7271 -376.5771 4514.0972 59 64 128
-294.6893 -376.0452 4507.7212 56 61 127
-291.0735 -376.0452 4507.7212 55 60 129
-287.4576 -376.0452 4507.7212 53 59 130
-284.2433 -376.5771 4514.0972 52 59 129
-279.8308 -375.5149 4501.3638 53 59 129
-276.6102 -376.0452 4507.7212 52 60 129
-272.6093 -375.5149 4501.3638 53 61 129
-268.9986 -375.5149 4501.3638 55 61 128
-265.0141 -374.9859 4495.0234 56 62 127
-261.4084 -374.9859 4495.0234 57 64 128
-257.8028 -374.9859 4495.0234 58 64 127
-254.1972 -374.9859 4495.0234 59 65 127
-145.1546 -304.9714 3655.7466 249 231 58
330.2064 -249.7561 2993.8713 244 227 52
333.2331 -250.2256 2999.4988 244 227 52
337.5425 -251.6446 3016.5093 244 226 53
341.9012 -253.0799 3033.7136 242 224 51
349.7603 -255.2637 3059.8914 225 205 37
351.8774 -255.0192 3056.9604 210 186 24
353.6520 -254.5316 3051.1155 200 173 18
357.1237 -255.2637 3059.8914 199 170 18
359.2337 -255.0192 3056.9604 198 170 18
361.3397 -254.7751 3054.0352 198 170 17
363.7895 -254.7751 3054.0352 198 170 17
365.8891 -254.5316 3051.1155 199 169 17
368.3365 -254.5316 3051.1155 198 169 16
371.1388 -254.7751 3054.0352 198 169 16
467.6924 -301.1765 3610.2566 198 168 15
471.1212 -301.5176 3614.3452 198 168 15
472.4154 -300.4966 3602.1069 198 168 14
477.4604 -301.8594 3618.4431 198 168 14
481.4546 -302.5455 3626.6667 198 168 15
484.9147 -302.8897 3630.7927 198 167 14
488.3827 -303.2346 3634.9280 198 167 14
491.8586 -303.5804 3639.0728 198 167 14
494.7777 -303.5804 3639.0728 199 162 12
498.2649 -303.9270 3643.2268 201 151 3
501.1872 -303.9270 3643.2268 205 151 2
504.1096 -303.9270 3643.2268 207 153 4
506.4539 -303.5804 3639.0728 208 155 6
508.7928 -303.2346 3634.9280 209 157 7
513.4629 -304.2743 3647.3906 210 159 8
515.7991 -303.9270 3643.2268 212 161 9
603.6461 -351.7041 4215.9404 214 164 10
609.4430 -353.1035 4232.7144 215 166 11
616.1068 -354.9867 4255.2891 216 167 12
621.1765 -355.9359 4266.6670 215 168 13
622.9333 -354.9867 4255.2891 216 170 13
625.5127 -354.5140 4249.6230 216 170 14
-399.3163 -382.9060 4546.2490 65 71 154
-395.6696 -382.9060 4546.2490 69 77 165
-391.4652 -382.3613 4539.7822 67 77 166
-387.8237 -382.3613 4539.7822 64 72 157
-383.6364 -381.8182 4533.3335 61 69 150
-380.5406 -382.3613 4539.7822 54 62 145
-376.8990 -382.3613 4539.7822 56 62 143
-372.1986 -381.2766 4526.9033 57 63 139
-368.5674 -381.2766 4526.9033 54 61 136
-365.4546 -381.8182 4533.3335 53 60 135
-361.3050 -381.2766 4526.9033 53 60 135
-356.6620 -380.1980 4514.0972 51 58 134
-352.5424 -379.6610 4507.7212 50 57 134
-349.4201 -380.1980 4514.0972 51 57 133
-346.2890 -380.7366 4520.4912 52 58 133
-341.6949 -379.6610 4507.7212 51 57 132
-337.6023 -379.1255 4501.3638 53 58 132
-334.9364 -380.1980 4514.0972 53 59 133
-331.3154 -380.1980 4514.0972 53 59 132
-327.6945 -380.1980 4514.0972 52 58 130
-324.0735 -380.1980 4514.0972 52 59 129
-320.0000 -379.6610 4507.7212 56 61 132
-316.8317 -380.1980 4514.0972 60 65 131
-312.7684 -379.6610 4507.7212 60 66 128
-309.5898 -380.1980 4514.0972 61 66 129
-305.9689 -380.1980 4514.0972 60 65 128
-302.3480 -380.1980 4514.0972 57 61 128
-298.7271 -380.1980 4514.0972 59 64 129
-295.1061 -380.1980 4514.0972 57 62 128
-291.0735 -379.6610 4507.7212 57 62 130
-287.4576 -379.6610 4507.7212 54 59 129
-284.2433 -380.1980 4514.0972 51 59 128
-279.8308 -379.1255 4501.3638 52 59 129
-276.6102 -379.6610 4507.7212 51 59 129
-272.6093 -379.1255 4501.3638 52 59 127
-268.9986 -379.1255 4501.3638 53 60 127
-265.0141 -378.5916 4495.0234 56 62 128
-261.4084 -378.5916 4495.0234 55 62 128
-257.8028 -378.5916 4495.0234 56 61 126
-145.3211 -308.2569 3659.9390 248 231 57
329.5880 -251.6854 2988.2646 244 228 51
332.6079 -252.1576 2993.8713 244 227 52
337.2238 -253.8244 3013.6606 244 227 52
351.4451 -258.9596 3074.6309 224 205 36
352.2148 -257.7181 3059.8914 209 186 24
353.6520 -256.9790 3051.1155 200 173 18
357.4664 -257.9655 3062.8279 198 170 19
359.5782 -257.7181 3059.8914 198 169 18
361.3397 -257.2249 3054.0352 198 170 17
363.7895 -257.2249 3054.0352 198 170 17
365.8891 -256.9790 3051.1155 199 170 19
368.6890 -257.2249 3054.0352 199 169 19
371.4943 -257.4713 3056.9604 198 169 18
468.2220 -304.4168 3614.3452 198 167 15
471.1212 -304.4168 3614.3452 198 168 15
472.4154 -303.3860 3602.1069 198 168 14
477.4604 -304.7619 3618.4431 197 168 14
481.4546 -305.4546 3626.6667 198 168 15
484.9147 -305.8021 3630.7927 198 168 14
488.3827 -306.1504 3634.9280 198 167 14
491.8586 -306.4995 3639.0728 198 167 14
494.7777 -306.4995 3639.0728 199 163 11
498.2649 -306.8493 3643.2268 201 151 2
501.1872 -306.8493 3643.2268 205 151 2
504.1096 -306.8493 3643.2268 207 153 3
506.4539 -306.4995 3639.0728 207 155 5
508.7928 -306.1504 3634.9280 208 157 6
512.8767 -306.8493 3643.2268 210 159 8
515.7991 -306.8493 3643.2268 212 161 9
604.4445 -355.5556 4221.5171 213 164 10
610.2523 -356.9721 4238.3354 213 166 11
616.1068 -358.4000 4255.2891 215 167 12
621.1765 -359.3583 4266.6670 215 168 13
622.9333 -358.4000 4255.2891 215 169 13
624.6809 -357.4468 4243.9717 216 171 14
-398.7483 -386.0029 4539.7822 65 72 155
-395.6696 -386.5527 4546.2490 68 78 167
-391.4652 -386.0029 4539.7822 66 77 165
-387.8237 -386.0029 4539.7822 63 71 157
-384.1821 -386.0029 4539.7822 55 64 149
-380.5406 -386.0029 4539.7822 53 60 145
-376.3637 -385.4546 4533.3335 55 60 142
-372.1986 -384.9078 4526.9033 56 62 138
-368.5674 -384.9078 4526.9033 55 61 135
-364.9362 -384.9078 4526.9033 55 60 134
-361.3050 -384.9078 4526.9033 55 60 134
-356.6620 -383.8190 4514.0972 53 59 133
-352.5424 -383.2768 4507.7212 51 57 132
-349.4201 -383.8190 4514.0972 51 57 132
-346.2890 -384.3626 4520.4912 52 58 133
-341.6949 -383.2768 4507.7212 52 58 133
-338.0791 -383.2768 4507.7212 53 58 133
-334.9364 -383.8190 4514.0972 55 60 133
-330.8475 -383.2768 4507.7212 56 61 132
-327.2317 -383.2768 4507.7212 56 60 131
-323.6158 -383.2768 4507.7212 55 61 131
-320.0000 -383.2768 4507.7212 57 61 130
-316.8317 -383.8190 4514.0972 59 64 131
-312.7684 -383.2768 4507.7212 61 66 129
-309.5898 -383.8190 4514.0972 62 67 128
-305.9689 -383.8190 4514.0972 58 62 127
-302.3480 -383.8190 4514.0972 55 60 128
-298.7271 -383.8190 4514.0972 56 61 129
-294.6893 -383.2768 4507.7212 56 61 129
-291.0735 -383.2768 4507.7212 59 63 131
-287.4576 -383.2768 4507.7212 54 58 128
-284.2433 -383.8190 4514.0972 53 58 129
-280.2260 -383.2768 4507.7212 53 58 129
-276.6102 -383.2768 4507.7212 53 59 129
-272.6093 -382.7363 4501.3638 54 59 129
-268.9986 -382.7363 4501.3638 55 60 128
-265.0141 -382.1972 4495.0234 55 61 127
-261.4084 -382.1972 4495.0234 57 62 127
-257.8028 -382.1972 4495.0234 60 64 127
-148.2569 -311.1927 3659.9390 248 231 56
-145.4879 -311.5500 3664.1409 248 231 57
-142.7126 -311.9081 3668.3525 248 231 57
329.2798 -253.8447 2985.4695 244 228 52
351.7840 -261.6779 3077.5957 225 205 38
352.5528 -260.4223 3062.8279 209 186 24
354.3295 -259.9234 3056.9604 199 173 19
357.8098 -260.6725 3065.7703 199 170 19
359.9232 -260.4223 3062.8279 199 169 18
361.6858 -259.9234 3056.9604 199 170 17
364.1379 -259.9234 3056.9604 199 170 17
366.2393 -259.6747 3054.0352 199 169 19
368.6890 -259.6747 3054.0352 199 170 18
371.8504 -260.1726 3059.8914 199 170 17
467.6924 -306.9684 3610.2566 197 168 15
471.1212 -307.3160 3614.3452 197 168 15
472.4154 -306.2754 3602.1069 198 169 15
477.4604 -307.6644 3618.4431 198 168 15
481.4546 -308.3637 3626.6667 198 168 15
484.9147 -308.7145 3630.7927 199 168 14
488.3827 -309.0661 3634.9280 198 168 13
491.2984 -309.0661 3634.9280 198 167 14
494.7777 -309.4185 3639.0728 199 162 11
498.2649 -309.7717 3643.2268 201 150 2
501.1872 -309.7717 3643.2268 205 151 2
504.1096 -309.7717 3643.2268 207 153 3
506.4539 -309.4185 3639.0728 208 155 5
508.7928 -309.0661 3634.9280 209 156 6
512.8767 -309.7717 3643.2268 211 158 8
515.7991 -309.7717 3643.2268 211 161 8
606.0477 -359.8939 4232.7144 213 164 10
611.0639 -360.8511 4243.9717 214 166 11
616.9293 -362.2964 4260.9702 215 167 12
621.1765 -362.7808 4266.6670 216 168 13
622.9333 -361.8134 4255.2891 216 169 13
624.6809 -360.8511 4243.9717 217 170 14
-398.7483 -389.6444 4539.7822 65 72 155
-395.6696 -390.1995 4546.2490 69 78 165
-391.4652 -389.6444 4539.7822 72 81 163
-387.8237 -389.6444 4539.7822 64 72 152
-384.1821 -389.6444 4539.7822 53 64 146
-380.5406 -389.6444 4539.7822 53 62 143
-376.3637 -389.0909 4533.3335 56 62 140
-372.1986 -388.5390 4526.9033 55 62 137
-368.5674 -388.5390 4526.9033 55 61 136
-364.9362 -388.5390 4526.9033 55 61 135
-361.3050 -388.5390 4526.9033 55 62 135
-356.6620 -387.4399 4514.0972 54 59 133
-352.5424 -386.8926 4507.7212 52 58 132
-349.9150 -387.9887 4520.4912 52 59 133
-346.2890 -387.9887 4520.4912 52 60 133
-341.6949 -386.8926 4507.7212 54 61 133
-338.0791 -386.8926 4507.7212 55 61 134
-334.9364 -387.4399 4514.0972 56 62 133
-330.8475 -386.8926 4507.7212 56 62 133
-327.2317 -386.8926 4507.7212 53 59 131
-323.6158 -386.8926 4507.7212 53 59 131
-320.0000 -386.8926 4507.7212 55 61 131
-316.8317 -387.4399 4514.0972 58 63 130
-312.7684 -386.8926 4507.7212 60 65 128
-309.5898 -387.4399 4514.0972 62 66 128
-305.9689 -387.4399 4514.0972 56 62 127
-302.3480 -387.4399 4514.0972 54 60 127
-298.7271 -387.4399 4514.0972 56 61 129
-294.6893 -386.8926 4507.7212 56 60 128
-291.0735 -386.8926 4507.7212 57 61 128
-287.4576 -386.8926 4507.7212 54 59 128
-284.2433 -387.4399 4514.0972 53 58 128
-280.2260 -386.8926 4507.7212 55 61 129
-276.6102 -386.8926 4507.7212 55 61 126
-272.6093 -386.3470 4501.3638 53 59 127
-268.6197 -385.8028 4495.0234 51 58 127
-265.0141 -385.8028 4495.0234 52 59 126
-261.4084 -385.8028 4495.0234 56 61 126
-151.3662 -314.4891 3664.1409 248 231 57
-148.2569 -314.1284 3659.9390 248 231 57
-145.6552 -314.8506 3668.3525 248 231 57
-142.7126 -314.8506 3668.3525 248 231 58
329.2798 -256.2395 2985.4695 243 227 53
351.7840 -264.1466 3077.5957 224 205 38
352.8915 -263.1316 3065.7703 208 185 24
354.6693 -262.6270 3059.8914 199 172 19
358.4986 -263.6382 3071.6716 199 170 18
360.2690 -263.1316 3065.7703 198 168 18
362.0326 -262.6270 3059.8914 199 170 17
364.4871 -262.6270 3059.8914 198 170 17
366.5901 -262.3755 3056.9604 198 169 18
369.0422 -262.3755 3056.9604 198 169 17
371.8504 -262.6270 3059.8914 199 169 17
468.2220 -310.2152 3614.3452 197 168 15
471.1212 -310.2152 3614.3452 197 168 15
472.4154 -309.1648 3602.1069 198 169 15
477.4604 -310.5669 3618.4431 198 169 16
481.4546 -311.2727 3626.6667 199 169 16
484.9147 -311.6269 3630.7927 199 168 15
488.3827 -311.9818 3634.9280 199 168 15
491.2984 -311.9818 3634.9280 199 168 15
494.7777 -312.3375 3639.0728 200 162 11
497.6967 -312.3375 3639.0728 201 150 3
501.1872 -312.6941 3643.2268 205 151 2
504.1096 -312.6941 3643.2268 207 153 3
506.4539 -312.3375 3639.0728 207 155 5
508.7928 -311.9818 3634.9280 208 157 6
513.4629 -313.0515 3647.3906 209 158 7
515.2109 -312.3375 3639.0728 211 161 8
607.6596 -364.2553 4243.9717 214 164 10
612.6934 -365.2267 4255.2891 215 166 12
616.9293 -365.7143 4260.9702 215 167 12
621.1765 -366.2032 4266.6670 216 168 13
623.7650 -365.7143 4260.9702 215 169 13
624.6809 -364.2553 4243.9717 217 170 14
-398.7483 -393.2859 4539.7822 66 72 156
-395.1067 -393.2859 4539.7822 74 83 162
-391.4652 -393.2859 4539.7822 94 102 159
-387.8237 -393.2859 4539.7822 88 94 145
-383.6364 -392.7273 4533.3335 67 74 138
-380.5406 -393.2859 4539.7822 55 63 139
-376.3637 -392.7273 4533.3335 57 62 140
-371.6714 -391.6148 4520.4912 55 61 138
-368.5674 -392.1703 4526.9033 54 61 136
-364.9362 -392.1703 4526.9033 55 60 136
-361.3050 -392.1703 4526.9033 55 61 135
-356.6620 -391.0609 4514.0972 54 60 134
-352.5424 -390.5085 4507.7212 52 59 132
-349.9150 -391.6148 4520.4912 54 60 134
-346.2890 -391.6148 4520.4912 54 59 134
-341.2130 -389.9577 4501.3638 54 58 134
-337.6023 -389.9577 4501.3638 56 62 134
-334.9364 -391.0609 4514.0972 54 61 132
-330.8475 -390.5085 4507.7212 56 62 134
-327.2317 -390.5085 4507.7212 55 60 132
-323.6158 -390.5085 4507.7212 55 59 131
-320.0000 -390.5085 4507.7212 55 60 131
-316.3842 -390.5085 4507.7212 59 64 130
-312.7684 -390.5085 4507.7212 62 68 129
-309.1525 -390.5085 4507.7212 60 66 129
-305.5367 -390.5085 4507.7212 55 61 128
-301.9209 -390.5085 4507.7212 54 60 128
-298.3051 -390.5085 4507.7212 55 60 129
-294.6893 -390.5085 4507.7212 56 61 127
-290.6629 -389.9577 4501.3638 56 62 127
-287.0522 -389.9577 4501.3638 54 60 127
-284.2433 -391.0609 4514.0972 52 59 129
-279.8308 -389.9577 4501.3638 57 63 130
-276.6102 -390.5085 4507.7212 61 65 129
-272.6093 -389.9577 4501.3638 54 59 125
-268.6197 -389.4084 4495.0234 52 59 128
-265.0141 -389.4084 4495.0234 54 59 127
-261.4084 -389.4084 4495.0234 54 60 127
-151.5402 -317.7931 3668.3525 248 231 58
-148.4271 -317.4283 3664.1409 248 231 57
-145.6552 -317.7931 3668.3525 248 231 57
-142.7126 -317.7931 3668.3525 248 231 58
-139.7701 -317.7931 3668.3525 248 230 58
329.5880 -258.8764 2988.2646 244 227 51
351.7840 -266.6153 3077.5957 224 204 37
352.8915 -265.5908 3065.7703 209 185 24
355.0096 -265.3359 3062.8279 199 172 18
358.4986 -266.1021 3071.6716 199 170 18
360.2690 -265.5908 3065.7703 198 168 18
362.0326 -265.0815 3059.8914 198 169 18
364.4871 -265.0815 3059.8914 198 170 17
366.5901 -264.8276 3056.9604 198 169 17
369.0422 -264.8276 3056.9604 198 169 18
371.8504 -265.0815 3059.8914 198 169 17
468.7529 -313.4694 3618.4431 197 168 15
471.1212 -313.1144 3614.3452 198 169 15
472.9492 -312.4068 3606.1770 198 168 15
477.4604 -313.4694 3618.4431 198 168 15
481.4546 -314.1818 3626.6667 198 169 16
484.9147 -314.5393 3630.7927 199 169 15
488.3827 -314.8975 3634.9280 199 169 16
491.2984 -314.8975 3634.9280 199 168 15
494.7777 -315.2566 3639.0728 199 163 11
497.6967 -315.2566 3639.0728 202 151 3
501.1872 -315.6165 3643.2268 205 151 2
504.1096 -315.6165 3643.2268 207 153 3
506.4539 -315.2566 3639.0728 208 155 4
508.7928 -314.8975 3634.9280 209 156 6
513.4629 -315.9772 3647.3906 210 159 8
515.2109 -315.2566 3639.0728 212 161 9
608.4688 -368.1492 4249.6230 214 163 10
613.5114 -369.1322 4260.9702 215 165 11
616.9293 -369.1322 4260.9702 215 167 12
621.1765 -369.6257 4266.6670 216 168 13
622.9333 -368.6400 4255.2891 216 169 14
623.8513 -367.1713 4238.3354 217 170 14
-398.7483 -396.9275 4539.7822 68 73 155
-395.1067 -396.9275 4539.7822 78 86 161
-391.4652 -396.9275 4539.7822 111 119 156
-387.8237 -396.9275 4539.7822 132 134 144
-383.6364 -396.3636 4533.3335 99 101 128
-380.0000 -396.3636 4533.3335 62 67 132
-375.8298 -395.8015 4526.9033 60 64 138
-371.6714 -395.2408 4520.4912 57 62 136
-368.5674 -395.8015 4526.9033 55 60 134
-364.9362 -395.8015 4526.9033 57 61 135
-360.7932 -395.2408 4520.4912 56 61 135
-356.6620 -394.6818 4514.0972 53 58 133
-352.5424 -394.1243 4507.7212 52 58 133
-349.4201 -394.6818 4514.0972 53 59 133
-345.7992 -394.6818 4514.0972 54 61 134
-341.2130 -393.5685 4501.3638 55 61 134
-337.6023 -393.5685 4501.3638 56 61 133
-334.4633 -394.1243 4507.7212 54 59 133
-330.3809 -393.5685 4501.3638 54 60 133
-326.7701 -393.5685 4501.3638 51 57 131
-323.1594 -393.5685 4501.3638 51 57 131
-319.5487 -393.5685 4501.3638 53 59 130
-315.9380 -393.5685 4501.3638 57 63 129
-312.3273 -393.5685 4501.3638 64 68 131
-308.7165 -393.5685 4501.3638 60 64 127
-305.1058 -393.5685 4501.3638 54 60 128
-301.4951 -393.5685 4501.3638 53 59 128
-298.3051 -394.1243 4507.7212 54 58 128
-294.2737 -393.5685 4501.3638 55 59 128
-290.6629 -393.5685 4501.3638 54 60 130
-287.0522 -393.5685 4501.3638 52 58 129
-283.8418 -394.1243 4507.7212 52 57 127
-279.8308 -393.5685 4501.3638 54 60 127
-276.6102 -394.1243 4507.7212 59 62 127
-272.6093 -393.5685 4501.3638 54 58 126
-268.6197 -393.0141 4495.0234 52 59 128
-265.0141 -393.0141 4495.0234 54 61 127
-261.4084 -393.0141 4495.0234 61 66 128
-151.5402 -320.7357 3668.3525 248 231 58
-148.4271 -320.3674 3664.1409 248 231 57
-145.8228 -321.1047 3672.5740 248 230 57
-142.7126 -320.7357 3668.3525 248 230 57
-139.7701 -320.7357 3668.3525 248 230 57
329.5880 -261.2734 2988.2646 244 227 52
332.6079 -261.7636 2993.8713 244 227 53
351.7840 -269.0839 3077.5957 224 204 36
352.8915 -268.0500 3065.7703 208 185 24
355.0096 -267.7927 3062.8279 200 172 18
358.8440 -268.8247 3074.6309 199 169 18
360.2690 -268.0500 3065.7703 198 168 18
362.3801 -267.7927 3062.8279 199 169 18
364.8369 -267.7927 3062.8279 198 170 17
366.9415 -267.5359 3059.8914 198 169 16
369.3960 -267.5359 3059.8914 198 169 16
372.2073 -267.7927 3062.8279 198 169 17
468.7529 -316.3719 3618.4431 197 169 16
471.1212 -316.0136 3614.3452 198 169 16
472.9492 -315.2994 3606.1770 198 168 16
477.4604 -316.3719 3618.4431 198 169 15
481.4546 -317.0909 3626.6667 198 169 15
484.9147 -317.4517 3630.7927 199 168 15
488.3827 -317.8132 3634.9280 198 168 15
491.2984 -317.8132 3634.9280 199 168 15
494.2142 -317.8132 3634.9280 199 162 11
497.6967 -318.1756 3639.0728 202 151 4
500.6158 -318.1756 3639.0728 206 151 3
504.1096 -318.5388 3643.2268 207 152 3
506.4539 -318.1756 3639.0728 208 154 5
508.7928 -317.8132 3634.9280 209 157 6
513.4629 -318.9029 3647.3906 210 159 7
515.2109 -318.1756 3639.0728 210 160 9
607.6596 -371.0638 4243.9717 213 164 10
612.6934 -372.0533 4255.2891 214 166 12
616.1068 -372.0533 4255.2891 214 167 12
620.3472 -372.5501 4260.9702 216 168 13
620.4515 -370.5710 4238.3354 215 169 13
621.3757 -369.1006 4221.5171 216 170 14
-398.7483 -400.5690 4539.7822 74 78 158
-395.1067 -400.5690 4539.7822 84 90 158
-390.9091 -400.0000 4533.3335 133 138 159
-387.2728 -400.0000 4533.3335 157 157 146
-383.6364 -400.0000 4533.3335 105 107 122
-380.0000 -400.0000 4533.3335 63 67 130
-375.2975 -398.8669 4520.4912 60 65 138
-371.6714 -398.8669 4520.4912 58 63 137
-368.0453 -398.8669 4520.4912 58 63 138
-364.4193 -398.8669 4520.4912 58 63 136
-360.7932 -398.8669 4520.4912 57 61 135
-356.1582 -397.7401 4507.7212 55 60 134
-352.0452 -397.1792 4501.3638 54 60 133
-348.9265 -397.7401 4507.7212 54 61 133
-345.3107 -397.7401 4507.7212 54 62 133
-340.7324 -396.6197 4495.0234 54 61 133
-337.1268 -396.6197 4495.0234 54 60 134
-333.9916 -397.1792 4501.3638 53 59 133
-330.3809 -397.1792 4501.3638 54 61 133
-326.7701 -397.1792 4501.3638 51 58 130
-323.1594 -397.1792 4501.3638 51 58 130
-319.5487 -397.1792 4501.3638 52 59 130
-315.9380 -397.1792 4501.3638 57 64 129
-312.3273 -397.1792 4501.3638 67 70 131
-308.7165 -397.1792 4501.3638 60 63 126
-305.1058 -397.1792 4501.3638 52 59 127
-301.4951 -397.1792 4501.3638 52 59 127
-297.8844 -397.1792 4501.3638 53 59 126
-294.2737 -397.1792 4501.3638 54 59 127
-290.6629 -397.1792 4501.3638 54 59 130
-287.0522 -397.1792 4501.3638 51 58 130
-283.8418 -397.7401 4507.7212 50 57 128
-279.8308 -397.1792 4501.3638 51 58 127
-276.6102 -397.7401 4507.7212 54 59 128
-272.6093 -397.1792 4501.3638 54 60 127
-268.6197 -396.6197 4495.0234 54 61 127
-265.0141 -396.6197 4495.0234 56 62 126
-261.4084 -396.6197 4495.0234 62 65 125
-151.5402 -323.6782 3668.3525 248 231 58
-148.4271 -323.3065 3664.1409 248 231 58
-145.8228 -324.0507 3672.5740 248 230 57
-142.7126 -323.6782 3668.3525 248 230 57
-139.7701 -323.6782 3668.3525 248 230 57
-136.6705 -323.3065 3664.1409 248 230 57
329.5880 -263.6704 2988.2646 244 227 53
352.4638 -272.0773 3083.5427 225 205 36
352.8915 -270.5092 3065.7703 209 185 24
355.0096 -270.2495 3062.8279 200 172 19
358.8440 -271.2910 3074.6309 198 169 19
360.2690 -270.5092 3065.7703 198 168 19
362.7282 -270.5092 3065.7703 198 168 18
365.1873 -270.5092 3065.7703 199 169 18
367.2937 -270.2495 3062.8279 199 169 18
369.7505 -270.2495 3062.8279 198 169 17
372.5649 -270.5092 3065.7703 198 169 17
468.7529 -319.2744 3618.4431 197 169 16
471.1212 -318.9128 3614.3452 197 169 16
472.4154 -317.8330 3602.1069 198 169 17
477.4604 -319.2744 3618.4431 198 169 16
481.4546 -320.0000 3626.6667 198 168 16
484.9147 -320.3641 3630.7927 199 168 15
488.3827 -320.7289 3634.9280 198 168 15
491.2984 -320.7289 3634.9280 198 168 14
494.2142 -320.7289 3634.9280 199 162 11
497.6967 -321.0947 3639.0728 202 150 3
500.6158 -321.0947 3639.0728 205 151 3
504.1096 -321.4612 3643.2268 207 152 4
506.4539 -321.0947 3639.0728 208 154 6
508.7928 -320.7289 3634.9280 209 156 6
513.4629 -321.8286 3647.3906 211 158 7
515.2109 -321.0947 3639.0728 211 160 8
606.0477 -373.4748 4232.7144 213 163 10
611.8776 -374.9667 4249.6230 214 165 11
615.2863 -374.9667 4249.6230 214 167 11
618.6951 -374.9667 4249.6230 215 168 13
618.8080 -372.9802 4227.1084 216 168 13
620.5549 -371.9948 4215.9404 217 168 14
627.2510 -373.9708 4238.3354 217 169 14
-398.7483 -404.2106 4539.7822 70 74 157
-394.5455 -403.6364 4533.3335 85 90 159
-390.9091 -403.6364 4533.3335 133 136 161
-387.2728 -403.6364 4533.3335 124 124 138
-383.6364 -403.6364 4533.3335 90 92 127
-380.0000 -403.6364 4533.3335 63 67 133
-375.2975 -402.4930 4520.4912 58 63 137
-371.6714 -402.4930 4520.4912 55 62 137
-368.0453 -402.4930 4520.4912 54 61 135
-364.4193 -402.4930 4520.4912 54 60 134
-360.7932 -402.4930 4520.4912 54 59 134
-356.1582 -401.3560 4507.7212 53 60 134
-352.0452 -400.7899 4501.3638 52 59 133
-348.9265 -401.3560 4507.7212 53 59 134
-345.3107 -401.3560 4507.7212 52 58 133
-340.7324 -400.2253 4495.0234 51 56 132
-337.1268 -400.2253 4495.0234 50 56 132
-333.9916 -400.7899 4501.3638 51 57 132
-329.9155 -400.2253 4495.0234 53 59 131
-326.7701 -400.7899 4501.3638 52 58 130
-323.1594 -400.7899 4501.3638 53 58 131
-319.5487 -400.7899 4501.3638 54 58 130
-315.9380 -400.7899 4501.3638 59 65 129
-312.3273 -400.7899 4501.3638 66 72 131
-308.7165 -400.7899 4501.3638 58 64 126
-305.1058 -400.7899 4501.3638 52 60 126
-301.4951 -400.7899 4501.3638 53 59 129
-297.8844 -400.7899 4501.3638 53 60 128
-294.2737 -400.7899 4501.3638 52 59 128
-290.6629 -400.7899 4501.3638 51 58 128
-287.0522 -400.7899 4501.3638 50 57 129
-283.8418 -401.3560 4507.7212 50 56 128
-279.8308 -400.7899 4501.3638 51 57 128
-276.6102 -401.3560 4507.7212 51 57 126
-272.6093 -400.7899 4501.3638 52 59 128
-268.6197 -400.2253 4495.0234 54 61 128
-265.0141 -400.2253 4495.0234 59 64 127
-261.0408 -399.6625 4488.7017 62 66 125
-151.7146 -326.9966 3672.5740 248 231 58
-148.5977 -326.6207 3668.3525 248 231 58
-145.9908 -327.3733 3676.8049 248 231 57
-142.8769 -326.9966 3672.5740 248 231 57
-139.7701 -326.6207 3668.3525 248 231 57
329.2798 -265.8186 2985.4695 244 227 53
346.5125 -273.7573 3074.6309 241 223 51
349.6526 -274.2857 3080.5664 236 218 45
352.4638 -274.5508 3083.5427 224 204 36
353.5708 -273.4938 3071.6716 209 185 24
355.3507 -272.9683 3065.7703 199 172 18
359.1900 -274.0212 3077.5957 199 169 19
360.6154 -273.2308 3068.7180 198 168 19
362.7282 -272.9683 3065.7703 198 168 18
365.1873 -272.9683 3065.7703 199 169 17
367.6465 -272.9683 3065.7703 198 169 17
370.1057 -272.9683 3065.7703 198 169 16
372.9231 -273.2308 3068.7180 198 169 17
468.7529 -322.1769 3618.4431 198 169 17
471.1212 -321.8120 3614.3452 198 168 16
472.4154 -320.7224 3602.1069 198 169 16
477.4604 -322.1769 3618.4431 198 168 16
481.4546 -322.9091 3626.6667 198 168 16
484.3636 -322.9091 3626.6667 198 168 15
488.3827 -323.6447 3634.9280 198 169 14
491.2984 -323.6447 3634.9280 199 168 13
494.2142 -323.6447 3634.9280 199 161 9
497.6967 -324.0137 3639.0728 201 150 3
500.6158 -324.0137 3639.0728 205 151 4
504.1096 -324.3836 3643.2268 206 152 4
506.4539 -324.0137 3639.0728 209 154 6
508.7928 -323.6447 3634.9280 209 156 6
513.4629 -324.7543 3647.3906 210 158 7
515.2109 -324.0137 3639.0728 211 160 8
605.2451 -376.3709 4227.1084 213 163 11
611.8776 -378.3755 4249.6230 214 165 12
614.4681 -377.8723 4243.9717 214 167 11
617.8724 -377.8723 4243.9717 216 168 13
617.9895 -375.8731 4221.5171 217 168 14
619.7362 -374.8813 4210.3784 216 169 14
626.4191 -376.8700 4232.7144 216 170 14
-398.7483 -407.8521 4539.7822 67 74 158
-394.5455 -407.2727 4533.3335 81 87 165
-390.9091 -407.2727 4533.3335 78 83 150
-386.7234 -406.6951 4526.9033 67 73 145
-383.0923 -406.6951 4526.9033 66 72 138
-379.4610 -406.6951 4526.9033 57 63 138
-374.7666 -405.5446 4514.0972 54 60 138
-371.1457 -405.5446 4514.0972 52 59 136
-367.5248 -405.5446 4514.0972 52 59 135
-364.4193 -406.1190 4520.4912 53 59 135
-360.2829 -405.5446 4514.0972 54 61 135
-356.1582 -404.9718 4507.7212 55 62 135
-352.0452 -404.4006 4501.3638 55 62 134
-348.4344 -404.4006 4501.3638 56 63 135
-344.8237 -404.4006 4501.3638 58 62 134
-340.7324 -403.8310 4495.0234 59 63 133
-337.1268 -403.8310 4495.0234 58 63 134
-333.9916 -404.4006 4501.3638 57 63 133
-329.9155 -403.8310 4495.0234 57 62 131
-326.7701 -404.4006 4501.3638 54 59 130
-323.1594 -404.4006 4501.3638 53 58 131
-319.5487 -404.4006 4501.3638 55 61 131
-315.9380 -404.4006 4501.3638 60 65 128
-312.3273 -404.4006 4501.3638 70 73 131
-308.7165 -404.4006 4501.3638 60 64 125
-305.1058 -404.4006 4501.3638 55 61 126
-301.0704 -403.8310 4495.0234 52 59 128
-297.8844 -404.4006 4501.3638 53 60 130
-294.2737 -404.4006 4501.3638 52 58 128
-290.6629 -404.4006 4501.3638 49 57 127
-286.6479 -403.8310 4495.0234 49 57 129
-283.8418 -404.9718 4507.7212 49 56 127
-279.8308 -404.4006 4501.3638 50 57 128
-276.6102 -404.9718 4507.7212 52 57 126
-272.6093 -404.4006 4501.3638 52 58 128
-268.6197 -403.8310 4495.0234 52 59 128
-264.6414 -403.2631 4488.7017 57 64 127
-261.0408 -403.2631 4488.7017 66 69 127
-155.0173 -330.7036 3681.0459 248 233 60
-151.8894 -330.3226 3676.8049 248 231 58
-148.5977 -329.5632 3668.3525 248 230 58
-145.9908 -330.3226 3676.8049 248 230 57
-142.7126 -329.5632 3668.3525 248 231 57
344.3780 -276.4899 3077.5957 243 226 52
346.8467 -276.4899 3077.5957 241 224 51
349.6526 -276.7568 3080.5664 236 218 46
352.8047 -277.2921 3086.5249 225 204 35
353.9114 -276.2235 3074.6309 208 184 23
356.0347 -275.9577 3071.6716 200 172 17
359.1900 -276.4899 3077.5957 199 170 17
360.9625 -275.9577 3071.6716 198 169 18
363.0769 -275.6923 3068.7180 198 168 18
365.5385 -275.6923 3068.7180 198 169 17
367.6465 -275.4275 3065.7703 198 169 17
370.4615 -275.6923 3068.7180 198 170 17
372.9231 -275.6923 3068.7180 198 169 16
468.7529 -325.0794 3618.4431 198 169 15
470.5883 -324.3439 3610.2566 198 168 16
472.4154 -323.6118 3602.1069 198 169 16
477.4604 -325.0794 3618.4431 198 169 16
480.9081 -325.4484 3622.5503 197 169 16
484.3636 -325.8182 3626.6667 198 168 15
487.8271 -326.1889 3630.7927 198 168 15
491.2984 -326.5604 3634.9280 199 168 15
494.2142 -326.5604 3634.9280 199 161 10
497.1299 -326.5604 3634.9280 202 150 4
500.6158 -326.9328 3639.0728 205 151 3
504.1096 -327.3059 3643.2268 206 152 3
506.4539 -326.9328 3639.0728 208 154 4
508.7928 -326.5604 3634.9280 209 155 5
512.8767 -327.3059 3643.2268 210 157 7
515.2109 -326.9328 3639.0728 211 160 9
604.4445 -379.2593 4221.5171 213 163 11
611.0639 -381.2766 4243.9717 213 165 11
613.6521 -380.7703 4238.3354 213 166 11
616.2334 -380.2653 4232.7144 214 168 13
617.9895 -379.2593 4221.5171 215 169 14
619.7362 -378.2586 4210.3784 216 169 14
625.5895 -379.7616 4227.1084 216 170 14
-398.7483 -411.4937 4539.7822 68 75 161
-394.5455 -410.9091 4533.3335 78 87 166
-390.3546 -410.3263 4526.9033 67 74 153
-386.7234 -410.3263 4526.9033 55 64 149
-383.0923 -410.3263 4526.9033 52 61 142
-378.9236 -409.7451 4520.4912 52 59 141
-374.2373 -408.5876 4507.7212 53 60 139
-370.6215 -408.5876 4507.7212 53 61 136
-367.0056 -408.5876 4507.7212 51 57 134
-363.9038 -409.1655 4514.0972 52 57 134
-360.2829 -409.1655 4514.0972 53 58 134
-356.1582 -408.5876 4507.7212 53 59 134
-352.0452 -408.0113 4501.3638 52 58 133
-348.4344 -408.0113 4501.3638 53 60 133
-344.8237 -408.0113 4501.3638 55 61 134
-341.2130 -408.0113 4501.3638 56 61 132
-337.1268 -407.4366 4495.0234 56 62 134
-333.9916 -408.0113 4501.3638 57 63 135
-329.9155 -407.4366 4495.0234 60 65 133
-326.7701 -408.0113 4501.3638 56 62 132
-323.1594 -408.0113 4501.3638 53 60 131
-319.5487 -408.0113 4501.3638 55 61 130
-315.9380 -408.0113 4501.3638 60 64 129
-312.3273 -408.0113 4501.3638 71 73 133
-308.7165 -408.0113 4501.3638 61 65 126
-304.6761 -407.4366 4495.0234 57 63 127
-301.0704 -407.4366 4495.0234 52 59 127
-297.8844 -408.0113 4501.3638 54 59 129
-294.2737 -408.0113 4501.3638 53 58 127
-290.6629 -408.0113 4501.3638 51 57 128
-286.6479 -407.4366 4495.0234 50 58 128
-283.8418 -408.5876 4507.7212 51 57 128
-279.8308 -408.0113 4501.3638 50 57 128
-276.6102 -408.5876 4507.7212 51 56 127
-272.6093 -408.0113 4501.3638 53 58 129
-268.6197 -407.4366 4495.0234 53 59 127
-264.6414 -406.8636 4488.7017 56 62 126
-155.0173 -333.6563 3681.0459 248 233 60
-151.8894 -333.2719 3676.8049 248 231 57
-148.7687 -332.8884 3672.5740 247 230 57
-145.9908 -333.2719 3676.8049 248 230 57
-142.7126 -332.5058 3668.3525 248 231 57
344.0463 -278.6898 3074.6309 243 226 52
346.5125 -278.6898 3074.6309 241 224 50
349.3153 -278.9586 3077.5957 235 218 46
352.4638 -279.4976 3083.5427 224 204 35
353.9114 -278.6898 3074.6309 208 184 23
356.0347 -278.4216 3071.6716 200 173 18
359.5367 -279.2278 3080.5664 199 170 17
360.9625 -278.4216 3071.6716 198 169 18
363.0769 -278.1538 3068.7180 198 168 18
365.5385 -278.1538 3068.7180 198 169 17
368.0000 -278.1538 3068.7180 198 169 16
370.4615 -278.1538 3068.7180 198 169 16
372.9231 -278.1538 3068.7180 198 169 16
468.2220 -327.6104 3614.3452 198 168 15
470.5883 -327.2398 3610.2566 198 168 16
472.4154 -326.5012 3602.1069 198 169 16
477.4604 -327.9819 3618.4431 198 169 16
480.9081 -328.3542 3622.5503 198 169 16
484.3636 -328.7273 3626.6667 198 168 15
487.8271 -329.1013 3630.7927 198 168 14
491.2984 -329.4761 3634.9280 199 168 15
494.2142 -329.4761 3634.9280 199 161 11
497.1299 -329.4761 3634.9280 202 150 4
500.6158 -329.8518 3639.0728 204 150 4
504.1096 -330.2283 3643.2268 206 152 4
506.4539 -329.8518 3639.0728 207 153 4
509.3729 -329.8518 3639.0728 209 156 7
512.8767 -330.2283 3643.2268 209 158 8
515.2109 -329.8518 3639.0728 211 160 10
603.6461 -382.1401 4215.9404 212 163 10
610.2523 -384.1700 4238.3354 213 165 11
612.8382 -383.6605 4232.7144 214 166 12
615.4173 -383.1523 4227.1084 216 167 13
617.1731 -382.1401 4215.9404 216 168 14
618.9197 -381.1331 4204.8311 215 169 15
623.9366 -382.1401 4215.9404 216 169 16
626.4908 -381.6359 4210.3784 216 170 15
-398.7483 -415.1352 4539.7822 67 75 162
-394.5455 -414.5455 4533.3335 74 83 165
-390.3546 -413.9575 4526.9033 61 71 155
-386.7234 -413.9575 4526.9033 53 63 151
-383.0923 -413.9575 4526.9033 51 61 144
-378.9236 -413.3711 4520.4912 50 59 140
-374.2373 -412.2034 4507.7212 52 59 138
-370.6215 -412.2034 4507.7212 51 58 136
-367.0056 -412.2034 4507.7212 51 57 135
-363.9038 -412.7864 4514.0972 50 56 134
-360.2829 -412.7864 4514.0972 50 56 132
-356.1582 -412.2034 4507.7212 50 57 132
-352.0452 -411.6220 4501.3638 51 58 132
-348.4344 -411.6220 4501.3638 52 59 132
-344.8237 -411.6220 4501.3638 54 61 133
-341.2130 -411.6220 4501.3638 52 59 131
-337.1268 -411.0423 4495.0234 51 57 131
-333.9916 -411.6220 4501.3638 52 58 131
-329.9155 -411.0423 4495.0234 55 62 133
-326.7701 -411.6220 4501.3638 53 60 132
-323.1594 -411.6220 4501.3638 54 60 133
-319.5487 -411.6220 4501.3638 57 63 132
-315.9380 -411.6220 4501.3638 58 64 129
-312.3273 -411.6220 4501.3638 71 74 135
-308.7165 -411.6220 4501.3638 59 65 126
-305.1058 -411.6220 4501.3638 57 64 130
-301.4951 -411.6220 4501.3638 53 58 128
-297.8844 -411.6220 4501.3638 53 58 129
-294.2737 -411.6220 4501.3638 52 58 129
-290.6629 -411.6220 4501.3638 51 58 128
-286.6479 -411.0423 4495.0234 51 58 128
-283.8418 -412.2034 4507.7212 50 57 128
-279.8308 -411.6220 4501.3638 50 57 127
-276.6102 -412.2034 4507.7212 50 56 126
-272.6093 -411.6220 4501.3638 52 58 128
-268.6197 -411.0423 4495.0234 52 58 126
-264.6414 -410.4642 4488.7017 54 62 126
-155.1963 -336.9977 3685.2964 248 233 60
-152.0646 -336.6090 3681.0459 248 232 57
-148.7687 -335.8343 3672.5740 248 231 57
-146.1592 -336.6090 3681.0459 248 231 58
-142.8769 -335.8343 3672.5740 248 230 57
341.5800 -281.1561 3074.6309 244 227 53
344.3780 -281.4272 3077.5957 243 226 52
346.5125 -281.1561 3074.6309 241 224 50
349.3153 -281.4272 3077.5957 235 218 46
352.4638 -281.9710 3083.5427 224 204 35
353.9114 -281.1561 3074.6309 208 184 23
356.0347 -280.8855 3071.6716 199 173 17
359.5367 -281.6989 3080.5664 199 170 18
360.9625 -280.8855 3071.6716 199 169 18
363.4264 -280.8855 3071.6716 198 168 18
365.8903 -280.8855 3071.6716 198 169 16
368.0000 -280.6154 3068.7180 198 169 16
370.8181 -280.8855 3071.6716 198 169 18
373.2820 -280.8855 3071.6716 198 169 18
467.6924 -330.1358 3610.2566 198 169 16
470.0565 -329.7627 3606.1770 198 169 16
472.4154 -329.3905 3602.1069 199 169 16
477.4604 -330.8844 3618.4431 199 168 16
480.9081 -331.2599 3622.5503 199 168 16
484.3636 -331.6364 3626.6667 199 168 15
487.8271 -332.0137 3630.7927 198 168 15
491.2984 -332.3918 3634.9280 199 168 15
494.2142 -332.3918 3634.9280 199 160 11
497.1299 -332.3918 3634.9280 201 150 4
500.6158 -332.7708 3639.0728 204 150 3
504.1096 -333.1507 3643.2268 206 152 3
506.4539 -332.7708 3639.0728 207 153 4
509.3729 -332.7708 3639.0728 208 156 5
512.8767 -333.1507 3643.2268 209 158 7
515.2109 -332.7708 3639.0728 210 160 9
603.6461 -385.5219 4215.9404 213 164 10
609.4430 -387.0557 4232.7144 214 165 11
612.8382 -387.0557 4232.7144 215 166 12
615.4173 -386.5431 4227.1084 215 166 12
617.1731 -385.5219 4215.9404 215 168 13
618.9197 -384.5060 4204.8311 215 169 14
623.1135 -385.0132 4210.3784 216 169 15
626.4908 -385.0132 4210.3784 216 170 15
624.9214 -381.9896 4177.3125 216 170 15
-398.7483 -418.7767 4539.7822 70 76 163
-394.5455 -418.1819 4533.3335 70 78 164
-390.3546 -417.5887 4526.9033 59 68 156
-386.1757 -416.9972 4520.4912 53 62 150
-383.0923 -417.5887 4526.9033 52 59 144
-378.3876 -416.4074 4514.0972 51 58 141
-374.2373 -415.8192 4507.7212 52 58 139
-370.6215 -415.8192 4507.7212 52 58 136
-367.0056 -415.8192 4507.7212 51 57 135
-363.9038 -416.4074 4514.0972 51 57 134
-360.2829 -416.4074 4514.0972 50 57 133
-356.1582 -415.8192 4507.7212 50 57 132
-352.0452 -415.2328 4501.3638 50 57 132
-348.4344 -415.2328 4501.3638 51 57 132
-344.8237 -415.2328 4501.3638 51 57 131
-341.2130 -415.2328 4501.3638 51 57 131
-337.1268 -414.6479 4495.0234 53 59 133
-333.9916 -415.2328 4501.3638 54 58 132
-330.3809 -415.2328 4501.3638 55 60 133
-326.7701 -415.2328 4501.3638 53 59 131
-323.1594 -415.2328 4501.3638 55 60 133
-319.5487 -415.2328 4501.3638 57 63 131
-315.9380 -415.2328 4501.3638 57 63 130
-312.3273 -415.2328 4501.3638 68 72 135
-308.7165 -415.2328 4501.3638 59 63 127
-305.1058 -415.2328 4501.3638 55 62 129
-301.0704 -414.6479 4495.0234 55 60 130
-297.8844 -415.2328 4501.3638 54 60 131
-294.2737 -415.2328 4501.3638 53 59 130
-290.6629 -415.2328 4501.3638 52 59 129
-286.6479 -414.6479 4495.0234 50 59 128
-283.8418 -415.8192 4507.7212 50 57 129
-280.2260 -415.8192 4507.7212 50 57 127
-276.6102 -415.8192 4507.7212 50 56 127
-272.6093 -415.2328 4501.3638 51 58 128
-268.6197 -414.6479 4495.0234 51 57 126
-264.6414 -414.0647 4488.7017 59 64 127
-155.1963 -339.9538 3685.2964 248 233 59
-152.0646 -339.5617 3681.0459 248 232 57
-148.7687 -338.7802 3672.5740 248 231 57
-146.1592 -339.5617 3681.0459 248 231 57
-142.8769 -338.7802 3672.5740 248 230 57
341.9094 -283.8959 3077.5957 244 227 52
344.3780 -283.8959 3077.5957 243 226 52
346.8467 -283.8959 3077.5957 241 223 50
349.6526 -284.1699 3080.5664 236 218 46
352.4638 -284.4445 3083.5427 224 204 34
354.2527 -283.8959 3077.5957 208 184 22
356.3777 -283.6224 3074.6309 199 172 18
359.5367 -284.1699 3080.5664 198 170 17
361.3102 -283.6224 3074.6309 198 169 17
363.7765 -283.6224 3074.6309 198 168 16
366.2428 -283.6224 3074.6309 198 169 16
368.3542 -283.3494 3071.6716 198 169 17
371.1754 -283.6224 3074.6309 198 169 18
373.6416 -283.6224 3074.6309 198 169 17
467.6924 -333.0317 3610.2566 198 169 15
470.0565 -332.6554 3606.1770 198 169 16
472.4154 -332.2799 3602.1069 198 169 15
477.4604 -333.7869 3618.4431 198 168 15
480.9081 -334.1657 3622.5503 198 168 16
484.3636 -334.5455 3626.6667 199 168 16
487.8271 -334.9261 3630.7927 199 168 15
490.7395 -334.9261 3630.7927 199 167 15
494.2142 -335.3075 3634.9280 200 160 11
497.1299 -335.3075 3634.9280 201 149 3
500.6158 -335.6899 3639.0728 204 150 2
504.1096 -336.0731 3643.2268 206 152 2
506.4539 -335.6899 3639.0728 207 153 4
509.3729 -335.6899 3639.0728 208 156 5
512.8767 -336.0731 3643.2268 209 158 7
515.2109 -335.6899 3639.0728 210 160 9
602.8497 -388.3905 4210.3784 212 163 10
609.4430 -390.4509 4232.7144 214 165 10
612.8382 -390.4509 4232.7144 214 166 11
614.6033 -389.4180 4221.5171 215 166 12
616.3589 -388.3905 4210.3784 215 168 12
618.1053 -387.3684 4199.2983 214 168 12
622.2925 -387.8788 4204.8311 215 169 13
626.4908 -388.3905 4210.3784 216 169 13
624.9214 -385.3403 4177.3125 216 170 14
-398.7483 -422.4183 4539.7822 68 75 163
-394.5455 -421.8182 4533.3335 69 77 163
-390.3546 -421.2199 4526.9033 66 74 156
-386.1757 -420.6233 4520.4912 58 64 147
-383.0923 -421.2199 4526.9033 53 59 143
-378.3876 -420.0283 4514.0972 52 58 141
-374.2373 -419.4350 4507.7212 52 57 137
-370.6215 -419.4350 4507.7212 52 57 134
-367.0056 -419.4350 4507.7212 51 57 133
-363.9038 -420.0283 4514.0972 49 57 132
-359.7740 -419.4350 4507.7212 50 56 132
-355.6559 -418.8435 4501.3638 51 57 132
-352.0452 -418.8435 4501.3638 51 57 132
-348.4344 -418.8435 4501.3638 50 56 132
-344.8237 -418.8435 4501.3638 50 56 131
-341.2130 -418.8435 4501.3638 52 57 131
-337.1268 -418.2535 4495.0234 53 58 132
-333.9916 -418.8435 4501.3638 53 56 131
-330.3809 -418.8435 4501.3638 55 59 133
-326.7701 -418.8435 4501.3638 52 57 131
-323.1594 -418.8435 4501.3638 56 60 133
-319.5487 -418.8435 4501.3638 56 62 130
-315.9380 -418.8435 4501.3638 55 61 129
-312.3273 -418.8435 4501.3638 64 67 132
-308.7165 -418.8435 4501.3638 58 62 128
-305.1058 -418.8435 4501.3638 52 59 128
-301.0704 -418.2535 4495.0234 53 59 129
-297.4648 -418.2535 4495.0234 55 60 129
-294.2737 -418.8435 4501.3638 55 59 129
-290.6629 -418.8435 4501.3638 54 60 129
-286.6479 -418.2535 4495.0234 52 59 129
-283.8418 -419.4350 4507.7212 52 58 128
-279.8308 -418.8435 4501.3638 51 57 127
-276.2201 -418.8435 4501.3638 50 57 127
-272.2254 -418.2535 4495.0234 50 58 127
-268.6197 -418.2535 4495.0234 52 59 124
-264.6414 -417.6653 4488.7017 66 70 131
-157.9700 -342.5144 3681.0459 238 224 88
-155.1963 -342.9099 3685.2964 249 233 60
-152.0646 -342.5144 3681.0459 248 232 57
-148.7687 -341.7262 3672.5740 247 231 57
-146.1592 -342.5144 3681.0459 247 230 56
-142.8769 -341.7262 3672.5740 248 231 57
-139.9310 -341.7262 3672.5740 248 231 57
339.4407 -286.3645 3077.5957 244 227 52
342.2394 -286.6409 3080.5664 244 227 51
344.7104 -286.6409 3080.5664 243 226 52
347.1815 -286.6409 3080.5664 241 223 50
349.6526 -286.6409 3080.5664 235 218 45
352.4638 -286.9179 3083.5427 223 203 33
354.2527 -286.3645 3077.5957 208 183 22
356.7213 -286.3645 3077.5957 198 172 18
359.5367 -286.6409 3080.5664 198 169 18
361.6587 -286.3645 3077.5957 198 169 17
363.7765 -286.0887 3074.6309 198 169 17
366.2428 -286.0887 3074.6309 198 169 18
368.7091 -286.0887 3074.6309 199 169 17
371.1754 -286.0887 3074.6309 198 169 17
373.6416 -286.0887 3074.6309 198 169 17
467.6924 -335.9276 3610.2566 198 168 15
470.0565 -335.5480 3606.1770 197 167 14
472.4154 -335.1693 3602.1069 198 169 14
477.4604 -336.6894 3618.4431 198 169 16
480.9081 -337.0715 3622.5503 198 168 15
484.3636 -337.4546 3626.6667 198 168 15
487.8271 -337.8385 3630.7927 198 168 14
490.7395 -337.8385 3630.7927 199 168 14
494.2142 -338.2233 3634.9280 199 160 10
497.1299 -338.2233 3634.9280 202 148 3
500.6158 -338.6089 3639.0728 205 149 2
504.1096 -338.9955 3643.2268 206 151 2
507.0320 -338.9955 3643.2268 207 153 5
509.3729 -338.6089 3639.0728 208 156 6
513.4629 -339.3829 3647.3906 210 158 7
515.2109 -338.6089 3639.0728 210 159 9
602.8497 -391.7679 4210.3784 213 163 11
607.8307 -392.8043 4221.5171 213 164 11
612.0266 -393.3245 4227.1084 214 166 11
613.7913 -392.2854 4215.9404 214 167 12
615.5468 -391.2517 4204.8311 214 168 12
617.2931 -390.2234 4193.7803 215 168 13
622.2925 -391.2517 4204.8311 216 168 13
625.6654 -391.2517 4204.8311 216 169 14
624.9214 -388.6911 4177.3125 216 169 15
620.9573 -384.1656 4128.6763 215 170 15
-398.7483 -426.0598 4539.7822 68 75 163
-394.5455 -425.4546 4533.3335 83 91 160
-390.3546 -424.8511 4526.9033 107 111 151
-386.1757 -424.2494 4520.4912 74 76 134
-383.0923 -424.8511 4526.9033 56 61 140
-378.3876 -423.6492 4514.0972 51 57 139
-374.2373 -423.0508 4507.7212 51 57 137
-370.6215 -423.0508 4507.7212 50 56 135
-366.4881 -422.4542 4501.3638 49 56 135
-363.9038 -423.6492 4514.0972 50 56 135
-359.2666 -422.4542 4501.3638 49 56 134
-355.6559 -422.4542 4501.3638 50 57 132
-351.5493 -421.8592 4495.0234 50 56 130
-348.4344 -422.4542 4501.3638 49 56 131
-344.3380 -421.8592 4495.0234 50 57 132
-341.2130 -422.4542 4501.3638 52 58 132
-337.1268 -421.8592 4495.0234 52 58 132
-333.9916 -422.4542 4501.3638 53 58 131
-330.3809 -422.4542 4501.3638 56 60 133
-326.7701 -422.4542 4501.3638 53 58 132
-323.1594 -422.4542 4501.3638 54 59 132
-319.5487 -422.4542 4501.3638 55 59 130
-315.9380 -422.4542 4501.3638 54 61 130
-312.3273 -422.4542 4501.3638 62 67 133
-308.7165 -422.4542 4501.3638 54 61 127
-305.1058 -422.4542 4501.3638 51 58 128
-301.0704 -421.8592 4495.0234 51 58 129
-297.8844 -422.4542 4501.3638 52 59 129
-294.2737 -422.4542 4501.3638 52 57 128
-290.6629 -422.4542 4501.3638 52 58 130
-286.6479 -421.8592 4495.0234 52 58 129
-283.4415 -422.4542 4501.3638 53 58 128
-279.8308 -422.4542 4501.3638 53 57 129
-276.2201 -422.4542 4501.3638 50 57 127
-272.2254 -421.8592 4495.0234 51 58 128
-268.6197 -421.8592 4495.0234 53 59 126
-264.6414 -421.2659 4488.7017 56 62 128
-157.9700 -345.4672 3681.0459 238 225 89
-155.0173 -345.4672 3681.0459 248 233 60
-151.8894 -345.0692 3676.8049 248 232 58
-148.7687 -344.6721 3672.5740 248 231 57
-146.1592 -345.4672 3681.0459 248 231 57
-142.8769 -344.6721 3672.5740 248 231 57
-139.9310 -344.6721 3672.5740 248 231 57
339.7684 -289.1120 3080.5664 244 227 52
342.5701 -289.3913 3083.5427 244 227 52
345.0435 -289.3913 3083.5427 243 225 51
347.1815 -289.1120 3080.5664 240 223 50
349.9904 -289.3913 3083.5427 235 218 45
352.4638 -289.3913 3083.5427 223 203 34
354.5946 -289.1120 3080.5664 208 183 22
356.7213 -288.8332 3077.5957 199 172 17
359.5367 -289.1120 3080.5664 198 169 18
361.3102 -288.5549 3074.6309 198 168 18
363.7765 -288.5549 3074.6309 198 168 18
366.5960 -288.8332 3077.5957 198 169 17
368.7091 -288.5549 3074.6309 199 168 18
371.5333 -288.8332 3077.5957 198 169 18
374.0020 -288.8332 3077.5957 198 168 18
467.6924 -338.8236 3610.2566 198 167 15
470.0565 -338.4407 3606.1770 198 168 15
472.4154 -338.0587 3602.1069 198 169 14
477.4604 -339.5919 3618.4431 198 168 15
480.9081 -339.9773 3622.5503 199 168 15
484.3636 -340.3636 3626.6667 199 168 15
487.2728 -340.3636 3626.6667 198 169 14
490.7395 -340.7509 3630.7927 199 168 14
493.6519 -340.7509 3630.7927 198 159 9
497.1299 -341.1390 3634.9280 201 148 2
500.6158 -341.5280 3639.0728 204 149 3
503.5348 -341.5280 3639.0728 205 151 3
506.4539 -341.5280 3639.0728 207 153 5
509.3729 -341.5280 3639.0728 210 155 6
512.8767 -341.9178 3643.2268 210 157 7
515.2109 -341.5280 3639.0728 210 159 8
601.2632 -394.1053 4199.2983 212 163 10
607.0278 -395.6671 4215.9404 213 164 11
611.2170 -396.1905 4221.5171 213 166 11
612.9816 -395.1452 4210.3784 215 167 12
614.7369 -394.1053 4199.2983 216 168 13
617.2931 -393.5874 4193.7803 216 168 14
621.4738 -394.1053 4199.2983 216 168 14
625.6654 -394.6245 4204.8311 215 169 14
624.1047 -391.5294 4171.8521 216 169 15
620.9573 -387.4774 4128.6763 216 170 15
-398.1819 -429.0909 4533.3335 69 77 160
-393.9858 -428.4823 4526.9033 110 115 160
-389.8017 -427.8754 4520.4912 157 157 154
-386.1757 -427.8754 4520.4912 100 97 121
-383.0923 -428.4823 4526.9033 58 61 132
-377.8531 -426.6667 4507.7212 52 57 137
-373.7095 -426.0649 4501.3638 51 57 135
-370.0988 -426.0649 4501.3638 51 57 134
-366.4881 -426.0649 4501.3638 50 56 134
-363.9038 -427.2701 4514.0972 50 56 133
-359.2666 -426.0649 4501.3638 50 56 132
-355.6559 -426.0649 4501.3638 50 57 132
-351.5493 -425.4648 4495.0234 50 56 130
-348.4344 -426.0649 4501.3638 49 55 131
-344.3380 -425.4648 4495.0234 50 56 132
-341.2130 -426.0649 4501.3638 52 58 132
-337.1268 -425.4648 4495.0234 52 58 131
-333.9916 -426.0649 4501.3638 54 58 132
-330.3809 -426.0649 4501.3638 56 60 132
-326.7701 -426.0649 4501.3638 54 58 131
-323.1594 -426.0649 4501.3638 55 61 131
-319.5487 -426.0649 4501.3638 56 61 131
-315.9380 -426.0649 4501.3638 57 62 129
-312.3273 -426.0649 4501.3638 70 71 132
-308.7165 -426.0649 4501.3638 69 71 129
-305.1058 -426.0649 4501.3638 53 58 128
-301.0704 -425.4648 4495.0234 52 59 129
-297.4648 -425.4648 4495.0234 53 59 128
-294.2737 -426.0649 4501.3638 53 57 129
-290.2535 -425.4648 4495.0234 52 57 130
-286.6479 -425.4648 4495.0234 52 57 129
-283.4415 -426.0649 4501.3638 53 57 128
-279.8308 -426.0649 4501.3638 53 58 129
-276.2201 -426.0649 4501.3638 51 58 129
-272.2254 -425.4648 4495.0234 52 59 128
-268.2419 -424.8665 4488.7017 52 59 128
-264.2697 -424.2697 4482.3970 53 60 128
-157.9700 -348.4199 3681.0459 237 225 89
-155.0173 -348.4199 3681.0459 248 233 60
-151.8894 -348.0184 3676.8049 248 232 57
-148.7687 -347.6180 3672.5740 248 232 58
-146.1592 -348.4199 3681.0459 249 232 58
-142.8769 -347.6180 3672.5740 248 231 57
-139.7701 -347.2184 3668.3525 248 231 57
340.0966 -291.8647 3083.5427 245 228 53
342.5701 -291.8647 3083.5427 244 227 52
345.0435 -291.8647 3083.5427 243 226 51
347.5169 -291.8647 3083.5427 240 223 50
349.9904 -291.8647 3083.5427 236 218 45
352.4638 -291.8647 3083.5427 224 203 36
354.5946 -291.5830 3080.5664 207 183 23
356.7213 -291.3018 3077.5957 198 171 18
359.5367 -291.5830 3080.5664 198 169 17
361.3102 -291.0212 3074.6309 198 169 17
364.1273 -291.3018 3077.5957 198 168 16
366.5960 -291.3018 3077.5957 198 169 16
369.0646 -291.3018 3077.5957 199 168 18
371.5333 -291.3018 3077.5957 199 169 19
374.0020 -291.3018 3077.5957 198 169 18
470.0565 -341.3333 3606.1770 197 168 15
472.4154 -340.9481 3602.1069 198 168 15
477.4604 -342.4944 3618.4431 199 168 15
480.9081 -342.8831 3622.5503 199 168 15
484.3636 -343.2728 3626.6667 199 168 14
487.2728 -343.2728 3626.6667 199 168 13
490.7395 -343.6633 3630.7927 198 167 13
493.6519 -343.6633 3630.7927 198 159 9
497.1299 -344.0547 3634.9280 201 147 2
500.6158 -344.4470 3639.0728 204 149 2
503.5348 -344.4470 3639.0728 206 151 3
506.4539 -344.4470 3639.0728 207 153 5
509.3729 -344.4470 3639.0728 209 154 6
512.8767 -344.8402 3643.2268 210 156 7
515.2109 -344.4470 3639.0728 210 159 9
601.2632 -397.4737 4199.2983 212 162 11
606.2270 -398.5225 4210.3784 213 163 11
611.2170 -399.5768 4221.5171 214 165 12
612.9816 -398.5225 4210.3784 214 166 13
614.7369 -397.4737 4199.2983 215 167 13
617.2931 -396.9514 4193.7803 215 168 14
622.2925 -397.9974 4204.8311 216 168 14
625.6654 -397.9974 4204.8311 215 168 14
624.9214 -395.3927 4177.3125 216 169 15
620.9573 -390.7892 4128.6763 216 169 16
-398.1819 -432.7273 4533.3335 73 78 158
-393.9858 -432.1135 4526.9033 131 134 161
-389.8017 -431.5014 4520.4912 183 181 155
-386.1757 -431.5014 4520.4912 134 128 123
-383.0923 -432.1135 4526.9033 63 63 122
-377.8531 -430.2825 4507.7212 53 59 134
-373.7095 -429.6757 4501.3638 51 58 135
-370.0988 -429.6757 4501.3638 51 57 135
-366.4881 -429.6757 4501.3638 50 56 133
-363.9038 -430.8911 4514.0972 50 56 132
-358.7606 -429.0705 4495.0234 49 56 132
-355.6559 -429.6757 4501.3638 50 56 132
-351.5493 -429.0705 4495.0234 50 56 131
-348.4344 -429.6757 4501.3638 49 56 130
-344.3380 -429.0705 4495.0234 50 56 131
-341.2130 -429.6757 4501.3638 51 57 131
-337.6023 -429.6757 4501.3638 52 57 131
-333.9916 -429.6757 4501.3638 52 56 131
-330.3809 -429.6757 4501.3638 54 60 132
-326.7701 -429.6757 4501.3638 53 59 131
-323.1594 -429.6757 4501.3638 56 61 130
-319.5487 -429.6757 4501.3638 57 62 129
-315.9380 -429.6757 4501.3638 57 63 130
-312.3273 -429.6757 4501.3638 65 68 133
-308.7165 -429.6757 4501.3638 65 68 130
-305.1058 -429.6757 4501.3638 55 58 127
-301.0704 -429.0705 4495.0234 53 58 129
-297.4648 -429.0705 4495.0234 53 58 129
-293.8592 -429.0705 4495.0234 52 57 128
-290.2535 -429.0705 4495.0234 51 57 129
-286.6479 -429.0705 4495.0234 50 57 129
-283.4415 -429.6757 4501.3638 52 57 129
-279.8308 -429.6757 4501.3638 51 58 129
-276.2201 -429.6757 4501.3638 52 58 130
-272.2254 -429.0705 4495.0234 52 59 129
-268.2419 -428.4670 4488.7017 53 60 127
-264.2697 -427.8652 4482.3970 55 61 127
-260.6742 -427.8652 4482.3970 54 61 127
-154.8387 -350.9677 3676.8049 248 233 60
-151.7146 -350.5639 3672.5740 248 232 58
-148.5977 -350.1609 3668.3525 249 232 58
-146.1592 -351.3726 3681.0459 249 232 58
-142.8769 -350.5639 3672.5740 248 231 57
339.4407 -293.7705 3077.5957 245 228 53
342.2394 -294.0541 3080.5664 244 227 52
345.0435 -294.3382 3083.5427 243 226 51
347.5169 -294.3382 3083.5427 241 224 50
349.9904 -294.3382 3083.5427 236 218 46
352.1236 -294.0541 3080.5664 224 203 37
354.5946 -294.0541 3080.5664 207 182 22
356.7213 -293.7705 3077.5957 199 171 17
359.8841 -294.3382 3083.5427 198 169 17
361.3102 -293.4875 3074.6309 197 169 18
364.1273 -293.7705 3077.5957 198 168 17
366.5960 -293.7705 3077.5957 198 169 19
369.0646 -293.7705 3077.5957 199 169 19
371.5333 -293.7705 3077.5957 199 169 19
374.0020 -293.7705 3077.5957 198 168 18
470.5883 -344.6154 3610.2566 198 168 15
472.4154 -343.8375 3602.1069 198 168 15
478.0023 -345.7889 3622.5503 198 169 16
481.4546 -346.1818 3626.6667 198 168 15
484.3636 -346.1818 3626.6667 198 168 14
487.8271 -346.5757 3630.7927 199 168 14
490.7395 -346.5757 3630.7927 199 167 15
493.6519 -346.5757 3630.7927 198 159 10
497.1299 -346.9704 3634.9280 201 147 2
500.6158 -347.3661 3639.0728 204 149 2
503.5348 -347.3661 3639.0728 206 151 4
506.4539 -347.3661 3639.0728 207 153 5
509.3729 -347.3661 3639.0728 208 154 6
512.8767 -347.7626 3643.2268 209 156 8
514.6242 -346.9704 3634.9280 210 159 9
600.4731 -400.3154 4193.7803 212 162 11
605.4282 -401.3703 4204.8311 213 163 12
610.4096 -402.4307 4215.9404 214 166 12
612.9816 -401.8998 4210.3784 215 166 13
613.9291 -400.3154 4193.7803 215 167 14
617.2931 -400.3154 4193.7803 215 168 14
622.2925 -401.3703 4204.8311 215 169 13
625.6654 -401.3703 4204.8311 215 168 14
624.1047 -398.2223 4171.8521 215 169 15
620.9573 -394.1009 4128.6763 215 169 16
-398.1819 -436.3636 4533.3335 74 80 157
-393.9858 -435.7447 4526.9033 142 143 161
-389.8017 -435.1275 4520.4912 185 183 151
-386.1757 -435.1275 4520.4912 162 153 133
-383.0923 -435.7447 4526.9033 69 69 112
-377.8531 -433.8983 4507.7212 51 59 132
-373.7095 -433.2863 4501.3638 50 57 134
-370.0988 -433.2863 4501.3638 49 56 134
-367.0056 -433.8983 4507.7212 49 56 133
-363.9038 -434.5121 4514.0972 49 56 133
-359.2666 -433.2863 4501.3638 49 55 133
-355.6559 -433.2863 4501.3638 50 56 133
-352.0452 -433.2863 4501.3638 50 56 132
-348.4344 -433.2863 4501.3638 49 55 130
-344.8237 -433.2863 4501.3638 51 57 131
-341.2130 -433.2863 4501.3638 52 57 131
-337.6023 -433.2863 4501.3638 50 57 131
-333.9916 -433.2863 4501.3638 51 56 131
-330.3809 -433.2863 4501.3638 54 61 132
-326.7701 -433.2863 4501.3638 52 58 130
-323.6158 -433.8983 4507.7212 55 62 132
-320.0000 -433.8983 4507.7212 56 62 130
-315.9380 -433.2863 4501.3638 57 62 130
-312.7684 -433.8983 4507.7212 61 66 133
-308.7165 -433.2863 4501.3638 59 64 130
-305.1058 -433.2863 4501.3638 54 59 129
-301.0704 -432.6761 4495.0234 53 59 130
-297.8844 -433.2863 4501.3638 51 57 128
-294.2737 -433.2863 4501.3638 51 57 128
-290.6629 -433.2863 4501.3638 50 57 128
-286.6479 -432.6761 4495.0234 50 57 128
-283.4415 -433.2863 4501.3638 52 58 130
-279.8308 -433.2863 4501.3638 50 57 128
-276.2201 -433.2863 4501.3638 51 57 129
-272.2254 -432.6761 4495.0234 52 58 128
-268.2419 -432.0675 4488.7017 53 60 128
-264.2697 -431.4607 4482.3970 54 60 127
-261.0408 -432.0675 4488.7017 54 60 127
-154.6606 -353.5098 3672.5740 249 233 61
-151.5402 -353.1035 3668.3525 248 232 58
-148.4271 -352.6981 3664.1409 249 232 58
-145.9908 -353.9171 3676.8049 249 232 58
-142.7126 -353.1035 3668.3525 248 231 57
338.4615 -295.3846 3068.7180 244 227 53
341.9094 -296.2392 3077.5957 244 227 53
344.7104 -296.5251 3080.5664 243 226 51
347.1815 -296.5251 3080.5664 241 224 50
349.6526 -296.5251 3080.5664 236 218 46
352.1236 -296.5251 3080.5664 223 203 35
354.5946 -296.5251 3080.5664 207 182 22
356.7213 -296.2392 3077.5957 200 171 17
359.8841 -296.8116 3083.5427 198 169 16
361.6587 -296.2392 3077.5957 198 169 16
364.4788 -296.5251 3080.5664 198 168 17
366.9499 -296.5251 3080.5664 198 168 18
369.4209 -296.5251 3080.5664 198 168 19
371.8919 -296.5251 3080.5664 199 169 19
374.3630 -296.5251 3080.5664 198 168 18
471.1212 -347.9049 3614.3452 198 167 14
472.4154 -346.7269 3602.1069 197 168 14
478.0023 -348.6947 3622.5503 197 169 15
480.9081 -348.6947 3622.5503 198 169 15
484.3636 -349.0909 3626.6667 198 169 15
487.2728 -349.0909 3626.6667 199 168 15
490.7395 -349.4881 3630.7927 198 167 15
493.6519 -349.4881 3630.7927 197 159 9
496.5643 -349.4881 3630.7927 200 147 2
500.6158 -350.2851 3639.0728 204 148 3
503.5348 -350.2851 3639.0728 206 150 3
506.4539 -350.2851 3639.0728 207 152 5
508.7928 -349.8861 3634.9280 208 154 6
512.8767 -350.6849 3643.2268 209 156 7
514.6242 -349.8861 3634.9280 210 159 8
599.6851 -403.1496 4188.2764 212 162 11
603.8371 -403.6794 4193.7803 213 164 11
610.4096 -405.8125 4215.9404 213 165 11
612.9816 -405.2771 4210.3784 214 166 11
613.9291 -403.6794 4193.7803 214 167 12
617.2931 -403.6794 4193.7803 215 168 13
622.2925 -404.7431 4204.8311 215 168 13
625.6654 -404.7431 4204.8311 215 169 14
624.9214 -402.0943 4177.3125 215 169 14
620.9573 -397.4127 4128.6763 214 169 15
-398.1819 -440.0001 4533.3335 74 79 156
-393.9858 -439.3759 4526.9033 137 139 160
-389.8017 -438.7536 4520.4912 166 165 143
-386.1757 -438.7536 4520.4912 146 141 131
-383.0923 -439.3759 4526.9033 73 75 113
-377.8531 -437.5141 4507.7212 51 57 129
-374.2373 -437.5141 4507.7212 50 57 133
-370.0988 -436.8971 4501.3638 49 56 134
-366.4881 -436.8971 4501.3638 49 55 133
-363.3898 -437.5141 4507.7212 49 55 133
-359.2666 -436.8971 4501.3638 49 55 133
-355.6559 -436.8971 4501.3638 48 55 133
-352.0452 -436.8971 4501.3638 49 55 133
-348.4344 -436.8971 4501.3638 48 56 132
-344.8237 -436.8971 4501.3638 49 56 131
-341.6949 -437.5141 4507.7212 51 57 131
-337.6023 -436.8971 4501.3638 51 57 131
-333.9916 -436.8971 4501.3638 51 56 131
-330.3809 -436.8971 4501.3638 54 59 132
-326.7701 -436.8971 4501.3638 52 58 131
-323.6158 -437.5141 4507.7212 52 59 131
-320.0000 -437.5141 4507.7212 57 62 130
-315.9380 -436.8971 4501.3638 56 62 131
-312.7684 -437.5141 4507.7212 55 61 131
-308.7165 -436.8971 4501.3638 55 59 130
-305.1058 -436.8971 4501.3638 52 59 130
-301.0704 -436.2817 4495.0234 54 60 131
-297.8844 -436.8971 4501.3638 53 59 129
-294.2737 -436.8971 4501.3638 52 57 129
-290.6629 -436.8971 4501.3638 51 57 128
-286.6479 -436.2817 4495.0234 51 57 128
-283.4415 -436.8971 4501.3638 51 57 128
-279.8308 -436.8971 4501.3638 50 56 128
-276.2201 -436.8971 4501.3638 52 56 129
-272.2254 -436.2817 4495.0234 51 56 128
-268.6197 -436.2817 4495.0234 52 58 128
-264.6414 -435.6681 4488.7017 53 59 128
-261.0408 -435.6681 4488.7017 55 61 128
-257.0786 -435.0562 4482.3970 58 62 127
-151.3662 -355.6372 3664.1409 248 232 59
-148.2569 -355.2294 3659.9390 249 232 58
-145.9908 -356.8664 3676.8049 249 232 58
338.4615 -297.8462 3068.7180 244 227 53
342.2394 -298.9962 3080.5664 244 225 53
344.7104 -298.9962 3080.5664 243 226 52
347.5169 -299.2850 3083.5427 241 223 50
349.6526 -298.9962 3080.5664 236 218 46
352.1236 -298.9962 3080.5664 223 202 34
354.5946 -298.9962 3080.5664 207 182 22
356.7213 -298.7078 3077.5957 199 172 17
359.8841 -299.2850 3083.5427 198 170 17
361.6587 -298.7078 3077.5957 198 169 17
364.4788 -298.9962 3080.5664 198 168 16
366.9499 -298.9962 3080.5664 198 168 18
369.4209 -298.9962 3080.5664 197 167 18
372.2512 -299.2850 3083.5427 198 168 18
374.3630 -298.9962 3080.5664 198 169 18
470.5883 -350.4073 3610.2566 197 168 15
472.4154 -349.6163 3602.1069 198 168 15
478.0023 -351.6005 3622.5503 198 168 15
480.9081 -351.6005 3622.5503 198 168 14
484.3636 -352.0000 3626.6667 199 168 13
487.2728 -352.0000 3626.6667 198 168 14
490.1819 -352.0000 3626.6667 200 167 15
493.6519 -352.4005 3630.7927 198 157 10
496.5643 -352.4005 3630.7927 201 147 2
500.0456 -352.8018 3634.9280 203 148 2
502.9613 -352.8018 3634.9280 205 150 4
506.4539 -353.2041 3639.0728 207 152 6
508.7928 -352.8018 3634.9280 208 154 7
512.8767 -353.6073 3643.2268 209 156 7
514.0388 -352.4005 3630.7927 210 158 8
598.1152 -405.4450 4177.3125 212 161 8
603.0446 -406.5092 4188.2764 213 163 10
608.8011 -408.1160 4204.8311 212 165 11
612.1740 -408.1160 4204.8311 213 166 11
613.9291 -407.0434 4193.7803 214 167 12
617.2931 -407.0434 4193.7803 214 168 13
622.2925 -408.1160 4204.8311 214 168 14
625.6654 -408.1160 4204.8311 215 169 14
625.7405 -405.9764 4182.7871 215 169 15
621.7617 -401.2436 4134.0244 215 169 16
-398.1819 -443.6364 4533.3335 77 83 156
-393.9858 -443.0071 4526.9033 145 147 161
-389.8017 -442.3796 4520.4912 154 152 136
-386.1757 -442.3796 4520.4912 132 130 125
-383.0923 -443.0071 4526.9033 80 81 115
-377.8531 -441.1300 4507.7212 54 58 128
-374.2373 -441.1300 4507.7212 51 57 132
-370.0988 -440.5078 4501.3638 49 56 133
-366.4881 -440.5078 4501.3638 48 55 133
-363.3898 -441.1300 4507.7212 48 55 133
-359.2666 -440.5078 4501.3638 49 55 133
-355.6559 -440.5078 4501.3638 48 56 133
-351.5493 -439.8874 4495.0234 48 55 132
-347.9437 -439.8874 4495.0234 49 55 132
-344.3380 -439.8874 4495.0234 50 56 131
-341.2130 -440.5078 4501.3638 52 58 132
-337.1268 -439.8874 4495.0234 52 57 132
-333.9916 -440.5078 4501.3638 51 57 132
-330.3809 -440.5078 4501.3638 53 60 133
-326.7701 -440.5078 4501.3638 54 59 132
-323.1594 -440.5078 4501.3638 54 60 131
-320.0000 -441.1300 4507.7212 56 63 130
-315.9380 -440.5078 4501.3638 54 61 129
-312.3273 -440.5078 4501.3638 51 58 129
-308.7165 -440.5078 4501.3638 51 58 129
-305.1058 -440.5078 4501.3638 51 58 130
-301.0704 -439.8874 4495.0234 51 58 129
-297.8844 -440.5078 4501.3638 51 58 129
-294.2737 -440.5078 4501.3638 51 58 130
-290.6629 -440.5078 4501.3638 50 57 128
-286.6479 -439.8874 4495.0234 50 57 128
-283.4415 -440.5078 4501.3638 51 58 129
-279.8308 -440.5078 4501.3638 51 58 130
-276.2201 -440.5078 4501.3638 51 56 128
-272.2254 -439.8874 4495.0234 51 57 129
-268.2419 -439.2687 4488.7017 52 59 129
-264.6414 -439.2687 4488.7017 55 61 128
-261.0408 -439.2687 4488.7017 56 62 127
-151.1927 -358.1652 3659.9390 249 233 58
-145.8228 -359.4016 3672.5740 248 231 58
338.7873 -300.5967 3071.6716 245 227 53
342.2394 -301.4672 3080.5664 244 227 53
344.7104 -301.4672 3080.5664 243 226 52
347.5169 -301.7585 3083.5427 241 223 50
349.9904 -301.7585 3083.5427 235 218 45
352.4638 -301.7585 3083.5427 223 202 34
354.5946 -301.4672 3080.5664 207 183 21
356.7213 -301.1765 3077.5957 198 172 16
359.8841 -301.7585 3083.5427 198 169 16
362.0078 -301.4672 3080.5664 198 169 16
364.4788 -301.4672 3080.5664 198 169 16
366.9499 -301.4672 3080.5664 198 168 18
369.4209 -301.4672 3080.5664 198 168 19
372.2512 -301.7585 3083.5427 198 168 19
374.7246 -301.7585 3083.5427 198 169 17
470.5883 -353.3032 3610.2566 197 167 15
472.4154 -352.5056 3602.1069 199 168 15
477.4604 -354.1043 3618.4431 199 168 15
480.9081 -354.5063 3622.5503 198 168 13
484.3636 -354.9091 3626.6667 198 168 13
487.2728 -354.9091 3626.6667 198 168 14
490.1819 -354.9091 3626.6667 200 167 15
493.0909 -354.9091 3626.6667 198 157 9
496.0000 -354.9091 3626.6667 200 146 1
499.4767 -355.3129 3630.7927 203 148 2
502.9613 -355.7176 3634.9280 204 150 3
505.8770 -355.7176 3634.9280 206 152 4
508.7928 -355.7176 3634.9280 208 154 5
512.2919 -356.1232 3639.0728 210 156 7
514.0388 -355.3129 3630.7927 210 158 8
594.7645 -408.7958 4177.3125 211 160 8
596.5536 -407.7285 4166.4058 212 161 10
602.2543 -409.3316 4182.7871 213 163 11
607.2010 -410.4074 4193.7803 213 164 11
611.3684 -410.9474 4199.2983 213 165 12
613.1234 -409.8688 4188.2764 213 167 13
616.4829 -409.8688 4188.2764 214 168 13
621.4738 -410.9474 4199.2983 215 168 14
624.8421 -410.9474 4199.2983 215 168 14
625.7405 -409.3316 4182.7871 215 168 14
623.3767 -405.6104 4144.7622 215 169 14
-398.1819 -447.2727 4533.3335 81 86 153
-393.9858 -446.6383 4526.9033 158 159 163
-389.8017 -446.0057 4520.4912 156 155 138
-386.1757 -446.0057 4520.4912 123 122 124
-383.0923 -446.6383 4526.9033 80 82 119
-377.8531 -444.7458 4507.7212 56 61 126
-374.2373 -444.7458 4507.7212 51 57 132
-370.0988 -444.1185 4501.3638 50 56 134
-366.4881 -444.1185 4501.3638 49 55 132
-363.3898 -444.7458 4507.7212 50 54 132
-359.2666 -444.1185 4501.3638 49 54 133
-355.6559 -444.1185 4501.3638 49 55 133
-351.5493 -443.4930 4495.0234 49 55 133
-348.4344 -444.1185 4501.3638 49 55 132
-344.3380 -443.4930 4495.0234 51 57 132
-341.2130 -444.1185 4501.3638 54 60 134
-337.1268 -443.4930 4495.0234 54 59 133
-333.9916 -444.1185 4501.3638 53 59 133
-330.3809 -444.1185 4501.3638 52 58 131
-326.7701 -444.1185 4501.3638 53 58 130
-323.1594 -444.1185 4501.3638 54 61 132
-320.0000 -444.7458 4507.7212 58 64 131
-315.9380 -444.1185 4501.3638 57 63 129
-312.7684 -444.7458 4507.7212 55 60 129
-308.7165 -444.1185 4501.3638 53 59 130
-305.1058 -444.1185 4501.3638 52 58 130
-301.0704 -443.4930 4495.0234 52 58 129
-297.8844 -444.1185 4501.3638 52 58 130
-294.2737 -444.1185 4501.3638 52 57 130
-290.6629 -444.1185 4501.3638 51 57 129
-286.6479 -443.4930 4495.0234 50 57 128
-283.4415 -444.1185 4501.3638 50 57 127
-279.8308 -444.1185 4501.3638 51 58 128
-276.2201 -444.1185 4501.3638 50 56 127
-272.2254 -443.4930 4495.0234 50 57 128
-268.2419 -442.8693 4488.7017 51 58 127
-264.6414 -442.8693 4488.7017 56 61 129
-261.0408 -442.8693 4488.7017 56 62 127
-151.1927 -361.1010 3659.9390 249 233 59
-145.8228 -362.3475 3672.5740 248 230 58
338.7873 -303.0607 3071.6716 245 227 53
342.2394 -303.9382 3080.5664 244 227 53
345.0435 -304.2319 3083.5427 243 226 51
347.5169 -304.2319 3083.5427 241 224 50
349.9904 -304.2319 3083.5427 235 218 45
352.4638 -304.2319 3083.5427 223 203 34
354.5946 -303.9382 3080.5664 207 183 22
356.7213 -303.6451 3077.5957 198 171 17
360.2321 -304.5261 3086.5249 198 169 16
362.3575 -304.2319 3083.5427 198 169 16
364.8309 -304.2319 3083.5427 198 169 16
367.3044 -304.2319 3083.5427 198 168 18
369.7778 -304.2319 3083.5427 197 168 19
372.6112 -304.5261 3086.5249 198 168 19
374.7246 -304.2319 3083.5427 198 168 18
470.5883 -356.1991 3610.2566 197 167 15
472.4154 -355.3951 3602.1069 198 168 15
478.0023 -357.4120 3622.5503 198 168 15
480.9081 -357.4120 3622.5503 198 168 14
484.3636 -357.8182 3626.6667 198 168 13
486.7197 -357.4120 3622.5503 198 168 14
490.1819 -357.8182 3626.6667 200 167 15
493.0909 -357.8182 3626.6667 197 156 7
496.0000 -357.8182 3626.6667 198 146 1
499.4767 -358.2253 3630.7927 202 147 2
502.3891 -358.2253 3630.7927 204 149 2
505.8770 -358.6333 3634.9280 206 151 4
508.7928 -358.6333 3634.9280 208 153 5
512.2919 -359.0422 3639.0728 209 155 6
513.4546 -357.8182 3626.6667 210 157 7
593.9870 -411.6079 4171.8521 211 160 9
595.7758 -410.5346 4160.9736 212 161 10
601.4660 -412.1466 4177.3125 213 162 11
606.4042 -413.2284 4188.2764 213 164 11
610.5651 -413.7714 4193.7803 213 165 13
613.1234 -413.2284 4188.2764 213 166 13
616.4829 -413.2284 4188.2764 214 168 13
620.6570 -413.7714 4193.7803 214 168 13
624.0211 -413.7714 4193.7803 214 168 14
624.9214 -412.1466 4177.3125 214 168 14
624.1873 -409.4669 4150.1519 215 168 14
-398.1819 -450.9091 4533.3335 77 82 157
-393.9858 -450.2695 4526.9033 138 140 162
-389.8017 -449.6318 4520.4912 129 130 132
-386.1757 -449.6318 4520.4912 94 96 122
-383.0923 -450.2695 4526.9033 66 68 123
-377.8531 -448.3616 4507.7212 56 61 131
-374.2373 -448.3616 4507.7212 51 57 133
-370.6215 -448.3616 4507.7212 48 55 134
-366.4881 -447.7292 4501.3638 48 55 133
-363.3898 -448.3616 4507.7212 49 54 134
-359.2666 -447.7292 4501.3638 50 54 134
-356.1582 -448.3616 4507.7212 49 55 132
-352.0452 -447.7292 4501.3638 49 55 132
-348.4344 -447.7292 4501.3638 49 55 132
-344.3380 -447.0986 4495.0234 50 56 132
-341.6949 -448.3616 4507.7212 52 58 133
-337.6023 -447.7292 4501.3638 51 57 131
-333.9916 -447.7292 4501.3638 51 57 132
-330.3809 -447.7292 4501.3638 52 58 131
-327.2317 -448.3616 4507.7212 52 59 131
-323.6158 -448.3616 4507.7212 53 61 132
-320.0000 -448.3616 4507.7212 57 63 131
-315.9380 -447.7292 4501.3638 62 66 131
-312.7684 -448.3616 4507.7212 57 62 129
-308.7165 -447.7292 4501.3638 55 61 131
-305.1058 -447.7292 4501.3638 53 59 130
-301.0704 -447.0986 4495.0234 55 59 128
-297.8844 -447.7292 4501.3638 55 59 129
-294.2737 -447.7292 4501.3638 52 57 129
-290.6629 -447.7292 4501.3638 54 58 130
-286.6479 -447.0986 4495.0234 54 59 130
-283.4415 -447.7292 4501.3638 53 59 130
-279.8308 -447.7292 4501.3638 53 58 129
-276.2201 -447.7292 4501.3638 51 56 128
-272.2254 -447.0986 4495.0234 49 56 127
-268.2419 -446.4698 4488.7017 49 56 128
-264.6414 -446.4698 4488.7017 52 59 127
-261.0408 -446.4698 4488.7017 55 61 127
-151.1927 -364.0367 3659.9390 248 231 58
-145.8228 -365.2935 3672.5740 248 231 58
338.7873 -305.5246 3071.6716 244 227 53
341.9094 -306.1138 3077.5957 244 227 53
344.7104 -306.4093 3080.5664 243 226 52
347.5169 -306.7054 3083.5427 241 223 50
349.9904 -306.7054 3083.5427 235 217 46
352.4638 -306.7054 3083.5427 223 202 33
354.5946 -306.4093 3080.5664 207 182 21
356.7213 -306.1138 3077.5957 199 171 17
360.2321 -307.0020 3086.5249 198 169 16
362.3575 -306.7054 3083.5427 198 169 16
364.8309 -306.7054 3083.5427 198 169 16
367.6596 -307.0020 3086.5249 198 168 17
369.7778 -306.7054 3083.5427 197 168 18
372.6112 -307.0020 3086.5249 198 168 18
375.0871 -307.0020 3086.5249 198 168 18
471.1212 -359.5017 3614.3452 197 167 14
472.4154 -358.2844 3602.1069 198 168 14
478.0023 -360.3179 3622.5503 198 168 14
481.4546 -360.7273 3626.6667 198 168 13
484.3636 -360.7273 3626.6667 199 168 15
486.7197 -360.3179 3622.5503 199 168 15
490.1819 -360.7273 3626.6667 199 168 14
493.0909 -360.7273 3626.6667 197 157 8
496.0000 -360.7273 3626.6667 199 146 1
499.4767 -361.1377 3630.7927 202 147 2
502.3891 -361.1377 3630.7927 204 149 2
505.8770 -361.5490 3634.9280 206 151 4
508.7928 -361.5490 3634.9280 208 153 6
512.2919 -361.9613 3639.0728 209 155 7
512.8718 -360.3179 3622.5503 210 157 7
593.2115 -414.4126 4166.4058 210 159 8
594.2263 -412.7959 4150.1519 212 161 10
600.6798 -414.9543 4171.8521 213 162 11
606.4042 -416.5880 4188.2764 213 164 11
610.5651 -417.1354 4193.7803 213 165 11
613.1234 -416.5880 4188.2764 213 167 12
616.4829 -416.5880 4188.2764 213 167 12
620.6570 -417.1354 4193.7803 214 168 12
624.0211 -417.1354 4193.7803 214 168 14
624.9214 -415.4974 4177.3125 214 168 15
624.1873 -412.7959 4150.1519 215 168 15
-397.6170 -453.9008 4526.9033 73 80 160
-393.9858 -453.9008 4526.9033 105 110 155
-389.8017 -453.2578 4520.4912 102 107 135
-386.1757 -453.2578 4520.4912 71 76 126
-382.5496 -453.2578 4520.4912 55 60 130
-377.8531 -451.9774 4507.7212 53 58 133
-374.2373 -451.9774 4507.7212 50 56 133
-370.6215 -451.9774 4507.7212 49 55 133
-366.4881 -451.3400 4501.3638 48 55 132
-363.3898 -451.9774 4507.7212 48 55 133
-359.2666 -451.3400 4501.3638 49 55 134
-356.1582 -451.9774 4507.7212 49 56 132
-352.0452 -451.3400 4501.3638 48 56 131
-348.4344 -451.3400 4501.3638 49 55 131
-344.3380 -450.7043 4495.0234 50 56 131
-341.2130 -451.3400 4501.3638 51 57 131
-337.6023 -451.3400 4501.3638 50 56 130
-333.9916 -451.3400 4501.3638 50 56 130
-330.3809 -451.3400 4501.3638 54 60 132
-327.2317 -451.9774 4507.7212 54 60 132
-323.6158 -451.9774 4507.7212 55 60 130
-320.0000 -451.9774 4507.7212 57 63 129
-315.9380 -451.3400 4501.3638 63 68 131
-312.7684 -451.9774 4507.7212 58 64 128
-308.7165 -451.3400 4501.3638 56 62 129
-305.1058 -451.3400 4501.3638 55 60 130
-301.4951 -451.3400 4501.3638 59 63 129
-297.8844 -451.3400 4501.3638 55 60 126
-294.2737 -451.3400 4501.3638 51 58 127
-290.6629 -451.3400 4501.3638 51 57 129
-286.6479 -450.7043 4495.0234 52 59 128
-283.4415 -451.3400 4501.3638 53 59 128
-279.8308 -451.3400 4501.3638 54 59 129
-276.2201 -451.3400 4501.3638 51 58 128
-272.2254 -450.7043 4495.0234 53 59 129
-268.2419 -450.0703 4488.7017 54 61 127
-264.6414 -450.0703 4488.7017 52 59 126
-261.0408 -450.0703 4488.7017 53 61 126
-257.0786 -449.4382 4482.3970 52 59 126
-151.1927 -366.9725 3659.9390 248 231 58
-145.8228 -368.2394 3672.5740 249 231 58
338.7873 -307.9885 3071.6716 244 227 53
341.9094 -308.5825 3077.5957 244 226 52
344.7104 -308.8803 3080.5664 243 226 52
347.5169 -309.1788 3083.5427 241 224 50
349.9904 -309.1788 3083.5427 235 216 45
352.4638 -309.1788 3083.5427 222 202 32
354.9372 -309.1788 3083.5427 206 182 20
357.0657 -308.8803 3080.5664 199 171 17
360.2321 -309.4778 3086.5249 198 169 17
362.3575 -309.1788 3083.5427 198 168 17
364.8309 -309.1788 3083.5427 198 168 16
367.6596 -309.4778 3086.5249 198 168 17
369.7778 -309.1788 3083.5427 198 168 18
372.6112 -309.4778 3086.5249 198 168 18
375.0871 -309.4778 3086.5249 198 168 18
471.1212 -362.4009 3614.3452 197 167 14
472.9492 -361.5819 3606.1770 198 168 14
478.0023 -363.2236 3622.5503 198 168 15
481.4546 -363.6364 3626.6667 198 169 15
484.3636 -363.6364 3626.6667 199 168 15
486.7197 -363.2236 3622.5503 198 168 15
489.6255 -363.2236 3622.5503 199 168 14
493.0909 -363.6364 3626.6667 197 157 8
495.4370 -363.2236 3622.5503 199 145 1
498.9091 -363.6364 3626.6667 202 147 1
502.3891 -364.0501 3630.7927 204 149 2
505.3015 -364.0501 3630.7927 205 151 3
508.2139 -364.0501 3630.7927 207 153 4
511.7085 -364.4647 3634.9280 209 155 5
512.2903 -362.8118 3618.4431 209 157 7
591.6667 -416.6667 4155.5557 210 159 8
592.6849 -415.0454 4139.3862 212 161 10
599.1135 -417.2100 4160.9736 213 162 11
604.8168 -418.8482 4177.3125 213 164 10
609.7638 -419.9475 4188.2764 213 165 11
612.3198 -419.3971 4182.7871 213 167 12
616.4829 -419.9475 4188.2764 213 167 11
619.8425 -419.9475 4188.2764 214 168 12
624.0211 -420.4994 4193.7803 214 167 13
624.9214 -418.8482 4177.3125 214 167 15
625.0001 -416.6667 4155.5557 215 168 16
-397.6170 -457.5320 4526.9033 70 78 162
-393.9858 -457.5320 4526.9033 76 83 154
-389.8017 -456.8839 4520.4912 67 73 139
-386.1757 -456.8839 4520.4912 55 61 136
-382.5496 -456.8839 4520.4912 53 59 137
-377.8531 -455.5932 4507.7212 53 59 136
-374.2373 -455.5932 4507.7212 51 57 134
-370.0988 -454.9507 4501.3638 49 55 133
-366.4881 -454.9507 4501.3638 49 55 132
-362.8773 -454.9507 4501.3638 49 55 132
-359.2666 -454.9507 4501.3638 49 55 133
-356.1582 -455.5932 4507.7212 48 55 132
-351.5493 -454.3098 4495.0234 48 56 132
-348.4344 -454.9507 4501.3638 49 56 131
-344.3380 -454.3098 4495.0234 52 58 131
-341.2130 -454.9507 4501.3638 52 59 129
-337.6023 -454.9507 4501.3638 51 58 129
-333.9916 -454.9507 4501.3638 52 58 131
-330.3809 -454.9507 4501.3638 54 61 131
-327.2317 -455.5932 4507.7212 53 60 130
-323.1594 -454.9507 4501.3638 58 64 131
-320.0000 -455.5932 4507.7212 65 69 132
-315.9380 -454.9507 4501.3638 67 71 132
-312.7684 -455.5932 4507.7212 60 65 128
-308.7165 -454.9507 4501.3638 60 65 130
-305.1058 -454.9507 4501.3638 57 62 129
-301.4951 -454.9507 4501.3638 59 65 129
-297.8844 -454.9507 4501.3638 57 62 128
-294.2737 -454.9507 4501.3638 57 62 129
-290.6629 -454.9507 4501.3638 54 59 129
-286.6479 -454.3098 4495.0234 54 59 129
-283.4415 -454.9507 4501.3638 59 64 129
-279.8308 -454.9507 4501.3638 58 63 129
-276.2201 -454.9507 4501.3638 54 60 127
-272.2254 -454.3098 4495.0234 55 59 127
-268.6197 -454.3098 4495.0234 68 71 129
-264.6414 -453.6710 4488.7017 66 68 126
-261.4084 -454.3098 4495.0234 59 63 125
-257.4402 -453.6710 4488.7017 57 63 126
-151.0195 -369.4846 3655.7466 247 232 58
-145.8228 -371.1853 3672.5740 248 232 58
338.7873 -310.4524 3071.6716 244 227 52
341.9094 -311.0511 3077.5957 244 227 51
344.7104 -311.3514 3080.5664 243 226 51
347.8530 -311.9536 3086.5249 241 224 49
349.9904 -311.6522 3083.5427 235 216 44
352.4638 -311.6522 3083.5427 222 201 32
354.9372 -311.6522 3083.5427 206 182 20
357.0657 -311.3514 3080.5664 198 171 17
360.2321 -311.9536 3086.5249 198 169 18
362.3575 -311.6522 3083.5427 198 168 18
364.8309 -311.6522 3083.5427 198 168 17
367.6596 -311.9536 3086.5249 198 168 17
369.7778 -311.6522 3083.5427 198 168 18
372.6112 -311.9536 3086.5249 198 168 17
375.0871 -311.9536 3086.5249 198 168 18
471.1212 -365.3001 3614.3452 197 168 14
472.4154 -364.0632 3602.1069 198 168 14
478.0023 -366.1294 3622.5503 198 169 15
481.4546 -366.5455 3626.6667 198 168 15
484.3636 -366.5455 3626.6667 200 168 15
486.7197 -366.1294 3622.5503 198 168 14
489.6255 -366.1294 3622.5503 199 168 15
492.5312 -366.1294 3622.5503 197 156 7
495.4370 -366.1294 3622.5503 199 145 1
498.9091 -366.5455 3626.6667 203 147 1
501.8182 -366.5455 3626.6667 203 148 1
505.3015 -366.9625 3630.7927 205 151 3
508.2139 -366.9625 3630.7927 207 153 5
511.7085 -367.3804 3634.9280 208 155 6
512.2903 -365.7143 3618.4431 209 157 7
590.1299 -418.9091 4144.7622 210 159 8
591.9172 -417.8239 4134.0244 212 161 10
597.5553 -419.4539 4150.1519 212 162 11
604.0262 -421.6471 4171.8521 212 163 10
609.7638 -423.3071 4188.2764 212 165 11
612.3198 -422.7523 4182.7871 212 166 12
616.4829 -423.3071 4188.2764 214 166 13
619.8425 -423.3071 4188.2764 214 167 14
624.0211 -423.8634 4193.7803 214 167 14
624.9214 -422.1990 4177.3125 215 167 15
625.8149 -420.5476 4160.9736 215 168 16
-397.0538 -460.5099 4520.4912 66 73 164
-393.9858 -461.1632 4526.9033 59 67 158
-389.8017 -460.5099 4520.4912 53 60 149
-386.1757 -460.5099 4520.4912 52 58 142
-382.5496 -460.5099 4520.4912 52 59 139
-377.8531 -459.2090 4507.7212 52 58 138
-374.2373 -459.2090 4507.7212 50 56 137
-370.0988 -458.5614 4501.3638 50 56 136
-366.4881 -458.5614 4501.3638 50 55 133
-362.8773 -458.5614 4501.3638 50 54 131
-359.2666 -458.5614 4501.3638 50 56 132
-356.1582 -459.2090 4507.7212 52 58 133
-351.5493 -457.9155 4495.0234 51 58 131
-348.4344 -458.5614 4501.3638 52 59 131
-344.3380 -457.9155 4495.0234 58 63 131
-341.2130 -458.5614 4501.3638 60 65 130
-337.6023 -458.5614 4501.3638 58 61 130
-333.9916 -458.5614 4501.3638 61 66 132
-330.3809 -458.5614 4501.3638 62 68 133
-326.7701 -458.5614 4501.3638 60 66 129
-323.1594 -458.5614 4501.3638 65 71 130
-320.0000 -459.2090 4507.7212 69 72 130
-315.9380 -458.5614 4501.3638 70 73 131
-312.7684 -459.2090 4507.7212 72 76 133
-309.1525 -459.2090 4507.7212 75 79 135
-305.5367 -459.2090 4507.7212 64 69 129
-301.4951 -458.5614 4501.3638 63 69 130
-297.8844 -458.5614 4501.3638 69 74 132
-294.2737 -458.5614 4501.3638 68 72 131
-291.0735 -459.2090 4507.7212 61 66 130
-287.0522 -458.5614 4501.3638 60 65 129
-283.4415 -458.5614 4501.3638 74 76 134
-279.8308 -458.5614 4501.3638 74 77 130
-276.2201 -458.5614 4501.3638 61 66 127
-272.6093 -458.5614 4501.3638 56 61 127
-268.6197 -457.9155 4495.0234 58 61 126
-264.6414 -457.2715 4488.7017 61 64 126
-261.4084 -457.9155 4495.0234 65 67 126
-257.4402 -457.2715 4488.7017 64 68 127
-150.8467 -371.9909 3651.5637 248 232 59
-148.0871 -372.4170 3655.7466 248 232 58
-145.8228 -374.1312 3672.5740 248 231 57
338.4615 -312.6154 3068.7180 244 227 53
341.9094 -313.5198 3077.5957 244 227 52
344.7104 -313.8224 3080.5664 243 226 52
347.8530 -314.4294 3086.5249 241 223 50
349.9904 -314.1256 3083.5427 234 216 44
352.4638 -314.1256 3083.5427 222 201 33
354.5946 -313.8224 3080.5664 206 182 21
357.0657 -313.8224 3080.5664 198 170 17
360.2321 -314.4294 3086.5249 198 168 17
362.7079 -314.4294 3086.5249 198 168 18
365.1838 -314.4294 3086.5249 198 168 17
367.6596 -314.4294 3086.5249 198 168 17
369.7778 -314.1256 3083.5427 198 168 18
372.6112 -314.4294 3086.5249 198 168 17
375.0871 -314.4294 3086.5249 197 167 17
470.5883 -367.7828 3610.2566 197 168 14
472.4154 -366.9526 3602.1069 198 169 15
478.0023 -369.0352 3622.5503 198 168 16
481.4546 -369.4546 3626.6667 198 168 15
484.3636 -369.4546 3626.6667 199 168 15
486.7197 -369.0352 3622.5503 199 168 15
489.6255 -369.0352 3622.5503 200 168 15
492.5312 -369.0352 3622.5503 197 156 7
495.4370 -369.0352 3622.5503 200 145 1
498.3428 -369.0352 3622.5503 203 146 2
501.2486 -369.0352 3622.5503 204 148 2
504.7273 -369.4546 3626.6667 205 151 3
508.2139 -369.8749 3630.7927 208 154 5
511.7085 -370.2961 3634.9280 208 155 6
512.2903 -368.6168 3618.4431 209 157 6
589.3645 -421.6862 4139.3862 210 159 8
591.1514 -420.5951 4128.6763 212 161 11
596.0052 -421.6862 4139.3862 212 162 11
601.6667 -423.3333 4155.5557 212 163 11
608.9646 -426.1075 4182.7871 213 164 12
612.3198 -426.1075 4182.7871 212 166 12
615.6750 -426.1075 4182.7871 214 166 13
619.0302 -426.1075 4182.7871 215 166 14
623.2021 -426.6667 4188.2764 214 167 14
624.9214 -425.5498 4177.3125 214 167 15
626.6319 -424.4387 4166.4058 214 168 15
-397.6170 -464.7944 4526.9033 65 73 165
-393.9858 -464.7944 4526.9033 56 65 157
-389.8017 -464.1360 4520.4912 52 60 150
-386.7234 -464.7944 4526.9033 51 57 144
-382.5496 -464.1360 4520.4912 52 58 140
-377.8531 -462.8249 4507.7212 51 56 138
-374.7666 -463.4795 4514.0972 50 56 137
-370.6215 -462.8249 4507.7212 50 56 134
-366.4881 -462.1721 4501.3638 50 56 132
-362.8773 -462.1721 4501.3638 49 55 131
-359.2666 -462.1721 4501.3638 50 56 132
-356.1582 -462.8249 4507.7212 54 59 132
-351.5493 -461.5211 4495.0234 55 61 131
-348.4344 -462.1721 4501.3638 55 61 130
-344.3380 -461.5211 4495.0234 56 61 129
-341.2130 -462.1721 4501.3638 58 63 130
-337.6023 -462.1721 4501.3638 53 59 129
-334.4633 -462.8249 4507.7212 54 61 131
-330.8475 -462.8249 4507.7212 53 59 130
-327.2317 -462.8249 4507.7212 55 59 129
-323.6158 -462.8249 4507.7212 59 64 131
-320.0000 -462.8249 4507.7212 59 64 129
-316.3842 -462.8249 4507.7212 59 66 130
-312.7684 -462.8249 4507.7212 62 68 131
-309.1525 -462.8249 4507.7212 61 66 129
-305.5367 -462.8249 4507.7212 56 61 129
-301.4951 -462.1721 4501.3638 53 60 129
-297.8844 -462.1721 4501.3638 56 61 128
-294.2737 -462.1721 4501.3638 61 64 129
-291.0735 -462.8249 4507.7212 57 60 128
-287.0522 -462.1721 4501.3638 54 59 128
-283.4415 -462.1721 4501.3638 59 63 129
-279.8308 -462.1721 4501.3638 60 63 129
-276.2201 -462.1721 4501.3638 56 60 129
-272.2254 -461.5211 4495.0234 56 60 127
-268.6197 -461.5211 4495.0234 60 64 127
-264.6414 -460.8721 4488.7017 58 62 124
-261.4084 -461.5211 4495.0234 60 65 125
-150.8467 -374.9199 3651.5637 248 232 58
-148.0871 -375.3494 3655.7466 248 232 58
-145.8228 -377.0771 3672.5740 248 231 57
341.2513 -315.3802 3071.6716 244 227 52
344.7104 -316.2935 3080.5664 243 226 51
347.5169 -316.5991 3083.5427 241 223 50
350.3289 -316.9052 3086.5249 234 216 45
352.4638 -316.5991 3083.5427 222 201 33
354.5946 -316.2935 3080.5664 206 182 21
357.0657 -316.2935 3080.5664 198 171 17
360.2321 -316.9052 3086.5249 197 168 17
362.7079 -316.9052 3086.5249 198 167 17
365.1838 -316.9052 3086.5249 198 168 17
367.6596 -316.9052 3086.5249 198 168 17
370.1354 -316.9052 3086.5249 198 168 18
372.6112 -316.9052 3086.5249 198 168 17
375.4502 -317.2120 3089.5129 197 167 16
470.5883 -370.6788 3610.2566 198 168 15
472.4154 -369.8420 3602.1069 198 168 15
478.0023 -371.9410 3622.5503 198 167 15
481.4546 -372.3636 3626.6667 199 168 15
484.3636 -372.3636 3626.6667 199 168 14
486.7197 -371.9410 3622.5503 199 168 15
489.6255 -371.9410 3622.5503 199 168 15
492.5312 -371.9410 3622.5503 197 155 7
495.4370 -371.9410 3622.5503 200 145 1
498.3428 -371.9410 3622.5503 203 147 2
501.2486 -371.9410 3622.5503 204 148 2
504.7273 -372.3636 3626.6667 205 151 3
508.2139 -372.7873 3630.7927 207 153 4
511.7085 -373.2119 3634.9280 209 154 5
512.2903 -371.5193 3618.4431 209 156 6
588.6011 -424.4560 4134.0244 209 158 7
590.3877 -423.3592 4123.3423 211 161 10
595.2332 -424.4560 4134.0244 212 162 10
600.1039 -425.5585 4144.7622 213 163 11
608.1676 -428.9005 4177.3125 214 164 12
611.5183 -428.9005 4177.3125 212 166 12
615.6750 -429.4626 4182.7871 213 166 13
619.0302 -429.4626 4182.7871 213 166 13
623.2021 -430.0262 4188.2764 213 167 13
625.7405 -429.4626 4182.7871 214 168 14
627.4510 -428.3399 4171.8521 214 168 15
-397.6170 -468.4255 4526.9033 62 71 164
-393.9858 -468.4255 4526.9033 55 64 157
-389.8017 -467.7621 4520.4912 53 60 151
-386.7234 -468.4255 4526.9033 51 56 144
-382.5496 -467.7621 4520.4912 51 56 141
-378.3876 -467.1005 4514.0972 52 56 138
-375.2975 -467.7621 4520.4912 52 57 137
-370.6215 -466.4407 4507.7212 52 58 134
-366.4881 -465.7829 4501.3638 52 57 131
-362.8773 -465.7829 4501.3638 50 56 131
-359.2666 -465.7829 4501.3638 49 55 131
-356.1582 -466.4407 4507.7212 49 55 131
-351.5493 -465.1267 4495.0234 49 55 130
-347.9437 -465.1267 4495.0234 49 55 131
-344.3380 -465.1267 4495.0234 49 55 130
-341.2130 -465.7829 4501.3638 52 58 131
-337.6023 -465.7829 4501.3638 48 54 128
-334.4633 -466.4407 4507.7212 48 55 130
-330.8475 -466.4407 4507.7212 48 54 129
-327.2317 -466.4407 4507.7212 50 56 129
-323.6158 -466.4407 4507.7212 54 58 131
-320.0000 -466.4407 4507.7212 53 58 130
-316.3842 -466.4407 4507.7212 52 58 130
-312.7684 -466.4407 4507.7212 51 58 129
-309.1525 -466.4407 4507.7212 52 58 130
-305.5367 -466.4407 4507.7212 52 58 130
-301.4951 -465.7829 4501.3638 52 57 130
-297.8844 -465.7829 4501.3638 53 58 130
-294.2737 -465.7829 4501.3638 54 58 130
-291.0735 -466.4407 4507.7212 50 55 128
-287.0522 -465.7829 4501.3638 50 55 128
-283.4415 -465.7829 4501.3638 53 57 128
-279.8308 -465.7829 4501.3638 53 58 129
-276.2201 -465.7829 4501.3638 51 57 129
-272.2254 -465.1267 4495.0234 55 60 129
-268.2419 -464.4726 4488.7017 56 61 128
-264.6414 -464.4726 4488.7017 54 60 126
-261.0408 -464.4726 4488.7017 51 59 126
-153.7757 -377.8490 3651.5637 248 233 61
-151.0195 -378.2818 3655.7466 248 232 58
-148.0871 -378.2818 3655.7466 248 232 58
-145.8228 -380.0230 3672.5740 249 231 58
341.2513 -317.8441 3071.6716 244 227 52
344.7104 -318.7645 3080.5664 243 226 51
347.8530 -319.3811 3086.5249 241 223 50
350.3289 -319.3811 3086.5249 235 216 46
352.4638 -319.0725 3083.5427 222 201 34
354.5946 -318.7645 3080.5664 206 181 20
357.0657 -318.7645 3080.5664 198 171 17
360.5809 -319.6902 3089.5129 198 169 17
363.0591 -319.6902 3089.5129 197 167 17
365.5373 -319.6902 3089.5129 198 168 17
368.0155 -319.6902 3089.5129 198 168 17
370.1354 -319.3811 3086.5249 198 168 18
372.9720 -319.6902 3089.5129 198 168 18
375.4502 -319.6902 3089.5129 198 168 19
471.1212 -373.9978 3614.3452 197 168 15
472.4154 -372.7314 3602.1069 197 168 15
478.0023 -374.8468 3622.5503 198 167 15
481.4546 -375.2727 3626.6667 198 168 15
484.3636 -375.2727 3626.6667 198 168 14
487.2728 -375.2727 3626.6667 199 168 14
489.6255 -374.8468 3622.5503 199 168 14
492.5312 -374.8468 3622.5503 197 155 6
495.4370 -374.8468 3622.5503 200 145 1
498.3428 -374.8468 3622.5503 203 146 2
501.2486 -374.8468 3622.5503 204 148 3
504.7273 -375.2727 3626.6667 205 150 3
508.2139 -375.6997 3630.7927 206 152 4
511.7085 -376.1276 3634.9280 207 153 5
512.2903 -374.4218 3618.4431 208 156 6
587.8397 -427.2187 4128.6763 208 158 6
590.3877 -426.6667 4123.3423 210 159 7
595.2332 -427.7720 4134.0244 212 161 10
599.3256 -428.3269 4139.3862 213 163 11
608.1676 -432.2513 4177.3125 214 164 13
611.5183 -432.2513 4177.3125 214 165 14
615.6750 -432.8178 4182.7871 213 165 14
619.0302 -432.8178 4182.7871 214 165 14
623.2021 -433.3858 4188.2764 215 166 14
626.5617 -433.3858 4188.2764 214 167 14
628.2723 -432.2513 4177.3125 214 168 16
-397.6170 -472.0568 4526.9033 61 71 164
-393.9858 -472.0568 4526.9033 55 62 158
-389.8017 -471.3882 4520.4912 52 60 151
-386.7234 -472.0568 4526.9033 49 56 146
-382.5496 -471.3882 4520.4912 49 56 141
-378.3876 -470.7214 4514.0972 51 56 138
-375.2975 -471.3882 4520.4912 51 56 136
-370.6215 -470.0565 4507.7212 51 57 135
-366.4881 -469.3936 4501.3638 50 56 132
-362.8773 -469.3936 4501.3638 50 56 131
-359.2666 -469.3936 4501.3638 51 56 132
-356.1582 -470.0565 4507.7212 51 56 132
-351.5493 -468.7324 4495.0234 51 56 131
-347.9437 -468.7324 4495.0234 49 55 131
-344.3380 -468.7324 4495.0234 50 56 132
-341.2130 -469.3936 4501.3638 51 56 132
-337.6023 -469.3936 4501.3638 50 55 131
-334.4633 -470.0565 4507.7212 48 55 131
-330.3809 -469.3936 4501.3638 49 55 130
-327.2317 -470.0565 4507.7212 51 56 130
-323.6158 -470.0565 4507.7212 52 58 131
-320.0000 -470.0565 4507.7212 52 59 131
-316.3842 -470.0565 4507.7212 53 57 130
-312.7684 -470.0565 4507.7212 53 58 130
-309.1525 -470.0565 4507.7212 54 58 131
-305.5367 -470.0565 4507.7212 54 58 131
-301.4951 -469.3936 4501.3638 54 58 131
-297.8844 -469.3936 4501.3638 53 57 128
-294.2737 -469.3936 4501.3638 54 59 129
-290.6629 -469.3936 4501.3638 55 60 130
-287.0522 -469.3936 4501.3638 52 56 129
-283.4415 -469.3936 4501.3638 52 56 129
-279.8308 -469.3936 4501.3638 53 57 130
-276.2201 -469.3936 4501.3638 51 57 129
-272.2254 -468.7324 4495.0234 52 59 130
-268.2419 -468.0732 4488.7017 54 59 129
-264.6414 -468.0732 4488.7017 54 60 129
-261.0408 -468.0732 4488.7017 51 58 126
-151.1927 -381.6514 3659.9390 249 232 58
-148.2569 -381.6514 3659.9390 249 231 58
-145.9908 -383.4102 3676.8049 249 231 58
340.9231 -320.0000 3068.7180 244 227 53
344.7104 -321.2355 3080.5664 243 226 52
347.5169 -321.5459 3083.5427 241 223 50
350.3289 -321.8569 3086.5249 234 216 45
352.1236 -321.2355 3080.5664 222 201 34
354.5946 -321.2355 3080.5664 205 182 21
357.4106 -321.5459 3083.5427 198 170 17
360.5809 -322.1685 3089.5129 198 168 17
363.0591 -322.1685 3089.5129 198 168 18
365.5373 -322.1685 3089.5129 198 168 17
368.0155 -322.1685 3089.5129 198 168 18
370.1354 -321.8569 3086.5249 198 168 18
372.9720 -322.1685 3089.5129 198 168 18
375.4502 -322.1685 3089.5129 198 168 19
471.1212 -376.8970 3614.3452 197 168 15
472.4154 -375.6208 3602.1069 197 168 15
478.0023 -377.7526 3622.5503 198 168 14
481.4546 -378.1819 3626.6667 198 168 13
484.3636 -378.1819 3626.6667 198 168 14
487.2728 -378.1819 3626.6667 199 168 14
489.6255 -377.7526 3622.5503 199 167 14
492.5312 -377.7526 3622.5503 196 155 6
494.8753 -377.3243 3618.4431 200 144 1
497.7778 -377.3243 3618.4431 203 146 1
501.2486 -377.7526 3622.5503 204 148 2
504.7273 -378.1819 3626.6667 205 150 3
508.2139 -378.6121 3630.7927 206 152 3
512.2919 -379.4755 3639.0728 207 154 4
512.2903 -377.3243 3618.4431 208 155 6
587.8397 -430.5305 4128.6763 208 158 7
590.3877 -429.9742 4123.3423 210 159 8
595.2332 -431.0881 4134.0244 211 161 10
600.1039 -432.2078 4144.7622 212 162 11
608.9646 -436.1730 4182.7871 213 164 12
612.3198 -436.1730 4182.7871 213 165 13
616.4829 -436.7454 4188.2764 213 166 13
619.0302 -436.1730 4182.7871 214 166 14
624.0211 -437.3193 4193.7803 215 166 14
626.5617 -436.7454 4188.2764 215 167 13
-397.6170 -475.6880 4526.9033 61 69 164
-393.9858 -475.6880 4526.9033 55 61 157
-390.3546 -475.6880 4526.9033 52 59 150
-387.2728 -476.3637 4533.3335 49 56 146
-382.5496 -475.0142 4520.4912 49 56 142
-378.3876 -474.3423 4514.0972 50 56 139
-375.8298 -475.6880 4526.9033 50 55 136
-370.6215 -473.6723 4507.7212 50 56 135
-366.4881 -473.0043 4501.3638 48 55 133
-362.8773 -473.0043 4501.3638 49 55 133
-359.2666 -473.0043 4501.3638 49 56 133
-356.1582 -473.6723 4507.7212 50 56 133
-352.0452 -473.0043 4501.3638 50 56 132
-348.4344 -473.0043 4501.3638 49 55 132
-344.3380 -472.3380 4495.0234 50 56 133
-341.2130 -473.0043 4501.3638 51 56 132
-337.6023 -473.0043 4501.3638 51 56 131
-334.4633 -473.6723 4507.7212 49 56 130
-330.3809 -473.0043 4501.3638 50 56 131
-327.2317 -473.6723 4507.7212 55 61 134
-323.6158 -473.6723 4507.7212 55 62 133
-320.0000 -473.6723 4507.7212 54 61 132
-316.3842 -473.6723 4507.7212 55 59 129
-312.7684 -473.6723 4507.7212 56 60 130
-308.7165 -473.0043 4501.3638 57 61 132
-305.1058 -473.0043 4501.3638 58 63 132
-301.4951 -473.0043 4501.3638 58 63 131
-297.8844 -473.0043 4501.3638 56 61 129
-294.2737 -473.0043 4501.3638 57 62 132
-290.6629 -473.0043 4501.3638 55 59 129
-287.0522 -473.0043 4501.3638 57 60 131
-283.4415 -473.0043 4501.3638 54 59 130
-279.8308 -473.0043 4501.3638 52 60 129
-276.2201 -473.0043 4501.3638 51 60 128
-272.2254 -472.3380 4495.0234 52 60 129
-268.2419 -471.6738 4488.7017 53 59 128
-264.6414 -471.6738 4488.7017 56 62 130
-151.3662 -385.0287 3664.1409 249 231 59
-146.1592 -386.8051 3681.0459 248 231 58
340.5956 -322.1518 3065.7703 243 226 53
344.7104 -323.7066 3080.5664 242 225 51
347.5169 -324.0193 3083.5427 240 223 49
350.3289 -324.3327 3086.5249 235 216 45
352.1236 -323.7066 3080.5664 221 200 32
354.5946 -323.7066 3080.5664 205 181 21
357.4106 -324.0193 3083.5427 198 170 16
360.5809 -324.6467 3089.5129 198 168 17
363.0591 -324.6467 3089.5129 198 168 18
365.5373 -324.6467 3089.5129 197 168 17
368.0155 -324.6467 3089.5129 197 167 17
370.4937 -324.6467 3089.5129 197 168 16
372.9720 -324.6467 3089.5129 198 168 17
375.4502 -324.6467 3089.5129 198 168 18
470.5883 -379.3665 3610.2566 198 168 15
472.4154 -378.5102 3602.1069 198 168 15
478.0023 -380.6584 3622.5503 199 168 14
481.4546 -381.0909 3626.6667 198 168 13
484.3636 -381.0909 3626.6667 198 168 15
487.2728 -381.0909 3626.6667 199 168 15
489.6255 -380.6584 3622.5503 199 167 14
492.5312 -380.6584 3622.5503 196 154 5
494.8753 -380.2268 3618.4431 200 144 1
497.7778 -380.2268 3618.4431 203 146 1
500.6803 -380.2268 3618.4431 204 148 2
504.1544 -380.6584 3622.5503 206 150 4
508.2139 -381.5245 3630.7927 206 152 4
512.2919 -382.3946 3639.0728 207 154 4
512.2903 -380.2268 3618.4431 208 155 6
587.8397 -433.8422 4128.6763 209 158 7
590.3877 -433.2817 4123.3423 210 159 9
594.4631 -433.8422 4128.6763 211 161 10
600.1039 -435.5325 4144.7622 212 162 11
609.7638 -440.1050 4188.2764 213 163 12
613.1234 -440.1050 4188.2764 212 165 12
616.4829 -440.1050 4188.2764 213 165 11
619.0302 -439.5282 4182.7871 213 166 12
624.0211 -440.6833 4193.7803 213 167 12
628.2106 -441.2632 4199.2983 214 167 14
-397.6170 -479.3192 4526.9033 60 69 163
-393.9858 -479.3192 4526.9033 54 61 156
-390.3546 -479.3192 4526.9033 52 59 149
-387.2728 -480.0000 4533.3335 48 55 144
-382.5496 -478.6402 4520.4912 48 56 140
-378.3876 -477.9632 4514.0972 50 56 138
-375.8298 -479.3192 4526.9033 54 59 137
-371.1457 -477.9632 4514.0972 54 59 134
-366.4881 -476.6150 4501.3638 50 56 131
-362.8773 -476.6150 4501.3638 50 55 133
-359.7740 -477.2881 4507.7212 49 55 134
-356.1582 -477.2881 4507.7212 49 55 133
-352.0452 -476.6150 4501.3638 48 55 131
-348.4344 -476.6150 4501.3638 49 56 132
-344.8237 -476.6150 4501.3638 51 57 133
-341.2130 -476.6150 4501.3638 51 57 131
-337.6023 -476.6150 4501.3638 50 56 131
-334.4633 -477.2881 4507.7212 50 57 131
-330.3809 -476.6150 4501.3638 51 58 132
-327.2317 -477.2881 4507.7212 53 58 132
-323.6158 -477.2881 4507.7212 56 61 133
-320.0000 -477.2881 4507.7212 55 61 132
-316.3842 -477.2881 4507.7212 56 61 131
-312.7684 -477.2881 4507.7212 58 62 131
-308.7165 -476.6150 4501.3638 59 63 131
-305.1058 -476.6150 4501.3638 59 64 131
-301.4951 -476.6150 4501.3638 59 65 131
-297.8844 -476.6150 4501.3638 57 63 131
-294.2737 -476.6150 4501.3638 57 61 132
-290.6629 -476.6150 4501.3638 59 63 132
-287.0522 -476.6150 4501.3638 63 68 133
-283.4415 -476.6150 4501.3638 56 63 129
-279.8308 -476.6150 4501.3638 55 62 129
-276.2201 -476.6150 4501.3638 55 62 131
-272.2254 -475.9437 4495.0234 53 59 129
-268.2419 -475.2743 4488.7017 55 61 129
-264.6414 -475.2743 4488.7017 55 60 129
-146.1592 -389.7578 3681.0459 248 231 57
339.9425 -323.9885 3059.8914 243 226 52
344.0463 -325.5492 3074.6309 242 225 51
347.5169 -326.4928 3083.5427 240 223 50
350.3289 -326.8085 3086.5249 235 216 46
352.4638 -326.4928 3083.5427 221 201 33
354.5946 -326.1776 3080.5664 205 181 21
357.4106 -326.4928 3083.5427 198 170 16
360.9303 -327.4419 3092.5066 198 168 17
363.0591 -327.1249 3089.5129 198 168 17
365.5373 -327.1249 3089.5129 197 168 16
368.0155 -327.1249 3089.5129 197 168 15
370.4937 -327.1249 3089.5129 197 168 16
372.9720 -327.1249 3089.5129 198 168 17
375.4502 -327.1249 3089.5129 197 168 17
470.5883 -382.2625 3610.2566 197 168 15
472.4154 -381.3996 3602.1069 198 168 15
478.0023 -383.5641 3622.5503 199 169 14
481.4546 -384.0000 3626.6667 198 168 14
484.3636 -384.0000 3626.6667 199 168 15
487.2728 -384.0000 3626.6667 199 168 15
489.6255 -383.5641 3622.5503 200 167 15
492.5312 -383.5641 3622.5503 197 154 6
494.8753 -383.1293 3618.4431 200 144 1
497.7778 -383.1293 3618.4431 202 146 1
500.6803 -383.1293 3618.4431 204 148 2
504.1544 -383.5641 3622.5503 205 150 3
508.2139 -384.4369 3630.7927 206 152 4
512.2919 -385.3136 3639.0728 207 153 5
512.2903 -383.1293 3618.4431 208 155 7
587.8397 -437.1540 4128.6763 209 157 7
590.3877 -436.5892 4123.3423 209 159 8
594.4631 -437.1540 4128.6763 211 161 10
599.3256 -438.2880 4139.3862 212 162 11
608.9646 -442.8833 4182.7871 213 163 12
613.1234 -443.4646 4188.2764 212 165 13
616.4829 -443.4646 4188.2764 213 166 12
619.0302 -442.8833 4182.7871 214 166 13
624.0211 -444.0473 4193.7803 214 167 14
628.2106 -444.6316 4199.2983 213 167 13
-397.6170 -482.9504 4526.9033 61 68 164
-393.9858 -482.9504 4526.9033 55 61 156
-390.3546 -482.9504 4526.9033 51 58 149
-387.2728 -483.6364 4533.3335 49 56 145
-382.5496 -482.2663 4520.4912 49 56 140
-378.3876 -481.5842 4514.0972 50 56 137
-376.3637 -483.6364 4533.3335 52 58 136
-371.1457 -481.5842 4514.0972 51 57 133
-366.4881 -480.2257 4501.3638 51 57 132
-362.8773 -480.2257 4501.3638 49 56 133
-359.7740 -480.9040 4507.7212 48 55 132
-356.1582 -480.9040 4507.7212 49 55 132
-352.0452 -480.2257 4501.3638 49 55 131
-348.4344 -480.2257 4501.3638 50 56 133
-344.8237 -480.2257 4501.3638 50 56 132
-341.2130 -480.2257 4501.3638 50 56 131
-337.6023 -480.2257 4501.3638 50 57 132
-334.4633 -480.9040 4507.7212 50 58 133
-330.3809 -480.2257 4501.3638 50 57 133
-327.2317 -480.9040 4507.7212 50 57 132
-323.6158 -480.9040 4507.7212 52 59 132
-320.0000 -480.9040 4507.7212 55 60 132
-316.3842 -480.9040 4507.7212 54 60 131
-312.7684 -480.9040 4507.7212 57 61 132
-308.7165 -480.2257 4501.3638 60 63 132
-305.1058 -480.2257 4501.3638 58 63 131
-301.0704 -479.5493 4495.0234 58 63 133
-297.8844 -480.2257 4501.3638 54 60 132
-294.2737 -480.2257 4501.3638 56 62 133
-290.6629 -480.2257 4501.3638 57 61 132
-287.0522 -480.2257 4501.3638 61 64 132
-283.4415 -480.2257 4501.3638 57 61 130
-279.4366 -479.5493 4495.0234 56 61 131
-276.2201 -480.2257 4501.3638 56 60 131
-272.2254 -479.5493 4495.0234 54 58 129
-268.6197 -479.5493 4495.0234 56 61 130
-264.6414 -478.8749 4488.7017 56 61 129
339.2919 -325.8182 3054.0352 244 226 53
343.0548 -327.0702 3065.7703 243 225 52
346.8467 -328.3317 3077.5957 240 223 50
349.9904 -328.9662 3083.5427 235 216 46
352.4638 -328.9662 3083.5427 222 200 34
354.5946 -328.6487 3080.5664 205 181 20
357.7563 -329.2844 3086.5249 197 169 17
360.9303 -329.9225 3092.5066 198 168 18
363.4109 -329.9225 3092.5066 198 168 18
365.8915 -329.9225 3092.5066 197 168 17
368.3721 -329.9225 3092.5066 197 168 17
370.4937 -329.6031 3089.5129 197 167 17
373.3334 -329.9225 3092.5066 197 168 17
375.8140 -329.9225 3092.5066 197 168 16
470.0565 -384.7232 3606.1770 198 168 15
472.4154 -384.2890 3602.1069 198 168 16
477.4604 -386.0318 3618.4431 199 169 15
480.9081 -386.4699 3622.5503 198 168 14
483.8139 -386.4699 3622.5503 199 168 13
486.7197 -386.4699 3622.5503 198 169 14
489.0703 -386.0318 3618.4431 199 168 13
491.9728 -386.0318 3618.4431 196 153 5
494.8753 -386.0318 3618.4431 199 144 1
497.2141 -385.5946 3614.3452 202 146 1
500.6803 -386.0318 3618.4431 204 148 1
504.1544 -386.4699 3622.5503 205 149 2
508.2139 -387.3493 3630.7927 206 151 4
512.2919 -388.2326 3639.0728 206 153 5
512.8718 -386.4699 3622.5503 208 155 5
587.8397 -440.4657 4128.6763 209 157 7
589.6258 -439.3291 4118.0215 210 159 8
594.4631 -440.4657 4128.6763 212 161 10
599.3256 -441.6083 4139.3862 212 162 11
608.9646 -446.2385 4182.7871 213 163 12
613.1234 -446.8242 4188.2764 212 165 12
616.4829 -446.8242 4188.2764 213 167 12
618.2199 -445.6545 4177.3125 213 166 13
621.5707 -445.6545 4177.3125 213 167 14
-397.6170 -486.5816 4526.9033 60 67 162
-393.9858 -486.5816 4526.9033 54 60 155
-389.8017 -485.8924 4520.4912 50 58 148
-387.2728 -487.2728 4533.3335 48 55 143
-382.5496 -485.8924 4520.4912 49 56 139
-378.3876 -485.2051 4514.0972 50 56 137
-376.3637 -487.2728 4533.3335 52 58 136
-371.1457 -485.2051 4514.0972 51 57 134
-366.4881 -483.8365 4501.3638 50 55 133
-362.8773 -483.8365 4501.3638 49 55 133
-359.7740 -484.5198 4507.7212 49 55 132
-356.1582 -484.5198 4507.7212 49 55 131
-352.0452 -483.8365 4501.3638 49 55 131
-348.4344 -483.8365 4501.3638 50 56 133
-344.8237 -483.8365 4501.3638 49 55 132
-341.2130 -483.8365 4501.3638 50 56 131
-337.1268 -483.1549 4495.0234 54 59 133
-334.4633 -484.5198 4507.7212 53 58 133
-330.3809 -483.8365 4501.3638 51 57 133
-327.2317 -484.5198 4507.7212 50 56 131
-323.1594 -483.8365 4501.3638 50 56 130
-319.5487 -483.8365 4501.3638 52 57 131
-315.9380 -483.8365 4501.3638 54 59 131
-312.3273 -483.8365 4501.3638 57 61 132
-308.7165 -483.8365 4501.3638 56 60 130
-305.1058 -483.8365 4501.3638 54 59 131
-301.0704 -483.1549 4495.0234 54 59 133
-297.4648 -483.1549 4495.0234 53 57 132
-294.2737 -483.8365 4501.3638 52 59 131
-290.6629 -483.8365 4501.3638 51 56 129
-286.6479 -483.1549 4495.0234 55 59 130
-283.4415 -483.8365 4501.3638 56 60 131
-279.4366 -483.1549 4495.0234 55 59 131
-276.2201 -483.8365 4501.3638 54 58 130
-272.2254 -483.1549 4495.0234 51 56 128
-268.6197 -483.1549 4495.0234 52 59 129
-264.6414 -482.4754 4488.7017 53 59 129
339.6169 -328.5824 3056.9604 244 226 53
343.7151 -330.1636 3071.6716 243 225 52
346.8467 -330.8004 3077.5957 241 222 50
349.9904 -331.4396 3083.5427 235 216 46
352.4638 -331.4396 3083.5427 221 200 35
354.5946 -331.1197 3080.5664 204 180 21
357.7563 -331.7602 3086.5249 197 169 17
360.9303 -332.4031 3092.5066 198 168 18
363.4109 -332.4031 3092.5066 198 168 18
365.8915 -332.4031 3092.5066 197 168 16
368.3721 -332.4031 3092.5066 197 168 16
370.4937 -332.0813 3089.5129 197 168 17
373.3334 -332.4031 3092.5066 197 167 17
375.8140 -332.4031 3092.5066 197 167 17
468.9966 -386.7419 3598.0459 198 168 15
471.8828 -386.7419 3598.0459 198 168 15
476.9196 -388.4938 3614.3452 198 169 16
480.3628 -388.9343 3618.4431 198 168 15
483.2653 -388.9343 3618.4431 198 167 14
486.1679 -388.9343 3618.4431 198 168 14
488.5165 -388.4938 3614.3452 199 167 14
491.4156 -388.4938 3614.3452 195 153 5
494.3149 -388.4938 3614.3452 199 144 0
497.2141 -388.4938 3614.3452 202 146 1
500.1133 -388.4938 3614.3452 203 147 1
504.1544 -389.3758 3622.5503 205 149 2
508.2139 -390.2617 3630.7927 207 152 4
512.2919 -391.1517 3639.0728 208 154 4
512.8718 -389.3758 3622.5503 209 156 5
587.8397 -443.7775 4128.6763 210 158 7
590.3877 -443.2042 4123.3423 211 160 9
594.4631 -443.7775 4128.6763 212 162 11
599.3256 -444.9287 4139.3862 212 162 12
609.7638 -450.1837 4188.2764 213 163 12
613.1234 -450.1837 4188.2764 213 164 12
616.4829 -450.1837 4188.2764 213 166 13
618.2199 -449.0052 4177.3125 213 166 13
620.7582 -448.4183 4171.8521 213 166 14
-397.6170 -490.2128 4526.9033 58 67 162
-393.9858 -490.2128 4526.9033 53 60 153
-389.8017 -489.5185 4520.4912 49 57 148
-386.7234 -490.2128 4526.9033 46 55 143
-382.0085 -488.8260 4514.0972 47 55 139
-378.3876 -488.8260 4514.0972 48 55 137
-376.3637 -490.9091 4533.3335 49 56 136
-371.1457 -488.8260 4514.0972 49 55 135
-365.9718 -486.7606 4495.0234 49 54 135
-362.3662 -486.7606 4495.0234 48 53 133
-359.2666 -487.4472 4501.3638 48 54 133
-355.6559 -487.4472 4501.3638 49 54 133
-351.5493 -486.7606 4495.0234 49 54 132
-347.9437 -486.7606 4495.0234 48 54 133
-344.3380 -486.7606 4495.0234 48 55 132
-340.7324 -486.7606 4495.0234 53 57 134
-337.1268 -486.7606 4495.0234 58 63 135
-333.9916 -487.4472 4501.3638 51 57 132
-330.3809 -487.4472 4501.3638 51 57 133
-327.2317 -488.1356 4507.7212 50 54 131
-323.1594 -487.4472 4501.3638 52 57 133
-319.5487 -487.4472 4501.3638 55 60 133
-315.9380 -487.4472 4501.3638 51 57 129
-312.3273 -487.4472 4501.3638 61 67 132
-308.7165 -487.4472 4501.3638 65 69 131
-305.1058 -487.4472 4501.3638 52 56 128
-301.0704 -486.7606 4495.0234 53 57 132
-297.4648 -486.7606 4495.0234 53 57 131
-293.8592 -486.7606 4495.0234 51 55 130
-290.6629 -487.4472 4501.3638 49 54 128
-286.6479 -486.7606 4495.0234 53 57 129
-283.0423 -486.7606 4495.0234 54 58 130
-279.4366 -486.7606 4495.0234 52 57 130
-275.8310 -486.7606 4495.0234 49 55 129
-272.2254 -486.7606 4495.0234 50 56 129
-268.2419 -486.0760 4488.7017 51 56 130
-160.3678 -397.2414 3668.3525 89 86 102
339.9425 -331.3519 3059.8914 244 226 53
344.0463 -332.9480 3074.6309 242 225 51
347.1815 -333.5908 3080.5664 240 223 51
349.9904 -333.9131 3083.5427 234 216 46
352.4638 -333.9131 3083.5427 220 199 33
354.9372 -333.9131 3083.5427 205 180 21
357.7563 -334.2360 3086.5249 198 169 18
360.9303 -334.8837 3092.5066 198 168 18
363.4109 -334.8837 3092.5066 197 167 17
365.8915 -334.8837 3092.5066 197 166 16
368.3721 -334.8837 3092.5066 197 167 16
370.8528 -334.8837 3092.5066 197 167 16
373.3334 -334.8837 3092.5066 197 167 17
375.8140 -334.8837 3092.5066 197 167 17
467.9416 -388.7514 3589.9514 198 168 15
471.3514 -389.1892 3593.9941 199 168 15
476.3801 -390.9503 3610.2566 199 168 16
479.8188 -391.3930 3614.3452 199 168 16
483.2653 -391.8368 3618.4431 199 167 15
486.1679 -391.8368 3618.4431 199 168 15
488.5165 -391.3930 3614.3452 199 167 14
491.4156 -391.3930 3614.3452 196 153 5
493.7557 -390.9503 3610.2566 199 143 0
497.2141 -391.3930 3614.3452 202 145 1
500.1133 -391.3930 3614.3452 203 148 2
504.1544 -392.2815 3622.5503 204 149 2
508.7928 -393.6219 3634.9280 206 152 4
512.2919 -394.0707 3639.0728 208 154 5
512.8718 -392.2815 3622.5503 209 156 6
589.3645 -448.2491 4139.3862 209 158 7
590.3877 -446.5117 4123.3423 211 160 9
595.2332 -447.6685 4134.0244 211 161 10
600.1039 -448.8312 4144.7622 211 162 11
609.7638 -453.5433 4188.2764 212 163 12
613.1234 -453.5433 4188.2764 213 164 12
616.4829 -453.5433 4188.2764 213 165 13
618.2199 -452.3560 4177.3125 213 166 14
620.7582 -451.7647 4171.8521 214 166 14
-397.6170 -493.8440 4526.9033 57 66 161
-393.4278 -493.1445 4520.4912 53 60 155
-389.8017 -493.1445 4520.4912 50 58 148
-386.7234 -493.8440 4526.9033 47 55 141
-382.0085 -492.4470 4514.0972 49 55 138
-378.3876 -492.4470 4514.0972 50 55 136
-376.8990 -495.2490 4539.7822 50 56 134
-371.1457 -492.4470 4514.0972 50 56 134
-365.9718 -490.3662 4495.0234 49 54 133
-362.3662 -490.3662 4495.0234 47 53 133
-359.2666 -491.0579 4501.3638 47 53 134
-355.6559 -491.0579 4501.3638 48 54 134
-351.5493 -490.3662 4495.0234 48 54 132
-347.9437 -490.3662 4495.0234 48 54 132
-344.3380 -490.3662 4495.0234 48 54 132
-340.7324 -490.3662 4495.0234 51 56 133
-337.1268 -490.3662 4495.0234 54 59 134
-333.9916 -491.0579 4501.3638 49 55 132
-330.3809 -491.0579 4501.3638 50 57 133
-327.2317 -491.7514 4507.7212 50 56 131
-323.1594 -491.0579 4501.3638 52 58 132
-319.5487 -491.0579 4501.3638 54 59 131
-315.9380 -491.0579 4501.3638 50 56 130
-312.3273 -491.0579 4501.3638 53 59 130
-308.7165 -491.0579 4501.3638 57 64 132
-304.6761 -490.3662 4495.0234 51 56 128
-301.0704 -490.3662 4495.0234 49 55 130
-297.4648 -490.3662 4495.0234 49 55 131
-293.8592 -490.3662 4495.0234 48 53 131
-290.2535 -490.3662 4495.0234 47 53 130
-286.6479 -490.3662 4495.0234 49 54 130
-283.0423 -490.3662 4495.0234 49 55 129
-279.0436 -489.6766 4488.7017 49 55 129
-275.8310 -490.3662 4495.0234 47 54 129
-272.2254 -490.3662 4495.0234 48 54 129
-174.0800 -397.8972 3647.3906 55 60 124
-160.3678 -400.1839 3668.3525 88 84 102
339.9425 -333.8063 3059.8914 244 225 53
344.3780 -335.7377 3077.5957 242 225 51
347.1815 -336.0618 3080.5664 240 222 50
349.9904 -336.3865 3083.5427 234 215 46
352.4638 -336.3865 3083.5427 221 200 33
354.9372 -336.3865 3083.5427 205 181 21
357.7563 -336.7118 3086.5249 197 169 17
360.9303 -337.3644 3092.5066 196 166 17
363.4109 -337.3644 3092.5066 196 166 16
365.8915 -337.3644 3092.5066 196 166 15
368.3721 -337.3644 3092.5066 196 166 14
370.8528 -337.3644 3092.5066 196 166 16
373.3334 -337.3644 3092.5066 197 167 17
376.1785 -337.6916 3095.5061 197 168 17
468.4685 -392.0721 3593.9941 198 167 15
471.3514 -392.0721 3593.9941 198 167 15
476.3801 -393.8462 3610.2566 199 168 14
479.8188 -394.2922 3614.3452 199 168 15
483.2653 -394.7393 3618.4431 199 168 15
486.1679 -394.7393 3618.4431 198 168 15
488.5165 -394.2922 3614.3452 199 166 15
491.4156 -394.2922 3614.3452 196 152 5
494.3149 -394.2922 3614.3452 199 143 0
497.2141 -394.2922 3614.3452 202 145 1
500.1133 -394.2922 3614.3452 203 148 1
504.7273 -395.6364 3626.6667 204 149 1
508.7928 -396.5376 3634.9280 206 151 3
512.8767 -397.4429 3643.2268 208 153 5
513.4546 -395.6364 3626.6667 208 155 7
590.1299 -452.1559 4144.7622 209 158 7
591.1514 -450.4011 4128.6763 211 159 9
596.0052 -451.5694 4139.3862 211 161 10
600.1039 -452.1559 4144.7622 212 162 11
610.5651 -457.5033 4193.7803 213 163 12
613.9291 -457.5033 4193.7803 213 164 12
616.4829 -456.9029 4188.2764 213 165 12
618.2199 -455.7068 4177.3125 213 166 12
619.1396 -453.9244 4160.9736 213 166 13
-397.0538 -496.7706 4520.4912 60 66 160
-393.4278 -496.7706 4520.4912 57 64 153
-389.8017 -496.7706 4520.4912 49 58 145
-386.7234 -497.4752 4526.9033 47 55 142
-382.0085 -496.0679 4514.0972 50 56 138
-378.3876 -496.0679 4514.0972 50 55 136
-376.8990 -498.8905 4539.7822 50 55 135
-371.1457 -496.0679 4514.0972 50 56 134
-365.9718 -493.9718 4495.0234 49 55 133
-362.8773 -494.6686 4501.3638 48 53 133
-359.7740 -495.3672 4507.7212 47 53 133
-355.6559 -494.6686 4501.3638 47 53 133
-351.5493 -493.9718 4495.0234 47 52 133
-347.9437 -493.9718 4495.0234 48 53 134
-344.3380 -493.9718 4495.0234 48 53 133
-340.7324 -493.9718 4495.0234 47 54 132
-337.1268 -493.9718 4495.0234 46 53 132
-333.9916 -494.6686 4501.3638 46 53 131
-330.3809 -494.6686 4501.3638 48 55 133
-327.2317 -495.3672 4507.7212 50 56 133
-323.1594 -494.6686 4501.3638 52 59 132
-319.5487 -494.6686 4501.3638 52 58 131
-315.9380 -494.6686 4501.3638 50 57 130
-312.3273 -494.6686 4501.3638 49 55 131
-308.7165 -494.6686 4501.3638 48 55 131
-304.6761 -493.9718 4495.0234 48 55 129
-301.0704 -493.9718 4495.0234 48 53 130
-297.4648 -493.9718 4495.0234 48 53 131
-293.8592 -493.9718 4495.0234 48 53 132
-290.2535 -493.9718 4495.0234 49 54 131
-286.6479 -493.9718 4495.0234 49 54 129
-283.0423 -493.9718 4495.0234 50 55 130
-279.4366 -493.9718 4495.0234 50 55 130
-275.8310 -493.9718 4495.0234 49 55 129
-174.0800 -400.8229 3647.3906 55 59 125
-160.3678 -403.1265 3668.3525 87 84 103
339.9425 -336.2608 3059.8914 244 226 53
344.3780 -338.2064 3077.5957 242 225 51
346.8467 -338.2064 3077.5957 240 222 50
350.3289 -339.1876 3086.5249 234 215 45
352.4638 -338.8599 3083.5427 221 199 33
355.2805 -339.1876 3086.5249 204 180 21
357.7563 -339.1876 3086.5249 197 168 17
360.9303 -339.8450 3092.5066 196 166 17
363.4109 -339.8450 3092.5066 196 166 17
365.8915 -339.8450 3092.5066 196 166 16
368.3721 -339.8450 3092.5066 196 166 16
370.8528 -339.8450 3092.5066 196 166 15
373.3334 -339.8450 3092.5066 197 167 17
376.1785 -340.1746 3095.5061 196 168 17
467.9416 -394.5107 3589.9514 198 167 14
471.3514 -394.9550 3593.9941 198 167 14
476.3801 -396.7421 3610.2566 198 167 14
479.8188 -397.1914 3614.3452 199 168 15
482.7181 -397.1914 3614.3452 200 168 15
486.1679 -397.6418 3618.4431 198 169 16
488.5165 -397.1914 3614.3452 199 166 15
491.4156 -397.1914 3614.3452 195 151 5
494.3149 -397.1914 3614.3452 199 143 1
497.2141 -397.1914 3614.3452 202 146 1
500.1133 -397.1914 3614.3452 203 148 1
504.7273 -398.5455 3626.6667 205 149 3
508.7928 -399.4533 3634.9280 206 151 4
512.8767 -400.3653 3643.2268 207 154 5
513.4546 -398.5455 3626.6667 209 155 6
591.6667 -456.6667 4155.5557 210 158 8
591.9172 -454.3006 4134.0244 210 159 9
596.0052 -454.8898 4139.3862 211 161 10
600.1039 -455.4806 4144.7622 213 162 11
611.3684 -461.4737 4199.2983 213 163 12
613.9291 -460.8673 4193.7803 213 164 13
616.4829 -460.2625 4188.2764 212 165 12
618.2199 -459.0576 4177.3125 213 165 13
617.5293 -456.0728 4150.1519 213 165 13
-397.0538 -500.3967 4520.4912 58 65 159
-393.4278 -500.3967 4520.4912 55 61 153
-389.8017 -500.3967 4520.4912 49 55 145
-386.1757 -500.3967 4520.4912 48 55 142
-382.0085 -499.6889 4514.0972 49 55 138
-378.3876 -499.6889 4514.0972 48 54 135
-376.8990 -502.5320 4539.7822 48 54 135
-371.1457 -499.6889 4514.0972 48 54 134
-365.9718 -497.5775 4495.0234 47 54 134
-362.8773 -498.2793 4501.3638 46 53 134
-359.7740 -498.9830 4507.7212 46 52 133
-355.6559 -498.2793 4501.3638 46 53 133
-351.5493 -497.5775 4495.0234 46 52 134
-347.9437 -497.5775 4495.0234 47 52 134
-344.3380 -497.5775 4495.0234 47 53 133
-340.7324 -497.5775 4495.0234 46 53 132
-337.1268 -497.5775 4495.0234 45 53 131
-333.9916 -498.2793 4501.3638 47 53 130
-330.3809 -498.2793 4501.3638 48 54 132
-327.2317 -498.9830 4507.7212 48 54 132
-323.1594 -498.2793 4501.3638 49 54 131
-319.5487 -498.2793 4501.3638 51 55 130
-315.9380 -498.2793 4501.3638 50 55 131
-312.3273 -498.2793 4501.3638 50 53 131
-308.7165 -498.2793 4501.3638 48 54 131
-304.6761 -497.5775 4495.0234 48 54 131
-301.0704 -497.5775 4495.0234 49 53 131
-297.4648 -497.5775 4495.0234 49 53 130
-293.8592 -497.5775 4495.0234 48 53 131
-290.6629 -498.2793 4501.3638 50 54 131
-286.6479 -497.5775 4495.0234 52 56 131
-283.0423 -497.5775 4495.0234 53 57 130
-279.4366 -497.5775 4495.0234 48 54 128
-275.8310 -497.5775 4495.0234 50 55 129
-272.2254 -497.5775 4495.0234 50 56 129
-174.0800 -403.7486 3647.3906 54 59 126
-171.7431 -405.1376 3659.9390 55 60 125
-160.5524 -406.5363 3672.5740 86 83 101
339.6169 -338.3908 3056.9604 243 226 52
344.3780 -340.6750 3077.5957 242 225 51
346.8467 -340.6750 3077.5957 240 222 49
350.3289 -341.6635 3086.5249 233 215 44
352.8047 -341.6635 3086.5249 221 199 33
355.2805 -341.6635 3086.5249 204 180 21
357.7563 -341.6635 3086.5249 197 169 16
360.9303 -342.3256 3092.5066 197 166 15
363.4109 -342.3256 3092.5066 197 166 16
365.8915 -342.3256 3092.5066 196 165 16
368.3721 -342.3256 3092.5066 196 165 16
370.8528 -342.3256 3092.5066 196 165 15
373.3334 -342.3256 3092.5066 197 167 17
375.8140 -342.3256 3092.5066 197 167 19
467.4158 -396.9438 3585.9177 197 167 14
471.3514 -397.8379 3593.9941 198 167 15
476.3801 -399.6380 3610.2566 198 167 14
479.2760 -399.6380 3610.2566 199 168 15
482.7181 -400.0906 3614.3452 200 167 15
485.6172 -400.0906 3614.3452 198 168 16
488.5165 -400.0906 3614.3452 200 166 15
491.4156 -400.0906 3614.3452 196 150 4
493.7557 -399.6380 3610.2566 199 143 0
496.6516 -399.6380 3610.2566 201 145 0
500.1133 -400.0906 3614.3452 202 148 1
504.7273 -401.4546 3626.6667 204 149 2
508.7928 -402.3690 3634.9280 206 151 4
512.8767 -403.2877 3643.2268 208 153 5
513.4546 -401.4546 3626.6667 209 155 5
592.4381 -460.5998 4160.9736 210 158 7
591.9172 -457.6166 4134.0244 210 160 9
596.0052 -458.2101 4139.3862 211 161 10
599.3256 -458.2101 4139.3862 212 162 11
611.3684 -464.8421 4199.2983 212 163 12
614.7369 -464.8421 4199.2983 213 163 12
616.4829 -463.6220 4188.2764 213 164 13
618.2199 -462.4084 4177.3125 213 165 13
-397.0538 -504.0227 4520.4912 55 64 158
-393.4278 -504.0227 4520.4912 52 60 151
-389.8017 -504.0227 4520.4912 49 56 145
-386.1757 -504.0227 4520.4912 48 55 141
-382.0085 -503.3098 4514.0972 48 55 138
-378.3876 -503.3098 4514.0972 47 53 136
-377.4359 -506.8946 4546.2490 47 54 135
-370.6215 -502.5989 4507.7212 47 53 133
-365.9718 -501.1831 4495.0234 46 53 133
-362.8773 -501.8900 4501.3638 46 53 134
-359.7740 -502.5989 4507.7212 46 53 134
-355.1549 -501.1831 4495.0234 46 53 134
-351.0549 -500.4782 4488.7017 47 53 134
-347.4543 -500.4782 4488.7017 47 53 133
-343.8538 -500.4782 4488.7017 47 54 133
-340.7324 -501.1831 4495.0234 46 53 133
-336.6526 -500.4782 4488.7017 46 53 133
-333.9916 -501.8900 4501.3638 48 55 133
-330.3809 -501.8900 4501.3638 47 53 133
-326.7701 -501.8900 4501.3638 46 53 132
-323.1594 -501.8900 4501.3638 49 56 132
-319.5487 -501.8900 4501.3638 48 56 131
-315.9380 -501.8900 4501.3638 48 53 131
-312.3273 -501.8900 4501.3638 48 55 130
-308.7165 -501.8900 4501.3638 48 55 131
-304.6761 -501.1831 4495.0234 48 54 132
-301.0704 -501.1831 4495.0234 49 55 132
-297.4648 -501.1831 4495.0234 49 55 131
-293.8592 -501.1831 4495.0234 47 53 129
-290.6629 -501.8900 4501.3638 48 53 130
-286.6479 -501.1831 4495.0234 50 55 131
-283.4415 -501.8900 4501.3638 49 54 129
-279.4366 -501.1831 4495.0234 47 53 130
-275.8310 -501.1831 4495.0234 48 54 130
-272.2254 -501.1831 4495.0234 51 57 131
-174.0800 -406.6743 3647.3906 54 59 124
-171.7431 -408.0734 3659.9390 54 59 124
-168.8073 -408.0734 3659.9390 52 57 123
-160.5524 -409.4822 3672.5740 86 83 101
340.2687 -341.4971 3062.8279 243 226 53
345.3772 -344.1393 3086.5249 242 225 52
347.5169 -343.8068 3083.5427 240 222 50
351.0078 -344.8062 3092.5066 233 216 44
352.8047 -344.1393 3086.5249 220 199 33
355.2805 -344.1393 3086.5249 203 180 21
357.7563 -344.1393 3086.5249 197 168 16
360.9303 -344.8062 3092.5066 196 166 15
363.4109 -344.8062 3092.5066 196 165 16
365.8915 -344.8062 3092.5066 196 165 15
368.3721 -344.8062 3092.5066 195 164 15
370.8528 -344.8062 3092.5066 197 165 16
373.3334 -344.8062 3092.5066 197 167 17
375.8140 -344.8062 3092.5066 197 167 16
467.4158 -399.8203 3585.9177 198 167 15
470.8212 -400.2700 3589.9514 198 167 15
475.8418 -402.0791 3606.1770 198 168 15
479.2760 -402.5340 3610.2566 199 168 15
482.1720 -402.5340 3610.2566 200 167 15
485.6172 -402.9898 3614.3452 199 168 15
487.9639 -402.5340 3610.2566 199 166 15
490.8598 -402.5340 3610.2566 196 151 4
493.7557 -402.5340 3610.2566 199 143 0
496.6516 -402.5340 3610.2566 201 145 1
499.5475 -402.5340 3610.2566 202 147 1
504.1544 -403.9047 3622.5503 205 149 2
508.7928 -405.2848 3634.9280 206 151 3
512.8767 -406.2101 3643.2268 207 153 4
513.4546 -404.3637 3626.6667 209 155 5
592.4381 -463.9374 4160.9736 209 157 7
591.9172 -460.9327 4134.0244 210 159 8
596.0052 -461.5305 4139.3862 211 161 9
598.5493 -460.9327 4134.0244 211 162 10
613.9291 -467.5953 4193.7803 213 164 13
615.6750 -466.3696 4182.7871 213 165 13
617.4118 -465.1504 4171.8521 213 166 13
-397.0538 -507.6487 4520.4912 55 63 158
-393.4278 -507.6487 4520.4912 51 61 151
-390.3546 -508.3688 4526.9033 47 57 144
-386.1757 -507.6487 4520.4912 49 56 142
-382.0085 -506.9307 4514.0972 50 55 137
-378.9236 -507.6487 4520.4912 48 53 135
-377.4359 -510.5414 4546.2490 46 53 135
-371.1457 -506.9307 4514.0972 46 53 134
-365.9718 -504.7887 4495.0234 47 53 134
-362.8773 -505.5008 4501.3638 46 53 133
-359.7740 -506.2147 4507.7212 46 53 133
-355.1549 -504.7887 4495.0234 47 52 134
-351.0549 -504.0788 4488.7017 46 52 133
-347.4543 -504.0788 4488.7017 47 53 132
-343.8538 -504.0788 4488.7017 47 54 132
-340.7324 -504.7887 4495.0234 46 53 133
-336.6526 -504.0788 4488.7017 47 53 133
-333.9916 -505.5008 4501.3638 47 53 133
-330.3809 -505.5008 4501.3638 45 52 132
-327.2317 -506.2147 4507.7212 45 52 133
-323.1594 -505.5008 4501.3638 46 52 132
-319.5487 -505.5008 4501.3638 47 53 133
-315.9380 -505.5008 4501.3638 48 53 133
-312.3273 -505.5008 4501.3638 47 54 131
-308.2817 -504.7887 4495.0234 48 54 130
-304.6761 -504.7887 4495.0234 48 55 131
-301.0704 -504.7887 4495.0234 49 55 132
-297.4648 -504.7887 4495.0234 49 55 130
-293.8592 -504.7887 4495.0234 49 54 130
-290.6629 -505.5008 4501.3638 49 54 130
-286.6479 -504.7887 4495.0234 48 54 130
-283.0423 -504.7887 4495.0234 47 53 129
-279.0436 -504.0788 4488.7017 47 53 130
-275.8310 -504.7887 4495.0234 48 54 131
-272.2254 -504.7887 4495.0234 50 57 130
-176.8036 -409.1324 3643.2268 51 57 127
-174.0800 -409.6000 3647.3906 53 59 126
-171.7431 -411.0092 3659.9390 54 59 123
-168.8073 -411.0092 3659.9390 52 57 122
-166.0620 -411.4811 3664.1409 55 60 123
-160.5524 -412.4281 3672.5740 85 82 101
340.9231 -344.6154 3068.7180 244 226 52
345.7115 -346.9507 3089.5129 243 225 51
347.8530 -346.6151 3086.5249 240 222 50
351.0078 -347.2869 3092.5066 232 214 43
353.1462 -346.9507 3089.5129 220 199 32
355.2805 -346.6151 3086.5249 204 180 20
357.7563 -346.6151 3086.5249 197 169 16
360.9303 -347.2869 3092.5066 196 166 16
363.4109 -347.2869 3092.5066 196 166 16
365.8915 -347.2869 3092.5066 196 165 15
368.3721 -347.2869 3092.5066 196 165 16
370.8528 -347.2869 3092.5066 197 166 17
373.3334 -347.2869 3092.5066 197 167 17
375.8140 -347.2869 3092.5066 197 167 15
466.8911 -402.2447 3581.8931 198 167 14
470.8212 -403.1496 3589.9514 198 167 14
475.8418 -404.9718 3606.1770 199 168 15
479.2760 -405.4299 3610.2566 199 167 15
482.1720 -405.4299 3610.2566 199 165 13
485.6172 -405.8891 3614.3452 200 167 13
487.9639 -405.4299 3610.2566 199 167 13
490.8598 -405.4299 3610.2566 197 150 4
493.7557 -405.4299 3610.2566 199 143 1
496.6516 -405.4299 3610.2566 202 145 2
500.1133 -405.8891 3614.3452 203 147 2
504.1544 -406.8105 3622.5503 205 149 2
508.7928 -408.2005 3634.9280 206 151 3
512.8767 -409.1324 3643.2268 206 153 4
513.4546 -407.2727 3626.6667 207 155 6
593.2115 -467.8852 4166.4058 209 157 8
593.4546 -465.4546 4144.7622 210 159 8
596.7793 -465.4546 4144.7622 211 161 10
599.3256 -464.8509 4139.3862 212 162 11
613.9291 -470.9593 4193.7803 213 163 12
615.6750 -469.7248 4182.7871 214 164 13
618.2199 -469.1100 4177.3125 214 165 14
-397.6170 -512.0001 4526.9033 55 63 157
-393.4278 -511.2748 4520.4912 51 60 150
-390.3546 -512.0001 4526.9033 50 57 144
-386.7234 -512.0001 4526.9033 51 57 141
-382.0085 -510.5516 4514.0972 49 55 137
-379.4610 -512.0001 4526.9033 46 53 136
-377.9743 -514.9216 4552.7344 46 53 135
-371.1457 -510.5516 4514.0972 46 53 134
-366.4881 -509.1115 4501.3638 49 55 135
-362.8773 -509.1115 4501.3638 48 54 133
-359.7740 -509.8305 4507.7212 47 53 133
-355.1549 -508.3944 4495.0234 47 53 133
-351.0549 -507.6794 4488.7017 47 53 134
-347.4543 -507.6794 4488.7017 48 53 133
-343.8538 -507.6794 4488.7017 48 54 133
-340.7324 -508.3944 4495.0234 47 54 133
-337.1268 -508.3944 4495.0234 47 54 132
-334.4633 -509.8305 4507.7212 48 53 132
-330.3809 -509.1115 4501.3638 47 54 132
-327.2317 -509.8305 4507.7212 47 54 132
-323.6158 -509.8305 4507.7212 47 53 131
-319.5487 -509.1115 4501.3638 47 53 132
-315.9380 -509.1115 4501.3638 47 54 132
-312.3273 -509.1115 4501.3638 47 54 130
-308.2817 -508.3944 4495.0234 48 54 130
-304.6761 -508.3944 4495.0234 48 54 130
-300.6470 -507.6794 4488.7017 47 54 130
-297.4648 -508.3944 4495.0234 49 55 131
-293.8592 -508.3944 4495.0234 49 54 130
-290.2535 -508.3944 4495.0234 48 54 130
-286.2448 -507.6794 4488.7017 48 55 131
-283.0423 -508.3944 4495.0234 48 55 130
-279.0436 -507.6794 4488.7017 49 55 131
-275.8310 -508.3944 4495.0234 49 55 131
-271.8425 -507.6794 4488.7017 50 56 130
-177.0057 -412.5257 3647.3906 50 57 126
-174.0800 -412.5257 3647.3906 51 58 127
-171.7431 -413.9450 3659.9390 52 59 124
-168.8073 -413.9450 3659.9390 52 56 123
-166.0620 -414.4202 3664.1409 55 60 123
-163.3103 -414.8966 3668.3525 57 61 120
-160.5524 -415.3740 3672.5740 84 81 102
346.0465 -349.7675 3092.5066 242 225 52
348.1898 -349.4289 3089.5129 240 222 51
351.0078 -349.7675 3092.5066 233 215 44
353.1462 -349.4289 3089.5129 220 199 33
355.6244 -349.4289 3089.5129 204 180 20
357.7563 -349.0909 3086.5249 197 169 16
360.9303 -349.7675 3092.5066 197 167 17
363.4109 -349.7675 3092.5066 197 166 16
365.8915 -349.7675 3092.5066 197 166 16
368.3721 -349.7675 3092.5066 197 167 17
370.8528 -349.7675 3092.5066 197 167 18
373.3334 -349.7675 3092.5066 198 167 17
375.8140 -349.7675 3092.5066 197 168 15
466.8911 -405.1179 3581.8931 198 167 14
470.8212 -406.0293 3589.9514 198 167 14
475.8418 -407.8644 3606.1770 199 168 15
478.7345 -407.8644 3606.1770 199 168 15
482.1720 -408.3258 3610.2566 198 164 11
485.6172 -408.7883 3614.3452 200 167 13
487.9639 -408.3258 3610.2566 199 167 14
490.8598 -408.3258 3610.2566 197 150 4
493.7557 -408.3258 3610.2566 200 142 1
496.6516 -408.3258 3610.2566 202 145 2
500.1133 -408.7883 3614.3452 204 147 3
504.7273 -410.1818 3626.6667 205 149 4
509.3729 -411.5850 3639.0728 205 151 3
512.8767 -412.0548 3643.2268 206 154 5
514.0388 -410.6485 3630.7927 208 155 7
593.9870 -471.8432 4171.8521 209 157 8
594.2263 -469.3889 4150.1519 210 159 8
598.3334 -470.0001 4155.5557 211 161 10
601.6667 -470.0001 4155.5557 212 162 11
614.7369 -474.9474 4199.2983 213 163 12
616.4829 -473.7008 4188.2764 213 164 12
618.2199 -472.4608 4177.3125 213 164 13
-397.6170 -515.6312 4526.9033 55 62 157
-393.4278 -514.9009 4520.4912 52 60 150
-390.3546 -515.6312 4526.9033 51 59 145
-386.7234 -515.6312 4526.9033 49 55 140
-382.5496 -514.9009 4520.4912 48 55 137
-379.4610 -515.6312 4526.9033 48 55 136
-377.9743 -518.5735 4552.7344 47 54 135
-371.1457 -514.1726 4514.0972 47 53 134
-366.4881 -512.7222 4501.3638 48 53 133
-363.3898 -513.4464 4507.7212 48 54 131
-360.2829 -514.1726 4514.0972 47 53 132
-355.1549 -512.0000 4495.0234 47 53 134
-351.0549 -511.2799 4488.7017 47 53 134
-347.4543 -511.2799 4488.7017 47 53 133
-343.8538 -511.2799 4488.7017 47 54 133
-340.7324 -512.0000 4495.0234 47 55 133
-337.1268 -512.0000 4495.0234 48 55 132
-334.4633 -513.4464 4507.7212 48 55 132
-330.3809 -512.7222 4501.3638 47 54 131
-327.2317 -513.4464 4507.7212 47 54 132
-323.1594 -512.7222 4501.3638 48 54 132
-319.5487 -512.7222 4501.3638 48 53 132
-315.9380 -512.7222 4501.3638 47 53 131
-311.8873 -512.0000 4495.0234 48 54 131
-308.2817 -512.0000 4495.0234 48 54 131
-304.2476 -511.2799 4488.7017 48 54 131
-300.6470 -511.2799 4488.7017 48 54 132
-297.0464 -511.2799 4488.7017 49 54 132
-293.8592 -512.0000 4495.0234 48 53 130
-290.2535 -512.0000 4495.0234 47 54 131
-286.2448 -511.2799 4488.7017 48 55 132
-282.6442 -511.2799 4488.7017 49 55 131
-180.1373 -415.9268 3651.5637 51 57 124
-177.0057 -415.4514 3647.3906 51 57 126
-174.2792 -415.9268 3651.5637 53 58 128
-171.7431 -416.8808 3659.9390 54 59 124
-168.8073 -416.8808 3659.9390 52 56 122
-166.0620 -417.3594 3664.1409 54 58 122
-163.3103 -417.8391 3668.3525 57 60 121
-160.5524 -418.3199 3672.5740 84 81 103
347.0554 -353.2751 3101.5227 243 225 52
348.8652 -352.5898 3095.5061 240 222 51
351.6894 -352.9321 3098.5115 233 215 45
353.8313 -352.5898 3095.5061 219 199 33
355.6244 -351.9071 3089.5129 203 179 20
358.1027 -351.9071 3089.5129 197 169 16
360.9303 -352.2481 3092.5066 197 167 18
363.4109 -352.2481 3092.5066 197 167 18
365.8915 -352.2481 3092.5066 197 167 17
368.3721 -352.2481 3092.5066 197 167 17
370.8528 -352.2481 3092.5066 197 166 17
373.3334 -352.2481 3092.5066 197 166 16
376.1785 -352.5898 3095.5061 197 167 16
466.8911 -407.9910 3581.8931 198 167 14
470.8212 -408.9089 3589.9514 198 167 14
475.3047 -410.2935 3602.1069 199 167 14
478.7345 -410.7571 3606.1770 199 168 14
482.1720 -411.2217 3610.2566 197 164 11
485.0679 -411.2217 3610.2566 199 167 13
487.9639 -411.2217 3610.2566 200 166 13
490.8598 -411.2217 3610.2566 196 150 3
493.7557 -411.2217 3610.2566 200 143 0
497.2141 -411.6875 3614.3452 202 145 1
500.1133 -411.6875 3614.3452 203 147 2
504.7273 -413.0909 3626.6667 205 149 2
509.3729 -414.5040 3639.0728 206 151 4
512.8767 -414.9772 3643.2268 207 153 5
514.0388 -413.5609 3630.7927 208 156 6
594.7645 -475.8116 4177.3125 209 157 7
595.7758 -473.9505 4160.9736 210 159 8
599.1135 -473.9505 4160.9736 211 161 10
603.2377 -474.5692 4166.4058 212 162 11
611.3684 -478.3158 4199.2983 213 163 12
616.3589 -479.5779 4210.3784 213 163 12
619.8425 -477.0604 4188.2764 212 165 13
-397.6170 -519.2625 4526.9033 54 63 156
-393.4278 -518.5270 4520.4912 49 58 149
-390.9091 -520.0001 4533.3335 47 55 145
-386.7234 -519.2625 4526.9033 47 54 141
-382.5496 -518.5270 4520.4912 47 54 138
-380.0000 -520.0001 4533.3335 48 55 136
-377.9743 -522.2254 4552.7344 48 54 135
-370.6215 -517.0621 4507.7212 47 53 134
-366.4881 -516.3329 4501.3638 48 54 134
-363.3898 -517.0621 4507.7212 48 54 135
-360.2829 -517.7935 4514.0972 48 53 134
-354.6555 -514.8805 4488.7017 47 52 134
-350.5618 -514.1573 4482.3970 48 53 134
-346.4797 -513.4362 4476.1104 48 53 133
-343.3708 -514.1573 4482.3970 48 54 133
-340.2532 -514.8805 4488.7017 48 54 134
-336.6526 -514.8805 4488.7017 48 54 133
-333.5211 -515.6057 4495.0234 48 55 133
-329.9155 -515.6057 4495.0234 47 54 130
-326.3099 -515.6057 4495.0234 47 54 130
-322.7042 -515.6057 4495.0234 47 54 131
-319.0986 -515.6057 4495.0234 48 54 132
-315.0493 -514.8805 4488.7017 48 53 131
-311.4487 -514.8805 4488.7017 48 54 131
-307.4157 -514.1573 4482.3970 47 53 130
-303.8202 -514.1573 4482.3970 47 53 131
-299.8036 -513.4362 4476.1104 47 54 131
-296.6292 -514.1573 4482.3970 47 53 131
-293.4459 -514.8805 4488.7017 46 53 131
-289.8453 -514.8805 4488.7017 47 53 132
-285.8427 -514.1573 4482.3970 48 54 131
-180.1373 -418.8559 3651.5637 51 56 126
-177.2083 -418.8559 3651.5637 53 57 126
-174.4788 -419.3356 3655.7466 52 59 126
-171.9403 -420.2985 3664.1409 55 60 127
-169.0011 -420.2985 3664.1409 52 57 123
-166.2529 -420.7816 3668.3525 54 59 122
-163.3103 -420.7816 3668.3525 59 61 120
-160.5524 -421.2658 3672.5740 84 81 102
-157.4253 -420.7816 3668.3525 218 205 97
347.3930 -356.1089 3104.5396 243 225 51
349.5433 -355.7629 3101.5227 239 222 50
352.0311 -355.7629 3101.5227 232 214 43
354.1748 -355.4175 3098.5115 220 198 33
355.9690 -354.7287 3092.5066 203 179 19
358.1027 -354.3853 3089.5129 197 169 17
360.9303 -354.7287 3092.5066 197 167 18
363.0591 -354.3853 3089.5129 197 167 18
365.8915 -354.7287 3092.5066 197 167 16
368.3721 -354.7287 3092.5066 197 167 16
370.8528 -354.7287 3092.5066 197 167 16
373.3334 -354.7287 3092.5066 197 167 17
376.1785 -355.0728 3095.5061 197 167 17
466.3677 -410.4036 3577.8774 198 167 14
470.8212 -411.7886 3589.9514 198 167 14
475.3047 -413.1829 3602.1069 198 168 14
478.7345 -413.6497 3606.1770 198 168 14
481.6272 -413.6497 3606.1770 199 167 14
485.0679 -414.1177 3610.2566 198 168 15
487.4124 -413.6497 3606.1770 200 166 14
490.8598 -414.1177 3610.2566 195 150 3
493.1978 -413.6497 3606.1770 200 143 0
496.6516 -414.1177 3610.2566 201 144 1
500.1133 -414.5867 3614.3452 203 146 3
504.7273 -416.0000 3626.6667 205 149 3
509.3729 -417.4231 3639.0728 206 151 4
512.8767 -417.8996 3643.2268 207 153 5
514.0388 -416.4733 3630.7927 208 156 6
594.7645 -479.1623 4177.3125 209 158 7
595.7758 -477.2882 4160.9736 210 159 8
599.8956 -477.9113 4166.4058 211 160 9
604.0262 -478.5359 4171.8521 212 162 11
612.1740 -482.3188 4204.8311 213 163 12
616.3589 -482.9552 4210.3784 213 163 12
620.6570 -481.0513 4193.7803 212 165 13
-397.0538 -522.1530 4520.4912 53 62 153
-393.4278 -522.1530 4520.4912 49 56 148
-390.9091 -523.6364 4533.3335 47 54 143
-386.7234 -522.8937 4526.9033 46 55 139
-382.5496 -522.1530 4520.4912 48 54 138
-380.0000 -523.6364 4533.3335 47 54 136
-377.9743 -525.8774 4552.7344 47 53 135
-370.6215 -520.6780 4507.7212 47 53 134
-366.4881 -519.9436 4501.3638 47 53 133
-363.3898 -520.6780 4507.7212 48 53 134
-359.7740 -520.6780 4507.7212 47 53 134
-353.6606 -517.0267 4476.1104 47 53 133
-349.0909 -515.5804 4463.5898 48 54 133
-345.5105 -515.5804 4463.5898 48 53 133
-342.4090 -516.3026 4469.8413 48 54 134
-338.8235 -516.3026 4469.8413 48 54 133
-335.7083 -517.0267 4476.1104 47 53 133
-332.5843 -517.7529 4482.3970 46 54 132
-328.5273 -517.0267 4476.1104 46 53 131
-325.3933 -517.7529 4482.3970 47 53 131
-321.7978 -517.7529 4482.3970 46 53 132
-317.7560 -517.0267 4476.1104 47 54 132
-314.1655 -517.0267 4476.1104 47 54 130
-310.5750 -517.0267 4476.1104 47 53 130
-306.9846 -517.0267 4476.1104 47 53 131
-302.9692 -516.3026 4469.8413 47 53 130
-299.3838 -516.3026 4469.8413 47 54 131
-296.2132 -517.0267 4476.1104 47 54 132
-292.6227 -517.0267 4476.1104 47 53 132
-289.4382 -517.7529 4482.3970 47 53 131
-180.3437 -422.2681 3655.7466 51 57 127
-177.4112 -422.2681 3655.7466 53 58 126
-174.4788 -422.2681 3655.7466 52 60 125
-171.9403 -423.2377 3664.1409 54 60 124
-169.0011 -423.2377 3664.1409 52 58 122
-166.2529 -423.7242 3668.3525 54 59 122
-163.3103 -423.7242 3668.3525 58 62 121
-160.7373 -424.7005 3676.8049 83 80 104
-157.6064 -424.2117 3672.5740 216 202 99
-154.6606 -424.2117 3672.5740 248 232 65
347.3930 -358.5992 3104.5396 242 225 52
349.2039 -357.9030 3098.5115 239 222 49
352.3735 -358.5992 3104.5396 232 215 44
354.1748 -357.9030 3098.5115 219 198 33
355.9690 -357.2093 3092.5066 203 179 20
357.7563 -356.5184 3086.5249 197 169 16
360.5809 -356.8636 3089.5129 196 167 16
362.7079 -356.5184 3086.5249 197 167 16
365.5373 -356.8636 3089.5129 197 167 14
368.0155 -356.8636 3089.5129 197 167 15
370.4937 -356.8636 3089.5129 197 167 15
372.9720 -356.8636 3089.5129 197 167 16
375.4502 -356.8636 3089.5129 197 167 16
466.8911 -413.7374 3581.8931 198 167 14
470.8212 -414.6682 3589.9514 198 167 14
475.3047 -416.0723 3602.1069 198 168 15
478.7345 -416.5424 3606.1770 199 168 14
481.6272 -416.5424 3606.1770 201 169 15
485.0679 -417.0136 3610.2566 199 168 16
487.4124 -416.5424 3606.1770 200 166 14
490.8598 -417.0136 3610.2566 195 150 4
493.1978 -416.5424 3606.1770 200 142 1
496.6516 -417.0136 3610.2566 201 144 0
500.1133 -417.4859 3614.3452 202 146 0
504.1544 -418.4336 3622.5503 205 149 2
509.3729 -420.3421 3639.0728 206 152 5
512.8767 -420.8220 3643.2268 207 154 7
514.0388 -419.3857 3630.7927 207 156 7
594.7645 -482.5131 4177.3125 208 158 7
595.7758 -480.6258 4160.9736 210 160 9
599.8956 -481.2533 4166.4058 211 160 9
603.2377 -481.2533 4166.4058 212 162 11
616.3589 -486.3325 4210.3784 213 164 12
620.6570 -484.4153 4193.7803 212 165 13
-397.0538 -525.7791 4520.4912 53 60 152
-393.4278 -525.7791 4520.4912 49 56 148
-390.9091 -527.2728 4533.3335 46 55 143
-386.7234 -526.5249 4526.9033 47 55 139
-382.5496 -525.7791 4520.4912 48 54 138
-380.5406 -528.0228 4539.7822 48 54 136
-377.4359 -528.7750 4546.2490 48 53 134
-370.6215 -524.2938 4507.7212 47 53 133
-366.4881 -523.5544 4501.3638 46 52 132
-363.9038 -525.0353 4514.0972 46 53 132
-359.2666 -523.5544 4501.3638 46 52 133
-353.6606 -520.6171 4476.1104 46 51 132
-349.5799 -519.8880 4469.8413 46 52 133
-345.5105 -519.1608 4463.5898 47 53 134
-342.4090 -519.8880 4469.8413 47 54 134
-339.2988 -520.6171 4476.1104 48 55 133
-335.7083 -520.6171 4476.1104 48 55 133
-332.1178 -520.6171 4476.1104 47 55 133
-328.5273 -520.6171 4476.1104 47 54 132
-324.9369 -520.6171 4476.1104 47 54 132
-321.7978 -521.3483 4482.3970 47 54 133
-317.7560 -520.6171 4476.1104 47 54 132
-314.6068 -521.3483 4482.3970 47 54 131
-310.5750 -520.6171 4476.1104 47 53 132
-306.9846 -520.6171 4476.1104 46 53 132
-303.3941 -520.6171 4476.1104 47 53 132
-299.8036 -520.6171 4476.1104 47 53 131
-296.2132 -520.6171 4476.1104 47 53 132
-293.4459 -522.0817 4488.7017 46 53 131
-289.8453 -522.0817 4488.7017 46 53 131
-180.1373 -424.7140 3651.5637 52 58 126
-177.2083 -424.7140 3651.5637 53 59 124
-174.2792 -424.7140 3651.5637 51 60 124
-171.9403 -426.1768 3664.1409 53 60 124
-169.0011 -426.1768 3664.1409 52 59 122
-166.0620 -426.1768 3664.1409 54 60 122
-163.3103 -426.6667 3668.3525 58 62 120
-160.7373 -427.6497 3676.8049 81 79 103
-157.7880 -427.6497 3676.8049 213 199 98
346.7185 -360.3884 3098.5115 242 225 52
348.5272 -359.6900 3092.5066 239 222 49
352.0311 -360.7386 3101.5227 233 215 45
354.1748 -360.3884 3098.5115 220 198 33
355.9690 -359.6900 3092.5066 203 178 20
357.7563 -358.9942 3086.5249 197 168 17
360.5809 -359.3418 3089.5129 196 167 16
362.3575 -358.6474 3083.5427 197 167 16
365.1838 -358.9942 3086.5249 197 166 16
367.6596 -358.9942 3086.5249 197 167 17
370.1354 -358.9942 3086.5249 197 167 16
372.6112 -358.9942 3086.5249 197 167 17
463.4978 -416.1435 3577.8774 198 167 14
466.3677 -416.1435 3577.8774 198 167 14
470.8212 -417.5479 3589.9514 198 167 15
475.3047 -418.9616 3602.1069 199 168 15
478.1942 -418.9616 3602.1069 199 169 15
481.6272 -419.4350 3606.1770 200 169 16
485.0679 -419.9095 3610.2566 200 169 16
487.4124 -419.4350 3606.1770 201 167 14
490.3051 -419.4350 3606.1770 195 149 4
493.1978 -419.4350 3606.1770 199 143 1
496.6516 -419.9095 3610.2566 201 145 1
499.5475 -419.9095 3610.2566 202 147 1
504.1544 -421.3394 3622.5503 204 149 3
509.3729 -423.2612 3639.0728 206 151 5
512.8767 -423.7443 3643.2268 206 153 7
513.4546 -421.8182 3626.6667 207 155 7
595.5439 -486.5006 4182.7871 208 157 7
595.7758 -483.9635 4160.9736 210 159 10
599.8956 -484.5953 4166.4058 211 160 10
603.2377 -484.5953 4166.4058 212 161 11
616.3589 -489.7098 4210.3784 213 163 12
620.6570 -487.7793 4193.7803 212 165 13
-397.0538 -529.4051 4520.4912 53 60 152
-393.4278 -529.4051 4520.4912 49 55 147
-390.3546 -530.1561 4526.9033 47 54 142
-386.1757 -529.4051 4520.4912 47 54 139
-382.0085 -528.6563 4514.0972 48 54 138
-380.0000 -530.9091 4533.3335 48 53 136
-376.8990 -531.6644 4539.7822 47 53 134
-370.0988 -527.1651 4501.3638 46 53 133
-366.4881 -527.1651 4501.3638 47 52 133
-363.3898 -527.9096 4507.7212 46 51 132
-358.7606 -526.4225 4495.0234 45 52 132
-353.1653 -523.4734 4469.8413 44 52 132
-349.0909 -522.7413 4463.5898 45 52 132
-345.5105 -522.7413 4463.5898 46 52 133
-342.4090 -523.4734 4469.8413 48 54 134
-339.2988 -524.2076 4476.1104 49 56 133
-336.1798 -524.9438 4482.3970 48 55 133
-332.1178 -524.2076 4476.1104 48 55 133
-328.9888 -524.9438 4482.3970 48 55 133
-324.9369 -524.2076 4476.1104 47 54 132
-321.7978 -524.9438 4482.3970 48 54 132
-317.7560 -524.2076 4476.1104 48 55 131
-314.1655 -524.2076 4476.1104 48 54 130
-311.0113 -524.9438 4482.3970 48 54 132
-306.9846 -524.2076 4476.1104 47 53 132
-303.3941 -524.2076 4476.1104 47 54 132
-299.8036 -524.2076 4476.1104 46 53 130
-296.2132 -524.2076 4476.1104 46 53 131
-293.4459 -525.6822 4488.7017 47 53 131
-289.8453 -525.6822 4488.7017 46 53 131
-180.1373 -427.6430 3651.5637 51 58 127
-177.2083 -427.6430 3651.5637 52 59 124
-174.4788 -428.1329 3655.7466 54 60 125
-171.9403 -429.1160 3664.1409 55 61 124
-169.0011 -429.1160 3664.1409 53 59 122
-166.0620 -429.1160 3664.1409 55 60 122
-163.3103 -429.6093 3668.3525 60 63 120
-160.5524 -430.1036 3672.5740 83 81 103
-157.6064 -430.1036 3672.5740 214 201 97
351.3482 -362.5219 3095.5061 232 215 44
353.4884 -362.1706 3092.5066 220 199 32
355.6244 -361.8200 3089.5129 203 178 19
357.4106 -361.1208 3083.5427 197 168 16
360.2321 -361.4700 3086.5249 197 167 15
362.3575 -361.1208 3083.5427 197 167 16
365.1838 -361.4700 3086.5249 197 166 17
367.6596 -361.4700 3086.5249 196 166 17
370.1354 -361.4700 3086.5249 196 166 17
372.6112 -361.4700 3086.5249 197 166 17
462.9787 -418.5443 3573.8708 199 168 14
466.3677 -419.0135 3577.8774 199 168 14
470.8212 -420.4275 3589.9514 198 168 14
475.3047 -421.8510 3602.1069 198 168 14
478.1942 -421.8510 3602.1069 199 169 15
481.6272 -422.3277 3606.1770 200 169 15
484.5198 -422.3277 3606.1770 201 169 15
487.4124 -422.3277 3606.1770 201 167 13
490.3051 -422.3277 3606.1770 195 149 2
493.1978 -422.3277 3606.1770 199 143 0
496.0904 -422.3277 3606.1770 201 145 1
499.5475 -422.8055 3610.2566 203 147 2
503.5828 -423.7642 3618.4431 205 149 3
509.3729 -426.1802 3639.0728 206 151 4
512.8767 -426.6667 3643.2268 207 153 6
513.4546 -424.7273 3626.6667 208 155 6
595.5439 -489.8558 4182.7871 209 157 7
596.5536 -487.9374 4166.4058 210 159 9
600.6798 -488.5752 4171.8521 211 160 9
604.0262 -488.5752 4171.8521 212 161 10
611.3684 -491.7895 4199.2983 213 163 12
616.3589 -493.0871 4210.3784 213 163 12
-396.4922 -532.2773 4514.0972 53 59 152
-393.4278 -533.0312 4520.4912 49 56 146
-390.3546 -533.7873 4526.9033 47 54 141
-385.6294 -532.2773 4514.0972 48 54 139
-382.0085 -532.2773 4514.0972 48 54 137
-380.0000 -534.5455 4533.3335 47 53 135
-376.3637 -534.5455 4533.3335 46 53 134
-370.0988 -530.7758 4501.3638 46 52 133
-365.9718 -530.0282 4495.0234 45 51 132
-363.3898 -531.5254 4507.7212 46 51 132
-358.2560 -529.2827 4488.7017 46 52 132
-353.1653 -527.0588 4469.8413 46 52 133
-349.0909 -526.3217 4463.5898 46 52 133
-345.0280 -525.5866 4457.3560 46 52 133
-341.9301 -526.3217 4463.5898 48 54 133
-338.8235 -527.0588 4469.8413 49 55 133
-335.7083 -527.7981 4476.1104 48 55 133
-332.1178 -527.7981 4476.1104 49 56 133
-328.5273 -527.7981 4476.1104 49 55 133
-324.9369 -527.7981 4476.1104 48 54 132
-321.7978 -528.5394 4482.3970 48 55 133
-317.7560 -527.7981 4476.1104 48 55 132
-314.1655 -527.7981 4476.1104 49 56 131
-310.5750 -527.7981 4476.1104 50 56 130
-306.9846 -527.7981 4476.1104 48 54 129
-303.3941 -527.7981 4476.1104 47 54 130
-299.8036 -527.7981 4476.1104 47 53 130
-296.2132 -527.7981 4476.1104 47 53 130
-293.4459 -529.2827 4488.7017 47 53 130
-289.4382 -528.5394 4482.3970 47 53 130
-183.2761 -431.0653 3655.7466 49 56 125
-180.3437 -431.0653 3655.7466 49 57 126
-177.4112 -431.0653 3655.7466 51 58 124
-174.4788 -431.0653 3655.7466 56 61 125
-171.9403 -432.0551 3664.1409 55 60 125
-169.0011 -432.0551 3664.1409 52 57 122
-166.0620 -432.0551 3664.1409 55 61 123
-163.1228 -432.0551 3664.1409 60 64 121
-160.5524 -433.0495 3672.5740 83 81 103
-157.6064 -433.0495 3672.5740 213 199 97
346.0465 -364.6512 3092.5066 242 225 51
347.8530 -363.9459 3086.5249 239 222 49
351.0078 -364.6512 3092.5066 232 214 44
353.1462 -364.2982 3089.5129 220 198 31
355.6244 -364.2982 3089.5129 203 177 18
357.4106 -363.5942 3083.5427 197 168 15
360.2321 -363.9459 3086.5249 197 167 16
362.0078 -363.2433 3080.5664 196 166 16
364.8309 -363.5942 3083.5427 197 167 17
367.3044 -363.5942 3083.5427 197 166 17
370.1354 -363.9459 3086.5249 196 166 17
372.6112 -363.9459 3086.5249 196 166 16
375.0871 -363.9459 3086.5249 196 166 16
463.4978 -421.8834 3577.8774 198 167 15
466.3677 -421.8834 3577.8774 197 168 15
470.8212 -423.3071 3589.9514 198 168 15
474.7689 -424.2616 3598.0459 198 169 15
478.1942 -424.7404 3602.1069 199 169 15
481.6272 -425.2203 3606.1770 200 169 15
484.5198 -425.2203 3606.1770 200 170 14
486.8623 -424.7404 3602.1069 200 167 12
490.3051 -425.2203 3606.1770 196 149 2
493.1978 -425.2203 3606.1770 199 142 0
496.0904 -425.2203 3606.1770 201 144 1
499.5475 -425.7014 3610.2566 202 146 2
503.5828 -426.6667 3618.4431 204 149 2
509.3729 -429.0992 3639.0728 206 151 4
512.8767 -429.5890 3643.2268 207 153 5
513.4546 -427.6364 3626.6667 208 155 6
596.3255 -493.8583 4188.2764 209 157 7
597.3334 -491.9216 4171.8521 211 160 9
601.4660 -492.5655 4177.3125 211 160 9
604.0262 -491.9216 4171.8521 212 161 10
611.3684 -495.1579 4199.2983 213 163 12
616.3589 -496.4644 4210.3784 213 163 12
617.2931 -494.5073 4193.7803 213 163 13
620.6570 -494.5073 4193.7803 213 164 14
-396.4922 -535.8982 4514.0972 53 59 152
-393.4278 -536.6572 4520.4912 48 56 146
-389.8017 -536.6572 4520.4912 45 53 141
-385.6294 -535.8982 4514.0972 47 54 139
-382.0085 -535.8982 4514.0972 47 53 136
-380.5406 -538.9474 4539.7822 46 53 134
-375.8298 -537.4185 4526.9033 46 53 134
-369.5775 -533.6339 4495.0234 46 52 133
-365.9718 -533.6339 4495.0234 46 51 132
-363.3898 -535.1412 4507.7212 46 52 133
-358.2560 -532.8834 4488.7017 46 52 133
-353.1653 -530.6443 4469.8413 47 52 132
-349.0909 -529.9022 4463.5898 46 52 131
-345.5105 -529.9022 4463.5898 46 52 132
-341.9301 -529.9022 4463.5898 47 53 133
-339.2988 -531.3885 4476.1104 49 54 133
-336.1798 -532.1348 4482.3970 49 55 133
-332.1178 -531.3885 4476.1104 49 55 132
-328.9888 -532.1348 4482.3970 49 56 132
-324.9369 -531.3885 4476.1104 49 55 132
-321.7978 -532.1348 4482.3970 49 55 132
-317.7560 -531.3885 4476.1104 48 55 132
-314.1655 -531.3885 4476.1104 50 56 131
-310.5750 -531.3885 4476.1104 50 57 130
-307.4157 -532.1348 4482.3970 49 55 130
-304.2476 -532.8834 4488.7017 48 54 131
-300.2247 -532.1348 4482.3970 48 53 131
-297.0464 -532.8834 4488.7017 47 53 130
-293.8592 -533.6339 4495.0234 47 53 130
-183.4863 -434.4954 3659.9390 48 56 126
-180.5505 -434.4954 3659.9390 48 56 126
-177.6147 -434.4954 3659.9390 52 58 126
-174.6789 -434.4954 3659.9390 55 61 126
-171.9403 -434.9943 3664.1409 53 59 125
-169.0011 -434.9943 3664.1409 52 57 122
-166.0620 -434.9943 3664.1409 55 60 120
-163.1228 -434.9943 3664.1409 62 64 119
-160.5524 -435.9954 3672.5740 94 92 111
-157.6064 -435.9954 3672.5740 213 200 101
342.2394 -365.7143 3080.5664 243 226 52
345.7115 -366.7764 3089.5129 242 225 52
347.8530 -366.4217 3086.5249 240 222 51
350.6680 -366.7764 3089.5129 232 214 43
353.1462 -366.7764 3089.5129 219 198 32
355.6244 -366.7764 3089.5129 202 177 19
357.4106 -366.0677 3083.5427 197 168 16
360.2321 -366.4217 3086.5249 197 167 17
362.0078 -365.7143 3080.5664 196 166 16
364.8309 -366.0677 3083.5427 196 166 16
367.3044 -366.0677 3083.5427 197 166 17
369.7778 -366.0677 3083.5427 197 166 18
372.2512 -366.0677 3083.5427 196 166 18
374.7246 -366.0677 3083.5427 196 166 17
463.4978 -424.7534 3577.8774 198 167 15
466.3677 -424.7534 3577.8774 197 168 15
471.3514 -426.6667 3593.9941 198 169 16
475.3047 -427.6298 3602.1069 199 169 16
478.1942 -427.6298 3602.1069 200 169 14
481.6272 -428.1130 3606.1770 200 170 14
484.5198 -428.1130 3606.1770 200 170 14
486.8623 -427.6298 3602.1069 199 166 14
490.3051 -428.1130 3606.1770 195 148 2
493.1978 -428.1130 3606.1770 199 143 0
496.0904 -428.1130 3606.1770 201 144 1
499.5475 -428.5974 3610.2566 202 147 2
503.0125 -429.0827 3614.3452 204 149 3
509.3729 -432.0182 3639.0728 206 151 4
512.8767 -432.5114 3643.2268 207 153 5
513.4546 -430.5455 3626.6667 208 155 6
595.5439 -496.5662 4182.7871 209 158 7
597.3334 -495.2680 4171.8521 210 159 8
601.4660 -495.9163 4177.3125 211 161 10
604.0262 -495.2680 4171.8521 212 162 11
615.5468 -499.1832 4204.8311 213 163 12
617.2931 -497.8713 4193.7803 213 163 13
620.6570 -497.8713 4193.7803 214 164 14
-396.4922 -539.5192 4514.0972 53 59 151
-393.4278 -540.2833 4520.4912 48 55 144
-389.8017 -540.2833 4520.4912 45 53 140
-385.6294 -539.5192 4514.0972 45 53 138
-382.0085 -539.5192 4514.0972 45 53 135
-380.5406 -542.5890 4539.7822 46 53 134
-375.8298 -541.0497 4526.9033 47 52 134
-370.0988 -537.9973 4501.3638 46 52 133
-366.4881 -537.9973 4501.3638 46 51 132
-363.9038 -539.5192 4514.0972 47 52 133
-358.2560 -536.4839 4488.7017 45 51 132
-353.6606 -534.9790 4476.1104 46 51 131
-349.5799 -534.2297 4469.8413 46 52 131
-345.5105 -533.4825 4463.5898 45 52 133
-342.4090 -534.2297 4469.8413 45 52 133
-339.2988 -534.9790 4476.1104 47 53 133
-336.1798 -535.7303 4482.3970 48 54 133
-332.5843 -535.7303 4482.3970 48 55 133
-329.4515 -536.4839 4488.7017 49 55 132
-325.3933 -535.7303 4482.3970 49 55 132
-322.2504 -536.4839 4488.7017 47 53 133
-318.2022 -535.7303 4482.3970 47 54 132
-314.6068 -535.7303 4482.3970 48 55 132
-311.4487 -536.4839 4488.7017 49 56 131
-308.2817 -537.2394 4495.0234 48 55 131
-304.6761 -537.2394 4495.0234 48 54 131
-301.0704 -537.2394 4495.0234 48 54 131
-297.8844 -537.9973 4501.3638 48 54 131
-294.2737 -537.9973 4501.3638 48 54 132
-183.4863 -437.4312 3659.9390 48 55 126
-180.5505 -437.4312 3659.9390 49 56 126
-177.6147 -437.4312 3659.9390 52 58 127
-174.6789 -437.4312 3659.9390 54 60 127
-171.9403 -437.9334 3664.1409 54 60 126
-169.0011 -437.9334 3664.1409 53 58 122
-166.0620 -437.9334 3664.1409 56 60 122
-163.1228 -437.9334 3664.1409 64 65 121
-160.5524 -438.9413 3672.5740 105 101 124
-157.4253 -438.4368 3668.3525 216 201 108
341.9094 -367.8303 3077.5957 244 225 52
345.3772 -368.8975 3086.5249 242 225 52
347.5169 -368.5411 3083.5427 240 222 50
350.6680 -369.2546 3089.5129 232 214 43
353.1462 -369.2546 3089.5129 218 197 31
355.2805 -368.8975 3086.5249 202 177 19
357.0657 -368.1854 3080.5664 197 168 17
360.2321 -368.8975 3086.5249 197 167 17
361.6587 -367.8303 3077.5957 196 166 17
364.4788 -368.1854 3080.5664 196 166 16
366.9499 -368.1854 3080.5664 197 166 16
369.4209 -368.1854 3080.5664 197 165 18
371.8919 -368.1854 3080.5664 196 164 17
374.3630 -368.1854 3080.5664 197 165 17
463.4978 -427.6234 3577.8774 198 167 15
466.3677 -427.6234 3577.8774 198 167 15
471.3514 -429.5496 3593.9941 199 168 16
475.3047 -430.5192 3602.1069 199 169 16
478.7345 -431.0057 3606.1770 200 169 16
481.6272 -431.0057 3606.1770 201 170 16
485.0679 -431.4933 3610.2566 200 169 15
487.4124 -431.0057 3606.1770 199 166 14
490.3051 -431.0057 3606.1770 195 148 2
493.1978 -431.0057 3606.1770 199 143 0
496.0904 -431.0057 3606.1770 201 145 1
499.5475 -431.4933 3610.2566 202 146 3
503.0125 -431.9819 3614.3452 204 149 4
509.3729 -434.9373 3639.0728 205 151 4
512.8767 -435.4338 3643.2268 206 154 6
513.4546 -433.4546 3626.6667 207 155 6
595.5439 -499.9213 4182.7871 209 158 7
596.5536 -497.9635 4166.4058 210 159 8
600.6798 -498.6144 4171.8521 210 160 9
603.2377 -497.9635 4166.4058 212 162 11
609.7638 -500.5775 4188.2764 213 163 12
613.9291 -501.2352 4193.7803 213 163 12
616.4829 -500.5775 4188.2764 212 164 12
619.8425 -500.5775 4188.2764 213 165 13
622.3853 -499.9213 4182.7871 213 165 13
-396.4922 -543.1400 4514.0972 52 58 150
-392.8713 -543.1400 4514.0972 47 55 144
-389.8017 -543.9094 4520.4912 44 53 140
-385.0847 -542.3729 4507.7212 45 53 138
-382.0085 -543.1400 4514.0972 46 53 136
-380.5406 -546.2305 4539.7822 47 52 134
-375.2975 -543.9094 4520.4912 46 53 133
-369.5775 -540.8451 4495.0234 46 53 133
-366.4881 -541.6080 4501.3638 46 52 132
-364.4193 -543.9094 4520.4912 45 52 132
-358.2560 -540.0845 4488.7017 45 51 132
-353.6606 -538.5695 4476.1104 45 51 133
-349.5799 -537.8151 4469.8413 45 52 133
-345.9944 -537.8151 4469.8413 44 52 133
-342.4090 -537.8151 4469.8413 43 52 132
-339.7753 -539.3259 4482.3970 45 52 131
-336.6526 -540.0845 4488.7017 47 54 132
-333.0521 -540.0845 4488.7017 48 55 133
-329.4515 -540.0845 4488.7017 49 55 132
-325.3933 -539.3259 4482.3970 49 55 131
-322.2504 -540.0845 4488.7017 48 54 132
-318.6498 -540.0845 4488.7017 48 54 132
-315.0493 -540.0845 4488.7017 48 54 132
-311.4487 -540.0845 4488.7017 48 54 132
-308.2817 -540.8451 4495.0234 47 55 132
-305.1058 -541.6080 4501.3638 48 54 132
-301.0704 -540.8451 4495.0234 48 53 131
-297.8844 -541.6080 4501.3638 48 53 131
-183.6969 -440.8726 3664.1409 48 54 127
-180.5505 -440.3670 3659.9390 49 56 127
-177.8186 -440.8726 3664.1409 51 57 127
-174.6789 -440.3670 3659.9390 52 58 127
-171.9403 -440.8726 3664.1409 53 60 126
-169.0011 -440.8726 3664.1409 53 58 123
-166.0620 -440.8726 3664.1409 56 60 121
-163.1228 -440.8726 3664.1409 63 64 121
-160.3678 -441.3793 3668.3525 94 89 121
-157.4253 -441.3793 3668.3525 212 198 111
341.5800 -369.9422 3074.6309 244 226 52
345.0435 -371.0145 3083.5427 243 225 52
347.1815 -370.6564 3080.5664 240 222 50
350.3289 -371.3734 3086.5249 232 214 43
352.8047 -371.3734 3086.5249 217 196 31
355.2805 -371.3734 3086.5249 201 177 20
357.0657 -370.6564 3080.5664 197 168 17
359.8841 -371.0145 3083.5427 196 166 17
361.6587 -370.2990 3077.5957 196 166 16
364.1273 -370.2990 3077.5957 197 167 15
366.5960 -370.2990 3077.5957 197 166 16
369.0646 -370.2990 3077.5957 197 165 17
371.5333 -370.2990 3077.5957 196 163 15
374.0020 -370.2990 3077.5957 197 164 17
463.4978 -430.4933 3577.8774 197 167 15
466.8911 -430.9764 3581.8931 197 167 15
471.8828 -432.9200 3598.0459 198 168 15
475.3047 -433.4086 3602.1069 199 169 16
478.7345 -433.8983 3606.1770 200 170 16
482.1720 -434.3892 3610.2566 201 170 15
485.6172 -434.8811 3614.3452 202 169 14
487.9639 -434.3892 3610.2566 200 167 13
490.8598 -434.3892 3610.2566 196 148 2
493.7557 -434.3892 3610.2566 199 142 0
496.6516 -434.3892 3610.2566 201 145 1
499.5475 -434.3892 3610.2566 203 146 3
503.0125 -434.8811 3614.3452 204 149 3
509.9543 -438.3562 3643.2268 205 151 4
512.8767 -438.3562 3643.2268 206 153 5
593.9870 -501.9608 4171.8521 209 157 7
595.0001 -500.0001 4155.5557 210 159 9
599.1135 -500.6519 4160.9736 211 160 10
602.4512 -500.6519 4160.9736 212 162 11
608.1676 -502.6178 4177.3125 213 162 11
613.1234 -503.9370 4188.2764 213 163 10
615.6750 -503.2766 4182.7871 212 164 12
619.0302 -503.2766 4182.7871 213 164 13
620.7582 -501.9608 4171.8521 213 165 13
624.9214 -502.6178 4177.3125 213 166 14
-396.4922 -546.7610 4514.0972 50 58 150
-392.8713 -546.7610 4514.0972 47 54 144
-389.8017 -547.5355 4520.4912 46 53 141
-385.0847 -545.9887 4507.7212 46 53 140
-382.0085 -546.7610 4514.0972 46 52 137
-380.5406 -549.8721 4539.7822 47 52 134
-374.7666 -546.7610 4514.0972 46 51 133
-369.5775 -544.4507 4495.0234 45 52 133
-366.4881 -545.2187 4501.3638 45 52 132
-364.4193 -547.5355 4520.4912 46 51 132
-357.7528 -542.9214 4482.3970 45 51 132
-353.6606 -542.1599 4476.1104 46 51 132
-350.0701 -542.1599 4476.1104 46 52 132
-345.9944 -541.4006 4469.8413 45 52 133
-342.8892 -542.1599 4476.1104 44 52 132
-339.7753 -542.9214 4482.3970 44 52 130
-336.6526 -543.6850 4488.7017 46 54 131
-333.0521 -543.6850 4488.7017 48 55 131
-329.4515 -543.6850 4488.7017 49 55 131
-325.8510 -543.6850 4488.7017 49 55 132
-322.2504 -543.6850 4488.7017 49 55 131
-318.6498 -543.6850 4488.7017 49 55 131
-315.0493 -543.6850 4488.7017 49 55 131
-311.8873 -544.4507 4495.0234 48 55 131
-308.2817 -544.4507 4495.0234 48 56 130
-305.1058 -545.2187 4501.3638 49 55 131
-301.4951 -545.2187 4501.3638 49 54 131
-297.8844 -545.2187 4501.3638 48 53 130
-183.6969 -443.8117 3664.1409 47 54 127
-180.7578 -443.8117 3664.1409 49 55 128
-178.0230 -444.3219 3668.3525 51 56 127
-174.6789 -443.3028 3659.9390 52 57 126
-171.9403 -443.8117 3664.1409 53 60 125
-169.0011 -443.8117 3664.1409 53 59 123
-166.0620 -443.8117 3664.1409 56 60 122
-163.1228 -443.8117 3664.1409 63 64 122
-160.3678 -444.3219 3668.3525 94 89 122
-157.4253 -444.3219 3668.3525 211 198 115
341.5800 -372.4085 3074.6309 243 225 51
344.7104 -373.1274 3080.5664 242 224 52
347.1815 -373.1274 3080.5664 239 221 51
349.9904 -373.4879 3083.5427 231 213 43
352.4638 -373.4879 3083.5427 218 196 31
354.9372 -373.4879 3083.5427 201 177 19
357.0657 -373.1274 3080.5664 196 168 16
359.8841 -373.4879 3083.5427 196 166 17
361.3102 -372.4085 3074.6309 196 166 16
364.1273 -372.7676 3077.5957 197 166 15
366.5960 -372.7676 3077.5957 197 166 16
369.0646 -372.7676 3077.5957 196 165 16
371.1754 -372.4085 3074.6309 194 163 13
374.0020 -372.7676 3077.5957 196 165 13
464.0180 -433.8496 3581.8931 197 167 15
467.4158 -434.3371 3585.9177 198 168 15
471.8828 -435.8061 3598.0459 199 168 15
475.8418 -436.7910 3606.1770 199 169 16
479.2760 -437.2851 3610.2566 200 169 16
482.7181 -437.7803 3614.3452 200 170 15
486.1679 -438.2767 3618.4431 202 170 14
488.5165 -437.7803 3614.3452 200 167 13
490.8598 -437.2851 3610.2566 195 148 2
493.7557 -437.2851 3610.2566 200 143 0
496.6516 -437.2851 3610.2566 201 145 1
499.5475 -437.2851 3610.2566 203 147 2
503.0125 -437.7803 3614.3452 205 149 2
510.5372 -441.7829 3647.3906 206 150 4
512.8767 -441.2786 3643.2268 207 153 5
593.2115 -504.6476 4166.4058 209 157 6
594.2263 -502.6788 4150.1519 210 159 8
599.1135 -503.9896 4160.9736 211 161 10
601.6667 -503.3333 4155.5557 211 161 10
607.3726 -505.3073 4171.8521 212 162 11
613.1234 -507.2966 4188.2764 213 164 12
614.8691 -505.9686 4177.3125 212 164 12
618.2199 -505.9686 4177.3125 212 164 13
619.1396 -503.9896 4160.9736 212 165 13
624.1047 -505.3073 4171.8521 213 166 14
-396.4922 -550.3819 4514.0972 49 58 149
-392.8713 -550.3819 4514.0972 46 55 144
-389.2504 -550.3819 4514.0972 46 54 141
-385.0847 -549.6046 4507.7212 47 53 138
-382.0085 -550.3819 4514.0972 46 53 135
-381.0827 -554.3021 4546.2490 46 53 134
-374.2373 -549.6046 4507.7212 46 52 133
-369.5775 -548.0563 4495.0234 46 52 133
-366.4881 -548.8294 4501.3638 46 51 132
-363.9038 -550.3819 4514.0972 46 51 132
-357.7528 -546.5168 4482.3970 45 50 132
-353.6606 -545.7504 4476.1104 46 51 132
-350.0701 -545.7504 4476.1104 46 51 132
-345.9944 -544.9860 4469.8413 46 51 132
-342.8892 -545.7504 4476.1104 45 51 132
-339.7753 -546.5168 4482.3970 45 51 131
-336.6526 -547.2855 4488.7017 45 52 132
-333.0521 -547.2855 4488.7017 47 53 131
-329.9155 -548.0563 4495.0234 47 54 131
-325.8510 -547.2855 4488.7017 47 55 132
-322.7042 -548.0563 4495.0234 47 55 131
-319.0986 -548.0563 4495.0234 48 56 131
-315.9380 -548.8294 4501.3638 50 56 130
-312.3273 -548.8294 4501.3638 50 56 130
-308.7165 -548.8294 4501.3638 50 56 131
-305.9689 -550.3819 4514.0972 49 56 132
-183.9081 -447.2644 3668.3525 49 54 127
-180.9655 -447.2644 3668.3525 50 56 127
-178.0230 -447.2644 3668.3525 52 56 127
-174.6789 -446.2386 3659.9390 53 58 127
-171.9403 -446.7509 3664.1409 54 59 125
-169.0011 -446.7509 3664.1409 53 58 122
-166.0620 -446.7509 3664.1409 56 59 121
-163.1228 -446.7509 3664.1409 63 63 121
-160.3678 -447.2644 3668.3525 93 88 123
-157.4253 -447.2644 3668.3525 211 199 117
340.9231 -374.1539 3068.7180 243 225 51
344.7104 -375.5985 3080.5664 242 224 52
346.8467 -375.2363 3077.5957 239 221 51
349.9904 -375.9614 3083.5427 231 213 43
352.4638 -375.9614 3083.5427 218 197 32
354.9372 -375.9614 3083.5427 201 176 18
356.7213 -375.2363 3077.5957 195 167 17
359.8841 -375.9614 3083.5427 196 166 17
361.3102 -374.8748 3074.6309 196 166 17
364.1273 -375.2363 3077.5957 197 166 16
366.2428 -374.8748 3074.6309 197 166 16
368.7091 -374.8748 3074.6309 197 166 17
371.1754 -374.8748 3074.6309 196 165 16
373.6416 -374.8748 3074.6309 196 165 15
464.5393 -437.2135 3585.9177 197 167 15
467.9416 -437.7053 3589.9514 198 168 16
472.4154 -439.1874 3602.1069 199 168 16
476.3801 -440.1810 3610.2566 199 169 16
479.8188 -440.6796 3614.3452 200 169 15
483.2653 -441.1792 3618.4431 201 169 15
486.7197 -441.6799 3622.5503 202 169 15
489.0703 -441.1792 3618.4431 200 166 13
491.4156 -440.6796 3614.3452 196 147 1
494.3149 -440.6796 3614.3452 200 143 0
497.2141 -440.6796 3614.3452 201 145 1
500.1133 -440.6796 3614.3452 202 147 1
503.5828 -441.1792 3618.4431 205 149 2
513.4629 -444.7086 3647.3906 208 153 5
593.2115 -507.9896 4166.4058 209 157 6
594.2263 -506.0078 4150.1519 210 159 8
598.3334 -506.6667 4155.5557 211 160 9
601.6667 -506.6667 4155.5557 211 161 11
607.3726 -508.6536 4171.8521 213 162 11
612.3198 -509.9869 4182.7871 214 163 11
614.8691 -509.3194 4177.3125 213 163 12
618.2199 -509.3194 4177.3125 213 163 12
619.1396 -507.3273 4160.9736 213 164 12
623.2899 -507.9896 4166.4058 213 165 14
-396.4922 -554.0029 4514.0972 50 58 149
-393.4278 -554.7875 4520.4912 46 54 143
-389.2504 -554.0029 4514.0972 46 54 141
-385.0847 -553.2203 4507.7212 47 53 138
-382.0085 -554.0029 4514.0972 47 53 134
-381.0827 -557.9488 4546.2490 47 52 133
-374.2373 -553.2203 4507.7212 46 52 132
-369.5775 -551.6620 4495.0234 46 51 131
-366.4881 -552.4401 4501.3638 46 52 131
-363.3898 -553.2203 4507.7212 46 52 132
-357.2511 -549.3408 4476.1104 45 51 132
-353.6606 -549.3408 4476.1104 45 51 132
-350.0701 -549.3408 4476.1104 45 51 133
-345.9944 -548.5715 4469.8413 46 51 132
-342.8892 -549.3408 4476.1104 46 51 132
-339.7753 -550.1124 4482.3970 46 51 133
-336.6526 -550.8862 4488.7017 46 52 133
-333.0521 -550.8862 4488.7017 46 52 131
-329.4515 -550.8862 4488.7017 47 54 132
-325.8510 -550.8862 4488.7017 47 55 132
-322.7042 -551.6620 4495.0234 49 55 132
-319.0986 -551.6620 4495.0234 49 55 131
-315.9380 -552.4401 4501.3638 49 55 130
-312.7684 -553.2203 4507.7212 49 56 131
-309.1525 -553.2203 4507.7212 49 55 132
-306.4023 -554.7875 4520.4912 48 55 130
-183.6969 -449.6900 3664.1409 50 56 129
-180.7578 -449.6900 3664.1409 49 57 126
-178.0230 -450.2069 3668.3525 53 58 128
-174.6789 -449.1744 3659.9390 54 59 127
-171.9403 -449.6900 3664.1409 54 60 126
-169.0011 -449.6900 3664.1409 53 57 124
-166.0620 -449.6900 3664.1409 56 58 121
-163.1228 -449.6900 3664.1409 63 63 121
-160.3678 -450.2069 3668.3525 95 91 125
-157.6064 -450.7250 3672.5740 210 198 118
-154.4828 -450.2069 3668.3525 248 233 70
341.2513 -376.9779 3071.6716 243 226 52
344.3780 -377.7050 3077.5957 241 224 51
346.5125 -377.3411 3074.6309 239 221 51
349.3153 -377.7050 3077.5957 230 212 44
352.1236 -378.0695 3080.5664 218 196 30
354.9372 -378.4348 3083.5427 201 176 20
356.7213 -377.7050 3077.5957 196 167 18
359.5367 -378.0695 3080.5664 196 166 18
360.9625 -376.9779 3071.6716 197 166 18
363.7765 -377.3411 3074.6309 197 166 17
365.8903 -376.9779 3071.6716 196 165 17
368.3542 -376.9779 3071.6716 197 165 18
370.8181 -376.9779 3071.6716 197 165 17
373.2820 -376.9779 3071.6716 197 166 16
465.5856 -441.0811 3593.9941 197 167 15
468.4685 -441.0811 3593.9941 198 168 15
472.9492 -442.5763 3606.1770 199 168 15
476.3801 -443.0770 3610.2566 199 169 15
480.3628 -444.0817 3618.4431 200 169 15
484.3636 -445.0909 3626.6667 201 170 16
487.2728 -445.0909 3626.6667 201 170 16
489.6255 -444.5857 3622.5503 200 166 13
491.9728 -444.0817 3618.4431 195 147 1
494.8753 -444.0817 3618.4431 199 143 0
497.2141 -443.5787 3614.3452 201 145 0
500.1133 -443.5787 3614.3452 202 147 0
503.5828 -444.0817 3618.4431 205 149 2
513.4629 -447.6343 3647.3906 207 153 5
592.4381 -510.6649 4160.9736 209 157 7
594.2263 -509.3369 4150.1519 210 159 8
598.3334 -510.0000 4155.5557 211 160 9
601.6667 -510.0000 4155.5557 212 161 10
607.3726 -512.0001 4171.8521 213 162 11
613.1234 -514.0157 4188.2764 213 163 12
615.6750 -513.3421 4182.7871 213 163 12
618.2199 -512.6702 4177.3125 213 163 12
619.9478 -511.3316 4166.4058 214 164 13
624.1047 -512.0001 4171.8521 213 165 14
-396.4922 -557.6238 4514.0972 50 58 148
-393.4278 -558.4136 4520.4912 46 54 143
-389.2504 -557.6238 4514.0972 46 54 140
-385.6294 -557.6238 4514.0972 47 54 137
-382.5496 -558.4136 4520.4912 46 54 134
-381.0827 -561.5955 4546.2490 47 53 134
-373.7095 -556.0508 4501.3638 45 52 132
-369.5775 -555.2676 4495.0234 44 51 131
-366.4881 -556.0508 4501.3638 45 51 130
-363.3898 -556.8362 4507.7212 46 51 131
-357.2511 -552.9313 4476.1104 45 51 132
-353.6606 -552.9313 4476.1104 44 51 130
-350.5618 -553.7079 4482.3970 45 52 131
-346.4797 -552.9313 4476.1104 46 53 131
-343.3708 -553.7079 4482.3970 46 52 131
-340.2532 -554.4867 4488.7017 46 52 132
-337.1268 -555.2676 4495.0234 46 53 132
-333.5211 -555.2676 4495.0234 46 53 131
-329.9155 -555.2676 4495.0234 46 54 132
-326.3099 -555.2676 4495.0234 47 55 131
-323.1594 -556.0508 4501.3638 49 56 132
-320.0000 -556.8362 4507.7212 50 55 131
-316.8317 -557.6238 4514.0972 49 56 132
-313.2108 -557.6238 4514.0972 49 55 131
-310.0284 -558.4136 4520.4912 48 55 130
-307.2728 -560.0001 4533.3335 48 54 130
-183.6969 -452.6292 3664.1409 49 55 129
-180.7578 -452.6292 3664.1409 49 56 128
-177.8186 -452.6292 3664.1409 53 58 130
-174.6789 -452.1101 3659.9390 54 59 127
-171.9403 -452.6292 3664.1409 54 59 126
-169.0011 -452.6292 3664.1409 51 58 124
-166.0620 -452.6292 3664.1409 54 58 120
-163.1228 -452.6292 3664.1409 64 65 120
-160.3678 -453.1495 3668.3525 95 92 124
-157.6064 -453.6709 3672.5740 209 197 117
-154.4828 -453.1495 3668.3525 248 232 69
340.9231 -379.0769 3068.7180 243 226 52
344.0463 -379.8073 3074.6309 242 224 51
346.5125 -379.8073 3074.6309 239 221 49
349.3153 -380.1736 3077.5957 230 212 43
352.1236 -380.5406 3080.5664 216 195 29
354.9372 -380.9082 3083.5427 200 175 18
356.7213 -380.1736 3077.5957 196 167 17
359.5367 -380.5406 3080.5664 196 165 18
360.9625 -379.4418 3071.6716 197 165 17
363.7765 -379.8073 3074.6309 196 166 16
365.8903 -379.4418 3071.6716 197 166 17
368.0000 -379.0769 3068.7180 197 165 17
370.4615 -379.0769 3068.7180 197 165 16
373.2820 -379.4418 3071.6716 196 166 16
465.5856 -443.9640 3593.9941 197 167 15
468.4685 -443.9640 3593.9941 198 168 15
472.9492 -445.4689 3606.1770 199 168 16
476.9196 -446.4780 3614.3452 199 170 17
480.9081 -447.4915 3622.5503 200 170 17
484.3636 -448.0000 3626.6667 201 170 16
487.8271 -448.5097 3630.7927 201 171 15
489.6255 -447.4915 3622.5503 201 167 13
491.9728 -446.9842 3618.4431 196 146 1
494.8753 -446.9842 3618.4431 199 142 0
497.7778 -446.9842 3618.4431 201 145 0
500.6803 -446.9842 3618.4431 202 147 0
504.1544 -447.4915 3622.5503 205 149 2
514.0504 -451.0755 3651.5637 207 153 5
593.2115 -514.6737 4166.4058 208 157 6
595.0001 -513.3334 4155.5557 210 159 8
599.1135 -514.0026 4160.9736 210 160 9
603.2377 -514.6737 4166.4058 211 161 10
608.9646 -516.6972 4182.7871 213 162 11
613.9291 -518.0552 4193.7803 213 163 12
616.4829 -517.3753 4188.2764 213 163 12
619.0302 -516.6972 4182.7871 213 163 12
621.5707 -516.0210 4177.3125 213 164 13
625.7405 -516.6972 4182.7871 213 165 13
-396.4922 -561.2448 4514.0972 48 58 148
-393.4278 -562.0397 4520.4912 45 54 142
-389.2504 -561.2448 4514.0972 47 55 139
-385.6294 -561.2448 4514.0972 47 55 136
-382.5496 -562.0397 4520.4912 47 53 134
-381.0827 -565.2422 4546.2490 47 53 134
-373.7095 -559.6616 4501.3638 46 53 134
-369.5775 -558.8732 4495.0234 45 51 132
-366.4881 -559.6616 4501.3638 45 51 131
-363.3898 -560.4520 4507.7212 46 51 133
-357.2511 -556.5218 4476.1104 45 51 132
-354.1573 -557.3033 4482.3970 46 52 131
-350.5618 -557.3033 4482.3970 47 54 132
-346.4797 -556.5218 4476.1104 47 53 132
-343.3708 -557.3033 4482.3970 47 52 132
-340.2532 -558.0873 4488.7017 47 53 131
-337.1268 -558.8732 4495.0234 46 53 131
-333.5211 -558.8732 4495.0234 47 54 132
-329.9155 -558.8732 4495.0234 47 54 132
-326.3099 -558.8732 4495.0234 49 55 132
-323.1594 -559.6616 4501.3638 49 56 132
-320.4526 -561.2448 4514.0972 49 56 132
-317.2805 -562.0397 4520.4912 48 56 133
-314.0993 -562.8369 4526.9033 47 56 132
-311.3514 -564.4382 4539.7822 48 56 132
-307.7098 -564.4382 4539.7822 48 55 131
-183.6969 -455.5683 3664.1409 50 54 128
-177.8186 -455.5683 3664.1409 52 58 130
-174.6789 -455.0459 3659.9390 55 60 129
-171.9403 -455.5683 3664.1409 54 60 126
-169.0011 -455.5683 3664.1409 53 58 124
-166.0620 -455.5683 3664.1409 56 59 122
-163.1228 -455.5683 3664.1409 66 66 122
-160.3678 -456.0919 3668.3525 94 91 125
-157.6064 -456.6168 3672.5740 207 195 120
-154.4828 -456.0919 3668.3525 248 232 69
340.5956 -381.1720 3065.7703 242 225 52
344.0463 -382.2736 3074.6309 241 224 50
346.1790 -381.9057 3071.6716 239 221 49
348.9789 -382.2736 3074.6309 231 212 44
351.7840 -382.6423 3077.5957 215 195 31
354.5946 -383.0116 3080.5664 200 174 20
356.7213 -382.6423 3077.5957 196 167 17
359.5367 -383.0116 3080.5664 197 165 18
360.6154 -381.5385 3068.7180 197 165 18
363.4264 -381.9057 3071.6716 196 165 17
365.5385 -381.5385 3068.7180 196 165 16
367.6465 -381.1720 3065.7703 196 166 17
370.4615 -381.5385 3068.7180 196 166 16
373.2820 -381.9057 3071.6716 196 166 15
466.1105 -447.3506 3598.0459 198 167 15
468.4685 -446.8469 3593.9941 198 167 15
472.9492 -448.3616 3606.1770 198 167 15
476.9196 -449.3772 3614.3452 199 168 15
480.9081 -450.3973 3622.5503 200 169 16
484.3636 -450.9091 3626.6667 201 170 17
487.2728 -450.9091 3626.6667 201 171 16
489.6255 -450.3973 3622.5503 201 166 13
491.4156 -449.3772 3614.3452 196 146 1
494.8753 -449.8867 3618.4431 199 142 0
497.7778 -449.8867 3618.4431 201 144 0
500.6803 -449.8867 3618.4431 202 147 1
504.1544 -450.3973 3622.5503 204 149 3
514.0504 -454.0046 3651.5637 207 153 5
593.9870 -518.6929 4171.8521 208 157 6
595.7758 -517.3403 4160.9736 210 159 7
599.8956 -518.0157 4166.4058 211 160 9
603.2377 -518.0157 4166.4058 212 161 10
608.9646 -520.0524 4182.7871 212 162 11
613.9291 -521.4192 4193.7803 213 162 11
616.4829 -520.7349 4188.2764 213 163 12
619.8425 -520.7349 4188.2764 213 163 12
621.5707 -519.3718 4177.3125 213 164 12
625.7405 -520.0524 4182.7871 212 165 13
-396.4922 -564.8657 4514.0972 48 57 146
-393.4278 -565.6658 4520.4912 45 53 142
-389.2504 -564.8657 4514.0972 46 53 139
-385.0847 -564.0678 4507.7212 46 53 135
-382.5496 -565.6658 4520.4912 46 53 133
-380.5406 -568.0797 4539.7822 48 52 133
-373.1831 -562.4789 4495.0234 47 53 134
-369.5775 -562.4789 4495.0234 46 52 133
-366.4881 -563.2723 4501.3638 47 52 131
-362.8773 -563.2723 4501.3638 46 52 132
-357.2511 -560.1122 4476.1104 42 51 132
-354.1573 -560.8989 4482.3970 44 52 133
-350.5618 -560.8989 4482.3970 46 53 132
-346.4797 -560.1122 4476.1104 47 53 132
-343.3708 -560.8989 4482.3970 47 53 132
-340.7324 -562.4789 4495.0234 47 53 132
-337.1268 -562.4789 4495.0234 48 54 132
-333.5211 -562.4789 4495.0234 48 54 132
-330.3809 -563.2723 4501.3638 48 54 131
-326.7701 -563.2723 4501.3638 48 55 132
-323.6158 -564.0678 4507.7212 48 55 132
-320.9065 -565.6658 4520.4912 48 55 132
-318.6345 -568.0797 4539.7822 48 55 133
-315.4416 -568.8890 4546.2490 48 54 132
-312.2397 -569.7004 4552.7344 49 55 133
-308.5878 -569.7004 4552.7344 48 54 131
-171.9403 -458.5075 3664.1409 56 60 126
-169.0011 -458.5075 3664.1409 55 59 123
-166.0620 -458.5075 3664.1409 59 59 122
-163.1228 -458.5075 3664.1409 65 64 121
-160.1837 -458.5075 3664.1409 90 89 124
-157.4253 -459.0345 3668.3525 203 193 119
-154.3054 -458.5075 3664.1409 248 233 71
340.5956 -383.6312 3065.7703 242 226 51
344.0463 -384.7399 3074.6309 241 224 50
346.1790 -384.3696 3071.6716 239 221 49
348.9789 -384.7399 3074.6309 230 212 42
351.7840 -385.1109 3077.5957 215 194 30
354.5946 -385.4827 3080.5664 200 175 19
356.7213 -385.1109 3077.5957 196 167 18
359.5367 -385.4827 3080.5664 196 166 18
360.6154 -384.0000 3068.7180 196 165 18
363.4264 -384.3696 3071.6716 197 165 18
365.5385 -384.0000 3068.7180 196 165 18
367.6465 -383.6312 3065.7703 196 165 17
370.1057 -383.6312 3065.7703 196 166 16
372.9231 -384.0000 3068.7180 196 166 16
466.1105 -450.2368 3598.0459 197 167 15
468.4685 -449.7297 3593.9941 197 167 15
473.4842 -451.7647 3610.2566 198 167 14
476.9196 -452.2764 3614.3452 199 168 15
480.9081 -453.3031 3622.5503 200 169 16
484.3636 -453.8182 3626.6667 201 170 17
487.2728 -453.8182 3626.6667 201 171 16
489.6255 -453.3031 3622.5503 201 166 13
491.4156 -452.2764 3614.3452 196 146 1
494.8753 -452.7892 3618.4431 199 142 0
497.2141 -452.2764 3614.3452 201 144 0
500.6803 -452.7892 3618.4431 202 147 2
504.1544 -453.3031 3622.5503 204 149 3
514.0504 -456.9337 3651.5637 206 153 4
593.9870 -522.0392 4171.8521 208 157 7
595.0001 -520.0001 4155.5557 210 159 8
599.8956 -521.3577 4166.4058 210 160 9
602.4512 -520.6780 4160.9736 212 161 10
608.9646 -523.4076 4182.7871 212 162 11
613.9291 -524.7833 4193.7803 212 162 11
616.4829 -524.0945 4188.2764 213 162 11
619.8425 -524.0945 4188.2764 212 162 11
620.7582 -522.0392 4171.8521 212 164 12
-396.4922 -568.4866 4514.0972 47 57 145
-393.4278 -569.2918 4520.4912 45 53 141
-389.2504 -568.4866 4514.0972 46 53 141
-385.0847 -567.6837 4507.7212 46 53 136
-383.0923 -570.0993 4526.9033 46 52 134
-380.5406 -571.7213 4539.7822 47 53 134
-373.1831 -566.0845 4495.0234 46 53 133
-369.5775 -566.0845 4495.0234 46 53 132
-367.0056 -567.6837 4507.7212 46 52 130
-362.8773 -566.8830 4501.3638 46 52 131
-357.2511 -563.7027 4476.1104 46 53 132
-354.1573 -564.4944 4482.3970 46 53 133
-350.5618 -564.4944 4482.3970 47 53 132
-346.9663 -564.4944 4482.3970 48 54 132
-343.8538 -565.2884 4488.7017 48 54 132
-340.7324 -566.0845 4495.0234 48 54 133
-337.1268 -566.0845 4495.0234 46 53 133
-333.5211 -566.0845 4495.0234 47 54 132
-330.8475 -567.6837 4507.7212 47 54 131
-327.2317 -567.6837 4507.7212 48 55 132
-324.5326 -569.2918 4520.4912 49 55 132
-321.8182 -570.9091 4533.3335 48 55 132
-320.0000 -574.1715 4559.2383 49 54 133
-316.3429 -574.1715 4559.2383 48 54 133
-313.1331 -574.9929 4565.7607 47 54 132
-309.4707 -574.9929 4565.7607 48 54 132
-171.9403 -461.4466 3664.1409 56 61 126
-169.1954 -461.9771 3668.3525 55 60 123
-166.0620 -461.4466 3664.1409 57 59 121
-163.1228 -461.4466 3664.1409 63 64 121
-160.1837 -461.4466 3664.1409 88 86 126
-157.4253 -461.9771 3668.3525 202 191 119
-154.3054 -461.4466 3664.1409 247 232 72
339.9425 -385.3500 3059.8914 243 226 52
343.7151 -386.8335 3071.6716 241 224 50
345.8462 -386.4615 3068.7180 239 221 49
348.6429 -386.8335 3071.6716 230 212 42
351.4451 -387.2062 3074.6309 215 194 30
354.2527 -387.5796 3077.5957 199 175 18
356.7213 -387.5796 3077.5957 196 168 17
359.1900 -387.5796 3077.5957 196 166 17
360.2690 -386.0903 3065.7703 196 165 17
363.0769 -386.4615 3068.7180 196 165 18
365.1873 -386.0903 3065.7703 197 165 18
367.2937 -385.7198 3062.8279 196 166 18
370.1057 -386.0903 3065.7703 196 166 16
372.5649 -386.0903 3065.7703 196 165 16
466.1105 -453.1229 3598.0459 196 167 15
468.9966 -453.1229 3598.0459 197 167 15
473.4842 -454.6607 3610.2566 198 168 15
476.9196 -455.1756 3614.3452 199 168 15
480.9081 -456.2089 3622.5503 200 169 16
484.3636 -456.7273 3626.6667 201 170 17
487.8271 -457.2469 3630.7927 201 171 17
489.6255 -456.2089 3622.5503 201 167 14
491.9728 -455.6917 3618.4431 195 145 1
494.8753 -455.6917 3618.4431 199 142 0
497.7778 -455.6917 3618.4431 201 144 0
500.6803 -455.6917 3618.4431 203 146 2
504.1544 -456.2089 3622.5503 204 148 2
514.0504 -459.8627 3651.5637 207 153 3
592.4381 -524.0157 4160.9736 208 156 7
594.2263 -522.6528 4150.1519 210 158 8
598.3334 -523.3334 4155.5557 211 160 9
601.6667 -523.3334 4155.5557 212 161 10
608.1676 -526.0733 4177.3125 212 162 11
613.1234 -527.4540 4188.2764 212 162 11
616.4829 -527.4540 4188.2764 211 160 9
619.0302 -526.7628 4182.7871 211 160 9
619.9478 -524.6998 4166.4058 213 163 13
623.2899 -524.6998 4166.4058 214 164 13
-396.4922 -572.1075 4514.0972 46 56 145
-393.4278 -572.9179 4520.4912 44 52 141
-389.2504 -572.1075 4514.0972 45 53 140
-385.0847 -571.2994 4507.7212 46 53 137
-383.0923 -573.7306 4526.9033 46 53 134
-380.0000 -574.5455 4533.3335 46 53 133
-373.1831 -569.6901 4495.0234 46 53 132
-369.5775 -569.6901 4495.0234 46 53 132
-367.0056 -571.2994 4507.7212 45 53 132
-362.8773 -570.4937 4501.3638 46 53 132
-357.2511 -567.2932 4476.1104 47 53 132
-354.6555 -568.8890 4488.7017 46 52 132
-351.0549 -568.8890 4488.7017 47 53 132
-346.9663 -568.0899 4482.3970 48 54 132
-343.8538 -568.8890 4488.7017 48 54 132
-341.2130 -570.4937 4501.3638 47 54 132
-337.6023 -570.4937 4501.3638 47 54 132
-333.9916 -570.4937 4501.3638 47 54 130
-330.8475 -571.2994 4507.7212 47 54 130
-327.6945 -572.1075 4514.0972 47 54 130
-324.9929 -573.7306 4526.9033 48 54 132
-322.2760 -575.3628 4539.7822 48 54 131
-320.4578 -578.6553 4565.7607 48 54 131
-317.2493 -579.4843 4572.3018 48 54 132
-313.5817 -579.4843 4572.3018 47 54 132
-309.9141 -579.4843 4572.3018 48 54 132
-171.9403 -464.3858 3664.1409 55 60 124
-169.1954 -464.9196 3668.3525 54 58 123
-166.0620 -464.3858 3664.1409 57 59 120
-163.1228 -464.3858 3664.1409 62 63 122
-160.1837 -464.3858 3664.1409 87 86 127
-157.4253 -464.9196 3668.3525 201 192 121
339.9425 -387.8044 3059.8914 242 225 52
343.7151 -389.2974 3071.6716 241 224 50
345.8462 -388.9231 3068.7180 238 221 49
348.3077 -388.9231 3068.7180 230 212 42
351.1069 -389.2974 3071.6716 215 195 30
353.9114 -389.6725 3074.6309 199 174 19
356.3777 -389.6725 3074.6309 196 167 17
359.1900 -390.0482 3077.5957 197 166 16
360.2690 -388.5495 3065.7703 196 166 17
362.7282 -388.5495 3065.7703 196 165 17
364.8369 -388.1766 3062.8279 196 165 18
366.9415 -387.8044 3059.8914 197 166 19
369.7505 -388.1766 3062.8279 196 165 17
372.2073 -388.1766 3062.8279 196 165 16
466.1105 -456.0090 3598.0459 197 166 14
468.9966 -456.0090 3598.0459 198 166 16
473.4842 -457.5566 3610.2566 198 168 15
476.9196 -458.0748 3614.3452 200 169 14
480.9081 -459.1147 3622.5503 200 169 15
484.3636 -459.6364 3626.6667 201 170 16
487.8271 -460.1593 3630.7927 201 171 16
490.1819 -459.6364 3626.6667 201 167 14
491.9728 -458.5941 3618.4431 195 146 1
494.8753 -458.5941 3618.4431 199 142 0
497.7778 -458.5941 3618.4431 202 145 1
500.6803 -458.5941 3618.4431 203 146 2
504.1544 -459.1147 3622.5503 204 148 2
514.0504 -462.7918 3651.5637 207 153 4
592.4381 -527.3533 4160.9736 208 157 7
594.2263 -525.9818 4150.1519 209 158 8
598.3334 -526.6667 4155.5557 210 160 9
601.6667 -526.6667 4155.5557 211 161 10
607.3726 -528.7321 4171.8521 212 161 10
613.1234 -530.8137 4188.2764 212 162 11
615.6750 -530.1180 4182.7871 212 161 10
619.0302 -530.1180 4182.7871 212 162 11
619.1396 -527.3533 4160.9736 214 163 13
621.6667 -526.6667 4155.5557 214 164 14
-396.4922 -575.7285 4514.0972 47 54 143
-393.4278 -576.5439 4520.4912 43 52 139
-388.7006 -574.9153 4507.7212 44 53 137
-385.0847 -574.9153 4507.7212 46 54 135
-383.0923 -577.3618 4526.9033 46 53 134
-379.4610 -577.3618 4526.9033 47 53 131
-373.1831 -573.2958 4495.0234 47 53 131
-369.5775 -573.2958 4495.0234 47 53 132
-367.5248 -575.7285 4514.0972 46 54 131
-362.8773 -574.1044 4501.3638 46 53 131
-357.2511 -570.8836 4476.1104 47 53 132
-355.1549 -573.2958 4495.0234 46 53 132
-351.0549 -572.4895 4488.7017 46 53 133
-346.9663 -571.6854 4482.3970 48 53 132
-344.3380 -573.2958 4495.0234 48 54 130
-341.2130 -574.1044 4501.3638 48 54 132
-337.6023 -574.1044 4501.3638 48 55 132
-334.4633 -574.9153 4507.7212 48 55 132
-331.3154 -575.7285 4514.0972 48 55 131
-328.1587 -576.5439 4520.4912 49 55 130
-325.4546 -578.1818 4533.3335 49 55 131
-322.7351 -579.8291 4546.2490 48 55 131
-321.3773 -583.9885 4578.8618 48 55 131
-318.1609 -584.8276 4585.4409 48 55 130
-314.4828 -584.8276 4585.4409 47 55 131
-310.3587 -583.9885 4578.8618 47 55 132
-171.9403 -467.3249 3664.1409 55 60 124
-169.1954 -467.8621 3668.3525 52 57 124
-166.0620 -467.3249 3664.1409 56 60 120
-163.1228 -467.3249 3664.1409 64 65 121
-160.1837 -467.3249 3664.1409 87 86 129
-157.4253 -467.8621 3668.3525 198 189 123
339.9425 -390.2589 3059.8914 243 225 51
343.7151 -391.7613 3071.6716 241 223 50
345.8462 -391.3846 3068.7180 238 220 50
348.3077 -391.3846 3068.7180 230 212 42
351.1069 -391.7613 3071.6716 215 194 30
353.9114 -392.1388 3074.6309 199 173 18
356.7213 -392.5169 3077.5957 196 167 16
359.5367 -392.8958 3080.5664 196 165 16
360.6154 -391.3846 3068.7180 196 166 17
363.0769 -391.3846 3068.7180 195 165 17
364.8369 -390.6334 3062.8279 195 165 17
366.9415 -390.2589 3059.8914 196 165 18
369.3960 -390.2589 3059.8914 197 165 17
372.2073 -390.6334 3062.8279 196 165 17
466.1105 -458.8952 3598.0459 197 164 12
468.9966 -458.8952 3598.0459 197 164 13
473.4842 -460.4525 3610.2566 197 168 15
476.9196 -460.9740 3614.3452 200 169 15
480.9081 -462.0205 3622.5503 200 169 15
484.9147 -463.0717 3630.7927 201 171 16
487.8271 -463.0717 3630.7927 201 171 16
490.1819 -462.5455 3626.6667 201 167 14
491.9728 -461.4966 3618.4431 195 145 1
494.8753 -461.4966 3618.4431 199 142 0
497.7778 -461.4966 3618.4431 202 144 1
500.6803 -461.4966 3618.4431 203 146 1
504.1544 -462.0205 3622.5503 204 147 1
594.2263 -529.3108 4150.1519 209 158 7
598.3334 -530.0001 4155.5557 210 159 8
601.6667 -530.0001 4155.5557 211 161 10
606.5797 -531.3839 4166.4058 212 162 11
613.1234 -534.1732 4188.2764 212 162 11
616.4829 -534.1732 4188.2764 212 162 12
619.0302 -533.4731 4182.7871 213 163 12
619.1396 -530.6910 4160.9736 213 163 12
-396.4922 -579.3494 4514.0972 46 55 142
-393.4278 -580.1700 4520.4912 43 52 139
-388.7006 -578.5311 4507.7212 44 53 136
-385.0847 -578.5311 4507.7212 46 53 134
-383.6364 -581.8182 4533.3335 46 53 133
-378.9236 -580.1700 4520.4912 47 54 131
-373.1831 -576.9014 4495.0234 47 54 131
-369.5775 -576.9014 4495.0234 46 53 131
-368.0453 -580.1700 4520.4912 46 53 131
-362.8773 -577.7151 4501.3638 45 53 132
-357.7528 -575.2809 4482.3970 45 53 132
-355.6559 -577.7151 4501.3638 46 53 132
-351.5493 -576.9014 4495.0234 46 53 132
-347.4543 -576.0901 4488.7017 48 54 132
-344.3380 -576.9014 4495.0234 48 54 132
-341.2130 -577.7151 4501.3638 47 54 132
-337.6023 -577.7151 4501.3638 47 54 132
-334.4633 -578.5311 4507.7212 47 54 132
-331.3154 -579.3494 4514.0972 48 54 131
-329.0909 -581.8182 4533.3335 49 55 130
-326.3818 -583.4758 4546.2490 49 55 130
-323.6572 -585.1429 4559.2383 48 56 131
-318.6187 -589.3526 4592.0386 51 55 131
-171.9403 -470.2641 3664.1409 56 61 123
-169.1954 -470.8046 3668.3525 53 58 122
-166.0620 -470.2641 3664.1409 57 60 121
-163.1228 -470.2641 3664.1409 64 66 121
-160.1837 -470.2641 3664.1409 89 88 129
-157.4253 -470.8046 3668.3525 198 189 123
340.2687 -393.0902 3062.8279 242 225 51
344.0463 -394.6050 3074.6309 241 223 50
346.1790 -394.2253 3071.6716 238 220 50
348.6429 -394.2253 3071.6716 230 212 42
351.4451 -394.6050 3074.6309 216 194 30
354.2527 -394.9856 3077.5957 199 174 17
356.7213 -394.9856 3077.5957 196 166 16
359.5367 -395.3668 3080.5664 196 165 17
360.6154 -393.8462 3068.7180 196 165 18
363.0769 -393.8462 3068.7180 195 165 17
364.8369 -393.0902 3062.8279 195 165 17
366.9415 -392.7133 3059.8914 196 165 18
369.3960 -392.7133 3059.8914 196 165 18
372.2073 -393.0902 3062.8279 196 165 17
466.1105 -461.7813 3598.0459 197 165 12
468.9966 -461.7813 3598.0459 198 164 12
473.4842 -463.3484 3610.2566 199 168 15
476.9196 -463.8732 3614.3452 199 169 15
480.9081 -464.9263 3622.5503 202 168 15
484.9147 -465.9841 3630.7927 202 170 16
487.8271 -465.9841 3630.7927 201 171 16
490.1819 -465.4546 3626.6667 201 166 14
491.9728 -464.3991 3618.4431 195 144 1
494.8753 -464.3991 3618.4431 199 142 0
497.7778 -464.3991 3618.4431 201 144 0
500.6803 -464.3991 3618.4431 203 146 1
504.1544 -464.9263 3622.5503 204 147 1
593.4546 -531.9481 4144.7622 209 158 6
597.5553 -532.6398 4150.1519 211 160 7
600.8843 -532.6398 4150.1519 211 161 9
605.7888 -534.0287 4160.9736 212 162 11
612.3198 -536.8283 4182.7871 212 162 12
616.4829 -537.5328 4188.2764 213 163 12
618.2199 -536.1257 4177.3125 213 163 12
618.3334 -533.3333 4155.5557 213 164 12
-397.0538 -583.7961 4520.4912 45 54 141
-393.4278 -583.7961 4520.4912 44 53 138
-389.2504 -582.9703 4514.0972 45 53 136
-385.0847 -582.1469 4507.7212 46 52 133
-384.1821 -586.2874 4539.7822 46 52 131
-378.9236 -583.7961 4520.4912 46 53 131
-373.1831 -580.5070 4495.0234 46 53 131
-370.0988 -581.3259 4501.3638 46 53 131
-369.0909 -585.4546 4533.3335 46 52 130
-363.3898 -582.1469 4507.7212 45 52 131
-358.2560 -579.6906 4488.7017 46 52 132
-356.1582 -582.1469 4507.7212 46 52 131
-351.5493 -580.5070 4495.0234 46 53 129
-347.9437 -580.5070 4495.0234 47 53 130
-344.8237 -581.3259 4501.3638 47 54 130
-341.6949 -582.1469 4507.7212 48 54 131
-337.6023 -581.3259 4501.3638 48 54 131
-334.9364 -582.9703 4514.0972 48 54 130
-331.3154 -582.9703 4514.0972 48 54 130
-329.0909 -585.4546 4533.3335 48 54 130
-326.3818 -587.1226 4546.2490 48 55 130
-324.1202 -589.6424 4565.7607 48 55 130
-322.3022 -593.0360 4592.0386 49 55 130
-319.0778 -593.8905 4598.6553 49 55 130
-171.9403 -473.2032 3664.1409 55 59 122
-169.1954 -473.7471 3668.3525 53 59 121
-166.0620 -473.2032 3664.1409 58 60 119
-163.1228 -473.2032 3664.1409 66 68 121
-160.1837 -473.2032 3664.1409 90 90 131
-157.4253 -473.7471 3668.3525 197 189 124
340.2687 -395.5470 3062.8279 242 225 51
344.3780 -397.4542 3077.5957 241 224 50
346.5125 -397.0713 3074.6309 239 221 50
348.9789 -397.0713 3074.6309 231 213 43
351.4451 -397.0713 3074.6309 214 195 30
354.2527 -397.4542 3077.5957 198 174 17
356.7213 -397.4542 3077.5957 195 166 16
359.5367 -397.8379 3080.5664 196 164 17
360.6154 -396.3077 3068.7180 195 165 17
362.7282 -395.9270 3065.7703 196 165 17
364.8369 -395.5470 3062.8279 196 165 18
366.9415 -395.1678 3059.8914 196 164 19
369.3960 -395.1678 3059.8914 196 165 18
372.2073 -395.5470 3062.8279 195 165 17
466.6366 -465.1919 3602.1069 197 166 14
468.9966 -464.6674 3598.0459 197 166 15
474.0204 -466.7724 3614.3452 198 168 15
477.4604 -467.3016 3618.4431 198 169 15
481.4546 -468.3637 3626.6667 200 170 16
484.9147 -468.8965 3630.7927 202 171 16
487.8271 -468.8965 3630.7927 202 172 15
490.1819 -468.3637 3626.6667 202 166 13
491.9728 -467.3016 3618.4431 195 144 0
495.4370 -467.8321 3622.5503 200 142 0
498.3428 -467.8321 3622.5503 201 144 0
500.6803 -467.3016 3618.4431 203 145 1
504.1544 -467.8321 3622.5503 205 148 3
591.9172 -533.8860 4134.0244 210 158 7
596.0052 -534.5785 4139.3862 211 159 8
600.1039 -535.2728 4144.7622 211 161 9
604.2133 -535.9688 4150.1519 212 162 11
611.5183 -539.4765 4177.3125 213 162 11
616.4829 -540.8924 4188.2764 213 163 12
618.2199 -539.4765 4177.3125 213 163 12
617.5293 -535.9688 4150.1519 213 163 12
-397.0538 -587.4221 4520.4912 46 54 141
-393.4278 -587.4221 4520.4912 46 53 138
-389.2504 -586.5912 4514.0972 46 53 134
-385.6294 -586.5912 4514.0972 47 53 133
-384.7294 -590.7692 4546.2490 47 53 132
-378.9236 -587.4221 4520.4912 47 54 131
-373.7095 -584.9366 4501.3638 46 53 130
-370.6215 -585.7627 4507.7212 47 53 130
-370.1425 -590.7692 4546.2490 47 53 129
-363.9038 -586.5912 4514.0972 47 53 129
-358.7606 -584.1127 4495.0234 47 53 131
-356.6620 -586.5912 4514.0972 46 52 131
-352.0452 -584.9366 4501.3638 47 53 131
-348.4344 -584.9366 4501.3638 46 53 131
-345.3107 -585.7627 4507.7212 46 54 131
-341.6949 -585.7627 4507.7212 48 55 130
-337.6023 -584.9366 4501.3638 48 54 130
-334.9364 -586.5912 4514.0972 48 54 129
-330.8475 -585.7627 4507.7212 48 54 129
-329.0909 -589.0909 4533.3335 49 55 130
-326.3818 -590.7692 4546.2490 49 55 131
-324.5845 -594.1547 4572.3018 49 55 130
-322.3022 -596.7195 4592.0386 49 55 131
-180.3437 -475.0516 3655.7466 52 58 130
-177.4112 -475.0516 3655.7466 52 57 128
-174.4788 -475.0516 3655.7466 54 59 128
-171.9403 -476.1424 3664.1409 53 58 125
-169.1954 -476.6897 3668.3525 54 57 121
-166.0620 -476.1424 3664.1409 58 59 119
-163.1228 -476.1424 3664.1409 67 68 121
-160.1837 -476.1424 3664.1409 91 91 132
-157.4253 -476.6897 3668.3525 196 187 123
339.9425 -397.6223 3059.8914 243 226 51
344.0463 -399.5376 3074.6309 241 223 51
346.5125 -399.5376 3074.6309 238 220 51
348.9789 -399.5376 3074.6309 230 212 44
351.4451 -399.5376 3074.6309 215 195 31
354.2527 -399.9229 3077.5957 199 174 18
356.7213 -399.9229 3077.5957 196 166 17
359.5367 -400.3089 3080.5664 196 164 18
360.6154 -398.7693 3068.7180 195 164 17
363.0769 -398.7693 3068.7180 195 164 16
364.8369 -398.0038 3062.8279 196 164 17
366.9415 -397.6223 3059.8914 196 164 18
369.3960 -397.6223 3059.8914 196 165 17
372.2073 -398.0038 3062.8279 196 165 17
466.6366 -468.0813 3602.1069 197 167 15
468.9966 -467.5536 3598.0459 197 167 15
474.0204 -469.6716 3614.3452 197 168 16
477.4604 -470.2041 3618.4431 198 169 16
481.4546 -471.2727 3626.6667 200 170 17
484.9147 -471.8089 3630.7927 202 171 16
487.8271 -471.8089 3630.7927 202 172 15
490.1819 -471.2727 3626.6667 201 165 12
492.5312 -470.7378 3622.5503 195 144 0
495.4370 -470.7378 3622.5503 199 141 0
498.3428 -470.7378 3622.5503 201 143 0
501.2486 -470.7378 3622.5503 202 145 1
504.7273 -471.2727 3626.6667 204 148 2
591.1514 -536.5071 4128.6763 210 157 8
594.4631 -536.5071 4128.6763 211 159 9
598.5493 -537.2021 4134.0244 212 161 9
601.8654 -537.2021 4134.0244 212 161 10
610.7190 -542.1177 4171.8521 212 162 11
616.4829 -544.2520 4188.2764 213 163 12
618.2199 -542.8273 4177.3125 213 163 12
616.7274 -538.5975 4144.7622 213 163 13
-397.0538 -591.0482 4520.4912 47 55 140
-393.4278 -591.0482 4520.4912 48 54 137
-389.2504 -590.2122 4514.0972 49 54 134
-385.6294 -590.2122 4514.0972 48 54 132
-384.7294 -594.4160 4546.2490 48 54 131
-378.3876 -590.2122 4514.0972 48 54 130
-373.7095 -588.5473 4501.3638 47 53 130
-370.6215 -589.3785 4507.7212 47 53 130
-370.6705 -595.2639 4552.7344 47 53 129
-363.9038 -590.2122 4514.0972 47 53 129
-359.2666 -588.5473 4501.3638 47 53 130
-357.6738 -591.8866 4526.9033 47 53 129
-352.0452 -588.5473 4501.3638 48 54 130
-348.4344 -588.5473 4501.3638 48 54 131
-345.3107 -589.3785 4507.7212 48 55 130
-342.1782 -590.2122 4514.0972 49 55 129
-338.0791 -589.3785 4507.7212 49 55 129
-335.4108 -591.0482 4520.4912 50 56 129
-330.8475 -589.3785 4507.7212 49 56 129
-330.0285 -594.4160 4546.2490 49 55 130
-326.3818 -594.4160 4546.2490 50 56 130
-322.3022 -600.4030 4592.0386 50 56 131
-183.2761 -477.9840 3655.7466 51 57 128
-180.1373 -477.4371 3651.5637 53 58 129
-177.2083 -477.4371 3651.5637 53 57 128
-174.2792 -477.4371 3651.5637 53 59 127
-171.7431 -478.5322 3659.9390 54 59 124
-169.0011 -479.0815 3664.1409 54 58 120
-165.8716 -478.5322 3659.9390 59 60 118
-163.1228 -479.0815 3664.1409 65 66 120
-160.1837 -479.0815 3664.1409 88 88 133
-157.2446 -479.0815 3664.1409 194 185 125
339.9425 -400.0767 3059.8914 242 225 52
344.0463 -402.0039 3074.6309 241 223 52
346.5125 -402.0039 3074.6309 238 220 50
348.9789 -402.0039 3074.6309 230 212 43
351.4451 -402.0039 3074.6309 215 194 31
354.2527 -402.3915 3077.5957 199 173 18
356.7213 -402.3915 3077.5957 195 166 17
359.5367 -402.7799 3080.5664 194 164 16
360.6154 -401.2308 3068.7180 195 164 17
362.7282 -400.8454 3065.7703 195 165 17
364.8369 -400.4607 3062.8279 196 165 18
366.9415 -400.0767 3059.8914 196 164 18
369.3960 -400.0767 3059.8914 196 165 17
372.2073 -400.4607 3062.8279 196 165 17
467.1638 -471.5029 3606.1770 197 167 14
468.9966 -470.4397 3598.0459 197 168 15
474.5579 -473.1066 3618.4431 197 168 15
477.4604 -473.1066 3618.4431 199 169 15
481.4546 -474.1819 3626.6667 200 169 16
484.9147 -474.7213 3630.7927 201 171 16
488.3827 -475.2620 3634.9280 202 172 15
490.7395 -474.7213 3630.7927 201 166 13
492.5312 -473.6436 3622.5503 195 143 0
496.0000 -474.1819 3626.6667 200 141 0
498.9091 -474.1819 3626.6667 201 143 0
501.8182 -474.1819 3626.6667 203 145 1
505.3015 -474.7213 3630.7927 203 148 1
590.3877 -539.1215 4123.3423 209 158 8
593.6951 -539.1215 4123.3423 210 159 9
597.7750 -539.8189 4128.6763 212 161 9
601.0867 -539.8189 4128.6763 212 161 10
609.9218 -544.7520 4166.4058 212 162 11
617.2931 -548.3312 4193.7803 212 162 11
618.2199 -546.1780 4177.3125 213 163 12
617.5293 -542.6268 4150.1519 212 163 12
-397.6170 -595.5178 4526.9033 50 56 141
-393.4278 -594.6743 4520.4912 50 55 136
-389.2504 -593.8331 4514.0972 52 56 134
-385.6294 -593.8331 4514.0972 51 55 130
-385.2782 -598.9159 4552.7344 50 54 129
-378.3876 -593.8331 4514.0972 50 54 129
-373.7095 -592.1581 4501.3638 49 53 130
-371.1457 -593.8331 4514.0972 47 53 129
-370.6705 -598.9159 4552.7344 47 53 129
-359.7740 -592.9943 4507.7212 47 54 130
-358.1818 -596.3636 4533.3335 47 54 129
-352.0452 -592.1581 4501.3638 48 55 128
-347.9437 -591.3240 4495.0234 49 55 128
-344.8237 -592.1581 4501.3638 50 56 129
-341.6949 -592.9943 4507.7212 49 56 128
-337.6023 -592.1581 4501.3638 50 56 129
-334.9364 -593.8331 4514.0972 51 57 129
-330.3809 -592.1581 4501.3638 50 56 129
-180.1373 -480.3661 3651.5637 52 57 128
-177.2083 -480.3661 3651.5637 51 57 127
-174.2792 -480.3661 3651.5637 52 58 125
-171.7431 -481.4679 3659.9390 56 61 123
-169.0011 -482.0207 3664.1409 56 57 119
-165.8716 -481.4679 3659.9390 60 60 117
-163.1228 -482.0207 3664.1409 66 65 120
-160.1837 -482.0207 3664.1409 91 89 134
339.9425 -402.5312 3059.8914 242 225 51
344.3780 -404.8602 3077.5957 241 224 51
346.8467 -404.8602 3077.5957 238 220 50
349.3153 -404.8602 3077.5957 230 212 42
351.4451 -404.4702 3074.6309 215 194 30
354.5946 -405.2510 3080.5664 199 173 18
357.0657 -405.2510 3080.5664 196 165 17
359.5367 -405.2510 3080.5664 196 164 18
360.6154 -403.6923 3068.7180 196 164 19
363.0769 -403.6923 3068.7180 195 164 19
365.1873 -403.3045 3065.7703 196 165 18
367.2937 -402.9175 3062.8279 196 164 17
369.7505 -402.9175 3062.8279 196 164 17
372.5649 -403.3045 3065.7703 196 164 16
467.1638 -474.3955 3606.1770 197 167 15
469.5260 -473.8601 3602.1069 197 167 16
474.5579 -476.0091 3618.4431 198 168 15
478.0023 -476.5494 3622.5503 200 168 15
481.4546 -477.0910 3626.6667 200 169 16
484.9147 -477.6337 3630.7927 201 170 16
488.3827 -478.1777 3634.9280 201 172 16
490.7395 -477.6337 3630.7927 201 166 13
493.0909 -477.0910 3626.6667 195 143 0
496.0000 -477.0910 3626.6667 199 142 0
499.4767 -477.6337 3630.7927 201 143 0
501.8182 -477.0910 3626.6667 202 145 0
505.3015 -477.6337 3630.7927 203 147 1
589.6258 -541.7290 4118.0215 210 158 7
592.9291 -541.7290 4118.0215 210 159 8
597.0027 -542.4290 4123.3423 211 160 9
599.5355 -541.7290 4118.0215 212 161 10
619.0302 -550.2490 4182.7871 213 163 12
618.3334 -546.6667 4155.5557 212 162 11
-397.6170 -599.1490 4526.9033 47 53 139
-393.9858 -599.1490 4526.9033 47 53 135
-389.8017 -598.3004 4520.4912 49 55 133
-386.1757 -598.3004 4520.4912 50 55 131
-385.2782 -602.5678 4552.7344 50 55 128
-378.3876 -597.4541 4514.0972 50 54 128
-374.2373 -596.6102 4507.7212 50 54 128
-371.1457 -597.4541 4514.0972 48 54 129
-371.2000 -603.4286 4559.2383 48 54 129
-363.9038 -597.4541 4514.0972 48 54 129
-359.7740 -596.6102 4507.7212 49 54 129
-358.1818 -600.0000 4533.3335 49 54 128
-352.0452 -595.7687 4501.3638 49 55 128
-347.4543 -594.0929 4488.7017 50 57 129
-344.3380 -594.9296 4495.0234 51 57 129
-340.7324 -594.9296 4495.0234 52 58 130
-337.1268 -594.9296 4495.0234 52 59 129
-180.1373 -483.2952 3651.5637 51 57 126
-177.2083 -483.2952 3651.5637 50 57 126
-174.2792 -483.2952 3651.5637 51 58 125
-171.7431 -484.4037 3659.9390 54 60 121
-169.0011 -484.9598 3664.1409 53 56 119
-165.8716 -484.4037 3659.9390 59 59 118
-163.1228 -484.9598 3664.1409 63 65 121
-160.1837 -484.9598 3664.1409 87 88 137
342.2394 -407.7220 3080.5664 242 225 52
345.3772 -408.5107 3086.5249 241 224 51
347.8530 -408.5107 3086.5249 238 220 49
349.6526 -407.7220 3080.5664 230 212 42
352.1236 -407.7220 3080.5664 214 193 29
354.5946 -407.7220 3080.5664 199 173 17
357.0657 -407.7220 3080.5664 196 165 16
359.5367 -407.7220 3080.5664 195 165 17
360.9625 -406.5448 3071.6716 195 165 17
363.4264 -406.5448 3071.6716 195 165 16
365.1873 -405.7637 3065.7703 195 165 17
367.2937 -405.3743 3062.8279 195 165 17
370.1057 -405.7637 3065.7703 196 165 17
372.9231 -406.1539 3068.7180 195 165 15
467.6924 -477.8281 3610.2566 197 166 13
469.5260 -476.7495 3602.1069 198 167 14
474.5579 -478.9116 3618.4431 198 167 16
478.0023 -479.4552 3622.5503 200 167 16
481.4546 -480.0000 3626.6667 201 169 16
484.9147 -480.5461 3630.7927 201 171 16
488.3827 -481.0934 3634.9280 201 171 15
490.7395 -480.5461 3630.7927 201 166 13
493.0909 -480.0000 3626.6667 195 143 0
496.5643 -480.5461 3630.7927 199 141 0
499.4767 -480.5461 3630.7927 200 143 0
501.8182 -480.0000 3626.6667 202 145 1
505.3015 -480.5461 3630.7927 203 147 1
596.2323 -545.0323 4118.0215 211 160 9
-397.6170 -602.7802 4526.9033 42 52 136
-393.9858 -602.7802 4526.9033 44 51 133
-389.8017 -601.9264 4520.4912 46 52 131
-386.1757 -601.9264 4520.4912 47 53 129
-385.2782 -606.2197 4552.7344 46 53 127
-377.8531 -600.2260 4507.7212 46 53 126
-374.2373 -600.2260 4507.7212 47 53 127
-371.1457 -601.0750 4514.0972 48 54 128
-371.2000 -607.0858 4559.2383 48 53 128
-362.8773 -599.3795 4501.3638 49 54 128
-359.2666 -599.3795 4501.3638 50 54 128
-357.6738 -602.7802 4526.9033 49 55 128
-351.5493 -598.5352 4495.0234 49 55 127
-343.3708 -596.8539 4482.3970 51 58 129
-174.4788 -486.7812 3655.7466 53 58 125
-171.9403 -487.8990 3664.1409 57 62 122
-169.0011 -487.8990 3664.1409 54 57 118
-166.0620 -487.8990 3664.1409 56 58 116
-163.1228 -487.8990 3664.1409 61 65 120
-160.1837 -487.8990 3664.1409 87 88 137
345.7115 -411.3844 3089.5129 241 223 52
348.5272 -411.7830 3092.5066 238 220 50
350.3289 -410.9865 3086.5249 230 212 42
352.4638 -410.5894 3083.5427 214 194 30
354.9372 -410.5894 3083.5427 198 172 17
357.0657 -410.1931 3080.5664 195 165 17
359.5367 -410.1931 3080.5664 195 165 17
360.6154 -408.6154 3068.7180 195 165 16
363.4264 -409.0087 3071.6716 195 165 17
365.5385 -408.6154 3068.7180 195 165 19
367.6465 -408.2229 3065.7703 195 165 17
370.1057 -408.2229 3065.7703 195 164 16
372.9231 -408.6154 3068.7180 195 164 15
467.1638 -480.1808 3606.1770 198 167 14
469.5260 -479.6389 3602.1069 197 167 15
474.5579 -481.8141 3618.4431 198 168 15
477.4604 -481.8141 3618.4431 199 168 15
480.9081 -482.3610 3622.5503 201 169 16
484.9147 -483.4585 3630.7927 201 171 16
487.8271 -483.4585 3630.7927 202 172 15
490.7395 -483.4585 3630.7927 201 166 13
493.0909 -482.9091 3626.6667 195 142 0
496.5643 -483.4585 3630.7927 199 141 0
499.4767 -483.4585 3630.7927 200 142 0
502.3891 -483.4585 3630.7927 202 145 1
505.8770 -484.0092 3634.9280 204 147 1
-398.1819 -607.2728 4533.3335 43 51 136
-393.9858 -606.4114 4526.9033 44 50 133
-389.8017 -605.5525 4520.4912 44 50 129
-386.7234 -606.4114 4526.9033 44 50 128
-385.8286 -610.7429 4559.2383 45 51 126
-377.8531 -603.8418 4507.7212 44 50 126
-374.2373 -603.8418 4507.7212 45 50 126
-371.1457 -604.6959 4514.0972 46 50 126
-361.3483 -600.4495 4482.3970 45 51 125
-358.7606 -602.1409 4495.0234 46 52 126
-358.1818 -607.2728 4533.3335 46 52 127
-351.0549 -601.2940 4488.7017 47 53 127
-180.5505 -490.2753 3659.9390 51 57 125
-177.6147 -490.2753 3659.9390 50 57 124
-174.4788 -489.7137 3655.7466 54 58 124
-171.9403 -490.8381 3664.1409 58 60 123
-169.1954 -491.4023 3668.3525 54 58 119
-166.0620 -490.8381 3664.1409 56 59 117
-163.3103 -491.4023 3668.3525 61 64 120
-160.1837 -490.8381 3664.1409 87 90 139
-157.4253 -491.4023 3668.3525 185 178 127
344.2330 -415.0680 3098.5115 242 225 51
346.0465 -414.2636 3092.5066 241 223 51
348.8652 -414.6654 3095.5061 237 219 49
350.6680 -413.8626 3089.5129 230 212 42
352.8047 -413.4623 3086.5249 215 193 30
354.9372 -413.0628 3083.5427 197 172 17
357.0657 -412.6641 3080.5664 194 165 16
359.5367 -412.6641 3080.5664 195 165 18
360.6154 -411.0769 3068.7180 195 164 18
363.4264 -411.4726 3071.6716 195 164 18
365.5385 -411.0769 3068.7180 195 164 19
367.6465 -410.6821 3065.7703 195 164 18
370.4615 -411.0769 3068.7180 196 164 17
372.9231 -411.0769 3068.7180 196 164 16
467.1638 -483.0735 3606.1770 197 166 14
469.5260 -482.5283 3602.1069 197 167 15
474.0204 -484.1676 3614.3452 198 168 16
477.4604 -484.7166 3618.4431 198 168 15
480.9081 -485.2668 3622.5503 201 169 16
484.3636 -485.8182 3626.6667 201 171 17
487.8271 -486.3709 3630.7927 202 172 16
490.7395 -486.3709 3630.7927 202 165 14
493.0909 -485.8182 3626.6667 194 142 0
496.5643 -486.3709 3630.7927 199 140 0
499.4767 -486.3709 3630.7927 200 142 0
502.3891 -486.3709 3630.7927 202 144 0
505.8770 -486.9249 3634.9280 204 147 0
-398.1819 -610.9091 4533.3335 43 49 133
-393.9858 -610.0426 4526.9033 44 49 131
-389.8017 -609.1785 4520.4912 44 49 129
-386.7234 -610.0426 4526.9033 44 49 127
-385.8286 -614.4000 4559.2383 44 50 126
-377.8531 -607.4576 4507.7212 44 49 125
-374.2373 -607.4576 4507.7212 45 49 125
-371.1457 -608.3168 4514.0972 46 50 124
-174.6789 -493.2111 3659.9390 56 60 122
-172.1379 -494.3449 3668.3525 58 60 119
-169.1954 -494.3449 3668.3525 54 58 117
-166.0620 -493.7773 3664.1409 57 59 116
-163.3103 -494.3449 3668.3525 62 63 119
-160.3678 -494.3449 3668.3525 87 89 139
-157.4253 -494.3449 3668.3525 186 177 128
339.7684 -415.1352 3080.5664 243 226 52
343.8991 -417.1484 3095.5061 242 225 51
346.0465 -416.7442 3092.5066 241 223 51
348.8652 -417.1484 3095.5061 238 220 50
350.6680 -416.3408 3089.5129 230 212 42
352.8047 -415.9381 3086.5249 214 193 29
354.9372 -415.5363 3083.5427 198 172 17
357.0657 -415.1352 3080.5664 194 165 16
359.5367 -415.1352 3080.5664 195 164 17
360.9625 -413.9365 3071.6716 195 164 18
363.4264 -413.9365 3071.6716 195 164 18
365.8903 -413.9365 3071.6716 195 164 18
368.0000 -413.5385 3068.7180 195 164 17
370.8181 -413.9365 3071.6716 196 164 17
373.2820 -413.9365 3071.6716 196 164 17
467.1638 -485.9661 3606.1770 197 166 14
468.9966 -484.8704 3598.0459 197 167 14
474.0204 -487.0669 3614.3452 198 168 15
477.4604 -487.6191 3618.4431 199 168 15
480.3628 -487.6191 3618.4431 200 170 16
484.3636 -488.7273 3626.6667 202 171 17
487.8271 -489.2833 3630.7927 202 172 16
490.7395 -489.2833 3630.7927 202 164 13
493.0909 -488.7273 3626.6667 194 141 0
496.5643 -489.2833 3630.7927 199 140 0
500.0456 -489.8405 3634.9280 200 142 0
502.9613 -489.8405 3634.9280 202 144 0
505.8770 -489.8405 3634.9280 204 146 1
-398.1819 -614.5455 4533.3335 43 48 131
-393.4278 -612.8046 4520.4912 43 49 128
-389.8017 -612.8046 4520.4912 43 49 125
-386.1757 -612.8046 4520.4912 43 48 124
-385.2782 -617.1755 4552.7344 42 48 123
-376.7887 -609.3521 4495.0234 42 49 123
-373.7095 -610.2117 4501.3638 44 49 124
-369.5775 -609.3521 4495.0234 45 50 123
-353.2871 -600.0555 4426.4448 43 49 122
-350.7094 -601.7247 4438.7578 44 49 123
-346.6667 -600.8889 4432.5928 45 50 123
-342.1607 -599.2244 4420.3140 45 51 124
-338.6150 -599.2244 4420.3140 45 51 124
-334.1436 -597.5691 4408.1030 44 52 123
-330.6077 -597.5691 4408.1030 45 52 125
-326.6207 -596.7448 4402.0229 46 53 125
-322.6446 -595.9229 4395.9595 46 53 125
-318.6795 -595.1032 4389.9131 48 54 126
-315.5923 -595.9229 4395.9595 47 53 125
-174.6789 -496.1468 3659.9390 58 60 120
-172.1379 -497.2874 3668.3525 60 60 118
-169.3901 -497.8596 3672.5740 57 58 116
-166.2529 -497.2874 3668.3525 56 57 115
-163.3103 -497.2874 3668.3525 60 63 118
-160.5524 -497.8596 3672.5740 86 89 140
-157.6064 -497.8596 3672.5740 184 177 128
339.4407 -417.2035 3077.5957 244 226 52
343.8991 -419.6315 3095.5061 242 225 51
346.0465 -419.2249 3092.5066 241 223 51
348.8652 -419.6315 3095.5061 238 220 50
350.6680 -418.8190 3089.5129 229 212 42
352.8047 -418.4140 3086.5249 213 193 30
354.9372 -418.0097 3083.5427 197 172 17
357.0657 -417.6062 3080.5664 195 165 16
359.5367 -417.6062 3080.5664 195 165 17
360.9625 -416.4004 3071.6716 194 165 16
363.4264 -416.4004 3071.6716 193 165 16
365.8903 -416.4004 3071.6716 194 165 16
368.3542 -416.4004 3071.6716 195 164 16
370.8181 -416.4004 3071.6716 195 165 16
373.2820 -416.4004 3071.6716 195 165 16
464.2712 -488.8588 3606.1770 197 166 14
467.1638 -488.8588 3606.1770 197 167 14
468.9966 -487.7565 3598.0459 197 167 15
474.0204 -489.9660 3614.3452 198 168 16
477.4604 -490.5216 3618.4431 199 169 15
480.3628 -490.5216 3618.4431 200 170 16
483.8139 -491.0784 3622.5503 201 171 17
487.2728 -491.6364 3626.6667 202 172 16
490.7395 -492.1957 3630.7927 201 164 12
493.6519 -492.1957 3630.7927 194 141 0
496.5643 -492.1957 3630.7927 199 139 0
500.0456 -492.7563 3634.9280 200 142 0
502.9613 -492.7563 3634.9280 202 143 0
506.4539 -493.3182 3639.0728 203 146 1
-397.6170 -617.3050 4526.9033 41 46 129
-393.4278 -616.4307 4520.4912 41 46 127
-389.2504 -615.5587 4514.0972 41 47 124
-386.1757 -616.4307 4520.4912 41 47 123
-385.2782 -620.8275 4552.7344 41 47 121
-376.2588 -612.0957 4488.7017 43 48 121
-372.6583 -612.0957 4488.7017 44 48 121
-368.0225 -610.3787 4476.1104 43 48 122
-351.3380 -600.2759 4402.0229 42 47 121
-348.2873 -601.1050 4408.1030 42 48 122
-344.7514 -601.1050 4408.1030 41 48 121
-340.7448 -600.2759 4402.0229 42 48 122
-337.2138 -600.2759 4402.0229 43 49 123
-333.2231 -599.4490 4395.9595 42 50 122
-329.2435 -598.6246 4389.9131 43 49 122
-325.7222 -598.6246 4389.9131 44 50 123
-321.7583 -597.8022 4383.8828 43 50 122
-317.8052 -596.9822 4377.8691 44 50 123
-314.7253 -597.8022 4383.8828 44 51 122
-311.2088 -597.8022 4383.8828 43 50 122
-307.2702 -596.9822 4377.8691 44 50 122
-174.8795 -499.6556 3664.1409 54 57 120
-172.3360 -500.8055 3672.5740 56 59 117
-169.3901 -500.8055 3672.5740 56 58 115
-166.2529 -500.2299 3668.3525 56 56 113
-163.3103 -500.2299 3668.3525 62 63 117
-160.5524 -500.8055 3672.5740 88 91 139
-157.6064 -500.8055 3672.5740 184 178 126
339.7684 -420.0772 3080.5664 243 226 52
343.8991 -422.1145 3095.5061 242 225 51
345.7115 -421.2972 3089.5129 241 223 50
348.5272 -421.7055 3092.5066 237 220 49
350.6680 -421.2972 3089.5129 228 212 42
352.8047 -420.8898 3086.5249 212 193 28
354.9372 -420.4831 3083.5427 197 172 16
357.0657 -420.0772 3080.5664 195 165 15
359.5367 -420.0772 3080.5664 195 165 16
360.9625 -418.8643 3071.6716 194 164 16
363.4264 -418.8643 3071.6716 194 165 17
365.8903 -418.8643 3071.6716 194 164 17
368.3542 -418.8643 3071.6716 195 163 17
370.8181 -418.8643 3071.6716 195 164 16
373.2820 -418.8643 3071.6716 195 164 15
464.2712 -491.7514 3606.1770 197 166 14
467.1638 -491.7514 3606.1770 197 167 14
468.9966 -490.6426 3598.0459 198 167 15
474.0204 -492.8653 3614.3452 198 168 16
477.4604 -493.4241 3618.4431 199 169 15
480.3628 -493.4241 3618.4431 200 170 15
483.8139 -493.9842 3622.5503 201 171 17
487.2728 -494.5455 3626.6667 202 172 17
490.7395 -495.1081 3630.7927 201 164 12
493.6519 -495.1081 3630.7927 194 141 0
496.5643 -495.1081 3630.7927 199 139 0
500.0456 -495.6720 3634.9280 200 141 0
502.9613 -495.6720 3634.9280 201 143 0
506.4539 -496.2372 3639.0728 203 145 0
-397.6170 -620.9362 4526.9033 38 44 128
-392.8713 -619.1797 4514.0972 39 45 125
-389.2504 -619.1797 4514.0972 40 46 123
-386.1757 -620.0567 4520.4912 40 46 122
-384.7294 -623.5898 4546.2490 41 45 121
-375.7303 -614.8315 4482.3970 42 46 121
-372.1349 -614.8315 4482.3970 41 46 119
-367.5070 -613.1093 4469.8413 40 46 120
-354.8690 -603.8069 4402.0229 39 46 119
-350.3714 -602.1458 4389.9131 40 47 119
-346.8501 -602.1458 4389.9131 41 47 120
-343.3288 -602.1458 4389.9131 40 46 120
-339.8075 -602.1458 4389.9131 40 45 119
-336.2861 -602.1458 4389.9131 42 47 120
-332.3077 -601.3187 4383.8828 41 47 120
-328.7912 -601.3187 4383.8828 41 46 121
-325.2747 -601.3187 4383.8828 41 47 121
-321.3169 -600.4938 4377.8691 41 47 121
-317.8052 -600.4938 4377.8691 41 47 120
-314.7253 -601.3187 4383.8828 41 47 120
-311.2088 -601.3187 4383.8828 40 47 120
-307.2702 -600.4938 4377.8691 41 47 120
-304.5942 -602.1458 4389.9131 41 48 120
-296.7353 -600.4938 4377.8691 41 48 121
-174.8795 -502.5947 3664.1409 53 56 119
-172.3360 -503.7515 3672.5740 54 56 115
-169.3901 -503.7515 3672.5740 53 57 114
-166.4442 -503.7515 3672.5740 54 55 112
-163.3103 -503.1725 3668.3525 59 61 118
-160.7373 -504.3318 3676.8049 85 88 142
-157.7880 -504.3318 3676.8049 183 176 128
340.0966 -422.9565 3083.5427 243 226 52
343.8991 -424.5975 3095.5061 242 225 51
345.7115 -423.7754 3089.5129 241 224 51
348.5272 -424.1861 3092.5066 237 220 50
350.6680 -423.7754 3089.5129 229 211 43
352.8047 -423.3656 3086.5249 213 192 28
354.9372 -422.9565 3083.5427 197 171 17
357.0657 -422.5483 3080.5664 194 165 16
359.5367 -422.5483 3080.5664 195 164 17
361.3102 -421.7341 3074.6309 195 164 17
363.7765 -421.7341 3074.6309 195 164 18
365.8903 -421.3282 3071.6716 195 164 18
368.3542 -421.3282 3071.6716 196 164 17
370.8181 -421.3282 3071.6716 195 164 16
373.6416 -421.7341 3074.6309 195 164 16
464.2712 -494.6441 3606.1770 197 167 15
466.6366 -494.0858 3602.1069 197 167 14
468.9966 -493.5288 3598.0459 198 167 15
474.0204 -495.7645 3614.3452 198 168 16
477.4604 -496.3266 3618.4431 199 169 15
480.3628 -496.3266 3618.4431 201 170 17
483.8139 -496.8900 3622.5503 202 171 18
487.2728 -497.4546 3626.6667 203 172 18
490.7395 -498.0205 3630.7927 200 164 13
493.6519 -498.0205 3630.7927 195 140 0
497.1299 -498.5877 3634.9280 200 139 0
500.6158 -499.1562 3639.0728 201 140 0
502.9613 -498.5877 3634.9280 202 142 0
506.4539 -499.1562 3639.0728 203 145 0
-397.6170 -624.5674 4526.9033 36 42 129
-392.8713 -622.8006 4514.0972 36 41 125
-389.2504 -622.8006 4514.0972 36 42 123
-385.6294 -622.8006 4514.0972 37 42 122
-383.6364 -625.4546 4533.3335 38 42 120
-375.2034 -617.5596 4476.1104 38 43 118
-371.0924 -616.6947 4469.8413 38 44 118
-359.3914 -609.0180 4414.2002 36 43 119
-354.3802 -606.5013 4395.9595 36 43 117
-350.3714 -605.6672 4389.9131 37 44 118
-346.8501 -605.6672 4389.9131 37 44 118
-343.3288 -605.6672 4389.9131 36 43 117
-339.3407 -604.8352 4383.8828 37 43 118
-335.8242 -604.8352 4383.8828 37 42 119
-332.3077 -604.8352 4383.8828 36 43 120
-328.7912 -604.8352 4383.8828 37 42 120
-325.2747 -604.8352 4383.8828 37 43 120
-321.3169 -604.0055 4377.8691 37 42 120
-317.8052 -604.0055 4377.8691 37 42 120
-314.7253 -604.8352 4383.8828 36 42 118
-311.2088 -604.8352 4383.8828 36 43 119
-306.8493 -603.1781 4371.8721 37 44 119
-304.1758 -604.8352 4383.8828 37 44 118
-299.8356 -603.1781 4371.8721 39 45 120
-296.3288 -603.1781 4371.8721 39 45 120
-174.8795 -505.5339 3664.1409 49 54 118
-172.3360 -506.6974 3672.5740 50 55 115
-169.3901 -506.6974 3672.5740 49 53 114
-166.4442 -506.6974 3672.5740 51 54 113
-163.4983 -506.6974 3672.5740 59 61 119
-160.9227 -507.8662 3681.0459 87 89 144
-157.9700 -507.8662 3681.0459 183 177 128
340.0966 -425.4300 3083.5427 243 226 52
343.5659 -426.6667 3092.5066 242 225 52
345.7115 -426.2537 3089.5129 240 224 51
348.5272 -426.6667 3092.5066 237 220 50
350.6680 -426.2537 3089.5129 228 211 42
352.8047 -425.8414 3086.5249 213 192 29
355.2805 -425.8414 3086.5249 198 172 18
357.0657 -425.0193 3080.5664 194 165 17
359.5367 -425.0193 3080.5664 194 164 18
361.6587 -424.6095 3077.5957 194 164 17
363.7765 -424.2004 3074.6309 194 164 17
366.2428 -424.2004 3074.6309 194 164 18
368.7091 -424.2004 3074.6309 195 164 17
371.1754 -424.2004 3074.6309 195 164 16
373.6416 -424.2004 3074.6309 194 164 15
464.2712 -497.5367 3606.1770 197 166 15
467.1638 -497.5367 3606.1770 197 167 14
468.9966 -496.4149 3598.0459 197 167 15
474.0204 -498.6637 3614.3452 198 169 16
477.4604 -499.2290 3618.4431 199 169 16
480.3628 -499.2290 3618.4431 201 170 17
483.8139 -499.7957 3622.5503 202 172 17
487.2728 -500.3637 3626.6667 202 173 17
490.7395 -500.9329 3630.7927 200 164 12
493.6519 -500.9329 3630.7927 194 139 0
497.1299 -501.5034 3634.9280 199 138 0
500.6158 -502.0753 3639.0728 200 140 0
503.5348 -502.0753 3639.0728 201 143 0
506.4539 -502.0753 3639.0728 203 145 0
-398.1819 -629.0909 4533.3335 43 52 137
-392.8713 -626.4215 4514.0972 43 50 133
-388.7006 -625.5367 4507.7212 44 50 132
-385.6294 -626.4215 4514.0972 44 50 131
-382.5496 -627.3088 4520.4912 43 50 128
-374.6779 -620.2802 4469.8413 44 51 127
-358.4000 -610.8690 4402.0229 44 51 124
-354.3802 -610.0276 4395.9595 42 48 122
-350.3714 -609.1885 4389.9131 43 49 125
-346.8501 -609.1885 4389.9131 42 49 123
-343.3288 -609.1885 4389.9131 41 49 122
-339.3407 -608.3517 4383.8828 41 48 123
-335.8242 -608.3517 4383.8828 39 45 123
-332.3077 -608.3517 4383.8828 38 45 122
-328.7912 -608.3517 4383.8828 37 43 122
-324.8286 -607.5172 4377.8691 36 42 121
-321.3169 -607.5172 4377.8691 37 44 122
-317.8052 -607.5172 4377.8691 38 44 122
-314.7253 -608.3517 4383.8828 37 43 122
-311.2088 -608.3517 4383.8828 39 45 122
-306.8493 -606.6849 4371.8721 38 45 120
-304.1758 -608.3517 4383.8828 39 45 121
-299.8356 -606.6849 4371.8721 40 46 121
-296.3288 -606.6849 4371.8721 40 46 121
-292.8219 -606.6849 4371.8721 39 45 120
-174.8795 -508.4731 3664.1409 42 49 119
-172.3360 -509.6433 3672.5740 43 50 117
-169.3901 -509.6433 3672.5740 46 51 116
-166.4442 -509.6433 3672.5740 51 54 116
-163.4983 -509.6433 3672.5740 56 61 121
-160.9227 -510.8189 3681.0459 86 91 147
-157.7880 -510.2304 3676.8049 181 175 128
-154.6606 -509.6433 3672.5740 246 232 75
339.7684 -427.4904 3080.5664 243 226 53
343.5659 -429.1473 3092.5066 241 225 52
345.3772 -428.3172 3086.5249 240 224 51
348.1898 -428.7319 3089.5129 238 220 51
350.6680 -428.7319 3089.5129 229 211 42
352.8047 -428.3172 3086.5249 214 192 28
354.9372 -427.9034 3083.5427 197 171 17
357.0657 -427.4904 3080.5664 195 165 17
359.5367 -427.4904 3080.5664 195 164 18
361.6587 -427.0781 3077.5957 194 164 17
363.7765 -426.6667 3074.6309 194 164 17
366.2428 -426.6667 3074.6309 195 163 18
368.7091 -426.6667 3074.6309 195 164 17
371.1754 -426.6667 3074.6309 194 164 15
373.6416 -426.6667 3074.6309 194 164 14
464.2712 -500.4294 3606.1770 197 166 14
467.1638 -500.4294 3606.1770 197 167 14
468.9966 -499.3010 3598.0459 198 167 14
474.0204 -501.5629 3614.3452 198 168 15
477.4604 -502.1316 3618.4431 199 169 16
480.3628 -502.1316 3618.4431 201 170 16
483.8139 -502.7015 3622.5503 201 172 15
487.2728 -503.2728 3626.6667 201 173 15
490.7395 -503.8453 3630.7927 199 163 11
494.2142 -504.4192 3634.9280 194 139 0
497.1299 -504.4192 3634.9280 199 138 0
500.6158 -504.9943 3639.0728 200 140 0
503.5348 -504.9943 3639.0728 201 142 0
506.4539 -504.9943 3639.0728 203 144 0
-397.6170 -631.8298 4526.9033 88 97 170
-392.8713 -630.0425 4514.0972 87 96 169
-388.7006 -629.1526 4507.7212 85 93 168
-385.0847 -629.1526 4507.7212 86 94 170
-381.4689 -629.1526 4507.7212 87 95 168
-374.1539 -622.9930 4463.5898 87 96 166
-362.9323 -616.0996 4414.2002 87 96 164
-357.9063 -613.5537 4395.9595 85 95 163
-353.8927 -612.7098 4389.9131 87 96 163
-350.3714 -612.7098 4389.9131 88 96 162
-346.3737 -611.8682 4383.8828 89 97 160
-342.8571 -611.8682 4383.8828 89 98 157
-339.3407 -611.8682 4383.8828 87 95 158
-335.8242 -611.8682 4383.8828 88 96 159
-331.8518 -611.0288 4377.8691 90 98 160
-328.7912 -611.8682 4383.8828 84 93 155
-324.8286 -611.0288 4377.8691 81 91 154
-321.3169 -611.0288 4377.8691 82 91 154
-317.8052 -611.0288 4377.8691 84 93 154
-314.2935 -611.0288 4377.8691 83 92 154
-311.2088 -611.8682 4383.8828 84 92 154
-306.8493 -610.1918 4371.8721 82 90 151
-304.1758 -611.8682 4383.8828 84 90 152
-299.8356 -610.1918 4371.8721 85 91 152
-296.3288 -610.1918 4371.8721 87 92 151
-293.2236 -611.0288 4377.8691 85 90 148
-289.3151 -610.1918 4371.8721 83 89 149
-174.8795 -511.4122 3664.1409 59 69 141
-172.3360 -512.5892 3672.5740 58 69 138
-169.3901 -512.5892 3672.5740 57 67 137
-166.4442 -512.5892 3672.5740 59 66 137
-163.4983 -512.5892 3672.5740 68 76 145
-160.7373 -513.1797 3676.8049 107 109 159
-157.6064 -512.5892 3672.5740 181 172 126
-154.4828 -512.0000 3668.3525 246 232 78
339.7684 -429.9614 3080.5664 243 226 52
343.5659 -431.6279 3092.5066 241 225 51
345.3772 -430.7931 3086.5249 240 223 51
348.1898 -431.2101 3089.5129 237 220 50
350.3289 -430.7931 3086.5249 227 210 42
352.8047 -430.7931 3086.5249 213 192 28
354.9372 -430.3768 3083.5427 197 171 17
356.7213 -429.5468 3077.5957 194 165 17
359.5367 -429.9614 3080.5664 195 164 17
361.6587 -429.5468 3077.5957 195 164 16
363.7765 -429.1330 3074.6309 194 163 16
366.2428 -429.1330 3074.6309 194 163 17
368.7091 -429.1330 3074.6309 194 163 16
371.1754 -429.1330 3074.6309 194 163 15
374.0020 -429.5468 3077.5957 194 164 15
464.2712 -503.3221 3606.1770 196 166 14
467.1638 -503.3221 3606.1770 197 167 14
469.5260 -502.7540 3602.1069 198 167 15
474.0204 -504.4621 3614.3452 198 168 15
477.4604 -505.0341 3618.4431 199 169 16
480.3628 -505.0341 3618.4431 201 169 16
483.8139 -505.6073 3622.5503 201 172 17
487.2728 -506.1818 3626.6667 202 172 16
490.7395 -506.7577 3630.7927 200 162 11
494.2142 -507.3349 3634.9280 194 138 0
497.1299 -507.3349 3634.9280 199 137 0
500.6158 -507.9134 3639.0728 200 140 0
503.5348 -507.9134 3639.0728 202 141 0
507.0320 -508.4931 3643.2268 203 143 0
-397.0538 -634.5609 4520.4912 68 78 170
-392.3164 -632.7684 4507.7212 68 78 170
-388.1524 -631.8760 4501.3638 68 77 171
-384.5417 -631.8760 4501.3638 68 77 171
-380.3944 -630.9860 4495.0234 67 77 171
-373.1102 -624.8257 4451.1392 67 78 171
-366.4731 -619.6404 4414.2002 68 78 171
-361.9310 -617.9310 4402.0229 68 78 170
-357.9063 -617.0799 4395.9595 68 78 170
-353.8927 -616.2311 4389.9131 70 79 170
-349.8901 -615.3846 4383.8828 72 79 169
-346.3737 -615.3846 4383.8828 72 81 168
-342.8571 -615.3846 4383.8828 71 82 166
-339.3407 -615.3846 4383.8828 70 82 168
-335.8242 -615.3846 4383.8828 73 83 169
-332.3077 -615.3846 4383.8828 76 85 168
-328.7912 -615.3846 4383.8828 75 85 166
-324.8286 -614.5405 4377.8691 75 85 166
-321.3169 -614.5405 4377.8691 76 86 167
-317.8052 -614.5405 4377.8691 78 87 168
-314.2935 -614.5405 4377.8691 80 90 168
-311.2088 -615.3846 4383.8828 82 91 169
-307.2702 -614.5405 4377.8691 82 90 167
-304.1758 -615.3846 4383.8828 86 92 169
-299.8356 -613.6987 4371.8721 89 97 168
-296.3288 -613.6987 4371.8721 95 102 170
-293.2236 -614.5405 4377.8691 95 102 168
-289.3151 -613.6987 4371.8721 93 100 166
-174.8795 -514.3513 3664.1409 87 97 169
-172.3360 -515.5352 3672.5740 87 98 167
-169.3901 -515.5352 3672.5740 84 95 166
-166.2529 -514.9426 3668.3525 85 93 165
-163.4983 -515.5352 3672.5740 92 100 165
-160.5524 -515.5352 3672.5740 112 115 161
-157.6064 -515.5352 3672.5740 185 177 125
-154.3054 -514.3513 3664.1409 246 233 78
339.4407 -432.0154 3077.5957 243 226 52
343.2333 -433.6883 3089.5129 242 225 52
345.3772 -433.2689 3086.5249 241 223 51
347.8530 -433.2689 3086.5249 237 219 50
349.9904 -432.8503 3083.5427 228 211 43
352.4638 -432.8503 3083.5427 213 193 28
354.5946 -432.4325 3080.5664 197 171 17
356.7213 -432.0154 3077.5957 194 164 17
359.1900 -432.0154 3077.5957 195 163 18
361.3102 -431.5992 3074.6309 194 164 18
363.7765 -431.5992 3074.6309 193 163 18
365.8903 -431.1839 3071.6716 194 163 18
368.3542 -431.1839 3071.6716 194 164 17
371.1754 -431.5992 3074.6309 194 163 15
373.6416 -431.5992 3074.6309 195 164 14
464.2712 -506.2147 3606.1770 196 166 15
467.1638 -506.2147 3606.1770 197 167 16
469.5260 -505.6433 3602.1069 198 168 15
474.5579 -507.9366 3618.4431 198 168 16
477.4604 -507.9366 3618.4431 199 169 16
480.3628 -507.9366 3618.4431 201 170 17
483.8139 -508.5131 3622.5503 202 171 17
487.2728 -509.0909 3626.6667 202 172 17
490.7395 -509.6701 3630.7927 199 162 11
494.2142 -510.2506 3634.9280 194 138 0
497.1299 -510.2506 3634.9280 199 137 0
500.6158 -510.8324 3639.0728 200 139 0
503.5348 -510.8324 3639.0728 202 140 0
506.4539 -510.8324 3639.0728 203 143 0
-397.0538 -638.1870 4520.4912 61 69 166
-391.7631 -635.4866 4501.3638 61 69 165
-387.6057 -634.5916 4495.0234 62 70 167
-384.0000 -634.5916 4495.0234 62 69 167
-378.7939 -631.9215 4476.1104 61 68 165
-372.0724 -626.6482 4438.7578 59 69 165
-366.4731 -623.1812 4414.2002 59 68 165
-361.9310 -621.4621 4402.0229 59 69 164
-357.4141 -619.7524 4389.9131 59 69 165
-353.8927 -619.7524 4389.9131 60 68 165
-350.3714 -619.7524 4389.9131 62 68 166
-346.3737 -618.9011 4383.8828 59 66 163
-343.3288 -619.7524 4389.9131 57 67 164
-339.3407 -618.9011 4383.8828 58 67 165
-335.8242 -618.9011 4383.8828 60 66 165
-332.3077 -618.9011 4383.8828 61 69 165
-328.7912 -618.9011 4383.8828 61 71 166
-324.8286 -618.0522 4377.8691 61 69 163
-321.3169 -618.0522 4377.8691 59 67 163
-317.8052 -618.0522 4377.8691 60 68 165
-314.2935 -618.0522 4377.8691 62 70 165
-310.7819 -618.0522 4377.8691 61 70 163
-307.2702 -618.0522 4377.8691 61 70 164
-304.1758 -618.9011 4383.8828 62 70 165
-299.8356 -617.2055 4371.8721 61 70 165
-296.7353 -618.0522 4377.8691 62 71 167
-293.2236 -618.0522 4377.8691 63 72 166
-289.3151 -617.2055 4371.8721 63 71 166
-174.8795 -517.2905 3664.1409 69 78 164
-172.3360 -518.4810 3672.5740 72 80 165
-169.3901 -518.4810 3672.5740 75 82 163
-166.2529 -517.8851 3668.3525 73 80 162
-163.3103 -517.8851 3668.3525 76 83 159
-160.5524 -518.4810 3672.5740 89 91 149
-157.4253 -517.8851 3668.3525 182 171 122
-154.1284 -516.6973 3659.9390 247 233 78
339.7684 -434.9035 3080.5664 243 225 52
343.5659 -436.5892 3092.5066 242 225 52
345.3772 -435.7447 3086.5249 241 223 52
347.8530 -435.7447 3086.5249 237 220 50
349.9904 -435.3237 3083.5427 228 211 42
352.4638 -435.3237 3083.5427 213 191 28
354.5946 -434.9035 3080.5664 197 171 17
356.7213 -434.4841 3077.5957 194 163 16
359.1900 -434.4841 3077.5957 195 163 16
361.6587 -434.4841 3077.5957 194 164 16
363.7765 -434.0655 3074.6309 194 164 17
365.8903 -433.6478 3071.6716 194 164 18
368.7091 -434.0655 3074.6309 194 163 18
371.1754 -434.0655 3074.6309 195 163 15
373.6416 -434.0655 3074.6309 194 163 13
464.2712 -509.1073 3606.1770 196 166 16
467.1638 -509.1073 3606.1770 197 167 16
469.5260 -508.5327 3602.1069 198 167 16
474.0204 -510.2605 3614.3452 199 168 16
477.4604 -510.8391 3618.4431 199 169 16
480.3628 -510.8391 3618.4431 200 170 17
483.8139 -511.4189 3622.5503 202 171 17
487.2728 -512.0001 3626.6667 203 172 19
490.7395 -512.5825 3630.7927 200 161 12
494.2142 -513.1663 3634.9280 195 136 0
497.1299 -513.1663 3634.9280 199 136 0
500.6158 -513.7515 3639.0728 201 138 0
503.5348 -513.7515 3639.0728 203 141 0
506.4539 -513.7515 3639.0728 204 142 0
-396.4922 -640.9053 4514.0972 61 67 161
-391.2113 -638.1972 4495.0234 61 68 162
-387.0605 -637.2996 4488.7017 60 67 162
-382.9214 -636.4045 4482.3970 60 66 162
-378.2633 -634.6219 4469.8413 60 66 163
-371.0402 -628.4605 4426.4448 61 68 162
-365.9669 -625.8564 4408.1030 62 68 162
-361.4325 -624.1322 4395.9595 61 68 161
-357.4141 -623.2738 4389.9131 62 69 161
-353.8927 -623.2738 4389.9131 61 68 161
-350.3714 -623.2738 4389.9131 61 67 162
-346.8501 -623.2738 4389.9131 62 69 162
-343.3288 -623.2738 4389.9131 57 65 161
-339.3407 -622.4176 4383.8828 57 66 162
-335.8242 -622.4176 4383.8828 58 65 161
-332.3077 -622.4176 4383.8828 59 67 163
-328.7912 -622.4176 4383.8828 61 67 163
-324.8286 -621.5638 4377.8691 59 67 161
-321.3169 -621.5638 4377.8691 58 66 161
-317.8052 -621.5638 4377.8691 57 65 161
-314.2935 -621.5638 4377.8691 59 66 161
-310.7819 -621.5638 4377.8691 60 67 160
-306.8493 -620.7123 4371.8721 60 67 160
-304.1758 -622.4176 4383.8828 60 66 161
-299.8356 -620.7123 4371.8721 60 66 162
-296.3288 -620.7123 4371.8721 60 67 162
-293.2236 -621.5638 4377.8691 60 67 162
-289.3151 -620.7123 4371.8721 60 66 161
-175.0805 -520.8276 3668.3525 66 73 159
-172.5346 -522.0277 3676.8049 68 73 159
-169.3901 -521.4269 3672.5740 69 74 159
-166.4442 -521.4269 3672.5740 72 76 159
-163.3103 -520.8276 3668.3525 73 76 155
-160.5524 -521.4269 3672.5740 83 83 142
-157.4253 -520.8276 3668.3525 178 167 117
-154.1284 -519.6331 3659.9390 247 232 77
340.4256 -438.2206 3086.5249 241 224 51
343.5659 -439.0698 3092.5066 243 225 51
345.3772 -438.2206 3086.5249 241 223 52
347.8530 -438.2206 3086.5249 238 220 50
349.9904 -437.7971 3083.5427 229 211 42
352.4638 -437.7971 3083.5427 212 190 28
354.5946 -437.3745 3080.5664 197 169 17
356.7213 -436.9528 3077.5957 194 164 17
359.1900 -436.9528 3077.5957 194 164 17
361.6587 -436.9528 3077.5957 194 164 18
363.7765 -436.5319 3074.6309 195 164 19
366.2428 -436.5319 3074.6309 195 164 18
368.7091 -436.5319 3074.6309 194 163 18
371.1754 -436.5319 3074.6309 194 163 16
374.0020 -436.9528 3077.5957 194 164 15
464.2712 -512.0000 3606.1770 196 166 16
467.1638 -512.0000 3606.1770 197 167 15
469.5260 -511.4221 3602.1069 198 167 15
474.0204 -513.1597 3614.3452 199 168 16
477.4604 -513.7415 3618.4431 200 170 16
480.3628 -513.7415 3618.4431 201 171 17
483.8139 -514.3246 3622.5503 201 171 16
487.2728 -514.9091 3626.6667 203 172 18
490.7395 -515.4949 3630.7927 199 161 11
494.2142 -516.0820 3634.9280 195 136 0
497.1299 -516.0820 3634.9280 199 135 0
500.0456 -516.0820 3634.9280 200 138 0
503.5348 -516.6705 3639.0728 203 141 0
506.4539 -516.6705 3639.0728 203 142 0
