ply
format ascii 1.0
element vertex 24340
property float x
property float y
property float z
property uchar red
property uchar green
property uchar blue
end_header
179.2593 -50.3704 3693.8271 177 179 147
182.2222 -50.3704 3693.8271 177 178 147
172.9330 -53.2102 3685.2964 176 178 146
175.6863 -53.1488 3681.0459 175 177 146
178.8453 -53.2102 3685.2964 176 178 147
181.8014 -53.2102 3685.2964 177 178 147
184.7575 -53.2102 3685.2964 177 178 147
168.6140 -55.7159 3655.7466 176 177 146
172.1379 -55.9080 3668.3525 176 177 146
175.0805 -55.9080 3668.3525 177 177 146
178.2279 -55.9724 3672.5740 177 177 147
181.1738 -55.9724 3672.5740 177 178 147
184.3318 -56.0369 3676.8049 177 178 147
196.5820 -56.1663 3685.2964 176 179 148
156.5257 -58.5143 3647.3906 176 176 145
159.0878 -58.3808 3639.0728 176 177 145
162.1918 -58.4475 3643.2268 176 176 145
165.4920 -58.5812 3651.5637 176 177 146
168.4211 -58.5812 3651.5637 176 177 145
171.7431 -58.7156 3659.9390 176 177 145
174.6789 -58.7156 3659.9390 177 177 146
177.6147 -58.7156 3659.9390 178 177 146
180.7578 -58.7830 3664.1409 177 177 146
183.9081 -58.8506 3668.3525 177 177 147
187.2811 -58.9862 3676.8049 177 178 148
190.4498 -59.0542 3681.0459 176 178 148
193.6259 -59.1224 3685.2964 176 178 148
196.1290 -58.9862 3676.8049 177 179 148
199.0783 -58.9862 3676.8049 178 179 148
144.8229 -61.4400 3647.3906 173 174 143
147.7486 -61.4400 3647.3906 174 175 144
150.6743 -61.4400 3647.3906 175 176 144
153.6000 -61.4400 3647.3906 176 176 145
156.3470 -61.3699 3643.2268 176 176 145
159.0878 -61.2999 3639.0728 175 176 144
162.1918 -61.3699 3643.2268 176 176 145
165.3029 -61.4400 3647.3906 176 177 146
168.2286 -61.4400 3647.3906 176 177 146
171.3501 -61.5103 3651.5637 176 177 145
174.4788 -61.5808 3655.7466 175 177 146
177.4112 -61.5808 3655.7466 175 177 146
180.5505 -61.6514 3659.9390 176 177 146
183.6969 -61.7222 3664.1409 176 177 149
186.8506 -61.7931 3668.3525 177 178 150
190.0115 -61.8642 3672.5740 175 178 149
193.1797 -61.9355 3676.8049 176 178 148
195.6782 -61.7931 3668.3525 177 178 147
198.6207 -61.7931 3668.3525 177 179 147
201.3318 -61.7222 3664.1409 176 179 148
122.5375 -64.9596 3681.0459 157 152 112
125.3456 -64.8848 3676.8049 155 151 109
128.0000 -64.7356 3668.3525 154 150 108
133.5780 -64.5872 3659.9390 154 149 109
136.3574 -64.5132 3655.7466 151 146 106
139.1304 -64.4394 3651.5637 153 148 109
141.8971 -64.3657 3647.3906 161 159 125
144.8229 -64.3657 3647.3906 173 173 143
147.7486 -64.3657 3647.3906 174 175 144
150.6743 -64.3657 3647.3906 174 175 144
153.4247 -64.2922 3643.2268 175 176 144
156.3470 -64.2922 3643.2268 175 176 144
159.0878 -64.2189 3639.0728 176 177 145
162.0069 -64.2189 3639.0728 176 177 145
165.1142 -64.2922 3643.2268 175 177 146
168.0365 -64.2922 3643.2268 176 177 146
171.1543 -64.3657 3647.3906 176 177 146
174.2792 -64.4394 3651.5637 176 177 148
177.2083 -64.4394 3651.5637 173 174 149
180.3437 -64.5132 3655.7466 172 174 150
183.4863 -64.5872 3659.9390 167 168 145
186.6360 -64.6613 3664.1409 163 164 141
189.5752 -64.6613 3664.1409 164 165 140
192.7356 -64.7356 3668.3525 173 174 146
195.4535 -64.6613 3664.1409 176 178 149
198.3927 -64.6613 3664.1409 176 179 149
201.3318 -64.6613 3664.1409 176 179 150
111.4983 -68.3856 3706.6978 156 151 107
114.3388 -68.3063 3702.3977 157 151 108
117.1727 -68.2271 3698.1074 156 152 109
120.0000 -68.1481 3693.8271 157 153 112
122.6790 -67.9908 3685.2964 156 153 113
125.4902 -67.9123 3681.0459 154 150 110
128.1473 -67.7561 3672.5740 152 149 108
131.0932 -67.7561 3672.5740 153 149 108
133.7314 -67.6005 3664.1409 153 149 109
136.5138 -67.5229 3659.9390 152 147 109
139.2898 -67.4456 3655.7466 152 148 109
142.0595 -67.3684 3651.5637 164 163 128
144.9886 -67.3684 3651.5637 173 174 142
147.9176 -67.3684 3651.5637 174 174 143
150.8467 -67.3684 3651.5637 174 175 144
153.6000 -67.2914 3647.3906 174 175 144
156.3470 -67.2146 3643.2268 174 175 144
159.0878 -67.1380 3639.0728 175 176 144
162.0069 -67.1380 3639.0728 175 176 147
165.1142 -67.2146 3643.2268 176 177 148
168.0365 -67.2146 3643.2268 177 178 151
171.1543 -67.2914 3647.3906 177 178 152
174.0800 -67.2914 3647.3906 170 170 148
177.0057 -67.2914 3647.3906 159 159 137
180.1373 -67.3684 3651.5637 148 147 122
183.2761 -67.4456 3655.7466 150 149 122
186.4220 -67.5229 3659.9390 153 151 123
189.3578 -67.5229 3659.9390 132 129 101
192.5144 -67.6005 3664.1409 138 136 109
195.2294 -67.5229 3659.9390 153 153 125
198.3927 -67.6005 3664.1409 166 167 138
201.3318 -67.6005 3664.1409 174 175 147
99.7209 -71.4419 3711.0078 161 154 110
102.6977 -71.4419 3711.0078 159 152 108
105.4292 -71.2761 3702.3977 157 150 106
108.5250 -71.3589 3706.6978 156 150 106
111.4983 -71.3589 3706.6978 156 151 108
114.2063 -71.1935 3698.1074 156 151 109
117.1727 -71.1935 3698.1074 156 150 108
120.0000 -71.1111 3693.8271 156 151 109
122.6790 -70.9469 3685.2964 156 152 109
125.3456 -70.7834 3676.8049 154 149 107
128.1473 -70.7020 3672.5740 153 149 106
130.9425 -70.6207 3668.3525 153 148 106
133.8851 -70.6207 3668.3525 152 148 107
136.6705 -70.5396 3664.1409 150 147 107
139.4495 -70.4587 3659.9390 150 147 107
142.2222 -70.3780 3655.7466 166 165 131
144.9886 -70.2975 3651.5637 172 173 142
147.9176 -70.2975 3651.5637 173 174 142
150.6743 -70.2171 3647.3906 173 174 144
153.4247 -70.1370 3643.2268 175 175 146
156.3470 -70.1370 3643.2268 175 177 148
158.9066 -69.9772 3634.9280 175 177 150
162.0069 -70.0570 3639.0728 172 172 147
164.9259 -70.0570 3639.0728 172 172 146
167.8449 -70.0570 3639.0728 173 174 150
170.9589 -70.1370 3643.2268 172 175 153
173.8813 -70.1370 3643.2268 161 163 141
177.0057 -70.2171 3647.3906 154 153 132
179.9314 -70.2171 3647.3906 140 137 112
183.0664 -70.2975 3651.5637 136 135 108
186.2085 -70.3780 3655.7466 133 132 106
189.1409 -70.3780 3655.7466 124 123 96
192.2936 -70.4587 3659.9390 119 117 92
195.0057 -70.3780 3655.7466 123 122 95
198.1651 -70.4587 3659.9390 126 125 96
201.3318 -70.5396 3664.1409 136 135 106
203.5698 -70.2975 3651.5637 152 152 123
94.3158 -74.8538 3732.7097 160 155 113
96.9697 -74.5921 3719.6582 160 155 114
99.9534 -74.5921 3719.6582 160 153 112
102.8172 -74.5052 3715.3279 157 151 108
105.5517 -74.3322 3706.6978 154 148 105
108.6512 -74.4186 3711.0078 153 148 105
111.4983 -74.3322 3706.6978 156 150 109
114.3388 -74.2459 3702.3977 156 150 108
117.3086 -74.2459 3702.3977 153 150 108
120.1391 -74.1599 3698.1074 154 150 109
122.6790 -73.9030 3685.2964 154 150 110
125.2014 -73.6479 3672.5740 154 149 110
128.1473 -73.6479 3672.5740 152 148 109
130.9425 -73.5632 3668.3525 150 146 106
133.7314 -73.4788 3664.1409 151 147 107
136.5138 -73.3945 3659.9390 149 145 106
139.2898 -73.3104 3655.7466 153 149 110
142.0595 -73.2265 3651.5637 168 165 133
144.9886 -73.2265 3651.5637 174 174 146
147.7486 -73.1429 3647.3906 174 176 149
150.6743 -73.1429 3647.3906 169 170 145
153.4247 -73.0594 3643.2268 163 163 140
156.1688 -72.9761 3639.0728 159 159 136
158.7258 -72.8100 3630.7927 160 161 138
161.8223 -72.8929 3634.9280 165 166 145
164.7381 -72.8929 3634.9280 170 171 148
167.8449 -72.9761 3639.0728 175 175 154
170.7640 -72.9761 3639.0728 168 169 148
173.8813 -73.0594 3643.2268 151 150 128
176.8036 -73.0594 3643.2268 141 139 115
179.9314 -73.1429 3647.3906 134 131 107
182.8571 -73.1429 3647.3906 129 127 99
185.9954 -73.2265 3651.5637 130 128 101
188.9245 -73.2265 3651.5637 118 115 90
192.0733 -73.3104 3655.7466 120 118 92
195.0057 -73.3104 3655.7466 118 117 90
198.1651 -73.3945 3659.9390 118 117 91
201.3318 -73.4788 3664.1409 119 119 94
203.8030 -73.3104 3655.7466 119 119 92
85.5334 -78.0305 3741.4617 160 156 114
88.4309 -77.9391 3737.0806 160 155 112
91.3216 -77.8480 3732.7097 161 155 112
94.2056 -77.7570 3728.3491 161 155 113
96.9697 -77.5758 3719.6582 160 155 114
99.9534 -77.5758 3719.6582 158 153 112
102.8172 -77.4855 3715.3279 156 151 108
105.5517 -77.3055 3706.6978 154 148 105
108.5250 -77.3055 3706.6978 152 148 104
111.4983 -77.3055 3706.6978 153 150 107
114.3388 -77.2158 3702.3977 154 151 108
117.1727 -77.1263 3698.1074 154 150 111
119.8613 -76.9480 3689.5569 155 151 111
122.3963 -76.6820 3676.8049 154 150 109
125.2014 -76.5938 3672.5740 153 147 107
128.0000 -76.5058 3668.3525 153 147 108
130.9425 -76.5058 3668.3525 153 147 108
133.7314 -76.4179 3664.1409 153 147 110
136.5138 -76.3303 3659.9390 154 150 115
139.2898 -76.2429 3655.7466 163 161 129
142.0595 -76.1556 3651.5637 172 173 147
144.9886 -76.1556 3651.5637 164 165 144
147.7486 -76.0686 3647.3906 159 159 138
150.5023 -75.9817 3643.2268 142 141 121
153.2497 -75.8951 3639.0728 152 151 131
155.9909 -75.8087 3634.9280 149 150 130
158.7258 -75.7224 3630.7927 166 166 147
161.6382 -75.7224 3630.7927 182 185 166
164.7381 -75.8087 3634.9280 180 182 164
167.6538 -75.8087 3634.9280 163 165 145
170.5695 -75.8087 3634.9280 149 150 128
173.6830 -75.8951 3639.0728 137 137 113
176.6021 -75.8951 3639.0728 128 126 102
179.7260 -75.9817 3643.2268 122 119 94
182.8571 -76.0686 3647.3906 116 115 86
185.9954 -76.1556 3651.5637 124 124 96
188.9245 -76.1556 3651.5637 119 119 94
192.0733 -76.2429 3655.7466 116 116 92
195.0057 -76.2429 3655.7466 113 114 90
198.1651 -76.3303 3659.9390 112 113 88
201.3318 -76.4179 3664.1409 113 113 90
203.8030 -76.2429 3655.7466 113 112 89
80.1891 -81.7021 3772.4194 161 157 116
82.5322 -81.0317 3741.4617 162 156 114
85.6338 -81.1268 3745.8530 161 155 112
88.5346 -81.0317 3741.4617 160 154 110
91.3216 -80.8421 3732.7097 160 154 111
94.3158 -80.8421 3732.7097 160 155 114
97.0829 -80.6535 3723.9985 160 155 114
99.9534 -80.5594 3719.6582 158 154 113
102.8172 -80.4657 3715.3279 156 150 110
105.5517 -80.2787 3706.6978 153 148 105
108.5250 -80.2787 3706.6978 154 148 106
111.4983 -80.2787 3706.6978 154 149 108
114.3388 -80.1856 3702.3977 155 150 110
117.0370 -80.0000 3693.8271 155 150 108
119.5848 -79.7232 3681.0459 154 150 111
122.3963 -79.6313 3676.8049 153 149 110
125.0575 -79.4483 3668.3525 152 148 108
128.0000 -79.4483 3668.3525 152 148 108
130.7922 -79.3571 3664.1409 154 150 112
133.5780 -79.2661 3659.9390 160 158 126
136.3574 -79.1753 3655.7466 167 168 142
139.2898 -79.1753 3655.7466 166 168 146
141.8971 -78.9943 3647.3906 152 153 133
144.8229 -78.9943 3647.3906 151 151 131
147.5799 -78.9041 3643.2268 147 147 126
150.3307 -78.8141 3639.0728 145 144 123
153.0752 -78.7244 3634.9280 150 151 131
155.8134 -78.6348 3630.7927 167 170 151
158.3655 -78.4563 3622.5503 183 186 167
161.4545 -78.5455 3626.6667 180 182 165
164.3636 -78.5455 3626.6667 162 163 146
167.2727 -78.5455 3626.6667 140 141 121
170.3754 -78.6348 3630.7927 142 142 119
173.4852 -78.7244 3634.9280 126 126 101
176.4009 -78.7244 3634.9280 119 118 93
179.5211 -78.8141 3639.0728 116 114 89
182.6484 -78.9041 3643.2268 108 106 82
185.7829 -78.9943 3647.3906 105 102 77
188.9245 -79.0847 3651.5637 124 120 93
191.8535 -79.0847 3651.5637 128 124 97
195.0057 -79.1753 3655.7466 118 115 90
198.1651 -79.2661 3659.9390 111 110 87
201.1009 -79.2661 3659.9390 111 110 87
203.8030 -79.1753 3655.7466 110 108 85
206.9725 -79.2661 3659.9390 103 103 80
265.2109 -85.7568 3959.6362 178 180 148
268.7205 -85.8634 3964.5549 179 180 149
272.2388 -85.9702 3969.4861 178 179 149
275.4229 -85.9702 3969.4861 177 180 149
277.9156 -85.7568 3959.6362 178 180 149
281.0918 -85.7568 3959.6362 179 180 149
283.9157 -85.6506 3954.7295 178 180 149
287.0880 -85.6506 3954.7295 178 180 150
80.1891 -84.7281 3772.4194 161 156 116
82.7262 -84.2303 3750.2546 161 155 114
85.8353 -84.3294 3754.6667 159 155 112
88.6385 -84.1315 3745.8530 158 153 111
91.4286 -83.9344 3737.0806 159 154 112
94.3158 -83.8363 3732.7097 159 154 114
97.0829 -83.6406 3723.9985 160 153 113
100.0700 -83.6406 3723.9985 159 152 111
102.9371 -83.5431 3719.6582 156 149 108
105.6744 -83.3488 3711.0078 153 147 105
108.6512 -83.3488 3711.0078 152 147 105
111.4983 -83.2520 3706.6978 153 150 107
114.2063 -83.0591 3698.1074 154 149 107
116.9017 -82.8671 3689.5569 153 149 108
119.5848 -82.6759 3681.0459 154 149 110
122.2555 -82.4856 3672.5740 154 149 111
125.0575 -82.3908 3668.3525 157 153 116
127.8530 -82.2962 3664.1409 165 163 129
130.7922 -82.2962 3664.1409 174 174 148
133.5780 -82.2018 3659.9390 165 167 145
136.3574 -82.1077 3655.7466 158 159 140
139.1304 -82.0137 3651.5637 145 145 127
141.8971 -81.9200 3647.3906 146 145 125
144.6575 -81.8265 3643.2268 146 144 125
147.4116 -81.7332 3639.0728 146 146 128
150.1595 -81.6401 3634.9280 152 153 132
152.7273 -81.4546 3626.6667 169 172 153
155.4597 -81.3621 3622.5503 191 194 178
158.3655 -81.3621 3622.5503 182 183 169
161.2713 -81.3621 3622.5503 165 167 151
164.1771 -81.3621 3622.5503 146 146 127
167.0829 -81.3621 3622.5503 133 132 110
169.9887 -81.3621 3622.5503 129 128 103
173.0909 -81.4546 3626.6667 119 117 94
176.2002 -81.5472 3630.7927 116 114 89
179.3167 -81.6401 3634.9280 103 101 77
182.2324 -81.6401 3634.9280 105 102 77
185.5708 -81.8265 3643.2268 126 122 94
188.7086 -81.9200 3647.3906 126 121 92
191.8535 -82.0137 3651.5637 127 124 96
195.0057 -82.1077 3655.7466 121 120 95
197.9382 -82.1077 3655.7466 106 106 82
201.1009 -82.2018 3659.9390 112 111 86
203.8030 -82.1077 3655.7466 108 106 82
206.9725 -82.2018 3659.9390 104 102 81
210.3908 -82.3908 3668.3525 103 102 81
214.3187 -82.7714 3685.2964 105 105 82
216.7742 -82.5807 3676.8049 109 108 84
262.0348 -88.9330 3959.6362 177 179 148
264.2274 -88.6032 3944.9526 178 179 148
267.7228 -88.7129 3949.8352 178 179 150
271.2268 -88.8228 3954.7295 178 180 149
274.0594 -88.7129 3949.8352 179 180 149
277.2278 -88.7129 3949.8352 178 179 149
280.0495 -88.6032 3944.9526 179 179 149
282.8642 -88.4938 3940.0825 177 180 149
285.6720 -88.3847 3935.2241 177 180 149
74.4010 -88.0664 3785.8442 162 158 114
77.5297 -88.1710 3790.3406 161 157 115
80.2840 -87.8580 3776.8838 161 155 115
82.9211 -87.4441 3759.0891 160 155 114
85.9364 -87.4441 3759.0891 160 154 112
88.8471 -87.3412 3754.6667 160 154 112
91.5358 -87.0340 3741.4617 160 153 112
94.3158 -86.8304 3732.7097 160 154 112
97.1963 -86.7290 3728.3491 159 154 112
100.1869 -86.7290 3728.3491 158 151 112
102.9371 -86.5268 3719.6582 155 148 107
105.7974 -86.4261 3715.3279 153 147 104
108.6512 -86.3256 3711.0078 153 147 103
111.4983 -86.2253 3706.6978 154 149 107
114.2063 -86.0255 3698.1074 154 150 109
116.9017 -85.8266 3689.5569 154 150 110
119.4470 -85.5300 3676.8049 155 150 113
122.1149 -85.3333 3668.3525 160 158 122
124.9139 -85.2354 3664.1409 175 175 148
127.8530 -85.2354 3664.1409 181 183 162
130.6422 -85.1376 3659.9390 160 161 143
133.4250 -85.0401 3655.7466 154 156 137
136.3574 -85.0401 3655.7466 146 148 127
139.1304 -84.9428 3651.5637 148 148 129
141.7352 -84.7489 3643.2268 148 148 129
144.4926 -84.6522 3639.0728 147 148 128
147.2437 -84.5558 3634.9280 157 159 139
149.8182 -84.3636 3626.6667 177 180 161
152.5539 -84.2679 3622.5503 192 195 180
155.2835 -84.1723 3618.4431 180 182 168
158.0068 -84.0770 3614.3452 160 161 144
161.0885 -84.1723 3618.4431 147 148 130
163.9909 -84.1723 3618.4431 136 136 115
166.8934 -84.1723 3618.4431 129 129 108
169.7959 -84.1723 3618.4431 115 115 92
172.8945 -84.2679 3622.5503 114 112 90
175.8002 -84.2679 3622.5503 98 97 74
178.9091 -84.3636 3626.6667 108 107 81
182.0250 -84.4596 3630.7927 126 125 96
185.5708 -84.7489 3643.2268 122 120 91
188.4931 -84.7489 3643.2268 122 120 93
191.8535 -84.9428 3651.5637 123 121 96
194.7826 -84.9428 3651.5637 120 118 94
197.9382 -85.0401 3655.7466 104 102 79
201.1009 -85.1376 3659.9390 110 108 83
203.8030 -85.0401 3655.7466 113 111 85
206.9725 -85.1376 3659.9390 115 113 87
210.3908 -85.3333 3668.3525 115 113 88
214.0715 -85.6286 3681.0459 116 115 90
216.7742 -85.5300 3676.8049 113 112 87
219.7235 -85.5300 3676.8049 112 111 85
261.7101 -91.9950 3954.7295 178 179 149
263.9012 -91.6543 3940.0825 178 179 149
267.0617 -91.6543 3940.0825 178 179 150
270.5562 -91.7676 3944.9526 178 179 150
273.7206 -91.7676 3944.9526 180 180 150
276.5432 -91.6543 3940.0825 179 179 150
279.7037 -91.6543 3940.0825 179 179 148
282.5154 -91.5413 3935.2241 178 180 149
285.3202 -91.4286 3930.3777 177 180 149
74.5779 -91.3199 3794.8474 162 157 115
77.6219 -91.3199 3794.8474 161 156 114
80.4745 -91.1032 3785.8442 161 154 112
83.2151 -90.7802 3772.4194 161 155 112
86.2411 -90.7802 3772.4194 160 155 114
89.0566 -90.5660 3763.5222 160 154 112
91.6432 -90.1409 3745.8530 161 154 112
94.4262 -89.9297 3737.0806 161 154 113
97.3099 -89.8246 3732.7097 159 153 113
100.1869 -89.7196 3728.3491 158 151 110
103.0572 -89.6149 3723.9985 155 149 107
105.7974 -89.4063 3715.3279 154 149 106
108.6512 -89.3023 3711.0078 154 150 105
111.4983 -89.1986 3706.6978 156 150 106
114.0741 -88.8889 3693.8271 158 153 111
116.7667 -88.6836 3685.2964 165 162 125
119.3096 -88.3774 3672.5740 175 175 148
122.1149 -88.2759 3668.3525 182 184 161
124.9139 -88.1745 3664.1409 175 177 159
127.7064 -88.0734 3659.9390 160 162 145
130.6422 -88.0734 3659.9390 157 159 140
133.4250 -87.9725 3655.7466 143 145 125
136.2014 -87.8719 3651.5637 141 143 123
138.9715 -87.7714 3647.3906 144 145 127
141.5736 -87.5713 3639.0728 145 144 126
144.3280 -87.4715 3634.9280 160 161 142
146.9091 -87.2727 3626.6667 181 183 167
149.6481 -87.1737 3622.5503 192 194 180
152.2084 -86.9762 3614.3452 177 178 164
155.1076 -86.9762 3614.3452 168 170 152
157.8281 -86.8778 3610.2566 152 152 134
160.7240 -86.8778 3610.2566 141 139 119
163.6199 -86.8778 3610.2566 137 135 113
166.5159 -86.8778 3610.2566 133 133 109
169.4118 -86.8778 3610.2566 116 115 95
172.5029 -86.9762 3614.3452 98 96 75
175.4021 -86.9762 3614.3452 96 94 67
178.5034 -87.0748 3618.4431 126 123 94
181.8182 -87.2727 3626.6667 130 127 99
185.1481 -87.4715 3634.9280 120 119 94
188.2782 -87.5713 3639.0728 117 117 93
191.6343 -87.7714 3647.3906 116 114 90
194.7826 -87.8719 3651.5637 116 115 91
197.9382 -87.9725 3655.7466 108 106 81
200.8706 -87.9725 3655.7466 117 114 87
203.8030 -87.9725 3655.7466 120 116 89
206.9725 -88.0734 3659.9390 122 118 92
210.3908 -88.2759 3668.3525 121 118 92
214.0715 -88.5813 3681.0459 127 126 96
216.7742 -88.4793 3676.8049 132 131 101
219.7235 -88.4793 3676.8049 130 128 101
222.9297 -88.5813 3681.0459 125 123 97
226.4046 -88.7861 3689.5569 131 130 102
229.0993 -88.6836 3685.2964 164 164 135
261.3862 -95.0495 3949.8352 178 179 149
263.9012 -94.8148 3940.0825 178 179 149
267.0617 -94.8148 3940.0825 179 180 149
270.2223 -94.8148 3940.0825 179 179 150
273.7206 -94.9320 3944.9526 185 188 164
276.5432 -94.8148 3940.0825 192 197 176
279.3589 -94.6979 3935.2241 179 180 153
282.5154 -94.6979 3935.2241 179 180 149
285.3202 -94.5813 3930.3777 179 180 149
74.6667 -94.4762 3799.3652 162 158 116
77.7143 -94.4762 3799.3652 162 156 115
80.5701 -94.2518 3790.3406 163 155 112
83.4123 -94.0284 3781.3586 163 156 113
86.3432 -93.9172 3776.8838 164 157 114
89.1618 -93.6954 3767.9656 163 156 111
91.8588 -93.3647 3754.6667 163 155 111
94.5369 -93.0363 3741.4617 163 155 114
97.3099 -92.8187 3732.7097 162 154 112
100.1869 -92.7103 3728.3491 162 153 110
103.0572 -92.6021 3723.9985 159 150 107
105.9207 -92.4942 3719.6582 157 147 103
108.6512 -92.2791 3711.0078 159 150 105
111.3689 -92.0650 3702.3977 164 158 120
113.9422 -91.7457 3689.5569 179 178 148
116.6321 -91.5340 3681.0459 190 190 169
119.3096 -91.3234 3672.5740 182 184 167
121.9747 -91.1137 3664.1409 167 169 152
124.7707 -91.0092 3659.9390 154 155 139
127.7064 -91.0092 3659.9390 152 154 138
130.4926 -90.9049 3655.7466 147 148 132
133.4250 -90.9049 3655.7466 138 138 119
136.2014 -90.8009 3651.5637 141 142 124
138.8128 -90.5936 3643.2268 146 148 131
141.4123 -90.3872 3634.9280 163 166 148
144.1638 -90.2844 3630.7927 188 191 177
146.7424 -90.0795 3622.5503 197 200 187
149.3092 -89.8754 3614.3452 182 184 170
152.0362 -89.7738 3610.2566 167 169 152
154.9321 -89.7738 3610.2566 153 153 134
157.6497 -89.6723 3606.1770 143 142 122
160.5424 -89.6723 3606.1770 133 131 109
163.4350 -89.6723 3606.1770 129 127 104
166.3277 -89.6723 3606.1770 120 118 94
169.2204 -89.6723 3606.1770 101 98 77
172.1130 -89.6723 3606.1770 94 90 65
175.0056 -89.6723 3606.1770 131 127 98
178.0996 -89.7738 3610.2566 128 127 98
181.2005 -89.8754 3614.3452 118 118 91
184.7273 -90.1818 3626.6667 116 113 89
188.0638 -90.3872 3634.9280 113 112 89
191.4155 -90.5936 3643.2268 112 111 89
194.5600 -90.6972 3647.3906 115 113 90
197.7117 -90.8009 3651.5637 116 115 89
200.8706 -90.9049 3655.7466 113 110 84
203.8030 -90.9049 3655.7466 103 100 75
206.9725 -91.0092 3659.9390 110 106 82
210.3908 -91.2184 3668.3525 113 110 86
213.8249 -91.4286 3676.8049 115 112 86
216.5247 -91.3234 3672.5740 120 117 89
219.4707 -91.3234 3672.5740 129 126 97
222.6728 -91.4286 3676.8049 134 130 103
225.8824 -91.5340 3681.0459 135 133 105
228.8351 -91.5340 3681.0459 141 140 110
231.7878 -91.5340 3681.0459 160 159 129
234.7405 -91.5340 3681.0459 171 171 142
261.3862 -98.2178 3949.8352 177 178 148
263.9012 -97.9753 3940.0825 177 179 149
266.7325 -97.8545 3935.2241 178 180 150
270.2223 -97.9753 3940.0825 179 181 153
273.3827 -97.9753 3940.0825 202 207 188
276.2022 -97.8545 3935.2241 193 198 182
279.3589 -97.8545 3935.2241 177 180 153
282.5154 -97.8545 3935.2241 179 180 149
285.3202 -97.7340 3930.3777 178 180 150
71.9617 -97.9904 3817.5439 168 158 115
75.1138 -98.1078 3822.1160 166 157 113
77.9928 -97.8734 3812.9829 167 156 112
80.8582 -97.6401 3803.8936 168 156 112
83.7099 -97.4079 3794.8474 166 155 110
86.5480 -97.1768 3785.8442 165 155 110
89.4787 -97.0616 3781.3586 164 154 110
92.1842 -96.7178 3767.9656 163 153 108
94.7591 -96.2632 3750.2546 163 152 108
97.4239 -95.9251 3737.0806 162 151 108
100.3041 -95.8129 3732.7097 161 151 107
103.0572 -95.5893 3723.9985 161 152 110
105.7974 -95.3667 3715.3279 165 158 121
108.6512 -95.2558 3711.0078 181 180 151
111.3689 -95.0348 3702.3977 191 194 174
113.8106 -94.5958 3685.2964 193 196 180
116.4977 -94.3779 3676.8049 183 186 171
119.1724 -94.1609 3668.3525 172 174 158
121.9747 -94.0528 3664.1409 156 158 140
124.7707 -93.9450 3659.9390 150 151 134
127.5601 -93.8373 3655.7466 143 145 126
130.4926 -93.8373 3655.7466 141 142 123
133.2723 -93.7300 3651.5637 143 144 124
136.0457 -93.6229 3647.3906 144 146 127
138.8128 -93.5160 3643.2268 163 166 148
141.4123 -93.3030 3634.9280 184 189 175
144.0000 -93.0909 3626.6667 195 200 188
146.5760 -92.8798 3618.4431 184 189 176
149.1403 -92.6697 3610.2566 168 173 159
151.8644 -92.5650 3606.1770 157 159 142
154.7571 -92.5650 3606.1770 148 148 129
157.4718 -92.4605 3602.1069 137 136 115
160.3612 -92.4605 3602.1069 134 133 110
163.2506 -92.4605 3602.1069 125 123 99
166.1400 -92.4605 3602.1069 108 106 82
169.0294 -92.4605 3602.1069 94 92 67
171.9187 -92.4605 3602.1069 121 117 88
174.8081 -92.4605 3602.1069 132 129 100
177.8983 -92.5650 3606.1770 123 123 95
180.7910 -92.5650 3606.1770 119 119 94
184.0997 -92.7746 3614.3452 112 111 89
187.6364 -93.0909 3626.6667 107 104 83
191.1973 -93.4094 3639.0728 113 110 89
194.3379 -93.5160 3643.2268 118 114 93
197.4857 -93.6229 3647.3906 116 114 91
200.6407 -93.7300 3651.5637 110 108 86
203.5698 -93.7300 3651.5637 98 96 74
206.7354 -93.8373 3655.7466 98 97 76
210.1493 -94.0528 3664.1409 103 101 80
213.3333 -94.1609 3668.3525 107 106 83
216.2759 -94.1609 3668.3525 112 111 85
219.2184 -94.1609 3668.3525 120 119 90
222.4166 -94.2693 3672.5740 125 123 95
225.6221 -94.3779 3676.8049 131 129 101
228.3084 -94.2693 3672.5740 133 129 100
231.2543 -94.2693 3672.5740 139 136 106
234.2002 -94.2693 3672.5740 142 141 111
261.3862 -101.3861 3949.8352 173 174 143
263.9012 -101.1358 3940.0825 176 177 147
266.7325 -101.0111 3935.2241 177 179 149
269.8890 -101.0111 3935.2241 188 191 164
273.3827 -101.1358 3940.0825 208 214 198
275.8621 -100.8867 3930.3777 183 188 168
279.3589 -101.0111 3935.2241 178 180 150
282.5154 -101.0111 3935.2241 179 180 148
285.3202 -100.8867 3930.3777 178 180 149
68.8172 -100.9319 3812.9829 169 158 112
71.8758 -100.9319 3812.9829 168 157 113
75.1138 -101.1737 3822.1160 166 156 111
77.9928 -100.9319 3812.9829 167 156 111
80.8582 -100.6913 3803.8936 168 156 111
83.8095 -100.5714 3799.3652 165 154 109
86.7539 -100.4518 3794.8474 164 153 110
89.5848 -100.2135 3785.8442 164 154 111
92.4024 -99.9763 3776.8838 163 153 109
94.8706 -99.3882 3754.6667 163 152 109
97.4239 -98.9227 3737.0806 163 155 116
100.3041 -98.8070 3732.7097 164 160 125
103.0572 -98.5764 3723.9985 177 177 148
105.7974 -98.3469 3715.3279 194 196 177
108.5250 -98.1185 3706.6978 198 201 184
111.1111 -97.7778 3693.8271 193 194 178
113.6794 -97.4395 3681.0459 182 184 169
116.3636 -97.2152 3672.5740 171 173 158
119.1724 -97.1035 3668.3525 166 168 152
121.9747 -96.9920 3664.1409 145 147 129
124.7707 -96.8807 3659.9390 148 148 127
127.5601 -96.7698 3655.7466 140 142 120
130.4926 -96.7698 3655.7466 143 145 125
133.2723 -96.6590 3651.5637 147 149 131
136.0457 -96.5486 3647.3906 165 167 151
138.6545 -96.3284 3639.0728 184 188 172
141.2514 -96.1092 3630.7927 199 203 190
143.6735 -95.7823 3618.4431 189 192 179
146.4100 -95.6738 3614.3452 176 178 163
148.9718 -95.4576 3606.1770 160 162 145
151.6930 -95.3499 3602.1069 153 154 135
154.5824 -95.3499 3602.1069 147 147 127
157.2943 -95.2424 3598.0459 137 138 115
160.1804 -95.2424 3598.0459 129 128 106
163.0665 -95.2424 3598.0459 119 118 95
165.9527 -95.2424 3598.0459 102 99 73
168.8388 -95.2424 3598.0459 120 116 88
171.7249 -95.2424 3598.0459 138 135 104
174.6111 -95.2424 3598.0459 133 130 101
177.4972 -95.2424 3598.0459 126 125 96
180.5869 -95.3499 3602.1069 121 119 93
183.6836 -95.4576 3606.1770 115 113 90
187.2109 -95.7823 3618.4431 110 109 86
190.7622 -96.1092 3630.7927 109 107 82
194.1163 -96.3284 3639.0728 114 112 88
197.2603 -96.4384 3643.2268 113 112 88
200.4114 -96.5486 3647.3906 112 109 85
203.3372 -96.5486 3647.3906 103 100 77
206.4989 -96.6590 3651.5637 96 94 73
210.1493 -96.9920 3664.1409 103 102 79
213.3333 -97.1035 3668.3525 106 104 81
216.2759 -97.1035 3668.3525 111 108 83
219.2184 -97.1035 3668.3525 111 109 81
222.1609 -97.1035 3668.3525 117 115 88
225.3625 -97.2152 3672.5740 126 124 96
228.3084 -97.2152 3672.5740 127 124 94
230.9885 -97.1035 3668.3525 133 130 100
233.9310 -97.1035 3668.3525 134 131 101
261.0630 -104.4252 3944.9526 149 148 117
263.9012 -104.2963 3940.0825 163 163 133
266.7325 -104.1677 3935.2241 174 174 144
270.2223 -104.2963 3940.0825 200 205 183
273.3827 -104.2963 3940.0825 204 210 194
275.8621 -104.0394 3930.3777 179 182 159
279.3589 -104.1677 3935.2241 178 180 149
282.1675 -104.0394 3930.3777 178 180 149
284.9693 -103.9115 3925.5435 178 180 150
62.7751 -104.1148 3817.5439 169 157 112
65.8373 -104.1148 3817.5439 168 156 111
68.8172 -103.9904 3812.9829 167 155 112
71.8758 -103.9904 3812.9829 166 155 111
75.1138 -104.2395 3822.1160 164 154 110
78.0861 -104.1148 3817.5439 163 153 108
80.9547 -103.8664 3808.4329 164 154 108
83.9094 -103.7426 3803.8936 162 151 106
86.8571 -103.6191 3799.3652 161 151 106
89.6912 -103.3729 3790.3406 160 151 106
92.4024 -103.0059 3776.8838 159 150 108
94.8706 -102.4000 3754.6667 163 156 117
97.4239 -101.9204 3737.0806 178 176 147
100.3041 -101.8012 3732.7097 194 196 177
103.0572 -101.5636 3723.9985 197 200 184
105.6744 -101.2093 3711.0078 196 199 185
108.3991 -100.9745 3702.3977 184 186 172
110.9827 -100.6243 3689.5569 176 179 165
113.5484 -100.2765 3676.8049 171 174 159
116.2299 -100.0460 3668.3525 156 158 143
119.0356 -99.9311 3664.1409 152 154 140
121.8349 -99.8165 3659.9390 151 153 137
124.7707 -99.8165 3659.9390 141 143 125
127.5601 -99.7022 3655.7466 145 146 126
130.4926 -99.7022 3655.7466 146 148 129
133.2723 -99.5881 3651.5637 158 160 144
136.0457 -99.4743 3647.3906 184 187 171
138.6545 -99.2474 3639.0728 196 201 190
141.0909 -98.9091 3626.6667 194 199 187
143.5108 -98.5731 3614.3452 176 180 165
146.2444 -98.4615 3610.2566 168 171 154
148.8036 -98.2393 3602.1069 154 156 137
151.5220 -98.1285 3598.0459 154 154 136
154.4081 -98.1285 3598.0459 144 143 122
157.1171 -98.0180 3593.9941 136 135 111
160.0000 -98.0180 3593.9941 121 121 97
162.8829 -98.0180 3593.9941 107 105 82
165.5793 -97.9078 3589.9514 103 100 73
168.4590 -97.9078 3589.9514 142 139 111
171.3386 -97.9078 3589.9514 142 140 115
174.4144 -98.0180 3593.9941 131 129 102
177.2973 -98.0180 3593.9941 127 125 97
180.3833 -98.1285 3598.0459 120 119 91
183.4763 -98.2393 3602.1069 111 108 84
186.7873 -98.4615 3610.2566 110 108 85
190.3292 -98.7968 3622.5503 109 108 84
193.6747 -99.0216 3630.7927 109 108 84
197.0354 -99.2474 3639.0728 110 109 85
200.1826 -99.3607 3643.2268 114 112 87
203.3372 -99.4743 3647.3906 109 108 82
206.2629 -99.4743 3647.3906 100 99 75
210.1493 -99.9311 3664.1409 100 100 76
213.0884 -99.9311 3664.1409 102 102 77
216.0276 -99.9311 3664.1409 109 108 83
218.9667 -99.9311 3664.1409 116 114 89
222.1609 -100.0460 3668.3525 117 116 89
225.1035 -100.0460 3668.3525 122 120 91
228.0460 -100.0460 3668.3525 119 115 87
230.9885 -100.0460 3668.3525 123 121 91
234.2002 -100.1611 3672.5740 126 123 95
260.7408 -107.4568 3940.0825 136 133 102
263.5759 -107.3243 3935.2241 142 138 107
266.7325 -107.3243 3935.2241 149 148 117
269.8890 -107.3243 3935.2241 165 166 139
273.0456 -107.3243 3935.2241 179 180 157
275.8621 -107.1921 3930.3777 172 174 150
279.3589 -107.3243 3935.2241 163 166 141
282.1675 -107.1921 3930.3777 152 155 132
285.3202 -107.1921 3930.3777 165 168 139
59.5704 -106.9212 3808.4329 165 154 110
62.7751 -107.1770 3817.5439 165 154 109
65.8373 -107.1770 3817.5439 162 152 107
68.8172 -107.0490 3812.9829 159 149 105
71.9617 -107.1770 3817.5439 157 147 103
75.1138 -107.3054 3822.1160 157 147 104
78.0861 -107.1770 3817.5439 155 145 100
80.9547 -106.9212 3808.4329 154 144 99
83.9094 -106.7938 3803.8936 152 144 100
86.8571 -106.6667 3799.3652 151 143 102
89.7979 -106.5398 3794.8474 151 146 108
92.4024 -106.0355 3776.8838 165 163 132
94.8706 -105.4118 3754.6667 191 191 170
97.4239 -104.9180 3737.0806 198 200 185
100.1869 -104.6729 3728.3491 200 204 189
102.9371 -104.4289 3719.6582 195 199 185
105.5517 -104.0650 3706.6978 191 193 179
108.2735 -103.8239 3698.1074 174 177 163
110.8545 -103.4642 3685.2964 165 169 154
113.4177 -103.1070 3672.5740 154 156 141
116.2299 -102.9885 3668.3525 151 152 138
119.0356 -102.8703 3664.1409 152 153 137
121.8349 -102.7523 3659.9390 149 151 133
124.6277 -102.6346 3655.7466 146 148 131
127.5601 -102.6346 3655.7466 149 151 134
130.3432 -102.5172 3651.5637 159 161 145
133.1200 -102.4000 3647.3906 185 188 173
135.8904 -102.2831 3643.2268 199 203 190
138.4966 -102.0501 3634.9280 200 206 194
140.7710 -101.5873 3618.4431 180 185 172
143.3484 -101.3575 3610.2566 175 179 164
145.9142 -101.1287 3602.1069 158 160 143
148.6358 -101.0147 3598.0459 153 154 133
151.3514 -100.9009 3593.9941 148 148 127
154.2343 -100.9009 3593.9941 145 144 123
156.9404 -100.7874 3589.9514 134 133 110
159.6405 -100.6742 3585.9177 118 116 94
162.5169 -100.6742 3585.9177 102 99 76
165.3933 -100.6742 3585.9177 131 129 101
168.2697 -100.6742 3585.9177 141 140 114
171.1461 -100.6742 3585.9177 141 138 111
174.0225 -100.6742 3585.9177 131 128 99
177.0979 -100.7874 3589.9514 128 126 97
179.9775 -100.7874 3589.9514 121 120 92
183.2695 -101.0147 3598.0459 116 114 88
186.5763 -101.2429 3606.1770 112 110 85
189.8981 -101.4723 3614.3452 110 109 84
193.2350 -101.7026 3622.5503 111 109 85
196.5871 -101.9340 3630.7927 112 110 87
199.7267 -102.0501 3634.9280 112 111 87
202.8735 -102.1665 3639.0728 113 112 86
206.0274 -102.2831 3643.2268 114 112 85
209.9083 -102.7523 3659.9390 108 104 79
213.0884 -102.8703 3664.1409 108 106 80
216.0276 -102.8703 3664.1409 111 109 81
218.9667 -102.8703 3664.1409 113 112 84
222.1609 -102.9885 3668.3525 115 113 85
225.1035 -102.9885 3668.3525 122 119 89
228.0460 -102.9885 3668.3525 120 116 88
230.7233 -102.8703 3664.1409 118 116 87
233.9310 -102.9885 3668.3525 121 120 91
260.7408 -110.6173 3940.0825 131 126 96
263.2513 -110.3448 3930.3777 131 126 96
266.4039 -110.3448 3930.3777 140 136 106
269.8890 -110.4809 3935.2241 140 136 104
273.0456 -110.4809 3935.2241 146 142 112
276.2022 -110.4809 3935.2241 148 146 117
279.3589 -110.4809 3935.2241 138 137 113
282.5154 -110.4809 3935.2241 113 113 92
285.6720 -110.4809 3935.2241 122 124 97
288.1181 -110.2091 3925.5435 171 174 144
53.1435 -109.3238 3785.8442 140 132 94
56.3139 -109.5838 3794.8474 137 130 91
59.5704 -109.9761 3808.4329 134 127 89
62.7751 -110.2392 3817.5439 134 127 91
65.8373 -110.2392 3817.5439 129 123 88
68.8172 -110.1075 3812.9829 121 115 79
71.9617 -110.2392 3817.5439 115 111 76
75.2038 -110.5036 3826.6987 111 109 77
78.0861 -110.2392 3817.5439 100 98 68
80.9547 -109.9761 3808.4329 92 89 62
83.9094 -109.8451 3803.8936 92 90 64
86.8571 -109.7143 3799.3652 112 111 84
89.6912 -109.4537 3790.3406 160 162 138
92.4024 -109.0651 3776.8838 193 197 179
94.8706 -108.4235 3754.6667 200 204 188
97.4239 -107.9157 3737.0806 198 200 187
100.1869 -107.6636 3728.3491 194 197 184
102.8172 -107.2875 3715.3279 184 187 173
105.4292 -106.9142 3702.3977 178 180 166
108.0231 -106.5434 3689.5569 175 178 165
110.5991 -106.1751 3676.8049 164 167 151
113.2874 -105.9310 3668.3525 155 156 142
116.0964 -105.8094 3664.1409 151 153 138
118.8991 -105.6881 3659.9390 147 149 132
121.6953 -105.5670 3655.7466 155 156 139
124.6277 -105.5670 3655.7466 155 157 139
127.4142 -105.4462 3651.5637 155 158 142
130.1943 -105.3257 3647.3906 177 180 165
132.9680 -105.2055 3643.2268 196 201 188
135.5809 -104.9658 3634.9280 203 208 196
140.4525 -104.2534 3610.2566 174 176 161
143.0248 -104.0181 3602.1069 165 168 151
145.7497 -103.9008 3598.0459 152 153 136
148.3015 -103.6670 3589.9514 152 154 134
151.1811 -103.6670 3589.9514 153 153 134
154.0608 -103.6670 3589.9514 146 145 126
156.7641 -103.5506 3585.9177 133 131 110
159.4613 -103.4343 3581.8931 115 112 89
162.1525 -103.3184 3577.8774 108 106 82
165.0224 -103.3184 3577.8774 141 139 115
167.8924 -103.3184 3577.8774 144 143 121
170.7623 -103.3184 3577.8774 141 138 111
173.8272 -103.4343 3581.8931 134 130 99
176.7003 -103.4343 3581.8931 127 125 96
179.9775 -103.6670 3589.9514 122 120 94
183.0631 -103.7838 3593.9941 118 117 89
186.3657 -104.0181 3602.1069 114 112 85
189.4689 -104.1356 3606.1770 112 110 84
192.7973 -104.3715 3614.3452 115 111 86
195.9184 -104.4898 3618.4431 114 110 85
198.8209 -104.4898 3618.4431 114 110 85
202.4118 -104.8464 3630.7927 113 110 84
205.7925 -105.0855 3639.0728 117 114 89
209.6678 -105.5670 3655.7466 117 114 88
212.8440 -105.6881 3659.9390 116 114 86
215.7798 -105.6881 3659.9390 120 117 88
218.7156 -105.6881 3659.9390 127 124 94
221.6514 -105.6881 3659.9390 127 124 94
224.8450 -105.8094 3664.1409 128 124 94
227.7842 -105.8094 3664.1409 124 119 90
230.4587 -105.6881 3659.9390 117 113 82
233.6625 -105.8094 3664.1409 121 118 89
263.2513 -113.4975 3930.3777 123 118 88
266.4039 -113.4975 3930.3777 132 128 98
269.5566 -113.4975 3930.3777 130 125 96
273.0456 -113.6375 3935.2241 128 123 93
275.8621 -113.4975 3930.3777 137 134 103
279.3589 -113.6375 3935.2241 139 137 106
282.5154 -113.6375 3935.2241 147 145 115
285.3202 -113.4975 3930.3777 141 140 110
49.9882 -112.0947 3776.8838 48 49 35
53.1435 -112.3606 3785.8442 44 45 33
56.3139 -112.6278 3794.8474 41 43 33
59.4994 -112.8963 3803.8936 37 39 30
62.7001 -113.1661 3812.9829 36 37 29
65.8373 -113.3014 3817.5439 31 35 28
68.8172 -113.1661 3812.9829 33 36 32
71.9617 -113.3014 3817.5439 34 37 32
75.2038 -113.5732 3826.6987 35 39 32
78.0861 -113.3014 3817.5439 32 37 29
80.9547 -113.0310 3808.4329 46 49 41
83.9094 -112.8963 3803.8936 89 92 79
86.8571 -112.7619 3799.3652 175 179 162
89.7979 -112.6278 3794.8474 201 205 190
92.4024 -112.0947 3776.8838 201 205 191
94.7591 -111.3044 3750.2546 197 201 188
97.3099 -110.7836 3732.7097 196 200 186
100.0700 -110.5251 3723.9985 186 189 175
102.6977 -110.1395 3711.0078 184 187 174
105.1852 -109.6296 3693.8271 178 181 168
107.7739 -109.2503 3681.0459 164 166 153
110.3448 -108.8736 3668.3525 165 167 152
113.1573 -108.7486 3664.1409 148 149 133
115.9633 -108.6239 3659.9390 152 152 135
118.7629 -108.4994 3655.7466 149 151 137
121.5561 -108.3753 3651.5637 156 159 143
124.4851 -108.3753 3651.5637 157 159 145
127.2686 -108.2514 3647.3906 172 176 162
130.0457 -108.1279 3643.2268 190 194 181
132.6651 -107.8816 3634.9280 203 209 197
135.2727 -107.6364 3626.6667 198 201 190
137.5566 -107.1493 3610.2566 183 185 172
140.1355 -106.9075 3602.1069 167 171 154
142.8636 -106.7869 3598.0459 160 162 144
145.4218 -106.5467 3589.9514 158 159 140
148.1348 -106.4270 3585.9177 156 156 136
150.8418 -106.3075 3581.8931 151 150 131
153.7149 -106.3075 3581.8931 142 141 120
156.4126 -106.1883 3577.8774 120 118 95
159.1041 -106.0694 3573.8708 108 104 80
161.7897 -105.9508 3569.8733 137 136 112
164.4693 -105.8324 3565.8845 152 151 129
167.5168 -105.9508 3569.8733 145 144 122
170.3803 -105.9508 3569.8733 141 138 113
173.4379 -106.0694 3573.8708 136 131 103
176.3046 -106.0694 3573.8708 129 125 97
179.5735 -106.3075 3581.8931 125 123 95
182.6517 -106.4270 3585.9177 119 118 90
185.9460 -106.6667 3593.9941 118 116 87
189.2551 -106.9075 3602.1069 117 114 87
192.3616 -107.0283 3606.1770 116 112 87
195.2542 -107.0283 3606.1770 114 112 87
198.1469 -107.0283 3606.1770 116 113 86
205.3242 -107.7588 3630.7927 116 114 88
209.1886 -108.2514 3647.3906 116 113 87
212.3570 -108.3753 3651.5637 119 116 87
215.2861 -108.3753 3651.5637 121 117 87
218.2151 -108.3753 3651.5637 126 123 92
221.1442 -108.3753 3651.5637 132 128 97
224.3299 -108.4994 3655.7466 131 128 97
227.5230 -108.6239 3659.9390 131 128 97
230.1947 -108.4994 3655.7466 135 131 100
50.0474 -115.2607 3781.3586 38 40 33
53.2067 -115.5344 3790.3406 35 39 36
56.3139 -115.6718 3794.8474 33 38 34
59.4994 -115.9476 3803.8936 28 33 31
62.7001 -116.2246 3812.9829 27 32 31
65.8373 -116.3636 3817.5439 27 31 30
68.8172 -116.2246 3812.9829 28 34 32
71.9617 -116.3636 3817.5439 34 40 37
75.2038 -116.6427 3826.6987 33 38 38
78.0861 -116.3636 3817.5439 55 60 55
80.9547 -116.0859 3808.4329 115 120 107
83.9094 -115.9476 3803.8936 183 188 173
86.8571 -115.8095 3799.3652 200 204 190
89.7979 -115.6718 3794.8474 201 204 191
92.4024 -115.1243 3776.8838 199 203 189
94.6479 -114.1784 3745.8530 197 201 187
97.1963 -113.6449 3728.3491 186 189 175
99.9534 -113.3800 3719.6582 181 184 171
102.4594 -112.8538 3702.3977 172 175 162
104.8212 -112.2030 3681.0459 164 167 153
107.5259 -111.9448 3672.5740 156 159 143
110.2181 -111.6877 3664.1409 161 163 149
113.0275 -111.5596 3659.9390 152 154 140
115.8305 -111.4319 3655.7466 146 148 132
118.6270 -111.3044 3651.5637 150 152 135
121.5561 -111.3044 3651.5637 155 158 142
124.3429 -111.1772 3647.3906 168 171 157
127.1233 -111.0502 3643.2268 186 189 176
129.7494 -110.7973 3634.9280 201 206 194
132.2134 -110.4200 3622.5503 199 203 191
134.6606 -110.0453 3610.2566 185 189 176
137.2461 -109.7968 3602.1069 176 181 166
139.8198 -109.5496 3593.9941 172 175 158
142.5422 -109.4263 3589.9514 164 166 147
145.2584 -109.3034 3585.9177 164 165 147
147.8027 -109.0583 3577.8774 151 150 131
150.6727 -109.0583 3577.8774 139 137 116
153.3707 -108.9362 3573.8708 125 123 102
155.8883 -108.6927 3565.8845 105 104 81
158.3947 -108.4504 3557.9338 117 116 90
161.0690 -108.3296 3553.9719 149 149 124
163.7375 -108.2091 3550.0186 146 145 122
166.7706 -108.3296 3553.9719 141 138 113
169.8105 -108.4504 3557.9338 136 132 106
172.8571 -108.5714 3561.9048 131 127 99
175.9106 -108.6927 3565.8845 125 122 93
179.3722 -109.0583 3577.8774 122 118 92
182.4467 -109.1807 3581.8931 121 117 91
185.7368 -109.4263 3589.9514 120 117 90
188.8288 -109.5496 3593.9941 119 116 87
191.9279 -109.6731 3598.0459 120 117 90
194.8140 -109.6731 3598.0459 116 113 87
197.9233 -109.7968 3602.1069 118 114 87
201.0396 -109.9209 3606.1770 116 111 86
204.3941 -110.1699 3614.3452 117 113 86
50.1068 -118.4342 3785.8442 61 64 47
53.2067 -118.5748 3790.3406 76 81 68
56.3139 -118.7158 3794.8474 104 106 85
59.4286 -118.8572 3799.3652 83 86 67
62.6253 -119.1408 3808.4329 66 70 58
65.8373 -119.4258 3817.5439 48 51 44
68.8172 -119.2832 3812.9829 43 48 44
71.8758 -119.2832 3812.9829 41 46 43
75.0239 -119.4258 3817.5439 55 59 54
77.9928 -119.2832 3812.9829 116 120 108
80.8582 -118.9988 3803.8936 190 195 180
83.8095 -118.8572 3799.3652 201 207 193
86.8571 -118.8572 3799.3652 199 202 189
89.6912 -118.5748 3790.3406 195 198 186
92.2932 -118.0142 3772.4194 197 200 187
94.4262 -116.9087 3737.0806 189 193 179
97.0829 -116.4994 3723.9985 184 188 175
99.8370 -116.2282 3715.3279 180 183 171
102.2222 -115.5556 3693.8271 170 173 159
104.5800 -114.8907 3672.5740 158 159 145
107.2790 -114.6269 3664.1409 158 160 145
110.0918 -114.4954 3659.9390 155 156 142
112.8981 -114.3643 3655.7466 145 146 131
115.6979 -114.2334 3651.5637 150 152 136
118.6270 -114.2334 3651.5637 150 152 135
121.4172 -114.1029 3647.3906 166 170 155
124.2009 -113.9726 3643.2268 185 191 177
126.8337 -113.7130 3634.9280 200 205 193
129.4546 -113.4546 3626.6667 201 207 197
131.9139 -113.0691 3614.3452 195 198 187
134.5085 -112.8136 3606.1770 183 186 173
137.0913 -112.5592 3598.0459 170 175 162
139.6626 -112.3060 3589.9514 168 172 158
142.2222 -112.0539 3581.8931 172 175 160
144.9327 -111.9283 3577.8774 166 167 150
147.4720 -111.6779 3569.8733 150 150 132
150.1676 -111.5531 3565.8845 132 131 110
152.6867 -111.3044 3557.9338 113 110 88
155.3675 -111.1804 3553.9719 108 104 79
157.8667 -110.9333 3546.0742 138 136 111
160.5328 -110.8102 3542.1384 159 157 135
163.3740 -110.8102 3542.1384 148 147 126
166.2153 -110.8102 3542.1384 146 144 121
169.2445 -110.9333 3546.0742 142 140 115
172.2803 -111.0567 3550.0186 130 129 103
175.3230 -111.1804 3553.9719 125 122 96
178.9709 -111.6779 3569.8733 122 119 93
182.0381 -111.8029 3573.8708 119 117 89
185.3199 -112.0539 3581.8931 118 116 87
188.4045 -112.1798 3585.9177 118 116 87
191.4961 -112.3060 3589.9514 120 118 90
194.3757 -112.3060 3589.9514 120 117 89
197.4775 -112.4324 3593.9941 118 116 88
200.5863 -112.5592 3598.0459 117 114 87
203.9322 -112.8136 3606.1770 113 109 84
207.0588 -112.9412 3610.2566 115 111 85
210.4309 -113.1973 3618.4431 115 111 83
213.0918 -113.0691 3614.3452 117 113 84
215.7466 -112.9412 3610.2566 122 117 88
218.3955 -112.8136 3606.1770 127 123 93
220.7892 -112.5592 3598.0459 130 124 93
223.6753 -112.5592 3598.0459 130 124 94
229.1892 -112.4324 3593.9941 129 125 93
53.2067 -121.6152 3790.3406 58 63 53
56.3139 -121.7598 3794.8474 116 118 97
59.4286 -121.9048 3799.3652 141 140 110
62.6253 -122.1957 3808.4329 145 143 111
65.8373 -122.4880 3817.5439 132 129 97
68.8172 -122.3417 3812.9829 119 117 89
71.8758 -122.3417 3812.9829 115 116 92
75.0239 -122.4880 3817.5439 134 138 118
77.9928 -122.3417 3812.9829 194 199 184
80.8582 -122.0501 3803.8936 204 208 194
83.8095 -121.9048 3799.3652 202 205 192
86.8571 -121.9048 3799.3652 198 202 189
89.6912 -121.6152 3790.3406 194 197 184
92.1842 -120.8973 3767.9656 189 192 181
94.3158 -119.7661 3732.7097 185 188 178
96.9697 -119.3473 3719.6582 183 187 175
99.6051 -118.9315 3706.6978 170 174 162
101.8685 -118.1084 3681.0459 164 167 155
104.3398 -117.5660 3664.1409 163 165 153
107.1560 -117.4312 3659.9390 155 156 142
109.9656 -117.2967 3655.7466 153 155 138
112.7689 -117.1625 3651.5637 152 152 137
115.6979 -117.1625 3651.5637 146 145 131
118.4914 -117.0286 3647.3906 160 162 146
121.2785 -116.8950 3643.2268 179 183 169
124.0593 -116.7617 3639.0728 196 201 189
126.5455 -116.3636 3626.6667 204 208 198
129.0147 -115.9683 3614.3452 190 195 185
131.6158 -115.7062 3606.1770 183 186 176
134.2052 -115.4453 3598.0459 180 183 172
136.9370 -115.3153 3593.9941 168 172 158
139.3490 -114.9270 3581.8931 161 165 151
141.7450 -114.5414 3569.8733 169 171 158
144.2857 -114.2857 3561.9048 160 162 146
146.8152 -114.0312 3553.9719 142 143 123
149.4995 -113.9044 3550.0186 126 125 100
152.1778 -113.7778 3546.0742 111 109 84
154.8502 -113.6515 3542.1384 124 122 96
157.5166 -113.5255 3538.2114 155 155 132
160.1772 -113.3998 3534.2932 159 158 137
163.0122 -113.3998 3534.2932 156 155 133
165.8472 -113.3998 3534.2932 148 147 123
168.8692 -113.5255 3538.2114 145 142 116
171.8979 -113.6515 3542.1384 134 133 105
174.7392 -113.6515 3542.1384 127 124 96
178.1737 -114.0312 3553.9719 122 119 91
181.2263 -114.1583 3557.9338 120 118 90
184.4916 -114.4134 3565.8845 121 118 90
187.5615 -114.5414 3569.8733 120 116 88
190.6383 -114.6697 3573.8708 121 117 89
193.7220 -114.7982 3577.8774 121 117 89
196.8126 -114.9270 3581.8931 120 117 89
200.1350 -115.1856 3589.9514 118 116 87
203.4724 -115.4453 3598.0459 117 113 85
206.1261 -115.3153 3593.9941 116 112 85
209.0090 -115.3153 3593.9941 115 113 84
212.1308 -115.4453 3598.0459 114 112 82
214.7748 -115.3153 3593.9941 121 117 88
217.4129 -115.1856 3589.9514 133 129 99
220.2925 -115.1856 3589.9514 135 130 98
222.9214 -115.0562 3585.9177 140 135 102
226.0518 -115.1856 3589.9514 135 131 98
228.9314 -115.1856 3589.9514 137 133 100
231.5506 -115.0562 3585.9177 135 131 98
239.1051 -114.5414 3569.8733 141 137 107
240.6229 -113.9044 3550.0186 146 141 111
274.1842 -113.6515 3542.1384 162 159 129
277.0255 -113.6515 3542.1384 160 158 127
291.5556 -113.7778 3546.0742 178 180 151
294.7275 -113.9044 3550.0186 178 180 152
53.2699 -124.8038 3794.8474 34 42 40
56.3810 -124.9524 3799.3652 45 52 47
59.4994 -125.1013 3803.8936 69 75 64
62.6253 -125.2506 3808.4329 108 110 89
65.8373 -125.5502 3817.5439 159 155 122
68.8172 -125.4002 3812.9829 174 169 132
71.8758 -125.4002 3812.9829 176 173 142
75.0239 -125.5502 3817.5439 197 199 181
77.9928 -125.4002 3812.9829 203 208 194
80.8582 -125.1013 3803.8936 201 204 193
92.0755 -123.7736 3763.5222 186 190 178
94.3158 -122.7602 3732.7097 181 184 173
96.9697 -122.3310 3719.6582 173 176 163
99.3743 -121.6223 3698.1074 164 167 154
101.6341 -120.7825 3672.5740 161 164 152
104.1008 -120.2291 3655.7466 154 156 144
107.0332 -120.2291 3655.7466 152 154 139
109.8398 -120.0915 3651.5637 156 159 144
112.6400 -119.9543 3647.3906 153 155 139
115.5657 -119.9543 3647.3906 155 158 142
118.3562 -119.8174 3643.2268 170 174 159
121.1403 -119.6807 3639.0728 186 192 177
123.7770 -119.4084 3630.7927 201 207 195
126.2585 -119.0023 3618.4431 201 207 196
128.8688 -118.7330 3610.2566 187 192 178
131.4673 -118.4650 3602.1069 178 180 166
134.0541 -118.1982 3593.9941 167 170 155
136.6292 -117.9326 3585.9177 169 172 157
141.1136 -116.8820 3553.9719 164 166 148
143.8042 -116.7520 3550.0186 154 156 138
146.3263 -116.4928 3542.1384 137 136 115
149.0022 -116.3636 3538.2114 117 115 93
151.8404 -116.3636 3538.2114 98 96 74
154.5072 -116.2348 3534.2932 145 145 124
157.1682 -116.1062 3530.3835 160 161 140
160.0000 -116.1062 3530.3835 155 155 134
162.6519 -115.9779 3526.4827 158 157 137
165.6637 -116.1062 3530.3835 141 140 117
168.6822 -116.2348 3534.2932 141 138 114
171.5172 -116.2348 3534.2932 135 133 106
174.3522 -116.2348 3534.2932 129 126 96
177.5805 -116.4928 3542.1384 126 122 92
180.4218 -116.4928 3542.1384 122 118 90
183.4667 -116.6222 3546.0742 122 118 91
186.1043 -116.4928 3542.1384 120 116 87
189.1556 -116.6222 3546.0742 122 118 88
192.2136 -116.7520 3550.0186 121 117 88
195.4961 -117.0123 3557.9338 120 115 86
199.4619 -117.6682 3577.8774 120 116 86
202.7865 -117.9326 3585.9177 118 113 84
205.6629 -117.9326 3585.9177 117 112 84
208.5393 -117.9326 3585.9177 119 114 85
211.6536 -118.0653 3589.9514 118 114 85
214.2922 -117.9326 3585.9177 121 117 87
217.1685 -117.9326 3585.9177 131 126 95
220.0450 -117.9326 3585.9177 136 131 98
222.6712 -117.8002 3581.8931 137 131 98
225.7978 -117.9326 3585.9177 140 135 103
228.6742 -117.9326 3585.9177 140 135 103
231.5506 -117.9326 3585.9177 139 134 102
234.1639 -117.8002 3581.8931 141 137 106
236.7713 -117.6682 3577.8774 139 135 105
238.5714 -117.1429 3561.9048 138 134 104
240.6229 -116.7520 3550.0186 142 139 109
259.6896 -116.3636 3538.2114 140 138 109
262.2370 -116.2348 3534.2932 136 135 104
265.0720 -116.2348 3534.2932 145 143 114
267.9070 -116.2348 3534.2932 147 145 117
270.7420 -116.2348 3534.2932 145 142 114
273.8803 -116.3636 3538.2114 153 152 122
276.7184 -116.3636 3538.2114 153 151 124
279.8668 -116.4928 3542.1384 154 152 125
290.9091 -116.3636 3538.2114 175 177 147
294.4000 -116.6222 3546.0742 178 179 151
296.2570 -116.2348 3534.2932 178 180 152
53.2699 -127.8478 3794.8474 35 43 46
56.3810 -128.0000 3799.3652 32 41 44
59.4994 -128.1526 3803.8936 36 46 47
62.6253 -128.3055 3808.4329 57 63 56
65.8373 -128.6124 3817.5439 136 135 110
68.8172 -128.4588 3812.9829 179 176 143
71.8758 -128.4588 3812.9829 193 195 174
75.0239 -128.6124 3817.5439 208 211 197
101.4007 -123.4443 3664.1409 164 166 151
104.1008 -123.1615 3655.7466 157 158 142
106.9108 -123.0206 3651.5637 155 158 141
109.7143 -122.8800 3647.3906 151 154 138
112.5114 -122.7397 3643.2268 152 154 140
115.4338 -122.7397 3643.2268 167 170 158
118.2212 -122.5998 3639.0728 181 185 172
120.8646 -122.3208 3630.7927 195 198 187
123.4960 -122.0431 3622.5503 202 205 194
125.9729 -121.6290 3610.2566 190 194 183
128.5779 -121.3544 3602.1069 179 182 170
131.1712 -121.0811 3593.9941 179 181 166
133.9033 -120.9449 3589.9514 173 176 158
140.6437 -119.3341 3542.1384 160 161 145
143.3259 -119.2018 3538.2114 144 144 125
146.0022 -119.0698 3534.2932 132 131 109
148.8372 -119.0698 3534.2932 112 109 87
151.5044 -118.9381 3530.3835 113 111 88
154.3363 -118.9381 3530.3835 156 157 137
156.9945 -118.8066 3526.4827 162 163 145
159.6468 -118.6755 3522.5903 164 164 146
162.6519 -118.8066 3526.4827 155 155 135
165.4807 -118.8066 3526.4827 141 140 117
168.3094 -118.8066 3526.4827 140 138 113
171.1381 -118.8066 3526.4827 134 132 104
174.1593 -118.9381 3530.3835 129 126 98
177.1872 -119.0698 3534.2932 128 124 95
180.0222 -119.0698 3534.2932 122 119 91
182.8571 -119.0698 3534.2932 121 117 89
185.4867 -118.9381 3530.3835 121 117 87
188.3186 -118.9381 3530.3835 121 117 88
191.3621 -119.0698 3534.2932 121 117 90
194.6282 -119.3341 3542.1384 119 115 87
197.9088 -119.5996 3550.0186 119 115 87
202.3318 -120.5381 3577.8774 117 113 84
205.2018 -120.5381 3577.8774 119 114 86
208.3053 -120.6734 3581.8931 119 114 85
211.1785 -120.6734 3581.8931 119 115 86
214.0516 -120.6734 3581.8931 124 119 90
216.9248 -120.6734 3581.8931 131 126 95
219.7980 -120.6734 3581.8931 138 133 102
222.4215 -120.5381 3577.8774 140 134 103
225.7978 -120.8090 3585.9177 139 134 104
228.4175 -120.6734 3581.8931 137 133 101
231.5506 -120.8090 3585.9177 139 134 102
234.1639 -120.6734 3581.8931 139 135 104
236.7713 -120.5381 3577.8774 140 136 106
238.8380 -120.1341 3565.8845 142 139 111
240.8909 -119.7327 3553.9719 137 135 107
251.4539 -119.3341 3542.1384 144 144 121
254.2952 -119.3341 3542.1384 146 144 121
256.8514 -119.2018 3538.2114 143 141 117
259.6896 -119.2018 3538.2114 143 142 117
262.2370 -119.0698 3534.2932 143 142 114
265.0720 -119.0698 3534.2932 143 141 109
267.9070 -119.0698 3534.2932 141 137 107
270.4425 -118.9381 3530.3835 136 133 102
273.5770 -119.0698 3534.2932 148 146 114
276.4120 -119.0698 3534.2932 148 145 115
279.2470 -119.0698 3534.2932 149 146 119
282.7081 -119.3341 3542.1384 153 151 122
285.2328 -119.2018 3538.2114 151 149 118
288.0710 -119.2018 3538.2114 153 151 121
290.2655 -118.9381 3530.3835 163 163 132
293.4219 -119.0698 3534.2932 175 176 146
295.6022 -118.8066 3526.4827 178 180 151
299.4235 -119.2018 3538.2114 177 180 151
50.1663 -130.7363 3790.3406 42 48 44
53.2699 -130.8918 3794.8474 35 43 47
56.3810 -131.0476 3799.3652 35 44 47
59.4994 -131.2038 3803.8936 37 47 49
62.6253 -131.3604 3808.4329 46 53 50
65.7587 -131.5173 3812.9829 104 109 93
98.4615 -126.3835 3664.1409 169 172 158
101.1684 -126.0939 3655.7466 158 161 146
103.9817 -125.9497 3651.5637 157 160 145
106.7886 -125.8057 3647.3906 163 166 152
109.5890 -125.6621 3643.2268 149 151 137
112.5114 -125.6621 3643.2268 167 169 154
115.4338 -125.6621 3643.2268 183 185 171
118.0866 -125.3759 3634.9280 191 197 184
120.7273 -125.0909 3626.6667 205 210 199
123.2163 -124.6659 3614.3452 200 205 192
125.8305 -124.3842 3606.1770 186 189 176
128.4329 -124.1037 3598.0459 176 180 166
131.1712 -123.9640 3593.9941 170 173 157
137.6497 -122.0399 3538.2114 164 166 151
140.1770 -121.7699 3530.3835 150 152 134
143.0089 -121.7699 3530.3835 138 137 117
145.6796 -121.6354 3526.4827 123 121 100
148.5083 -121.6354 3526.4827 98 96 74
151.3370 -121.6354 3526.4827 136 138 113
154.1658 -121.6354 3526.4827 158 160 140
156.8212 -121.5011 3522.5903 159 161 144
159.4708 -121.3671 3518.7065 156 157 140
162.4724 -121.5011 3522.5903 150 149 129
165.2980 -121.5011 3522.5903 142 141 118
168.1236 -121.5011 3522.5903 144 144 119
170.9492 -121.5011 3522.5903 135 134 107
173.9669 -121.6354 3526.4827 129 126 97
176.7956 -121.6354 3526.4827 128 125 97
179.6243 -121.6354 3526.4827 119 115 89
182.4530 -121.6354 3526.4827 122 118 90
185.0773 -121.5011 3522.5903 121 116 87
187.9029 -121.5011 3522.5903 121 117 88
190.9392 -121.6354 3526.4827 122 118 91
193.9823 -121.7699 3530.3835 121 117 88
197.0321 -121.9048 3534.2932 121 116 86
204.9720 -123.2699 3573.8708 120 115 86
207.8388 -123.2699 3573.8708 120 115 86
210.9417 -123.4081 3577.8774 120 115 86
213.8117 -123.4081 3577.8774 123 119 89
216.6816 -123.4081 3577.8774 128 124 93
219.5516 -123.4081 3577.8774 137 132 100
222.1725 -123.2699 3573.8708 137 131 100
225.5443 -123.5466 3581.8931 139 133 102
228.4175 -123.5466 3581.8931 136 132 102
231.2907 -123.5466 3581.8931 138 134 104
234.1639 -123.5466 3581.8931 135 130 100
236.7713 -123.4081 3577.8774 142 139 107
238.8380 -122.9944 3565.8845 141 138 110
241.1594 -122.7202 3557.9338 140 137 111
243.2000 -122.3111 3546.0742 141 140 114
246.0444 -122.3111 3546.0742 140 139 116
249.1658 -122.4472 3550.0186 142 142 121
251.4539 -122.1754 3542.1384 146 147 127
254.0133 -122.0399 3538.2114 146 146 125
256.5670 -121.9048 3534.2932 147 147 125
259.4020 -121.9048 3534.2932 150 151 130
261.9469 -121.7699 3530.3835 145 145 122
264.7788 -121.7699 3530.3835 142 141 113
267.6106 -121.7699 3530.3835 146 144 115
270.4425 -121.7699 3530.3835 138 136 105
273.2744 -121.7699 3530.3835 144 140 110
276.1062 -121.7699 3530.3835 136 132 103
278.9381 -121.7699 3530.3835 135 133 103
281.7699 -121.7699 3530.3835 138 137 107
284.6018 -121.7699 3530.3835 138 136 106
287.4337 -121.7699 3530.3835 149 146 117
289.9448 -121.6354 3526.4827 150 148 118
293.0974 -121.7699 3530.3835 157 156 126
295.6022 -121.6354 3526.4827 172 173 143
299.0919 -121.9048 3534.2932 176 179 150
47.0700 -133.6180 3785.8442 97 95 70
50.1663 -133.7767 3790.3406 48 51 45
53.2699 -133.9358 3794.8474 37 45 47
56.3810 -134.0952 3799.3652 38 46 49
59.4994 -134.2551 3803.8936 39 48 49
62.7001 -134.5759 3812.9829 60 66 64
95.6322 -129.4713 3668.3525 168 170 156
98.2360 -129.0264 3655.7466 158 160 147
101.0526 -128.8787 3651.5637 156 159 144
103.8629 -128.7314 3647.3906 156 158 142
106.6667 -128.5845 3643.2268 155 158 143
109.4641 -128.4379 3639.0728 164 169 156
112.3831 -128.4379 3639.0728 180 183 170
115.3022 -128.4379 3639.0728 187 190 176
117.9522 -128.1456 3630.7927 201 205 192
120.4535 -127.7098 3618.4431 200 206 194
123.0769 -127.4208 3610.2566 189 193 181
125.6885 -127.1332 3602.1069 186 190 177
128.2883 -126.8469 3593.9941 185 187 173
130.8764 -126.5618 3585.9177 179 181 164
134.8115 -124.8781 3538.2114 169 171 155
137.3451 -124.6018 3530.3835 159 160 144
140.0221 -124.4641 3526.4827 152 152 134
142.8508 -124.4641 3526.4827 135 133 113
145.5188 -124.3267 3522.5903 110 109 88
148.3444 -124.3267 3522.5903 99 97 75
151.0033 -124.1897 3518.7065 151 151 129
153.8258 -124.1897 3518.7065 163 167 149
156.4758 -124.0529 3514.8313 164 167 151
159.2952 -124.0529 3514.8313 160 161 143
162.2933 -124.1897 3518.7065 149 147 127
165.1158 -124.1897 3518.7065 147 146 124
167.9383 -124.1897 3518.7065 139 139 114
170.7608 -124.1897 3518.7065 136 134 109
173.5833 -124.1897 3518.7065 133 130 102
176.6004 -124.3267 3522.5903 129 127 98
179.2282 -124.1897 3518.7065 122 120 94
182.0507 -124.1897 3518.7065 121 119 91
184.8732 -124.1897 3518.7065 122 118 88
187.2827 -123.9164 3510.9646 125 121 92
190.5182 -124.1897 3518.7065 121 119 90
193.7680 -124.4641 3526.4827 123 119 90
196.5967 -124.4641 3526.4827 122 117 87
200.5334 -125.1556 3546.0742 119 116 86
204.2857 -125.7143 3561.9048 118 113 84
207.3743 -125.8548 3565.8845 120 115 86
210.2346 -125.8548 3565.8845 122 118 88
213.3333 -125.9955 3569.8733 122 118 88
215.9553 -125.8548 3565.8845 128 123 93
219.0604 -125.9955 3569.8733 134 129 98
221.9240 -125.9955 3569.8733 136 131 99
225.2915 -126.2780 3577.8774 138 132 100
227.9059 -126.1366 3573.8708 133 128 95
231.0314 -126.2780 3577.8774 139 134 102
233.9014 -126.2780 3577.8774 137 133 101
236.5062 -126.1366 3573.8708 140 136 104
238.8380 -125.8548 3565.8845 143 140 111
241.4286 -125.7143 3561.9048 143 140 112
243.7417 -125.4343 3553.9719 140 139 111
246.3181 -125.2948 3550.0186 141 141 116
249.1658 -125.2948 3550.0186 142 142 120
251.4539 -125.0167 3542.1384 145 146 125
254.2952 -125.0167 3542.1384 148 150 129
256.5670 -124.7398 3534.2932 145 147 126
259.6896 -124.8781 3538.2114 149 150 131
261.9469 -124.6018 3530.3835 148 149 130
264.7788 -124.6018 3530.3835 148 149 126
267.6106 -124.6018 3530.3835 148 147 125
270.4425 -124.6018 3530.3835 142 141 116
273.2744 -124.6018 3530.3835 142 140 111
275.8011 -124.4641 3526.4827 132 127 99
278.6299 -124.4641 3526.4827 133 130 98
281.4586 -124.4641 3526.4827 131 129 99
284.2873 -124.4641 3526.4827 128 125 96
287.1161 -124.4641 3526.4827 138 135 104
289.6248 -124.3267 3522.5903 142 140 109
292.7735 -124.4641 3526.4827 148 147 116
295.2760 -124.3267 3522.5903 152 153 122
300.9272 -124.3267 3522.5903 178 180 151
311.1210 -125.0167 3542.1384 179 181 152
47.0700 -136.6548 3785.8442 112 112 83
50.2259 -136.9798 3794.8474 63 66 54
53.2699 -136.9798 3794.8474 37 45 46
56.3810 -137.1429 3799.3652 39 48 48
59.5704 -137.4702 3808.4329 46 55 53
62.7001 -137.6344 3812.9829 79 85 79
95.4128 -132.1101 3659.9390 159 162 148
98.1236 -131.8078 3651.5637 159 160 145
100.9371 -131.6572 3647.3906 155 157 141
103.7443 -131.5069 3643.2268 153 155 141
106.5451 -131.3569 3639.0728 161 165 149
109.4641 -131.3569 3639.0728 177 182 167
112.3831 -131.3569 3639.0728 183 187 175
115.1709 -131.2073 3634.9280 198 203 192
117.8182 -130.9091 3626.6667 207 213 203
120.3171 -130.4643 3614.3452 198 203 193
122.9379 -130.1695 3606.1770 182 186 173
125.5468 -129.8760 3598.0459 186 188 175
128.2883 -129.7297 3593.9941 180 183 169
132.1199 -127.8579 3542.1384 179 181 167
134.5133 -127.4336 3530.3835 167 169 153
137.1934 -127.2928 3526.4827 156 158 139
139.8676 -127.1523 3522.5903 148 148 128
142.5358 -127.0121 3518.7065 127 125 102
145.3583 -127.0121 3518.7065 95 91 70
148.0176 -126.8723 3514.8313 119 118 92
150.8370 -126.8723 3514.8313 161 161 143
153.4874 -126.7327 3510.9646 166 168 153
156.1319 -126.5934 3507.1062 164 166 152
158.9451 -126.5934 3507.1062 156 156 141
161.9362 -126.7327 3510.9646 157 156 138
164.7525 -126.7327 3510.9646 153 151 130
167.5688 -126.7327 3510.9646 144 142 118
170.3851 -126.7327 3510.9646 141 138 110
173.3921 -126.8723 3514.8313 134 133 105
176.2115 -126.8723 3514.8313 125 123 96
178.8339 -126.7327 3510.9646 123 120 92
181.6502 -126.7327 3510.9646 122 118 89
184.2637 -126.5934 3507.1062 123 119 90
186.8716 -126.4545 3503.2566 125 121 91
190.3084 -126.8723 3514.8313 122 119 88
193.5541 -127.1523 3522.5903 120 116 87
196.3797 -127.1523 3522.5903 120 116 86
200.0887 -127.7162 3538.2114 120 115 86
203.6040 -128.1424 3550.0186 119 115 86
206.6815 -128.2851 3553.9719 120 117 87
209.7659 -128.4281 3557.9338 121 117 88
212.6198 -128.4281 3557.9338 121 117 87
215.4738 -128.4281 3557.9338 125 120 90
218.5714 -128.5714 3561.9048 130 126 93
221.4286 -128.5714 3561.9048 140 135 103
224.7875 -128.8591 3569.8733 142 136 104
227.3967 -128.7151 3565.8845 140 134 102
230.5146 -128.8591 3569.8733 140 135 103
233.3781 -128.8591 3569.8733 136 132 100
235.7143 -128.5714 3561.9048 137 134 101
238.0401 -128.2851 3553.9719 142 141 110
240.6229 -128.1424 3550.0186 143 140 111
242.9301 -127.8579 3542.1384 140 139 111
245.7714 -127.8579 3542.1384 141 142 117
248.3370 -127.7162 3538.2114 144 143 121
251.1752 -127.7162 3538.2114 142 143 121
253.7320 -127.5748 3534.2932 147 149 128
256.2832 -127.4336 3530.3835 144 146 125
259.1151 -127.4336 3530.3835 143 145 125
261.6575 -127.2928 3526.4827 144 145 126
264.1943 -127.1523 3522.5903 147 149 127
267.3149 -127.2928 3526.4827 146 148 127
270.1437 -127.2928 3526.4827 149 149 129
272.9724 -127.2928 3526.4827 147 146 124
275.4967 -127.1523 3522.5903 132 129 103
278.3223 -127.1523 3522.5903 128 126 97
280.8380 -127.0121 3518.7065 123 121 91
283.9735 -127.1523 3522.5903 125 122 93
286.7991 -127.1523 3522.5903 131 128 98
289.6248 -127.1523 3522.5903 135 132 101
292.4503 -127.1523 3522.5903 137 135 104
294.9504 -127.0121 3518.7065 147 147 115
298.1016 -127.1523 3522.5903 155 156 125
300.9272 -127.1523 3522.5903 170 171 143
303.7528 -127.1523 3522.5903 176 179 151
310.4319 -127.5748 3534.2932 179 182 154
316.4523 -127.7162 3538.2114 178 182 155
47.1259 -139.8575 3790.3406 122 122 96
50.2259 -140.0238 3794.8474 68 75 62
53.2699 -140.0238 3794.8474 38 47 48
56.3810 -140.1905 3799.3652 36 44 46
59.4994 -140.3576 3803.8936 60 68 62
62.6253 -140.5251 3808.4329 145 152 141
92.5832 -135.2009 3664.1409 166 169 154
95.3036 -134.8912 3655.7466 160 162 148
98.0114 -134.5829 3647.3906 159 162 147
100.8219 -134.4292 3643.2268 150 153 136
103.6260 -134.2760 3639.0728 161 164 149
106.4237 -134.1230 3634.9280 170 174 160
109.3394 -134.1230 3634.9280 180 183 169
112.2551 -134.1230 3634.9280 183 188 174
114.9091 -133.8182 3626.6667 203 209 197
117.5510 -133.5148 3618.4431 202 208 198
120.1810 -133.2127 3610.2566 192 197 186
122.7991 -132.9120 3602.1069 188 190 176
125.4054 -132.6126 3593.9941 183 185 171
131.8273 -130.4097 3534.2932 168 170 154
134.3647 -130.1216 3526.4827 162 164 149
137.0419 -129.9779 3522.5903 152 154 136
139.5595 -129.6916 3514.8313 138 136 115
142.3789 -129.6916 3514.8313 120 116 93
145.1983 -129.6916 3514.8313 102 99 76
147.6923 -129.4066 3507.1062 137 137 113
150.3403 -129.2645 3503.2566 159 161 143
153.1504 -129.2645 3503.2566 169 171 157
155.7895 -129.1228 3499.4153 168 171 157
158.5965 -129.1228 3499.4153 156 158 143
161.5807 -129.2645 3503.2566 164 165 147
164.2105 -129.1228 3499.4153 151 151 132
167.0175 -129.1228 3499.4153 144 143 121
169.8246 -129.1228 3499.4153 137 135 111
173.0110 -129.4066 3507.1062 135 133 108
175.6312 -129.2645 3503.2566 126 124 98
178.0504 -128.9814 3495.5825 124 120 92
180.8543 -128.9814 3495.5825 123 119 90
183.4573 -128.8403 3491.7578 123 120 92
186.0547 -128.6995 3487.9419 120 115 89
193.1278 -129.6916 3514.8313 120 116 86
196.1632 -129.8346 3518.7065 121 117 87
199.6460 -130.2655 3530.3835 119 115 85
203.3778 -130.8445 3546.0742 118 112 85
206.2222 -130.8445 3546.0742 119 115 86
209.2992 -130.9900 3550.0186 120 116 86
212.1468 -130.9900 3550.0186 123 119 89
214.9944 -130.9900 3550.0186 128 122 91
217.8420 -130.9900 3550.0186 134 129 96
220.6897 -130.9900 3550.0186 139 134 100
224.0357 -131.2821 3557.9338 143 138 106
226.8896 -131.2821 3557.9338 138 133 101
229.7436 -131.2821 3557.9338 143 137 105
232.5975 -131.2821 3557.9338 141 135 104
234.9277 -130.9900 3550.0186 142 137 104
237.2475 -130.6992 3542.1384 138 133 103
240.0888 -130.6992 3542.1384 140 136 108
242.3920 -130.4097 3534.2932 143 141 112
245.2271 -130.4097 3534.2932 141 140 115
247.7876 -130.2655 3530.3835 141 140 116
250.6195 -130.2655 3530.3835 142 142 119
253.4513 -130.2655 3530.3835 140 140 118
256.0000 -130.1216 3526.4827 140 140 119
258.8287 -130.1216 3526.4827 141 143 122
261.3687 -129.9779 3522.5903 149 150 129
263.9030 -129.8346 3518.7065 149 151 131
267.0199 -129.9779 3522.5903 151 152 133
269.8455 -129.9779 3522.5903 148 149 131
272.6711 -129.9779 3522.5903 146 147 126
275.1930 -129.8346 3518.7065 140 140 117
278.0155 -129.8346 3518.7065 135 135 108
280.5287 -129.6916 3514.8313 124 123 94
283.6604 -129.8346 3518.7065 118 115 87
286.4829 -129.8346 3518.7065 125 121 93
289.3054 -129.8346 3518.7065 128 125 96
292.1279 -129.8346 3518.7065 127 124 94
294.6256 -129.6916 3514.8313 139 137 106
298.1016 -129.9779 3522.5903 147 146 115
300.9272 -129.9779 3522.5903 154 154 124
303.7528 -129.9779 3522.5903 172 173 144
306.9171 -130.1216 3526.4827 178 180 153
310.0885 -130.2655 3530.3835 179 182 154
312.2296 -129.9779 3522.5903 179 182 155
316.1019 -130.4097 3534.2932 179 182 155
44.0855 -142.8979 3790.3406 131 130 101
47.1259 -142.8979 3790.3406 95 99 78
50.2259 -143.0678 3794.8474 58 62 54
53.3333 -143.2381 3799.3652 40 49 50
56.3810 -143.2381 3799.3652 44 53 53
59.4994 -143.4088 3803.8936 99 106 98
62.6253 -143.5800 3808.4329 192 199 186
92.3711 -137.8236 3655.7466 165 167 153
95.0857 -137.5086 3647.3906 159 161 147
97.8996 -137.3516 3643.2268 156 158 144
100.7070 -137.1950 3639.0728 157 160 144
103.5080 -137.0387 3634.9280 166 169 154
106.3026 -136.8828 3630.7927 178 182 166
109.2150 -136.8828 3630.7927 187 191 177
112.1274 -136.8828 3630.7927 196 200 189
114.7787 -136.5721 3622.5503 207 212 201
117.2851 -136.1086 3610.2566 198 203 193
119.9097 -135.8014 3602.1069 190 194 183
122.6607 -135.6483 3598.0459 186 189 176
129.1353 -133.3925 3538.2114 174 177 162
131.5359 -132.9503 3526.4827 163 164 146
134.0684 -132.6571 3518.7065 162 162 145
136.7401 -132.5110 3514.8313 146 146 126
139.4060 -132.3652 3510.9646 131 129 106
142.0659 -132.2198 3507.1062 105 100 80
144.8791 -132.2198 3507.1062 111 109 87
147.3684 -131.9298 3499.4153 156 156 136
150.0110 -131.7853 3495.5825 167 170 154
152.6477 -131.6411 3491.7578 171 174 160
155.4486 -131.6411 3491.7578 165 166 152
158.2495 -131.6411 3491.7578 155 156 140
161.0503 -131.6411 3491.7578 158 158 140
163.8512 -131.6411 3491.7578 150 151 131
166.4700 -131.4973 3487.9419 149 147 126
169.2678 -131.4973 3487.9419 138 136 112
172.4425 -131.7853 3495.5825 130 128 102
175.0547 -131.6411 3491.7578 126 124 98
177.4673 -131.3537 3484.1340 125 121 93
180.2620 -131.3537 3484.1340 122 117 90
182.8571 -131.2105 3480.3345 123 118 92
185.6489 -131.2105 3480.3345 120 115 88
195.9472 -132.5110 3514.8313 119 116 86
199.2053 -132.8035 3522.5903 120 116 87
202.9268 -133.3925 3538.2114 122 117 88
205.9933 -133.5405 3542.1384 121 117 88
208.8346 -133.5405 3542.1384 120 117 87
211.6759 -133.5405 3542.1384 122 119 89
214.5172 -133.5405 3542.1384 127 123 92
217.3585 -133.5405 3542.1384 135 130 99
220.1998 -133.5405 3542.1384 141 137 104
223.5373 -133.8376 3550.0186 145 140 108
226.1334 -133.6889 3546.0742 139 134 103
229.2325 -133.8376 3550.0186 138 133 101
231.8223 -133.6889 3546.0742 137 132 102
234.4062 -133.5405 3542.1384 139 135 103
236.9845 -133.3925 3538.2114 136 132 101
239.8226 -133.3925 3538.2114 142 139 110
242.1239 -133.0974 3530.3835 143 141 113
244.9558 -133.0974 3530.3835 138 135 109
247.5138 -132.9503 3526.4827 141 139 114
250.3426 -132.9503 3526.4827 137 137 114
253.1713 -132.9503 3526.4827 141 141 120
255.7175 -132.8035 3522.5903 142 143 122
258.5431 -132.8035 3522.5903 148 150 129
261.0805 -132.6571 3518.7065 146 148 128
263.6123 -132.5110 3514.8313 147 148 129
266.7255 -132.6571 3518.7065 147 148 130
269.2511 -132.5110 3514.8313 145 146 127
272.0705 -132.5110 3514.8313 153 154 136
274.8899 -132.5110 3514.8313 141 142 121
277.7093 -132.5110 3514.8313 146 147 124
280.2200 -132.3652 3510.9646 137 136 111
283.0363 -132.3652 3510.9646 135 132 105
285.8526 -132.3652 3510.9646 122 120 92
288.9868 -132.5110 3514.8313 120 118 90
291.8062 -132.5110 3514.8313 128 126 98
294.6256 -132.5110 3514.8313 129 128 100
297.7729 -132.6571 3518.7065 137 135 105
300.5954 -132.6571 3518.7065 149 146 116
303.7528 -132.8035 3522.5903 159 159 127
306.5784 -132.8035 3522.5903 173 175 146
309.7459 -132.9503 3526.4827 178 181 153
312.2296 -132.8035 3522.5903 179 182 154
315.7522 -133.0974 3530.3835 179 181 155
318.5841 -133.0974 3530.3835 179 182 154
37.9597 -145.7651 3785.8442 169 166 135
40.9964 -145.7651 3785.8442 145 142 111
44.1379 -146.1118 3794.8474 110 110 84
47.1819 -146.1118 3794.8474 80 86 74
50.2857 -146.2857 3799.3652 39 48 45
53.3333 -146.2857 3799.3652 37 47 46
56.4482 -146.4601 3803.8936 60 68 65
59.4994 -146.4601 3803.8936 149 154 145
92.2654 -140.5950 3651.5637 165 167 153
94.8689 -140.1140 3639.0728 160 161 144
97.6765 -139.9545 3634.9280 152 155 139
100.5923 -139.9545 3634.9280 171 174 158
103.2727 -139.6364 3626.6667 171 173 158
106.1818 -139.6364 3626.6667 178 181 167
109.0909 -139.6364 3626.6667 192 196 183
111.8729 -139.4779 3622.5503 204 211 198
114.5187 -139.1620 3614.3452 205 211 201
117.1525 -138.8475 3606.1770 197 201 189
119.7745 -138.5344 3598.0459 191 195 182
122.5225 -138.3784 3593.9941 188 192 179
128.8496 -135.9292 3530.3835 169 172 158
131.3907 -135.6292 3522.5903 164 166 152
133.9207 -135.3304 3514.8313 158 158 140
136.5897 -135.1815 3510.9646 142 141 119
139.2527 -135.0330 3507.1062 127 124 102
141.9100 -134.8848 3503.2566 100 96 72
144.7201 -134.8848 3503.2566 127 125 99
147.2070 -134.5893 3495.5825 157 157 137
149.8468 -134.4420 3491.7578 171 172 158
152.4809 -134.2951 3487.9419 169 172 160
155.2787 -134.2951 3487.9419 162 165 151
158.0765 -134.2951 3487.9419 156 158 142
160.8743 -134.2951 3487.9419 158 159 140
163.4935 -134.1485 3484.1340 145 147 126
166.2882 -134.1485 3484.1340 145 144 122
168.8986 -134.0022 3480.3345 132 130 105
171.8777 -134.1485 3484.1340 130 127 101
174.4820 -134.0022 3480.3345 123 121 95
177.0806 -133.8562 3476.5432 121 120 94
179.6736 -133.7106 3472.7603 123 120 92
182.4592 -133.7106 3472.7603 121 118 89
185.0435 -133.5652 3468.9856 119 117 87
188.4406 -134.0022 3480.3345 116 114 85
191.6503 -134.2951 3487.9419 117 115 86
198.7665 -135.3304 3514.8313 120 116 86
202.4779 -135.9292 3530.3835 119 115 86
205.5371 -136.0797 3534.2932 117 113 85
208.3721 -136.0797 3534.2932 119 115 86
211.2071 -136.0797 3534.2932 126 122 91
214.2794 -136.2306 3538.2114 128 123 91
217.1175 -136.2306 3538.2114 135 130 99
219.9557 -136.2306 3538.2114 137 134 102
223.0411 -136.3818 3542.1384 139 136 103
225.8824 -136.3818 3542.1384 141 136 105
228.7237 -136.3818 3542.1384 140 135 104
231.5649 -136.3818 3542.1384 139 134 103
234.1463 -136.2306 3538.2114 139 134 104
236.7220 -136.0797 3534.2932 138 133 103
239.5571 -136.0797 3534.2932 139 135 105
242.1239 -135.9292 3530.3835 142 140 111
244.6851 -135.7790 3526.4827 140 139 112
247.2406 -135.6292 3522.5903 139 138 114
249.7905 -135.4796 3518.7065 138 138 115
252.8919 -135.6292 3522.5903 139 138 116
255.1542 -135.3304 3514.8313 143 142 120
257.9736 -135.3304 3514.8313 145 145 123
260.5061 -135.1815 3510.9646 146 146 125
263.0330 -135.0330 3507.1062 146 148 127
266.1386 -135.1815 3510.9646 144 146 126
268.9549 -135.1815 3510.9646 145 147 127
271.4725 -135.0330 3507.1062 149 150 131
274.2857 -135.0330 3507.1062 142 143 123
277.0989 -135.0330 3507.1062 145 145 123
279.6049 -134.8848 3503.2566 138 138 113
282.4149 -134.8848 3503.2566 138 138 110
285.2250 -134.8848 3503.2566 127 126 97
288.3517 -135.0330 3507.1062 120 119 91
291.4852 -135.1815 3510.9646 122 120 91
293.9780 -135.0330 3507.1062 122 121 91
297.1177 -135.1815 3510.9646 129 126 96
300.2643 -135.3304 3514.8313 140 137 107
303.0837 -135.3304 3514.8313 146 146 115
306.2404 -135.4796 3518.7065 156 156 126
309.4040 -135.6292 3522.5903 172 174 143
311.8853 -135.4796 3518.7065 178 181 152
31.9620 -149.1558 3794.8474 145 143 112
34.9644 -148.9786 3790.3406 148 146 115
37.9597 -148.8019 3785.8442 122 121 95
41.0451 -148.9786 3790.3406 91 92 75
44.1379 -149.1558 3794.8474 88 91 78
47.1819 -149.1558 3794.8474 50 57 51
50.2857 -149.3333 3799.3652 38 47 47
53.3333 -149.3333 3799.3652 51 59 57
56.4482 -149.5113 3803.8936 98 105 99
59.4286 -149.3333 3799.3652 191 196 185
89.3364 -143.5240 3651.5637 163 166 153
92.0548 -143.1964 3643.2268 158 161 147
94.6530 -142.7076 3630.7927 159 161 147
97.4546 -142.5455 3626.6667 165 167 153
100.2497 -142.3837 3622.5503 174 177 161
103.1555 -142.3837 3622.5503 182 184 171
106.0613 -142.3837 3622.5503 191 194 181
108.8435 -142.2222 3618.4431 200 205 191
111.7460 -142.2222 3618.4431 207 212 201
114.2599 -141.7401 3606.1770 201 206 195
116.8884 -141.4205 3598.0459 191 194 181
128.5651 -138.4548 3522.5903 161 162 146
131.1013 -138.1498 3514.8313 159 160 143
133.7734 -137.9978 3510.9646 145 145 124
136.4396 -137.8462 3507.1062 136 134 111
139.0999 -137.6949 3503.2566 121 117 95
141.7544 -137.5439 3499.4153 98 93 70
144.4031 -137.3932 3495.5825 137 134 111
146.8853 -137.0929 3487.9419 162 162 142
149.6831 -137.0929 3487.9419 170 171 157
152.3144 -136.9432 3484.1340 172 174 161
155.1092 -136.9432 3484.1340 164 165 151
157.9039 -136.9432 3484.1340 158 160 144
160.5235 -136.7939 3480.3345 159 160 141
163.3152 -136.7939 3480.3345 147 147 127
165.9259 -136.6449 3476.5432 146 145 123
168.7146 -136.6449 3476.5432 137 135 112
171.6903 -136.7939 3480.3345 132 128 104
174.1023 -136.4962 3472.7603 126 122 96
176.6957 -136.3478 3468.9856 124 121 94
179.4783 -136.3478 3468.9856 123 119 90
182.0630 -136.1998 3465.2190 125 121 92
184.8426 -136.1998 3465.2190 123 120 91
188.0305 -136.4962 3472.7603 117 114 86
191.2323 -136.7939 3480.3345 117 113 86
194.6608 -137.2429 3491.7578 117 115 86
198.3297 -137.8462 3507.1062 116 114 85
202.0309 -138.4548 3522.5903 114 110 83
205.0829 -138.6078 3526.4827 117 113 86
207.9116 -138.6078 3526.4827 119 115 87
210.7404 -138.6078 3526.4827 125 120 90
213.8053 -138.7611 3530.3835 128 123 94
216.6372 -138.7611 3530.3835 132 126 96
219.7121 -138.9147 3534.2932 136 131 100
222.7938 -139.0687 3538.2114 139 134 102
225.6319 -139.0687 3538.2114 140 136 103
228.4701 -139.0687 3538.2114 137 132 98
231.0521 -138.9147 3534.2932 138 133 100
233.8871 -138.9147 3534.2932 141 137 106
236.4602 -138.7611 3530.3835 139 136 106
239.2920 -138.7611 3530.3835 140 136 107
241.8564 -138.6078 3526.4827 141 138 109
244.4150 -138.4548 3522.5903 139 137 110
246.6961 -138.1498 3514.8313 138 137 112
249.5154 -138.1498 3514.8313 141 141 116
252.3348 -138.1498 3514.8313 138 138 114
254.5934 -137.8462 3507.1062 143 142 120
257.4066 -137.8462 3507.1062 141 141 118
259.9342 -137.6949 3503.2566 141 141 119
262.4562 -137.5439 3499.4153 140 142 120
265.2632 -137.5439 3499.4153 143 145 124
268.0702 -137.5439 3499.4153 147 146 126
270.2845 -137.2429 3491.7578 147 146 127
273.3845 -137.3932 3495.5825 148 148 129
276.1884 -137.3932 3495.5825 148 148 128
278.6871 -137.2429 3491.7578 141 141 121
281.7963 -137.3932 3495.5825 145 145 121
284.6003 -137.3932 3495.5825 138 137 112
287.7193 -137.5439 3499.4153 132 130 105
290.8452 -137.6949 3503.2566 124 120 92
293.6553 -137.6949 3503.2566 120 117 87
296.7912 -137.8462 3507.1062 128 124 95
299.6044 -137.8462 3507.1062 133 130 101
302.7503 -137.9978 3510.9646 139 138 108
305.9031 -138.1498 3514.8313 147 146 116
309.0629 -138.3021 3518.7065 158 160 129
311.5419 -138.1498 3514.8313 174 177 149
28.9180 -152.1998 3794.8474 56 62 57
31.9620 -152.1998 3794.8474 64 69 63
34.9644 -152.0190 3790.3406 66 71 64
37.9597 -151.8387 3785.8442 59 65 59
41.0451 -152.0190 3790.3406 39 46 46
44.1379 -152.1998 3794.8474 40 47 46
47.1819 -152.1998 3794.8474 35 44 44
50.2857 -152.3810 3799.3652 36 45 48
53.3333 -152.3810 3799.3652 54 62 59
56.3810 -152.3810 3799.3652 123 129 121
59.4286 -152.3810 3799.3652 204 209 198
89.1324 -146.1187 3643.2268 167 169 153
91.8451 -145.7859 3634.9280 160 162 145
94.5455 -145.4546 3626.6667 161 163 149
97.2336 -145.1247 3618.4431 167 170 155
100.1361 -145.1247 3618.4431 178 180 166
102.9219 -144.9604 3614.3452 186 189 177
105.9410 -145.1247 3618.4431 190 195 184
108.7203 -144.9604 3614.3452 205 211 201
111.4932 -144.7964 3610.2566 205 211 202
114.1309 -144.4695 3602.1069 198 201 190
116.7568 -144.1441 3593.9941 193 197 185
128.4234 -141.1246 3518.7065 158 161 142
130.9571 -140.8141 3510.9646 149 150 130
133.6264 -140.6593 3507.1062 145 144 124
136.2898 -140.5049 3503.2566 133 132 109
138.7952 -140.1972 3495.5825 106 101 78
141.4442 -140.0438 3491.7578 100 96 71
144.2451 -140.0438 3491.7578 144 144 122
146.7249 -139.7380 3484.1340 165 168 150
149.5197 -139.7380 3484.1340 171 174 161
152.3144 -139.7380 3484.1340 172 175 161
155.1092 -139.7380 3484.1340 170 172 157
157.7317 -139.5856 3480.3345 157 158 142
160.3486 -139.4335 3476.5432 152 152 134
163.1373 -139.4335 3476.5432 141 142 121
165.7454 -139.2818 3472.7603 138 136 114
168.5310 -139.2818 3472.7603 127 125 101
171.3167 -139.2818 3472.7603 134 132 106
173.9131 -139.1304 3468.9856 133 131 104
176.5038 -138.9794 3465.2190 126 125 98
179.2834 -138.9794 3465.2190 122 121 94
182.0630 -138.9794 3465.2190 121 119 92
184.8426 -138.9794 3465.2190 119 117 90
187.8261 -139.1304 3468.9856 119 116 88
190.8161 -139.2818 3472.7603 120 116 88
194.2358 -139.7380 3484.1340 120 117 88
201.5859 -140.9692 3514.8313 118 114 85
204.8565 -141.2804 3522.5903 121 118 88
207.6821 -141.2804 3522.5903 121 118 88
210.2757 -141.1246 3518.7065 123 118 89
213.5691 -141.4365 3526.4827 126 121 91
216.3978 -141.4365 3526.4827 129 125 94
219.2265 -141.4365 3526.4827 135 130 100
222.5471 -141.7497 3534.2932 141 135 105
225.3821 -141.7497 3534.2932 140 135 103
227.9646 -141.5929 3530.3835 139 135 103
230.7965 -141.5929 3530.3835 141 136 103
233.3702 -141.4365 3526.4827 145 140 108
236.1989 -141.4365 3526.4827 140 135 105
239.0276 -141.4365 3526.4827 141 137 107
241.3231 -141.1246 3518.7065 142 140 112
244.1456 -141.1246 3518.7065 141 139 113
246.1538 -140.6593 3507.1062 141 139 113
248.6938 -140.5049 3503.2566 143 140 115
251.5039 -140.5049 3503.2566 142 140 117
253.7569 -140.1972 3495.5825 138 138 114
256.5608 -140.1972 3495.5825 138 137 113
259.0810 -140.0438 3491.7578 142 141 118
261.5956 -139.8907 3487.9419 141 141 119
264.3935 -139.8907 3487.9419 144 145 122
267.1913 -139.8907 3487.9419 143 144 122
269.6943 -139.7380 3484.1340 141 142 123
272.7869 -139.8907 3487.9419 143 144 124
275.5847 -139.8907 3487.9419 143 145 123
278.0786 -139.7380 3484.1340 141 141 120
281.1804 -139.8907 3487.9419 140 139 118
283.9781 -139.8907 3487.9419 140 139 118
287.0897 -140.0438 3491.7578 135 134 111
289.8906 -140.0438 3491.7578 127 125 96
293.0121 -140.1972 3495.5825 125 122 91
295.8160 -140.1972 3495.5825 123 121 92
298.9474 -140.3509 3499.4153 123 122 92
302.0856 -140.5049 3503.2566 132 130 100
305.2308 -140.6593 3507.1062 143 140 110
308.3829 -140.8141 3510.9646 148 147 117
311.1992 -140.8141 3510.9646 161 161 133
314.7079 -141.1246 3518.7065 175 176 148
28.9180 -155.2438 3794.8474 34 40 41
31.9620 -155.2438 3794.8474 33 39 40
34.9229 -154.8755 3785.8442 32 40 43
37.9597 -154.8755 3785.8442 32 41 44
41.0451 -155.0594 3790.3406 30 39 40
44.1379 -155.2438 3794.8474 30 38 40
47.1819 -155.2438 3794.8474 30 39 40
50.2857 -155.4286 3799.3652 37 46 44
53.3333 -155.4286 3799.3652 64 71 67
56.3810 -155.4286 3799.3652 164 170 160
59.3579 -155.2438 3794.8474 207 213 202
89.0308 -148.8712 3639.0728 159 161 147
91.6364 -148.3636 3626.6667 160 162 147
94.3311 -148.0272 3618.4431 158 160 145
97.1235 -147.8596 3614.3452 173 176 161
100.0227 -147.8596 3614.3452 186 189 175
102.8054 -147.6923 3610.2566 182 185 172
105.8211 -147.8596 3614.3452 194 198 187
108.5973 -147.6923 3610.2566 208 213 203
111.3672 -147.5254 3606.1770 199 205 193
114.0023 -147.1928 3598.0459 198 202 190
116.6254 -146.8616 3589.9514 191 195 182
123.5960 -144.9057 3542.1384 174 178 161
125.8785 -144.2652 3526.4827 167 169 154
128.2820 -143.7886 3514.8313 157 159 139
130.8132 -143.4725 3507.1062 148 148 127
133.3333 -143.1579 3499.4153 139 137 117
135.9912 -143.0011 3495.5825 126 122 100
138.6433 -142.8447 3491.7578 105 99 76
141.2896 -142.6885 3487.9419 122 118 93
144.0874 -142.6885 3487.9419 157 157 136
146.7249 -142.5328 3484.1340 167 170 154
149.5197 -142.5328 3484.1340 175 179 166
152.1483 -142.3773 3480.3345 169 174 160
154.9400 -142.3773 3480.3345 167 170 155
157.5599 -142.2222 3476.5432 159 161 145
160.1741 -142.0675 3472.7603 141 141 122
162.9597 -142.0675 3472.7603 144 143 120
165.5652 -141.9131 3468.9856 142 140 117
168.3478 -141.9131 3468.9856 131 129 105
171.1304 -141.9131 3468.9856 133 131 105
173.7242 -141.7590 3465.2190 130 130 102
176.3124 -141.6052 3461.4607 125 125 97
179.0890 -141.6052 3461.4607 118 117 90
181.8655 -141.6052 3461.4607 120 118 90
184.6421 -141.6052 3461.4607 119 117 91
187.6222 -141.7590 3465.2190 117 114 89
190.6087 -141.9131 3468.9856 118 116 88
193.8126 -142.2222 3476.5432 121 118 90
197.0306 -142.5328 3484.1340 118 116 88
204.4053 -143.7886 3514.8313 120 116 86
206.9967 -143.6304 3510.9646 122 118 89
209.8130 -143.6304 3510.9646 123 119 89
212.8634 -143.7886 3514.8313 126 121 90
215.9206 -143.9471 3518.7065 131 126 94
218.9846 -144.1060 3522.5903 133 128 97
222.3009 -144.4248 3530.3835 137 132 99
225.1328 -144.4248 3530.3835 142 137 102
227.7127 -144.2652 3526.4827 143 139 105
230.2870 -144.1060 3522.5903 141 137 104
233.1126 -144.1060 3522.5903 140 136 105
235.6781 -143.9471 3518.7065 141 138 107
238.5006 -143.9471 3518.7065 140 137 108
240.7921 -143.6304 3510.9646 139 138 110
243.6084 -143.6304 3510.9646 141 140 114
245.0766 -142.8447 3491.7578 141 140 115
247.8775 -142.8447 3491.7578 138 136 111
250.9529 -143.0011 3495.5825 140 139 114
253.2022 -142.6885 3487.9419 136 135 110
256.0000 -142.6885 3487.9419 137 136 110
258.5153 -142.5328 3484.1340 137 138 111
261.3101 -142.5328 3484.1340 141 141 118
264.1048 -142.5328 3484.1340 141 140 118
266.8996 -142.5328 3484.1340 142 141 118
269.4002 -142.3773 3480.3345 140 140 117
272.4891 -142.5328 3484.1340 140 139 118
275.2838 -142.5328 3484.1340 143 143 121
277.7754 -142.3773 3480.3345 145 146 125
280.8734 -142.5328 3484.1340 139 141 120
283.6681 -142.5328 3484.1340 141 143 122
286.4629 -142.5328 3484.1340 138 139 116
289.2577 -142.5328 3484.1340 135 135 108
292.3716 -142.6885 3487.9419 133 131 103
295.4923 -142.8447 3491.7578 120 118 89
298.2932 -142.8447 3491.7578 113 112 83
301.4239 -143.0011 3495.5825 123 121 92
304.5614 -143.1579 3499.4153 135 134 103
307.7058 -143.3150 3503.2566 140 140 109
310.5159 -143.3150 3503.2566 147 148 117
314.0154 -143.6304 3510.9646 162 163 132
317.1807 -143.7886 3514.8313 175 177 146
28.9180 -158.2878 3794.8474 31 40 42
32.0000 -158.4762 3799.3652 31 40 42
34.9229 -157.9122 3785.8442 31 40 44
37.9597 -157.9122 3785.8442 30 39 43
41.0451 -158.0998 3790.3406 29 38 41
44.1905 -158.4762 3799.3652 31 39 41
47.1819 -158.2878 3794.8474 32 42 43
50.2857 -158.4762 3799.3652 41 50 47
53.2699 -158.2878 3794.8474 88 95 89
56.3139 -158.2878 3794.8474 194 200 190
59.3579 -158.2878 3794.8474 204 211 201
88.9294 -151.6173 3634.9280 163 165 149
91.5324 -151.1010 3622.5503 163 165 148
94.2242 -150.7588 3614.3452 169 171 155
97.0136 -150.5882 3610.2566 179 182 168
99.9095 -150.5882 3610.2566 186 189 176
102.6893 -150.4181 3606.1770 185 188 178
105.7014 -150.5882 3610.2566 203 209 198
108.4746 -150.4181 3606.1770 208 213 202
111.1161 -150.0789 3598.0459 198 203 191
113.8739 -149.9099 3593.9941 198 202 191
116.3636 -149.4052 3581.8931 190 192 180
120.8889 -147.9111 3546.0742 172 177 163
123.3223 -147.4197 3534.2932 167 168 155
125.8785 -147.0939 3526.4827 169 170 156
128.1408 -146.4467 3510.9646 150 152 133
130.6696 -146.1252 3503.2566 146 146 126
133.3333 -145.9649 3499.4153 141 140 119
135.9912 -145.8051 3495.5825 116 113 92
138.4918 -145.4864 3487.9419 94 87 65
141.1354 -145.3275 3484.1340 128 125 101
143.9301 -145.3275 3484.1340 161 163 143
146.7249 -145.3275 3484.1340 172 176 159
149.3566 -145.1690 3480.3345 180 184 170
152.1483 -145.1690 3480.3345 174 177 163
154.7712 -145.0109 3476.5432 168 171 157
157.5599 -145.0109 3476.5432 154 155 140
160.1741 -144.8531 3472.7603 134 134 114
162.7826 -144.6957 3468.9856 136 137 112
165.5652 -144.6957 3468.9856 132 132 109
168.1650 -144.5386 3465.2190 129 128 105
170.9446 -144.5386 3465.2190 138 136 112
173.3478 -144.2254 3457.7104 134 133 108
176.1214 -144.2254 3457.7104 129 128 102
178.8949 -144.2254 3457.7104 122 121 94
181.6685 -144.2254 3457.7104 120 117 89
184.4420 -144.2254 3457.7104 122 118 91
187.4187 -144.3818 3461.4607 119 114 88
190.4017 -144.5386 3465.2190 120 116 90
193.3913 -144.6957 3468.9856 119 116 88
196.6013 -145.0109 3476.5432 117 115 88
199.6074 -145.1690 3480.3345 119 115 88
203.5088 -145.9649 3499.4153 121 115 88
206.0898 -145.8051 3495.5825 122 119 91
208.8938 -145.8051 3495.5825 121 119 90
211.9298 -145.9649 3499.4153 126 122 92
214.9726 -146.1252 3503.2566 134 130 98
218.2618 -146.4467 3510.9646 135 129 98
221.5656 -146.7696 3518.7065 140 134 102
224.6358 -146.9316 3522.5903 144 138 105
227.2106 -146.7696 3518.7065 138 133 101
229.7798 -146.6079 3514.8313 138 134 103
232.3433 -146.4467 3510.9646 139 135 104
234.9011 -146.2857 3507.1062 141 138 108
237.7143 -146.2857 3507.1062 143 141 111
244.2748 -145.1690 3480.3345 143 142 117
247.0665 -145.1690 3480.3345 136 135 109
250.1310 -145.3275 3484.1340 133 132 106
252.6500 -145.1690 3480.3345 136 135 109
255.4417 -145.1690 3480.3345 136 134 109
257.9521 -145.0109 3476.5432 138 136 111
260.7408 -145.0109 3476.5432 141 140 116
263.5294 -145.0109 3476.5432 138 137 113
266.3181 -145.0109 3476.5432 139 139 115
269.1068 -145.0109 3476.5432 140 142 119
271.8954 -145.0109 3476.5432 139 141 119
274.6841 -145.0109 3476.5432 140 141 119
277.4728 -145.0109 3476.5432 142 143 122
280.2614 -145.0109 3476.5432 140 141 120
283.3588 -145.1690 3480.3345 139 141 119
286.1505 -145.1690 3480.3345 137 138 114
288.9422 -145.1690 3480.3345 135 134 110
292.0524 -145.3275 3484.1340 136 134 109
295.1694 -145.4864 3487.9419 128 126 98
297.9672 -145.4864 3487.9419 113 112 87
301.0941 -145.6455 3491.7578 113 112 86
304.2278 -145.8051 3495.5825 128 126 97
307.3684 -145.9649 3499.4153 136 136 106
310.1754 -145.9649 3499.4153 141 142 111
313.6703 -146.2857 3507.1062 148 148 118
316.8317 -146.4467 3510.9646 167 168 138
320.0000 -146.6079 3514.8313 177 179 151
28.9180 -161.3317 3794.8474 28 36 36
31.9620 -161.3317 3794.8474 29 38 37
34.9229 -160.9490 3785.8442 28 36 39
37.9597 -160.9490 3785.8442 30 39 42
41.0451 -161.1402 3790.3406 33 39 42
44.1379 -161.3317 3794.8474 33 38 41
47.1819 -161.3317 3794.8474 33 42 44
50.2259 -161.3317 3794.8474 48 56 54
53.2067 -161.1402 3790.3406 131 138 131
56.3139 -161.3317 3794.8474 202 209 199
59.2874 -161.1402 3790.3406 203 209 200
62.2539 -160.9490 3785.8442 203 209 200
88.7273 -154.1818 3626.6667 162 164 148
91.4286 -153.8322 3618.4431 158 161 145
94.1177 -153.4842 3610.2566 173 176 161
97.0136 -153.4842 3610.2566 187 191 177
99.9095 -153.4842 3610.2566 181 184 171
102.6893 -153.3107 3606.1770 197 201 189
105.5819 -153.3107 3606.1770 208 213 203
108.3522 -153.1377 3602.1069 202 207 196
111.1161 -152.9651 3598.0459 197 202 189
113.7458 -152.6209 3589.9514 191 194 182
116.2332 -152.1076 3577.8774 187 190 176
120.6208 -150.4213 3538.2114 168 171 156
123.0497 -149.9227 3526.4827 166 168 153
125.7395 -149.7572 3522.5903 161 163 148
127.8595 -148.9352 3503.2566 150 150 134
130.3834 -148.6090 3495.5825 145 144 124
133.0416 -148.4464 3491.7578 127 126 103
135.6940 -148.2842 3487.9419 113 109 86
138.3406 -148.1223 3484.1340 100 95 70
140.9815 -147.9608 3480.3345 138 136 111
143.7732 -147.9608 3480.3345 164 166 145
146.4052 -147.7996 3476.5432 174 177 162
149.1939 -147.7996 3476.5432 183 186 172
151.9826 -147.7996 3476.5432 175 179 164
154.6028 -147.6387 3472.7603 164 167 151
157.3885 -147.6387 3472.7603 154 156 140
159.8263 -147.3181 3465.2190 144 144 124
162.6059 -147.3181 3465.2190 141 140 116
165.2061 -147.1584 3461.4607 140 138 113
167.9827 -147.1584 3461.4607 127 124 99
170.7592 -147.1584 3461.4607 136 134 111
173.1602 -146.8398 3453.9683 136 134 111
175.7405 -146.6811 3450.2344 132 129 105
178.7013 -146.8398 3453.9683 121 117 93
181.4719 -146.8398 3453.9683 116 114 88
184.2424 -146.8398 3453.9683 121 119 93
187.2156 -146.9989 3457.7104 117 115 89
190.1952 -147.1584 3461.4607 116 114 87
193.1813 -147.3181 3465.2190 116 113 85
196.1739 -147.4783 3468.9856 119 115 87
198.9565 -147.4783 3468.9856 117 114 87
202.6201 -148.1223 3484.1340 118 115 87
205.4149 -148.1223 3484.1340 122 119 91
207.9826 -147.9608 3480.3345 124 120 92
210.7743 -147.9608 3480.3345 127 124 94
213.5660 -147.9608 3480.3345 129 125 94
216.8306 -148.2842 3487.9419 131 126 96
219.8687 -148.4464 3491.7578 136 131 99
222.9135 -148.6090 3495.5825 140 136 102
225.4705 -148.4464 3491.7578 139 134 102
228.0219 -148.2842 3487.9419 139 135 105
230.5677 -148.1223 3484.1340 138 135 105
232.8540 -147.7996 3476.5432 139 136 107
235.6427 -147.7996 3476.5432 142 140 113
238.4314 -147.7996 3476.5432 141 139 113
241.2201 -147.7996 3476.5432 144 143 117
243.4783 -147.4783 3468.9856 143 142 119
246.2609 -147.4783 3468.9856 140 139 115
249.3145 -147.6387 3472.7603 134 132 105
251.8261 -147.4783 3468.9856 133 131 103
254.8858 -147.6387 3472.7603 134 133 106
257.3913 -147.4783 3468.9856 140 137 112
260.4570 -147.6387 3472.7603 138 135 110
263.2427 -147.6387 3472.7603 139 137 112
265.7391 -147.4783 3468.9856 135 134 110
268.5218 -147.4783 3468.9856 140 140 117
271.5996 -147.6387 3472.7603 138 138 116
274.3852 -147.6387 3472.7603 144 143 122
277.1709 -147.6387 3472.7603 147 146 124
279.9565 -147.6387 3472.7603 140 139 117
283.0501 -147.7996 3476.5432 138 138 114
285.8388 -147.7996 3476.5432 143 143 120
288.6275 -147.7996 3476.5432 134 135 112
291.7339 -147.9608 3480.3345 137 137 111
294.8472 -148.1223 3484.1340 129 128 101
297.6419 -148.1223 3484.1340 126 124 98
300.4367 -148.1223 3484.1340 115 113 86
303.5629 -148.2842 3487.9419 118 117 87
307.0318 -148.6090 3495.5825 131 130 100
309.8357 -148.6090 3495.5825 139 138 108
313.3260 -148.9352 3503.2566 144 142 112
316.4835 -149.0989 3507.1062 153 152 122
319.2967 -149.0989 3507.1062 174 174 146
22.7758 -163.9858 3785.8442 29 34 37
25.8432 -164.1805 3790.3406 29 36 38
28.9180 -164.3757 3794.8474 28 34 36
31.9620 -164.3757 3794.8474 32 37 39
34.8815 -163.7915 3781.3586 31 38 40
37.9147 -163.7915 3781.3586 29 37 40
40.9964 -163.9858 3785.8442 30 37 40
44.1379 -164.3757 3794.8474 33 38 41
47.1819 -164.3757 3794.8474 35 40 42
50.2259 -164.3757 3794.8474 67 72 68
53.2067 -164.1805 3790.3406 161 167 157
56.2470 -164.1805 3790.3406 205 212 203
59.2171 -163.9858 3785.8442 207 214 204
62.1801 -163.7915 3781.3586 203 209 200
88.5261 -156.7347 3618.4431 161 164 147
91.2217 -156.3801 3610.2566 165 167 150
94.0113 -156.2034 3606.1770 170 172 157
96.7946 -156.0271 3602.1069 179 183 172
99.7966 -156.2034 3606.1770 187 193 182
102.5734 -156.0271 3602.1069 200 205 193
105.4628 -156.0271 3602.1069 207 213 201
108.2300 -155.8512 3598.0459 202 206 195
110.8661 -155.5006 3589.9514 195 200 188
113.4905 -155.1515 3581.8931 188 192 181
117.9134 -153.4295 3542.1384 177 180 166
120.3540 -152.9204 3530.3835 172 176 161
122.9139 -152.5828 3522.5903 169 171 155
125.6009 -152.4146 3518.7065 153 155 138
127.5794 -151.4129 3495.5825 148 149 130
130.0984 -151.0820 3487.9419 144 143 122
132.8962 -151.0820 3487.9419 118 116 94
135.3980 -150.7525 3480.3345 92 88 66
138.0392 -150.5882 3476.5432 114 110 86
140.8279 -150.5882 3476.5432 149 146 124
143.6166 -150.5882 3476.5432 165 166 148
146.2459 -150.4244 3472.7603 173 175 161
149.0316 -150.4244 3472.7603 182 186 175
151.8172 -150.4244 3472.7603 170 174 162
154.4348 -150.2609 3468.9856 166 168 154
157.2174 -150.2609 3468.9856 152 154 140
159.6529 -149.9349 3461.4607 142 144 125
162.4295 -149.9349 3461.4607 143 143 120
165.0271 -149.7725 3457.7104 135 134 108
167.9827 -149.9349 3461.4607 130 129 105
170.5742 -149.7725 3457.7104 141 139 116
172.9730 -149.4487 3450.2344 143 141 119
175.5508 -149.2873 3446.5083 140 138 115
178.5081 -149.4487 3450.2344 126 122 98
181.2757 -149.4487 3450.2344 121 117 92
184.2424 -149.6104 3453.9683 119 115 88
187.0130 -149.6104 3453.9683 115 110 84
189.9892 -149.7725 3457.7104 118 115 89
192.7627 -149.7725 3457.7104 119 116 89
195.9609 -150.0977 3465.2190 119 116 86
198.7405 -150.0977 3465.2190 118 114 85
201.9587 -150.4244 3472.7603 121 116 88
204.7443 -150.4244 3472.7603 122 117 90
207.3044 -150.2609 3468.9856 124 120 91
210.0870 -150.2609 3468.9856 128 124 94
212.6384 -150.0977 3465.2190 132 126 96
215.6522 -150.2609 3468.9856 133 128 98
218.4348 -150.2609 3468.9856 135 130 99
221.2174 -150.2609 3468.9856 136 131 100
224.2437 -150.4244 3472.7603 137 132 101
226.7826 -150.2609 3468.9856 142 138 107
229.3160 -150.0977 3465.2190 140 137 108
232.0956 -150.0977 3465.2190 140 138 111
234.8751 -150.0977 3465.2190 144 142 118
237.6547 -150.0977 3465.2190 142 142 117
240.4343 -150.0977 3465.2190 137 137 112
242.9501 -149.9349 3461.4607 141 140 116
245.7267 -149.9349 3461.4607 139 139 114
248.5033 -149.9349 3461.4607 137 135 109
251.2798 -149.9349 3461.4607 135 132 104
254.3323 -150.0977 3465.2190 137 134 106
257.1118 -150.0977 3465.2190 134 132 104
259.8914 -150.0977 3465.2190 133 131 103
262.6710 -150.0977 3465.2190 136 135 107
265.4506 -150.0977 3465.2190 134 133 107
268.2302 -150.0977 3465.2190 137 137 112
271.3044 -150.2609 3468.9856 143 142 120
274.0870 -150.2609 3468.9856 146 145 124
276.8696 -150.2609 3468.9856 141 141 120
279.6522 -150.2609 3468.9856 142 142 120
282.7421 -150.4244 3472.7603 138 138 116
285.5278 -150.4244 3472.7603 138 138 117
288.3134 -150.4244 3472.7603 136 135 115
291.4161 -150.5882 3476.5432 139 138 115
294.5256 -150.7525 3480.3345 127 126 102
297.3174 -150.7525 3480.3345 126 124 99
300.1091 -150.7525 3480.3345 123 121 95
303.2314 -150.9170 3484.1340 114 112 86
306.6958 -151.2473 3491.7578 118 116 90
309.4967 -151.2473 3491.7578 132 132 102
312.9825 -151.5789 3499.4153 138 138 108
316.1361 -151.7453 3503.2566 145 143 115
318.9462 -151.7453 3503.2566 160 161 131
25.8432 -167.2209 3790.3406 30 37 38
28.8836 -167.2209 3790.3406 29 36 39
31.9240 -167.2209 3790.3406 31 37 40
34.8402 -166.6272 3776.8838 30 37 39
37.9147 -166.8246 3781.3586 29 37 40
40.9964 -167.0226 3785.8442 30 38 40
44.1379 -167.4197 3794.8474 33 39 41
47.1819 -167.4197 3794.8474 37 43 45
50.1663 -167.2209 3790.3406 78 84 80
53.0806 -166.8246 3781.3586 180 187 176
56.1137 -166.8246 3781.3586 204 210 201
59.0769 -166.6272 3776.8838 202 209 200
61.9599 -166.2338 3767.9656 202 207 198
85.6236 -159.6372 3618.4431 159 161 143
88.3258 -159.2760 3610.2566 165 167 151
91.1186 -159.0961 3606.1770 178 178 163
93.9052 -158.9165 3602.1069 175 177 162
96.7946 -158.9165 3602.1069 183 187 173
99.6840 -158.9165 3602.1069 198 202 190
102.4577 -158.7373 3598.0459 206 212 201
105.3439 -158.7373 3598.0459 204 211 199
108.1081 -158.5586 3593.9941 201 206 193
110.7416 -158.2023 3585.9177 192 196 183
113.2363 -157.6708 3573.8708 183 186 172
117.6523 -155.9247 3534.2932 178 181 167
120.0883 -155.4084 3522.5903 171 173 160
122.9139 -155.4084 3522.5903 160 162 147
125.3245 -154.8955 3510.9646 156 157 140
127.3006 -153.8798 3487.9419 144 142 122
129.9563 -153.7118 3484.1340 125 122 101
132.7511 -153.7118 3484.1340 105 101 81
135.2505 -153.3769 3476.5432 90 86 65
138.0392 -153.3769 3476.5432 125 121 98
140.6747 -153.2100 3472.7603 150 150 127
143.4603 -153.2100 3472.7603 166 166 148
146.2459 -153.2100 3472.7603 176 178 163
149.0316 -153.2100 3472.7603 181 184 171
151.6522 -153.0435 3468.9856 175 179 167
154.2671 -152.8773 3465.2190 162 164 151
157.0467 -152.8773 3465.2190 153 155 140
159.4800 -152.5461 3457.7104 145 145 126
162.2535 -152.5461 3457.7104 147 147 124
164.8485 -152.3810 3453.9683 137 137 113
167.8007 -152.5461 3457.7104 135 134 110
170.3896 -152.3810 3453.9683 140 139 113
172.7862 -152.0518 3446.5083 137 136 112
175.3614 -151.8878 3442.7905 142 141 118
178.3153 -152.0518 3446.5083 121 119 93
181.0799 -152.0518 3446.5083 121 117 91
184.0433 -152.2162 3450.2344 124 121 94
186.8108 -152.2162 3450.2344 120 117 89
189.5784 -152.2162 3450.2344 118 115 89
192.3459 -152.2162 3450.2344 116 112 87
195.5363 -152.5461 3457.7104 117 114 87
198.0952 -152.3810 3453.9683 120 117 88
201.5201 -152.8773 3465.2190 121 118 88
204.2997 -152.8773 3465.2190 124 120 90
206.8547 -152.7115 3461.4607 125 121 90
209.4041 -152.5461 3457.7104 132 127 97
212.4078 -152.7115 3461.4607 135 130 100
215.1844 -152.7115 3461.4607 137 132 102
217.7248 -152.5461 3457.7104 132 129 98
220.4984 -152.5461 3457.7104 137 133 103
223.5141 -152.7115 3461.4607 140 135 103
226.2907 -152.7115 3461.4607 143 139 107
229.0673 -152.7115 3461.4607 142 138 108
231.5926 -152.5461 3457.7104 141 140 113
234.6204 -152.7115 3461.4607 139 137 112
237.1398 -152.5461 3457.7104 140 139 116
239.9133 -152.5461 3457.7104 141 140 118
242.6869 -152.5461 3457.7104 142 141 119
245.1948 -152.3810 3453.9683 141 140 117
248.2340 -152.5461 3457.7104 138 137 111
251.0076 -152.5461 3457.7104 137 135 107
253.7812 -152.5461 3457.7104 136 134 106
256.5547 -152.5461 3457.7104 130 128 101
259.6096 -152.7115 3461.4607 130 128 100
262.3861 -152.7115 3461.4607 135 133 104
264.8754 -152.5461 3457.7104 131 130 102
267.6490 -152.5461 3457.7104 135 134 107
270.7159 -152.7115 3461.4607 136 134 110
273.4924 -152.7115 3461.4607 141 139 117
276.2690 -152.7115 3461.4607 136 135 114
279.3485 -152.8773 3465.2190 136 135 112
282.4348 -153.0435 3468.9856 133 132 110
285.2174 -153.0435 3468.9856 133 132 111
288.0000 -153.0435 3468.9856 134 134 112
291.0990 -153.2100 3472.7603 140 141 117
294.2048 -153.3769 3476.5432 132 131 106
296.9935 -153.3769 3476.5432 127 125 100
299.7822 -153.3769 3476.5432 124 122 96
302.9008 -153.5442 3480.3345 118 116 91
306.3607 -153.8798 3487.9419 115 113 88
309.1585 -153.8798 3487.9419 122 120 93
312.2976 -154.0482 3491.7578 133 132 102
315.7895 -154.3860 3499.4153 141 140 111
318.9462 -154.5554 3503.2566 148 148 118
322.8194 -155.0661 3514.8313 170 170 141
25.8740 -170.4637 3794.8474 31 38 41
28.9524 -170.6667 3799.3652 30 39 41
31.8483 -169.8578 3781.3586 30 39 42
34.7580 -169.2562 3767.9656 30 38 41
37.8251 -169.4563 3772.4194 28 36 39
40.8994 -169.6568 3776.8838 29 36 39
44.0332 -170.0593 3785.8442 31 38 40
47.0700 -170.0593 3785.8442 39 47 47
50.1068 -170.0593 3785.8442 90 97 91
52.9551 -169.4563 3772.4194 187 195 186
55.9150 -169.2562 3767.9656 206 215 206
58.7986 -168.8575 3759.0891 203 212 203
61.7412 -168.6588 3754.6667 205 212 203
85.4299 -162.1720 3610.2566 168 170 154
88.2260 -161.9887 3606.1770 171 173 156
91.0158 -161.8059 3602.1069 173 175 159
93.7993 -161.6234 3598.0459 179 182 169
96.6855 -161.6234 3598.0459 187 190 178
99.6840 -161.8059 3602.1069 200 203 193
102.3423 -161.4415 3593.9941 207 211 202
105.2252 -161.4415 3593.9941 205 208 198
107.9865 -161.2599 3589.9514 196 199 187
110.4933 -160.7175 3577.8774 189 193 181
112.9832 -160.1788 3565.8845 185 188 175
115.2000 -159.2889 3546.0742 180 184 170
117.5221 -158.5841 3530.3835 178 182 167
120.0883 -158.2340 3522.5903 170 172 157
122.7784 -158.0595 3518.7065 160 162 146
125.1868 -157.5385 3507.1062 153 154 137
127.0229 -156.3359 3480.3345 141 140 118
129.8146 -156.3359 3480.3345 125 121 99
132.6063 -156.3359 3480.3345 94 90 70
135.2505 -156.1656 3476.5432 96 93 71
137.8890 -155.9957 3472.7603 133 131 107
140.6747 -155.9957 3472.7603 157 158 137
143.4603 -155.9957 3472.7603 164 167 149
146.0870 -155.8261 3468.9856 178 182 167
148.8696 -155.8261 3468.9856 181 185 172
151.4875 -155.6569 3465.2190 175 178 168
154.0998 -155.4881 3461.4607 166 168 155
156.8764 -155.4881 3461.4607 155 157 142
159.3074 -155.1515 3453.9683 147 148 129
162.0779 -155.1515 3453.9683 144 143 122
164.6703 -154.9838 3450.2344 138 137 117
167.6190 -155.1515 3453.9683 134 134 111
170.2054 -154.9838 3450.2344 138 137 113
172.5998 -154.6494 3442.7905 138 137 114
175.1724 -154.4828 3439.0806 139 138 115
178.1230 -154.6494 3442.7905 123 120 94
180.8846 -154.6494 3442.7905 123 120 92
183.6462 -154.6494 3442.7905 118 117 89
186.6091 -154.8164 3446.5083 117 115 87
189.1694 -154.6494 3442.7905 116 114 88
191.9310 -154.6494 3442.7905 113 112 86
195.1135 -154.9838 3450.2344 116 115 87
197.6674 -154.8164 3446.5083 118 115 86
201.0834 -155.3196 3457.7104 121 116 87
203.6364 -155.1515 3453.9683 124 119 90
206.4069 -155.1515 3453.9683 129 124 94
208.9514 -154.9838 3450.2344 134 129 99
211.9481 -155.1515 3453.9683 137 132 101
214.7186 -155.1515 3453.9683 136 131 100
217.4892 -155.1515 3453.9683 134 130 99
220.2597 -155.1515 3453.9683 139 134 104
223.0303 -155.1515 3453.9683 140 135 104
225.8009 -155.1515 3453.9683 144 140 109
228.5714 -155.1515 3453.9683 143 140 112
231.3420 -155.1515 3453.9683 144 143 118
234.1126 -155.1515 3453.9683 137 136 111
236.8831 -155.1515 3453.9683 138 137 114
239.6537 -155.1515 3453.9683 141 142 120
242.4242 -155.1515 3453.9683 138 137 114
245.1948 -155.1515 3453.9683 139 137 114
247.9654 -155.1515 3453.9683 137 136 110
250.7359 -155.1515 3453.9683 133 132 104
253.5065 -155.1515 3453.9683 131 128 100
256.2771 -155.1515 3453.9683 127 124 97
259.3283 -155.3196 3457.7104 132 129 102
262.1018 -155.3196 3457.7104 134 130 102
264.5887 -155.1515 3453.9683 135 132 103
267.3593 -155.1515 3453.9683 138 136 110
270.1299 -155.1515 3453.9683 137 136 111
273.1961 -155.3196 3457.7104 138 137 113
275.9697 -155.3196 3457.7104 138 138 113
279.0456 -155.4881 3461.4607 140 139 115
282.1281 -155.6569 3465.2190 138 136 112
284.9077 -155.6569 3465.2190 138 136 114
287.6873 -155.6569 3465.2190 136 135 113
290.7826 -155.8261 3468.9856 134 134 110
293.8847 -155.9957 3472.7603 128 127 100
296.6703 -155.9957 3472.7603 128 127 99
299.4559 -155.9957 3472.7603 122 121 93
302.5708 -156.1656 3476.5432 124 121 94
306.0262 -156.5066 3484.1340 120 116 91
308.8210 -156.5066 3484.1340 114 111 84
312.2976 -156.8490 3491.7578 128 126 97
315.4436 -157.0208 3495.5825 134 134 104
318.5965 -157.1930 3499.4153 143 143 112
322.4643 -157.7118 3510.9646 157 158 127
25.8432 -173.3017 3790.3406 28 37 37
28.9524 -173.7143 3799.3652 27 36 37
31.7731 -172.4823 3772.4194 28 36 39
34.7170 -172.0755 3763.5222 29 38 40
37.7804 -172.2786 3767.9656 28 36 41
40.8994 -172.6864 3776.8838 30 38 41
43.9810 -172.8910 3781.3586 33 40 42
47.0142 -172.8910 3781.3586 36 44 46
49.9882 -172.6864 3776.8838 93 99 96
52.8302 -172.0755 3763.5222 193 199 190
55.7177 -171.6706 3754.6667 205 211 203
58.7294 -171.6706 3754.6667 206 214 205
61.5962 -171.2676 3745.8530 205 210 203
64.5252 -171.0668 3741.4617 200 203 195
82.7211 -165.4422 3618.4431 169 171 156
85.3333 -164.8814 3606.1770 169 173 157
88.1264 -164.6953 3602.1069 170 172 155
91.0158 -164.6953 3602.1069 174 178 161
93.9052 -164.6953 3602.1069 185 190 176
96.6855 -164.5096 3598.0459 192 196 183
99.5716 -164.5096 3598.0459 207 212 200
102.3423 -164.3243 3593.9941 206 212 200
105.2252 -164.3243 3593.9941 202 207 196
107.8652 -163.9551 3585.9177 193 196 184
110.3695 -163.4043 3573.8708 189 192 179
112.7313 -162.6756 3557.9338 189 193 179
114.9446 -161.7738 3538.2114 180 182 168
117.3923 -161.2376 3526.4827 176 178 163
119.9559 -160.8820 3518.7065 168 171 155
122.6432 -160.7049 3514.8313 147 148 131
124.9123 -160.0000 3499.4153 145 144 124
126.8845 -158.9543 3476.5432 133 131 108
129.6732 -158.9543 3476.5432 118 116 93
132.3177 -158.7813 3472.7603 101 99 78
135.1034 -158.7813 3472.7603 110 108 85
137.7391 -158.6087 3468.9856 145 143 120
140.5217 -158.6087 3468.9856 158 158 137
143.3044 -158.6087 3468.9856 163 165 147
145.9283 -158.4365 3465.2190 177 180 166
148.7079 -158.4365 3465.2190 181 184 171
151.4875 -158.4365 3465.2190 179 182 169
154.0998 -158.2647 3461.4607 157 158 145
156.7064 -158.0932 3457.7104 150 152 136
159.1351 -157.7514 3450.2344 142 142 123
161.9027 -157.7514 3450.2344 142 141 119
164.4924 -157.5810 3446.5083 143 142 121
167.6190 -157.9221 3453.9683 139 140 117
170.0216 -157.5810 3446.5083 143 142 119
172.2282 -157.0721 3435.3787 136 136 113
174.9839 -157.0721 3435.3787 136 135 113
177.9310 -157.2414 3439.0806 124 122 96
180.6897 -157.2414 3439.0806 123 120 92
183.4483 -157.2414 3439.0806 122 119 92
186.2069 -157.2414 3439.0806 118 115 86
188.7621 -157.0721 3435.3787 120 116 89
191.5178 -157.0721 3435.3787 115 112 84
194.6926 -157.4110 3442.7905 116 112 84
197.0291 -157.0721 3435.3787 121 117 88
200.6487 -157.7514 3450.2344 120 115 86
203.1965 -157.5810 3446.5083 126 121 92
205.9611 -157.5810 3446.5083 131 127 97
208.5006 -157.4110 3442.7905 137 132 102
211.2621 -157.4110 3442.7905 137 132 101
214.2549 -157.5810 3446.5083 138 134 103
216.7854 -157.4110 3442.7905 138 134 102
219.5469 -157.4110 3442.7905 136 131 99
222.5486 -157.5810 3446.5083 140 136 105
225.5568 -157.7514 3450.2344 142 138 109
228.3243 -157.7514 3450.2344 144 141 114
231.0919 -157.7514 3450.2344 139 138 112
233.8595 -157.7514 3450.2344 139 138 114
236.6270 -157.7514 3450.2344 142 140 118
239.3946 -157.7514 3450.2344 142 140 119
242.1622 -157.7514 3450.2344 141 141 118
244.9297 -157.7514 3450.2344 139 139 114
247.6973 -157.7514 3450.2344 140 139 114
250.4649 -157.7514 3450.2344 134 132 106
253.2324 -157.7514 3450.2344 133 129 102
256.2771 -157.9221 3453.9683 133 130 101
259.0476 -157.9221 3453.9683 127 124 96
261.8182 -157.9221 3453.9683 131 129 100
264.5887 -157.9221 3453.9683 134 131 102
267.0703 -157.7514 3450.2344 136 134 107
269.8379 -157.7514 3450.2344 137 134 110
272.6054 -157.7514 3450.2344 133 131 105
275.6710 -157.9221 3453.9683 135 133 106
278.4416 -157.9221 3453.9683 137 134 109
281.5168 -158.0932 3457.7104 128 127 102
284.2904 -158.0932 3457.7104 129 129 102
287.3753 -158.2647 3461.4607 132 132 106
290.4669 -158.4365 3465.2190 133 133 107
293.5652 -158.6087 3468.9856 131 131 104
296.3478 -158.6087 3468.9856 132 131 104
299.1304 -158.6087 3468.9856 125 123 97
302.2416 -158.7813 3472.7603 119 117 90
305.3595 -158.9543 3476.5432 125 124 96
308.4842 -159.1276 3480.3345 114 112 83
311.6157 -159.3013 3484.1340 122 120 91
314.7541 -159.4754 3487.9419 131 130 102
318.2476 -159.8248 3495.5825 138 138 108
322.1099 -160.3517 3507.1062 146 146 116
325.6388 -160.7049 3514.8313 164 164 135
25.8740 -176.5517 3794.8474 28 37 39
28.9180 -176.5517 3794.8474 28 36 38
31.7355 -175.3011 3767.9656 28 34 37
34.6761 -174.8881 3759.0891 28 36 38
37.7804 -175.3011 3767.9656 30 39 41
40.8511 -175.5083 3772.4194 29 38 41
43.9290 -175.7160 3776.8838 31 39 42
46.9031 -175.5083 3772.4194 37 46 46
49.8701 -175.3011 3767.9656 101 107 101
52.7059 -174.6824 3754.6667 196 202 193
55.5869 -174.2723 3745.8530 203 211 202
58.5916 -174.2723 3745.8530 204 211 200
61.5240 -174.0680 3741.4617 203 208 198
64.4497 -173.8642 3737.0806 196 201 191
82.6274 -168.1540 3614.3452 177 181 167
85.2370 -167.5847 3602.1069 170 172 157
88.0271 -167.3957 3598.0459 173 175 161
90.9132 -167.3957 3598.0459 175 177 164
93.7993 -167.3957 3598.0459 187 190 177
96.6855 -167.3957 3598.0459 198 202 191
99.4595 -167.2072 3593.9941 206 212 202
102.2272 -167.0191 3589.9514 198 202 191
104.9888 -166.8315 3585.9177 190 194 183
107.6233 -166.4574 3577.8774 189 193 182
114.6903 -164.2478 3530.3835 181 183 168
117.1334 -163.7045 3518.7065 175 177 160
119.8238 -163.5242 3514.8313 159 160 145
122.3736 -163.1648 3507.1062 151 152 134
124.5027 -162.2732 3487.9419 136 135 114
126.7465 -161.5669 3472.7603 126 125 103
129.5321 -161.5669 3472.7603 117 115 93
132.1739 -161.3913 3468.9856 96 94 72
134.9565 -161.3913 3468.9856 123 121 95
137.5896 -161.2161 3465.2190 154 153 131
140.3692 -161.2161 3465.2190 157 158 139
143.1488 -161.2161 3465.2190 162 164 147
145.7701 -161.0412 3461.4607 182 184 171
148.5466 -161.0412 3461.4607 181 184 172
151.3232 -161.0412 3461.4607 176 179 166
153.9328 -160.8667 3457.7104 161 163 147
156.5368 -160.6926 3453.9683 155 156 139
158.9633 -160.3456 3446.5083 142 142 122
161.5534 -160.1726 3442.7905 144 143 122
164.3150 -160.1726 3442.7905 144 143 124
167.4379 -160.5189 3450.2344 144 144 124
170.0216 -160.3456 3446.5083 143 144 121
172.0430 -159.6559 3431.6846 135 136 115
174.7957 -159.6559 3431.6846 135 134 112
177.7395 -159.8278 3435.3787 124 123 96
180.4952 -159.8278 3435.3787 125 124 97
183.0538 -159.6559 3431.6846 122 120 94
186.0065 -159.8278 3435.3787 119 117 89
188.5591 -159.6559 3431.6846 118 115 87
191.1064 -159.4844 3427.9988 116 113 87
194.2734 -159.8278 3435.3787 116 113 88
196.6058 -159.4844 3427.9988 119 116 87
200.2158 -160.1726 3442.7905 119 116 85
202.5404 -159.8278 3435.3787 126 123 92
205.2960 -159.8278 3435.3787 128 124 94
208.0517 -159.8278 3435.3787 134 128 98
210.8073 -159.8278 3435.3787 137 133 102
213.5630 -159.8278 3435.3787 139 134 104
216.3186 -159.8278 3435.3787 138 134 103
219.0743 -159.8278 3435.3787 136 131 100
222.0690 -160.0000 3439.0806 141 137 107
225.0701 -160.1726 3442.7905 142 139 111
227.8317 -160.1726 3442.7905 143 142 115
230.8423 -160.3456 3446.5083 138 137 111
233.6069 -160.3456 3446.5083 140 139 114
236.3715 -160.3456 3446.5083 141 140 117
239.1361 -160.3456 3446.5083 137 138 115
241.9007 -160.3456 3446.5083 143 143 121
244.6653 -160.3456 3446.5083 140 139 115
247.4298 -160.3456 3446.5083 139 138 112
250.1944 -160.3456 3446.5083 133 131 104
252.9590 -160.3456 3446.5083 133 129 103
256.0000 -160.5189 3450.2344 134 130 104
258.7676 -160.5189 3450.2344 132 130 103
261.5352 -160.5189 3450.2344 130 128 99
264.0173 -160.3456 3446.5083 133 130 102
266.4941 -160.1726 3442.7905 132 129 102
269.5464 -160.3456 3446.5083 134 132 106
272.3110 -160.3456 3446.5083 134 132 106
275.0756 -160.3456 3446.5083 134 133 107
278.1406 -160.5189 3450.2344 133 131 106
281.2121 -160.6926 3453.9683 131 129 106
283.9827 -160.6926 3453.9683 133 132 106
287.0639 -160.8667 3457.7104 131 130 105
290.1519 -161.0412 3461.4607 129 127 102
293.2465 -161.2161 3465.2190 126 124 98
296.0261 -161.2161 3465.2190 127 124 99
298.8057 -161.2161 3465.2190 124 120 96
301.9131 -161.3913 3468.9856 124 121 94
305.0272 -161.5669 3472.7603 131 128 100
308.1482 -161.7429 3476.5432 122 121 92
311.2759 -161.9193 3480.3345 116 114 87
314.4105 -162.0961 3484.1340 126 126 97
317.5519 -162.2732 3487.9419 134 133 106
321.4035 -162.8070 3499.4153 139 139 109
324.9231 -163.1648 3507.1062 152 152 122
25.8740 -179.5957 3794.8474 28 37 38
28.8493 -179.1696 3785.8442 30 38 40
31.5864 -177.4853 3750.2546 27 34 37
34.5946 -177.4853 3750.2546 26 35 37
37.6914 -177.9034 3759.0891 30 39 42
40.8028 -178.3235 3767.9656 29 37 40
43.8253 -178.3235 3767.9656 30 39 40
46.7925 -178.1132 3763.5222 45 53 52
49.6941 -177.6941 3754.6667 117 124 118
52.5205 -177.0692 3741.4617 202 208 199
55.4567 -176.8618 3737.0806 206 215 207
58.4543 -176.8618 3737.0806 205 213 203
61.3801 -176.6550 3732.7097 203 208 200
64.2991 -176.4486 3728.3491 194 199 189
82.4407 -170.6667 3606.1770 166 168 157
85.1409 -170.2819 3598.0459 169 172 159
88.0271 -170.2819 3598.0459 173 177 163
90.9132 -170.2819 3598.0459 177 181 168
93.6937 -170.0901 3593.9941 192 197 184
96.5766 -170.0901 3593.9941 205 210 200
99.3476 -169.8988 3589.9514 207 213 203
102.1124 -169.7079 3585.9177 197 203 191
104.8709 -169.5174 3581.8931 192 196 183
107.5028 -169.1377 3573.8708 187 190 179
114.5635 -166.8951 3526.4827 178 181 167
117.0044 -166.3436 3514.8313 163 166 150
119.6920 -166.1606 3510.9646 158 158 141
122.1053 -165.6140 3499.4153 149 147 126
124.2312 -164.7110 3480.3345 134 130 108
126.6087 -164.1739 3468.9856 127 124 103
129.3913 -164.1739 3468.9856 104 101 81
132.1739 -164.1739 3468.9856 88 84 62
134.8100 -163.9957 3465.2190 133 131 104
137.5896 -163.9957 3465.2190 162 161 141
140.2169 -163.8178 3461.4607 158 159 140
142.9935 -163.8178 3461.4607 166 169 151
145.7701 -163.8178 3461.4607 180 182 169
148.5466 -163.8178 3461.4607 182 184 173
151.3232 -163.8178 3461.4607 179 181 170
153.7662 -163.4632 3453.9683 165 168 156
156.3676 -163.2865 3450.2344 147 150 133
158.7918 -162.9342 3442.7905 140 141 120
161.5534 -162.9342 3442.7905 144 143 123
164.3150 -162.9342 3442.7905 142 141 120
167.4379 -163.2865 3450.2344 136 136 115
169.8382 -162.9342 3442.7905 137 137 114
171.8582 -162.2342 3427.9988 136 135 112
174.6080 -162.2342 3427.9988 139 137 112
177.5484 -162.4086 3431.6846 127 124 99
180.1074 -162.2342 3427.9988 123 120 94
182.8572 -162.2342 3427.9988 121 119 92
185.6069 -162.2342 3427.9988 120 118 91
188.1545 -162.0601 3424.3206 117 115 88
190.9013 -162.0601 3424.3206 116 113 86
193.8561 -162.2342 3427.9988 116 113 87
196.1844 -161.8864 3420.6504 121 118 90
199.5699 -162.4086 3431.6846 124 120 91
202.1053 -162.2342 3427.9988 131 127 98
204.6352 -162.0601 3424.3206 132 127 97
207.3820 -162.0601 3424.3206 136 131 99
210.1288 -162.0601 3424.3206 138 135 104
212.8755 -162.0601 3424.3206 139 136 105
215.6223 -162.0601 3424.3206 137 134 103
218.3691 -162.0601 3424.3206 133 130 99
221.3534 -162.2342 3427.9988 140 136 108
224.3441 -162.4086 3431.6846 145 142 117
227.3412 -162.5834 3435.3787 144 143 118
230.3448 -162.7586 3439.0806 141 140 113
233.1035 -162.7586 3439.0806 141 140 115
235.8621 -162.7586 3439.0806 140 138 115
238.6207 -162.7586 3439.0806 138 138 113
241.3793 -162.7586 3439.0806 145 144 120
244.1379 -162.7586 3439.0806 135 134 112
247.1629 -162.9342 3442.7905 138 136 113
249.6552 -162.7586 3439.0806 136 133 109
252.6861 -162.9342 3442.7905 133 130 104
255.7236 -163.1102 3446.5083 127 125 98
258.4881 -163.1102 3446.5083 125 123 95
261.2527 -163.1102 3446.5083 128 125 97
263.7325 -162.9342 3442.7905 131 127 99
266.2069 -162.7586 3439.0806 124 121 94
268.9655 -162.7586 3439.0806 128 126 100
271.7242 -162.7586 3439.0806 129 127 102
274.7789 -162.9342 3442.7905 129 127 103
277.5405 -162.9342 3442.7905 134 132 106
280.9081 -163.2865 3450.2344 128 126 102
283.6757 -163.2865 3450.2344 128 126 99
286.7533 -163.4632 3453.9683 128 125 99
289.8375 -163.6403 3457.7104 130 126 100
292.9284 -163.8178 3461.4607 123 121 93
295.7050 -163.8178 3461.4607 127 125 97
298.4816 -163.8178 3461.4607 127 124 97
301.5852 -163.9957 3465.2190 124 121 93
304.6957 -164.1739 3468.9856 129 127 98
307.8128 -164.3526 3472.7603 129 128 99
310.9368 -164.5316 3476.5432 116 115 90
314.0676 -164.7110 3480.3345 120 118 92
317.2053 -164.8908 3484.1340 130 131 101
320.7002 -165.2516 3491.7578 135 134 104
324.5664 -165.7958 3503.2566 144 143 113
25.8740 -182.6397 3794.8474 30 38 38
28.7811 -181.7752 3776.8838 29 37 39
31.4754 -179.8595 3737.0806 29 37 40
34.5135 -180.0704 3741.4617 30 38 41
37.6028 -180.4935 3750.2546 31 40 43
40.7067 -180.9187 3759.0891 30 37 39
43.7220 -180.9187 3759.0891 34 40 42
46.6824 -180.7059 3754.6667 44 50 51
49.5775 -180.2817 3745.8530 122 128 123
52.4590 -179.8595 3737.0806 201 207 199
55.3918 -179.6491 3732.7097 203 209 201
58.3860 -179.6491 3732.7097 206 212 204
61.3084 -179.4393 3728.3491 200 206 197
64.1492 -179.0210 3719.6582 192 199 187
82.3476 -173.3634 3602.1069 172 175 161
85.1409 -173.1680 3598.0459 173 176 162
87.9279 -172.9730 3593.9941 174 178 163
90.8108 -172.9730 3593.9941 187 190 178
93.6937 -172.9730 3593.9941 198 202 190
96.5766 -172.9730 3593.9941 207 213 201
99.3476 -172.7784 3589.9514 199 205 195
101.9978 -172.3906 3581.8931 189 194 184
104.6361 -172.0045 3573.8708 194 198 188
107.1429 -171.4286 3561.9048 189 193 181
114.3109 -169.3495 3518.7065 179 182 170
116.8757 -168.9769 3510.9646 163 166 150
119.5604 -168.7912 3507.1062 154 155 136
121.8381 -168.0525 3491.7578 143 142 123
124.0959 -167.3203 3476.5432 132 130 108
126.4712 -166.7753 3465.2190 118 116 94
129.3913 -166.9565 3468.9856 92 88 67
132.0304 -166.7753 3465.2190 100 96 72
134.8100 -166.7753 3465.2190 142 140 113
137.5896 -166.7753 3465.2190 161 159 139
140.2169 -166.5944 3461.4607 158 159 142
142.9935 -166.5944 3461.4607 164 167 152
145.6121 -166.4139 3457.7104 177 180 168
148.5466 -166.5944 3461.4607 176 179 167
151.1593 -166.4139 3457.7104 177 180 168
153.6000 -166.0541 3450.2344 166 168 156
156.3676 -166.0541 3450.2344 151 154 136
158.6207 -165.5172 3439.0806 145 145 125
161.3793 -165.5172 3439.0806 148 147 128
164.3150 -165.6958 3442.7905 148 148 128
167.2570 -165.8747 3446.5083 144 145 124
169.4726 -165.3391 3435.3787 140 140 120
171.6738 -164.8069 3424.3206 140 139 118
174.4206 -164.8069 3424.3206 141 138 115
177.1674 -164.8069 3424.3206 124 122 96
179.9142 -164.8069 3424.3206 126 123 95
182.6609 -164.8069 3424.3206 118 115 89
185.4077 -164.8069 3424.3206 120 118 91
187.7516 -164.4540 3416.9880 117 115 86
190.4925 -164.4540 3416.9880 120 117 88
193.4405 -164.6302 3420.6504 122 118 90
195.9743 -164.4540 3416.9880 123 119 90
199.1416 -164.8069 3424.3206 130 126 97
201.6720 -164.6302 3420.6504 134 129 98
204.1970 -164.4540 3416.9880 136 131 100
206.9379 -164.4540 3416.9880 135 131 101
209.6788 -164.4540 3416.9880 137 133 104
212.4197 -164.4540 3416.9880 139 135 108
215.1606 -164.4540 3416.9880 138 134 107
217.9015 -164.4540 3416.9880 138 135 106
220.8789 -164.6302 3420.6504 141 137 111
223.8627 -164.8069 3424.3206 143 140 115
226.6095 -164.8069 3424.3206 144 143 119
229.8495 -165.1613 3431.6846 141 140 119
232.6022 -165.1613 3431.6846 139 138 113
235.1021 -164.9839 3427.9988 138 137 112
237.8518 -164.9839 3427.9988 138 137 114
240.6015 -164.9839 3427.9988 141 139 114
243.3513 -164.9839 3427.9988 135 134 110
246.3656 -165.1613 3431.6846 133 132 106
249.1183 -165.1613 3431.6846 134 131 104
252.1421 -165.3391 3435.3787 128 127 101
255.1724 -165.5172 3439.0806 128 127 99
258.2093 -165.6958 3442.7905 128 127 99
260.6897 -165.5172 3439.0806 130 127 100
263.4483 -165.5172 3439.0806 130 126 99
265.9203 -165.3391 3435.3787 128 125 98
268.6760 -165.3391 3435.3787 127 126 97
271.7242 -165.5172 3439.0806 133 131 103
274.4828 -165.5172 3439.0806 133 131 104
277.2414 -165.5172 3439.0806 132 131 103
280.3021 -165.6958 3442.7905 128 127 100
283.0637 -165.6958 3442.7905 129 128 99
286.4433 -166.0541 3450.2344 130 129 101
289.5238 -166.2338 3453.9683 133 130 103
292.6111 -166.4139 3457.7104 125 124 96
295.3846 -166.4139 3457.7104 124 123 95
298.1582 -166.4139 3457.7104 126 123 96
301.2582 -166.5944 3461.4607 126 125 96
304.3648 -166.7753 3465.2190 126 125 95
307.4783 -166.9565 3468.9856 127 125 100
310.5985 -167.1382 3472.7603 122 120 95
313.7255 -167.3203 3476.5432 116 114 89
316.8593 -167.5027 3480.3345 127 126 98
320.0000 -167.6856 3484.1340 131 130 101
323.8554 -168.2366 3495.5825 138 137 108
25.8740 -185.6837 3794.8474 29 36 40
28.7131 -184.3684 3767.9656 28 36 38
31.4386 -182.6433 3732.7097 29 37 39
34.4731 -182.8572 3737.0806 30 38 41
37.5587 -183.2864 3745.8530 31 37 39
40.6110 -183.5018 3750.2546 30 38 39
43.6193 -183.5018 3750.2546 34 42 44
46.5728 -183.2864 3745.8530 46 54 54
49.5193 -183.0715 3741.4617 127 134 128
52.3977 -182.6433 3732.7097 204 212 203
55.3271 -182.4299 3728.3491 205 212 203
58.3178 -182.4299 3728.3491 208 213 204
61.1655 -182.0047 3719.6582 203 209 198
66.0550 -179.0826 3659.9390 188 192 182
82.2548 -176.0541 3598.0459 175 177 164
85.0451 -175.8559 3593.9941 173 175 162
87.8290 -175.6581 3589.9514 181 184 170
90.7087 -175.6581 3589.9514 195 199 187
93.5883 -175.6581 3589.9514 206 212 201
96.4679 -175.6581 3589.9514 205 211 200
99.2360 -175.4607 3585.9177 195 200 189
101.8834 -175.0673 3577.8774 188 191 179
104.4022 -174.4805 3565.8845 192 196 185
106.9042 -173.8976 3553.9719 184 188 177
114.0594 -171.7932 3510.9646 173 176 163
116.7473 -171.6044 3507.1062 162 165 148
119.1676 -171.0405 3495.5825 152 153 134
121.5721 -170.4804 3484.1340 141 140 119
123.8261 -169.7391 3468.9856 132 130 109
126.3341 -169.3710 3461.4607 122 121 99
129.2508 -169.5548 3465.2190 89 87 66
132.0304 -169.5548 3465.2190 112 108 83
134.8100 -169.5548 3465.2190 151 150 124
137.4404 -169.3710 3461.4607 160 160 142
140.2169 -169.3710 3461.4607 156 157 140
142.8386 -169.1875 3457.7104 163 166 150
145.6121 -169.1875 3457.7104 177 180 167
148.3857 -169.1875 3457.7104 179 183 172
150.9957 -169.0043 3453.9683 176 181 169
153.4341 -168.6393 3446.5083 160 163 149
156.0302 -168.4574 3442.7905 155 156 141
158.2796 -167.9140 3431.6846 153 153 135
161.0323 -167.9140 3431.6846 146 146 127
163.9613 -168.0947 3435.3787 142 142 123
167.0766 -168.4574 3442.7905 140 140 121
169.1085 -167.7336 3427.9988 139 138 119
171.4898 -167.3741 3420.6504 134 133 113
174.2337 -167.3741 3420.6504 142 141 119
176.9775 -167.3741 3420.6504 127 124 99
179.5289 -167.1949 3416.9880 121 119 92
182.2698 -167.1949 3416.9880 122 120 93
185.0107 -167.1949 3416.9880 122 119 92
187.5508 -167.0161 3413.3335 120 117 90
190.0855 -166.8376 3409.6868 118 116 89
193.2334 -167.1949 3416.9880 121 117 89
195.5556 -166.8376 3409.6868 124 120 91
198.7152 -167.1949 3416.9880 129 125 96
201.2407 -167.0161 3413.3335 133 128 97
203.9786 -167.0161 3413.3335 134 129 99
206.7166 -167.0161 3413.3335 136 132 102
209.4546 -167.0161 3413.3335 140 137 108
212.1925 -167.0161 3413.3335 139 137 112
214.9305 -167.0161 3413.3335 140 138 113
217.6685 -167.0161 3413.3335 141 139 113
220.6424 -167.1949 3416.9880 135 133 107
223.3833 -167.1949 3416.9880 138 137 111
226.3666 -167.3741 3420.6504 146 145 121
229.3562 -167.5536 3424.3206 141 140 118
232.1030 -167.5536 3424.3206 137 135 112
234.5981 -167.3741 3420.6504 136 134 110
237.3419 -167.3741 3420.6504 143 142 118
240.0858 -167.3741 3420.6504 138 136 111
242.8296 -167.3741 3420.6504 131 129 104
245.8369 -167.5536 3424.3206 134 132 107
248.5837 -167.5536 3424.3206 130 128 103
251.6004 -167.7336 3427.9988 126 124 97
254.6237 -167.9140 3431.6846 126 125 97
257.6534 -168.0947 3435.3787 129 126 99
260.1290 -167.9140 3431.6846 130 126 98
262.8817 -167.9140 3431.6846 127 123 94
265.6344 -167.9140 3431.6846 126 123 95
268.3871 -167.9140 3431.6846 127 124 97
271.1398 -167.9140 3431.6846 131 129 103
273.8925 -167.9140 3431.6846 127 126 99
276.6452 -167.9140 3431.6846 126 124 96
279.6986 -168.0947 3435.3787 129 127 99
282.4543 -168.0947 3435.3787 127 124 98
286.1339 -168.6393 3446.5083 124 122 96
288.8985 -168.6393 3446.5083 125 122 97
292.2944 -169.0043 3453.9683 124 123 97
295.0649 -169.0043 3453.9683 124 123 97
297.8355 -169.0043 3453.9683 126 123 97
300.9318 -169.1875 3457.7104 124 122 95
304.0347 -169.3710 3461.4607 128 125 97
307.1444 -169.5548 3465.2190 127 124 97
309.9240 -169.5548 3465.2190 125 123 97
313.0435 -169.7391 3468.9856 120 119 93
316.1698 -169.9238 3472.7603 122 120 94
319.3028 -170.1089 3476.5432 130 129 103
323.1476 -170.6667 3487.9419 134 133 105
25.8432 -188.5036 3790.3406 27 35 36
28.6118 -186.7294 3754.6667 27 35 38
31.4386 -185.6374 3732.7097 29 36 39
34.4731 -185.8548 3737.0806 28 36 36
37.5147 -186.0727 3741.4617 29 35 36
40.5634 -186.2911 3745.8530 28 36 38
43.5170 -186.0727 3741.4617 31 39 40
46.5182 -186.0727 3741.4617 46 52 51
49.4614 -185.8548 3737.0806 134 140 135
52.3365 -185.4206 3728.3491 205 212 205
55.2626 -185.2042 3723.9985 207 214 206
58.2497 -185.2042 3723.9985 204 210 201
63.4101 -182.8571 3676.8049 188 194 183
65.9794 -181.8099 3655.7466 182 186 175
82.1622 -178.7388 3593.9941 165 167 153
84.9494 -178.5377 3589.9514 173 175 161
87.8290 -178.5377 3589.9514 192 195 183
90.7087 -178.5377 3589.9514 199 204 193
93.5883 -178.5377 3589.9514 209 215 203
96.4679 -178.5377 3589.9514 204 208 198
99.1246 -178.1369 3581.8931 196 199 188
101.7693 -177.7380 3573.8708 193 197 184
104.1695 -176.9454 3557.9338 193 197 184
106.6667 -176.3556 3546.0742 184 188 176
113.9341 -174.4176 3507.1062 162 165 150
116.4912 -174.0351 3499.4153 153 155 140
118.9071 -173.4645 3487.9419 150 150 133
121.3072 -172.8976 3476.5432 147 147 127
123.6917 -172.3344 3465.2190 128 126 104
126.0606 -171.7749 3453.9683 108 106 83
129.1106 -172.1475 3461.4607 86 82 60
131.8872 -172.1475 3461.4607 119 115 90
134.6638 -172.1475 3461.4607 147 147 121
137.2915 -171.9610 3457.7104 152 152 134
140.0650 -171.9610 3457.7104 157 158 141
142.6840 -171.7749 3453.9683 168 170 154
145.4545 -171.7749 3453.9683 179 182 168
148.2251 -171.7749 3453.9683 180 183 172
150.8324 -171.5892 3450.2344 173 177 166
153.1035 -171.0345 3439.0806 160 163 148
155.5269 -170.6667 3431.6846 159 160 145
157.9399 -170.3004 3424.3206 155 155 139
160.6867 -170.3004 3424.3206 148 148 131
163.6090 -170.4834 3427.9988 148 147 130
166.5376 -170.6667 3431.6846 145 145 126
168.7460 -170.1179 3420.6504 140 139 119
171.1230 -169.7540 3413.3335 134 134 114
173.8610 -169.7540 3413.3335 138 139 117
176.5990 -169.7540 3413.3335 127 126 103
179.3369 -169.7540 3413.3335 123 119 94
181.8804 -169.5727 3409.6868 126 121 95
184.8129 -169.7540 3413.3335 124 120 93
187.1505 -169.3917 3406.0479 119 116 90
189.8826 -169.3917 3406.0479 121 117 91
192.8205 -169.5727 3409.6868 125 121 93
195.3469 -169.3917 3406.0479 131 127 98
198.5027 -169.7540 3413.3335 135 132 102
201.0257 -169.5727 3409.6868 135 131 101
203.7607 -169.5727 3409.6868 136 132 103
206.4957 -169.5727 3409.6868 138 136 108
209.2308 -169.5727 3409.6868 144 143 118
211.9658 -169.5727 3409.6868 141 140 115
214.7009 -169.5727 3409.6868 140 140 115
217.4359 -169.5727 3409.6868 135 133 109
220.4064 -169.7540 3413.3335 132 131 104
223.1444 -169.7540 3413.3335 133 132 105
226.1242 -169.9358 3416.9880 143 141 116
228.8651 -169.9358 3416.9880 137 136 112
231.6060 -169.9358 3416.9880 135 133 108
234.3469 -169.9358 3416.9880 135 132 107
237.0878 -169.9358 3416.9880 135 133 107
239.8287 -169.9358 3416.9880 137 135 107
242.5696 -169.9358 3416.9880 136 133 106
245.3105 -169.9358 3416.9880 135 133 109
248.0514 -169.9358 3416.9880 131 130 106
251.0611 -170.1179 3420.6504 126 123 96
253.8049 -170.1179 3420.6504 128 127 99
257.0999 -170.4834 3427.9988 128 126 99
259.5708 -170.3004 3424.3206 129 126 98
262.3176 -170.3004 3424.3206 123 119 90
265.0644 -170.3004 3424.3206 125 121 94
267.8112 -170.3004 3424.3206 129 125 97
270.8486 -170.4834 3427.9988 129 126 99
273.5983 -170.4834 3427.9988 127 126 99
276.3480 -170.4834 3427.9988 126 125 96
279.3979 -170.6667 3431.6846 131 127 99
281.8475 -170.4834 3427.9988 128 124 97
285.5173 -171.0345 3439.0806 124 121 93
288.5869 -171.2190 3442.7905 125 123 94
291.6631 -171.4039 3446.5083 127 124 96
294.7460 -171.5892 3450.2344 129 125 97
297.5135 -171.5892 3450.2344 127 125 98
300.6061 -171.7749 3453.9683 127 125 98
303.7053 -171.9610 3457.7104 130 126 99
306.8113 -172.1475 3461.4607 125 123 96
309.5879 -172.1475 3461.4607 123 121 94
312.7036 -172.3344 3465.2190 126 125 97
315.4832 -172.3344 3465.2190 119 118 91
318.6087 -172.5217 3468.9856 126 125 99
322.4427 -173.0862 3480.3345 126 126 99
325.5895 -173.2751 3484.1340 136 136 107
25.8432 -191.5439 3790.3406 31 37 39
28.5781 -189.5182 3750.2546 30 36 39
31.4754 -188.8525 3737.0806 32 38 42
34.4731 -188.8525 3737.0806 28 34 37
37.5147 -189.0739 3741.4617 30 36 39
40.5158 -189.0739 3741.4617 30 37 39
43.4660 -188.8525 3737.0806 37 44 44
46.4637 -188.8525 3737.0806 55 61 58
49.4035 -188.6316 3732.7097 144 151 145
52.3365 -188.4112 3728.3491 203 212 203
55.1981 -187.9720 3719.6582 203 210 199
58.0465 -187.5349 3711.0078 201 205 196
63.2644 -185.3793 3668.3525 187 191 180
65.9794 -184.7423 3655.7466 181 183 170
68.7543 -184.3200 3647.3906 178 180 169
82.1622 -181.6216 3593.9941 168 172 157
84.9494 -181.4173 3589.9514 181 184 172
87.7303 -181.2135 3585.9177 195 199 187
90.6067 -181.2135 3585.9177 205 211 199
93.4832 -181.2135 3585.9177 209 215 205
96.3596 -181.2135 3585.9177 199 203 193
99.1246 -181.0101 3581.8931 195 198 186
101.5419 -180.2011 3565.8845 193 196 185
103.9377 -179.3993 3550.0186 188 192 180
106.5483 -179.0011 3542.1384 187 191 179
113.6842 -176.8421 3499.4153 157 159 143
116.1093 -176.2623 3487.9419 154 155 138
118.6478 -175.8779 3480.3345 149 149 128
121.1752 -175.4951 3472.7603 142 140 118
123.5575 -174.9241 3461.4607 122 118 96
125.9243 -174.3568 3450.2344 104 100 80
128.9707 -174.7346 3457.7104 86 82 61
131.7443 -174.7346 3457.7104 121 116 92
134.5179 -174.7346 3457.7104 150 148 125
137.1429 -174.5455 3453.9683 158 158 140
139.7622 -174.3568 3450.2344 159 159 142
142.5297 -174.3568 3450.2344 173 175 160
145.2973 -174.3568 3450.2344 180 182 170
147.9050 -174.1685 3446.5083 181 184 173
150.5070 -173.9806 3442.7905 169 172 161
152.6101 -173.2331 3427.9988 160 163 151
155.1931 -173.0472 3424.3206 155 158 143
157.6017 -172.6767 3416.9880 150 152 136
160.3426 -172.6767 3416.9880 152 154 137
163.2583 -172.8617 3420.6504 142 142 125
166.1803 -173.0472 3424.3206 143 143 125
168.5653 -172.6767 3416.9880 144 144 125
170.9402 -172.3077 3409.6868 137 137 117
173.6752 -172.3077 3409.6868 137 139 118
176.4103 -172.3077 3409.6868 129 128 106
178.9541 -172.1238 3406.0479 120 118 93
181.6862 -172.1238 3406.0479 123 119 93
184.4184 -172.1238 3406.0479 126 123 95
186.9510 -171.9403 3402.4165 123 122 93
189.6802 -171.9403 3402.4165 125 123 94
192.6147 -172.1238 3406.0479 124 119 92
195.1386 -171.9403 3402.4165 126 123 93
198.0790 -172.1238 3406.0479 129 126 95
200.8111 -172.1238 3406.0479 132 128 98
203.5432 -172.1238 3406.0479 135 131 102
206.2754 -172.1238 3406.0479 137 135 107
209.0075 -172.1238 3406.0479 143 141 118
211.7396 -172.1238 3406.0479 139 139 115
214.4717 -172.1238 3406.0479 142 141 116
217.2039 -172.1238 3406.0479 136 135 111
219.9360 -172.1238 3406.0479 137 135 109
222.6681 -172.1238 3406.0479 136 134 108
225.6410 -172.3077 3409.6868 139 137 113
228.6203 -172.4920 3413.3335 138 137 114
231.3583 -172.4920 3413.3335 138 137 111
233.8462 -172.3077 3409.6868 135 134 107
236.5812 -172.3077 3409.6868 130 130 102
239.3163 -172.3077 3409.6868 135 134 105
242.0513 -172.3077 3409.6868 131 130 103
244.7863 -172.3077 3409.6868 132 130 104
247.5214 -172.3077 3409.6868 131 129 102
250.5241 -172.4920 3413.3335 126 124 95
253.5332 -172.6767 3416.9880 131 131 101
256.5488 -172.8617 3420.6504 130 129 100
259.2926 -172.8617 3420.6504 126 124 97
262.0365 -172.8617 3420.6504 127 124 97
264.7803 -172.8617 3420.6504 128 125 96
267.5241 -172.8617 3420.6504 127 124 95
270.5580 -173.0472 3424.3206 129 128 99
273.3047 -173.0472 3424.3206 128 127 99
276.0515 -173.0472 3424.3206 127 126 98
279.0978 -173.2331 3427.9988 130 128 100
281.8475 -173.2331 3427.9988 126 123 96
285.2099 -173.6060 3435.3787 126 124 96
288.2759 -173.7931 3439.0806 126 124 96
291.6631 -174.1685 3446.5083 126 124 96
294.4276 -174.1685 3446.5083 121 119 92
297.5135 -174.3568 3450.2344 123 121 95
300.2811 -174.3568 3450.2344 123 122 94
303.7053 -174.7346 3457.7104 125 123 94
306.4789 -174.7346 3457.7104 125 123 95
309.5879 -174.9241 3461.4607 125 123 96
312.3644 -174.9241 3461.4607 130 127 98
315.1410 -174.9241 3461.4607 127 126 98
318.2628 -175.1140 3465.2190 120 120 93
321.7410 -175.4951 3472.7603 126 125 98
324.8802 -175.6863 3476.5432 131 130 101
25.8126 -194.3535 3785.8442 29 38 39
28.5111 -192.0750 3741.4617 29 36 37
31.4386 -191.6257 3732.7097 31 38 40
34.4731 -191.8501 3737.0806 29 37 39
37.5147 -192.0750 3741.4617 31 38 40
40.4684 -191.8501 3737.0806 32 40 42
43.4152 -191.6257 3732.7097 35 43 45
46.4094 -191.6257 3732.7097 57 65 64
49.3458 -191.4019 3728.3491 166 173 167
52.2754 -191.1785 3723.9985 206 215 207
55.0698 -190.5116 3711.0078 205 213 204
60.3913 -188.5386 3672.5740 190 195 183
63.1917 -188.1056 3664.1409 182 187 175
65.9039 -187.4600 3651.5637 183 186 175
68.6758 -187.0320 3643.2268 176 178 164
82.0697 -184.2970 3589.9514 179 183 169
84.8539 -184.0899 3585.9177 188 193 178
87.7303 -184.0899 3585.9177 199 205 192
90.6067 -184.0899 3585.9177 209 214 205
93.4832 -184.0899 3585.9177 205 210 199
96.3596 -184.0899 3585.9177 197 201 189
99.0135 -183.6771 3577.8774 193 196 185
101.4286 -182.8571 3561.9048 190 193 181
103.8222 -182.0445 3546.0742 189 191 179
106.3123 -181.4397 3534.2932 186 189 177
113.3115 -179.0601 3487.9419 166 168 154
115.8561 -178.6696 3480.3345 154 155 137
118.2609 -178.0870 3468.9856 144 143 123
120.9121 -177.8936 3465.2190 131 127 107
123.2901 -177.3160 3453.9683 116 111 89
125.6527 -176.7422 3442.7905 99 95 74
128.6919 -177.1243 3450.2344 93 89 67
131.4595 -177.1243 3450.2344 124 119 95
134.2270 -177.1243 3450.2344 147 144 123
136.8466 -176.9331 3446.5083 147 148 129
139.4606 -176.7422 3442.7905 160 160 141
142.2222 -176.7422 3442.7905 170 172 157
144.9838 -176.7422 3442.7905 171 175 163
147.5862 -176.5517 3439.0806 171 177 165
150.0215 -176.1720 3431.6846 167 172 159
152.2830 -175.6056 3420.6504 158 162 149
154.8608 -175.4176 3416.9880 154 156 142
157.4332 -175.2300 3413.3335 145 147 131
160.1711 -175.2300 3413.3335 148 149 131
162.9091 -175.2300 3413.3335 143 142 124
165.8244 -175.4176 3416.9880 145 146 127
168.2051 -175.0428 3409.6868 149 150 131
170.7578 -174.8559 3406.0479 142 144 124
173.4899 -174.8559 3406.0479 139 140 119
176.2220 -174.8559 3406.0479 129 129 105
178.7633 -174.6695 3402.4165 128 127 100
181.4926 -174.6695 3402.4165 125 123 96
184.2218 -174.6695 3402.4165 129 125 99
186.7519 -174.4835 3398.7932 127 124 96
189.4782 -174.4835 3398.7932 129 126 97
192.4094 -174.6695 3402.4165 126 122 93
195.1386 -174.6695 3402.4165 128 124 96
197.8678 -174.6695 3402.4165 133 130 101
200.5970 -174.6695 3402.4165 135 133 104
203.3262 -174.6695 3402.4165 134 133 106
206.0555 -174.6695 3402.4165 139 137 111
208.7847 -174.6695 3402.4165 142 141 116
211.5139 -174.6695 3402.4165 140 140 115
214.2431 -174.6695 3402.4165 145 144 120
216.9723 -174.6695 3402.4165 134 133 109
219.9360 -174.8559 3406.0479 136 134 108
222.4307 -174.6695 3402.4165 130 129 102
225.4002 -174.8559 3406.0479 132 131 106
228.1324 -174.8559 3406.0479 138 136 112
230.8645 -174.8559 3406.0479 134 132 106
233.5966 -174.8559 3406.0479 136 135 107
236.3287 -174.8559 3406.0479 132 130 103
239.0609 -174.8559 3406.0479 133 131 103
241.5352 -174.6695 3402.4165 132 131 102
244.2644 -174.6695 3402.4165 130 129 101
247.2572 -174.8559 3406.0479 131 127 100
249.9893 -174.8559 3406.0479 130 127 100
252.9915 -175.0428 3409.6868 131 129 101
256.0000 -175.2300 3413.3335 128 127 99
258.7380 -175.2300 3413.3335 133 132 104
261.7559 -175.4176 3416.9880 127 126 98
264.4968 -175.4176 3416.9880 131 128 99
267.2377 -175.4176 3416.9880 123 121 91
270.2680 -175.6056 3420.6504 122 120 92
273.0118 -175.6056 3420.6504 125 122 95
276.0515 -175.7940 3424.3206 125 121 93
279.0978 -175.9828 3427.9988 126 123 96
281.8475 -175.9828 3427.9988 125 123 96
284.9032 -176.1720 3431.6846 127 125 96
287.9656 -176.3617 3435.3787 127 123 97
291.3484 -176.7422 3442.7905 122 118 93
294.4276 -176.9331 3446.5083 117 114 87
297.1923 -176.9331 3446.5083 120 118 93
299.9568 -176.9331 3446.5083 119 116 91
303.3766 -177.3160 3453.9683 118 115 89
306.4789 -177.5081 3457.7104 120 118 92
309.2525 -177.5081 3457.7104 121 119 93
312.3644 -177.7007 3461.4607 126 124 97
315.1410 -177.7007 3461.4607 128 127 101
318.2628 -177.8936 3465.2190 122 121 95
321.3913 -178.0870 3468.9856 124 123 97
324.1739 -178.0870 3468.9856 126 124 97
328.0262 -178.6696 3480.3345 137 136 106
28.4444 -194.6199 3732.7097 31 38 40
31.4019 -194.3925 3728.3491 33 41 43
34.4328 -194.6199 3732.7097 30 37 41
37.4707 -194.8478 3737.0806 30 36 39
40.4211 -194.6199 3732.7097 31 38 41
43.3139 -194.1657 3723.9985 36 43 45
46.3551 -194.3925 3728.3491 68 75 72
49.2882 -194.1657 3723.9985 183 191 183
52.1537 -193.7136 3715.3279 204 213 204
57.4453 -191.4845 3672.5740 202 207 197
60.2526 -191.0448 3664.1409 190 193 182
63.0470 -190.6071 3655.7466 181 184 173
65.8286 -190.1714 3647.3906 181 184 170
68.6758 -189.9543 3643.2268 171 176 161
82.0697 -187.1766 3589.9514 179 184 170
84.8539 -186.9663 3585.9177 189 195 182
87.7303 -186.9663 3585.9177 204 210 198
90.6067 -186.9663 3585.9177 207 212 200
93.4832 -186.9663 3585.9177 201 205 194
96.3596 -186.9663 3585.9177 194 197 187
98.9026 -186.3382 3573.8708 192 194 182
101.2027 -185.3007 3553.9719 187 189 176
103.5920 -184.4789 3538.2114 183 186 172
106.1947 -184.0708 3530.3835 185 189 176
110.5137 -181.8579 3487.9419 168 171 159
113.1878 -181.6594 3484.1340 158 160 146
115.7299 -181.2636 3476.5432 154 156 140
118.2609 -180.8696 3468.9856 135 135 115
120.9121 -180.6732 3465.2190 129 127 104
123.2901 -180.0866 3453.9683 116 112 89
125.6527 -179.5038 3442.7905 91 87 65
128.5529 -179.6976 3446.5083 103 100 74
131.3175 -179.6976 3446.5083 130 127 102
134.0821 -179.6976 3446.5083 149 148 127
136.6990 -179.5038 3442.7905 151 152 132
139.3103 -179.3103 3439.0806 166 167 149
142.0690 -179.3103 3439.0806 172 174 159
144.6717 -179.1173 3435.3787 173 177 165
147.2688 -178.9247 3431.6846 173 179 166
149.6996 -178.5408 3424.3206 173 178 165
151.9572 -177.9679 3413.3335 163 166 154
154.5299 -177.7778 3409.6868 159 162 150
157.0971 -177.5881 3406.0479 151 153 139
159.8293 -177.5881 3406.0479 147 148 132
162.5614 -177.5881 3406.0479 145 145 129
165.2935 -177.5881 3406.0479 146 147 130
168.0256 -177.5881 3406.0479 151 152 135
170.5757 -177.3987 3402.4165 145 147 130
173.1204 -177.2098 3398.7932 148 148 129
176.0341 -177.3987 3402.4165 137 135 113
178.5730 -177.2098 3398.7932 135 132 106
181.2993 -177.2098 3398.7932 133 130 105
184.0256 -177.2098 3398.7932 129 126 100
186.5532 -177.0213 3395.1775 128 125 99
189.2766 -177.0213 3395.1775 131 129 101
192.2045 -177.2098 3398.7932 131 129 100
194.9308 -177.2098 3398.7932 130 126 100
197.6571 -177.2098 3398.7932 135 131 103
200.3834 -177.2098 3398.7932 134 132 105
203.1097 -177.2098 3398.7932 134 133 108
205.8360 -177.2098 3398.7932 141 140 116
208.5623 -177.2098 3398.7932 145 144 121
211.2886 -177.2098 3398.7932 142 142 119
214.0149 -177.2098 3398.7932 141 140 117
216.7412 -177.2098 3398.7932 141 139 115
219.4675 -177.2098 3398.7932 135 133 107
222.1938 -177.2098 3398.7932 133 129 103
225.1599 -177.3987 3402.4165 131 129 103
227.8891 -177.3987 3402.4165 134 132 107
230.6183 -177.3987 3402.4165 136 134 108
233.3476 -177.3987 3402.4165 130 126 101
235.8254 -177.2098 3398.7932 132 130 103
238.5517 -177.2098 3398.7932 131 129 102
241.2780 -177.2098 3398.7932 128 126 100
244.0043 -177.2098 3398.7932 133 130 103
246.7306 -177.2098 3398.7932 132 129 101
249.4569 -177.2098 3398.7932 134 131 104
252.4520 -177.3987 3402.4165 128 126 99
255.4536 -177.5881 3406.0479 125 124 95
258.1857 -177.5881 3406.0479 129 126 99
261.1966 -177.7778 3409.6868 125 122 96
264.2139 -177.9679 3413.3335 128 125 98
266.9519 -177.9679 3413.3335 124 120 92
269.9786 -178.1585 3416.9880 121 117 89
272.7195 -178.1585 3416.9880 125 122 94
275.7556 -178.3494 3420.6504 128 125 96
279.0978 -178.7326 3427.9988 127 125 97
281.5451 -178.5408 3424.3206 123 122 95
284.9032 -178.9247 3431.6846 119 118 91
287.6559 -178.9247 3431.6846 124 122 93
291.0345 -179.3103 3439.0806 125 122 95
294.4276 -179.6976 3446.5083 123 119 93
297.1923 -179.6976 3446.5083 123 119 93
299.9568 -179.6976 3446.5083 119 117 89
303.3766 -180.0866 3453.9683 122 119 91
306.4789 -180.2817 3457.7104 124 123 94
309.2525 -180.2817 3457.7104 126 124 95
312.3644 -180.4772 3461.4607 127 125 95
315.1410 -180.4772 3461.4607 126 124 97
317.9176 -180.4772 3461.4607 123 123 96
321.0424 -180.6732 3465.2190 120 120 93
323.8219 -180.6732 3465.2190 124 122 96
327.3123 -181.0664 3472.7603 133 132 104
28.3781 -197.1529 3723.9985 33 41 43
31.3652 -197.1529 3723.9985 33 41 43
34.3925 -197.3832 3728.3491 31 39 42
37.4269 -197.6141 3732.7097 27 35 38
40.3738 -197.3832 3728.3491 31 38 40
43.2634 -196.9231 3719.6582 34 39 40
46.2471 -196.9231 3719.6582 76 81 78
49.1735 -196.6938 3715.3279 192 200 192
52.0325 -196.2369 3706.6978 205 214 205
54.6251 -194.8789 3681.0459 202 208 197
57.3134 -193.9839 3664.1409 195 198 189
60.1835 -193.7615 3659.9390 187 190 181
63.0470 -193.5395 3655.7466 183 188 176
65.8286 -193.0972 3647.3906 172 177 163
68.5194 -192.4374 3634.9280 176 178 165
79.1901 -190.0563 3589.9514 179 182 168
81.9775 -189.8427 3585.9177 183 186 172
84.7587 -189.6296 3581.8931 195 199 188
87.7303 -189.8427 3585.9177 207 213 204
90.6067 -189.8427 3585.9177 209 215 203
93.3782 -189.6296 3581.8931 201 206 193
96.2514 -189.6296 3581.8931 192 195 185
98.7919 -188.9933 3569.8733 191 194 184
101.0901 -187.9422 3550.0186 191 194 181
103.4773 -187.1096 3534.2932 180 183 171
105.9603 -186.4901 3522.5903 176 181 167
110.2726 -184.2530 3480.3345 171 174 161
112.9412 -184.0523 3476.5432 161 161 145
115.4783 -183.6522 3468.9856 152 152 133
118.1325 -183.4528 3465.2190 136 135 113
120.7809 -183.2538 3461.4607 129 124 102
123.1568 -182.6595 3450.2344 112 106 85
125.3821 -181.8730 3435.3787 91 85 65
128.4143 -182.2654 3442.7905 107 103 78
131.1758 -182.2654 3442.7905 132 129 105
133.7931 -182.0690 3439.0806 154 153 134
136.4048 -181.8730 3435.3787 158 159 141
139.1604 -181.8730 3435.3787 168 169 152
141.9160 -181.8730 3435.3787 178 181 167
144.3609 -181.4823 3427.9988 171 174 162
146.9528 -181.2876 3424.3206 174 179 166
149.3790 -180.8994 3416.9880 176 181 170
151.6329 -180.3202 3406.0479 166 169 158
154.3650 -180.3202 3406.0479 158 161 148
156.9296 -180.1279 3402.4165 155 156 142
159.6588 -180.1279 3402.4165 147 148 132
162.5614 -180.3202 3406.0479 148 150 134
165.1173 -180.1279 3402.4165 151 152 137
167.8465 -180.1279 3402.4165 141 141 124
170.3941 -179.9361 3398.7932 144 145 127
172.9362 -179.7447 3395.1775 145 146 126
175.6596 -179.7447 3395.1775 138 137 115
178.3830 -179.7447 3395.1775 131 129 104
181.1064 -179.7447 3395.1775 131 127 103
183.8298 -179.7447 3395.1775 131 127 104
186.3549 -179.5537 3391.5693 130 126 101
189.0755 -179.5537 3391.5693 131 128 100
192.0000 -179.7447 3395.1775 135 132 103
194.5165 -179.5537 3391.5693 132 130 103
197.4468 -179.7447 3395.1775 137 135 110
200.1702 -179.7447 3395.1775 138 136 110
202.6780 -179.5537 3391.5693 135 133 107
205.6171 -179.7447 3395.1775 138 137 113
208.3404 -179.7447 3395.1775 142 141 119
211.0638 -179.7447 3395.1775 140 139 117
213.7873 -179.7447 3395.1775 140 139 117
216.2805 -179.5537 3391.5693 136 136 113
219.2341 -179.7447 3395.1775 134 132 107
221.9575 -179.7447 3395.1775 133 130 105
224.6809 -179.7447 3395.1775 131 129 104
227.6464 -179.9361 3398.7932 134 133 105
230.3728 -179.9361 3398.7932 136 133 106
232.8511 -179.7447 3395.1775 130 126 101
235.5745 -179.7447 3395.1775 127 125 99
238.2979 -179.7447 3395.1775 127 125 98
240.7652 -179.5537 3391.5693 130 127 102
243.4857 -179.5537 3391.5693 132 129 102
246.4681 -179.7447 3395.1775 131 129 100
248.9267 -179.5537 3391.5693 132 129 102
251.9149 -179.7447 3395.1775 124 121 95
254.6383 -179.7447 3395.1775 131 127 101
257.6358 -179.9361 3398.7932 125 122 95
260.6397 -180.1279 3402.4165 123 121 94
263.6500 -180.3202 3406.0479 121 118 92
266.6667 -180.5128 3409.6868 124 120 95
269.4017 -180.5128 3409.6868 125 123 94
272.4278 -180.7059 3413.3335 122 120 92
275.4604 -180.8994 3416.9880 121 120 91
278.7983 -181.2876 3424.3206 123 122 93
281.5451 -181.2876 3424.3206 123 122 95
284.9032 -181.6774 3431.6846 119 118 91
287.6559 -181.6774 3431.6846 124 121 91
290.7212 -181.8730 3435.3787 125 123 94
294.1100 -182.2654 3442.7905 123 120 94
297.1923 -182.4622 3446.5083 124 120 92
299.9568 -182.4622 3446.5083 124 120 92
303.0487 -182.6595 3450.2344 123 121 93
306.1472 -182.8571 3453.9683 125 122 96
309.2525 -183.0553 3457.7104 129 124 99
312.0260 -183.0553 3457.7104 127 124 96
314.7996 -183.0553 3457.7104 126 122 95
317.9176 -183.2538 3461.4607 128 126 98
320.6942 -183.2538 3461.4607 122 122 95
323.4707 -183.2538 3461.4607 124 124 96
326.6015 -183.4528 3465.2190 128 127 101
25.4503 -200.6082 3732.7097 28 36 38
28.2791 -199.4419 3711.0078 30 37 39
31.3287 -199.9068 3719.6582 29 37 39
34.3925 -200.3739 3728.3491 29 37 38
37.3832 -200.3739 3728.3491 27 35 37
40.3267 -200.1400 3723.9985 28 36 39
43.2130 -199.6740 3715.3279 36 43 45
46.1395 -199.4419 3711.0078 93 99 95
49.0592 -199.2102 3706.6978 197 205 196
51.8519 -198.5185 3693.8271 205 213 206
54.4994 -197.3763 3672.5740 200 207 198
57.2477 -196.6973 3659.9390 192 197 186
60.1146 -196.4719 3655.7466 179 184 173
62.9748 -196.2471 3651.5637 174 180 167
65.6785 -195.5758 3639.0728 177 182 168
68.2860 -194.6879 3622.5503 173 176 162
79.1901 -192.9359 3589.9514 179 182 168
81.8855 -192.5028 3581.8931 186 191 176
84.6637 -192.2870 3577.8774 201 205 193
87.6319 -192.5028 3581.8931 209 215 204
90.5051 -192.5028 3581.8931 203 208 198
93.2735 -192.2870 3577.8774 199 202 190
96.0358 -192.0717 3573.8708 194 197 185
98.5714 -191.4286 3561.9048 188 191 179
100.9778 -190.5778 3546.0742 186 189 176
103.3628 -189.7345 3530.3835 181 185 171
105.7269 -188.8987 3514.8313 179 183 168
107.5983 -187.2489 3484.1340 170 174 159
110.0326 -186.6376 3472.7603 169 172 157
112.6957 -186.4348 3468.9856 154 155 139
115.2278 -186.0304 3461.4607 145 145 126
117.8765 -185.8288 3457.7104 130 128 107
120.5195 -185.6277 3453.9683 121 116 94
122.8911 -185.0270 3442.7905 103 99 77
125.2473 -184.4301 3431.6846 84 80 60
128.1378 -184.6286 3435.3787 109 106 81
130.7527 -184.4301 3431.6846 135 131 108
133.5054 -184.4301 3431.6846 156 155 135
136.2581 -184.4301 3431.6846 158 158 140
138.8615 -184.2320 3427.9988 165 166 148
141.6112 -184.2320 3427.9988 170 173 159
144.0515 -183.8371 3420.6504 172 175 164
146.6381 -183.6403 3416.9880 168 173 160
149.2193 -183.4439 3413.3335 169 174 162
151.4712 -182.8571 3402.4165 169 171 159
154.2004 -182.8571 3402.4165 167 170 157
156.7625 -182.6624 3398.7932 158 160 147
159.6588 -182.8571 3402.4165 154 155 140
162.3881 -182.8571 3402.4165 157 159 144
165.1173 -182.8571 3402.4165 153 155 140
167.6677 -182.6624 3398.7932 142 143 127
170.2128 -182.4681 3395.1775 148 147 129
172.7524 -182.2742 3391.5693 142 142 121
175.4729 -182.2742 3391.5693 136 135 113
178.1934 -182.2742 3391.5693 136 135 112
180.9139 -182.2742 3391.5693 138 136 111
183.6344 -182.2742 3391.5693 137 135 109
186.1571 -182.0807 3387.9690 134 132 104
188.8747 -182.0807 3387.9690 133 130 103
191.7960 -182.2742 3391.5693 135 132 106
194.3100 -182.0807 3387.9690 134 132 105
197.2370 -182.2742 3391.5693 139 137 113
199.7452 -182.0807 3387.9690 136 135 110
202.4629 -182.0807 3387.9690 136 134 110
205.1805 -182.0807 3387.9690 140 140 115
207.8981 -182.0807 3387.9690 140 140 116
210.6157 -182.0807 3387.9690 139 139 115
213.5600 -182.2742 3391.5693 139 139 115
216.0510 -182.0807 3387.9690 140 139 116
219.0011 -182.2742 3391.5693 141 139 117
221.7216 -182.2742 3391.5693 132 129 105
224.4421 -182.2742 3391.5693 138 136 112
227.4043 -182.4681 3395.1775 135 133 109
229.8831 -182.2742 3391.5693 136 133 107
232.6036 -182.2742 3391.5693 136 134 106
235.3241 -182.2742 3391.5693 129 129 101
238.0446 -182.2742 3391.5693 130 128 102
240.5096 -182.0807 3387.9690 130 128 103
243.2272 -182.0807 3387.9690 132 131 106
245.9448 -182.0807 3387.9690 131 128 102
248.6624 -182.0807 3387.9690 127 124 98
251.6472 -182.2742 3391.5693 125 121 95
254.3677 -182.2742 3391.5693 128 126 98
257.3617 -182.4681 3395.1775 126 124 94
260.3621 -182.6624 3398.7932 129 126 97
263.0884 -182.6624 3398.7932 128 124 96
266.0981 -182.8571 3402.4165 126 122 96
269.1142 -183.0523 3406.0479 126 124 95
272.1368 -183.2479 3409.6868 124 121 94
275.1658 -183.4439 3413.3335 123 119 91
278.4995 -183.8371 3420.6504 125 123 93
281.2433 -183.8371 3420.6504 125 123 96
284.5972 -184.2320 3427.9988 124 122 97
287.3470 -184.2320 3427.9988 128 125 97
290.0967 -184.2320 3427.9988 127 125 96
293.4769 -184.6286 3435.3787 127 125 98
296.5517 -184.8276 3439.0806 127 124 95
299.3104 -184.8276 3439.0806 127 125 97
302.7214 -185.2268 3446.5083 125 124 96
305.8163 -185.4270 3450.2344 125 123 96
308.9178 -185.6277 3453.9683 129 126 100
312.0260 -185.8288 3457.7104 125 124 96
314.4589 -185.6277 3453.9683 126 124 98
317.2295 -185.6277 3453.9683 126 125 98
320.3467 -185.8288 3457.7104 126 125 99
323.1203 -185.8288 3457.7104 122 121 93
326.2473 -186.0304 3461.4607 123 122 96
329.3811 -186.2324 3465.2190 133 134 104
25.4206 -203.3645 3728.3491 26 36 38
28.2135 -201.9490 3702.3977 26 36 39
31.2558 -202.4186 3711.0078 28 37 41
34.3524 -203.1272 3723.9985 30 38 41
37.3396 -203.1272 3723.9985 30 37 40
40.2797 -202.8904 3719.6582 29 37 40
43.1127 -202.1835 3706.6978 36 45 46
46.0325 -201.9490 3702.3977 100 108 104
48.9455 -201.7150 3698.1074 200 207 198
51.7321 -201.0162 3685.2964 204 211 203
54.4368 -200.0920 3668.3525 200 207 198
57.2477 -199.6330 3659.9390 195 200 188
60.1146 -199.4044 3655.7466 184 188 176
62.9029 -198.9486 3647.3906 182 185 173
65.5290 -198.0432 3630.7927 178 180 168
68.1314 -197.1461 3614.3452 175 179 166
76.3105 -195.8155 3589.9514 174 177 162
79.1011 -195.5955 3585.9177 186 191 176
81.8855 -195.3760 3581.8931 197 202 190
84.6637 -195.1570 3577.8774 204 211 200
87.6319 -195.3760 3581.8931 208 215 204
90.4036 -195.1570 3577.8774 201 206 196
93.1691 -194.9384 3573.8708 190 194 183
95.9284 -194.7204 3569.8733 190 194 182
98.4615 -194.0691 3557.9338 190 193 180
100.8657 -193.2076 3542.1384 187 190 178
103.3628 -192.5664 3530.3835 188 191 179
107.3638 -189.6296 3476.5432 177 180 164
109.9131 -189.2174 3468.9856 164 166 149
112.5733 -189.0119 3465.2190 147 146 127
115.2278 -188.8070 3461.4607 137 136 114
117.7489 -188.3983 3453.9683 126 123 102
120.5195 -188.3983 3453.9683 117 112 91
122.8911 -187.7886 3442.7905 82 78 59
125.2473 -187.1828 3431.6846 89 85 66
128.1378 -187.3843 3435.3787 112 109 84
130.7527 -187.1828 3431.6846 138 135 111
133.5054 -187.1828 3431.6846 158 158 139
136.1117 -186.9818 3427.9988 159 160 143
138.8615 -186.9818 3427.9988 162 164 146
141.4592 -186.7811 3424.3206 172 175 161
144.0515 -186.5809 3420.6504 170 174 163
146.6381 -186.3812 3416.9880 171 175 162
149.0598 -185.9829 3409.6868 169 172 161
151.4712 -185.5864 3402.4165 166 169 159
154.2004 -185.5864 3402.4165 165 169 159
156.7625 -185.3887 3398.7932 161 164 151
159.4888 -185.3887 3398.7932 160 162 147
162.2151 -185.3887 3398.7932 160 163 148
164.9414 -185.3887 3398.7932 157 160 146
167.4894 -185.1915 3395.1775 145 145 129
170.0319 -184.9947 3391.5693 147 147 129
172.7524 -184.9947 3391.5693 146 144 126
175.4729 -184.9947 3391.5693 132 130 110
178.0043 -184.7983 3387.9690 136 134 111
180.7219 -184.7983 3387.9690 138 136 112
183.4395 -184.7983 3387.9690 141 139 116
185.9597 -184.6023 3384.3762 138 137 111
188.6745 -184.6023 3384.3762 133 131 106
191.5924 -184.7983 3387.9690 132 130 104
194.1039 -184.6023 3384.3762 134 132 104
197.0276 -184.7983 3387.9690 138 137 113
199.5334 -184.6023 3384.3762 135 133 110
202.0339 -184.4068 3380.7910 140 138 115
204.7458 -184.4068 3380.7910 144 143 120
207.6776 -184.6023 3384.3762 141 140 116
210.3924 -184.6023 3384.3762 141 140 115
213.1071 -184.6023 3384.3762 140 139 115
215.5932 -184.4068 3380.7910 140 139 116
218.7686 -184.7983 3387.9690 130 129 106
221.4862 -184.7983 3387.9690 130 128 104
224.2038 -184.7983 3387.9690 133 131 108
227.1626 -184.9947 3391.5693 135 133 109
229.6391 -184.7983 3387.9690 133 131 105
232.3567 -184.7983 3387.9690 133 130 105
234.8250 -184.6023 3384.3762 130 128 103
237.5398 -184.6023 3384.3762 132 129 103
240.2545 -184.6023 3384.3762 132 130 105
242.9693 -184.6023 3384.3762 130 128 102
245.9448 -184.7983 3387.9690 128 125 98
248.3988 -184.6023 3384.3762 128 124 98
251.3801 -184.7983 3387.9690 129 125 98
254.0977 -184.7983 3387.9690 126 125 97
257.0882 -184.9947 3391.5693 121 120 94
260.0851 -185.1915 3395.1775 122 119 93
262.8085 -185.1915 3395.1775 125 122 95
265.8147 -185.3887 3398.7932 124 121 95
268.5410 -185.3887 3398.7932 124 122 95
271.8463 -185.7844 3406.0479 121 119 94
274.8718 -185.9829 3409.6868 122 119 93
278.2013 -186.3812 3416.9880 124 121 94
280.9422 -186.3812 3416.9880 125 122 96
284.2919 -186.7811 3424.3206 123 121 95
287.0386 -186.7811 3424.3206 127 125 98
289.7854 -186.7811 3424.3206 124 122 96
292.8464 -186.9818 3427.9988 120 119 96
296.2325 -187.3843 3435.3787 119 118 92
298.9882 -187.3843 3435.3787 123 121 96
302.0690 -187.5862 3439.0806 123 122 95
305.4860 -187.9914 3446.5083 123 121 94
308.2505 -187.9914 3446.5083 126 125 97
311.6883 -188.3983 3453.9683 126 125 98
314.4589 -188.3983 3453.9683 125 124 98
317.2295 -188.3983 3453.9683 125 125 97
320.0000 -188.3983 3453.9683 130 129 102
322.7706 -188.3983 3453.9683 124 123 95
325.8938 -188.6024 3457.7104 124 123 96
329.0239 -188.8070 3461.4607 128 127 100
332.1607 -189.0119 3465.2190 138 137 109
22.4037 -206.1144 3723.9985 29 36 41
25.3613 -205.8741 3719.6582 27 36 38
28.1808 -204.6814 3698.1074 28 36 40
31.2195 -205.1568 3706.6978 30 38 42
34.3124 -205.8741 3719.6582 29 36 39
37.2960 -205.8741 3719.6582 28 37 39
40.1860 -205.3954 3711.0078 30 38 41
43.0626 -204.9188 3702.3977 42 50 49
45.9259 -204.4445 3693.8271 116 123 117
48.8324 -204.2081 3689.5569 201 209 201
51.6129 -203.5023 3676.8049 204 212 203
54.3743 -202.8014 3664.1409 199 206 196
57.2477 -202.5688 3659.9390 190 196 186
60.0458 -202.1053 3651.5637 187 191 182
62.8311 -201.6438 3643.2268 187 189 179
65.3803 -200.4995 3622.5503 177 179 167
67.9774 -199.5932 3606.1770 178 180 168
76.3105 -198.6952 3589.9514 179 183 169
79.1011 -198.4719 3585.9177 191 195 183
81.7937 -198.0269 3577.8774 200 206 194
84.6637 -198.0269 3577.8774 209 215 204
87.6319 -198.2492 3581.8931 205 211 202
90.4036 -198.0269 3577.8774 199 202 192
93.0649 -197.5839 3569.8733 193 196 186
95.7143 -197.1429 3561.9048 189 192 182
98.2425 -196.4850 3550.0186 190 194 182
100.7539 -195.8315 3538.2114 187 190 178
103.1347 -194.9669 3522.5903 184 188 176
107.1304 -192.0000 3468.9856 175 177 163
109.7937 -191.7915 3465.2190 152 154 136
112.4512 -191.5835 3461.4607 145 145 122
115.1029 -191.3760 3457.7104 135 134 110
117.6216 -190.9622 3450.2344 118 116 93
120.3892 -190.9622 3450.2344 105 102 82
122.7586 -190.3448 3439.0806 81 78 58
125.2473 -189.9355 3431.6846 99 95 72
128.0000 -189.9355 3431.6846 115 111 85
130.6123 -189.7315 3427.9988 132 129 102
133.5054 -189.9355 3431.6846 151 151 133
136.1117 -189.7315 3427.9988 159 161 145
138.8615 -189.7315 3427.9988 160 162 145
141.4592 -189.5279 3424.3206 168 172 157
143.8972 -189.1221 3416.9880 170 175 162
146.4813 -188.9198 3413.3335 169 173 162
148.9008 -188.5166 3406.0479 167 170 159
151.3099 -188.1150 3398.7932 164 167 157
154.0362 -188.1150 3398.7932 162 165 155
156.5957 -187.9149 3395.1775 152 155 143
159.4888 -188.1150 3398.7932 156 158 144
162.2151 -188.1150 3398.7932 160 163 148
164.7660 -187.9149 3395.1775 159 162 147
167.4894 -187.9149 3395.1775 150 153 137
170.0319 -187.7152 3391.5693 150 152 136
172.5690 -187.5159 3387.9690 150 150 132
175.2866 -187.5159 3387.9690 135 134 112
178.0043 -187.5159 3387.9690 141 139 115
180.5302 -187.3171 3384.3762 139 137 116
183.2450 -187.3171 3384.3762 140 139 118
185.7627 -187.1187 3380.7910 140 139 116
188.4746 -187.1187 3380.7910 137 135 110
191.3892 -187.3171 3384.3762 134 132 108
193.8983 -187.1187 3380.7910 133 132 107
196.8187 -187.3171 3384.3762 136 136 112
199.1111 -186.9206 3377.2134 141 140 117
201.8201 -186.9206 3377.2134 142 141 118
204.5291 -186.9206 3377.2134 142 142 121
207.2381 -186.9206 3377.2134 143 143 120
209.9471 -186.9206 3377.2134 135 135 112
212.8814 -187.1187 3380.7910 140 139 116
215.3651 -186.9206 3377.2134 136 136 112
218.3051 -187.1187 3380.7910 137 135 110
221.0170 -187.1187 3380.7910 131 130 104
223.9661 -187.3171 3384.3762 130 130 103
226.9215 -187.5159 3387.9690 136 135 109
229.1526 -187.1187 3380.7910 134 132 109
231.8644 -187.1187 3380.7910 134 132 108
234.5763 -187.1187 3380.7910 130 128 102
237.2881 -187.1187 3380.7910 130 129 103
240.0000 -187.1187 3380.7910 134 133 107
242.7119 -187.1187 3380.7910 131 128 101
245.4238 -187.1187 3380.7910 127 124 96
248.1356 -187.1187 3380.7910 126 122 95
251.1135 -187.3171 3384.3762 129 126 98
253.8282 -187.3171 3384.3762 126 125 97
256.8153 -187.5159 3387.9690 120 119 91
259.5329 -187.5159 3387.9690 123 121 94
262.5292 -187.7152 3391.5693 128 124 96
265.2498 -187.7152 3391.5693 125 122 96
268.2553 -187.9149 3395.1775 123 121 95
271.5565 -188.3156 3402.4165 125 123 96
274.5785 -188.5166 3406.0479 128 125 96
277.9037 -188.9198 3413.3335 128 124 96
280.9422 -189.1221 3416.9880 126 123 96
284.2919 -189.5279 3424.3206 126 123 95
287.0386 -189.5279 3424.3206 127 124 95
289.7854 -189.5279 3424.3206 128 124 96
292.8464 -189.7315 3427.9988 120 116 89
295.9140 -189.9355 3431.6846 119 117 89
298.6667 -189.9355 3431.6846 121 119 91
301.7438 -190.1400 3435.3787 122 119 94
305.1564 -190.5502 3442.7905 120 117 92
308.2505 -190.7560 3446.5083 123 121 93
311.3514 -190.9622 3450.2344 125 121 95
314.1189 -190.9622 3450.2344 120 118 92
316.8865 -190.9622 3450.2344 123 122 95
319.6541 -190.9622 3450.2344 130 130 102
322.4217 -190.9622 3450.2344 125 125 99
325.5411 -191.1688 3453.9683 125 124 99
328.6674 -191.3760 3457.7104 124 123 96
332.1607 -191.7915 3465.2190 131 131 103
334.9403 -191.7915 3465.2190 140 140 111
22.3776 -208.8578 3719.6582 30 37 41
25.3023 -208.3721 3711.0078 27 33 37
28.1481 -207.4074 3693.8271 28 35 37
31.2195 -208.1301 3706.6978 27 35 38
34.2724 -208.6147 3715.3279 28 35 37
37.2526 -208.6147 3715.3279 30 37 37
40.1394 -208.1301 3706.6978 30 37 39
42.9630 -207.4074 3693.8271 43 49 48
45.8199 -206.9284 3685.2964 122 127 121
48.7197 -206.6898 3681.0459 200 206 198
51.5535 -206.2141 3672.5740 205 211 203
54.3119 -205.5046 3659.9390 198 205 193
57.1821 -205.2692 3655.7466 190 195 183
60.0458 -205.0343 3651.5637 184 188 177
62.7594 -204.3330 3639.0728 178 181 170
65.3061 -203.1746 3618.4431 176 178 167
67.9007 -202.2573 3602.1069 179 181 169
73.5135 -201.8018 3593.9941 180 184 169
76.3105 -201.5748 3589.9514 188 191 179
79.0124 -201.1223 3581.8931 193 198 185
81.7937 -200.8969 3577.8774 204 209 197
84.5689 -200.6719 3573.8708 209 214 203
87.5336 -200.8969 3577.8774 196 200 189
90.3024 -200.6719 3573.8708 190 192 181
92.9609 -200.2235 3565.8845 195 198 187
95.6076 -199.7770 3557.9338 193 197 187
98.1333 -199.1111 3546.0742 193 197 186
100.5310 -198.2301 3530.3835 190 194 181
104.4614 -194.9946 3472.7603 177 180 165
107.0141 -194.5711 3465.2190 169 171 155
109.6746 -194.3601 3461.4607 154 154 136
112.3294 -194.1495 3457.7104 146 144 125
114.8541 -193.7297 3450.2344 133 131 107
117.4946 -193.5205 3446.5083 114 112 90
120.2592 -193.5205 3446.5083 87 82 63
122.6265 -192.8956 3435.3787 83 79 58
125.1128 -192.4812 3427.9988 108 104 78
127.8625 -192.4812 3427.9988 120 116 90
130.4721 -192.2747 3424.3206 135 132 104
133.2189 -192.2747 3424.3206 156 155 134
135.9657 -192.2747 3424.3206 158 159 142
138.7124 -192.2747 3424.3206 158 161 145
141.1563 -191.8630 3416.9880 163 167 151
143.7433 -191.6578 3413.3335 165 168 156
146.3248 -191.4530 3409.6868 167 171 160
148.9008 -191.2487 3406.0479 163 168 157
151.3099 -190.8413 3398.7932 172 176 166
154.0362 -190.8413 3398.7932 163 166 156
156.4293 -190.4357 3391.5693 154 156 145
159.3192 -190.6383 3395.1775 156 158 145
162.0426 -190.6383 3395.1775 160 163 150
164.5909 -190.4357 3391.5693 155 157 144
167.3114 -190.4357 3391.5693 156 158 143
170.0319 -190.4357 3391.5693 150 151 135
172.5690 -190.2336 3387.9690 151 151 132
175.1008 -190.0318 3384.3762 137 135 113
177.8155 -190.0318 3384.3762 141 139 116
180.3390 -189.8305 3380.7910 137 137 114
183.0509 -189.8305 3380.7910 139 138 116
185.5661 -189.6296 3377.2134 135 134 112
188.2751 -189.6296 3377.2134 135 133 111
191.1864 -189.8305 3380.7910 132 130 108
193.6931 -189.6296 3377.2134 135 134 110
196.6102 -189.8305 3380.7910 138 137 114
198.9007 -189.4292 3373.6436 140 139 116
201.6068 -189.4292 3373.6436 138 137 113
204.3129 -189.4292 3373.6436 141 140 118
206.8004 -189.2292 3370.0811 137 135 113
209.5037 -189.2292 3370.0811 135 133 110
212.4313 -189.4292 3373.6436 140 138 115
214.9102 -189.2292 3370.0811 130 129 107
218.0741 -189.6296 3377.2134 130 128 105
220.7831 -189.6296 3377.2134 132 130 105
223.4921 -189.6296 3377.2134 131 130 105
226.4407 -189.8305 3380.7910 127 125 100
228.9101 -189.6296 3377.2134 136 135 111
231.3742 -189.4292 3373.6436 133 130 106
234.0804 -189.4292 3373.6436 127 123 96
236.7865 -189.4292 3373.6436 125 122 95
239.4926 -189.4292 3373.6436 129 126 99
242.1987 -189.4292 3373.6436 128 125 96
244.9049 -189.4292 3373.6436 128 124 96
247.8730 -189.6296 3377.2134 127 123 96
250.8475 -189.8305 3380.7910 124 122 97
253.2910 -189.6296 3377.2134 123 122 95
256.5430 -190.0318 3384.3762 121 119 91
259.2577 -190.0318 3384.3762 123 119 93
261.6949 -189.8305 3380.7910 123 119 92
264.6872 -190.0318 3384.3762 120 119 91
267.6858 -190.2336 3387.9690 120 118 91
270.6908 -190.4357 3391.5693 121 119 91
273.9936 -190.8413 3398.7932 124 122 94
277.6069 -191.4530 3409.6868 127 126 96
280.6417 -191.6578 3413.3335 124 122 95
283.9872 -192.0686 3420.6504 120 119 92
286.7310 -192.0686 3420.6504 123 122 93
289.7854 -192.2747 3424.3206 124 122 94
292.8464 -192.4812 3427.9988 121 119 91
295.9140 -192.6882 3431.6846 117 116 87
298.6667 -192.6882 3431.6846 120 118 91
301.7438 -192.8956 3435.3787 122 119 95
304.8276 -193.1035 3439.0806 122 120 95
307.9181 -193.3118 3442.7905 123 121 95
311.3514 -193.7297 3450.2344 124 121 95
314.1189 -193.7297 3450.2344 125 123 95
316.8865 -193.7297 3450.2344 126 124 96
319.3089 -193.5205 3446.5083 128 127 98
322.4217 -193.7297 3450.2344 127 126 100
325.5411 -193.9394 3453.9683 121 120 94
328.6674 -194.1495 3457.7104 125 123 96
331.8005 -194.3601 3461.4607 132 131 103
334.9403 -194.5711 3465.2190 139 139 112
22.3516 -211.5949 3715.3279 30 38 44
25.2144 -210.6142 3698.1074 29 34 38
28.1481 -210.3704 3693.8271 29 34 38
31.1833 -210.8585 3702.3977 27 34 38
34.2326 -211.3488 3711.0078 28 34 37
37.1661 -211.1034 3706.6978 31 36 38
40.0464 -210.6142 3698.1074 32 37 40
42.8637 -209.8845 3685.2964 46 50 51
45.7143 -209.4009 3676.8049 143 149 143
48.6076 -209.1600 3672.5740 201 210 201
51.4943 -208.9196 3668.3525 202 210 201
54.3119 -208.4404 3659.9390 195 201 191
57.1821 -208.2016 3655.7466 193 196 185
59.9771 -207.7257 3647.3906 190 194 180
62.6879 -207.0160 3634.9280 179 182 168
65.2322 -205.8437 3614.3452 183 186 173
67.9007 -205.1467 3602.1069 175 178 165
70.7103 -204.9155 3598.0459 181 185 172
73.5135 -204.6847 3593.9941 185 189 177
76.2247 -204.2247 3585.9177 193 196 185
79.0124 -203.9955 3581.8931 202 207 196
81.7021 -203.5386 3573.8708 210 216 205
84.4743 -203.3110 3569.8733 208 214 203
87.4356 -203.5386 3573.8708 195 200 189
90.2013 -203.3110 3569.8733 192 195 184
92.6503 -202.4053 3553.9719 193 197 187
95.2889 -201.9556 3546.0742 190 194 184
97.9157 -201.5078 3538.2114 186 190 178
100.3091 -200.6181 3522.5903 186 191 179
104.3478 -197.5652 3468.9856 175 179 164
106.8981 -197.1367 3461.4607 166 168 153
109.5558 -196.9231 3457.7104 149 149 132
112.2078 -196.7100 3453.9683 142 141 120
114.7300 -196.2851 3446.5083 129 127 104
117.3679 -196.0734 3442.7905 111 110 88
120.1295 -196.0734 3442.7905 79 76 55
122.4946 -195.4409 3431.6846 99 95 71
125.1128 -195.2309 3427.9988 116 111 87
127.7253 -195.0215 3424.3206 124 121 92
130.3323 -194.8124 3420.6504 138 135 108
133.0761 -194.8124 3420.6504 156 155 135
135.8199 -194.8124 3420.6504 159 160 143
138.4154 -194.6039 3416.9880 160 163 146
141.0054 -194.3957 3413.3335 159 163 146
143.4365 -193.9808 3406.0479 166 170 156
146.1686 -193.9808 3406.0479 168 172 160
148.7420 -193.7740 3402.4165 167 172 161
151.1489 -193.3617 3395.1775 168 171 159
153.8724 -193.3617 3395.1775 167 169 157
156.4293 -193.1562 3391.5693 160 162 149
159.1499 -193.1562 3391.5693 160 162 148
161.8704 -193.1562 3391.5693 159 161 148
164.5909 -193.1562 3391.5693 152 153 139
167.3114 -193.1562 3391.5693 151 153 136
169.8514 -192.9512 3387.9690 150 152 134
172.3860 -192.7466 3384.3762 149 149 131
175.1008 -192.7466 3384.3762 134 133 112
177.8155 -192.7466 3384.3762 140 138 116
180.3390 -192.5424 3380.7910 140 140 117
183.0509 -192.5424 3380.7910 140 140 117
185.5661 -192.3386 3377.2134 137 136 114
188.2751 -192.3386 3377.2134 137 136 114
190.9841 -192.3386 3377.2134 135 134 112
193.4884 -192.1353 3373.6436 136 135 111
196.4021 -192.3386 3377.2134 141 140 118
198.6906 -191.9324 3370.0811 143 141 119
201.3939 -191.9324 3370.0811 143 142 119
204.0972 -191.9324 3370.0811 145 144 122
206.8004 -191.9324 3370.0811 142 141 119
209.2827 -191.7300 3366.5261 138 137 115
212.2070 -191.9324 3370.0811 140 139 118
214.6835 -191.7300 3366.5261 132 131 109
217.8436 -192.1353 3373.6436 133 133 109
220.5497 -192.1353 3373.6436 136 134 110
223.2558 -192.1353 3373.6436 135 132 108
226.2011 -192.3386 3377.2134 128 125 101
228.6681 -192.1353 3373.6436 137 136 112
231.1299 -191.9324 3370.0811 132 129 105
233.8332 -191.9324 3370.0811 131 126 102
236.5365 -191.9324 3370.0811 129 126 100
239.2397 -191.9324 3370.0811 132 129 104
241.9430 -191.9324 3370.0811 128 125 100
244.6463 -191.9324 3370.0811 127 124 98
247.8730 -192.3386 3377.2134 129 127 100
250.8475 -192.5424 3380.7910 128 126 100
253.2910 -192.3386 3377.2134 128 126 98
256.2712 -192.5424 3380.7910 122 118 91
258.9831 -192.5424 3380.7910 127 124 96
261.6949 -192.5424 3380.7910 125 123 95
264.4068 -192.5424 3380.7910 127 125 96
267.4019 -192.7466 3384.3762 123 121 92
270.6908 -193.1562 3391.5693 123 120 91
273.7021 -193.3617 3395.1775 125 121 92
277.3106 -193.9808 3406.0479 129 125 96
280.3419 -194.1880 3409.6868 125 122 94
283.6831 -194.6039 3416.9880 123 122 94
286.7310 -194.8124 3420.6504 123 120 92
289.7854 -195.0215 3424.3206 117 116 88
292.8464 -195.2309 3427.9988 119 117 90
295.9140 -195.4409 3431.6846 122 119 92
298.3459 -195.2309 3427.9988 120 118 91
301.4194 -195.4409 3431.6846 119 117 91
304.4995 -195.6513 3435.3787 122 119 93
307.5862 -195.8621 3439.0806 122 120 93
311.3514 -196.4973 3450.2344 123 122 95
314.1189 -196.4973 3450.2344 120 119 93
316.8865 -196.4973 3450.2344 121 120 93
319.3089 -196.2851 3446.5083 122 120 94
322.4217 -196.4973 3450.2344 125 123 98
325.5411 -196.7100 3453.9683 119 117 92
328.6674 -196.9231 3457.7104 127 124 98
332.1607 -197.3507 3465.2190 126 125 99
334.9403 -197.3507 3465.2190 135 135 107
22.3516 -214.5751 3715.3279 29 38 42
25.1852 -213.3333 3693.8271 26 35 38
28.1481 -213.3333 3693.8271 28 37 39
31.1472 -213.5806 3698.1074 27 36 40
34.1531 -213.8283 3702.3977 28 36 40
37.1230 -213.8283 3702.3977 28 36 38
39.9538 -213.0867 3689.5569 30 38 39
42.8143 -212.5952 3681.0459 63 69 66
45.6617 -212.1059 3672.5740 158 165 158
48.5517 -211.8621 3668.3525 203 211 202
51.4351 -211.6189 3664.1409 199 206 198
54.3119 -211.3761 3659.9390 192 197 188
57.1167 -210.8925 3651.5637 187 191 181
59.9087 -210.4110 3643.2268 188 192 181
62.4745 -209.2168 3622.5503 184 189 176
65.0847 -208.2712 3606.1770 181 184 171
67.7477 -207.5676 3593.9941 178 181 168
70.6306 -207.5676 3593.9941 182 186 173
73.4308 -207.3341 3589.9514 184 189 176
76.2247 -207.1011 3585.9177 191 196 184
78.9238 -206.6368 3577.8774 204 211 200
81.6107 -206.1745 3569.8733 209 215 206
84.3799 -205.9441 3565.8845 199 203 194
87.3378 -206.1745 3569.8733 195 199 189
89.8997 -205.4850 3557.9338 196 201 190
92.4445 -204.8000 3546.0742 195 199 188
95.0776 -204.3459 3538.2114 190 192 181
97.6991 -203.8938 3530.3835 188 191 179
101.7865 -200.7843 3476.5432 181 185 172
104.2345 -200.1303 3465.2190 166 169 155
106.7822 -199.6967 3457.7104 157 158 143
109.4372 -199.4805 3453.9683 142 141 124
112.0865 -199.2649 3450.2344 142 140 118
114.6063 -198.8350 3442.7905 127 123 100
117.2414 -198.6207 3439.0806 109 106 84
120.0000 -198.6207 3439.0806 91 87 66
122.4946 -198.1935 3431.6846 111 107 81
125.1128 -197.9807 3427.9988 126 122 94
127.7253 -197.7682 3424.3206 130 128 99
130.1927 -197.3448 3416.9880 137 136 109
132.9336 -197.3448 3416.9880 151 151 130
135.6745 -197.3448 3416.9880 154 155 139
138.2674 -197.1337 3413.3335 153 154 137
140.8547 -196.9231 3409.6868 162 166 147
143.4365 -196.7129 3406.0479 173 176 160
146.0128 -196.5032 3402.4165 173 177 164
148.5836 -196.2939 3398.7932 176 181 168
150.9883 -195.8767 3391.5693 172 175 163
153.7088 -195.8767 3391.5693 173 175 163
156.2633 -195.6688 3387.9690 166 169 155
159.1499 -195.8767 3391.5693 160 162 149
161.6985 -195.6688 3387.9690 161 163 151
164.4162 -195.6688 3387.9690 152 154 140
167.1338 -195.6688 3387.9690 149 151 135
169.8514 -195.6688 3387.9690 153 156 138
172.3860 -195.4613 3384.3762 149 149 130
175.1008 -195.4613 3384.3762 133 132 112
177.6271 -195.2542 3380.7910 140 139 118
180.1481 -195.0476 3377.2134 140 140 119
182.8571 -195.0476 3377.2134 137 138 117
185.3700 -194.8415 3373.6436 145 146 125
188.0761 -194.8415 3373.6436 141 141 121
190.9841 -195.0476 3377.2134 140 139 119
193.4884 -194.8415 3373.6436 139 138 115
196.4021 -195.0476 3377.2134 139 138 115
198.6906 -194.6357 3370.0811 140 139 116
201.3939 -194.6357 3370.0811 132 131 108
203.8819 -194.4304 3366.5261 138 139 117
206.5823 -194.4304 3366.5261 145 146 125
209.2827 -194.4304 3366.5261 139 137 116
211.9831 -194.4304 3366.5261 136 134 112
214.6835 -194.4304 3366.5261 137 136 113
217.6135 -194.6357 3370.0811 138 137 114
220.5497 -194.8415 3373.6436 135 133 111
223.2558 -194.8415 3373.6436 132 130 108
226.2011 -195.0476 3377.2134 130 129 106
228.6681 -194.8415 3373.6436 133 133 109
231.1299 -194.6357 3370.0811 131 130 105
233.8332 -194.6357 3370.0811 127 123 99
236.5365 -194.6357 3370.0811 127 124 99
239.2397 -194.6357 3370.0811 133 131 107
241.9430 -194.6357 3370.0811 127 126 102
244.9049 -194.8415 3373.6436 124 123 99
247.8730 -195.0476 3377.2134 124 122 97
250.8475 -195.2542 3380.7910 123 121 93
253.2910 -195.0476 3377.2134 126 123 98
256.2712 -195.2542 3380.7910 119 116 91
258.9831 -195.2542 3380.7910 121 119 93
261.6949 -195.2542 3380.7910 127 123 97
264.4068 -195.2542 3380.7910 124 120 93
267.4019 -195.4613 3384.3762 126 122 95
270.6908 -195.8767 3391.5693 126 122 94
273.7021 -196.0851 3395.1775 126 122 96
277.0150 -196.5032 3402.4165 123 119 92
280.0427 -196.7129 3406.0479 122 118 92
283.3797 -197.1337 3413.3335 124 121 93
286.4240 -197.3448 3416.9880 124 120 94
289.7854 -197.7682 3424.3206 121 119 93
292.5322 -197.7682 3424.3206 122 120 95
295.9140 -198.1935 3431.6846 124 121 96
298.3459 -197.9807 3427.9988 124 122 96
301.4194 -198.1935 3431.6846 122 122 95
304.4995 -198.4069 3435.3787 121 120 92
307.5862 -198.6207 3439.0806 121 119 92
311.3514 -199.2649 3450.2344 122 120 96
314.1189 -199.2649 3450.2344 119 116 91
316.8865 -199.2649 3450.2344 119 118 91
319.3089 -199.0497 3446.5083 120 118 92
322.0735 -199.0497 3446.5083 122 121 96
325.5411 -199.4805 3453.9683 124 123 97
328.6674 -199.6967 3457.7104 123 121 94
332.1607 -200.1303 3465.2190 124 122 95
334.9403 -200.1303 3465.2190 137 136 107
22.3256 -217.3023 3711.0078 28 36 42
25.1270 -215.7968 3685.2964 27 35 38
28.0831 -215.7968 3685.2964 29 37 40
31.1111 -216.2963 3693.8271 29 37 43
34.1136 -216.5469 3698.1074 29 37 39
37.0370 -216.2963 3693.8271 29 37 39
39.9076 -215.7968 3685.2964 30 37 38
42.7158 -215.0518 3672.5740 60 67 64
45.6092 -214.8046 3668.3525 168 174 167
48.4960 -214.5580 3664.1409 204 209 201
51.4351 -214.5580 3664.1409 197 203 195
54.2497 -214.0665 3655.7466 191 195 185
57.0514 -213.5771 3647.3906 192 195 185
59.7042 -212.6053 3630.7927 180 185 173
62.3330 -211.6421 3614.3452 184 188 175
64.9380 -210.6877 3598.0459 175 177 164
67.7477 -210.4505 3593.9941 187 189 177
70.6306 -210.4505 3593.9941 191 196 183
73.3483 -209.9776 3585.9177 188 193 180
76.1392 -209.7419 3581.8931 199 204 192
78.8354 -209.2721 3573.8708 209 216 205
81.4286 -208.5714 3561.9048 207 214 203
84.1917 -208.3389 3557.9338 199 204 196
87.1429 -208.5714 3561.9048 190 195 188
89.6997 -207.8754 3550.0186 191 196 188
92.2395 -207.1841 3538.2114 191 196 186
94.9723 -206.9546 3534.2932 190 193 182
97.4835 -206.2693 3522.5903 185 189 179
101.5652 -203.1304 3468.9856 175 179 165
104.1215 -202.6898 3461.4607 157 160 146
106.7822 -202.4702 3457.7104 150 150 135
109.3189 -202.0324 3450.2344 142 141 123
111.9655 -201.8143 3446.5083 133 130 111
114.4828 -201.3793 3439.0806 123 119 97
117.1152 -201.1626 3435.3787 104 100 78
119.8708 -201.1626 3435.3787 98 94 70
122.3631 -200.7304 3427.9988 118 113 85
125.1128 -200.7304 3427.9988 126 121 94
127.7253 -200.5150 3424.3206 134 132 107
130.1927 -200.0857 3416.9880 140 139 117
132.9336 -200.0857 3416.9880 150 149 130
135.6745 -200.0857 3416.9880 155 155 137
138.2674 -199.8717 3413.3335 157 158 138
140.8547 -199.6581 3409.6868 166 168 150
143.2836 -199.2324 3402.4165 177 180 166
145.8573 -199.0202 3398.7932 177 180 168
148.4255 -198.8085 3395.1775 174 178 165
150.9883 -198.5972 3391.5693 167 173 161
153.7088 -198.5972 3391.5693 165 170 159
156.2633 -198.3864 3387.9690 160 163 151
159.1499 -198.5972 3391.5693 163 167 153
161.6985 -198.3864 3387.9690 160 163 150
164.4162 -198.3864 3387.9690 148 149 136
167.1338 -198.3864 3387.9690 145 147 130
169.8514 -198.3864 3387.9690 147 148 131
172.3860 -198.1761 3384.3762 144 143 125
174.9153 -197.9661 3380.7910 135 133 114
177.6271 -197.9661 3380.7910 139 138 118
180.1481 -197.7566 3377.2134 137 138 117
182.8571 -197.7566 3377.2134 137 138 117
185.3700 -197.5476 3373.6436 142 141 121
188.0761 -197.5476 3373.6436 141 139 118
190.9841 -197.7566 3377.2134 135 133 112
193.4884 -197.5476 3373.6436 137 136 114
196.4021 -197.7566 3377.2134 136 135 113
198.6906 -197.3390 3370.0811 138 136 114
201.1815 -197.1308 3366.5261 132 130 108
203.8819 -197.1308 3366.5261 138 138 116
206.5823 -197.1308 3366.5261 142 143 123
209.0622 -196.9231 3362.9788 139 138 117
211.9831 -197.1308 3366.5261 140 138 113
214.6835 -197.1308 3366.5261 139 138 114
217.6135 -197.3390 3370.0811 129 127 105
220.3168 -197.3390 3370.0811 134 131 108
223.2558 -197.5476 3373.6436 132 131 107
226.2011 -197.7566 3377.2134 137 136 112
228.4266 -197.3390 3370.0811 141 139 115
231.1299 -197.3390 3370.0811 136 132 108
233.8332 -197.3390 3370.0811 129 125 100
236.5365 -197.3390 3370.0811 132 128 101
239.2397 -197.3390 3370.0811 133 131 106
241.9430 -197.3390 3370.0811 128 127 102
244.6463 -197.3390 3370.0811 126 125 99
247.6110 -197.5476 3373.6436 126 124 97
250.8475 -197.9661 3380.7910 123 122 93
253.2910 -197.7566 3377.2134 123 121 94
256.2712 -197.9661 3380.7910 118 116 89
258.7090 -197.7566 3377.2134 121 119 92
261.4180 -197.7566 3377.2134 123 120 92
264.1270 -197.7566 3377.2134 121 118 90
267.1187 -197.9661 3380.7910 121 117 91
270.4034 -198.3864 3387.9690 124 122 93
273.4113 -198.5972 3391.5693 121 118 93
276.7199 -199.0202 3398.7932 122 120 91
279.7441 -199.2324 3402.4165 120 118 92
283.3797 -199.8717 3413.3335 121 117 92
286.4240 -200.0857 3416.9880 123 119 93
289.4749 -200.3001 3420.6504 124 120 93
292.5322 -200.5150 3424.3206 121 119 94
295.9140 -200.9462 3431.6846 117 116 92
298.3459 -200.7304 3427.9988 121 119 94
301.4194 -200.9462 3431.6846 120 118 94
304.1721 -200.9462 3431.6846 123 122 96
307.2551 -201.1626 3435.3787 124 121 95
311.0151 -201.8143 3446.5083 124 122 97
314.1189 -202.0324 3450.2344 120 119 95
316.8865 -202.0324 3450.2344 121 121 96
319.3089 -201.8143 3446.5083 122 122 97
322.0735 -201.8143 3446.5083 123 123 99
325.5411 -202.2511 3453.9683 126 126 100
328.6674 -202.4702 3457.7104 122 120 94
332.1607 -202.9099 3465.2190 130 128 102
19.3488 -220.2791 3711.0078 26 34 37
22.2997 -220.0232 3706.6978 26 33 36
25.1270 -218.7529 3685.2964 25 34 36
28.0831 -218.7529 3685.2964 26 33 37
31.1111 -219.2593 3693.8271 26 35 37
34.1136 -219.5133 3698.1074 29 37 40
36.9942 -219.0058 3689.5569 28 35 37
39.8616 -218.5006 3681.0459 31 37 36
42.7158 -217.9977 3672.5740 64 70 66
45.5568 -217.4971 3664.1409 181 188 179
48.4960 -217.4971 3664.1409 203 210 200
51.3762 -217.2477 3659.9390 195 200 189
54.2497 -216.9989 3655.7466 189 196 185
56.9863 -216.2557 3643.2268 193 199 187
59.6364 -215.2727 3626.6667 189 195 183
62.1921 -214.0565 3606.1770 184 188 176
64.8649 -213.3333 3593.9941 182 184 172
67.6715 -213.0934 3589.9514 178 181 167
70.5512 -213.0934 3589.9514 187 191 181
73.3483 -212.8539 3585.9177 190 196 186
76.0538 -212.3767 3577.8774 207 213 202
78.6592 -211.6648 3565.8845 211 218 206
81.2472 -210.9577 3553.9719 206 211 202
84.0045 -210.7230 3550.0186 199 203 194
86.8521 -210.7230 3550.0186 196 200 190
89.5006 -210.2553 3542.1384 192 196 186
92.1373 -209.7896 3534.2932 191 195 185
94.7624 -209.3260 3526.4827 188 192 181
98.9978 -206.3617 3476.5432 179 183 170
101.4549 -205.6895 3465.2190 169 172 160
104.0087 -205.2438 3457.7104 158 161 148
106.6667 -205.0217 3453.9683 145 147 131
109.2009 -204.5788 3446.5083 140 139 121
111.8447 -204.3582 3442.7905 127 125 103
114.4828 -204.1380 3439.0806 118 115 92
117.1152 -203.9182 3435.3787 112 110 85
119.8708 -203.9182 3435.3787 106 102 77
122.3631 -203.4801 3427.9988 122 117 88
125.1128 -203.4801 3427.9988 129 127 100
127.7253 -203.2618 3424.3206 146 145 123
130.0535 -202.6096 3413.3335 154 154 135
132.9336 -202.8266 3416.9880 151 151 133
135.5294 -202.6096 3413.3335 154 156 135
138.1197 -202.3932 3409.6868 160 160 141
140.7044 -202.1772 3406.0479 162 164 146
143.2836 -201.9616 3402.4165 170 173 158
145.8573 -201.7466 3398.7932 173 178 165
148.4255 -201.5319 3395.1775 170 176 165
150.9883 -201.3177 3391.5693 168 172 160
153.7088 -201.3177 3391.5693 167 171 158
156.2633 -201.1040 3387.9690 160 163 150
159.1499 -201.3177 3391.5693 165 167 153
161.6985 -201.1040 3387.9690 162 164 150
164.4162 -201.1040 3387.9690 152 154 138
167.1338 -201.1040 3387.9690 146 148 130
169.8514 -201.1040 3387.9690 148 150 131
172.3860 -200.8908 3384.3762 143 144 124
174.9153 -200.6780 3380.7910 137 136 116
177.6271 -200.6780 3380.7910 135 134 113
180.1481 -200.4656 3377.2134 139 139 119
182.8571 -200.4656 3377.2134 140 141 121
185.3700 -200.2537 3373.6436 146 146 126
188.0761 -200.2537 3373.6436 141 141 119
190.9841 -200.4656 3377.2134 138 137 117
193.4884 -200.2537 3373.6436 141 142 121
196.4021 -200.4656 3377.2134 141 142 119
198.6906 -200.0423 3370.0811 145 144 122
201.1815 -199.8312 3366.5261 134 134 113
203.8819 -199.8312 3366.5261 140 140 120
206.3646 -199.6207 3362.9788 139 140 121
209.0622 -199.6207 3362.9788 136 136 116
211.9831 -199.8312 3366.5261 134 134 112
214.4573 -199.6207 3362.9788 132 132 109
217.6135 -200.0423 3370.0811 138 137 114
220.3168 -200.0423 3370.0811 130 129 103
223.0201 -200.0423 3370.0811 138 137 111
225.9620 -200.2537 3373.6436 132 131 107
228.4266 -200.0423 3370.0811 136 135 112
230.8861 -199.8312 3366.5261 129 127 104
233.5865 -199.8312 3366.5261 127 125 100
236.2869 -199.8312 3366.5261 127 125 101
238.9874 -199.8312 3366.5261 127 125 100
241.9430 -200.0423 3370.0811 128 126 101
244.6463 -200.0423 3370.0811 130 128 103
247.6110 -200.2537 3373.6436 132 129 103
250.8475 -200.6780 3380.7910 127 124 97
253.2910 -200.4656 3377.2134 123 121 95
256.2712 -200.6780 3380.7910 123 121 95
258.7090 -200.4656 3377.2134 124 123 95
261.4180 -200.4656 3377.2134 123 122 95
264.1270 -200.4656 3377.2134 122 121 93
267.1187 -200.6780 3380.7910 126 123 94
270.4034 -201.1040 3387.9690 124 120 92
273.4113 -201.3177 3391.5693 120 120 93
276.7199 -201.7466 3398.7932 125 124 96
279.7441 -201.9616 3402.4165 126 123 95
283.3797 -202.6096 3413.3335 122 121 94
286.4240 -202.8266 3416.9880 120 119 93
289.7854 -203.2618 3424.3206 123 120 95
292.5322 -203.2618 3424.3206 121 119 93
295.9140 -203.6989 3431.6846 117 115 90
298.6667 -203.6989 3431.6846 117 115 89
301.4194 -203.6989 3431.6846 116 114 89
304.1721 -203.6989 3431.6846 119 118 92
307.2551 -203.9182 3435.3787 122 120 94
311.0151 -204.5788 3446.5083 120 118 93
314.1189 -204.8000 3450.2344 116 116 93
316.8865 -204.8000 3450.2344 119 118 93
319.3089 -204.5788 3446.5083 121 120 93
322.0735 -204.5788 3446.5083 124 124 98
325.8938 -205.2438 3457.7104 128 129 103
328.6674 -205.2438 3457.7104 119 118 93
332.1607 -205.6895 3465.2190 129 128 102
19.3714 -223.5157 3715.3279 27 33 37
22.2738 -222.7378 3702.3977 27 35 39
25.1561 -221.9653 3689.5569 25 34 35
28.0831 -221.7090 3685.2964 24 32 33
31.1472 -222.4797 3698.1074 27 35 40
34.0741 -222.2222 3693.8271 29 37 40
36.9942 -221.9653 3689.5569 26 36 35
39.8616 -221.4533 3681.0459 35 42 41
42.7158 -220.9436 3672.5740 86 92 89
45.5568 -220.4363 3664.1409 191 198 190
48.4404 -220.1835 3659.9390 203 211 203
51.3762 -220.1835 3659.9390 192 198 188
54.2497 -219.9313 3655.7466 187 191 180
56.9863 -219.1781 3643.2268 187 190 178
59.5011 -217.6871 3618.4431 186 188 177
62.1219 -216.7043 3602.1069 185 189 177
64.7919 -215.9730 3589.9514 185 188 174
67.6715 -215.9730 3589.9514 185 188 174
70.4719 -215.7304 3585.9177 189 193 180
73.2660 -215.4882 3581.8931 196 202 190
75.8837 -214.7651 3569.8733 210 216 205
78.4838 -214.0468 3557.9338 208 214 202
81.0667 -213.3333 3546.0742 198 203 194
83.8180 -213.0966 3542.1384 192 197 188
86.6593 -213.0966 3542.1384 189 195 185
89.3023 -212.6246 3534.2932 187 192 182
91.9337 -212.1547 3526.4827 189 194 183
98.7826 -208.6957 3468.9856 180 183 170
101.3449 -208.2430 3461.4607 168 170 158
103.8961 -207.7922 3453.9683 148 150 136
106.5514 -207.5676 3450.2344 142 143 126
109.0831 -207.1198 3442.7905 133 132 112
111.7241 -206.8966 3439.0806 127 125 103
114.3595 -206.6739 3435.3787 121 117 94
116.9893 -206.4516 3431.6846 113 110 87
119.7419 -206.4516 3431.6846 116 113 88
122.3631 -206.2299 3427.9988 129 125 97
124.9785 -206.0086 3424.3206 141 139 114
127.5884 -205.7878 3420.6504 145 145 124
130.0535 -205.3476 3413.3335 154 154 135
132.7915 -205.3476 3413.3335 151 152 133
135.3846 -205.1282 3409.6868 155 156 138
137.9723 -204.9093 3406.0479 162 164 146
140.5544 -204.6908 3402.4165 158 160 143
143.1310 -204.4729 3398.7932 171 175 159
145.7021 -204.2553 3395.1775 171 176 163
148.4255 -204.2553 3395.1775 170 175 164
150.9883 -204.0383 3391.5693 171 176 164
153.7088 -204.0383 3391.5693 170 175 160
156.2633 -203.8217 3387.9690 163 167 152
158.9809 -203.8217 3387.9690 164 166 154
161.6985 -203.8217 3387.9690 158 160 146
164.4162 -203.8217 3387.9690 151 152 136
167.1338 -203.8217 3387.9690 148 149 131
169.8514 -203.8217 3387.9690 147 148 130
172.2034 -203.3898 3380.7910 142 142 123
174.9153 -203.3898 3380.7910 138 136 117
177.6271 -203.3898 3380.7910 138 136 116
180.1481 -203.1746 3377.2134 142 142 121
182.8571 -203.1746 3377.2134 142 144 124
185.3700 -202.9598 3373.6436 148 149 129
188.0761 -202.9598 3373.6436 140 139 120
190.7823 -202.9598 3373.6436 142 141 122
193.4884 -202.9598 3373.6436 146 146 126
196.4021 -203.1746 3377.2134 147 147 126
198.4810 -202.5316 3366.5261 149 149 127
201.1815 -202.5316 3366.5261 135 134 113
203.6670 -202.3183 3362.9788 137 136 116
206.1474 -202.1053 3359.4387 137 138 118
208.8421 -202.1053 3359.4387 134 133 113
211.7598 -202.3183 3362.9788 137 135 114
214.2316 -202.1053 3359.4387 134 133 112
217.3840 -202.5316 3366.5261 132 132 110
220.3168 -202.7455 3370.0811 125 124 101
223.0201 -202.7455 3370.0811 131 130 106
225.9620 -202.9598 3373.6436 131 130 106
228.4266 -202.7455 3370.0811 135 133 110
230.8861 -202.5316 3366.5261 130 129 106
233.5865 -202.5316 3366.5261 120 119 95
236.2869 -202.5316 3366.5261 121 119 95
238.9874 -202.5316 3366.5261 126 123 98
241.9430 -202.7455 3370.0811 123 120 95
244.9049 -202.9598 3373.6436 123 121 96
247.6110 -202.9598 3373.6436 126 125 100
250.8475 -203.3898 3380.7910 124 122 96
253.0233 -202.9598 3373.6436 124 122 96
256.0000 -203.1746 3377.2134 126 123 95
258.4355 -202.9598 3373.6436 126 122 95
261.1417 -202.9598 3373.6436 122 119 93
263.8478 -202.9598 3373.6436 116 114 87
266.8360 -203.1746 3377.2134 120 117 91
270.4034 -203.8217 3387.9690 120 118 92
273.4113 -204.0383 3391.5693 121 121 96
276.7199 -204.4729 3398.7932 123 123 98
279.7441 -204.6908 3402.4165 121 120 93
283.3797 -205.3476 3413.3335 123 122 96
286.4240 -205.5675 3416.9880 117 116 92
289.7854 -206.0086 3424.3206 118 116 91
292.8464 -206.2299 3427.9988 123 121 95
296.2325 -206.6739 3435.3787 119 118 93
298.6667 -206.4516 3431.6846 120 117 93
301.4194 -206.4516 3431.6846 122 120 95
304.1721 -206.4516 3431.6846 119 118 92
307.2551 -206.6739 3435.3787 124 123 97
311.0151 -207.3434 3446.5083 122 121 95
314.1189 -207.5676 3450.2344 119 118 93
316.8865 -207.5676 3450.2344 119 117 91
319.3089 -207.3434 3446.5083 120 119 93
322.4217 -207.5676 3450.2344 119 119 96
325.8938 -208.0173 3457.7104 126 127 103
329.0239 -208.2430 3461.4607 116 115 91
332.1607 -208.4691 3465.2190 124 122 97
19.3714 -226.4959 3715.3279 26 34 37
22.2480 -225.4461 3698.1074 28 34 38
25.1561 -224.9249 3689.5569 27 33 35
28.0831 -224.6651 3685.2964 25 33 34
31.1111 -225.1852 3693.8271 29 35 37
34.0347 -224.9249 3689.5569 29 36 39
36.9515 -224.6651 3685.2964 29 37 40
39.8157 -224.1475 3676.8049 35 41 42
42.6667 -223.6322 3668.3525 104 110 107
45.5046 -223.1193 3659.9390 199 207 198
48.4404 -223.1193 3659.9390 201 208 200
51.3762 -223.1193 3659.9390 196 201 193
54.1876 -222.6087 3651.5637 192 195 186
56.9213 -221.8472 3639.0728 186 192 179
59.4338 -220.3398 3614.3452 188 192 180
62.0519 -219.3461 3598.0459 184 188 176
64.8649 -219.0991 3593.9941 185 188 176
70.4719 -218.6068 3585.9177 196 200 188
73.2660 -218.3614 3581.8931 206 211 199
75.7989 -217.3855 3565.8845 210 216 206
78.3092 -216.4182 3550.0186 208 213 202
80.9767 -215.9379 3542.1384 200 204 193
83.7251 -215.6985 3538.2114 192 196 186
86.4673 -215.4596 3534.2932 190 194 185
89.1050 -214.9834 3526.4827 191 195 185
91.7310 -214.5094 3518.7065 188 192 181
96.3141 -212.1701 3480.3345 181 184 172
98.6754 -211.2487 3465.2190 172 175 162
101.2351 -210.7909 3457.7104 163 165 151
103.8961 -210.5628 3453.9683 151 152 135
106.4363 -210.1080 3446.5083 140 139 119
108.9655 -209.6552 3439.0806 123 120 99
111.7241 -209.6552 3439.0806 123 119 97
114.3595 -209.4295 3435.3787 116 112 88
116.9893 -209.2043 3431.6846 112 108 85
119.7419 -209.2043 3431.6846 120 117 91
122.3631 -208.9796 3427.9988 129 126 98
124.9785 -208.7554 3424.3206 138 137 114
127.4518 -208.3084 3416.9880 146 146 126
129.9145 -207.8633 3409.6868 150 150 130
132.7915 -208.0856 3413.3335 151 151 132
135.3846 -207.8633 3409.6868 148 148 130
137.9723 -207.6414 3406.0479 154 155 138
140.5544 -207.4201 3402.4165 165 168 152
143.1310 -207.1992 3398.7932 173 177 162
145.7021 -206.9787 3395.1775 173 176 164
148.4255 -206.9787 3395.1775 171 174 163
150.9883 -206.7588 3391.5693 177 180 169
153.7088 -206.7588 3391.5693 170 173 162
156.0976 -206.3203 3384.3762 170 173 160
158.9809 -206.5393 3387.9690 160 163 149
161.5271 -206.3203 3384.3762 157 159 146
164.4162 -206.5393 3387.9690 146 146 131
167.1338 -206.5393 3387.9690 148 147 130
169.8514 -206.5393 3387.9690 146 147 129
172.2034 -206.1017 3380.7910 145 145 127
174.9153 -206.1017 3380.7910 136 135 116
177.6271 -206.1017 3380.7910 135 133 113
180.1481 -205.8836 3377.2134 140 138 117
182.6639 -205.6660 3373.6436 144 144 124
185.3700 -205.6660 3373.6436 140 142 122
187.8775 -205.4488 3370.0811 139 138 118
190.7823 -205.6660 3373.6436 139 138 117
193.2841 -205.4488 3370.0811 138 138 116
196.1945 -205.6660 3373.6436 140 140 118
198.2719 -205.0158 3362.9788 141 141 119
200.7579 -204.8000 3359.4387 135 134 112
203.4527 -204.8000 3359.4387 145 144 123
205.7143 -204.3698 3352.3811 140 141 121
211.3144 -204.5847 3355.9062 139 138 116
214.0063 -204.5847 3355.9062 138 137 114
217.3840 -205.2321 3366.5261 134 133 110
220.0844 -205.2321 3366.5261 135 133 110
223.0201 -205.4488 3370.0811 134 134 110
228.1857 -205.2321 3366.5261 136 135 112
230.8861 -205.2321 3366.5261 133 132 109
233.3404 -205.0158 3362.9788 129 128 105
236.2869 -205.2321 3366.5261 128 126 102
238.9874 -205.2321 3366.5261 130 127 101
242.1987 -205.6660 3373.6436 124 120 95
244.9049 -205.6660 3373.6436 126 122 97
247.8730 -205.8836 3377.2134 124 122 96
250.8475 -206.1017 3380.7910 125 122 97
253.2910 -205.8836 3377.2134 131 129 101
256.2712 -206.1017 3380.7910 130 128 99
258.7090 -205.8836 3377.2134 129 126 99
261.4180 -205.8836 3377.2134 125 123 96
264.1270 -205.8836 3377.2134 124 121 95
267.1187 -206.1017 3380.7910 122 120 92
270.6908 -206.7588 3391.5693 122 121 95
273.7021 -206.9787 3395.1775 120 119 95
277.0150 -207.4201 3402.4165 121 119 95
280.0427 -207.6414 3406.0479 118 116 92
283.6831 -208.3084 3416.9880 120 118 94
286.7310 -208.5316 3420.6504 120 118 92
290.0967 -208.9796 3427.9988 122 120 93
293.1613 -209.2043 3431.6846 123 121 95
296.5517 -209.6552 3439.0806 120 120 95
298.9882 -209.4295 3435.3787 124 123 99
301.4194 -209.2043 3431.6846 125 124 99
304.1721 -209.2043 3431.6846 121 120 95
307.2551 -209.4295 3435.3787 121 120 94
311.3514 -210.3351 3450.2344 122 121 93
314.1189 -210.3351 3450.2344 123 120 94
317.2295 -210.5628 3453.9683 124 121 95
319.6541 -210.3351 3450.2344 123 121 96
322.7706 -210.5628 3453.9683 120 120 96
326.2473 -211.0195 3461.4607 125 124 101
329.3811 -211.2487 3465.2190 116 116 90
332.5218 -211.4783 3468.9856 127 126 99
16.3721 -229.2093 3711.0078 26 32 36
19.3714 -229.4762 3715.3279 25 33 36
22.2480 -228.4125 3698.1074 29 35 38
25.1561 -227.8844 3689.5569 25 33 35
28.0831 -227.6212 3685.2964 25 33 35
31.1111 -228.1481 3693.8271 27 35 37
33.9954 -227.6212 3685.2964 32 41 44
36.9089 -227.3587 3681.0459 32 40 42
39.7699 -226.8354 3672.5740 45 51 51
42.6667 -226.5747 3668.3525 132 139 133
45.5046 -226.0551 3659.9390 204 211 203
48.4404 -226.0551 3659.9390 201 207 200
51.3173 -225.7961 3655.7466 193 198 190
54.1257 -225.2800 3647.3906 185 191 180
56.8565 -224.5103 3634.9280 184 188 177
59.4338 -223.2390 3614.3452 186 189 178
62.1219 -222.4831 3602.1069 182 185 173
70.4719 -221.4832 3585.9177 204 208 196
73.1839 -220.9866 3577.8774 203 209 198
75.6299 -219.7547 3557.9338 207 213 203
78.0488 -218.5366 3538.2114 202 207 198
80.7973 -218.2946 3534.2932 196 202 191
83.5398 -218.0531 3530.3835 195 200 189
86.2762 -217.8122 3526.4827 189 194 183
88.9085 -217.3319 3518.7065 190 195 183
96.1045 -214.4940 3472.7603 180 184 171
98.5683 -213.7961 3461.4607 172 175 162
101.1255 -213.3333 3453.9683 158 160 146
103.8961 -213.3333 3453.9683 146 147 130
106.3215 -212.6430 3442.7905 136 136 115
108.9655 -212.4138 3439.0806 127 124 99
111.6039 -212.1852 3435.3787 122 118 94
114.2366 -211.9570 3431.6846 112 108 84
116.8636 -211.7293 3427.9988 115 112 86
119.6133 -211.7293 3427.9988 125 121 94
122.3631 -211.7293 3427.9988 130 126 100
124.9785 -211.5022 3424.3206 139 137 116
127.4518 -211.0493 3416.9880 145 145 127
129.9145 -210.5983 3409.6868 148 149 132
132.6496 -210.5983 3409.6868 150 151 136
135.3846 -210.5983 3409.6868 149 150 133
137.9723 -210.3736 3406.0479 150 150 133
140.5544 -210.1493 3402.4165 162 165 147
143.1310 -209.9255 3398.7932 173 178 161
145.7021 -209.7021 3395.1775 172 178 165
148.4255 -209.7021 3395.1775 174 180 167
150.9883 -209.4793 3391.5693 175 179 167
153.7088 -209.4793 3391.5693 169 173 162
156.0976 -209.0350 3384.3762 168 171 159
158.9809 -209.2569 3387.9690 164 167 154
161.5271 -209.0350 3384.3762 156 158 145
164.4162 -209.2569 3387.9690 151 153 137
167.1338 -209.2569 3387.9690 149 149 132
169.8514 -209.2569 3387.9690 145 145 127
172.3860 -209.0350 3384.3762 145 145 127
174.9153 -208.8136 3380.7910 138 138 118
177.6271 -208.8136 3380.7910 136 134 114
180.1481 -208.5926 3377.2134 146 145 125
182.6639 -208.3721 3373.6436 144 145 126
185.1742 -208.1521 3370.0811 138 140 120
187.8775 -208.1521 3370.0811 137 138 118
190.5808 -208.1521 3370.0811 139 139 118
193.2841 -208.1521 3370.0811 138 137 115
196.1945 -208.3721 3373.6436 140 139 118
198.2719 -207.7134 3362.9788 142 141 120
242.4550 -208.5926 3377.2134 125 121 96
245.4238 -208.8136 3380.7910 127 123 99
248.1356 -208.8136 3380.7910 122 119 95
251.3801 -209.2569 3387.9690 121 118 95
253.5593 -208.8136 3380.7910 127 123 98
256.5430 -209.0350 3384.3762 128 125 99
258.9831 -208.8136 3380.7910 129 127 101
261.6949 -208.8136 3380.7910 127 124 98
264.6872 -209.0350 3384.3762 124 120 95
267.4019 -209.0350 3384.3762 121 118 93
270.9787 -209.7021 3395.1775 124 120 96
273.9936 -209.9255 3398.7932 120 116 92
277.3106 -210.3736 3406.0479 125 120 98
280.3419 -210.5983 3409.6868 125 121 99
283.6831 -211.0493 3416.9880 123 121 98
286.7310 -211.2755 3420.6504 124 122 96
290.4086 -211.9570 3431.6846 125 123 96
293.4769 -212.1852 3435.3787 125 123 96
296.8716 -212.6430 3442.7905 126 123 95
299.3104 -212.4138 3439.0806 124 120 95
301.7438 -212.1852 3435.3787 118 115 91
304.8276 -212.4138 3439.0806 121 118 94
307.5862 -212.4138 3439.0806 120 117 92
311.6883 -213.3333 3453.9683 124 121 94
314.4589 -213.3333 3453.9683 127 124 96
317.5732 -213.5645 3457.7104 128 125 99
320.0000 -213.3333 3453.9683 130 128 102
322.7706 -213.3333 3453.9683 124 123 95
326.6015 -214.0282 3465.2190 126 126 98
329.3811 -214.0282 3465.2190 119 118 92
332.8836 -214.4940 3472.7603 123 122 96
16.3912 -232.4563 3715.3279 25 32 36
19.3714 -232.4563 3715.3279 26 34 37
22.2480 -231.3789 3698.1074 28 35 39
25.1561 -230.8439 3689.5569 25 33 37
28.0831 -230.5774 3685.2964 28 37 39
31.0751 -230.8439 3689.5569 27 36 39
33.9954 -230.5774 3685.2964 33 42 43
36.8664 -230.0461 3676.8049 34 43 44
39.7699 -229.7814 3672.5740 47 55 55
42.6177 -229.2538 3664.1409 154 161 155
45.5046 -228.9908 3659.9390 204 211 203
48.4404 -228.9908 3659.9390 198 204 197
51.3173 -228.7285 3655.7466 192 197 188
54.0639 -227.9452 3643.2268 192 197 188
56.7273 -226.9091 3626.6667 184 189 177
59.3665 -225.8824 3610.2566 181 186 172
62.1219 -225.3725 3602.1069 189 193 181
70.4719 -224.3596 3585.9177 207 210 197
73.1019 -223.6058 3573.8708 205 209 197
75.2941 -221.6204 3542.1384 205 212 202
77.7901 -220.6409 3526.4827 201 207 196
80.6188 -220.6409 3526.4827 192 198 186
83.3554 -220.3974 3522.5903 191 195 185
86.0860 -220.1544 3518.7065 190 194 183
90.9290 -218.2295 3487.9419 188 192 181
93.3188 -217.2797 3472.7603 184 187 176
95.8958 -216.8078 3465.2190 177 180 168
98.4615 -216.3380 3457.7104 166 169 156
101.0162 -215.8703 3450.2344 151 153 137
103.7838 -215.8703 3450.2344 145 145 127
106.2069 -215.1724 3439.0806 132 130 109
108.8482 -214.9408 3435.3787 126 123 100
111.4839 -214.7097 3431.6846 122 118 94
114.2366 -214.7097 3431.6846 119 115 89
116.8636 -214.4791 3427.9988 124 120 93
119.6133 -214.4791 3427.9988 123 119 93
122.3631 -214.4791 3427.9988 129 124 98
124.8446 -214.0193 3420.6504 141 137 116
127.4518 -213.7902 3416.9880 143 142 123
129.9145 -213.3333 3409.6868 143 143 125
132.6496 -213.3333 3409.6868 152 152 133
135.3846 -213.3333 3409.6868 149 150 133
137.9723 -213.1057 3406.0479 151 153 136
140.5544 -212.8785 3402.4165 170 172 155
143.1310 -212.6518 3398.7932 174 177 163
145.7021 -212.4256 3395.1775 169 175 163
148.4255 -212.4256 3395.1775 179 185 175
150.9883 -212.1998 3391.5693 175 181 169
153.7088 -212.1998 3391.5693 170 176 164
156.2633 -211.9745 3387.9690 166 170 157
158.9809 -211.9745 3387.9690 164 167 154
161.5271 -211.7497 3384.3762 153 156 142
164.4162 -211.9745 3387.9690 153 156 143
167.1338 -211.9745 3387.9690 148 150 135
170.0319 -212.1998 3391.5693 150 149 133
172.3860 -211.7497 3384.3762 145 145 126
175.1008 -211.7497 3384.3762 138 140 119
177.6271 -211.5254 3380.7910 133 132 110
180.1481 -211.3016 3377.2134 144 144 122
182.8571 -211.3016 3377.2134 143 144 125
185.3700 -211.0782 3373.6436 139 140 121
187.8775 -210.8553 3370.0811 133 133 112
190.5808 -210.8553 3370.0811 139 139 117
193.2841 -210.8553 3370.0811 136 135 114
196.1945 -211.0782 3373.6436 141 140 119
198.0632 -210.1895 3359.4387 142 140 122
242.7119 -211.5254 3380.7910 122 120 94
245.9448 -211.9745 3387.9690 124 122 97
248.6624 -211.9745 3387.9690 126 125 100
251.6472 -212.1998 3391.5693 120 118 94
254.0977 -211.9745 3387.9690 123 119 94
256.8153 -211.9745 3387.9690 124 121 95
259.2577 -211.7497 3384.3762 126 124 99
261.9724 -211.7497 3384.3762 123 120 95
264.6872 -211.7497 3384.3762 117 115 92
267.6858 -211.9745 3387.9690 114 113 88
271.2673 -212.6518 3398.7932 120 118 94
273.9936 -212.6518 3398.7932 119 117 95
277.0150 -212.8785 3402.4165 121 118 97
280.0427 -213.1057 3406.0479 118 115 92
283.3797 -213.5615 3413.3335 120 118 95
286.4240 -213.7902 3416.9880 118 117 94
290.0967 -214.4791 3427.9988 116 116 91
293.1613 -214.7097 3431.6846 116 115 90
296.5517 -215.1724 3439.0806 122 120 96
299.3104 -215.1724 3439.0806 124 121 96
301.7438 -214.9408 3435.3787 120 119 93
304.8276 -215.1724 3439.0806 120 119 93
307.5862 -215.1724 3439.0806 121 119 93
311.6883 -216.1039 3453.9683 122 121 93
314.7996 -216.3380 3457.7104 121 119 93
317.5732 -216.3380 3457.7104 120 118 93
320.3467 -216.3380 3457.7104 122 120 94
323.1203 -216.3380 3457.7104 123 121 96
326.9565 -217.0435 3468.9856 128 126 101
329.7391 -217.0435 3468.9856 127 125 100
16.3912 -235.4366 3715.3279 27 34 37
19.3714 -235.4366 3715.3279 28 35 39
22.2480 -234.3453 3698.1074 28 35 40
25.1561 -233.8035 3689.5569 27 34 36
28.0831 -233.5335 3685.2964 25 30 33
31.0751 -233.8035 3689.5569 27 32 35
33.9562 -233.2641 3681.0459 29 36 39
36.8664 -232.9954 3676.8049 32 40 41
39.7241 -232.4598 3668.3525 69 76 72
42.6177 -232.1929 3664.1409 170 177 168
45.5568 -232.1929 3664.1409 200 207 198
48.4404 -231.9266 3659.9390 193 199 188
51.2586 -231.3959 3651.5637 193 197 187
54.0023 -230.6044 3639.0728 193 196 187
56.6629 -229.5573 3622.5503 189 192 182
59.2994 -228.5198 3606.1770 188 191 181
62.0519 -228.0045 3598.0459 192 195 183
70.3928 -226.9809 3581.8931 205 209 197
75.1274 -223.9646 3534.2932 205 209 199
77.7042 -223.2230 3522.5903 199 202 192
80.5298 -223.2230 3522.5903 198 202 191
83.2635 -222.9769 3518.7065 192 196 185
85.8966 -222.4863 3510.9646 194 198 187
88.3242 -221.5115 3495.5825 196 200 188
90.7306 -220.5453 3480.3345 189 193 181
93.2174 -219.8261 3468.9856 182 187 175
95.7918 -219.3493 3461.4607 173 178 165
98.4615 -219.1116 3457.7104 163 166 152
101.0162 -218.6378 3450.2344 150 152 136
103.7838 -218.6378 3450.2344 146 146 127
106.0926 -217.6965 3435.3787 131 129 106
108.7312 -217.4624 3431.6846 124 121 97
111.4839 -217.4624 3431.6846 119 115 91
114.1139 -217.2288 3427.9988 122 118 94
116.8636 -217.2288 3427.9988 121 119 92
119.4850 -216.9957 3424.3206 124 121 95
122.2318 -216.9957 3424.3206 134 132 107
124.8446 -216.7631 3420.6504 140 140 119
127.4518 -216.5311 3416.9880 142 143 125
129.9145 -216.0684 3409.6868 151 152 134
132.6496 -216.0684 3409.6868 158 160 142
135.2401 -215.8378 3406.0479 153 154 138
137.8252 -215.6077 3402.4165 159 160 142
140.4047 -215.3781 3398.7932 164 166 147
143.1310 -215.3781 3398.7932 171 173 160
145.7021 -215.1490 3395.1775 173 177 164
148.4255 -215.1490 3395.1775 176 181 170
150.9883 -214.9203 3391.5693 180 184 172
153.7088 -214.9203 3391.5693 172 175 162
156.2633 -214.6922 3387.9690 164 166 153
158.9809 -214.6922 3387.9690 157 160 145
161.6985 -214.6922 3387.9690 156 158 143
164.4162 -214.6922 3387.9690 149 150 135
167.1338 -214.6922 3387.9690 143 143 127
170.0319 -214.9203 3391.5693 145 146 129
172.3860 -214.4645 3384.3762 147 148 129
175.1008 -214.4645 3384.3762 142 142 123
177.6271 -214.2373 3380.7910 138 136 116
180.1481 -214.0106 3377.2134 142 141 121
182.6639 -213.7844 3373.6436 140 142 121
185.1742 -213.5586 3370.0811 144 143 123
248.9267 -214.9203 3391.5693 120 120 95
251.9149 -215.1490 3395.1775 118 117 93
254.3677 -214.9203 3391.5693 119 116 92
257.0882 -214.9203 3391.5693 117 114 90
259.5329 -214.6922 3387.9690 121 119 94
262.2505 -214.6922 3387.9690 120 118 93
264.9682 -214.6922 3387.9690 121 119 94
267.9703 -214.9203 3391.5693 124 121 95
271.2673 -215.3781 3398.7932 126 123 97
273.9936 -215.3781 3398.7932 119 117 93
277.0150 -215.6077 3402.4165 123 121 97
280.0427 -215.8378 3406.0479 124 120 95
283.3797 -216.2995 3413.3335 122 118 94
286.4240 -216.5311 3416.9880 119 116 93
290.0967 -217.2288 3427.9988 112 110 86
293.1613 -217.4624 3431.6846 113 112 87
296.5517 -217.9311 3439.0806 116 113 89
299.6333 -218.1661 3442.7905 116 112 88
302.0690 -217.9311 3439.0806 118 117 89
304.8276 -217.9311 3439.0806 120 120 93
307.9181 -218.1661 3442.7905 119 118 91
312.0260 -219.1116 3457.7104 120 118 93
315.1410 -219.3493 3461.4607 119 116 93
317.9176 -219.3493 3461.4607 120 118 92
320.3467 -219.1116 3457.7104 126 124 99
323.4707 -219.3493 3461.4607 126 124 98
327.3123 -220.0653 3472.7603 131 130 103
13.4895 -239.8127 3737.0806 26 33 37
16.4103 -238.6947 3719.6582 25 33 35
19.3714 -238.4168 3715.3279 24 32 36
22.2480 -237.3117 3698.1074 28 33 37
25.1852 -237.0371 3693.8271 28 33 37
28.1156 -236.7630 3689.5569 26 32 33
31.0751 -236.7630 3689.5569 25 33 34
33.9954 -236.4896 3685.2964 27 35 38
36.8664 -235.9447 3676.8049 38 45 46
39.7699 -235.6732 3672.5740 96 104 97
42.6667 -235.4023 3668.3525 193 200 191
45.5568 -235.1320 3664.1409 200 207 198
48.4404 -234.8624 3659.9390 195 201 191
51.2586 -234.3250 3651.5637 197 200 191
53.9408 -233.2574 3634.9280 190 194 183
56.6629 -232.4631 3622.5503 195 199 189
59.2994 -231.4124 3606.1770 195 199 189
74.9613 -226.2984 3526.4827 203 206 195
77.6185 -225.7994 3518.7065 195 198 187
80.3524 -225.5507 3514.8313 192 196 185
82.9890 -225.0549 3507.1062 191 195 185
85.6140 -224.5614 3499.4153 197 202 193
88.1312 -223.8251 3487.9419 195 201 190
90.6318 -223.0937 3476.5432 190 195 183
93.2174 -222.6087 3468.9856 183 187 174
95.7918 -222.1258 3461.4607 177 180 166
98.3550 -221.6450 3453.9683 156 158 144
100.9071 -221.1663 3446.5083 154 155 139
103.6717 -221.1663 3446.5083 143 143 124
105.9785 -220.2150 3431.6846 125 123 100
108.7312 -220.2150 3431.6846 125 123 98
111.3641 -219.9785 3427.9988 126 122 99
114.1139 -219.9785 3427.9988 121 117 91
116.7382 -219.7425 3424.3206 118 115 89
119.4850 -219.7425 3424.3206 123 119 94
122.1008 -219.5070 3420.6504 137 135 112
124.7109 -219.2720 3416.9880 146 146 125
127.3155 -219.0375 3413.3335 144 146 126
129.9145 -218.8034 3409.6868 146 147 128
132.5080 -218.5699 3406.0479 152 152 133
135.2401 -218.5699 3406.0479 155 156 138
137.8252 -218.3369 3402.4165 163 164 147
140.4047 -218.1044 3398.7932 165 167 149
142.9787 -217.8723 3395.1775 168 171 156
145.7021 -217.8723 3395.1775 169 172 160
148.4255 -217.8723 3395.1775 179 183 172
150.9883 -217.6408 3391.5693 180 183 173
153.7088 -217.6408 3391.5693 169 172 160
156.2633 -217.4098 3387.9690 163 165 154
158.9809 -217.4098 3387.9690 161 164 149
161.6985 -217.4098 3387.9690 158 159 144
164.4162 -217.4098 3387.9690 150 151 136
167.1338 -217.4098 3387.9690 142 143 127
170.0319 -217.6408 3391.5693 143 144 126
172.3860 -217.1792 3384.3762 143 144 123
175.1008 -217.1792 3384.3762 135 134 114
177.6271 -216.9492 3380.7910 137 136 117
180.1481 -216.7196 3377.2134 144 144 125
249.4569 -218.1044 3398.7932 122 120 93
252.1832 -218.1044 3398.7932 119 117 93
254.6383 -217.8723 3395.1775 118 116 93
257.3617 -217.8723 3395.1775 118 117 92
260.0851 -217.8723 3395.1775 121 120 94
262.5292 -217.6408 3391.5693 119 117 92
265.5320 -217.8723 3395.1775 121 119 94
268.2553 -217.8723 3395.1775 123 120 93
271.5565 -218.3369 3402.4165 124 122 97
274.2857 -218.3369 3402.4165 117 116 94
277.3106 -218.5699 3406.0479 119 119 95
280.3419 -218.8034 3409.6868 122 120 95
283.3797 -219.0375 3413.3335 122 119 94
286.7310 -219.5070 3420.6504 122 120 96
290.0967 -219.9785 3427.9988 117 117 91
293.1613 -220.2150 3431.6846 119 119 93
296.8716 -220.9277 3442.7905 118 117 91
299.6333 -220.9277 3442.7905 119 117 89
302.0690 -220.6897 3439.0806 120 119 91
305.1564 -220.9277 3442.7905 118 116 91
308.2505 -221.1663 3446.5083 118 115 90
312.0260 -221.8852 3457.7104 113 110 82
315.1410 -222.1258 3461.4607 117 114 87
318.2628 -222.3670 3465.2190 118 117 90
320.6942 -222.1258 3461.4607 122 122 94
323.8219 -222.3670 3465.2190 126 125 98
327.6689 -223.0937 3476.5432 133 132 104
13.5053 -243.0950 3741.4617 28 34 38
16.4294 -241.9603 3723.9985 26 32 33
19.3714 -241.3970 3715.3279 24 30 34
22.2738 -240.5569 3702.3977 25 31 34
25.1852 -240.0000 3693.8271 25 33 38
28.1481 -240.0000 3693.8271 24 33 37
31.1111 -240.0000 3693.8271 24 32 35
33.9954 -239.4457 3685.2964 33 39 43
36.8664 -238.8940 3676.8049 44 49 50
39.7699 -238.6191 3672.5740 115 122 114
42.6667 -238.3448 3668.3525 201 208 199
45.5568 -238.0712 3664.1409 200 206 198
48.4404 -237.7982 3659.9390 199 205 194
51.2586 -237.2540 3651.5637 194 199 188
53.8794 -235.9045 3630.7927 191 195 185
56.5986 -235.1021 3618.4431 196 201 189
59.2325 -234.0406 3602.1069 195 198 188
72.1326 -229.1271 3526.4827 206 210 198
74.7960 -228.6218 3518.7065 196 199 189
77.4477 -228.1188 3510.9646 194 199 187
80.1758 -227.8681 3507.1062 196 200 189
82.8070 -227.3684 3499.4153 192 197 187
85.3333 -226.6230 3487.9419 194 200 190
87.9389 -226.1287 3480.3345 191 197 185
90.5332 -225.6366 3472.7603 189 193 182
93.1162 -225.1466 3465.2190 183 186 176
95.6880 -224.6587 3457.7104 176 179 168
98.2487 -224.1730 3450.2344 167 169 155
100.9071 -223.9309 3446.5083 155 157 140
103.5599 -223.6893 3442.7905 139 139 118
105.8647 -222.7283 3427.9988 122 120 96
108.6144 -222.7283 3427.9988 126 124 100
111.2446 -222.4893 3424.3206 123 120 97
113.9914 -222.4893 3424.3206 124 122 98
116.6131 -222.2508 3420.6504 125 123 97
119.3569 -222.2508 3420.6504 130 128 102
121.9700 -222.0129 3416.9880 144 143 119
124.5775 -221.7754 3413.3335 148 149 129
127.1795 -221.5385 3409.6868 148 149 130
129.7759 -221.3020 3406.0479 152 153 135
132.3667 -221.0661 3402.4165 150 151 132
135.0959 -221.0661 3402.4165 159 159 140
137.6784 -220.8307 3398.7932 163 163 145
140.2553 -220.5958 3395.1775 167 168 151
142.9787 -220.5958 3395.1775 168 170 155
145.7021 -220.5958 3395.1775 170 173 161
148.4255 -220.5958 3395.1775 177 182 171
150.9883 -220.3613 3391.5693 172 175 163
153.7088 -220.3613 3391.5693 168 171 158
156.2633 -220.1274 3387.9690 163 165 152
158.9809 -220.1274 3387.9690 154 155 141
161.6985 -220.1274 3387.9690 150 152 136
164.4162 -220.1274 3387.9690 147 149 132
167.1338 -220.1274 3387.9690 140 141 125
170.0319 -220.3613 3391.5693 141 142 124
172.5690 -220.1274 3387.9690 140 140 119
175.2866 -220.1274 3387.9690 130 129 108
177.6271 -219.6610 3380.7910 135 134 114
180.1481 -219.4286 3377.2134 142 141 121
249.7228 -221.0661 3402.4165 127 124 99
252.4520 -221.0661 3402.4165 121 120 96
254.9095 -220.8307 3398.7932 121 118 96
257.6358 -220.8307 3398.7932 120 117 95
260.3621 -220.8307 3398.7932 121 119 95
262.8085 -220.5958 3395.1775 121 119 94
265.5320 -220.5958 3395.1775 119 118 92
268.2553 -220.5958 3395.1775 122 118 93
271.8463 -221.3020 3406.0479 121 118 92
274.2857 -221.0661 3402.4165 121 119 93
277.3106 -221.3020 3406.0479 118 116 92
280.3419 -221.5385 3409.6868 117 116 92
283.3797 -221.7754 3413.3335 114 114 90
286.7310 -222.2508 3420.6504 117 115 92
290.0967 -222.7283 3427.9988 113 112 88
293.1613 -222.9677 3431.6846 117 115 91
296.8716 -223.6893 3442.7905 117 114 88
299.6333 -223.6893 3442.7905 118 116 88
302.3948 -223.6893 3442.7905 117 115 89
305.4860 -223.9309 3446.5083 116 113 88
308.5838 -224.1730 3450.2344 117 115 92
312.3644 -224.9024 3461.4607 118 117 92
315.4832 -225.1466 3465.2190 120 119 92
318.2628 -225.1466 3465.2190 120 120 94
321.0424 -225.1466 3465.2190 123 122 95
324.1739 -225.3913 3468.9856 127 126 97
328.0262 -226.1287 3480.3345 130 129 103
13.5211 -246.3850 3745.8530 26 34 37
16.4486 -245.2337 3728.3491 21 28 33
19.3939 -244.6620 3719.6582 22 29 32
22.2738 -243.5267 3702.3977 25 30 32
25.1852 -242.9630 3693.8271 23 28 31
28.1808 -243.2445 3698.1074 26 32 36
31.1111 -242.9630 3693.8271 27 35 38
33.9954 -242.4019 3685.2964 33 41 43
36.8664 -241.8433 3676.8049 53 59 57
39.7699 -241.5650 3672.5740 147 154 145
42.6667 -241.2874 3668.3525 202 209 200
45.5568 -241.0103 3664.1409 199 205 196
51.2000 -239.9086 3647.3906 189 194 184
53.8794 -238.8168 3630.7927 196 199 188
56.5345 -237.7350 3614.3452 196 200 188
59.1657 -236.6629 3598.0459 195 199 187
69.2274 -231.6998 3522.5903 197 201 189
71.9735 -231.4443 3518.7065 200 204 192
74.6315 -230.9351 3510.9646 189 193 183
77.1930 -230.1755 3499.4153 194 199 189
79.9124 -229.9234 3495.5825 196 200 191
82.5355 -229.4208 3487.9419 193 199 190
85.2402 -229.1703 3484.1340 195 201 190
87.8431 -228.6710 3476.5432 192 195 183
90.5332 -228.4222 3472.7603 189 192 180
93.1162 -227.9262 3465.2190 176 179 166
95.6880 -227.4323 3457.7104 168 170 158
98.2487 -226.9406 3450.2344 160 163 151
100.7983 -226.4509 3442.7905 145 147 134
103.5599 -226.4509 3442.7905 140 139 120
105.8647 -225.4780 3427.9988 127 125 101
108.6144 -225.4780 3427.9988 128 126 100
111.2446 -225.2361 3424.3206 124 122 95
113.9914 -225.2361 3424.3206 126 123 99
116.6131 -224.9947 3420.6504 128 125 101
119.3569 -224.9947 3420.6504 137 134 111
121.8396 -224.5134 3413.3335 142 142 120
124.5775 -224.5134 3413.3335 150 150 129
127.1795 -224.2735 3409.6868 150 151 130
129.6375 -223.7953 3402.4165 151 151 131
132.3667 -223.7953 3402.4165 151 151 133
134.9521 -223.5570 3398.7932 154 155 138
137.5319 -223.3192 3395.1775 160 161 142
140.2553 -223.3192 3395.1775 163 165 149
142.8268 -223.0818 3391.5693 170 174 159
145.7021 -223.3192 3395.1775 172 178 166
148.2678 -223.0818 3391.5693 175 180 169
150.9883 -223.0818 3391.5693 169 173 161
153.7088 -223.0818 3391.5693 166 169 156
156.2633 -222.8450 3387.9690 159 161 146
158.9809 -222.8450 3387.9690 154 157 141
161.6985 -222.8450 3387.9690 153 155 139
164.4162 -222.8450 3387.9690 150 152 135
167.1338 -222.8450 3387.9690 146 147 130
170.2128 -223.3192 3395.1775 145 145 126
172.5690 -222.8450 3387.9690 145 144 124
175.2866 -222.8450 3387.9690 132 130 108
177.8155 -222.6087 3384.3762 141 141 121
249.7228 -223.7953 3402.4165 123 121 98
252.4520 -223.7953 3402.4165 120 118 95
255.1812 -223.7953 3402.4165 119 119 95
257.6358 -223.5570 3398.7932 117 114 90
260.3621 -223.5570 3398.7932 119 115 91
262.8085 -223.3192 3395.1775 121 116 92
265.5320 -223.3192 3395.1775 122 119 93
268.2553 -223.3192 3395.1775 123 119 95
271.5565 -223.7953 3402.4165 121 118 91
274.2857 -223.7953 3402.4165 120 118 93
277.3106 -224.0342 3406.0479 120 118 93
280.3419 -224.2735 3409.6868 120 119 90
283.3797 -224.5134 3413.3335 120 120 93
286.7310 -224.9947 3420.6504 122 121 95
290.4086 -225.7204 3431.6846 121 118 93
293.4769 -225.9634 3435.3787 117 115 91
297.1923 -226.6955 3446.5083 116 114 90
299.9568 -226.6955 3446.5083 118 116 90
302.7214 -226.6955 3446.5083 114 113 86
305.8163 -226.9406 3450.2344 112 110 85
308.9178 -227.1862 3453.9683 116 113 90
312.7036 -227.9262 3465.2190 115 114 88
315.8261 -228.1739 3468.9856 117 117 89
318.6087 -228.1739 3468.9856 121 120 94
321.7410 -228.4222 3472.7603 126 125 100
325.2345 -228.9204 3480.3345 131 129 103
13.5370 -249.6827 3750.2546 26 35 38
16.4678 -248.5146 3732.7097 23 30 33
19.3939 -247.6457 3719.6582 24 30 31
22.2738 -246.4965 3702.3977 27 32 35
25.2144 -246.2109 3698.1074 26 34 36
28.1808 -246.2109 3698.1074 27 34 36
31.1111 -245.9259 3693.8271 26 33 35
33.9954 -245.3580 3685.2964 33 41 43
36.8664 -244.7926 3676.8049 73 81 79
39.7699 -244.5109 3672.5740 171 179 169
42.7158 -244.5109 3672.5740 206 213 205
45.5568 -243.9495 3664.1409 200 207 199
48.4404 -243.6697 3659.9390 196 203 193
51.2000 -242.8343 3647.3906 190 196 186
53.8794 -241.7292 3630.7927 192 197 187
56.4706 -240.3620 3610.2566 196 199 189
69.1511 -234.2668 3518.7065 200 204 192
71.8152 -233.7514 3510.9646 199 204 193
74.4676 -233.2382 3503.2566 193 196 187
77.0241 -232.4727 3491.7578 189 193 183
79.6507 -231.9651 3484.1340 189 194 184
82.4454 -231.9651 3484.1340 194 199 190
85.0545 -231.4597 3476.5432 192 198 188
87.7476 -231.2078 3472.7603 192 196 185
90.4348 -230.9565 3468.9856 185 188 177
93.0152 -230.4556 3461.4607 174 177 165
95.5844 -229.9567 3453.9683 168 170 157
98.2487 -229.7081 3450.2344 163 166 151
100.7983 -229.2125 3442.7905 136 138 119
103.5599 -229.2125 3442.7905 134 133 112
105.8647 -228.2277 3427.9988 132 131 109
108.6144 -228.2277 3427.9988 133 131 109
111.2446 -227.9828 3424.3206 128 125 102
113.9914 -227.9828 3424.3206 134 131 105
116.6131 -227.7385 3420.6504 134 131 107
119.2291 -227.4947 3416.9880 136 135 112
121.8396 -227.2514 3413.3335 136 137 113
124.4445 -227.0086 3409.6868 144 146 125
127.0438 -226.7663 3406.0479 147 149 129
129.6375 -226.5245 3402.4165 145 145 126
132.2258 -226.2833 3398.7932 144 145 125
134.9521 -226.2833 3398.7932 153 155 136
137.5319 -226.0426 3395.1775 155 157 138
140.1063 -225.8024 3391.5693 163 165 150
142.8268 -225.8024 3391.5693 173 177 164
145.5473 -225.8024 3391.5693 173 178 168
148.1104 -225.5627 3387.9690 176 180 170
150.8280 -225.5627 3387.9690 164 167 156
153.5457 -225.5627 3387.9690 168 170 158
156.0976 -225.3234 3384.3762 158 161 147
158.8123 -225.3234 3384.3762 153 156 140
161.6985 -225.5627 3387.9690 159 162 146
164.4162 -225.5627 3387.9690 157 158 142
167.1338 -225.5627 3387.9690 142 143 127
170.2128 -226.0426 3395.1775 141 143 125
172.5690 -225.5627 3387.9690 148 148 130
175.4729 -225.8024 3391.5693 136 135 116
249.9893 -226.7663 3406.0479 120 118 93
252.7215 -226.7663 3406.0479 118 117 92
255.1812 -226.5245 3402.4165 118 117 93
257.6358 -226.2833 3398.7932 115 113 89
260.6397 -226.5245 3402.4165 117 113 89
262.8085 -226.0426 3395.1775 119 115 92
265.8147 -226.2833 3398.7932 119 114 91
268.2553 -226.0426 3395.1775 120 116 92
271.5565 -226.5245 3402.4165 121 117 94
274.2857 -226.5245 3402.4165 123 119 96
277.3106 -226.7663 3406.0479 121 119 94
280.3419 -227.0086 3409.6868 120 119 94
283.6831 -227.4947 3416.9880 118 117 94
287.0386 -227.9828 3424.3206 122 121 97
290.4086 -228.4731 3431.6846 119 118 93
293.7931 -228.9655 3439.0806 118 116 91
297.1923 -229.4601 3446.5083 116 115 90
300.2811 -229.7081 3450.2344 117 114 89
303.3766 -229.9567 3453.9683 116 114 87
306.1472 -229.9567 3453.9683 117 116 91
309.5879 -230.4556 3461.4607 118 117 92
313.0435 -230.9565 3468.9856 119 116 89
316.1698 -231.2078 3472.7603 120 116 91
319.3028 -231.4597 3476.5432 121 119 92
355.0685 -242.5571 3643.2268 125 125 98
358.4000 -242.8343 3647.3906 131 131 101
361.3257 -242.8343 3647.3906 149 148 120
364.2514 -242.8343 3647.3906 169 170 143
10.5412 -252.9883 3754.6667 27 35 39
13.5211 -252.3944 3745.8530 24 32 36
16.4678 -251.5088 3732.7097 23 29 32
19.3939 -250.6294 3719.6582 24 30 33
22.2738 -249.4664 3702.3977 26 33 35
25.2144 -249.1773 3698.1074 27 36 37
28.1808 -249.1773 3698.1074 26 34 35
31.1111 -248.8889 3693.8271 29 34 37
33.9954 -248.3141 3685.2964 34 40 43
36.8664 -247.7420 3676.8049 75 83 81
39.7699 -247.4569 3672.5740 185 193 184
42.7158 -247.4569 3672.5740 200 208 199
45.5568 -246.8887 3664.1409 199 206 196
48.3849 -246.3230 3655.7466 195 201 192
51.1416 -245.4795 3643.2268 195 201 190
53.8182 -244.3636 3626.6667 199 203 191
68.9989 -236.5677 3510.9646 195 200 191
71.5789 -235.7895 3499.4153 193 199 190
74.3045 -235.5312 3495.5825 197 202 192
76.8559 -234.7598 3484.1340 191 195 184
79.5638 -234.5038 3480.3345 192 195 186
82.2658 -234.2484 3476.5432 194 198 189
84.9619 -233.9935 3472.7603 194 199 189
87.6522 -233.7391 3468.9856 188 194 184
90.3366 -233.4854 3465.2190 179 184 173
92.9144 -232.9794 3457.7104 171 176 163
95.4811 -232.4757 3450.2344 162 166 153
98.1426 -232.2246 3446.5083 163 166 152
100.7983 -231.9741 3442.7905 144 146 128
103.4483 -231.7242 3439.0806 142 141 119
105.7511 -230.7296 3424.3206 135 135 112
108.4979 -230.7296 3424.3206 129 127 104
111.1254 -230.4823 3420.6504 125 123 100
113.8692 -230.4823 3420.6504 134 131 109
116.4882 -230.2356 3416.9880 139 136 115
119.2291 -230.2356 3416.9880 139 138 117
121.7094 -229.7436 3409.6868 135 135 114
124.4445 -229.7436 3409.6868 146 145 126
127.0438 -229.4984 3406.0479 152 151 132
129.4995 -229.0096 3398.7932 147 146 126
132.2258 -229.0096 3398.7932 148 147 128
134.8085 -228.7660 3395.1775 156 156 137
137.3858 -228.5229 3391.5693 158 159 140
139.9576 -228.2803 3387.9690 167 169 152
142.6752 -228.2803 3387.9690 173 177 163
145.3928 -228.2803 3387.9690 175 180 168
147.9534 -228.0382 3384.3762 175 179 168
150.8280 -228.2803 3387.9690 160 162 151
153.3828 -228.0382 3384.3762 160 163 149
155.9322 -227.7966 3380.7910 154 157 143
158.6441 -227.7966 3380.7910 150 153 137
161.5271 -228.0382 3384.3762 158 160 144
164.2418 -228.0382 3384.3762 153 154 139
166.9565 -228.0382 3384.3762 142 143 125
170.2128 -228.7660 3395.1775 143 143 123
172.3860 -228.0382 3384.3762 148 147 127
252.9915 -229.7436 3409.6868 123 120 95
255.4536 -229.4984 3406.0479 121 119 94
257.9105 -229.2538 3402.4165 118 116 91
260.6397 -229.2538 3402.4165 122 120 94
263.0884 -229.0096 3398.7932 122 120 95
265.8147 -229.0096 3398.7932 121 118 94
268.2553 -228.7660 3395.1775 122 120 95
271.8463 -229.4984 3406.0479 122 119 96
274.2857 -229.2538 3402.4165 122 120 95
277.3106 -229.4984 3406.0479 123 121 95
280.6417 -229.9893 3413.3335 119 117 94
283.6831 -230.2356 3416.9880 115 113 89
287.3470 -230.9775 3427.9988 116 114 91
291.0345 -231.7242 3439.0806 113 111 86
294.1100 -231.9741 3442.7905 114 111 86
297.5135 -232.4757 3450.2344 115 112 88
300.6061 -232.7273 3453.9683 114 111 88
303.7053 -232.9794 3457.7104 116 112 88
306.4789 -232.9794 3457.7104 115 113 88
310.2609 -233.7391 3468.9856 115 113 88
313.7255 -234.2484 3476.5432 123 119 94
316.8593 -234.5038 3480.3345 126 123 94
320.0000 -234.7598 3484.1340 130 129 100
324.5664 -236.0483 3503.2566 127 127 100
328.0968 -236.5677 3510.9646 122 121 95
348.8256 -245.1996 3639.0728 128 126 99
352.5486 -245.7600 3647.3906 123 121 97
355.4743 -245.7600 3647.3906 123 122 98
358.4000 -245.7600 3647.3906 128 127 102
361.3257 -245.7600 3647.3906 134 129 103
364.2514 -245.7600 3647.3906 107 90 65
10.5164 -255.3991 3745.8530 25 34 36
13.5053 -255.0997 3741.4617 26 34 36
16.4486 -254.2056 3728.3491 23 28 31
19.3714 -253.3178 3715.3279 22 27 30
22.2480 -252.1437 3698.1074 22 27 29
25.2144 -252.1437 3698.1074 27 33 33
28.1808 -252.1437 3698.1074 25 33 34
31.1111 -251.8519 3693.8271 30 35 38
34.0347 -251.5607 3689.5569 36 42 44
36.9089 -250.9804 3681.0459 95 102 98
39.8157 -250.6912 3676.8049 194 201 194
42.7158 -250.4028 3672.5740 202 209 202
45.5568 -249.8278 3664.1409 200 206 198
48.3849 -249.2555 3655.7466 196 202 192
51.1416 -248.4018 3643.2268 198 204 193
71.3443 -237.8142 3487.9419 193 197 185
74.1421 -237.8142 3487.9419 191 195 184
76.7721 -237.2955 3480.3345 186 191 181
79.4771 -237.0371 3476.5432 187 191 182
82.2658 -237.0371 3476.5432 193 198 188
84.9619 -236.7791 3472.7603 197 202 193
87.6522 -236.5218 3468.9856 191 197 189
90.3366 -236.2650 3465.2190 185 190 180
92.9144 -235.7530 3457.7104 176 179 167
95.4811 -235.2433 3450.2344 165 168 155
98.1426 -234.9892 3446.5083 160 163 149
100.9071 -234.9892 3446.5083 146 147 130
103.4483 -234.4828 3439.0806 145 145 126
105.7511 -233.4764 3424.3206 136 137 115
108.4979 -233.4764 3424.3206 133 133 108
111.0064 -232.9765 3416.9880 133 133 109
113.7473 -232.9765 3416.9880 132 131 107
116.4882 -232.9765 3416.9880 142 140 116
119.1016 -232.7273 3413.3335 137 136 112
121.5795 -232.2305 3406.0479 137 136 112
124.1791 -231.9830 3402.4165 139 138 116
126.9083 -231.9830 3402.4165 150 149 129
129.3617 -231.4894 3395.1775 151 150 132
132.0851 -231.4894 3395.1775 152 151 132
134.6653 -231.2434 3391.5693 153 154 136
137.2399 -230.9979 3387.9690 159 159 144
139.9576 -230.9979 3387.9690 171 174 159
142.6752 -230.9979 3387.9690 176 180 167
145.3928 -230.9979 3387.9690 171 176 164
147.9534 -230.7529 3384.3762 168 173 162
150.6681 -230.7529 3384.3762 166 168 156
153.3828 -230.7529 3384.3762 160 162 149
155.7672 -230.2645 3377.2134 155 157 142
158.6441 -230.5085 3380.7910 151 153 138
161.5271 -230.7529 3384.3762 156 157 144
164.2418 -230.7529 3384.3762 148 149 132
166.9565 -230.7529 3384.3762 145 146 129
170.3941 -231.7359 3398.7932 142 143 124
253.2621 -232.7273 3413.3335 125 123 98
255.7265 -232.4787 3409.6868 125 123 101
257.9105 -231.9830 3402.4165 122 122 98
260.9178 -232.2305 3406.0479 117 118 92
263.0884 -231.7359 3398.7932 116 115 90
266.0981 -231.9830 3402.4165 119 118 94
268.5410 -231.7359 3398.7932 117 115 91
271.8463 -232.2305 3406.0479 122 120 95
274.2857 -231.9830 3402.4165 126 124 98
277.3106 -232.2305 3406.0479 124 122 97
280.6417 -232.7273 3413.3335 123 119 96
283.9872 -233.2262 3420.6504 121 118 94
287.3470 -233.7272 3427.9988 120 118 95
291.0345 -234.4828 3439.0806 116 115 90
294.1100 -234.7357 3442.7905 110 109 84
297.8355 -235.4978 3453.9683 115 112 90
300.9318 -235.7530 3457.7104 113 110 88
304.0347 -236.0087 3461.4607 111 109 86
307.1444 -236.2650 3465.2190 110 108 83
310.9368 -237.0371 3476.5432 112 109 83
314.0676 -237.2955 3480.3345 118 117 90
317.2053 -237.5546 3484.1340 126 123 95
325.2805 -239.3840 3510.9646 124 122 97
328.8203 -239.9118 3518.7065 127 124 98
344.3360 -246.9921 3622.5503 128 128 102
348.8256 -248.1186 3639.0728 126 124 100
352.1461 -248.4018 3643.2268 119 118 94
355.4743 -248.6857 3647.3906 116 115 91
358.4000 -248.6857 3647.3906 127 127 101
361.3257 -248.6857 3647.3906 133 129 105
364.2514 -248.6857 3647.3906 90 64 45
10.5041 -258.1009 3741.4617 25 32 36
13.5053 -258.1009 3741.4617 24 30 33
16.4486 -257.1963 3728.3491 22 27 30
19.3714 -256.2980 3715.3279 22 28 31
22.2480 -255.1101 3698.1074 25 29 31
25.2436 -255.4060 3702.3977 28 32 34
28.1808 -255.1101 3698.1074 26 34 36
31.1111 -254.8148 3693.8271 34 39 42
34.0347 -254.5202 3689.5569 42 48 49
36.9089 -253.9331 3681.0459 121 129 123
39.8157 -253.6406 3676.8049 199 206 198
42.7158 -253.3487 3672.5740 202 209 202
45.5568 -252.7670 3664.1409 199 204 196
48.3849 -252.1879 3655.7466 197 203 192
65.8927 -241.1391 3495.5825 198 202 194
68.5465 -240.6120 3487.9419 197 202 191
71.1887 -240.0872 3480.3345 194 199 186
73.9804 -240.0872 3480.3345 189 192 181
76.6885 -239.8257 3476.5432 187 191 180
79.3906 -239.5647 3472.7603 190 194 184
82.1763 -239.5647 3472.7603 193 197 187
84.8696 -239.3044 3468.9856 191 197 186
87.6522 -239.3044 3468.9856 188 195 184
90.3366 -239.0445 3465.2190 185 190 181
92.9144 -238.5266 3457.7104 175 177 167
95.4811 -238.0108 3450.2344 170 172 158
98.2487 -238.0108 3450.2344 160 162 146
100.9071 -237.7538 3446.5083 146 148 128
103.4483 -237.2414 3439.0806 141 141 120
105.7511 -236.2232 3424.3206 138 137 114
108.4979 -236.2232 3424.3206 139 138 114
111.0064 -235.7174 3416.9880 136 135 112
113.7473 -235.7174 3416.9880 133 131 107
116.4882 -235.7174 3416.9880 142 139 114
119.1016 -235.4653 3413.3335 142 140 117
121.5795 -234.9627 3406.0479 141 138 118
124.1791 -234.7122 3402.4165 139 137 117
126.7732 -234.4622 3398.7932 153 153 133
129.3617 -234.2128 3395.1775 154 155 135
132.0851 -234.2128 3395.1775 152 152 133
134.6653 -233.9639 3391.5693 156 157 138
137.2399 -233.7155 3387.9690 162 164 148
139.9576 -233.7155 3387.9690 176 178 166
142.6752 -233.7155 3387.9690 167 171 160
145.3928 -233.7155 3387.9690 166 170 159
147.9534 -233.4677 3384.3762 169 171 161
150.6681 -233.4677 3384.3762 160 162 150
153.3828 -233.4677 3384.3762 161 163 149
155.7672 -232.9735 3377.2134 156 158 143
158.4762 -232.9735 3377.2134 153 155 140
161.6985 -233.7155 3387.9690 152 154 140
164.2418 -233.4677 3384.3762 146 147 131
167.1338 -233.7155 3387.9690 148 150 133
251.3305 -236.2232 3424.3206 124 122 97
253.8049 -235.9700 3420.6504 122 120 95
256.2741 -235.7174 3416.9880 119 117 93
258.4616 -235.2137 3409.6868 119 118 95
261.1966 -235.2137 3409.6868 114 113 90
263.3689 -234.7122 3402.4165 115 112 89
266.3821 -234.9627 3406.0479 116 115 89
268.5410 -234.4622 3398.7932 117 115 88
271.8463 -234.9627 3406.0479 120 117 89
274.5785 -234.9627 3406.0479 124 123 95
277.6069 -235.2137 3409.6868 121 120 94
281.2433 -235.9700 3420.6504 120 118 95
284.5972 -236.4769 3427.9988 120 116 94
288.2759 -237.2414 3439.0806 118 115 92
291.6631 -237.7538 3446.5083 116 114 90
295.0649 -238.2684 3453.9683 116 113 90
298.4816 -238.7853 3461.4607 114 110 87
301.5852 -239.0445 3465.2190 112 109 85
304.6957 -239.3044 3468.9856 109 107 82
307.8128 -239.5647 3472.7603 112 110 85
311.6157 -240.3494 3484.1340 116 112 88
314.7541 -240.6120 3487.9419 120 118 90
317.8994 -240.8753 3491.7578 126 124 96
322.1099 -241.9341 3507.1062 126 124 96
325.9978 -242.7343 3518.7065 126 124 96
344.3360 -249.8979 3622.5503 119 118 94
348.4283 -250.7517 3634.9280 119 118 93
351.7446 -251.0376 3639.0728 121 120 94
355.0685 -251.3242 3643.2268 122 122 98
358.4000 -251.6115 3647.3906 123 123 99
361.3257 -251.6115 3647.3906 133 130 105
364.2514 -251.6115 3647.3906 92 73 51
7.5206 -261.7156 3750.2546 25 31 34
10.5164 -261.4085 3745.8530 23 32 35
13.5053 -261.1020 3741.4617 24 31 34
16.4486 -260.1870 3728.3491 22 27 30
19.3488 -258.9768 3711.0078 22 28 30
22.2222 -257.7778 3693.8271 25 29 30
25.2436 -258.3759 3702.3977 27 30 31
28.1481 -257.7778 3693.8271 25 32 34
31.0393 -257.1825 3685.2964 31 38 39
33.9954 -257.1825 3685.2964 61 65 63
36.9515 -257.1825 3685.2964 151 157 150
39.8616 -256.8858 3681.0459 201 208 200
42.7650 -256.5899 3676.8049 200 208 200
45.5568 -255.7061 3664.1409 200 205 197
65.7486 -243.4099 3487.9419 190 195 187
68.3969 -242.8790 3480.3345 192 197 187
71.1111 -242.6144 3476.5432 191 196 186
73.8998 -242.6144 3476.5432 194 198 188
76.6050 -242.3504 3472.7603 193 197 187
79.3044 -242.0870 3468.9856 196 202 191
82.0870 -242.0870 3468.9856 196 202 192
84.8696 -242.0870 3468.9856 193 198 189
87.5570 -241.8241 3465.2190 187 193 183
90.2386 -241.5618 3461.4607 181 186 175
92.8139 -241.0390 3453.9683 174 179 168
95.4811 -240.7784 3450.2344 171 174 162
98.2487 -240.7784 3450.2344 156 157 144
100.7983 -240.2589 3442.7905 146 146 129
103.3369 -239.7417 3435.3787 146 145 125
105.7511 -238.9700 3424.3206 139 138 115
108.3816 -238.7139 3420.6504 142 141 118
111.0064 -238.4583 3416.9880 139 139 115
113.7473 -238.4583 3416.9880 132 132 108
116.3636 -238.2032 3413.3335 132 131 107
119.1016 -238.2032 3413.3335 140 138 116
121.4499 -237.4414 3402.4165 146 145 124
124.0469 -237.1885 3398.7932 142 141 121
126.6383 -236.9362 3395.1775 152 151 133
129.3617 -236.9362 3395.1775 156 157 139
132.0851 -236.9362 3395.1775 157 158 139
134.6653 -236.6844 3391.5693 165 166 148
137.2399 -236.4332 3387.9690 168 170 156
139.9576 -236.4332 3387.9690 172 175 163
142.6752 -236.4332 3387.9690 163 169 155
145.3928 -236.4332 3387.9690 163 166 153
147.9534 -236.1824 3384.3762 168 170 157
150.6681 -236.1824 3384.3762 159 162 148
153.2203 -235.9322 3380.7910 160 163 149
155.6025 -235.4334 3373.6436 157 159 144
158.3087 -235.4334 3373.6436 150 152 136
161.5271 -236.1824 3384.3762 153 155 140
254.3502 -239.2267 3427.9988 119 117 92
257.0999 -239.2267 3427.9988 120 117 91
259.0150 -238.4583 3416.9880 119 117 92
261.7559 -238.4583 3416.9880 121 119 93
263.6500 -237.6948 3406.0479 122 121 94
266.6667 -237.9487 3409.6868 124 124 97
268.8273 -237.4414 3402.4165 123 122 97
272.1368 -237.9487 3409.6868 125 123 98
274.8718 -237.9487 3409.6868 125 124 97
277.9037 -238.2032 3413.3335 123 123 97
281.8475 -239.2267 3427.9988 122 121 97
285.2099 -239.7417 3435.3787 121 120 94
288.8985 -240.5184 3446.5083 117 116 92
292.2944 -241.0390 3453.9683 117 114 90
295.7050 -241.5618 3461.4607 118 115 91
299.1304 -242.0870 3468.9856 114 112 85
301.9131 -242.0870 3468.9856 107 106 79
305.3595 -242.6144 3476.5432 110 109 83
308.8210 -243.1441 3484.1340 113 111 88
312.2976 -243.6762 3491.7578 121 117 93
315.4436 -243.9431 3495.5825 126 124 96
318.9462 -244.4786 3503.2566 129 124 99
322.8194 -245.2864 3514.8313 124 121 94
326.7183 -246.0995 3526.4827 127 124 96
329.9115 -246.3717 3530.3835 132 130 102
344.3360 -252.8036 3622.5503 120 121 95
348.0319 -253.3789 3630.7927 118 119 94
351.3440 -253.6674 3634.9280 118 119 94
355.0685 -254.2466 3643.2268 117 118 93
358.4000 -254.5372 3647.3906 123 121 97
361.3257 -254.5372 3647.3906 135 130 105
364.2514 -254.5372 3647.3906 95 79 52
367.5973 -254.8284 3651.5637 75 50 21
7.5206 -264.7239 3750.2546 24 32 36
10.5288 -264.7239 3750.2546 24 33 36
13.5053 -264.1032 3741.4617 24 30 34
16.4486 -263.1776 3728.3491 22 27 29
19.3714 -262.2585 3715.3279 20 27 26
22.2480 -261.0429 3698.1074 22 30 29
25.2729 -261.6493 3706.6978 25 31 33
28.1808 -261.0429 3698.1074 24 32 33
31.0751 -260.4393 3689.5569 33 43 44
34.0741 -260.7408 3693.8271 70 77 75
37.0370 -260.7408 3693.8271 166 173 165
40.0000 -260.7408 3693.8271 203 210 203
42.9133 -260.4393 3689.5569 201 209 201
45.6617 -259.2405 3672.5740 204 209 201
65.6769 -245.9389 3484.1340 194 198 188
68.3969 -245.6707 3480.3345 191 196 186
71.0337 -245.1360 3472.7603 191 197 188
73.8998 -245.4031 3476.5432 189 194 186
76.6050 -245.1360 3472.7603 191 196 188
79.3044 -244.8696 3468.9856 193 198 191
82.0870 -244.8696 3468.9856 195 201 193
84.7774 -244.6037 3465.2190 195 201 193
87.4620 -244.3384 3461.4607 189 195 184
90.2386 -244.3384 3461.4607 185 191 179
92.8139 -243.8095 3453.9683 175 180 168
95.3780 -243.2829 3446.5083 170 173 160
98.2487 -243.5460 3450.2344 155 156 142
100.7983 -243.0205 3442.7905 146 147 131
103.3369 -242.4973 3435.3787 146 147 130
105.6377 -241.4577 3420.6504 145 145 126
108.2655 -241.1992 3416.9880 144 142 119
110.8877 -240.9412 3413.3335 149 147 124
113.6257 -240.9412 3413.3335 136 135 111
116.2393 -240.6838 3409.6868 135 134 112
118.9744 -240.6838 3409.6868 139 138 118
121.3206 -239.9148 3398.7932 148 148 128
123.9149 -239.6596 3395.1775 139 139 118
126.5037 -239.4049 3391.5693 146 146 125
129.2242 -239.4049 3391.5693 154 155 135
131.9447 -239.4049 3391.5693 155 155 137
134.5223 -239.1508 3387.9690 168 169 153
137.2399 -239.1508 3387.9690 170 172 159
139.8091 -238.8971 3384.3762 176 178 167
142.6752 -239.1508 3387.9690 171 175 163
145.2386 -238.8971 3384.3762 168 171 158
147.7966 -238.6441 3380.7910 165 167 155
150.5085 -238.6441 3380.7910 156 160 147
153.0582 -238.3915 3377.2134 154 157 145
155.4382 -237.8881 3370.0811 154 156 142
157.9747 -237.6372 3366.5261 146 149 132
161.1852 -238.3915 3377.2134 149 152 136
205.1706 -232.9680 3300.3792 138 138 118
254.8978 -242.4973 3435.3787 120 118 92
259.2926 -241.4577 3420.6504 121 119 94
262.3176 -241.7168 3424.3206 120 119 94
263.9316 -240.6838 3409.6868 119 118 93
266.9519 -240.9412 3413.3335 120 120 95
269.4017 -240.6838 3409.6868 125 124 98
272.4278 -240.9412 3413.3335 124 122 95
275.1658 -240.9412 3413.3335 127 126 99
278.4995 -241.4577 3420.6504 124 122 97
282.4543 -242.4973 3435.3787 122 120 95
286.1339 -243.2829 3446.5083 121 120 95
289.5238 -243.8095 3453.9683 120 119 95
292.6111 -244.0737 3457.7104 117 115 92
296.0261 -244.6037 3465.2190 113 111 87
299.1304 -244.8696 3468.9856 114 112 87
302.2416 -245.1360 3472.7603 111 110 85
305.6925 -245.6707 3480.3345 115 115 90
309.4967 -246.4770 3491.7578 115 113 88
312.9825 -247.0175 3499.4153 120 117 90
316.1361 -247.2887 3503.2566 129 127 97
319.2967 -247.5604 3507.1062 127 124 97
323.1753 -248.3793 3518.7065 125 124 96
326.7183 -248.9282 3526.4827 129 128 102
330.6430 -249.7561 3538.2114 122 121 97
344.3360 -255.7095 3622.5503 116 116 92
348.0319 -256.2913 3630.7927 116 116 93
351.3440 -256.5832 3634.9280 111 112 88
355.0685 -257.1690 3643.2268 120 120 95
358.4000 -257.4629 3647.3906 125 123 98
361.3257 -257.4629 3647.3906 133 130 104
364.2514 -257.4629 3647.3906 109 95 64
367.5973 -257.7574 3651.5637 91 67 30
509.2684 -343.4147 4865.0410 84 55 24
513.1708 -343.4147 4865.0410 83 52 23
4.5176 -268.0471 3754.6667 27 33 36
7.5206 -267.7321 3750.2546 26 34 36
10.5164 -267.4178 3745.8530 25 33 36
13.5053 -267.1044 3741.4617 25 33 35
16.4678 -266.4796 3732.7097 22 28 32
19.3939 -265.5478 3719.6582 21 27 28
22.2738 -264.3156 3702.3977 23 29 32
25.3023 -264.9302 3711.0078 26 32 36
28.2135 -264.3156 3702.3977 31 36 39
31.1111 -263.7037 3693.8271 38 44 46
34.1531 -264.3156 3702.3977 83 91 86
37.1230 -264.3156 3702.3977 184 192 183
40.0928 -264.3156 3702.3977 200 207 200
43.0127 -264.0093 3698.1074 201 208 201
65.6769 -248.7336 3484.1340 195 201 192
68.3969 -248.4624 3480.3345 191 195 185
71.1111 -248.1917 3476.5432 191 195 185
73.8998 -248.1917 3476.5432 188 194 184
76.6050 -247.9217 3472.7603 191 198 188
79.3044 -247.6522 3468.9856 189 195 185
82.0870 -247.6522 3468.9856 189 195 186
84.7774 -247.3833 3465.2190 187 192 183
87.4620 -247.1150 3461.4607 182 186 176
90.2386 -247.1150 3461.4607 182 186 175
92.8139 -246.5801 3453.9683 171 177 166
95.4811 -246.3135 3450.2344 164 168 154
98.2487 -246.3135 3450.2344 157 159 142
100.6897 -245.5172 3439.0806 147 148 132
103.2258 -244.9893 3431.6846 149 150 133
105.4118 -243.6792 3413.3335 149 149 129
108.0342 -243.4188 3409.6868 139 138 116
110.6510 -243.1590 3406.0479 132 130 109
113.3831 -243.1590 3406.0479 135 133 112
116.1153 -243.1590 3406.0479 139 138 116
118.7207 -242.8998 3402.4165 139 139 118
121.0627 -242.1254 3391.5693 144 144 123
123.7832 -242.1254 3391.5693 145 144 124
126.3694 -241.8684 3387.9690 150 150 131
129.0871 -241.8684 3387.9690 155 156 138
131.8047 -241.8684 3387.9690 153 155 136
134.3797 -241.6119 3384.3762 165 167 149
137.0944 -241.6119 3384.3762 167 169 155
139.8091 -241.6119 3384.3762 174 177 166
142.5239 -241.6119 3384.3762 171 175 164
145.2386 -241.6119 3384.3762 167 170 157
147.7966 -241.3559 3380.7910 164 167 154
150.3492 -241.1005 3377.2134 159 162 150
152.8964 -240.8457 3373.6436 151 153 140
155.2743 -240.3376 3366.5261 150 152 137
157.9747 -240.3376 3366.5261 147 150 134
161.0148 -240.8457 3373.6436 153 155 140
199.8759 -235.6153 3300.3792 147 147 126
205.3830 -235.8592 3303.7959 138 138 115
255.1724 -245.5172 3439.0806 127 125 100
259.5708 -244.4635 3424.3206 128 126 101
262.3176 -244.4635 3424.3206 129 127 102
264.2139 -243.6792 3413.3335 125 123 98
266.9519 -243.6792 3413.3335 121 120 94
269.4017 -243.4188 3409.6868 126 124 96
272.4278 -243.6792 3413.3335 126 123 95
275.1658 -243.6792 3413.3335 124 122 96
278.4995 -244.2015 3420.6504 121 119 93
282.7586 -245.5172 3439.0806 123 121 97
286.4433 -246.3135 3450.2344 117 115 92
289.8375 -246.8472 3457.7104 115 113 89
292.9284 -247.1150 3461.4607 115 112 89
296.0261 -247.3833 3465.2190 109 107 84
299.4559 -247.9217 3472.7603 106 104 82
302.5708 -248.1917 3476.5432 110 107 83
306.0262 -248.7336 3484.1340 115 113 88
309.8357 -249.5509 3495.5825 119 118 91
313.3260 -250.0988 3503.2566 126 125 98
316.4835 -250.3736 3507.1062 124 122 95
319.6480 -250.6491 3510.9646 121 121 93
323.1753 -251.2018 3518.7065 126 125 99
327.0797 -252.0354 3530.3835 126 126 102
331.0100 -252.8746 3542.1384 116 116 93
340.6569 -258.0294 3614.3452 113 112 90
343.9456 -258.3220 3618.4431 117 115 91
347.6364 -258.9091 3626.6667 116 117 95
350.9443 -259.2037 3630.7927 108 109 87
354.6637 -259.7948 3639.0728 116 116 92
358.4000 -260.3886 3647.3906 118 118 93
361.3257 -260.3886 3647.3906 129 129 103
364.2514 -260.3886 3647.3906 115 101 71
367.5973 -260.6865 3651.5637 93 66 29
505.3659 -347.3171 4865.0410 99 65 26
509.2684 -347.3171 4865.0410 100 68 27
513.1708 -347.3171 4865.0410 102 69 28
517.0732 -347.3171 4865.0410 106 73 33
527.1733 -346.2614 4850.2534 125 87 47
655.1033 -336.0472 4707.1782 139 121 70
4.5123 -270.7403 3750.2546 28 34 37
7.5117 -270.4225 3745.8530 26 32 36
10.5041 -270.1055 3741.4617 22 29 31
13.4895 -269.7892 3737.0806 21 28 31
16.4678 -269.4737 3732.7097 20 28 29
19.3714 -268.2189 3715.3279 22 27 28
22.2738 -267.2854 3702.3977 23 28 32
25.3023 -267.9070 3711.0078 28 33 37
28.2135 -267.2854 3702.3977 34 40 40
31.1111 -266.6667 3693.8271 46 51 51
34.1928 -267.5959 3706.6978 119 125 119
37.1661 -267.5959 3706.6978 195 203 194
40.1394 -267.5959 3706.6978 202 209 201
65.6769 -251.5284 3484.1340 189 194 184
68.3969 -251.2541 3480.3345 188 192 183
71.1111 -250.9804 3476.5432 185 188 180
73.8194 -250.7073 3472.7603 185 190 181
76.6050 -250.7073 3472.7603 192 196 188
79.3044 -250.4348 3468.9856 193 198 189
81.9978 -250.1629 3465.2190 192 197 189
84.6855 -249.8916 3461.4607 187 191 182
87.4620 -249.8916 3461.4607 184 188 177
90.1408 -249.6208 3457.7104 181 185 175
92.8139 -249.3507 3453.9683 175 180 170
95.3780 -248.8121 3446.5083 162 165 154
98.1426 -248.8121 3446.5083 154 157 141
100.5813 -248.0086 3435.3787 143 144 126
103.0043 -247.2103 3424.3206 142 143 124
105.1868 -245.8912 3406.0479 145 146 128
107.9189 -245.8912 3406.0479 139 138 118
110.5331 -245.6290 3402.4165 129 127 103
113.1417 -245.3674 3398.7932 138 134 111
115.8680 -245.3674 3398.7932 143 142 119
118.4681 -245.1064 3395.1775 135 135 112
120.8059 -244.3266 3384.3762 136 135 114
123.5207 -244.3266 3384.3762 147 147 126
126.2354 -244.3266 3384.3762 157 157 137
128.9502 -244.3266 3384.3762 157 157 138
131.6649 -244.3266 3384.3762 153 155 138
134.2373 -244.0678 3380.7910 161 164 149
136.9492 -244.0678 3380.7910 169 173 162
139.6610 -244.0678 3380.7910 168 173 164
142.3729 -244.0678 3380.7910 172 178 167
145.0847 -244.0678 3380.7910 165 169 158
147.6402 -243.8095 3377.2134 162 165 152
150.3492 -243.8095 3377.2134 163 166 153
152.8964 -243.5518 3373.6436 158 161 148
155.2743 -243.0380 3366.5261 155 157 144
157.8082 -242.7819 3362.9788 152 153 140
160.8448 -243.2946 3370.0811 151 152 139
186.6391 -238.2627 3300.3792 141 141 122
194.5812 -238.2627 3300.3792 146 144 126
197.2285 -238.2627 3300.3792 139 138 119
200.0828 -238.5093 3303.7959 139 140 120
202.5233 -238.2627 3300.3792 139 140 118
205.3830 -238.5093 3303.7959 140 141 120
210.6833 -238.5093 3303.7959 131 130 108
255.1724 -248.2759 3439.0806 121 120 96
257.6534 -248.0086 3435.3787 122 121 94
259.5708 -247.2103 3424.3206 123 121 94
262.3176 -247.2103 3424.3206 129 126 100
264.2139 -246.4171 3413.3335 128 125 99
266.9519 -246.4171 3413.3335 126 124 99
269.4017 -246.1539 3409.6868 125 124 100
272.1368 -246.1539 3409.6868 124 123 99
275.1658 -246.4171 3413.3335 122 121 96
278.2013 -246.6810 3416.9880 120 119 96
283.0637 -248.5437 3442.7905 118 117 94
286.7533 -249.3507 3453.9683 114 112 89
290.1519 -249.8916 3461.4607 115 113 90
293.2465 -250.1629 3465.2190 115 111 88
296.3478 -250.4348 3468.9856 113 109 86
299.7822 -250.9804 3476.5432 111 110 85
302.9008 -251.2541 3480.3345 110 109 84
306.6958 -252.0788 3491.7578 115 115 86
310.1754 -252.6316 3499.4153 121 120 93
313.6703 -253.1868 3507.1062 121 121 95
316.8317 -253.4654 3510.9646 123 121 96
320.0000 -253.7445 3514.8313 125 122 96
323.5320 -254.3047 3522.5903 123 122 98
327.8049 -255.4324 3538.2114 119 120 98
331.3778 -256.0000 3546.0742 110 112 88
340.6569 -260.9287 3614.3452 113 112 89
343.9456 -261.2245 3618.4431 113 112 89
346.8481 -261.2245 3618.4431 109 108 87
350.1476 -261.5210 3622.5503 109 108 87
353.8567 -262.1161 3630.7927 115 114 89
357.5827 -262.7138 3639.0728 117 117 91
360.9132 -263.0137 3643.2268 131 130 105
364.2514 -263.3143 3647.3906 126 112 81
505.3659 -351.2195 4865.0410 125 89 44
509.2684 -351.2195 4865.0410 147 109 61
513.1708 -351.2195 4865.0410 163 124 79
517.8626 -351.7557 4872.4683 172 133 90
520.9757 -351.2195 4865.0410 172 132 94
524.8781 -351.2195 4865.0410 165 125 92
527.9756 -350.6849 4857.6357 155 112 79
531.0638 -350.1520 4850.2534 150 105 72
613.2538 -343.8806 4763.3833 166 149 94
617.9971 -344.3947 4770.5034 165 150 94
634.2858 -342.8572 4749.2065 159 142 88
638.0953 -342.8572 4749.2065 162 142 86
640.9510 -342.3477 4742.1499 163 142 88
643.7983 -341.8398 4735.1138 154 135 84
645.6805 -340.8284 4721.1045 148 131 79
648.5081 -340.3250 4714.1309 146 128 78
651.3275 -339.8230 4707.1782 145 126 77
654.1385 -339.3225 4700.2456 143 125 75
656.9412 -338.8235 4693.3335 136 118 68
661.6790 -339.3225 4700.2456 133 113 63
666.4307 -339.8230 4707.1782 132 111 60
7.5294 -274.0706 3754.6667 24 31 34
10.5164 -273.4272 3745.8530 21 28 29
13.4895 -272.7869 3737.0806 22 29 31
16.4678 -272.4679 3732.7097 20 27 28
19.3714 -271.1991 3715.3279 20 26 26
22.2997 -270.5691 3706.6978 22 29 31
25.3318 -271.1991 3715.3279 27 34 36
28.2462 -270.5691 3706.6978 28 37 34
31.1833 -270.2552 3702.3977 47 54 53
34.2724 -271.1991 3715.3279 138 144 139
37.2093 -270.8837 3711.0078 199 205 198
40.2328 -271.1991 3715.3279 200 207 200
65.6769 -254.3232 3484.1340 189 194 182
68.3969 -254.0458 3480.3345 188 191 181
71.0337 -253.4929 3472.7603 182 186 177
73.8194 -253.4929 3472.7603 187 193 184
76.6050 -253.4929 3472.7603 186 191 182
79.3044 -253.2174 3468.9856 188 193 185
81.9978 -252.9425 3465.2190 189 194 186
84.6855 -252.6681 3461.4607 185 190 181
87.3673 -252.3944 3457.7104 183 188 178
90.1408 -252.3944 3457.7104 176 179 170
92.7135 -251.8486 3450.2344 173 176 166
95.2751 -251.3053 3442.7905 162 166 154
98.1426 -251.5767 3446.5083 151 155 141
100.3652 -250.2256 3427.9988 149 151 136
102.6738 -249.1551 3413.3335 140 140 122
105.0746 -248.3582 3402.4165 139 140 120
107.6890 -248.0937 3398.7932 139 140 119
110.2979 -247.8298 3395.1775 137 136 113
113.0213 -247.8298 3395.1775 132 131 108
115.6217 -247.5664 3391.5693 147 147 127
118.3422 -247.5664 3391.5693 139 139 119
120.6780 -246.7797 3380.7910 137 138 118
123.3898 -246.7797 3380.7910 148 149 131
126.1017 -246.7797 3380.7910 159 158 140
128.8136 -246.7797 3380.7910 157 157 139
131.5254 -246.7797 3380.7910 157 159 143
134.2373 -246.7797 3380.7910 159 163 149
136.9492 -246.7797 3380.7910 169 174 164
139.6610 -246.7797 3380.7910 166 172 163
142.3729 -246.7797 3380.7910 169 175 164
144.9312 -246.5185 3377.2134 168 172 162
147.6402 -246.5185 3377.2134 167 170 158
150.3492 -246.5185 3377.2134 164 166 153
152.7350 -245.9979 3370.0811 162 164 151
155.1107 -245.4795 3362.9788 157 160 144
157.6421 -245.2211 3359.4387 152 155 140
164.1710 -242.9197 3327.9111 141 142 124
186.8323 -241.1595 3303.7959 139 139 119
192.1325 -241.1595 3303.7959 137 137 117
194.5812 -240.9100 3300.3792 143 142 123
197.2285 -240.9100 3300.3792 137 136 117
200.0828 -241.1595 3303.7959 142 141 120
202.7329 -241.1595 3303.7959 133 134 111
205.5959 -241.4093 3307.2195 138 138 117
208.2487 -241.4093 3307.2195 137 137 115
210.9016 -241.4093 3307.2195 134 132 111
254.8978 -250.7643 3435.3787 119 118 94
259.0150 -249.4219 3416.9880 123 123 97
261.7559 -249.4219 3416.9880 124 123 98
263.9316 -248.8889 3409.6868 122 121 95
266.6667 -248.8889 3409.6868 124 122 97
269.1142 -248.6233 3406.0479 120 119 95
271.8463 -248.6233 3406.0479 118 116 94
274.8718 -248.8889 3409.6868 117 115 93
278.2013 -249.4219 3416.9880 115 113 91
283.3693 -251.5767 3446.5083 115 114 91
287.0639 -252.3944 3457.7104 113 112 89
290.4669 -252.9425 3465.2190 115 114 90
293.5652 -253.2174 3468.9856 113 110 86
296.6703 -253.4929 3472.7603 113 111 87
300.1091 -254.0458 3480.3345 111 109 86
303.2314 -254.3232 3484.1340 111 109 86
307.0318 -255.1588 3495.5825 118 116 91
310.5159 -255.7190 3503.2566 124 123 97
313.6703 -256.0000 3507.1062 116 116 92
316.8317 -256.2816 3510.9646 120 119 95
320.0000 -256.5639 3514.8313 121 121 96
323.5320 -257.1302 3522.5903 120 121 99
327.8049 -258.2705 3538.2114 113 115 93
331.7464 -259.1324 3550.0186 109 111 89
341.0431 -264.1270 3618.4431 106 107 85
344.3360 -264.4268 3622.5503 109 109 87
347.2418 -264.4268 3622.5503 106 106 85
350.5455 -264.7273 3626.6667 109 110 88
354.2597 -265.3303 3634.9280 113 112 89
357.9909 -265.9361 3643.2268 116 115 90
360.9132 -265.9361 3643.2268 130 129 101
502.9969 -356.2080 4879.9185 166 121 71
506.1374 -355.6642 4872.4683 156 110 71
510.0458 -355.6642 4872.4683 135 91 64
513.9542 -355.6642 4872.4683 127 82 59
517.8626 -355.6642 4872.4683 130 85 59
521.7710 -355.6642 4872.4683 134 93 65
524.8781 -355.1220 4865.0410 138 100 72
527.9756 -354.5815 4857.6357 138 99 69
531.0638 -354.0426 4850.2534 142 103 73
533.3333 -352.9697 4835.5557 145 108 77
537.2122 -352.9697 4835.5557 144 109 76
541.0909 -352.9697 4835.5557 141 104 72
605.6120 -347.7015 4763.3833 164 131 77
609.4329 -347.7015 4763.3833 166 140 86
612.3398 -347.1833 4756.2842 163 141 89
617.0746 -347.7015 4763.3833 163 141 88
619.9702 -347.1833 4756.2842 166 143 90
624.7165 -347.7015 4763.3833 167 144 93
627.6006 -347.1833 4756.2842 168 143 96
630.4763 -346.6667 4749.2065 167 141 94
632.4036 -345.6380 4735.1138 161 133 86
636.2018 -345.6380 4735.1138 158 130 83
639.0519 -345.1260 4728.0991 155 128 85
641.8935 -344.6154 4721.1045 146 120 79
644.7267 -344.1064 4714.1309 135 109 68
647.5517 -343.5988 4707.1782 135 108 67
650.3682 -343.0928 4700.2456 136 108 68
653.1765 -342.5883 4693.3335 133 107 66
656.9412 -342.5883 4693.3335 135 109 67
661.6790 -343.0928 4700.2456 131 103 64
665.4493 -343.0928 4700.2456 128 101 61
668.2354 -342.5883 4693.3335 129 101 61
672.9897 -343.0928 4700.2456 132 105 61
674.7724 -342.0852 4686.4414 134 109 64
7.5294 -277.0824 3754.6667 26 32 35
10.5288 -276.7568 3750.2546 24 29 31
13.4895 -275.7845 3737.0806 23 28 31
16.4678 -275.4620 3732.7097 22 28 29
19.3714 -274.1793 3715.3279 21 26 26
22.2997 -273.5424 3706.6978 23 26 29
25.3318 -274.1793 3715.3279 26 31 31
28.2791 -273.8605 3711.0078 28 33 32
31.2195 -273.5424 3706.6978 59 65 63
37.2960 -274.4989 3719.6582 200 206 200
65.7486 -257.3989 3487.9419 185 188 179
68.3969 -256.8375 3480.3345 183 187 177
71.1111 -256.5577 3476.5432 186 192 181
73.8194 -256.2786 3472.7603 187 193 184
76.6050 -256.2786 3472.7603 189 194 186
79.3044 -256.0000 3468.9856 195 199 191
81.9978 -255.7221 3465.2190 191 195 187
84.6855 -255.4447 3461.4607 183 189 178
87.3673 -255.1680 3457.7104 173 178 166
90.0433 -254.8918 3453.9683 171 176 165
92.7135 -254.6162 3450.2344 169 172 163
95.2751 -254.0669 3442.7905 156 159 147
98.0367 -254.0669 3442.7905 153 156 142
100.2575 -252.7039 3424.3206 153 153 141
102.5641 -251.6240 3409.6868 142 143 128
104.9627 -250.8200 3398.7932 137 139 120
107.5745 -250.5532 3395.1775 137 138 118
110.1807 -250.2869 3391.5693 138 138 117
112.9012 -250.2869 3391.5693 133 133 112
115.4990 -250.0213 3387.9690 142 143 124
118.2166 -250.0213 3387.9690 143 144 125
120.5503 -249.2275 3377.2134 140 139 120
123.2593 -249.2275 3377.2134 151 151 132
125.9683 -249.2275 3377.2134 156 157 138
128.6773 -249.2275 3377.2134 159 160 142
131.3862 -249.2275 3377.2134 155 157 142
134.0952 -249.2275 3377.2134 157 160 148
136.8042 -249.2275 3377.2134 164 168 158
139.5132 -249.2275 3377.2134 163 166 156
142.2222 -249.2275 3377.2134 164 169 156
144.7780 -248.9641 3373.6436 165 169 157
147.4842 -248.9641 3373.6436 163 166 154
150.0317 -248.7012 3370.0811 157 160 147
152.4131 -248.1770 3362.9788 160 163 150
154.7845 -247.6551 3355.9062 152 155 140
157.1459 -247.1354 3348.8633 157 160 144
161.8391 -246.1024 3334.8660 151 154 138
163.8293 -245.0780 3320.9851 144 145 128
165.6315 -243.8095 3303.7959 146 145 128
173.2231 -243.3058 3296.9697 139 137 116
186.8323 -243.8095 3303.7959 139 138 118
189.2865 -243.5574 3300.3792 143 142 122
192.3316 -244.0622 3307.2195 142 142 122
194.7826 -243.8095 3303.7959 143 144 125
197.4327 -243.8095 3303.7959 141 140 122
200.2902 -244.0622 3307.2195 144 144 124
202.9430 -244.0622 3307.2195 140 140 120
205.8091 -244.3154 3310.6501 141 141 121
208.2487 -244.0622 3307.2195 140 139 118
211.1203 -244.3154 3310.6501 137 135 114
213.5544 -244.0622 3307.2195 141 140 120
216.2073 -244.0622 3307.2195 131 130 106
259.0150 -252.1628 3416.9880 126 126 100
261.7559 -252.1628 3416.9880 130 128 104
263.9316 -251.6240 3409.6868 127 127 102
266.6667 -251.6240 3409.6868 125 122 99
269.1142 -251.3554 3406.0479 123 122 98
271.8463 -251.3554 3406.0479 121 120 94
275.1658 -251.8931 3413.3335 119 118 92
278.2013 -252.1628 3416.9880 124 123 97
283.6757 -254.6162 3450.2344 122 119 97
287.3753 -255.4447 3461.4607 119 115 94
290.7826 -256.0000 3468.9856 117 115 91
293.5652 -256.0000 3468.9856 117 115 89
296.6703 -256.2786 3472.7603 117 113 88
300.1091 -256.8375 3480.3345 115 113 89
303.5629 -257.3989 3487.9419 117 116 90
307.3684 -258.2456 3499.4153 123 122 95
310.8572 -258.8132 3507.1062 120 119 94
314.0154 -259.0979 3510.9646 118 117 93
316.8317 -259.0979 3510.9646 121 120 96
320.0000 -259.3833 3514.8313 119 118 97
323.5320 -259.9559 3522.5903 118 117 94
328.5334 -261.6889 3546.0742 114 113 89
341.8182 -267.6364 3626.6667 110 109 87
345.5125 -268.2460 3634.9280 108 107 87
348.4283 -268.2460 3634.9280 105 104 84
351.3440 -268.2460 3634.9280 111 111 89
354.6637 -268.5519 3639.0728 114 112 90
358.4000 -269.1657 3647.3906 115 113 88
361.3257 -269.1657 3647.3906 129 127 100
364.6682 -269.4737 3651.5637 145 132 103
499.0826 -360.1223 4879.9185 164 118 77
502.9969 -360.1223 4879.9185 168 120 76
506.1374 -359.5725 4872.4683 158 109 67
510.0458 -359.5725 4872.4683 151 100 57
513.9542 -359.5725 4872.4683 149 100 59
517.8626 -359.5725 4872.4683 134 88 57
521.7710 -359.5725 4872.4683 118 79 54
525.6794 -359.5725 4872.4683 115 81 56
527.9756 -358.4780 4857.6357 116 88 60
531.0638 -357.9331 4850.2534 121 94 65
533.3333 -356.8485 4835.5557 120 93 63
537.2122 -356.8485 4835.5557 125 97 64
541.0909 -356.8485 4835.5557 126 99 66
544.1453 -356.3087 4828.2402 125 100 67
547.1904 -355.7704 4820.9468 125 99 66
549.3976 -354.6988 4806.4258 126 100 67
561.0699 -349.9554 4742.1499 126 91 58
564.0356 -349.4362 4735.1138 128 92 58
596.1905 -350.4762 4749.2065 140 89 49
600.0000 -350.4762 4749.2065 142 92 50
604.7094 -350.9985 4756.2842 151 102 59
608.5246 -350.9985 4756.2842 162 119 73
610.5201 -349.9554 4742.1499 171 133 86
615.2382 -350.4762 4749.2065 171 136 88
618.1279 -349.9554 4742.1499 159 125 76
621.9317 -349.9554 4742.1499 137 105 60
625.7356 -349.9554 4742.1499 108 80 44
628.6053 -349.4362 4735.1138 92 68 39
630.5325 -348.4024 4721.1045 92 70 42
634.3195 -348.4024 4721.1045 95 73 41
637.1640 -347.8877 4714.1309 97 74 43
640.9454 -347.8877 4714.1309 95 72 44
643.7759 -347.3747 4707.1782 94 71 43
646.5980 -346.8631 4700.2456 94 71 41
649.4118 -346.3530 4693.3335 94 68 37
653.1765 -346.3530 4693.3335 94 68 39
655.9765 -345.8444 4686.4414 95 70 41
660.7059 -346.3530 4693.3335 95 68 41
665.4493 -346.8631 4700.2456 94 67 41
668.2354 -346.3530 4693.3335 91 66 40
672.0000 -346.3530 4693.3335 90 66 40
674.7724 -345.8444 4686.4414 94 69 41
676.5447 -344.8317 4672.7188 100 71 43
7.5206 -279.7650 3750.2546 21 31 33
10.5288 -279.7650 3750.2546 21 29 30
13.4895 -278.7822 3737.0806 20 26 29
16.4678 -278.4561 3732.7097 21 26 28
19.3714 -277.1595 3715.3279 21 25 26
22.3256 -276.8372 3711.0078 21 27 27
25.3318 -277.1595 3715.3279 24 30 31
28.2791 -276.8372 3711.0078 28 34 32
31.2195 -276.5157 3706.6978 73 79 74
37.3396 -277.8063 3723.9985 202 208 201
65.7486 -260.1967 3487.9419 188 192 182
68.3969 -259.6292 3480.3345 184 189 180
71.1111 -259.3464 3476.5432 181 184 175
73.8194 -259.0642 3472.7603 186 191 181
76.6050 -259.0642 3472.7603 190 196 187
79.3044 -258.7826 3468.9856 193 200 192
81.9978 -258.5016 3465.2190 189 194 185
84.6855 -258.2213 3461.4607 188 192 182
87.3673 -257.9415 3457.7104 180 185 174
90.1408 -257.9415 3457.7104 179 184 173
92.7135 -257.3838 3450.2344 170 175 162
95.2751 -256.8285 3442.7905 159 162 148
97.9310 -256.5518 3439.0806 158 160 146
100.2575 -255.4507 3424.3206 149 150 136
102.5641 -254.3590 3409.6868 147 148 131
104.9627 -253.5464 3398.7932 145 145 126
107.5745 -253.2766 3395.1775 140 141 121
110.1807 -253.0074 3391.5693 143 144 122
112.9012 -253.0074 3391.5693 144 143 122
115.4990 -252.7389 3387.9690 135 135 116
118.0912 -252.4709 3384.3762 148 148 130
120.4228 -251.6702 3373.6436 142 143 123
123.2593 -251.9365 3377.2134 151 152 133
125.9683 -251.9365 3377.2134 151 152 135
128.6773 -251.9365 3377.2134 159 160 142
131.2474 -251.6702 3373.6436 156 158 143
133.9535 -251.6702 3373.6436 157 161 149
136.8042 -251.9365 3377.2134 158 162 151
139.3658 -251.6702 3373.6436 161 165 155
142.0719 -251.6702 3373.6436 161 166 155
144.6252 -251.4044 3370.0811 162 167 155
147.3284 -251.4044 3370.0811 160 163 152
149.7155 -250.8746 3362.9788 152 155 143
152.2526 -250.6105 3359.4387 158 161 150
154.4596 -249.8216 3348.8633 151 153 140
157.1459 -249.8216 3348.8633 151 153 138
161.8391 -248.7774 3334.8660 150 152 138
163.8293 -247.7420 3320.9851 144 145 128
165.6315 -246.4597 3303.7959 143 142 124
168.2816 -246.4597 3303.7959 150 151 132
170.7549 -246.2048 3300.3792 138 137 116
173.4023 -246.2048 3300.3792 136 134 113
175.8678 -245.9504 3296.9697 138 137 116
178.6970 -246.2048 3300.3792 138 139 119
184.1822 -246.4597 3303.7959 134 134 114
187.0259 -246.7150 3307.2195 143 141 121
189.4824 -246.4597 3303.7959 146 145 124
192.3316 -246.7150 3307.2195 145 144 124
194.9845 -246.7150 3307.2195 146 145 126
197.6373 -246.7150 3307.2195 143 143 123
200.4979 -246.9710 3310.6501 142 141 121
202.9430 -246.7150 3307.2195 143 143 124
205.8091 -246.9710 3310.6501 144 145 126
208.4647 -246.9710 3310.6501 139 139 119
211.1203 -246.9710 3310.6501 134 134 113
213.7760 -246.9710 3310.6501 136 136 114
216.2073 -246.7150 3307.2195 127 125 101
221.2837 -246.4597 3303.7959 134 133 110
259.0150 -254.9037 3416.9880 127 126 101
261.7559 -254.9037 3416.9880 125 124 99
263.9316 -254.3590 3409.6868 124 123 99
266.6667 -254.3590 3409.6868 123 123 97
269.1142 -254.0875 3406.0479 124 123 98
271.8463 -254.0875 3406.0479 123 120 96
275.1658 -254.6310 3413.3335 123 121 97
278.4995 -255.1769 3420.6504 124 124 100
283.9827 -257.6624 3453.9683 120 119 95
287.6873 -258.5016 3465.2190 120 119 95
290.7826 -258.7826 3468.9856 120 118 94
293.5652 -258.7826 3468.9856 121 118 94
296.9935 -259.3464 3476.5432 117 114 90
300.4367 -259.9127 3484.1340 115 114 90
303.8950 -260.4814 3491.7578 123 122 96
307.7058 -261.3392 3503.2566 121 121 97
310.8572 -261.6264 3507.1062 113 112 88
314.0154 -261.9142 3510.9646 116 115 91
317.1807 -262.2027 3514.8313 121 121 97
320.3528 -262.4918 3518.7065 116 118 96
323.8895 -263.0718 3526.4827 114 114 93
329.2650 -265.1225 3553.9719 108 109 88
333.9754 -266.6070 3573.8708 109 109 88
341.4302 -270.2384 3622.5503 110 110 88
345.5125 -271.1617 3634.9280 104 104 85
348.0319 -270.8533 3630.7927 103 101 82
350.9443 -270.8533 3630.7927 110 106 86
354.6637 -271.4709 3639.0728 116 114 91
357.9909 -271.7808 3643.2268 120 118 91
360.9132 -271.7808 3643.2268 131 128 99
364.2514 -272.0914 3647.3906 144 133 104
499.0826 -364.0367 4879.9185 149 109 80
502.2290 -363.4810 4872.4683 145 106 77
505.3659 -362.9269 4865.0410 144 99 69
509.2684 -362.9269 4865.0410 149 102 68
513.1708 -362.9269 4865.0410 154 104 64
517.8626 -363.4810 4872.4683 149 97 54
521.7710 -363.4810 4872.4683 139 92 51
524.8781 -362.9269 4865.0410 126 88 48
527.9756 -362.3745 4857.6357 128 95 54
531.0638 -361.8237 4850.2534 139 112 73
533.3333 -360.7273 4835.5557 144 121 84
537.2122 -360.7273 4835.5557 147 124 86
541.0909 -360.7273 4835.5557 150 123 86
544.9697 -360.7273 4835.5557 149 124 85
548.0182 -360.1816 4828.2402 149 126 83
550.2263 -359.0951 4813.6753 151 127 86
552.4211 -358.0151 4799.1982 151 126 85
556.2707 -358.0151 4799.1982 151 125 83
558.4408 -356.9415 4784.8076 150 124 79
559.7612 -355.3433 4763.3833 150 123 78
561.9048 -354.2857 4749.2065 150 123 79
564.8737 -353.7593 4742.1499 145 118 75
568.6776 -353.7593 4742.1499 140 112 70
573.3334 -354.2857 4749.2065 134 108 68
578.0030 -354.8137 4756.2842 124 96 58
585.6334 -354.8137 4756.2842 117 87 51
588.5715 -354.2857 4749.2065 122 88 51
592.3810 -354.2857 4749.2065 131 91 52
596.1905 -354.2857 4749.2065 141 98 59
600.0000 -354.2857 4749.2065 147 102 62
603.8096 -354.2857 4749.2065 149 103 63
608.5246 -354.8137 4756.2842 144 96 56
610.5201 -353.7593 4742.1499 136 87 47
614.3240 -353.7593 4742.1499 140 92 52
617.2107 -353.2344 4735.1138 147 98 59
621.0090 -353.2344 4735.1138 155 107 66
623.8815 -352.7112 4728.0991 148 104 62
626.7456 -352.1894 4721.1045 138 99 57
629.6012 -351.6691 4714.1309 130 98 56
632.4484 -351.1505 4707.1782 126 97 52
636.2242 -351.1505 4707.1782 128 100 54
640.0001 -351.1505 4707.1782 130 101 56
642.8277 -350.6333 4700.2456 132 105 58
645.6471 -350.1176 4693.3335 130 103 54
648.4581 -349.6035 4686.4414 130 101 51
652.2173 -349.6035 4686.4414 131 101 53
655.9765 -349.6035 4686.4414 126 99 51
660.7059 -350.1176 4693.3335 121 95 47
664.4706 -350.1176 4693.3335 117 91 46
668.2354 -350.1176 4693.3335 113 85 44
672.0000 -350.1176 4693.3335 106 78 40
674.7724 -349.6035 4686.4414 100 73 38
677.5367 -349.0909 4679.5698 94 69 36
681.2903 -349.0909 4679.5698 85 61 30
684.0411 -348.5798 4672.7188 85 58 31
749.3140 -347.5621 4659.0757 129 96 41
755.2563 -348.5798 4672.7188 132 99 44
759.0045 -348.5798 4672.7188 133 100 44
7.5294 -283.1059 3754.6667 23 31 33
10.5288 -282.7732 3750.2546 21 29 30
13.4895 -281.7799 3737.0806 20 28 29
16.4678 -281.4503 3732.7097 18 26 27
19.3714 -280.1397 3715.3279 19 25 26
22.3516 -280.1397 3715.3279 21 26 27
25.3318 -280.1397 3715.3279 24 29 29
28.2791 -279.8140 3711.0078 38 44 39
31.2195 -279.4890 3706.6978 104 110 104
37.2960 -280.4662 3719.6582 200 207 200
65.8206 -263.2823 3491.7578 189 195 186
68.4716 -262.7074 3484.1340 187 193 183
71.1111 -262.1351 3476.5432 182 188 176
73.8998 -262.1351 3476.5432 188 193 181
76.6050 -261.8499 3472.7603 191 198 189
79.3044 -261.5652 3468.9856 193 199 190
81.9978 -261.2812 3465.2190 182 187 177
84.6855 -260.9979 3461.4607 183 187 177
87.3673 -260.7151 3457.7104 178 184 174
90.0433 -260.4329 3453.9683 181 186 176
92.6134 -259.8704 3446.5083 176 179 167
95.2751 -259.5901 3442.7905 166 169 155
97.8256 -259.0312 3435.3787 161 164 150
100.1501 -257.9207 3420.6504 149 151 135
102.4547 -256.8197 3406.0479 149 150 133
104.9627 -256.2726 3398.7932 144 145 126
107.5745 -256.0000 3395.1775 132 132 115
110.1807 -255.7280 3391.5693 141 141 121
112.9012 -255.7280 3391.5693 142 142 121
115.4990 -255.4565 3387.9690 137 136 116
118.0912 -255.1856 3384.3762 148 147 127
120.5503 -254.6455 3377.2134 148 148 128
123.2593 -254.6455 3377.2134 149 149 131
125.8351 -254.3763 3373.6436 153 153 135
128.5412 -254.3763 3373.6436 157 158 140
131.2474 -254.3763 3373.6436 161 164 147
133.9535 -254.3763 3373.6436 159 162 148
136.6596 -254.3763 3373.6436 154 158 145
139.3658 -254.3763 3373.6436 165 170 158
141.9219 -254.1077 3370.0811 165 171 158
144.6252 -254.1077 3370.0811 163 168 155
147.1730 -253.8397 3366.5261 165 168 157
149.5579 -253.3053 3359.4387 156 158 147
152.0925 -253.0389 3355.9062 155 158 145
154.2977 -252.2432 3345.3530 153 155 142
156.9811 -252.2432 3345.3530 148 149 134
159.4974 -251.9791 3341.8501 147 147 130
161.6702 -251.1900 3331.3850 146 147 130
163.8293 -250.4058 3320.9851 143 144 126
165.8031 -249.3679 3307.2195 143 145 125
168.4560 -249.3679 3307.2195 145 147 128
170.9317 -249.1098 3303.7959 134 134 113
173.5818 -249.1098 3303.7959 132 130 108
176.0497 -248.8521 3300.3792 142 141 119
178.8820 -249.1098 3303.7959 136 136 115
181.7202 -249.3679 3307.2195 131 132 110
184.3731 -249.3679 3307.2195 132 132 111
187.2199 -249.6266 3310.6501 138 137 117
189.6788 -249.3679 3307.2195 143 142 122
192.5311 -249.6266 3310.6501 132 131 111
195.1867 -249.6266 3310.6501 138 138 118
197.6373 -249.3679 3307.2195 138 138 118
200.4979 -249.6266 3310.6501 129 129 109
203.1535 -249.6266 3310.6501 135 136 117
206.0229 -249.8858 3314.0879 137 138 117
208.6812 -249.8858 3314.0879 134 135 111
211.3396 -249.8858 3314.0879 138 137 115
213.7760 -249.6266 3310.6501 139 137 117
216.4316 -249.6266 3310.6501 123 120 95
218.8601 -249.3679 3307.2195 122 119 95
221.2837 -249.1098 3303.7959 134 132 107
258.7380 -257.3690 3413.3335 122 121 96
261.7559 -257.6446 3416.9880 125 124 98
263.9316 -257.0941 3409.6868 124 123 97
266.6667 -257.0941 3409.6868 123 123 97
269.1142 -256.8197 3406.0479 124 123 98
271.8463 -256.8197 3406.0479 122 119 95
275.4604 -257.6446 3416.9880 122 120 95
278.7983 -258.1974 3424.3206 125 125 97
284.2904 -260.7151 3457.7104 127 126 100
288.0000 -261.5652 3468.9856 128 127 102
291.0990 -261.8499 3472.7603 123 121 97
293.8847 -261.8499 3472.7603 117 114 90
297.3174 -262.4210 3480.3345 120 118 92
300.7650 -262.9945 3487.9419 118 117 92
304.2278 -263.5707 3495.5825 121 121 98
307.7058 -264.1493 3503.2566 115 116 94
311.1992 -264.7305 3510.9646 113 112 90
314.0154 -264.7305 3510.9646 116 115 92
317.1807 -265.0221 3514.8313 120 120 96
320.3528 -265.3142 3518.7065 114 114 91
323.8895 -265.9006 3526.4827 111 110 88
330.0000 -268.5714 3561.9048 104 103 83
334.7250 -270.0786 3581.8931 105 105 85
341.0431 -272.8345 3618.4431 108 107 86
345.5125 -274.0775 3634.9280 107 108 87
347.6364 -273.4546 3626.6667 105 106 84
350.5455 -273.4546 3626.6667 109 108 83
354.2597 -274.0775 3634.9280 117 115 90
357.9909 -274.7032 3643.2268 120 120 93
360.9132 -274.7032 3643.2268 126 126 98
363.8356 -274.7032 3643.2268 145 137 105
499.0826 -367.9511 4879.9185 150 121 82
502.9969 -367.9511 4879.9185 141 109 75
506.1374 -367.3893 4872.4683 137 99 70
509.2684 -366.8293 4865.0410 130 93 64
513.1708 -366.8293 4865.0410 128 93 65
517.8626 -367.3893 4872.4683 129 87 57
521.7710 -367.3893 4872.4683 133 86 50
525.6794 -367.3893 4872.4683 140 89 52
527.9756 -366.2709 4857.6357 147 96 57
531.0638 -365.7143 4850.2534 145 100 59
534.1427 -365.1594 4842.8936 123 85 49
538.0273 -365.1594 4842.8936 113 83 48
541.0909 -364.6061 4835.5557 122 98 62
544.9697 -364.6061 4835.5557 131 108 71
548.0182 -364.0545 4828.2402 132 111 73
550.2263 -362.9563 4813.6753 136 113 77
553.2531 -362.4097 4806.4258 124 101 62
556.2707 -361.8647 4799.1982 129 104 62
559.2794 -361.3214 4791.9922 136 108 65
561.4372 -360.2396 4777.6450 138 109 65
563.5822 -359.1642 4763.3833 138 110 66
567.4030 -359.1642 4763.3833 141 112 69
571.2239 -359.1642 4763.3833 147 117 72
575.0448 -359.1642 4763.3833 148 118 70
579.7310 -359.7010 4770.5034 150 118 68
583.5576 -359.7010 4770.5034 150 119 70
586.5075 -359.1642 4763.3833 149 118 70
589.4486 -358.6289 4756.2842 141 109 61
593.2638 -358.6289 4756.2842 131 99 53
597.0790 -358.6289 4756.2842 123 89 47
600.8942 -358.6289 4756.2842 114 81 42
604.7094 -358.6289 4756.2842 113 78 43
608.5246 -358.6289 4756.2842 118 79 43
611.4286 -358.0952 4749.2065 128 85 48
614.3240 -357.5632 4742.1499 135 89 52
617.2107 -357.0327 4735.1138 126 79 42
621.0090 -357.0327 4735.1138 127 78 41
623.8815 -356.5037 4728.0991 131 80 42
626.7456 -355.9763 4721.1045 137 85 45
629.6012 -355.4505 4714.1309 142 92 48
632.4484 -354.9263 4707.1782 147 98 50
636.2242 -354.9263 4707.1782 143 94 47
640.0001 -354.9263 4707.1782 132 88 42
642.8277 -354.4036 4700.2456 114 76 36
645.6471 -353.8824 4693.3335 100 68 31
648.4581 -353.3627 4686.4414 102 74 35
652.2173 -353.3627 4686.4414 115 89 47
655.9765 -353.3627 4686.4414 127 96 53
660.7059 -353.8824 4693.3335 133 100 50
664.4706 -353.8824 4693.3335 138 106 53
668.2354 -353.8824 4693.3335 142 110 56
672.0000 -353.8824 4693.3335 143 111 56
675.7648 -353.8824 4693.3335 142 110 56
677.5367 -352.8446 4679.5698 140 108 56
681.2903 -352.8446 4679.5698 133 100 50
684.0411 -352.3280 4672.7188 122 92 46
707.1720 -350.7872 4652.2837 83 54 30
709.8691 -350.2766 4645.5122 87 57 33
720.0000 -349.7675 4638.7598 97 67 36
720.5789 -348.2490 4618.6206 106 75 39
726.3862 -349.2598 4632.0273 118 86 45
732.2271 -350.2766 4645.5122 120 87 42
735.9535 -350.2766 4645.5122 124 90 45
740.7581 -350.7872 4652.2837 111 79 37
745.5767 -351.2993 4659.0757 100 73 31
751.5081 -352.3280 4672.7188 99 73 32
756.3636 -352.8446 4679.5698 102 74 34
760.1173 -352.8446 4679.5698 108 78 36
767.2460 -354.4036 4700.2456 112 82 38
771.0163 -354.4036 4700.2456 114 83 37
773.6472 -353.8824 4693.3335 121 88 41
777.4118 -353.8824 4693.3335 129 96 45
783.4809 -354.9263 4707.1782 133 99 46
788.4196 -355.4505 4714.1309 138 105 49
792.2009 -355.4505 4714.1309 141 108 50
793.6378 -354.4036 4700.2456 142 109 51
802.3599 -354.9263 4707.1782 141 107 49
806.1357 -354.9263 4707.1782 137 103 47
7.5472 -286.7925 3763.5222 23 27 28
10.5536 -286.4547 3759.0891 21 25 25
13.5053 -285.1114 3741.4617 19 23 23
16.4678 -284.4445 3732.7097 18 22 22
19.3714 -283.1199 3715.3279 19 23 22
22.3516 -283.1199 3715.3279 19 23 20
25.3613 -283.4499 3719.6582 23 27 24
28.3120 -283.1199 3715.3279 40 45 40
31.2195 -282.4623 3706.6978 125 131 125
37.2960 -283.4499 3719.6582 200 207 199
65.8206 -266.0832 3491.7578 188 192 183
68.3969 -265.2127 3480.3345 187 192 184
71.1111 -264.9237 3476.5432 187 193 185
73.8194 -264.6355 3472.7603 191 197 189
76.5217 -264.3478 3468.9856 196 202 194
79.2182 -264.0608 3465.2190 193 198 191
81.9089 -263.7744 3461.4607 189 194 184
84.5937 -263.4886 3457.7104 184 190 177
87.2727 -263.2035 3453.9683 185 190 177
90.0433 -263.2035 3453.9683 180 184 174
92.5135 -262.3517 3442.7905 174 176 166
95.0700 -261.7869 3435.3787 172 175 163
97.6155 -261.2245 3427.9988 163 166 153
100.0428 -260.3855 3416.9880 153 155 139
102.3454 -259.2751 3402.4165 152 153 135
104.8511 -258.7234 3395.1775 146 146 127
107.4602 -258.4485 3391.5693 137 139 119
110.1807 -258.4485 3391.5693 141 143 122
112.7813 -258.1741 3387.9690 145 145 123
115.4990 -258.1741 3387.9690 140 140 120
118.0912 -257.9003 3384.3762 143 144 124
120.5503 -257.3545 3377.2134 146 146 127
123.1290 -257.0825 3373.6436 149 150 131
125.8351 -257.0825 3373.6436 145 145 126
128.5412 -257.0825 3373.6436 150 151 132
131.1088 -256.8110 3370.0811 153 154 137
133.8120 -256.8110 3370.0811 155 158 141
136.6596 -257.0825 3373.6436 160 164 149
139.2186 -256.8110 3370.0811 164 167 155
141.9219 -256.8110 3370.0811 169 173 161
144.4726 -256.5401 3366.5261 167 170 159
146.8632 -256.0000 3359.4387 168 171 160
149.2437 -255.4622 3352.3811 160 162 150
151.7734 -255.1941 3348.8633 153 155 142
153.9749 -254.3933 3338.3542 154 155 142
156.6527 -254.3933 3338.3542 154 156 141
159.3306 -254.3933 3338.3542 151 154 136
161.6702 -253.8622 3331.3850 148 150 132
163.8293 -253.0697 3320.9851 149 150 132
165.8031 -252.0207 3307.2195 143 144 126
168.4560 -252.0207 3307.2195 147 148 130
171.1088 -252.0207 3307.2195 137 137 117
173.5818 -251.7599 3303.7959 138 136 114
176.2319 -251.7599 3303.7959 145 143 122
179.0674 -252.0207 3307.2195 139 139 117
181.9087 -252.2822 3310.6501 135 135 113
184.5643 -252.2822 3310.6501 137 137 116
187.4143 -252.5441 3314.0879 136 137 117
189.8755 -252.2822 3310.6501 141 140 121
192.7310 -252.5441 3314.0879 134 133 113
195.1867 -252.2822 3310.6501 137 137 116
197.8423 -252.2822 3310.6501 138 139 117
200.7061 -252.5441 3314.0879 131 132 109
203.1535 -252.2822 3310.6501 139 138 116
206.0229 -252.5441 3314.0879 141 140 120
208.6812 -252.5441 3314.0879 130 129 109
211.3396 -252.5441 3314.0879 137 135 115
213.9979 -252.5441 3314.0879 141 138 117
216.4316 -252.2822 3310.6501 126 124 100
219.0871 -252.2822 3310.6501 129 127 103
221.5130 -252.0207 3307.2195 131 129 106
223.9338 -251.7599 3303.7959 129 126 103
229.4715 -252.0207 3307.2195 125 122 96
232.1244 -252.0207 3307.2195 125 122 97
234.7772 -252.0207 3307.2195 117 116 92
258.1857 -259.5518 3406.0479 124 122 97
261.1966 -259.8291 3409.6868 128 126 99
263.9316 -259.8291 3409.6868 128 127 100
266.3821 -259.5518 3406.0479 125 124 99
269.1142 -259.5518 3406.0479 124 123 100
271.5565 -259.2751 3402.4165 121 119 95
275.1658 -260.1070 3413.3335 123 121 96
278.7983 -260.9442 3424.3206 128 127 101
284.5987 -263.7744 3461.4607 127 126 101
288.0000 -264.3478 3468.9856 127 126 101
291.0990 -264.6355 3472.7603 120 119 94
293.8847 -264.6355 3472.7603 116 115 90
297.3174 -265.2127 3480.3345 120 119 95
300.7650 -265.7924 3487.9419 121 121 96
304.5614 -266.6667 3499.4153 120 121 96
308.0440 -267.2527 3507.1062 112 112 90
311.1992 -267.5468 3510.9646 108 110 88
314.3613 -267.8414 3514.8313 113 114 92
317.1807 -267.8414 3514.8313 111 111 89
320.3528 -268.1367 3518.7065 106 107 86
324.2478 -269.0266 3530.3835 108 109 86
335.1011 -273.2585 3585.9177 106 107 86
340.2715 -275.1132 3610.2566 109 109 88
345.1195 -276.6781 3630.7927 107 107 87
347.2418 -276.0500 3622.5503 108 107 86
350.1476 -276.0500 3622.5503 112 110 87
353.8567 -276.6781 3630.7927 114 112 89
357.5827 -277.3090 3639.0728 119 118 92
360.5017 -277.3090 3639.0728 131 130 102
498.3206 -371.2977 4872.4683 145 120 77
502.9969 -371.8654 4879.9185 155 129 86
506.1374 -371.2977 4872.4683 156 130 84
509.2684 -370.7318 4865.0410 145 118 75
513.1708 -370.7318 4865.0410 131 101 63
517.8626 -371.2977 4872.4683 128 94 60
521.7710 -371.2977 4872.4683 138 101 67
525.6794 -371.2977 4872.4683 135 95 61
528.7806 -370.7318 4865.0410 125 81 47
531.0638 -369.6049 4850.2534 125 78 44
534.1427 -369.0440 4842.8936 133 82 47
538.0273 -369.0440 4842.8936 142 90 51
541.9120 -369.0440 4842.8936 141 95 56
544.9697 -368.4849 4835.5557 122 84 49
548.0182 -367.9274 4828.2402 115 84 54
551.0574 -367.3716 4820.9468 120 92 60
553.2531 -366.2651 4806.4258 123 95 59
557.1085 -366.2651 4806.4258 130 102 63
559.2794 -365.1652 4791.9922 130 102 64
562.2789 -364.6177 4784.8076 132 105 65
565.2695 -364.0719 4777.6450 137 110 70
568.2512 -363.5277 4770.5034 139 114 71
572.0778 -363.5277 4770.5034 143 120 77
576.7665 -364.0719 4777.6450 145 120 74
580.5989 -364.0719 4777.6450 142 115 67
584.4312 -364.0719 4777.6450 142 113 65
587.3842 -363.5277 4770.5034 144 114 66
590.3284 -362.9851 4763.3833 144 113 65
594.1493 -362.9851 4763.3833 144 111 63
597.0790 -362.4441 4756.2842 147 111 59
600.8942 -362.4441 4756.2842 146 105 50
604.7094 -362.4441 4756.2842 144 104 49
608.5246 -362.4441 4756.2842 133 95 43
610.5201 -361.3671 4742.1499 124 88 40
614.3240 -361.3671 4742.1499 113 79 37
617.2107 -360.8309 4735.1138 110 73 36
620.0889 -360.2963 4728.0991 115 74 37
623.8815 -360.2963 4728.0991 128 81 42
626.7456 -359.7633 4721.1045 134 85 46
629.6012 -359.2319 4714.1309 131 82 43
632.4484 -358.7021 4707.1782 126 77 39
636.2242 -358.7021 4707.1782 127 77 40
640.0001 -358.7021 4707.1782 132 80 41
643.7759 -358.7021 4707.1782 134 81 39
646.5980 -358.1738 4700.2456 128 80 38
649.4118 -357.6471 4693.3335 112 72 32
653.1765 -357.6471 4693.3335 98 64 28
656.9412 -357.6471 4693.3335 97 67 32
660.7059 -357.6471 4693.3335 106 77 39
664.4706 -357.6471 4693.3335 117 88 47
668.2354 -357.6471 4693.3335 119 90 45
672.0000 -357.6471 4693.3335 121 90 46
675.7648 -357.6471 4693.3335 123 93 45
677.5367 -356.5982 4679.5698 127 95 46
681.2903 -356.5982 4679.5698 126 96 48
685.0440 -356.5982 4679.5698 128 97 49
688.7977 -356.5982 4679.5698 133 101 50
692.5513 -356.5982 4679.5698 133 102 50
695.2856 -356.0762 4672.7188 129 98 48
702.7819 -356.0762 4672.7188 115 83 38
705.4971 -355.5556 4665.8872 105 76 35
708.2044 -355.0365 4659.0757 96 67 33
711.9417 -355.0365 4659.0757 89 62 30
714.6356 -354.5190 4652.2837 89 62 31
719.4161 -355.0365 4659.0757 96 66 35
722.0991 -354.5190 4652.2837 93 61 32
724.7745 -354.0029 4645.5122 94 61 33
730.6278 -355.0365 4659.0757 91 58 30
735.4387 -355.5556 4665.8872 95 62 31
739.1814 -355.5556 4665.8872 101 70 38
742.9241 -355.5556 4665.8872 106 75 42
747.7599 -356.0762 4672.7188 111 81 44
751.5081 -356.0762 4672.7188 111 81 41
756.3636 -356.5982 4679.5698 106 77 36
761.2335 -357.1219 4686.4414 99 72 33
767.2460 -358.1738 4700.2456 96 70 32
771.0163 -358.1738 4700.2456 103 76 34
773.6472 -357.6471 4693.3335 109 78 34
777.4118 -357.6471 4693.3335 113 82 38
782.3270 -358.1738 4700.2456 114 84 39
787.2567 -358.7021 4707.1782 116 83 38
791.0325 -358.7021 4707.1782 117 82 36
793.6378 -358.1738 4700.2456 120 87 37
797.4080 -358.1738 4700.2456 122 89 36
802.3599 -358.7021 4707.1782 127 93 39
806.1357 -358.7021 4707.1782 134 100 44
809.9116 -358.7021 4707.1782 138 105 47
812.4890 -358.1738 4700.2456 141 108 50
816.2593 -358.1738 4700.2456 140 106 49
820.0295 -358.1738 4700.2456 135 100 44
821.3803 -357.1219 4686.4414 130 95 42
826.3530 -357.6471 4693.3335 130 95 42
7.5472 -289.8113 3763.5222 31 34 24
10.5536 -289.4700 3759.0891 31 33 24
13.5053 -288.1125 3741.4617 28 30 22
16.4871 -287.7752 3737.0806 27 29 20
19.3939 -286.4336 3719.6582 33 33 24
22.3776 -286.4336 3719.6582 33 35 22
25.3909 -286.7678 3723.9985 37 38 25
28.3120 -286.1001 3715.3279 76 79 64
31.2558 -285.7675 3711.0078 159 165 153
34.3124 -286.4336 3719.6582 199 208 198
65.7486 -268.5902 3487.9419 188 193 184
68.3969 -268.0044 3480.3345 186 191 183
71.0337 -267.4211 3472.7603 189 195 187
73.8194 -267.4211 3472.7603 192 199 190
76.5217 -267.1305 3468.9856 191 196 189
79.2182 -266.8404 3465.2190 191 196 188
81.9089 -266.5510 3461.4607 185 191 183
84.5937 -266.2622 3457.7104 180 186 177
87.1784 -265.6865 3450.2344 184 189 180
89.9460 -265.6865 3450.2344 178 182 172
92.5135 -265.1133 3442.7905 175 178 167
95.0700 -264.5425 3435.3787 173 176 163
97.5107 -263.6910 3424.3206 163 167 154
99.9358 -262.8449 3413.3335 155 158 143
102.2364 -261.7253 3398.7932 145 146 130
104.8511 -261.4468 3395.1775 146 147 129
107.4602 -261.1690 3391.5693 151 150 132
110.0637 -260.8918 3387.9690 143 145 125
112.7813 -260.8918 3387.9690 146 147 128
115.4990 -260.8918 3387.9690 148 149 130
118.0912 -260.6151 3384.3762 139 140 119
120.5503 -260.0635 3377.2134 149 149 128
122.9990 -259.5143 3370.0811 156 157 136
125.8351 -259.7886 3373.6436 149 151 131
128.5412 -259.7886 3373.6436 146 147 130
131.2474 -259.7886 3373.6436 155 158 142
133.8120 -259.5143 3370.0811 158 160 147
136.6596 -259.7886 3373.6436 163 165 154
139.2186 -259.5143 3370.0811 167 171 159
141.7722 -259.2405 3366.5261 163 166 154
144.3203 -258.9674 3362.9788 174 177 166
146.7087 -258.4227 3355.9062 170 174 163
149.0871 -257.8804 3348.8633 161 164 152
151.6143 -257.6101 3345.3530 157 159 146
153.8140 -256.8025 3334.8660 159 161 147
156.6527 -257.0711 3338.3542 160 162 147
159.1641 -256.8025 3334.8660 156 158 141
161.6702 -256.5345 3331.3850 148 150 131
164.0000 -256.0000 3324.4446 153 154 136
165.9751 -254.9378 3310.6501 146 146 130
168.6307 -254.9378 3310.6501 141 143 126
171.2863 -254.9378 3310.6501 139 140 119
173.7617 -254.6736 3307.2195 137 135 113
176.4145 -254.6736 3307.2195 144 142 121
179.2531 -254.9378 3310.6501 141 140 118
181.9087 -254.9378 3310.6501 141 140 118
184.7560 -255.2025 3314.0879 138 138 116
187.4143 -255.2025 3314.0879 138 139 119
190.0727 -255.2025 3314.0879 138 138 118
192.7310 -255.2025 3314.0879 138 138 117
195.3894 -255.2025 3314.0879 139 140 119
197.8423 -254.9378 3310.6501 139 140 119
200.7061 -255.2025 3314.0879 139 140 117
203.1535 -254.9378 3310.6501 139 138 116
206.0229 -255.2025 3314.0879 143 142 122
208.6812 -255.2025 3314.0879 134 133 113
211.3396 -255.2025 3314.0879 128 129 108
213.9979 -255.2025 3314.0879 137 138 117
216.4316 -254.9378 3310.6501 130 130 108
219.0871 -254.9378 3310.6501 123 122 99
221.5130 -254.6736 3307.2195 126 124 102
224.1658 -254.6736 3307.2195 130 127 106
226.8187 -254.6736 3307.2195 124 122 99
229.4715 -254.6736 3307.2195 122 120 93
232.1244 -254.6736 3307.2195 125 123 96
234.7772 -254.6736 3307.2195 122 120 94
258.1857 -262.2839 3406.0479 126 124 102
260.9178 -262.2839 3406.0479 128 126 102
263.9316 -262.5641 3409.6868 127 127 101
266.3821 -262.2839 3406.0479 124 124 97
269.1142 -262.2839 3406.0479 122 121 96
271.8463 -262.2839 3406.0479 123 122 96
275.1658 -262.8449 3413.3335 126 126 99
278.7983 -263.6910 3424.3206 129 128 102
284.5987 -266.5510 3461.4607 125 122 97
288.0000 -267.1305 3468.9856 125 122 96
291.0990 -267.4211 3472.7603 124 123 97
294.2048 -267.7124 3476.5432 123 121 96
297.6419 -268.2970 3484.1340 118 118 93
301.0941 -268.8840 3491.7578 119 119 95
304.5614 -269.4737 3499.4153 121 122 97
308.0440 -270.0659 3507.1062 119 117 94
311.1992 -270.3630 3510.9646 113 112 90
314.3613 -270.6608 3514.8313 115 114 92
317.1807 -270.6608 3514.8313 114 113 91
320.3528 -270.9592 3518.7065 110 109 88
324.2478 -271.8584 3530.3835 108 110 87
335.4781 -276.4455 3589.9514 106 108 87
339.5034 -277.3815 3602.1069 111 110 89
345.1195 -279.5905 3630.7927 107 106 86
347.2418 -278.9557 3622.5503 111 110 89
350.1476 -278.9557 3622.5503 115 113 90
353.4546 -279.2727 3626.6667 121 120 93
357.5827 -280.2281 3639.0728 124 123 97
360.5017 -280.2281 3639.0728 130 128 102
495.1682 -375.7798 4879.9185 157 130 86
499.0826 -375.7798 4879.9185 154 128 83
502.9969 -375.7798 4879.9185 145 119 73
506.1374 -375.2061 4872.4683 139 114 70
509.2684 -374.6342 4865.0410 144 120 76
513.9542 -375.2061 4872.4683 152 127 80
518.6544 -375.7798 4879.9185 151 124 74
522.5688 -375.7798 4879.9185 146 114 68
525.6794 -375.2061 4872.4683 137 104 63
528.7806 -374.6342 4865.0410 135 97 58
531.8721 -374.0639 4857.6357 132 92 56
534.9545 -373.4955 4850.2534 121 80 46
538.8450 -373.4955 4850.2534 121 76 42
542.7356 -373.4955 4850.2534 124 72 37
545.7968 -372.9287 4842.8936 130 76 40
548.0182 -371.8003 4828.2402 131 78 41
551.0574 -371.2387 4820.9468 135 85 46
554.0875 -370.6787 4813.6753 136 94 52
557.1085 -370.1205 4806.4258 136 101 57
560.1204 -369.5639 4799.1982 132 100 58
562.2789 -368.4558 4784.8076 129 99 61
566.1169 -368.4558 4784.8076 129 98 58
569.1019 -367.9042 4777.6450 132 99 56
572.9342 -367.9042 4777.6450 132 99 56
576.7665 -367.9042 4777.6450 134 101 54
580.5989 -367.9042 4777.6450 140 107 59
584.4312 -367.9042 4777.6450 144 114 68
587.3842 -367.3543 4770.5034 148 120 75
590.3284 -366.8060 4763.3833 153 126 77
594.1493 -366.8060 4763.3833 155 128 78
597.0790 -366.2593 4756.2842 150 120 70
600.8942 -366.2593 4756.2842 145 112 60
604.7094 -366.2593 4756.2842 140 105 50
607.6191 -365.7143 4749.2065 142 105 48
610.5201 -365.1709 4742.1499 143 105 47
614.3240 -365.1709 4742.1499 146 107 51
617.2107 -364.6291 4735.1138 141 101 48
620.0889 -364.0889 4728.0991 131 94 43
622.9586 -363.5503 4721.1045 118 83 38
626.7456 -363.5503 4721.1045 108 73 33
629.6012 -363.0133 4714.1309 112 71 32
633.3826 -363.0133 4714.1309 124 77 37
637.1640 -363.0133 4714.1309 132 83 43
640.9454 -363.0133 4714.1309 126 77 39
643.7759 -362.4779 4707.1782 119 70 34
647.5517 -362.4779 4707.1782 118 68 33
650.3682 -361.9440 4700.2456 123 71 33
654.1385 -361.9440 4700.2456 130 75 35
657.9088 -361.9440 4700.2456 128 76 36
661.6790 -361.9440 4700.2456 123 77 36
664.4706 -361.4118 4693.3335 119 79 38
668.2354 -361.4118 4693.3335 114 80 39
672.0000 -361.4118 4693.3335 116 85 43
675.7648 -361.4118 4693.3335 120 88 46
678.5316 -360.8811 4686.4414 126 92 48
681.2903 -360.3519 4679.5698 124 90 44
686.0499 -360.8811 4686.4414 125 91 43
689.8091 -360.8811 4686.4414 124 91 43
692.5513 -360.3519 4679.5698 125 93 45
696.3050 -360.3519 4679.5698 125 94 45
700.0587 -360.3519 4679.5698 127 94 44
703.8123 -360.3519 4679.5698 127 95 44
707.5660 -360.3519 4679.5698 125 93 43
710.2783 -359.8243 4672.7188 124 91 44
714.0264 -359.8243 4672.7188 120 86 41
717.7746 -359.8243 4672.7188 116 81 36
721.5228 -359.8243 4672.7188 114 80 36
725.2709 -359.8243 4672.7188 111 80 37
727.9533 -359.2983 4665.8872 103 73 35
732.7673 -359.8243 4672.7188 94 63 31
737.5953 -360.3519 4679.5698 91 58 30
741.3490 -360.3519 4679.5698 92 58 29
745.1027 -360.3519 4679.5698 93 59 30
748.8563 -360.3519 4679.5698 94 62 34
753.7151 -360.8811 4686.4414 98 67 36
757.4743 -360.8811 4686.4414 109 75 41
762.3530 -361.4118 4693.3335 112 78 41
767.2460 -361.9440 4700.2456 114 84 42
771.0163 -361.9440 4700.2456 123 89 42
773.6472 -361.4118 4693.3335 128 89 40
777.4118 -361.4118 4693.3335 127 90 41
782.3270 -361.9440 4700.2456 130 94 43
787.2567 -362.4779 4707.1782 130 96 44
789.8675 -361.9440 4700.2456 128 94 44
793.6378 -361.9440 4700.2456 124 90 40
798.5841 -362.4779 4707.1782 119 86 37
802.3599 -362.4779 4707.1782 118 86 38
807.3265 -363.0133 4714.1309 119 87 40
811.1078 -363.0133 4714.1309 117 85 37
813.6874 -362.4779 4707.1782 118 85 36
817.4632 -362.4779 4707.1782 124 90 39
820.0295 -361.9440 4700.2456 135 100 47
823.7998 -361.9440 4700.2456 139 107 51
827.5700 -361.9440 4700.2456 143 111 52
4.5283 -292.8302 3763.5222 139 137 105
7.5472 -292.8302 3763.5222 138 136 103
10.5536 -292.4853 3759.0891 137 134 102
13.5053 -291.1137 3741.4617 129 126 94
16.4678 -290.4328 3732.7097 129 127 95
19.3939 -289.4173 3719.6582 132 129 98
22.4037 -289.7550 3723.9985 131 127 96
25.3909 -289.7550 3723.9985 135 131 100
28.3120 -289.0804 3715.3279 142 142 117
31.2922 -289.0804 3715.3279 186 191 179
34.3124 -289.4173 3719.6582 197 207 198
65.6769 -271.0917 3484.1340 191 196 187
68.3224 -270.5011 3476.5432 190 194 185
71.0337 -270.2068 3472.7603 190 195 185
73.7391 -269.9131 3468.9856 190 196 186
76.5217 -269.9131 3468.9856 191 196 188
79.1323 -269.3276 3461.4607 189 193 185
81.8202 -269.0358 3457.7104 182 187 179
84.5022 -268.7446 3453.9683 180 186 176
87.1784 -268.4541 3450.2344 181 187 176
89.8488 -268.1642 3446.5083 175 179 169
92.3143 -267.2982 3435.3787 170 174 164
94.8657 -266.7240 3427.9988 168 171 160
97.4062 -266.1522 3420.6504 162 164 152
99.7225 -265.0161 3406.0479 155 158 145
102.1277 -264.1702 3395.1775 150 152 138
104.6285 -263.6094 3387.9690 149 149 133
107.3461 -263.6094 3387.9690 158 159 140
109.9470 -263.3298 3384.3762 154 156 135
112.6617 -263.3298 3384.3762 149 150 130
115.3765 -263.3298 3384.3762 155 154 136
117.9661 -263.0508 3380.7910 140 140 119
120.5503 -262.7725 3377.2134 143 143 121
122.9990 -262.2176 3370.0811 154 154 136
125.8351 -262.4948 3373.6436 148 149 130
128.4055 -262.2176 3370.0811 144 145 124
131.2474 -262.4948 3373.6436 154 157 139
133.8120 -262.2176 3370.0811 161 163 149
136.6596 -262.4948 3373.6436 165 167 155
139.2186 -262.2176 3370.0811 163 166 153
141.7722 -261.9409 3366.5261 168 171 158
144.3203 -261.6649 3362.9788 171 174 162
146.7087 -261.1146 3355.9062 165 169 157
149.0871 -260.5667 3348.8633 161 164 151
151.6143 -260.2935 3345.3530 158 160 147
153.8140 -259.4775 3334.8660 158 159 146
156.6527 -259.7490 3338.3542 155 157 143
159.1641 -259.4775 3334.8660 149 150 134
161.6702 -259.2067 3331.3850 151 153 136
164.0000 -258.6667 3324.4446 155 155 137
166.1475 -257.8609 3314.0879 145 145 127
168.8058 -257.8609 3314.0879 147 147 130
171.2863 -257.5934 3310.6501 146 146 125
173.9419 -257.5934 3310.6501 144 144 121
176.5975 -257.5934 3310.6501 149 150 127
179.2531 -257.5934 3310.6501 146 145 123
182.0976 -257.8609 3314.0879 147 145 123
184.7560 -257.8609 3314.0879 138 136 115
187.6092 -258.1289 3317.5330 139 138 117
190.2703 -258.1289 3317.5330 145 144 124
192.9314 -258.1289 3317.5330 143 141 122
195.3894 -257.8609 3314.0879 142 142 120
198.0478 -257.8609 3314.0879 143 143 120
200.7061 -257.8609 3314.0879 148 146 124
203.3645 -257.8609 3314.0879 141 140 119
206.2370 -258.1289 3317.5330 143 142 121
208.6812 -257.8609 3314.0879 133 133 110
211.3396 -257.8609 3314.0879 131 130 108
213.9979 -257.8609 3314.0879 133 132 110
216.4316 -257.5934 3310.6501 127 126 103
219.0871 -257.5934 3310.6501 123 121 97
221.5130 -257.3264 3307.2195 126 124 99
224.1658 -257.3264 3307.2195 133 131 105
226.8187 -257.3264 3307.2195 126 125 98
229.4715 -257.3264 3307.2195 126 124 97
232.1244 -257.3264 3307.2195 136 134 107
235.0208 -257.5934 3310.6501 135 131 103
238.1705 -258.1289 3317.5330 129 125 97
257.6358 -264.4516 3398.7932 129 128 101
260.3621 -264.4516 3398.7932 131 130 102
263.6500 -265.0161 3406.0479 131 129 103
266.0981 -264.7335 3402.4165 130 129 102
269.1142 -265.0161 3406.0479 128 126 100
271.5565 -264.7335 3402.4165 127 125 100
275.1658 -265.5829 3413.3335 128 127 102
279.0978 -266.7240 3427.9988 130 129 103
284.5987 -269.3276 3461.4607 128 125 98
288.0000 -269.9131 3468.9856 126 124 97
291.0990 -270.2068 3472.7603 127 126 100
294.2048 -270.5011 3476.5432 131 128 103
297.6419 -271.0917 3484.1340 124 122 96
301.0941 -271.6849 3491.7578 127 127 101
304.8958 -272.5796 3503.2566 127 126 102
308.0440 -272.8792 3507.1062 122 119 95
311.1992 -273.1794 3510.9646 118 115 91
314.3613 -273.4802 3514.8313 114 113 89
317.1807 -273.4802 3514.8313 115 115 91
320.3528 -273.7817 3518.7065 109 110 87
323.8895 -274.3867 3526.4827 111 110 87
335.1011 -279.0113 3585.9177 109 109 87
339.1207 -279.9549 3598.0459 112 112 89
345.1195 -282.5029 3630.7927 114 114 91
347.6364 -282.1819 3626.6667 115 115 89
350.5455 -282.1819 3626.6667 119 119 92
353.8567 -282.5029 3630.7927 123 123 98
357.5827 -283.1471 3639.0728 123 123 97
360.5017 -283.1471 3639.0728 127 126 98
495.1682 -379.6942 4879.9185 139 109 65
499.0826 -379.6942 4879.9185 138 109 63
502.9969 -379.6942 4879.9185 145 118 71
506.1374 -379.1145 4872.4683 156 129 82
510.0458 -379.1145 4872.4683 154 126 81
513.9542 -379.1145 4872.4683 146 120 73
518.6544 -379.6942 4879.9185 148 124 78
522.5688 -379.6942 4879.9185 145 117 72
525.6794 -379.1145 4872.4683 145 114 65
528.7806 -378.5366 4865.0410 147 115 66
532.6830 -378.5366 4865.0410 142 107 60
535.7687 -377.9604 4857.6357 131 93 51
539.6652 -377.9604 4857.6357 127 88 50
543.5616 -377.9604 4857.6357 130 87 51
545.7968 -376.8134 4842.8936 131 87 50
548.8485 -376.2425 4835.5557 127 80 43
551.8911 -375.6732 4828.2402 122 71 38
554.9245 -375.1058 4820.9468 121 67 36
557.9487 -374.5400 4813.6753 126 72 40
560.9639 -373.9759 4806.4258 123 76 42
563.1232 -372.8529 4791.9922 103 67 39
566.9670 -372.8529 4791.9922 78 49 26
569.9551 -372.2939 4784.8076 75 50 29
573.7932 -372.2939 4784.8076 86 62 37
577.6312 -372.2939 4784.8076 110 81 49
581.4693 -372.2939 4784.8076 127 93 52
584.4312 -371.7366 4777.6450 136 100 54
587.3842 -371.1809 4770.5034 137 102 55
589.4486 -370.0745 4756.2842 142 106 55
593.2638 -370.0745 4756.2842 143 106 54
596.1905 -369.5238 4749.2065 141 105 54
600.0000 -369.5238 4749.2065 141 109 59
603.8096 -369.5238 4749.2065 143 111 62
607.6191 -369.5238 4749.2065 147 111 59
610.5201 -368.9748 4742.1499 150 113 54
613.4125 -368.4273 4735.1138 154 116 52
616.2964 -367.8815 4728.0991 154 114 49
620.0889 -367.8815 4728.0991 150 107 45
622.9586 -367.3373 4721.1045 145 101 40
626.7456 -367.3373 4721.1045 143 100 42
630.5325 -367.3373 4721.1045 138 99 45
633.3826 -366.7947 4714.1309 127 91 44
637.1640 -366.7947 4714.1309 115 81 39
640.9454 -366.7947 4714.1309 112 72 32
644.7267 -366.7947 4714.1309 122 75 37
648.5081 -366.7947 4714.1309 127 80 41
651.3275 -366.2537 4707.1782 122 75 37
655.1033 -366.2537 4707.1782 112 64 30
658.8792 -366.2537 4707.1782 109 59 27
662.6549 -366.2537 4707.1782 117 65 30
665.4493 -365.7143 4700.2456 125 71 35
669.2195 -365.7143 4700.2456 124 71 33
672.9897 -365.7143 4700.2456 111 65 29
676.7599 -365.7143 4700.2456 93 54 23
679.5295 -365.1765 4693.3335 92 60 28
682.2908 -364.6402 4686.4414 102 72 34
686.0499 -364.6402 4686.4414 115 84 41
689.8091 -364.6402 4686.4414 117 84 40
693.5683 -364.6402 4686.4414 121 87 41
697.3275 -364.6402 4686.4414 123 89 40
700.0587 -364.1056 4679.5698 123 87 38
703.8123 -364.1056 4679.5698 124 89 40
707.5660 -364.1056 4679.5698 124 92 43
711.3197 -364.1056 4679.5698 122 89 42
715.0734 -364.1056 4679.5698 121 89 41
718.8270 -364.1056 4679.5698 125 92 42
723.6417 -364.6402 4686.4414 130 95 42
727.4009 -364.6402 4686.4414 131 96 43
730.0880 -364.1056 4679.5698 124 90 39
734.9193 -364.6402 4686.4414 115 81 35
738.6784 -364.6402 4686.4414 109 75 34
743.5295 -365.1765 4693.3335 107 73 35
747.2941 -365.1765 4693.3335 104 70 35
751.0589 -365.1765 4693.3335 99 65 34
754.8236 -365.1765 4693.3335 95 59 32
759.7055 -365.7143 4700.2456 96 60 33
763.4758 -365.7143 4700.2456 95 61 32
768.3776 -366.2537 4707.1782 98 65 33
772.1534 -366.2537 4707.1782 110 77 40
774.7865 -365.7143 4700.2456 123 85 45
778.5567 -365.7143 4700.2456 129 89 46
783.4809 -366.2537 4707.1782 127 86 40
787.2567 -366.2537 4707.1782 122 82 35
791.0325 -366.2537 4707.1782 123 84 34
794.8083 -366.2537 4707.1782 129 90 39
799.7637 -366.7947 4714.1309 132 94 42
803.5450 -366.7947 4714.1309 131 96 45
807.3265 -366.7947 4714.1309 126 91 41
811.1078 -366.7947 4714.1309 122 89 39
814.8892 -366.7947 4714.1309 120 89 39
818.6706 -366.7947 4714.1309 123 93 43
822.4520 -366.7947 4714.1309 121 89 40
826.2333 -366.7947 4714.1309 120 88 37
830.0148 -366.7947 4714.1309 123 90 38
4.5230 -295.5006 3759.0891 126 124 101
7.5472 -295.8491 3763.5222 127 123 99
10.5412 -295.1530 3754.6667 120 117 95
13.5053 -294.1149 3741.4617 106 107 89
16.4678 -293.4269 3732.7097 104 103 84
19.3939 -292.4009 3719.6582 106 105 86
22.4037 -292.7421 3723.9985 108 107 87
25.3909 -292.7421 3723.9985 102 101 82
28.3120 -292.0605 3715.3279 135 136 119
31.2558 -291.7209 3711.0078 196 202 191
34.2724 -292.0605 3715.3279 198 207 199
65.6769 -273.8865 3484.1340 185 190 180
68.2481 -272.9924 3472.7603 186 191 181
70.9565 -272.6957 3468.9856 187 192 184
73.7391 -272.6957 3468.9856 187 193 186
76.4387 -272.3996 3465.2190 187 193 184
79.1323 -272.1042 3461.4607 192 197 187
81.8202 -271.8093 3457.7104 184 188 179
84.5022 -271.5151 3453.9683 181 185 175
87.0842 -270.9287 3446.5083 180 185 174
89.7519 -270.6365 3442.7905 176 180 168
92.2151 -269.7635 3431.6846 170 175 163
94.8657 -269.4737 3427.9988 167 172 160
97.3019 -268.6082 3416.9880 163 167 154
99.6162 -267.4627 3402.4165 156 159 146
102.0191 -266.6100 3391.5693 156 157 143
104.6285 -266.3270 3387.9690 150 151 135
107.2322 -266.0446 3384.3762 144 145 130
109.9470 -266.0446 3384.3762 150 152 138
112.6617 -266.0446 3384.3762 150 152 135
115.2542 -265.7627 3380.7910 154 155 137
117.9661 -265.7627 3380.7910 147 147 128
120.5503 -265.4815 3377.2134 143 143 125
122.9990 -264.9208 3370.0811 154 155 138
125.8351 -265.2009 3373.6436 149 150 132
128.4055 -264.9208 3370.0811 148 147 129
131.2474 -265.2009 3373.6436 153 154 137
133.8120 -264.9208 3370.0811 162 166 152
136.6596 -265.2009 3373.6436 167 170 158
139.3658 -265.2009 3373.6436 158 162 150
141.9219 -264.9208 3370.0811 167 172 161
144.4726 -264.6414 3366.5261 171 174 164
146.7087 -263.8065 3355.9062 168 171 160
149.0871 -263.2529 3348.8633 163 166 153
151.6143 -262.9770 3345.3530 159 162 149
153.9749 -262.4268 3338.3542 161 163 150
156.6527 -262.4268 3338.3542 157 159 148
159.1641 -262.1526 3334.8660 145 147 133
161.8391 -262.1526 3334.8660 152 154 139
164.1710 -261.6058 3327.9111 152 153 137
166.1475 -260.5192 3314.0879 138 139 122
168.8058 -260.5192 3314.0879 139 141 122
171.4642 -260.5192 3314.0879 141 143 121
174.1225 -260.5192 3314.0879 139 140 119
176.7809 -260.5192 3314.0879 145 145 125
179.4393 -260.5192 3314.0879 142 142 122
182.2869 -260.7900 3317.5330 140 141 120
184.9480 -260.7900 3317.5330 132 132 111
187.6092 -260.7900 3317.5330 138 138 116
190.2703 -260.7900 3317.5330 144 143 122
192.9314 -260.7900 3317.5330 142 143 122
195.5925 -260.7900 3317.5330 135 135 114
198.0478 -260.5192 3314.0879 139 139 116
200.9148 -260.7900 3317.5330 140 142 120
203.3645 -260.5192 3314.0879 138 139 118
206.2370 -260.7900 3317.5330 143 142 120
208.6812 -260.5192 3314.0879 131 130 108
211.3396 -260.5192 3314.0879 126 125 103
213.9979 -260.5192 3314.0879 135 134 112
216.6563 -260.5192 3314.0879 132 131 108
219.0871 -260.2490 3310.6501 122 121 96
221.7428 -260.2490 3310.6501 128 127 104
224.1658 -259.9793 3307.2195 131 130 104
226.8187 -259.9793 3307.2195 120 119 95
229.7096 -260.2490 3310.6501 125 123 98
232.3651 -260.2490 3310.6501 126 125 98
235.0208 -260.2490 3310.6501 124 123 95
238.1705 -260.7900 3317.5330 119 117 92
246.9239 -261.6058 3327.9111 125 122 97
257.0882 -266.6100 3391.5693 123 122 97
260.0851 -266.8936 3395.1775 131 129 103
263.6500 -267.7482 3406.0479 131 129 104
266.0981 -267.4627 3402.4165 130 129 104
268.8273 -267.4627 3402.4165 128 127 101
271.5565 -267.4627 3402.4165 126 124 100
275.1658 -268.3209 3413.3335 125 122 99
279.0978 -269.4737 3427.9988 129 128 101
284.5987 -272.1042 3461.4607 128 127 102
288.0000 -272.6957 3468.9856 127 125 101
291.0990 -272.9924 3472.7603 127 126 101
294.2048 -273.2898 3476.5432 124 123 98
297.9672 -274.1858 3487.9419 121 120 95
301.4239 -274.7864 3495.5825 125 125 99
304.5614 -275.0877 3499.4153 125 124 100
308.0440 -275.6923 3507.1062 122 120 97
311.1992 -275.9956 3510.9646 118 116 91
314.3613 -276.2996 3514.8313 116 116 90
317.1807 -276.2996 3514.8313 117 116 92
320.7064 -276.9095 3522.5903 115 113 89
323.8895 -277.2155 3526.4827 114 113 91
328.1687 -278.4462 3542.1384 112 111 89
335.1011 -281.8877 3585.9177 113 112 90
338.7388 -282.5226 3593.9941 113 115 92
345.1195 -285.4153 3630.7927 115 115 92
347.6364 -285.0909 3626.6667 116 116 92
350.9443 -285.4153 3630.7927 117 116 92
354.2597 -285.7403 3634.9280 122 120 96
498.3206 -383.0229 4872.4683 156 129 85
502.9969 -383.6086 4879.9185 151 125 79
506.1374 -383.0229 4872.4683 142 114 65
509.2684 -382.4391 4865.0410 139 109 61
513.9542 -383.0229 4872.4683 143 115 66
517.8626 -383.0229 4872.4683 155 130 79
521.7710 -383.0229 4872.4683 161 135 87
525.6794 -383.0229 4872.4683 154 127 79
528.7806 -382.4391 4865.0410 142 116 67
532.6830 -382.4391 4865.0410 140 110 60
535.7687 -381.8569 4857.6357 142 108 57
539.6652 -381.8569 4857.6357 144 109 58
543.5616 -381.8569 4857.6357 138 101 53
546.6262 -381.2766 4850.2534 131 92 49
549.6814 -380.6981 4842.8936 125 84 45
553.5660 -380.6981 4842.8936 123 82 47
555.7640 -379.5462 4828.2402 117 75 42
559.6370 -379.5462 4828.2402 119 74 42
561.8100 -378.4012 4813.6753 115 67 37
563.9700 -377.2632 4799.1982 114 66 35
566.9670 -376.6967 4791.9922 114 67 36
570.8109 -376.6967 4791.9922 106 63 33
573.7932 -376.1320 4784.8076 97 58 31
577.6312 -376.1320 4784.8076 85 52 27
581.4693 -376.1320 4784.8076 87 60 32
584.4312 -375.5689 4777.6450 92 67 36
586.5075 -374.4478 4763.3833 105 81 48
588.5715 -373.3334 4749.2065 110 83 46
592.3810 -373.3334 4749.2065 116 82 40
595.3046 -372.7786 4742.1499 140 103 49
600.0000 -373.3334 4749.2065 149 110 51
603.8096 -373.3334 4749.2065 146 109 51
606.7163 -372.7786 4742.1499 140 104 49
609.6143 -372.2255 4735.1138 136 101 49
613.4125 -372.2255 4735.1138 141 108 55
616.2964 -371.6741 4728.0991 150 116 56
620.0889 -371.6741 4728.0991 155 116 51
623.8815 -371.6741 4728.0991 152 112 45
627.6741 -371.6741 4728.0991 145 104 40
630.5325 -371.1243 4721.1045 141 100 38
634.3195 -371.1243 4721.1045 141 100 42
638.1066 -371.1243 4721.1045 140 100 45
641.8935 -371.1243 4721.1045 131 94 40
645.6805 -371.1243 4721.1045 116 81 32
648.5081 -370.5760 4714.1309 109 74 31
651.3275 -370.0295 4707.1782 105 67 29
655.1033 -370.0295 4707.1782 109 67 31
658.8792 -370.0295 4707.1782 113 67 32
662.6549 -370.0295 4707.1782 110 62 30
665.4493 -369.4846 4700.2456 107 58 27
669.2195 -369.4846 4700.2456 108 58 26
672.9897 -369.4846 4700.2456 114 60 28
676.7599 -369.4846 4700.2456 120 64 31
679.5295 -368.9412 4693.3335 120 70 32
683.2941 -368.9412 4693.3335 116 70 32
686.0499 -368.3994 4686.4414 100 60 26
690.8235 -368.9412 4693.3335 83 52 23
693.5683 -368.3994 4686.4414 82 55 26
697.3275 -368.3994 4686.4414 87 60 27
701.0866 -368.3994 4686.4414 94 68 34
704.8458 -368.3994 4686.4414 96 73 36
708.6050 -368.3994 4686.4414 108 81 40
712.3641 -368.3994 4686.4414 126 93 44
716.1234 -368.3994 4686.4414 129 94 41
719.8825 -368.3994 4686.4414 126 92 41
724.7059 -368.9412 4693.3335 128 94 42
728.4706 -368.9412 4693.3335 132 96 43
732.2354 -368.9412 4693.3335 132 97 43
736.0001 -368.9412 4693.3335 133 98 45
739.7648 -368.9412 4693.3335 131 95 43
744.6245 -369.4846 4700.2456 125 89 39
748.3947 -369.4846 4700.2456 117 82 35
752.1650 -369.4846 4700.2456 116 83 37
755.9352 -369.4846 4700.2456 113 79 36
759.7055 -369.4846 4700.2456 106 72 33
764.6018 -370.0295 4707.1782 101 64 28
768.3776 -370.0295 4707.1782 101 63 31
772.1534 -370.0295 4707.1782 101 62 32
775.9293 -370.0295 4707.1782 98 60 30
779.7051 -370.0295 4707.1782 104 65 34
783.4809 -370.0295 4707.1782 116 77 43
787.2567 -370.0295 4707.1782 123 87 49
791.0325 -370.0295 4707.1782 117 85 45
795.9823 -370.5760 4714.1309 107 76 37
799.7637 -370.5760 4714.1309 101 72 31
803.5450 -370.5760 4714.1309 111 78 33
807.3265 -370.5760 4714.1309 125 88 39
812.3077 -371.1243 4721.1045 133 95 43
816.0947 -371.1243 4721.1045 136 100 47
818.6706 -370.5760 4714.1309 132 98 47
823.6687 -371.1243 4721.1045 123 91 42
827.4556 -371.1243 4721.1045 116 85 38
831.2426 -371.1243 4721.1045 115 85 37
4.5283 -298.8680 3763.5222 84 86 67
7.5472 -298.8680 3763.5222 83 83 65
10.5412 -298.1647 3754.6667 76 78 59
13.5053 -297.1161 3741.4617 70 74 59
16.4678 -296.4211 3732.7097 63 67 54
19.4166 -295.7293 3723.9985 66 69 54
22.4037 -295.7293 3723.9985 68 71 55
25.3909 -295.7293 3723.9985 79 83 69
28.3450 -295.3846 3719.6582 127 132 118
65.6769 -276.6812 3484.1340 187 193 183
68.2481 -275.7780 3472.7603 186 191 180
70.9565 -275.4783 3468.9856 186 191 182
73.6591 -275.1792 3465.2190 188 192 185
76.4387 -275.1792 3465.2190 188 192 183
79.0466 -274.5829 3457.7104 186 191 182
81.7316 -274.2857 3453.9683 187 191 181
84.4108 -273.9892 3450.2344 183 188 176
86.9903 -273.3981 3442.7905 177 183 171
89.7519 -273.3981 3442.7905 175 179 169
92.2151 -272.5161 3431.6846 168 173 163
94.8657 -272.2234 3427.9988 165 171 159
97.3019 -271.3491 3416.9880 171 176 164
99.6162 -270.1919 3402.4165 163 167 153
102.0191 -269.3305 3391.5693 157 158 142
104.6285 -269.0446 3387.9690 149 150 133
107.2322 -268.7593 3384.3762 147 150 133
109.9470 -268.7593 3384.3762 151 153 138
112.6617 -268.7593 3384.3762 149 151 135
115.2542 -268.4746 3380.7910 146 147 130
117.9661 -268.4746 3380.7910 144 145 126
120.6780 -268.4746 3380.7910 148 148 129
122.9990 -267.6241 3370.0811 150 151 132
125.8351 -267.9070 3373.6436 145 146 128
128.5412 -267.9070 3373.6436 145 146 126
131.2474 -267.9070 3373.6436 152 154 136
133.9535 -267.9070 3373.6436 162 164 149
136.6596 -267.9070 3373.6436 162 166 152
139.3658 -267.9070 3373.6436 161 165 152
141.9219 -267.6241 3370.0811 167 172 160
144.6252 -267.6241 3370.0811 165 168 157
146.8632 -266.7790 3359.4387 162 165 153
149.2437 -266.2185 3352.3811 161 164 152
151.6143 -265.6604 3345.3530 159 163 149
153.9749 -265.1046 3338.3542 153 156 141
156.6527 -265.1046 3338.3542 155 156 144
159.1641 -264.8276 3334.8660 142 145 129
161.8391 -264.8276 3334.8660 140 142 123
164.1710 -264.2753 3327.9111 146 148 130
166.3202 -263.4511 3317.5330 138 139 120
168.9813 -263.4511 3317.5330 135 135 116
171.4642 -263.1776 3314.0879 137 136 114
174.3035 -263.4511 3317.5330 134 133 111
176.7809 -263.1776 3314.0879 141 140 118
179.6258 -263.4511 3317.5330 140 139 118
182.2869 -263.4511 3317.5330 139 139 118
185.1405 -263.7253 3320.9851 131 131 108
187.6092 -263.4511 3317.5330 138 136 114
190.4683 -263.7253 3320.9851 142 144 122
193.1322 -263.7253 3320.9851 134 136 117
195.5925 -263.4511 3317.5330 132 132 112
198.2536 -263.4511 3317.5330 133 132 112
200.9148 -263.4511 3317.5330 142 142 122
203.3645 -263.1776 3314.0879 134 133 113
206.2370 -263.4511 3317.5330 139 137 116
208.6812 -263.1776 3314.0879 133 130 109
211.5593 -263.4511 3317.5330 131 129 107
213.9979 -263.1776 3314.0879 133 131 109
216.6563 -263.1776 3314.0879 123 121 99
219.0871 -262.9046 3310.6501 118 116 92
221.7428 -262.9046 3310.6501 125 124 101
224.1658 -262.6321 3307.2195 127 126 102
226.8187 -262.6321 3307.2195 122 120 95
229.7096 -262.9046 3310.6501 120 120 92
232.1244 -262.6321 3307.2195 123 121 96
235.0208 -262.9046 3310.6501 119 117 92
237.9232 -263.1776 3314.0879 121 119 95
246.4100 -263.7253 3320.9851 116 114 90
257.3617 -269.6170 3395.1775 122 120 96
260.3621 -269.9042 3398.7932 123 122 96
263.9316 -270.7693 3409.6868 124 122 96
266.0981 -270.1919 3402.4165 128 126 99
269.1142 -270.4803 3406.0479 126 126 98
271.8463 -270.4803 3406.0479 123 122 95
275.1658 -271.0589 3413.3335 120 118 94
279.3979 -272.5161 3431.6846 125 124 98
284.2904 -274.5829 3457.7104 127 127 100
288.0000 -275.4783 3468.9856 130 129 103
291.0990 -275.7780 3472.7603 129 129 103
294.2048 -276.0784 3476.5432 125 124 98
297.6419 -276.6812 3484.1340 122 121 95
301.0941 -277.2867 3491.7578 127 127 100
304.5614 -277.8948 3499.4153 131 128 102
308.0440 -278.5055 3507.1062 130 127 102
311.1992 -278.8119 3510.9646 126 124 98
314.0154 -278.8119 3510.9646 123 123 96
317.1807 -279.1190 3514.8313 121 120 95
320.7064 -279.7351 3522.5903 120 119 93
323.8895 -280.0442 3526.4827 117 117 93
328.1687 -281.2875 3542.1384 117 116 93
334.7250 -284.4445 3581.8931 117 116 93
338.7388 -285.4054 3593.9941 118 116 93
345.1195 -288.3277 3630.7927 117 117 92
348.0319 -288.3277 3630.7927 122 120 96
350.9443 -288.3277 3630.7927 121 119 94
354.2597 -288.6561 3634.9280 123 123 97
499.0826 -387.5229 4879.9185 155 131 88
502.9969 -387.5229 4879.9185 154 131 85
506.1374 -386.9313 4872.4683 153 128 82
510.0458 -386.9313 4872.4683 148 121 74
513.9542 -386.9313 4872.4683 144 114 63
518.6544 -387.5229 4879.9185 144 112 60
522.5688 -387.5229 4879.9185 142 111 59
526.4832 -387.5229 4879.9185 148 117 67
529.5878 -386.9313 4872.4683 156 129 77
533.4962 -386.9313 4872.4683 158 133 80
536.5854 -386.3415 4865.0410 153 125 74
540.4879 -386.3415 4865.0410 146 114 63
544.3903 -386.3415 4865.0410 145 109 57
547.4581 -385.7534 4857.6357 144 107 55
550.5168 -385.1672 4850.2534 140 103 53
553.5660 -384.5827 4842.8936 130 95 48
556.6061 -384.0000 4835.5557 118 80 39
559.6370 -383.4191 4828.2402 118 78 40
562.6586 -382.8399 4820.9468 119 78 43
564.8193 -381.6868 4806.4258 119 77 44
567.8196 -381.1128 4799.1982 120 72 39
571.6692 -381.1128 4799.1982 118 66 34
574.6547 -380.5406 4791.9922 114 65 35
577.6312 -379.9700 4784.8076 113 65 35
581.4693 -379.9700 4784.8076 107 60 30
584.4312 -379.4012 4777.6450 97 58 28
587.3842 -378.8341 4770.5034 87 55 27
589.4486 -377.7049 4756.2842 95 66 33
592.3810 -377.1429 4749.2065 109 80 38
595.3046 -376.5825 4742.1499 122 91 44
599.1085 -376.5825 4742.1499 122 90 41
603.8096 -377.1429 4749.2065 131 98 46
606.7163 -376.5825 4742.1499 140 105 49
610.5201 -376.5825 4742.1499 144 107 48
614.3240 -376.5825 4742.1499 147 108 50
617.2107 -376.0237 4735.1138 138 101 46
620.0889 -375.4667 4728.0991 133 98 47
623.8815 -375.4667 4728.0991 139 103 50
627.6741 -375.4667 4728.0991 146 108 48
630.5325 -374.9113 4721.1045 151 111 44
634.3195 -374.9113 4721.1045 149 106 40
638.1066 -374.9113 4721.1045 142 101 41
641.8935 -374.9113 4721.1045 135 98 40
645.6805 -374.9113 4721.1045 134 98 42
649.4675 -374.9113 4721.1045 127 89 38
652.2895 -374.3575 4714.1309 118 80 33
656.0709 -374.3575 4714.1309 106 72 29
658.8792 -373.8054 4707.1782 103 70 30
662.6549 -373.8054 4707.1782 108 69 31
666.4307 -373.8054 4707.1782 111 67 31
669.2195 -373.2548 4700.2456 116 70 33
672.9897 -373.2548 4700.2456 114 66 30
676.7599 -373.2548 4700.2456 108 62 27
679.5295 -372.7059 4693.3335 106 57 26
683.2941 -372.7059 4693.3335 110 58 28
686.0499 -372.1586 4686.4414 118 67 31
690.8235 -372.7059 4693.3335 118 66 31
694.5883 -372.7059 4693.3335 106 61 28
698.3530 -372.7059 4693.3335 90 56 26
702.1177 -372.7059 4693.3335 61 40 18
705.8824 -372.7059 4693.3335 37 34 18
709.6471 -372.7059 4693.3335 39 41 24
713.4118 -372.7059 4693.3335 118 111 71
717.1765 -372.7059 4693.3335 146 130 79
722.0030 -373.2548 4700.2456 141 117 64
725.7732 -373.2548 4700.2456 134 103 49
729.5435 -373.2548 4700.2456 130 95 41
733.3137 -373.2548 4700.2456 127 93 40
737.0840 -373.2548 4700.2456 128 97 43
740.8542 -373.2548 4700.2456 133 101 49
745.7228 -373.8054 4707.1782 135 100 49
749.4986 -373.8054 4707.1782 130 95 44
753.2744 -373.8054 4707.1782 129 94 43
757.0502 -373.8054 4707.1782 125 89 39
760.8260 -373.8054 4707.1782 120 83 35
765.7312 -374.3575 4714.1309 118 82 37
769.5126 -374.3575 4714.1309 117 81 38
773.2939 -374.3575 4714.1309 108 74 35
777.0753 -374.3575 4714.1309 107 70 36
780.8567 -374.3575 4714.1309 108 67 35
784.6381 -374.3575 4714.1309 104 65 33
788.4196 -374.3575 4714.1309 102 62 30
792.2009 -374.3575 4714.1309 105 67 33
797.1598 -374.9113 4721.1045 110 76 41
800.9468 -374.9113 4721.1045 109 79 43
804.7337 -374.9113 4721.1045 100 71 37
808.5208 -374.9113 4721.1045 85 59 25
813.5112 -375.4667 4728.0991 81 55 20
816.0947 -374.9113 4721.1045 99 69 30
819.8817 -374.9113 4721.1045 119 87 41
824.8890 -375.4667 4728.0991 131 100 49
828.6816 -375.4667 4728.0991 132 102 50
832.4742 -375.4667 4728.0991 130 99 47
4.5283 -301.8868 3763.5222 84 85 67
7.5472 -301.8868 3763.5222 80 80 63
10.5536 -301.5312 3759.0891 76 76 57
13.5211 -300.4695 3745.8530 71 72 56
16.4871 -299.7658 3737.0806 65 68 55
19.4166 -298.7165 3723.9985 75 77 60
22.4299 -299.0654 3728.3491 73 74 57
25.4206 -299.0654 3728.3491 83 85 71
28.3450 -298.3683 3719.6582 141 146 133
65.6052 -279.1712 3480.3345 187 192 184
68.1739 -278.2609 3468.9856 185 190 180
70.8795 -277.9588 3465.2190 186 190 181
73.6591 -277.9588 3465.2190 190 195 186
76.3558 -277.6573 3461.4607 190 195 186
79.0466 -277.3564 3457.7104 187 192 182
81.7316 -277.0563 3453.9683 190 193 185
84.4108 -276.7568 3450.2344 182 186 177
86.9903 -276.1597 3442.7905 176 180 171
89.6552 -275.8621 3439.0806 175 177 166
92.2151 -275.2688 3431.6846 163 167 153
94.7640 -274.6781 3424.3206 170 174 161
97.1979 -273.7968 3413.3335 166 170 159
99.5101 -272.6305 3398.7932 158 161 148
102.0191 -272.0510 3391.5693 156 157 143
104.6285 -271.7622 3387.9690 149 150 136
107.2322 -271.4740 3384.3762 150 152 137
109.9470 -271.4740 3384.3762 158 160 146
112.6617 -271.4740 3384.3762 148 151 136
115.3765 -271.4740 3384.3762 149 151 136
117.9661 -271.1865 3380.7910 147 149 129
120.6780 -271.1865 3380.7910 154 154 134
122.9990 -270.3274 3370.0811 150 149 130
125.8351 -270.6131 3373.6436 148 148 129
128.5412 -270.6131 3373.6436 149 149 130
131.2474 -270.6131 3373.6436 152 154 136
133.9535 -270.6131 3373.6436 163 164 150
136.6596 -270.6131 3373.6436 168 171 157
139.3658 -270.6131 3373.6436 168 172 158
141.9219 -270.3274 3370.0811 169 172 160
144.4726 -270.0422 3366.5261 165 169 158
146.7087 -269.1903 3355.9062 162 165 153
149.0871 -268.6254 3348.8633 160 163 151
151.4555 -268.0628 3341.8501 160 163 152
153.8140 -267.5026 3334.8660 154 156 143
156.4890 -267.5026 3334.8660 156 158 144
159.1641 -267.5026 3334.8660 148 151 136
161.8391 -267.5026 3334.8660 149 151 135
164.1710 -266.9448 3327.9111 148 150 134
166.3202 -266.1123 3317.5330 146 147 130
169.1571 -266.3892 3320.9851 138 138 119
171.6424 -266.1123 3317.5330 139 138 116
174.3035 -266.1123 3317.5330 145 144 122
176.9647 -266.1123 3317.5330 142 141 120
179.6258 -266.1123 3317.5330 142 141 121
182.4766 -266.3892 3320.9851 142 142 123
185.1405 -266.3892 3320.9851 139 139 119
187.8044 -266.3892 3320.9851 141 139 120
190.4683 -266.3892 3320.9851 144 144 124
193.1322 -266.3892 3320.9851 140 142 122
195.7961 -266.3892 3320.9851 136 136 115
198.2536 -266.1123 3317.5330 140 139 116
200.9148 -266.1123 3317.5330 145 144 123
203.5759 -266.1123 3317.5330 134 133 112
206.2370 -266.1123 3317.5330 140 139 118
208.6812 -265.8359 3314.0879 133 133 111
211.5593 -266.1123 3317.5330 134 133 111
213.9979 -265.8359 3314.0879 130 128 105
216.6563 -265.8359 3314.0879 125 123 101
219.0871 -265.5602 3310.6501 130 129 105
221.7428 -265.5602 3310.6501 129 126 103
224.1658 -265.2850 3307.2195 135 133 110
227.0540 -265.5602 3310.6501 130 127 104
229.7096 -265.5602 3310.6501 129 128 101
232.1244 -265.2850 3307.2195 126 125 99
235.0208 -265.5602 3310.6501 126 125 99
237.6764 -265.5602 3310.6501 125 123 98
246.1539 -266.1123 3317.5330 118 116 92
260.3621 -272.6305 3398.7932 127 126 101
263.9316 -273.5043 3409.6868 131 131 103
266.3821 -273.2124 3406.0479 131 130 103
269.1142 -273.2124 3406.0479 131 130 105
272.1368 -273.5043 3409.6868 130 128 103
275.4604 -274.0900 3416.9880 128 126 101
279.3979 -275.2688 3431.6846 128 127 102
284.2904 -277.3564 3457.7104 130 130 103
288.0000 -278.2609 3468.9856 124 124 99
291.0990 -278.5637 3472.7603 125 125 99
294.2048 -278.8671 3476.5432 126 125 98
297.6419 -279.4760 3484.1340 127 126 100
300.7650 -279.7814 3487.9419 129 128 102
304.2278 -280.3943 3495.5825 131 129 103
307.7058 -281.0099 3503.2566 129 126 100
310.8572 -281.3187 3507.1062 126 124 97
314.0154 -281.6282 3510.9646 123 121 95
317.1807 -281.9384 3514.8313 120 119 94
320.3528 -282.2492 3518.7065 118 116 90
323.8895 -282.8730 3526.4827 121 120 94
328.1687 -284.1288 3542.1384 122 122 95
334.3498 -286.9955 3577.8774 123 123 97
338.3577 -287.9641 3589.9514 122 120 96
345.5125 -291.5718 3634.9280 118 117 92
348.4283 -291.5718 3634.9280 119 118 93
351.7446 -291.9042 3639.0728 121 119 96
355.0685 -292.2375 3643.2268 121 122 98
358.4000 -292.5714 3647.3906 124 124 97
495.9265 -392.0368 4887.3916 106 70 40
499.0826 -391.4373 4879.9185 103 74 41
503.7672 -392.0368 4887.3916 120 94 56
506.9113 -391.4373 4879.9185 144 119 76
510.0458 -390.8397 4872.4683 151 127 80
514.7401 -391.4373 4879.9185 150 125 76
518.6544 -391.4373 4879.9185 148 122 72
522.5688 -391.4373 4879.9185 151 124 75
526.4832 -391.4373 4879.9185 148 121 72
530.3976 -391.4373 4879.9185 146 116 63
533.4962 -390.8397 4872.4683 146 114 59
537.4046 -390.8397 4872.4683 146 116 63
541.3130 -390.8397 4872.4683 148 116 65
545.2214 -390.8397 4872.4683 152 121 69
548.2927 -390.2439 4865.0410 144 113 63
551.3547 -389.6499 4857.6357 141 107 56
554.4073 -389.0578 4850.2534 141 104 53
557.4507 -388.4674 4842.8936 137 99 48
561.3354 -388.4674 4842.8936 134 96 46
563.5099 -387.2920 4828.2402 126 88 42
565.6712 -386.1237 4813.6753 120 81 42
568.6747 -385.5422 4806.4258 120 80 42
572.5302 -385.5422 4806.4258 124 82 45
575.5189 -384.9624 4799.1982 126 80 45
578.4985 -384.3844 4791.9922 117 70 37
582.3424 -384.3844 4791.9922 114 65 32
585.3074 -383.8081 4784.8076 109 59 28
587.3842 -382.6607 4770.5034 110 60 33
589.4486 -381.5201 4756.2842 111 66 34
593.2638 -381.5201 4756.2842 112 74 36
596.1905 -380.9524 4749.2065 119 87 43
600.0000 -380.9524 4749.2065 121 92 43
603.8096 -380.9524 4749.2065 120 90 41
606.7163 -380.3864 4742.1499 119 89 38
610.5201 -380.3864 4742.1499 121 92 42
613.4125 -379.8220 4735.1138 126 94 42
617.2107 -379.8220 4735.1138 131 95 42
620.0889 -379.2593 4728.0991 138 100 46
623.8815 -379.2593 4728.0991 138 100 46
627.6741 -379.2593 4728.0991 136 100 48
631.4667 -379.2593 4728.0991 135 100 48
635.2593 -379.2593 4728.0991 139 103 50
639.0519 -379.2593 4728.0991 146 107 47
641.8935 -378.6982 4721.1045 150 110 44
646.6371 -379.2593 4728.0991 147 105 43
649.4675 -378.6982 4721.1045 138 99 40
652.2895 -378.1389 4714.1309 132 93 39
656.0709 -378.1389 4714.1309 127 89 37
659.8523 -378.1389 4714.1309 120 81 33
663.6337 -378.1389 4714.1309 116 78 33
666.4307 -377.5811 4707.1782 116 79 32
670.2065 -377.5811 4707.1782 115 76 31
673.9824 -377.5811 4707.1782 111 70 28
677.7582 -377.5811 4707.1782 110 68 30
680.5302 -377.0251 4700.2456 111 66 32
684.3005 -377.0251 4700.2456 108 62 30
688.0707 -377.0251 4700.2456 105 59 27
692.8614 -377.5811 4707.1782 103 53 23
696.6372 -377.5811 4707.1782 107 57 27
699.3815 -377.0251 4700.2456 113 63 30
703.1517 -377.0251 4700.2456 114 65 30
706.9220 -377.0251 4700.2456 102 63 31
710.6923 -377.0251 4700.2456 83 57 27
715.5163 -377.5811 4707.1782 118 101 63
719.2921 -377.5811 4707.1782 147 138 89
723.0679 -377.5811 4707.1782 156 149 96
726.8438 -377.5811 4707.1782 152 142 96
730.6196 -377.5811 4707.1782 126 113 74
734.3954 -377.5811 4707.1782 104 83 45
738.1711 -377.5811 4707.1782 123 90 44
741.9470 -377.5811 4707.1782 134 96 45
745.7228 -377.5811 4707.1782 134 97 45
749.4986 -377.5811 4707.1782 134 98 48
753.2744 -377.5811 4707.1782 136 103 51
758.1684 -378.1389 4714.1309 134 101 47
761.9498 -378.1389 4714.1309 135 99 46
765.7312 -378.1389 4714.1309 135 98 46
769.5126 -378.1389 4714.1309 127 91 41
773.2939 -378.1389 4714.1309 116 81 34
777.0753 -378.1389 4714.1309 114 79 35
780.8567 -378.1389 4714.1309 119 81 40
784.6381 -378.1389 4714.1309 113 77 37
788.4196 -378.1389 4714.1309 108 70 33
793.3728 -378.6982 4721.1045 107 67 32
798.3408 -379.2593 4728.0991 106 67 34
802.1334 -379.2593 4728.0991 103 64 33
804.7337 -378.6982 4721.1045 102 64 35
808.5208 -378.6982 4721.1045 108 73 41
813.5112 -379.2593 4728.0991 112 76 42
817.3038 -379.2593 4728.0991 101 66 33
821.0964 -379.2593 4728.0991 89 61 28
826.1128 -379.8220 4735.1138 85 67 36
831.1442 -380.3864 4742.1499 81 71 42
834.9481 -380.3864 4742.1499 104 89 51
4.5283 -304.9057 3763.5222 47 49 40
7.5561 -305.2657 3767.9656 44 46 37
10.5660 -304.9057 3763.5222 40 42 34
13.5211 -303.4742 3745.8530 40 41 32
16.4871 -302.7635 3737.0806 37 38 32
19.4393 -302.0561 3728.3491 41 42 34
22.4561 -302.4094 3732.7097 43 43 35
25.4503 -302.4094 3732.7097 56 58 49
28.3781 -301.7036 3723.9985 142 148 138
31.3652 -301.7036 3723.9985 197 205 196
65.6052 -281.9629 3480.3345 184 189 181
68.1739 -281.0435 3468.9856 186 192 183
70.8795 -280.7383 3465.2190 189 195 185
73.5792 -280.4339 3461.4607 189 194 186
76.3558 -280.4339 3461.4607 190 195 188
79.0466 -280.1300 3457.7104 188 192 183
81.6432 -279.5244 3450.2344 186 189 180
84.3197 -279.2225 3446.5083 186 190 180
86.8966 -278.6207 3439.0806 179 185 175
89.5587 -278.3208 3435.3787 179 182 172
92.1160 -277.7229 3427.9988 167 170 157
94.7640 -277.4249 3424.3206 172 175 162
97.0940 -276.2393 3409.6868 163 167 155
99.4043 -275.0639 3395.1775 154 157 144
101.9108 -274.4799 3387.9690 160 161 146
104.6285 -274.4799 3387.9690 152 155 140
107.2322 -274.1888 3384.3762 156 159 145
109.9470 -274.1888 3384.3762 154 156 142
112.6617 -274.1888 3384.3762 152 155 140
115.3765 -274.1888 3384.3762 149 150 135
117.9661 -273.8983 3380.7910 148 150 132
120.6780 -273.8983 3380.7910 151 152 134
122.9990 -273.0306 3370.0811 143 144 126
125.7022 -273.0306 3370.0811 148 149 130
128.4055 -273.0306 3370.0811 151 154 136
131.1088 -273.0306 3370.0811 151 153 138
133.8120 -273.0306 3370.0811 156 159 144
136.5153 -273.0306 3370.0811 165 168 155
139.2186 -273.0306 3370.0811 164 168 155
141.6228 -272.4552 3362.9788 160 164 151
144.1684 -272.1684 3359.4387 168 173 162
146.4008 -271.3116 3348.8633 167 173 161
148.9308 -271.0273 3345.3530 166 169 158
151.2971 -270.4603 3338.3542 163 165 152
153.8140 -270.1776 3334.8660 162 164 151
156.4890 -270.1776 3334.8660 153 156 143
158.9979 -269.8956 3331.3850 151 153 138
161.8391 -270.1776 3334.8660 148 149 135
164.1710 -269.6142 3327.9111 147 148 132
166.4932 -269.0531 3320.9851 150 151 133
169.1571 -269.0531 3320.9851 140 141 120
171.6424 -268.7734 3317.5330 139 139 118
174.4849 -269.0531 3320.9851 141 141 120
176.9647 -268.7734 3317.5330 137 137 116
179.8127 -269.0531 3320.9851 135 135 115
182.4766 -269.0531 3320.9851 136 136 115
185.1405 -269.0531 3320.9851 137 138 118
187.8044 -269.0531 3320.9851 139 139 119
190.6667 -269.3333 3324.4446 144 144 124
193.3333 -269.3333 3324.4446 146 147 128
195.7961 -269.0531 3320.9851 139 140 119
198.4599 -269.0531 3320.9851 141 141 120
201.1238 -269.0531 3320.9851 137 137 116
203.5759 -268.7734 3317.5330 128 129 107
206.2370 -268.7734 3317.5330 139 138 116
208.8981 -268.7734 3317.5330 131 131 109
211.5593 -268.7734 3317.5330 129 128 107
213.9979 -268.4943 3314.0879 133 131 108
216.6563 -268.4943 3314.0879 129 126 104
219.3147 -268.4943 3314.0879 126 124 103
221.7428 -268.2158 3310.6501 130 130 107
224.3983 -268.2158 3310.6501 129 127 103
227.0540 -268.2158 3310.6501 123 121 96
229.7096 -268.2158 3310.6501 120 118 95
232.1244 -267.9378 3307.2195 120 119 96
235.0208 -268.2158 3310.6501 123 121 98
237.6764 -268.2158 3310.6501 118 117 93
240.3320 -268.2158 3310.6501 120 119 96
246.1539 -268.7734 3317.5330 123 122 97
260.0851 -275.0639 3395.1775 125 123 98
263.9316 -276.2393 3409.6868 130 128 101
266.3821 -275.9445 3406.0479 131 130 102
269.4017 -276.2393 3409.6868 130 128 102
272.1368 -276.2393 3409.6868 131 128 103
275.1658 -276.5348 3413.3335 128 126 100
279.0978 -277.7229 3427.9988 127 125 101
283.6757 -279.5244 3450.2344 126 124 99
287.6873 -280.7383 3465.2190 126 125 99
291.0990 -281.3493 3472.7603 128 126 100
294.2048 -281.6558 3476.5432 128 125 98
297.3174 -281.9629 3480.3345 124 122 94
300.7650 -282.5793 3487.9419 124 123 97
303.8950 -282.8884 3491.7578 123 122 97
307.3684 -283.5088 3499.4153 125 125 99
310.5159 -283.8200 3503.2566 120 119 92
313.6703 -284.1319 3507.1062 121 120 92
317.1807 -284.7578 3514.8313 124 122 97
320.3528 -285.0717 3518.7065 124 123 96
323.5320 -285.3864 3522.5903 125 122 96
327.4419 -286.3345 3534.2932 123 122 95
337.9776 -290.5169 3585.9177 123 121 95
345.5125 -294.4875 3634.9280 122 120 95
348.4283 -294.4875 3634.9280 121 118 94
352.1461 -295.1598 3643.2268 121 120 94
355.4743 -295.4972 3647.3906 122 123 97
358.4000 -295.4972 3647.3906 126 125 98
496.6872 -396.5645 4894.8877 135 87 60
499.8469 -395.9572 4887.3916 128 78 53
503.7672 -395.9572 4887.3916 113 70 43
506.9113 -395.3517 4879.9185 105 69 41
510.8257 -395.3517 4879.9185 97 67 37
514.7401 -395.3517 4879.9185 110 82 51
519.4487 -395.9572 4887.3916 141 112 74
523.3691 -395.9572 4887.3916 153 124 77
527.2895 -395.9572 4887.3916 152 125 78
530.3976 -395.3517 4879.9185 146 119 72
533.4962 -394.7481 4872.4683 146 119 70
538.2263 -395.3517 4879.9185 148 117 65
542.1407 -395.3517 4879.9185 146 112 60
546.0551 -395.3517 4879.9185 140 105 53
548.2927 -394.1464 4865.0410 142 106 53
551.3547 -393.5464 4857.6357 145 109 56
554.4073 -392.9484 4850.2534 148 114 63
558.2979 -392.9484 4850.2534 143 111 58
562.1885 -392.9484 4850.2534 138 105 51
564.3637 -391.7576 4835.5557 141 103 49
567.3828 -391.1649 4828.2402 137 98 46
569.5325 -389.9850 4813.6753 133 94 45
572.5302 -389.3976 4806.4258 126 87 41
576.3856 -389.3976 4806.4258 121 82 40
579.3685 -388.8121 4799.1982 120 80 40
583.2181 -388.8121 4799.1982 125 82 44
586.1862 -388.2283 4791.9922 127 80 45
588.2635 -387.0659 4777.6450 125 73 40
590.3284 -385.9105 4763.3833 117 64 30
593.2638 -385.3353 4756.2842 113 59 28
596.1905 -384.7619 4749.2065 112 61 31
600.8942 -385.3353 4756.2842 113 69 38
604.7094 -385.3353 4756.2842 115 80 42
607.6191 -384.7619 4749.2065 114 83 39
610.5201 -384.1902 4742.1499 117 87 42
614.3240 -384.1902 4742.1499 116 87 40
617.2107 -383.6202 4735.1138 118 88 41
621.0090 -383.6202 4735.1138 118 87 39
624.8071 -383.6202 4735.1138 117 85 37
628.6053 -383.6202 4735.1138 122 88 41
631.4667 -383.0519 4728.0991 133 98 51
635.2593 -383.0519 4728.0991 140 104 55
639.0519 -383.0519 4728.0991 135 100 50
642.8445 -383.0519 4728.0991 134 98 48
646.6371 -383.0519 4728.0991 139 100 46
650.4297 -383.0519 4728.0991 146 106 46
653.2545 -382.4852 4721.1045 150 108 43
657.0414 -382.4852 4721.1045 145 102 39
660.8284 -382.4852 4721.1045 136 95 40
663.6337 -381.9202 4714.1309 128 90 39
667.4151 -381.9202 4714.1309 121 84 35
671.1965 -381.9202 4714.1309 117 81 31
674.9778 -381.9202 4714.1309 115 80 31
678.7592 -381.9202 4714.1309 116 80 35
682.5406 -381.9202 4714.1309 109 74 32
686.3220 -381.9202 4714.1309 99 62 27
690.1034 -381.9202 4714.1309 98 59 28
693.8848 -381.9202 4714.1309 103 61 32
698.6982 -382.4852 4721.1045 104 61 30
701.4476 -381.9202 4714.1309 103 59 29
705.2289 -381.9202 4714.1309 103 54 26
709.0104 -381.9202 4714.1309 106 56 26
712.7917 -381.9202 4714.1309 112 61 28
716.5731 -381.9202 4714.1309 119 68 34
720.3545 -381.9202 4714.1309 122 81 41
724.1359 -381.9202 4714.1309 123 93 51
727.9173 -381.9202 4714.1309 101 83 50
731.6987 -381.9202 4714.1309 73 71 46
735.4800 -381.9202 4714.1309 46 54 40
739.2614 -381.9202 4714.1309 57 52 36
743.0428 -381.9202 4714.1309 89 68 40
746.8243 -381.9202 4714.1309 122 89 48
750.6057 -381.9202 4714.1309 133 94 44
754.3870 -381.9202 4714.1309 136 97 45
758.1684 -381.9202 4714.1309 131 96 42
763.0770 -382.4852 4721.1045 132 99 46
766.8640 -382.4852 4721.1045 138 105 51
770.6509 -382.4852 4721.1045 136 102 49
774.4379 -382.4852 4721.1045 134 100 46
778.2249 -382.4852 4721.1045 132 97 44
782.0118 -382.4852 4721.1045 129 94 42
785.7988 -382.4852 4721.1045 124 87 37
789.5858 -382.4852 4721.1045 123 88 43
793.3728 -382.4852 4721.1045 111 78 38
798.3408 -383.0519 4728.0991 107 74 36
803.3235 -383.6202 4735.1138 108 71 36
807.1217 -383.6202 4735.1138 113 72 38
810.9199 -383.6202 4735.1138 110 68 36
814.7181 -383.6202 4735.1138 102 61 30
818.5164 -383.6202 4735.1138 106 67 34
822.3146 -383.6202 4735.1138 110 74 40
828.5715 -384.7619 4749.2065 97 68 37
833.6215 -385.3353 4756.2842 74 60 39
837.4367 -385.3353 4756.2842 52 50 36
4.5283 -307.9246 3763.5222 18 19 15
7.5561 -308.2881 3767.9656 17 20 14
10.5660 -307.9246 3763.5222 14 18 13
13.5211 -306.4789 3745.8530 14 18 12
16.5064 -306.1196 3741.4617 14 17 11
19.4620 -305.4035 3732.7097 16 18 13
22.4824 -305.7611 3737.0806 19 20 16
25.4801 -305.7611 3737.0806 35 38 32
28.4444 -305.4035 3732.7097 137 143 136
31.4386 -305.4035 3732.7097 201 209 201
34.3925 -305.0468 3728.3491 201 208 201
65.6052 -284.7547 3480.3345 191 196 186
68.1739 -283.8261 3468.9856 194 199 191
70.8795 -283.5179 3465.2190 194 199 190
73.5792 -283.2104 3461.4607 191 196 186
76.2730 -282.9036 3457.7104 190 196 187
78.9610 -282.5974 3453.9683 180 186 176
81.6432 -282.2919 3450.2344 182 187 176
84.3197 -281.9871 3446.5083 184 189 178
86.8966 -281.3793 3439.0806 184 190 179
89.5587 -281.0764 3435.3787 174 178 166
92.1160 -280.4726 3427.9988 165 168 156
94.6624 -279.8714 3420.6504 170 174 162
96.9904 -278.6766 3406.0479 165 169 157
99.4043 -277.7873 3395.1775 157 161 148
101.9108 -277.1975 3387.9690 158 162 148
104.6285 -277.1975 3387.9690 161 164 150
107.2322 -276.9035 3384.3762 158 161 147
109.9470 -276.9035 3384.3762 151 154 139
112.7813 -277.1975 3387.9690 153 154 138
115.3765 -276.9035 3384.3762 140 141 122
117.9661 -276.6102 3380.7910 148 148 129
120.6780 -276.6102 3380.7910 151 152 133
122.9990 -275.7339 3370.0811 140 140 122
125.7022 -275.7339 3370.0811 143 142 123
128.4055 -275.7339 3370.0811 152 153 134
131.1088 -275.7339 3370.0811 151 153 135
133.6709 -275.4431 3366.5261 154 157 142
136.3713 -275.4431 3366.5261 159 161 149
139.0717 -275.4431 3366.5261 159 160 150
141.4737 -274.8632 3359.4387 164 168 155
144.0168 -274.5742 3355.9062 164 169 158
146.2474 -273.7107 3345.3530 164 168 157
148.7749 -273.4241 3341.8501 169 173 161
151.1390 -272.8527 3334.8660 159 161 148
153.6535 -272.5679 3331.3850 151 154 139
156.3257 -272.5679 3331.3850 153 155 138
158.9979 -272.5679 3331.3850 144 147 129
161.6702 -272.5679 3331.3850 141 142 124
164.1710 -272.2837 3327.9111 144 145 127
166.6667 -272.0000 3324.4446 148 148 130
169.3333 -272.0000 3324.4446 134 134 114
171.8210 -271.7169 3320.9851 139 139 117
174.4849 -271.7169 3320.9851 142 142 119
177.1488 -271.7169 3320.9851 139 139 116
179.8127 -271.7169 3320.9851 135 135 113
182.6667 -272.0000 3324.4446 137 136 114
185.3333 -272.0000 3324.4446 136 136 115
187.8044 -271.7169 3320.9851 130 131 110
190.6667 -272.0000 3324.4446 138 138 117
193.3333 -272.0000 3324.4446 138 138 118
196.0000 -272.0000 3324.4446 128 128 107
198.4599 -271.7169 3320.9851 137 138 116
201.1238 -271.7169 3320.9851 140 140 119
203.5759 -271.4345 3317.5330 130 130 108
206.4516 -271.7169 3320.9851 140 140 117
208.8981 -271.4345 3317.5330 137 137 113
211.5593 -271.4345 3317.5330 129 128 106
213.9979 -271.1526 3314.0879 131 130 107
216.8815 -271.4345 3317.5330 124 123 100
219.3147 -271.1526 3314.0879 118 118 95
221.9730 -271.1526 3314.0879 126 124 101
224.3983 -270.8714 3310.6501 131 128 103
227.0540 -270.8714 3310.6501 121 119 93
229.7096 -270.8714 3310.6501 115 113 88
232.3651 -270.8714 3310.6501 120 118 92
235.0208 -270.8714 3310.6501 124 121 96
237.9232 -271.1526 3314.0879 119 116 91
240.5815 -271.1526 3314.0879 116 114 88
243.7461 -271.7169 3320.9851 122 118 92
246.6667 -272.0000 3324.4446 120 117 92
259.5329 -277.1975 3387.9690 124 122 96
263.6500 -278.6766 3406.0479 130 128 101
266.0981 -278.3795 3402.4165 130 128 102
269.1142 -278.6766 3406.0479 130 129 103
271.8463 -278.6766 3406.0479 131 130 104
274.8718 -278.9744 3409.6868 133 132 104
278.4995 -279.8714 3420.6504 130 129 101
283.3693 -281.9871 3446.5083 129 127 98
287.3753 -283.2104 3461.4607 130 128 99
290.7826 -283.8261 3468.9856 132 130 102
293.8847 -284.1349 3472.7603 130 128 100
296.9935 -284.4445 3476.5432 128 126 99
300.4367 -285.0655 3484.1340 128 126 100
303.5629 -285.3771 3487.9419 132 129 102
307.0318 -286.0022 3495.5825 131 129 103
310.5159 -286.6301 3503.2566 127 125 98
313.6703 -286.9451 3507.1062 126 123 95
316.8317 -287.2607 3510.9646 127 124 98
320.0000 -287.5771 3514.8313 123 122 97
323.1753 -287.8942 3518.7065 123 123 97
326.7183 -288.5304 3526.4827 120 119 93
331.7464 -290.4561 3550.0186 120 118 92
344.7273 -296.7273 3626.6667 123 122 97
348.0319 -297.0648 3630.7927 124 122 97
351.7446 -297.7423 3639.0728 121 120 95
355.4743 -298.4229 3647.3906 124 123 97
358.4000 -298.4229 3647.3906 126 126 98
361.7391 -298.7643 3651.5637 133 130 101
501.3825 -401.1060 4902.4067 143 89 59
504.5399 -400.4908 4894.8877 134 79 52
507.6876 -399.8775 4887.3916 132 79 53
511.6080 -399.8775 4887.3916 124 77 52
515.5284 -399.8775 4887.3916 104 63 38
520.2454 -400.4908 4894.8877 93 55 30
524.1718 -400.4908 4894.8877 98 62 34
528.0982 -400.4908 4894.8877 132 102 66
531.2098 -399.8775 4887.3916 150 127 86
535.1302 -399.8775 4887.3916 147 121 75
539.0506 -399.8775 4887.3916 145 117 68
542.1407 -399.2661 4879.9185 146 118 69
546.0551 -399.2661 4879.9185 148 116 66
549.1298 -398.6565 4872.4683 151 119 67
552.1952 -398.0488 4865.0410 146 113 60
556.0977 -398.0488 4865.0410 140 104 50
559.1477 -397.4429 4857.6357 141 105 49
563.0442 -397.4429 4857.6357 145 110 54
565.2201 -396.2368 4842.8936 137 101 46
569.1047 -396.2368 4842.8936 135 95 43
571.2557 -395.0378 4828.2402 141 102 47
574.2599 -394.4411 4820.9468 141 102 45
577.2549 -393.8462 4813.6753 140 101 46
580.2410 -393.2531 4806.4258 137 99 46
584.0964 -393.2531 4806.4258 129 90 42
586.1862 -392.0721 4791.9922 118 77 35
589.1454 -391.4843 4784.8076 120 76 39
591.2108 -390.3139 4770.5034 126 80 43
594.1493 -389.7314 4763.3833 130 81 45
597.0790 -389.1505 4756.2842 128 76 40
600.8942 -389.1505 4756.2842 120 65 32
605.6120 -389.7314 4763.3833 112 59 30
607.6191 -388.5714 4749.2065 107 60 31
611.4286 -388.5714 4749.2065 108 67 36
614.3240 -387.9941 4742.1499 109 73 37
618.1279 -387.9941 4742.1499 112 82 40
621.9317 -387.9941 4742.1499 121 94 46
624.8071 -387.4184 4735.1138 115 88 45
628.6053 -387.4184 4735.1138 105 75 43
632.4036 -387.4184 4735.1138 110 78 50
636.2018 -387.4184 4735.1138 103 67 41
640.0001 -387.4184 4735.1138 111 75 42
643.7983 -387.4184 4735.1138 133 97 53
647.5964 -387.4184 4735.1138 140 104 54
651.3947 -387.4184 4735.1138 140 103 52
654.2223 -386.8445 4728.0991 138 103 51
658.0149 -386.8445 4728.0991 139 101 48
660.8284 -386.2722 4721.1045 142 101 44
664.6154 -386.2722 4721.1045 144 103 44
668.4024 -386.2722 4721.1045 138 98 40
672.1894 -386.2722 4721.1045 131 93 40
675.9763 -386.2722 4721.1045 124 87 37
679.7633 -386.2722 4721.1045 120 84 36
682.5406 -385.7016 4714.1309 116 80 34
687.3373 -386.2722 4721.1045 108 73 31
691.1243 -386.2722 4721.1045 97 63 27
694.9113 -386.2722 4721.1045 87 54 25
699.7334 -386.8445 4728.0991 83 51 25
702.4852 -386.2722 4721.1045 90 55 27
706.2722 -386.2722 4721.1045 103 62 33
710.0591 -386.2722 4721.1045 111 65 34
713.8462 -386.2722 4721.1045 109 62 29
717.6332 -386.2722 4721.1045 101 53 23
721.4201 -386.2722 4721.1045 106 56 26
725.2071 -386.2722 4721.1045 115 63 31
728.9941 -386.2722 4721.1045 114 66 32
732.7811 -386.2722 4721.1045 102 63 33
736.5681 -386.2722 4721.1045 79 56 33
740.3550 -386.2722 4721.1045 80 63 40
744.1420 -386.2722 4721.1045 98 70 46
747.9290 -386.2722 4721.1045 92 56 32
751.7160 -386.2722 4721.1045 98 58 29
755.5030 -386.2722 4721.1045 119 78 39
759.2900 -386.2722 4721.1045 128 92 44
763.0770 -386.2722 4721.1045 136 100 46
766.8640 -386.2722 4721.1045 134 99 46
770.6509 -386.2722 4721.1045 132 98 46
774.4379 -386.2722 4721.1045 138 105 51
778.2249 -386.2722 4721.1045 138 107 53
782.0118 -386.2722 4721.1045 137 104 50
785.7988 -386.2722 4721.1045 137 102 49
790.7557 -386.8445 4728.0991 135 100 47
794.5482 -386.8445 4728.0991 127 92 42
799.5253 -387.4184 4735.1138 122 87 41
803.3235 -387.4184 4735.1138 115 81 38
808.3210 -387.9941 4742.1499 105 71 33
810.9199 -387.4184 4735.1138 104 67 32
817.1429 -388.5714 4749.2065 107 67 34
820.9525 -388.5714 4749.2065 109 67 36
824.7620 -388.5714 4749.2065 104 61 30
829.8063 -389.1505 4756.2842 100 58 29
834.8657 -389.7314 4763.3833 99 64 36
838.6866 -389.7314 4763.3833 94 64 38
4.5283 -310.9434 3763.5222 13 16 11
7.5561 -311.3105 3767.9656 13 17 11
10.5536 -310.5772 3759.0891 14 17 12
13.5211 -309.4836 3745.8530 14 16 12
16.4871 -308.7588 3737.0806 13 16 11
19.4620 -308.3977 3732.7097 14 17 13
22.4824 -308.7588 3737.0806 16 19 15
25.4801 -308.7588 3737.0806 33 38 29
28.4778 -308.7588 3737.0806 149 155 146
31.4386 -308.3977 3732.7097 199 208 199
34.4328 -308.3977 3732.7097 199 206 198
37.3832 -308.0374 3728.3491 201 209 201
65.6052 -287.5464 3480.3345 188 193 184
68.0999 -286.2975 3465.2190 186 191 183
70.8026 -285.9870 3461.4607 191 196 188
73.4995 -285.6772 3457.7104 188 194 185
76.1905 -285.3680 3453.9683 189 194 187
78.8757 -285.0595 3450.2344 183 188 179
81.5551 -284.7516 3446.5083 185 189 179
84.2287 -284.4445 3442.7905 186 191 181
86.8030 -283.8321 3435.3787 186 192 181
89.4624 -283.5269 3431.6846 177 180 169
92.0172 -282.9185 3424.3206 171 174 161
94.6624 -282.6153 3420.6504 170 173 161
96.9904 -281.4088 3406.0479 162 165 154
99.4043 -280.5107 3395.1775 164 168 154
102.0191 -280.2126 3391.5693 160 163 149
104.6285 -279.9151 3387.9690 161 163 150
107.3461 -279.9151 3387.9690 162 164 150
110.0637 -279.9151 3387.9690 156 159 143
112.7813 -279.9151 3387.9690 149 150 134
115.3765 -279.6183 3384.3762 149 150 132
118.0912 -279.6183 3384.3762 143 143 124
120.6780 -279.3221 3380.7910 151 152 132
123.1290 -278.7315 3373.6436 144 145 126
125.8351 -278.7315 3373.6436 147 148 128
128.4055 -278.4372 3370.0811 155 156 140
131.1088 -278.4372 3370.0811 154 155 141
133.6709 -278.1435 3366.5261 156 158 144
136.3713 -278.1435 3366.5261 154 156 142
138.9252 -277.8504 3362.9788 161 163 150
141.4737 -277.5579 3359.4387 167 172 160
143.8656 -276.9748 3352.3811 163 167 157
146.0943 -276.1047 3341.8501 161 164 154
148.7749 -276.1047 3341.8501 159 162 152
150.9812 -275.2401 3331.3850 152 155 142
153.6535 -275.2401 3331.3850 143 147 133
156.3257 -275.2401 3331.3850 150 153 140
158.9979 -275.2401 3331.3850 146 147 131
161.6702 -275.2401 3331.3850 140 141 123
164.1710 -274.9531 3327.9111 146 148 130
166.4932 -274.3809 3320.9851 149 151 132
169.3333 -274.6667 3324.4446 134 136 114
171.8210 -274.3809 3320.9851 141 141 118
174.6667 -274.6667 3324.4446 146 146 124
177.1488 -274.3809 3320.9851 141 143 123
180.0000 -274.6667 3324.4446 138 140 119
182.6667 -274.6667 3324.4446 142 143 122
185.3333 -274.6667 3324.4446 136 136 115
188.0000 -274.6667 3324.4446 141 141 120
190.8655 -274.9531 3327.9111 143 143 121
193.3333 -274.6667 3324.4446 141 141 120
196.0000 -274.6667 3324.4446 138 138 117
198.6667 -274.6667 3324.4446 137 137 116
201.1238 -274.3809 3320.9851 135 135 113
203.7877 -274.3809 3320.9851 127 128 107
206.4516 -274.3809 3320.9851 138 138 116
208.8981 -274.0956 3317.5330 133 132 110
211.7794 -274.3809 3320.9851 129 129 106
214.2204 -274.0956 3317.5330 130 129 107
216.8815 -274.0956 3317.5330 126 123 100
219.5426 -274.0956 3317.5330 127 125 104
221.9730 -273.8110 3314.0879 124 123 100
224.6314 -273.8110 3314.0879 127 125 99
227.2897 -273.8110 3314.0879 123 120 94
229.9481 -273.8110 3314.0879 124 121 97
232.6064 -273.8110 3314.0879 122 120 96
235.2648 -273.8110 3314.0879 122 121 96
237.9232 -273.8110 3314.0879 122 120 95
240.8316 -274.0956 3317.5330 117 115 90
244.0000 -274.6667 3324.4446 121 119 93
246.6667 -274.6667 3324.4446 121 120 93
258.9831 -279.3221 3380.7910 125 123 97
263.3689 -281.1088 3402.4165 131 130 102
265.5320 -280.5107 3395.1775 134 131 105
268.8273 -281.1088 3402.4165 131 129 103
271.5565 -281.1088 3402.4165 132 132 105
274.5785 -281.4088 3406.0479 130 130 104
278.2013 -282.3127 3416.9880 129 128 101
282.7586 -284.1380 3439.0806 132 130 104
287.0639 -285.6772 3457.7104 131 129 103
290.7826 -286.6087 3468.9856 131 130 103
293.8847 -286.9206 3472.7603 128 127 99
296.9935 -287.2331 3476.5432 130 129 102
300.1091 -287.5464 3480.3345 129 128 102
303.5629 -288.1749 3487.9419 129 128 101
306.6958 -288.4902 3491.7578 133 130 103
309.8357 -288.8062 3495.5825 129 126 100
313.3260 -289.4402 3503.2566 120 119 92
316.8317 -290.0770 3510.9646 123 120 94
320.0000 -290.3965 3514.8313 121 119 94
323.1753 -290.7167 3518.7065 123 121 93
326.7183 -291.3591 3526.4827 123 122 96
331.0100 -292.6526 3542.1384 123 122 95
335.3400 -293.9576 3557.9338 126 125 98
343.5561 -298.6184 3614.3452 125 124 99
347.2418 -299.2963 3622.5503 124 122 97
350.5455 -299.6364 3626.6667 121 120 94
354.6637 -300.6614 3639.0728 125 122 95
357.9909 -301.0046 3643.2268 124 122 96
361.7391 -301.6934 3651.5637 132 130 104
502.1538 -405.6616 4909.9487 158 117 73
505.3149 -405.0385 4902.4067 157 108 69
508.4663 -404.4172 4894.8877 149 94 60
512.3927 -404.4172 4894.8877 136 82 53
516.3191 -404.4172 4894.8877 122 73 50
520.2454 -404.4172 4894.8877 117 74 51
524.1718 -404.4172 4894.8877 122 94 70
528.0982 -404.4172 4894.8877 148 133 112
532.0246 -404.4172 4894.8877 138 125 111
535.1302 -403.7979 4887.3916 111 87 65
539.0506 -403.7979 4887.3916 132 104 64
542.9709 -403.7979 4887.3916 147 120 75
546.0551 -403.1805 4879.9185 144 115 69
549.1298 -402.5649 4872.4683 143 113 65
552.1952 -401.9513 4865.0410 140 109 60
555.2512 -401.3394 4857.6357 146 114 62
559.1477 -401.3394 4857.6357 147 114 60
562.1885 -400.7295 4850.2534 140 107 53
566.0790 -400.7295 4850.2534 133 96 42
569.1047 -400.1214 4842.8936 134 96 41
571.2557 -398.9108 4828.2402 142 106 52
575.1287 -398.9108 4828.2402 142 107 54
578.1270 -398.3082 4820.9468 142 105 51
581.1161 -397.7074 4813.6753 145 109 51
584.9774 -397.7074 4813.6753 145 106 47
587.0677 -396.5113 4799.1982 142 102 46
589.1454 -395.3224 4784.8076 136 99 46
591.2108 -394.1405 4770.5034 126 88 40
595.0374 -394.1405 4770.5034 117 76 34
597.9702 -393.5522 4763.3833 121 78 38
601.7911 -393.5522 4763.3833 130 85 45
605.6120 -393.5522 4763.3833 131 84 45
608.5246 -392.9658 4756.2842 120 71 35
611.4286 -392.3810 4749.2065 111 59 28
615.2382 -392.3810 4749.2065 109 58 31
618.1279 -391.7979 4742.1499 107 62 34
621.9317 -391.7979 4742.1499 114 80 46
625.7356 -391.7979 4742.1499 129 97 62
629.5394 -391.7979 4742.1499 130 92 62
632.4036 -391.2166 4735.1138 103 61 36
636.2018 -391.2166 4735.1138 92 57 36
640.9510 -391.7979 4742.1499 94 62 38
644.7549 -391.7979 4742.1499 106 76 42
648.5588 -391.7979 4742.1499 124 94 53
651.3947 -391.2166 4735.1138 134 102 54
655.1929 -391.2166 4735.1138 134 99 49
658.0149 -390.6371 4728.0991 141 106 53
661.8075 -390.6371 4728.0991 139 105 51
665.6000 -390.6371 4728.0991 139 106 53
669.3926 -390.6371 4728.0991 137 100 46
672.1894 -390.0592 4721.1045 138 96 42
675.9763 -390.0592 4721.1045 141 98 42
679.7633 -390.0592 4721.1045 135 96 40
683.5503 -390.0592 4721.1045 130 93 41
687.3373 -390.0592 4721.1045 127 89 40
691.1243 -390.0592 4721.1045 118 80 35
695.9408 -390.6371 4728.0991 104 67 29
699.7334 -390.6371 4728.0991 89 56 23
702.4852 -390.0592 4721.1045 86 55 26
706.2722 -390.0592 4721.1045 89 56 28
710.0591 -390.0592 4721.1045 100 65 33
713.8462 -390.0592 4721.1045 109 71 34
718.6964 -390.6371 4728.0991 112 69 34
722.4890 -390.6371 4728.0991 110 64 32
726.2816 -390.6371 4728.0991 104 58 28
730.0742 -390.6371 4728.0991 100 54 27
733.8668 -390.6371 4728.0991 97 54 28
736.5681 -390.0592 4721.1045 104 66 38
740.3550 -390.0592 4721.1045 119 78 48
744.1420 -390.0592 4721.1045 114 70 38
747.9290 -390.0592 4721.1045 121 79 42
751.7160 -390.0592 4721.1045 117 78 38
755.5030 -390.0592 4721.1045 111 78 34
759.2900 -390.0592 4721.1045 123 92 44
763.0770 -390.0592 4721.1045 119 87 40
768.0001 -390.6371 4728.0991 120 84 39
771.7927 -390.6371 4728.0991 130 96 48
775.5853 -390.6371 4728.0991 132 97 47
779.3779 -390.6371 4728.0991 130 97 44
783.1704 -390.6371 4728.0991 135 102 49
786.9631 -390.6371 4728.0991 139 108 55
790.7557 -390.6371 4728.0991 135 104 53
794.5482 -390.6371 4728.0991 132 100 51
799.5253 -391.2166 4735.1138 130 97 47
804.5172 -391.7979 4742.1499 128 95 46
808.3210 -391.7979 4742.1499 122 89 42
813.3334 -392.3810 4749.2065 109 77 36
818.3607 -392.9658 4756.2842 96 64 30
822.1759 -392.9658 4756.2842 93 56 26
825.9911 -392.9658 4756.2842 105 64 32
831.0449 -393.5522 4763.3833 113 69 36
836.1136 -394.1405 4770.5034 106 63 32
839.9402 -394.1405 4770.5034 98 56 27
4.5336 -314.3329 3767.9656 12 18 12
7.5561 -314.3329 3767.9656 12 17 11
10.5660 -313.9623 3763.5222 13 17 12
13.5211 -312.4883 3745.8530 13 18 12
16.4871 -311.7565 3737.0806 13 17 11
19.4393 -311.0281 3728.3491 15 17 12
22.4824 -311.7565 3737.0806 18 19 15
25.4801 -311.7565 3737.0806 41 44 38
28.4444 -311.3918 3732.7097 156 162 154
31.4386 -311.3918 3732.7097 198 205 198
34.3925 -311.0281 3728.3491 199 206 199
37.3832 -311.0281 3728.3491 200 207 200
65.5338 -290.0218 3476.5432 186 192 183
68.0999 -289.0771 3465.2190 187 192 184
70.7259 -288.4507 3457.7104 190 196 186
73.4199 -288.1385 3453.9683 189 195 185
76.1905 -288.1385 3453.9683 188 193 185
78.8757 -287.8271 3450.2344 188 193 184
81.4671 -287.2061 3442.7905 180 186 176
84.1379 -286.8966 3439.0806 183 188 179
86.7097 -286.2796 3431.6846 177 183 173
89.3663 -285.9721 3427.9988 170 174 164
91.9185 -285.3591 3420.6504 164 168 156
94.4599 -284.7487 3413.3335 170 173 162
96.8870 -283.8380 3402.4165 166 170 157
99.2986 -282.9331 3391.5693 167 170 157
101.9108 -282.6327 3387.9690 163 165 152
104.6285 -282.6327 3387.9690 157 159 145
107.2322 -282.3330 3384.3762 162 165 149
110.0637 -282.6327 3387.9690 155 158 143
112.7813 -282.6327 3387.9690 144 147 129
115.3765 -282.3330 3384.3762 148 149 129
118.0912 -282.3330 3384.3762 146 145 125
120.6780 -282.0339 3380.7910 147 146 127
123.1290 -281.4377 3373.6436 145 146 127
125.8351 -281.4377 3373.6436 141 142 123
128.4055 -281.1405 3370.0811 151 153 134
131.1088 -281.1405 3370.0811 156 158 142
133.6709 -280.8439 3366.5261 151 154 139
136.3713 -280.8439 3366.5261 158 160 146
138.9252 -280.5480 3362.9788 157 160 147
141.3249 -279.9580 3355.9062 167 170 160
143.7146 -279.3704 3348.8633 164 168 157
146.0943 -278.7854 3341.8501 159 162 150
148.6192 -278.4937 3338.3542 156 159 146
150.9812 -277.9123 3331.3850 151 155 140
153.6535 -277.9123 3331.3850 150 154 140
156.1627 -277.6225 3327.9111 144 147 133
158.8321 -277.6225 3327.9111 146 148 132
161.5016 -277.6225 3327.9111 141 142 125
164.0000 -277.3334 3324.4446 140 142 124
166.4932 -277.0447 3320.9851 149 150 133
169.1571 -277.0447 3320.9851 136 138 117
171.8210 -277.0447 3320.9851 137 137 117
174.6667 -277.3334 3324.4446 142 143 123
177.1488 -277.0447 3320.9851 140 142 121
180.0000 -277.3334 3324.4446 134 136 114
182.6667 -277.3334 3324.4446 140 142 121
185.3333 -277.3334 3324.4446 140 140 119
188.0000 -277.3334 3324.4446 140 140 121
190.8655 -277.6225 3327.9111 140 142 123
193.3333 -277.3334 3324.4446 139 141 120
196.0000 -277.3334 3324.4446 138 139 117
198.6667 -277.3334 3324.4446 130 130 110
201.3333 -277.3334 3324.4446 134 133 114
203.7877 -277.0447 3320.9851 131 130 110
206.6667 -277.3334 3324.4446 136 135 115
209.1155 -277.0447 3320.9851 133 134 112
211.7794 -277.0447 3320.9851 126 126 105
214.2204 -276.7568 3317.5330 130 128 107
217.1072 -277.0447 3320.9851 125 121 100
219.5426 -276.7568 3317.5330 121 120 97
222.2038 -276.7568 3317.5330 123 121 96
224.6314 -276.4694 3314.0879 129 126 99
227.5260 -276.7568 3317.5330 122 117 92
229.9481 -276.4694 3314.0879 119 115 92
232.6064 -276.4694 3314.0879 122 119 96
235.5094 -276.7568 3317.5330 126 124 100
238.1705 -276.7568 3317.5330 126 123 99
241.0822 -277.0447 3320.9851 126 123 100
244.0000 -277.3334 3324.4446 120 117 94
246.9239 -277.6225 3327.9111 122 120 94
258.4355 -281.4377 3373.6436 120 118 96
262.8085 -283.2341 3395.1775 124 123 99
265.5320 -283.2341 3395.1775 128 126 101
268.5410 -283.5357 3398.7932 128 126 102
271.2673 -283.5357 3398.7932 127 127 101
274.5785 -284.1409 3406.0479 124 124 96
277.9037 -284.7487 3413.3335 127 126 97
282.1505 -286.2796 3431.6846 129 128 100
287.0639 -288.4507 3457.7104 128 127 101
290.4669 -289.0771 3465.2190 127 124 97
293.5652 -289.3913 3468.9856 122 121 93
296.6703 -289.7062 3472.7603 126 125 99
299.7822 -290.0218 3476.5432 128 128 101
303.2314 -290.6550 3484.1340 129 129 100
306.3607 -290.9727 3487.9419 132 130 101
309.4967 -291.2910 3491.7578 131 129 100
312.9825 -291.9298 3499.4153 126 125 97
316.4835 -292.5714 3507.1062 123 120 92
319.6480 -292.8933 3510.9646 125 122 94
322.8194 -293.2159 3514.8313 126 124 96
326.3576 -293.8632 3522.5903 122 121 94
330.6430 -295.1663 3538.2114 123 122 95
334.5940 -296.1513 3550.0186 126 122 97
343.1674 -301.1765 3610.2566 124 122 96
347.2418 -302.2021 3622.5503 122 121 96
349.7506 -301.8594 3618.4431 124 123 97
354.2597 -303.2346 3634.9280 125 124 97
357.5827 -303.5804 3639.0728 125 125 98
361.3257 -304.2743 3647.3906 132 131 104
502.1538 -409.6000 4909.9487 153 123 71
505.3149 -408.9709 4902.4067 154 121 70
508.4663 -408.3436 4894.8877 154 118 71
512.3927 -408.3436 4894.8877 150 109 69
516.3191 -408.3436 4894.8877 143 103 68
521.0446 -408.9709 4902.4067 152 126 94
524.1718 -408.3436 4894.8877 166 148 129
528.0982 -408.3436 4894.8877 134 111 99
532.0246 -408.3436 4894.8877 88 57 44
535.1302 -407.7182 4887.3916 100 67 45
539.0506 -407.7182 4887.3916 130 99 74
542.9709 -407.7182 4887.3916 110 82 55
546.0551 -407.0948 4879.9185 120 93 59
549.1298 -406.4733 4872.4683 136 108 66
553.0382 -406.4733 4872.4683 149 122 75
556.0977 -405.8537 4865.0410 145 118 70
559.1477 -405.2359 4857.6357 135 106 58
563.0442 -405.2359 4857.6357 133 104 55
566.0790 -404.6201 4850.2534 138 107 54
569.1047 -404.0061 4842.8936 142 107 51
572.1212 -403.3940 4835.5557 136 100 45
575.1287 -402.7837 4828.2402 131 95 41
578.1270 -402.1753 4820.9468 141 104 50
581.1161 -401.5686 4813.6753 147 114 59
584.9774 -401.5686 4813.6753 140 108 52
587.0677 -400.3609 4799.1982 140 107 50
589.1454 -399.1604 4784.8076 146 108 51
592.0958 -398.5629 4777.6450 145 106 47
595.0374 -397.9671 4770.5034 140 103 45
598.8640 -397.9671 4770.5034 138 100 46
601.7911 -397.3732 4763.3833 131 92 42
606.5173 -397.9671 4770.5034 122 83 38
609.4329 -397.3732 4763.3833 118 77 38
612.3398 -396.7809 4756.2842 121 80 43
615.2382 -396.1905 4749.2065 123 80 43
619.0477 -396.1905 4749.2065 117 76 42
621.9317 -395.6018 4742.1499 139 101 68
625.7356 -395.6018 4742.1499 137 95 64
629.5394 -395.6018 4742.1499 110 65 38
633.3433 -395.6018 4742.1499 124 83 57
637.1472 -395.6018 4742.1499 109 71 42
640.9510 -395.6018 4742.1499 122 89 50
644.7549 -395.6018 4742.1499 136 106 59
648.5588 -395.6018 4742.1499 138 106 58
652.3626 -395.6018 4742.1499 119 85 41
655.1929 -395.0149 4735.1138 109 74 35
658.9911 -395.0149 4735.1138 114 81 39
662.7894 -395.0149 4735.1138 126 94 48
666.5875 -395.0149 4735.1138 134 100 51
669.3926 -394.4297 4728.0991 137 102 52
673.1853 -394.4297 4728.0991 135 101 50
676.9778 -394.4297 4728.0991 136 101 49
680.7704 -394.4297 4728.0991 134 97 42
684.5630 -394.4297 4728.0991 136 96 39
688.3557 -394.4297 4728.0991 140 99 41
692.1482 -394.4297 4728.0991 139 101 45
695.9408 -394.4297 4728.0991 131 93 42
699.7334 -394.4297 4728.0991 124 85 37
703.5260 -394.4297 4728.0991 117 78 33
707.3186 -394.4297 4728.0991 109 70 28
711.1111 -394.4297 4728.0991 109 72 30
714.9038 -394.4297 4728.0991 110 75 31
719.7626 -395.0149 4735.1138 109 75 33
723.5609 -395.0149 4735.1138 109 74 35
727.3591 -395.0149 4735.1138 105 66 34
731.1573 -395.0149 4735.1138 104 64 35
733.8668 -394.4297 4728.0991 109 70 40
737.6593 -394.4297 4728.0991 112 70 39
741.4519 -394.4297 4728.0991 121 77 40
745.2446 -394.4297 4728.0991 133 90 46
749.0371 -394.4297 4728.0991 126 87 40
752.8297 -394.4297 4728.0991 143 110 56
756.6223 -394.4297 4728.0991 144 112 60
760.4149 -394.4297 4728.0991 130 95 44
764.2075 -394.4297 4728.0991 123 90 42
768.0001 -394.4297 4728.0991 109 77 35
771.7927 -394.4297 4728.0991 88 60 26
775.5853 -394.4297 4728.0991 88 61 27
779.3779 -394.4297 4728.0991 115 83 42
783.1704 -394.4297 4728.0991 127 94 46
786.9631 -394.4297 4728.0991 129 97 46
790.7557 -394.4297 4728.0991 130 98 46
795.7270 -395.0149 4735.1138 133 101 49
800.7133 -395.6018 4742.1499 133 101 49
804.5172 -395.6018 4742.1499 126 95 44
809.5239 -396.1905 4749.2065 124 93 42
813.3334 -396.1905 4749.2065 128 96 46
819.5822 -397.3732 4763.3833 129 94 45
823.4031 -397.3732 4763.3833 120 84 38
827.2239 -397.3732 4763.3833 105 69 28
832.2870 -397.9671 4770.5034 101 64 27
837.3654 -398.5629 4777.6450 107 67 32
841.1977 -398.5629 4777.6450 112 67 34
4.5336 -317.3554 3767.9656 13 18 12
7.5650 -317.7305 3772.4194 12 17 11
10.5785 -317.3554 3767.9656 13 17 13
13.5370 -315.8637 3750.2546 13 16 12
16.4871 -314.7541 3737.0806 13 16 11
19.4393 -314.0187 3728.3491 16 18 12
22.4824 -314.7541 3737.0806 21 23 18
25.4503 -314.3860 3732.7097 43 48 39
28.4444 -314.3860 3732.7097 137 143 135
31.4386 -314.3860 3732.7097 199 208 200
34.3925 -314.0187 3728.3491 199 206 199
37.3832 -314.0187 3728.3491 199 206 198
40.3267 -313.6523 3723.9985 202 209 202
65.4625 -292.4919 3472.7603 187 194 185
68.0260 -291.5402 3461.4607 191 196 190
70.7259 -291.2243 3457.7104 188 193 186
73.4199 -290.9091 3453.9683 196 201 193
76.1081 -290.5946 3450.2344 194 200 191
78.7905 -290.2808 3446.5083 191 197 188
81.4671 -289.9677 3442.7905 188 194 185
84.0474 -289.3434 3435.3787 183 190 180
86.6165 -288.7218 3427.9988 179 185 175
89.2704 -288.4120 3424.3206 169 175 164
91.8201 -287.7945 3416.9880 169 173 163
94.3590 -287.1795 3409.6868 169 172 161
96.7838 -286.2620 3398.7932 168 172 159
99.2986 -285.6536 3391.5693 175 179 166
101.9108 -285.3503 3387.9690 167 169 156
104.6285 -285.3503 3387.9690 160 163 147
107.2322 -285.0477 3384.3762 164 167 153
110.0637 -285.3503 3387.9690 154 156 143
112.7813 -285.3503 3387.9690 149 151 136
115.3765 -285.0477 3384.3762 151 152 135
118.0912 -285.0477 3384.3762 145 146 128
120.8059 -285.0477 3384.3762 142 141 121
123.2593 -284.4445 3377.2134 147 148 128
125.9683 -284.4445 3377.2134 145 145 127
128.4055 -283.8437 3370.0811 148 149 130
131.2474 -284.1438 3373.6436 157 160 143
133.6709 -283.5443 3366.5261 162 165 151
136.2276 -283.2455 3362.9788 162 164 150
138.7790 -282.9474 3359.4387 161 164 150
141.1765 -282.3530 3352.3811 161 164 152
143.5639 -281.7610 3345.3530 161 165 154
145.9414 -281.1715 3338.3542 161 165 153
148.6192 -281.1715 3338.3542 158 162 149
150.8238 -280.2920 3327.9111 155 158 145
153.6535 -280.5846 3331.3850 157 160 148
156.1627 -280.2920 3327.9111 149 152 139
158.8321 -280.2920 3327.9111 152 154 139
161.5016 -280.2920 3327.9111 144 145 128
164.0000 -280.0000 3324.4446 142 142 126
166.4932 -279.7086 3320.9851 147 149 131
169.1571 -279.7086 3320.9851 137 140 119
171.8210 -279.7086 3320.9851 138 139 119
174.6667 -280.0000 3324.4446 147 148 127
177.3333 -280.0000 3324.4446 139 140 120
180.0000 -280.0000 3324.4446 137 137 117
182.6667 -280.0000 3324.4446 142 141 121
185.3333 -280.0000 3324.4446 139 138 118
188.0000 -280.0000 3324.4446 138 137 117
190.8655 -280.2920 3327.9111 137 137 117
193.3333 -280.0000 3324.4446 139 137 117
196.2044 -280.2920 3327.9111 136 136 115
198.6667 -280.0000 3324.4446 137 136 115
201.3333 -280.0000 3324.4446 135 134 113
203.7877 -279.7086 3320.9851 132 131 110
206.6667 -280.0000 3324.4446 135 136 116
209.1155 -279.7086 3320.9851 135 136 115
211.7794 -279.7086 3320.9851 129 127 106
214.2204 -279.4179 3317.5330 131 129 108
217.1072 -279.7086 3320.9851 126 125 100
219.5426 -279.4179 3317.5330 123 123 96
222.2038 -279.4179 3317.5330 123 122 96
224.8649 -279.4179 3317.5330 134 131 106
227.5260 -279.4179 3317.5330 126 122 97
229.9481 -279.1277 3314.0879 123 119 94
232.6064 -279.1277 3314.0879 125 122 96
235.5094 -279.4179 3317.5330 128 126 100
238.1705 -279.4179 3317.5330 123 120 96
241.0822 -279.7086 3320.9851 123 119 95
244.2545 -280.2920 3327.9111 120 117 92
246.9239 -280.2920 3327.9111 120 118 91
257.8903 -283.5443 3366.5261 124 122 97
262.2505 -285.3503 3387.9690 127 125 99
265.2498 -285.6536 3391.5693 129 126 99
268.5410 -286.2620 3398.7932 130 127 101
271.2673 -286.2620 3398.7932 130 129 103
274.2857 -286.5672 3402.4165 127 127 98
277.9037 -287.4867 3413.3335 129 128 98
281.5451 -288.4120 3424.3206 132 131 103
286.4433 -290.5946 3450.2344 132 130 102
290.1519 -291.5402 3461.4607 127 126 98
293.5652 -292.1740 3468.9856 126 125 96
296.3478 -292.1740 3468.9856 127 126 98
299.7822 -292.8105 3476.5432 128 125 98
302.9008 -293.1298 3480.3345 130 128 101
306.0262 -293.4498 3484.1340 132 131 103
309.1585 -293.7705 3487.9419 130 129 102
312.9825 -294.7368 3499.4153 127 124 97
316.4835 -295.3846 3507.1062 124 120 92
319.2967 -295.3846 3507.1062 124 122 96
322.8194 -296.0352 3514.8313 120 119 94
326.3576 -296.6888 3522.5903 120 119 91
330.2769 -297.6744 3534.2932 123 121 94
334.2223 -298.6667 3546.0742 127 127 100
347.2418 -305.1078 3622.5503 126 124 96
350.5455 -305.4546 3626.6667 127 126 98
354.6637 -306.4995 3639.0728 123 124 95
358.4000 -307.2000 3647.3906 126 126 98
361.7391 -307.5515 3651.5637 130 129 101
365.5046 -308.2569 3659.9390 136 133 105
502.1538 -413.5385 4909.9487 150 120 68
506.0923 -413.5385 4909.9487 156 127 79
509.2473 -412.9033 4902.4067 153 123 76
512.3927 -412.2700 4894.8877 147 117 71
517.1122 -412.9033 4902.4067 149 123 81
521.0446 -412.9033 4902.4067 145 119 92
524.1718 -412.2700 4894.8877 108 79 57
528.0982 -412.2700 4894.8877 87 50 29
532.0246 -412.2700 4894.8877 108 69 45
535.1302 -411.6386 4887.3916 150 115 88
539.0506 -411.6386 4887.3916 116 84 58
542.9709 -411.6386 4887.3916 117 86 52
546.0551 -411.0092 4879.9185 111 83 44
549.1298 -410.3817 4872.4683 128 101 64
553.0382 -410.3817 4872.4683 123 98 60
556.0977 -409.7561 4865.0410 136 111 69
559.1477 -409.1324 4857.6357 139 111 66
563.0442 -409.1324 4857.6357 142 113 66
566.0790 -408.5107 4850.2534 137 108 57
569.1047 -407.8908 4842.8936 134 105 55
572.1212 -407.2727 4835.5557 139 108 57
576.0000 -407.2727 4835.5557 144 111 58
578.1270 -406.0423 4820.9468 140 106 52
581.9940 -406.0423 4820.9468 138 102 48
585.8611 -406.0423 4820.9468 140 103 49
587.9518 -404.8193 4806.4258 142 108 53
590.0301 -403.6036 4791.9922 141 109 53
592.9835 -402.9985 4784.8076 139 106 50
595.9282 -402.3952 4777.6450 139 105 46
598.8640 -401.7937 4770.5034 144 107 46
602.6907 -401.7937 4770.5034 148 108 49
606.5173 -401.7937 4770.5034 144 105 48
609.4329 -401.1941 4763.3833 135 97 46
612.3398 -400.5961 4756.2842 120 85 39
616.1550 -400.5961 4756.2842 118 84 46
619.0477 -400.0000 4749.2065 139 102 67
622.8572 -400.0000 4749.2065 138 93 61
626.6667 -400.0000 4749.2065 110 65 37
630.4763 -400.0000 4749.2065 132 92 62
633.3433 -399.4057 4742.1499 123 87 57
637.1472 -399.4057 4742.1499 118 82 40
641.9048 -400.0000 4749.2065 143 112 59
644.7549 -399.4057 4742.1499 151 119 66
648.5588 -399.4057 4742.1499 126 90 40
652.3626 -399.4057 4742.1499 127 87 39
656.1665 -399.4057 4742.1499 122 86 37
658.9911 -398.8130 4735.1138 127 97 51
662.7894 -398.8130 4735.1138 117 89 49
666.5875 -398.8130 4735.1138 85 62 30
670.3857 -398.8130 4735.1138 73 51 23
673.1853 -398.2223 4728.0991 99 72 35
676.9778 -398.2223 4728.0991 124 92 47
680.7704 -398.2223 4728.0991 136 101 52
684.5630 -398.2223 4728.0991 142 106 52
688.3557 -398.2223 4728.0991 139 104 49
692.1482 -398.2223 4728.0991 139 102 45
696.9733 -398.8130 4735.1138 141 104 47
700.7715 -398.8130 4735.1138 140 104 50
704.5698 -398.8130 4735.1138 137 102 50
708.3680 -398.8130 4735.1138 133 98 47
712.1662 -398.8130 4735.1138 126 90 39
715.9644 -398.8130 4735.1138 121 83 31
719.7626 -398.8130 4735.1138 116 78 31
723.5609 -398.8130 4735.1138 105 72 31
728.4399 -399.4057 4742.1499 99 65 33
732.2438 -399.4057 4742.1499 109 71 40
734.9555 -398.8130 4735.1138 110 68 36
738.7537 -398.8130 4735.1138 125 81 44
742.5519 -398.8130 4735.1138 133 88 45
746.3502 -398.8130 4735.1138 135 95 43
750.1484 -398.8130 4735.1138 149 117 60
753.9466 -398.8130 4735.1138 137 105 51
757.7448 -398.8130 4735.1138 135 100 49
761.5430 -398.8130 4735.1138 135 100 50
765.3413 -398.8130 4735.1138 116 82 37
769.1395 -398.8130 4735.1138 98 66 29
772.9377 -398.8130 4735.1138 78 49 19
776.7359 -398.8130 4735.1138 87 58 22
780.5342 -398.8130 4735.1138 98 67 28
784.3324 -398.8130 4735.1138 92 68 31
788.1306 -398.8130 4735.1138 98 80 43
791.9288 -398.8130 4735.1138 120 93 50
795.7270 -398.8130 4735.1138 131 100 50
800.7133 -399.4057 4742.1499 131 99 47
805.7144 -400.0000 4749.2065 133 100 48
809.5239 -400.0000 4749.2065 139 107 53
814.5455 -400.5961 4756.2842 131 101 51
819.5822 -401.1941 4763.3833 121 87 39
824.6339 -401.7937 4770.5034 119 84 36
828.4604 -401.7937 4770.5034 125 91 43
833.5330 -402.3952 4777.6450 126 92 45
838.6207 -402.9985 4784.8076 118 84 38
842.4588 -402.9985 4784.8076 110 74 33
4.5283 -320.0000 3763.5222 13 17 12
7.5561 -320.3778 3767.9656 14 17 12
10.5660 -320.0000 3763.5222 15 17 12
13.5370 -318.8719 3750.2546 12 15 10
16.4871 -317.7518 3737.0806 13 16 10
19.4393 -317.0094 3728.3491 15 18 12
22.4561 -317.3801 3732.7097 20 23 18
25.4503 -317.3801 3732.7097 48 53 44
28.4444 -317.3801 3732.7097 140 147 138
31.4019 -317.0094 3728.3491 197 206 198
34.3925 -317.0094 3728.3491 200 207 199
37.3832 -317.0094 3728.3491 200 208 200
40.2797 -316.2704 3719.6582 202 209 201
65.4625 -295.2775 3472.7603 187 192 183
68.0260 -294.3167 3461.4607 186 192 184
70.7259 -293.9979 3457.7104 186 192 183
73.4199 -293.6797 3453.9683 187 192 183
76.1081 -293.3622 3450.2344 184 188 179
78.7905 -293.0453 3446.5083 185 190 182
81.3793 -292.4138 3439.0806 188 193 185
84.0474 -292.0990 3435.3787 183 188 179
86.6165 -291.4716 3427.9988 186 191 181
89.2704 -291.1588 3424.3206 178 182 170
91.7219 -290.2246 3413.3335 177 179 168
94.2583 -289.6051 3406.0479 172 176 164
96.6809 -288.6809 3395.1775 166 171 157
99.2986 -288.3741 3391.5693 170 173 159
101.9108 -288.0680 3387.9690 162 166 153
104.6285 -288.0680 3387.9690 157 160 148
107.3461 -288.0680 3387.9690 159 163 149
110.0637 -288.0680 3387.9690 159 161 147
112.7813 -288.0680 3387.9690 153 154 137
115.4990 -288.0680 3387.9690 144 145 127
118.0912 -287.7625 3384.3762 149 149 130
120.8059 -287.7625 3384.3762 143 144 124
123.2593 -287.1534 3377.2134 151 152 132
125.9683 -287.1534 3377.2134 148 148 128
128.4055 -286.5470 3370.0811 149 149 130
131.2474 -286.8499 3373.6436 163 165 148
133.6709 -286.2448 3366.5261 162 165 149
136.2276 -285.9431 3362.9788 164 167 152
138.6330 -285.3418 3355.9062 161 163 149
141.0283 -284.7429 3348.8633 167 171 158
143.4136 -284.1466 3341.8501 162 165 152
145.7889 -283.5528 3334.8660 157 160 147
148.4640 -283.5528 3334.8660 158 161 148
150.8238 -282.9615 3327.9111 157 159 147
153.4932 -282.9615 3327.9111 158 160 147
156.1627 -282.9615 3327.9111 158 160 147
158.6667 -282.6667 3324.4446 158 159 144
161.5016 -282.9615 3327.9111 147 148 129
164.0000 -282.6667 3324.4446 145 147 128
166.6667 -282.6667 3324.4446 146 148 129
169.3333 -282.6667 3324.4446 136 136 115
172.0000 -282.6667 3324.4446 140 141 121
174.6667 -282.6667 3324.4446 144 144 123
177.3333 -282.6667 3324.4446 138 137 116
180.0000 -282.6667 3324.4446 138 137 116
182.6667 -282.6667 3324.4446 142 141 120
185.3333 -282.6667 3324.4446 140 139 118
188.0000 -282.6667 3324.4446 135 136 113
190.8655 -282.9615 3327.9111 139 140 117
193.5349 -282.9615 3327.9111 139 138 115
196.2044 -282.9615 3327.9111 132 132 110
198.6667 -282.6667 3324.4446 136 135 114
201.3333 -282.6667 3324.4446 134 133 110
203.7877 -282.3725 3320.9851 127 126 103
206.6667 -282.6667 3324.4446 137 136 116
209.1155 -282.3725 3320.9851 132 131 109
212.0000 -282.6667 3324.4446 124 122 99
214.4433 -282.3725 3320.9851 130 129 106
217.1072 -282.3725 3320.9851 125 123 100
219.5426 -282.0790 3317.5330 125 123 98
222.2038 -282.0790 3317.5330 123 120 95
224.8649 -282.0790 3317.5330 130 127 102
227.5260 -282.0790 3317.5330 123 118 95
230.1871 -282.0790 3317.5330 119 115 92
232.8482 -282.0790 3317.5330 123 122 97
235.5094 -282.0790 3317.5330 124 124 97
238.1705 -282.0790 3317.5330 118 116 92
241.0822 -282.3725 3320.9851 120 118 95
244.2545 -282.9615 3327.9111 122 120 94
246.9239 -282.9615 3327.9111 126 123 97
250.3766 -283.8494 3338.3542 127 125 97
257.6186 -285.9431 3362.9788 123 121 95
261.9724 -287.7625 3384.3762 124 122 98
264.9682 -288.0680 3387.9690 128 126 101
268.5410 -288.9883 3398.7932 129 128 99
271.2673 -288.9883 3398.7932 131 130 103
274.2857 -289.2964 3402.4165 130 128 101
277.6069 -289.9146 3409.6868 131 128 99
280.9422 -290.5353 3416.9880 129 126 98
289.2108 -293.3622 3450.2344 125 124 96
292.9284 -294.3167 3461.4607 127 126 99
296.0261 -294.6363 3465.2190 126 125 97
299.1304 -294.9565 3468.9856 124 121 93
302.2416 -295.2775 3472.7603 124 122 94
305.6925 -295.9215 3480.3345 126 125 97
308.8210 -296.2446 3484.1340 126 125 97
312.6397 -297.2180 3495.5825 128 126 98
316.1361 -297.8705 3503.2566 128 124 96
319.2967 -298.1978 3507.1062 125 122 96
322.4643 -298.5259 3510.9646 124 122 95
326.3576 -299.5144 3522.5903 124 123 93
329.9115 -300.1770 3530.3835 126 124 97
333.8513 -301.1765 3542.1384 127 125 99
346.8481 -307.6644 3618.4431 126 123 94
350.9443 -308.7145 3630.7927 126 125 96
355.0685 -309.7717 3643.2268 121 121 92
358.8101 -310.4806 3651.5637 128 127 98
362.1535 -310.8362 3655.7466 134 131 102
365.9242 -311.5500 3664.1409 138 136 107
368.8634 -311.5500 3664.1409 138 128 96
505.3149 -416.8357 4902.4067 142 109 60
509.2473 -416.8357 4902.4067 140 108 63
512.3927 -416.1964 4894.8877 152 122 81
517.1122 -416.8357 4902.4067 140 111 74
521.0446 -416.8357 4902.4067 93 63 35
524.1718 -416.1964 4894.8877 80 50 24
528.9094 -416.8357 4902.4067 116 80 49
532.0246 -416.1964 4894.8877 157 122 92
535.1302 -415.5590 4887.3916 114 82 54
539.0506 -415.5590 4887.3916 121 89 53
542.9709 -415.5590 4887.3916 119 86 45
546.8913 -415.5590 4887.3916 136 106 66
549.9695 -414.9236 4879.9185 142 114 71
553.0382 -414.2901 4872.4683 152 124 81
556.9466 -414.2901 4872.4683 129 96 54
560.0001 -413.6586 4865.0410 130 97 59
563.9025 -413.6586 4865.0410 113 81 44
566.9407 -413.0289 4857.6357 127 95 49
569.9697 -412.4012 4850.2534 145 115 58
572.9894 -411.7755 4842.8936 144 114 57
576.0000 -411.1516 4835.5557 140 110 59
579.0016 -410.5295 4828.2402 134 103 53
581.9940 -409.9094 4820.9468 135 103 50
585.8611 -409.9094 4820.9468 141 109 54
587.9518 -408.6747 4806.4258 142 108 52
590.0301 -407.4475 4791.9922 137 102 45
592.9835 -406.8366 4784.8076 138 102 45
596.8216 -406.8366 4784.8076 144 108 54
599.7606 -406.2276 4777.6450 140 108 54
602.6907 -405.6204 4770.5034 135 103 48
607.4252 -406.2276 4777.6450 135 99 46
610.3439 -405.6204 4770.5034 135 98 48
613.2538 -405.0150 4763.3833 134 99 57
616.1550 -404.4113 4756.2842 140 105 70
619.9702 -404.4113 4756.2842 132 89 60
622.8572 -403.8096 4749.2065 116 71 47
626.6667 -403.8096 4749.2065 141 100 74
630.4763 -403.8096 4749.2065 126 87 59
634.2858 -403.8096 4749.2065 114 81 40
638.0953 -403.8096 4749.2065 139 109 59
641.9048 -403.8096 4749.2065 144 112 60
644.7549 -403.2095 4742.1499 126 89 39
649.5239 -403.8096 4749.2065 133 94 43
652.3626 -403.2095 4742.1499 132 94 42
656.1665 -403.2095 4742.1499 140 111 60
658.9911 -402.6113 4735.1138 129 99 54
662.7894 -402.6113 4735.1138 92 65 32
666.5875 -402.6113 4735.1138 57 38 16
670.3857 -402.6113 4735.1138 47 32 14
673.1853 -402.0149 4728.0991 45 31 11
676.9778 -402.0149 4728.0991 61 43 19
680.7704 -402.0149 4728.0991 75 50 25
684.5630 -402.0149 4728.0991 100 70 37
688.3557 -402.0149 4728.0991 125 91 46
692.1482 -402.0149 4728.0991 138 101 52
696.9733 -402.6113 4735.1138 142 106 53
700.7715 -402.6113 4735.1138 139 104 50
704.5698 -402.6113 4735.1138 133 97 44
707.3186 -402.0149 4728.0991 134 98 45
712.1662 -402.6113 4735.1138 139 104 53
715.9644 -402.6113 4735.1138 135 100 51
719.7626 -402.6113 4735.1138 119 84 41
723.5609 -402.6113 4735.1138 105 69 35
727.3591 -402.6113 4735.1138 115 74 45
732.2438 -403.2095 4742.1499 114 70 37
734.9555 -402.6113 4735.1138 131 85 45
738.7537 -402.6113 4735.1138 132 87 41
742.5519 -402.6113 4735.1138 140 103 49
746.3502 -402.6113 4735.1138 147 114 59
750.1484 -402.6113 4735.1138 134 102 47
753.9466 -402.6113 4735.1138 137 103 50
757.7448 -402.6113 4735.1138 124 89 42
761.5430 -402.6113 4735.1138 110 75 33
765.3413 -402.6113 4735.1138 89 60 27
769.1395 -402.6113 4735.1138 86 56 22
774.0862 -403.2095 4742.1499 115 80 34
777.8901 -403.2095 4742.1499 122 85 36
781.6940 -403.2095 4742.1499 113 82 39
785.4979 -403.2095 4742.1499 78 66 39
788.1306 -402.6113 4735.1138 50 53 38
793.1056 -403.2095 4742.1499 52 58 44
796.9094 -403.2095 4742.1499 74 65 42
801.9048 -403.8096 4749.2065 107 83 44
806.9151 -404.4113 4756.2842 127 96 49
810.7303 -404.4113 4756.2842 129 96 46
814.5455 -404.4113 4756.2842 129 97 48
820.8073 -405.6204 4770.5034 135 104 52
824.6339 -405.6204 4770.5034 132 103 50
829.7007 -406.2276 4777.6450 121 90 42
834.7827 -406.8366 4784.8076 109 78 32
838.6207 -406.8366 4784.8076 110 79 35
843.7238 -407.4475 4791.9922 119 87 43
4.5336 -323.4003 3767.9656 14 16 13
7.5561 -323.4003 3767.9656 13 15 13
10.5785 -323.4003 3767.9656 14 15 13
13.5529 -322.2589 3754.6667 12 15 11
16.4871 -320.7495 3737.0806 12 16 11
19.4620 -320.3743 3732.7097 14 17 13
22.4824 -320.7495 3737.0806 17 20 15
25.4503 -320.3743 3732.7097 44 48 41
28.4444 -320.3743 3732.7097 143 149 142
31.4019 -320.0000 3728.3491 198 206 198
34.3925 -320.0000 3728.3491 200 206 198
37.3396 -319.6266 3723.9985 200 209 201
40.1860 -318.5117 3711.0078 201 208 201
43.3139 -319.6266 3723.9985 201 207 199
46.0859 -318.1417 3706.6978 199 206 199
65.3203 -297.4159 3465.2190 192 198 189
68.0260 -297.0933 3461.4607 186 192 183
70.7259 -296.7714 3457.7104 189 195 186
73.4199 -296.4502 3453.9683 192 196 186
76.1081 -296.1297 3450.2344 186 189 179
78.7905 -295.8099 3446.5083 185 191 181
81.3793 -295.1724 3439.0806 181 187 177
84.0474 -294.8547 3435.3787 183 189 179
86.6165 -294.2213 3427.9988 179 185 175
89.2704 -293.9056 3424.3206 179 183 174
91.7219 -292.9626 3413.3335 170 173 164
94.2583 -292.3373 3406.0479 167 171 160
96.6809 -291.4043 3395.1775 162 166 154
99.2986 -291.0946 3391.5693 167 171 157
101.9108 -290.7856 3387.9690 162 166 152
104.6285 -290.7856 3387.9690 159 163 148
107.3461 -290.7856 3387.9690 156 158 144
110.0637 -290.7856 3387.9690 161 164 151
112.7813 -290.7856 3387.9690 147 150 133
115.4990 -290.7856 3387.9690 146 147 129
118.0912 -290.4772 3384.3762 152 153 133
120.8059 -290.4772 3384.3762 138 138 118
123.2593 -289.8625 3377.2134 150 150 131
125.9683 -289.8625 3377.2134 151 151 132
128.5412 -289.5561 3373.6436 144 145 127
131.2474 -289.5561 3373.6436 153 155 139
133.6709 -288.9452 3366.5261 154 157 143
136.0842 -288.3369 3359.4387 150 152 140
138.6330 -288.0337 3355.9062 154 157 144
140.8805 -287.1279 3345.3530 166 169 156
143.2636 -286.5272 3338.3542 165 168 155
145.7889 -286.2278 3334.8660 161 163 150
148.4640 -286.2278 3334.8660 156 158 145
150.8238 -285.6309 3327.9111 160 162 148
153.4932 -285.6309 3327.9111 158 160 146
156.1627 -285.6309 3327.9111 148 152 137
158.8321 -285.6309 3327.9111 157 159 143
161.5016 -285.6309 3327.9111 150 151 133
164.0000 -285.3333 3324.4446 138 141 122
166.6667 -285.3333 3324.4446 149 151 132
169.3333 -285.3333 3324.4446 136 135 114
172.0000 -285.3333 3324.4446 137 137 114
174.6667 -285.3333 3324.4446 146 144 122
177.3333 -285.3333 3324.4446 138 137 114
180.0000 -285.3333 3324.4446 139 139 116
182.8571 -285.6309 3327.9111 137 137 116
185.3333 -285.3333 3324.4446 134 133 112
188.0000 -285.3333 3324.4446 128 126 105
190.8655 -285.6309 3327.9111 140 140 119
193.5349 -285.6309 3327.9111 139 138 117
196.2044 -285.6309 3327.9111 124 123 102
198.8738 -285.6309 3327.9111 133 132 110
201.3333 -285.3333 3324.4446 133 132 110
204.0000 -285.3333 3324.4446 126 125 104
206.6667 -285.3333 3324.4446 127 126 104
209.1155 -285.0364 3320.9851 131 131 106
212.0000 -285.3333 3324.4446 124 124 99
214.4433 -285.0364 3320.9851 126 125 100
217.1072 -285.0364 3320.9851 121 120 97
219.5426 -284.7401 3317.5330 117 115 90
222.2038 -284.7401 3317.5330 123 122 95
224.8649 -284.7401 3317.5330 127 125 99
227.5260 -284.7401 3317.5330 118 117 90
230.1871 -284.7401 3317.5330 113 110 87
232.6064 -284.4445 3314.0879 118 116 94
235.2648 -284.4445 3314.0879 122 119 96
238.1705 -284.7401 3317.5330 118 115 91
241.0822 -285.0364 3320.9851 119 116 90
244.0000 -285.3333 3324.4446 119 117 91
246.6667 -285.3333 3324.4446 120 118 92
250.1150 -286.2278 3334.8660 120 118 94
264.6872 -290.4772 3384.3762 123 121 95
268.2553 -291.4043 3395.1775 123 121 95
271.2673 -291.7146 3398.7932 126 125 97
273.7021 -291.4043 3395.1775 127 127 97
277.6069 -292.6496 3409.6868 127 127 97
280.3419 -292.6496 3409.6868 128 127 98
284.5972 -294.2213 3427.9988 129 127 99
288.5869 -295.4909 3442.7905 126 124 97
292.6111 -296.7714 3457.7104 130 129 102
295.7050 -297.0933 3461.4607 130 128 102
298.8057 -297.4159 3465.2190 129 127 100
302.2416 -298.0631 3472.7603 128 127 98
305.3595 -298.3878 3476.5432 129 128 99
308.4842 -298.7132 3480.3345 132 130 103
312.2976 -299.6937 3491.7578 130 128 101
315.7895 -300.3509 3499.4153 131 127 102
318.9462 -300.6806 3503.2566 125 123 98
322.4643 -301.3422 3510.9646 124 123 94
325.9978 -302.0066 3518.7065 122 121 93
329.5470 -302.6741 3526.4827 124 121 94
333.8513 -304.0178 3542.1384 122 120 94
354.6637 -312.3375 3639.0728 130 128 102
358.4000 -313.0515 3647.3906 131 130 102
362.1535 -313.7686 3655.7466 137 133 106
365.9242 -314.4891 3664.1409 137 136 110
502.1538 -421.4154 4909.9487 126 96 54
505.3149 -420.7681 4902.4067 137 106 57
508.4663 -420.1227 4894.8877 142 110 63
512.3927 -420.1227 4894.8877 152 122 80
517.1122 -420.7681 4902.4067 116 83 50
520.2454 -420.1227 4894.8877 78 48 21
524.1718 -420.1227 4894.8877 112 81 46
528.9094 -420.7681 4902.4067 163 129 98
532.0246 -420.1227 4894.8877 128 91 65
535.9510 -420.1227 4894.8877 117 85 50
539.0506 -419.4793 4887.3916 119 87 46
542.9709 -419.4793 4887.3916 142 111 72
546.8913 -419.4793 4887.3916 150 122 77
549.9695 -418.8380 4879.9185 156 130 88
553.8838 -418.8380 4879.9185 138 106 61
556.9466 -418.1985 4872.4683 139 103 62
560.0001 -417.5610 4865.0410 97 56 29
563.9025 -417.5610 4865.0410 100 58 34
566.9407 -416.9254 4857.6357 114 75 37
570.8372 -416.9254 4857.6357 142 108 48
573.8602 -416.2918 4850.2534 159 129 62
576.0000 -415.0303 4835.5557 160 133 67
579.0016 -414.4025 4828.2402 148 120 58
581.9940 -413.7765 4820.9468 142 113 57
585.8611 -413.7765 4820.9468 140 110 57
587.9518 -412.5302 4806.4258 137 106 55
590.0301 -411.2913 4791.9922 136 104 52
592.9835 -410.6747 4784.8076 139 107 53
596.8216 -410.6747 4784.8076 140 107 51
599.7606 -410.0599 4777.6450 134 97 45
603.5928 -410.0599 4777.6450 131 96 44
607.4252 -410.0599 4777.6450 131 98 50
610.3439 -409.4470 4770.5034 128 94 55
613.2538 -408.8358 4763.3833 138 100 66
616.1550 -408.2265 4756.2842 131 90 56
619.9702 -408.2265 4756.2842 113 73 48
623.7854 -408.2265 4756.2842 131 100 76
626.6667 -407.6191 4749.2065 121 91 64
631.4158 -408.2265 4756.2842 115 83 46
634.2858 -407.6191 4749.2065 142 113 65
638.0953 -407.6191 4749.2065 143 111 60
641.9048 -407.6191 4749.2065 128 92 43
645.7144 -407.6191 4749.2065 135 94 46
649.5239 -407.6191 4749.2065 135 99 48
653.3334 -407.6191 4749.2065 152 124 74
656.1665 -407.0134 4742.1499 127 96 53
659.9703 -407.0134 4742.1499 99 60 26
663.7742 -407.0134 4742.1499 106 63 30
667.5781 -407.0134 4742.1499 107 66 33
670.3857 -406.4095 4735.1138 90 56 27
674.1840 -406.4095 4735.1138 68 42 18
677.9822 -406.4095 4735.1138 54 35 14
681.7805 -406.4095 4735.1138 54 33 15
684.5630 -405.8074 4728.0991 57 31 16
688.3557 -405.8074 4728.0991 56 30 13
692.1482 -405.8074 4728.0991 61 38 16
695.9408 -405.8074 4728.0991 88 60 31
699.7334 -405.8074 4728.0991 112 80 40
703.5260 -405.8074 4728.0991 130 97 49
707.3186 -405.8074 4728.0991 138 103 52
711.1111 -405.8074 4728.0991 129 95 46
714.9038 -405.8074 4728.0991 110 79 37
719.7626 -406.4095 4735.1138 109 74 44
723.5609 -406.4095 4735.1138 109 68 42
727.3591 -406.4095 4735.1138 114 72 38
732.2438 -407.0134 4742.1499 136 92 51
734.9555 -406.4095 4735.1138 130 89 43
738.7537 -406.4095 4735.1138 145 112 56
742.5519 -406.4095 4735.1138 141 110 56
746.3502 -406.4095 4735.1138 132 97 46
751.2631 -407.0134 4742.1499 134 98 48
755.0670 -407.0134 4742.1499 117 83 38
758.8708 -407.0134 4742.1499 103 69 32
762.6747 -407.0134 4742.1499 87 55 24
766.4785 -407.0134 4742.1499 100 67 26
770.2824 -407.0134 4742.1499 123 88 36
775.2382 -407.6191 4749.2065 125 90 39
777.8901 -407.0134 4742.1499 106 67 28
781.6940 -407.0134 4742.1499 106 61 31
785.4979 -407.0134 4742.1499 114 69 38
789.3018 -407.0134 4742.1499 105 69 38
793.1056 -407.0134 4742.1499 77 58 35
798.0953 -407.6191 4749.2065 57 49 30
801.9048 -407.6191 4749.2065 48 43 28
806.9151 -408.2265 4756.2842 59 49 30
811.9404 -408.8358 4763.3833 96 80 47
815.7612 -408.8358 4763.3833 119 95 50
820.8073 -409.4470 4770.5034 128 98 50
825.8683 -410.0599 4777.6450 128 97 48
829.7007 -410.0599 4777.6450 128 99 47
834.7827 -410.6747 4784.8076 133 105 54
839.8799 -411.2913 4791.9922 127 96 49
843.7238 -411.2913 4791.9922 102 71 33
4.5390 -326.8086 3772.4194 11 16 12
7.5650 -326.8086 3772.4194 12 16 11
10.5785 -326.4227 3767.9656 13 16 12
13.5529 -325.2706 3754.6667 11 15 10
16.4871 -323.7471 3737.0806 12 16 11
19.4848 -323.7471 3737.0806 13 17 11
22.4824 -323.7471 3737.0806 17 20 15
25.4801 -323.7471 3737.0806 40 44 38
28.4444 -323.3684 3732.7097 130 136 129
31.4019 -322.9907 3728.3491 197 204 197
34.3925 -322.9907 3728.3491 200 207 200
37.2960 -322.2378 3719.6582 201 208 201
40.1860 -321.4884 3711.0078 202 210 201
43.2634 -322.2378 3719.6582 198 205 197
46.0325 -320.7425 3702.3977 198 205 198
48.4960 -317.4283 3664.1409 199 206 199
62.5407 -300.1955 3465.2190 183 188 180
65.3203 -300.1955 3465.2190 188 194 185
67.9523 -299.5450 3457.7104 188 193 185
70.6494 -299.2208 3453.9683 190 194 187
73.3405 -298.8973 3450.2344 191 197 188
76.0259 -298.5745 3446.5083 187 193 183
78.7055 -298.2524 3442.7905 189 195 187
81.2917 -297.6104 3435.3787 183 189 179
83.9570 -297.2903 3431.6846 185 191 180
86.5236 -296.6524 3424.3206 181 187 175
89.1747 -296.3344 3420.6504 180 185 173
91.7219 -295.7006 3413.3335 179 183 171
94.2583 -295.0694 3406.0479 169 173 160
96.6809 -294.1277 3395.1775 165 170 159
99.1932 -293.5032 3387.9690 166 169 157
101.9108 -293.5032 3387.9690 162 165 152
104.5175 -293.1920 3384.3762 163 165 150
107.3461 -293.5032 3387.9690 158 159 146
110.0637 -293.5032 3387.9690 160 163 148
112.7813 -293.5032 3387.9690 149 149 131
115.4990 -293.5032 3387.9690 150 149 132
118.0912 -293.1920 3384.3762 150 152 135
120.8059 -293.1920 3384.3762 143 143 126
123.2593 -292.5714 3377.2134 149 150 132
125.9683 -292.5714 3377.2134 155 156 138
128.4055 -291.9536 3370.0811 148 150 133
131.1088 -291.9536 3370.0811 152 154 138
133.5300 -291.3383 3362.9788 158 160 146
135.7983 -290.4202 3352.3811 150 152 137
140.5858 -289.2050 3338.3542 163 166 154
142.9645 -288.6013 3331.3850 164 167 156
145.6368 -288.6013 3331.3850 161 164 151
148.3090 -288.6013 3331.3850 152 155 143
150.8238 -288.3003 3327.9111 157 160 145
153.4932 -288.3003 3327.9111 158 161 148
156.1627 -288.3003 3327.9111 143 145 133
158.6667 -288.0000 3324.4446 159 161 147
161.5016 -288.3003 3327.9111 151 152 138
164.0000 -288.0000 3324.4446 138 140 124
166.6667 -288.0000 3324.4446 150 153 135
169.3333 -288.0000 3324.4446 139 140 120
172.0000 -288.0000 3324.4446 139 140 119
174.6667 -288.0000 3324.4446 146 146 125
177.3333 -288.0000 3324.4446 136 136 115
180.0000 -288.0000 3324.4446 130 130 109
182.8571 -288.3003 3327.9111 139 139 119
185.5266 -288.3003 3327.9111 138 138 118
188.0000 -288.0000 3324.4446 128 128 106
190.8655 -288.3003 3327.9111 137 136 114
193.5349 -288.3003 3327.9111 138 138 118
196.2044 -288.3003 3327.9111 125 127 105
198.8738 -288.3003 3327.9111 131 132 109
201.3333 -288.0000 3324.4446 137 136 114
204.0000 -288.0000 3324.4446 128 128 108
206.6667 -288.0000 3324.4446 127 127 106
209.1155 -287.7003 3320.9851 132 132 110
212.0000 -288.0000 3324.4446 126 126 104
214.4433 -287.7003 3320.9851 127 125 104
217.1072 -287.7003 3320.9851 125 123 98
219.7711 -287.7003 3320.9851 129 127 101
222.4350 -287.7003 3320.9851 125 123 96
224.8649 -287.4013 3317.5330 129 127 99
227.5260 -287.4013 3317.5330 127 124 98
230.1871 -287.4013 3317.5330 126 124 97
232.8482 -287.4013 3317.5330 126 123 97
235.2648 -287.1028 3314.0879 124 123 96
238.1705 -287.4013 3317.5330 123 121 96
241.0822 -287.7003 3320.9851 120 119 93
243.7461 -287.7003 3320.9851 124 122 96
246.6667 -288.0000 3324.4446 123 121 97
249.8539 -288.6013 3331.3850 124 122 97
264.1270 -292.5714 3377.2134 125 124 98
267.9703 -293.8151 3391.5693 123 121 99
271.2673 -294.4409 3398.7932 124 123 99
273.7021 -294.1277 3395.1775 128 128 101
277.6069 -295.3846 3409.6868 129 127 100
280.3419 -295.3846 3409.6868 131 128 100
284.2919 -296.6524 3424.3206 131 129 102
288.5869 -298.2524 3442.7905 130 127 102
292.2944 -299.2208 3453.9683 130 127 101
295.7050 -299.8699 3461.4607 129 127 100
298.8057 -300.1955 3465.2190 127 124 98
301.9131 -300.5218 3468.9856 126 124 98
305.0272 -300.8488 3472.7603 128 125 99
308.4842 -301.5049 3480.3345 131 128 102
311.9563 -302.1639 3487.9419 129 126 99
315.7895 -303.1579 3499.4153 128 125 99
318.9462 -303.4907 3503.2566 125 122 96
322.4643 -304.1584 3510.9646 123 122 93
325.9978 -304.8291 3518.7065 124 122 95
329.5470 -305.5028 3526.4827 128 125 98
333.8513 -306.8590 3542.1384 128 127 99
354.6637 -315.2566 3639.0728 127 126 99
358.8101 -316.3387 3651.5637 130 128 102
362.5688 -317.0642 3659.9390 134 131 104
366.3448 -317.7931 3668.3525 135 134 106
502.1538 -425.3539 4909.9487 119 86 46
506.0923 -425.3539 4909.9487 136 103 56
509.2473 -424.7005 4902.4067 151 120 75
513.1797 -424.7005 4902.4067 141 108 72
517.1122 -424.7005 4902.4067 86 52 25
521.0446 -424.7005 4902.4067 95 63 33
524.9770 -424.7005 4902.4067 159 125 93
528.9094 -424.7005 4902.4067 139 105 79
532.0246 -424.0491 4894.8877 121 87 52
535.9510 -424.0491 4894.8877 126 92 50
539.8773 -424.0491 4894.8877 140 108 68
542.9709 -423.3997 4887.3916 151 123 81
546.8913 -423.3997 4887.3916 160 137 97
549.9695 -422.7523 4879.9185 143 114 72
553.8838 -422.7523 4879.9185 142 111 74
556.9466 -422.1069 4872.4683 108 63 32
560.8550 -422.1069 4872.4683 115 63 35
564.7634 -422.1069 4872.4683 125 72 42
567.8049 -421.4635 4865.0410 133 81 52
570.8372 -420.8220 4857.6357 134 86 56
573.8602 -420.1824 4850.2534 137 97 57
576.8741 -419.5448 4842.8936 148 115 63
579.0016 -418.2754 4828.2402 157 128 64
581.9940 -417.6435 4820.9468 156 129 60
585.8611 -417.6435 4820.9468 149 119 55
587.9518 -416.3856 4806.4258 142 110 53
590.0301 -415.1352 4791.9922 141 109 56
592.9835 -414.5128 4784.8076 138 108 56
595.9282 -413.8922 4777.6450 134 101 52
599.7606 -413.8922 4777.6450 131 99 50
602.6907 -413.2736 4770.5034 132 99 49
606.5173 -413.2736 4770.5034 128 95 51
610.3439 -413.2736 4770.5034 135 97 63
612.3398 -412.0417 4756.2842 133 89 55
616.1550 -412.0417 4756.2842 115 76 48
619.9702 -412.0417 4756.2842 136 106 85
623.7854 -412.0417 4756.2842 112 83 58
627.6006 -412.0417 4756.2842 114 86 44
631.4158 -412.0417 4756.2842 148 121 72
634.2858 -411.4286 4749.2065 139 108 58
638.0953 -411.4286 4749.2065 130 96 45
641.9048 -411.4286 4749.2065 138 101 50
645.7144 -411.4286 4749.2065 139 103 50
649.5239 -411.4286 4749.2065 157 128 79
653.3334 -411.4286 4749.2065 130 100 57
656.1665 -410.8173 4742.1499 96 58 25
659.9703 -410.8173 4742.1499 106 59 27
663.7742 -410.8173 4742.1499 119 68 26
667.5781 -410.8173 4742.1499 126 71 28
670.3857 -410.2077 4735.1138 128 73 33
674.1840 -410.2077 4735.1138 129 77 39
677.9822 -410.2077 4735.1138 115 68 35
680.7704 -409.6001 4728.0991 85 46 20
684.5630 -409.6001 4728.0991 66 35 15
688.3557 -409.6001 4728.0991 51 28 12
692.1482 -409.6001 4728.0991 40 23 8
695.9408 -409.6001 4728.0991 37 23 9
699.7334 -409.6001 4728.0991 41 27 12
703.5260 -409.6001 4728.0991 55 36 17
707.3186 -409.6001 4728.0991 78 51 26
711.1111 -409.6001 4728.0991 106 75 42
714.9038 -409.6001 4728.0991 110 74 44
719.7626 -410.2077 4735.1138 110 68 39
723.5609 -410.2077 4735.1138 123 79 44
727.3591 -410.2077 4735.1138 137 95 50
731.1573 -410.2077 4735.1138 135 99 47
734.9555 -410.2077 4735.1138 147 116 61
739.8514 -410.8173 4742.1499 136 102 50
742.5519 -410.2077 4735.1138 138 102 51
746.3502 -410.2077 4735.1138 127 95 46
751.2631 -410.8173 4742.1499 107 76 32
755.0670 -410.8173 4742.1499 105 72 34
758.8708 -410.8173 4742.1499 96 61 25
762.6747 -410.8173 4742.1499 113 77 32
766.4785 -410.8173 4742.1499 128 92 40
770.2824 -410.8173 4742.1499 123 91 42
775.2382 -411.4286 4749.2065 104 70 34
779.0477 -411.4286 4749.2065 103 63 32
782.8572 -411.4286 4749.2065 101 58 29
786.6667 -411.4286 4749.2065 101 57 28
790.4763 -411.4286 4749.2065 111 62 31
794.2858 -411.4286 4749.2065 119 68 32
798.0953 -411.4286 4749.2065 118 72 34
803.0999 -412.0417 4756.2842 102 68 36
808.1194 -412.6568 4763.3833 69 55 31
811.9404 -412.6568 4763.3833 55 56 38
816.9807 -413.2736 4770.5034 57 59 42
822.0360 -413.8922 4777.6450 78 68 44
827.1065 -414.5128 4784.8076 110 88 50
830.9446 -414.5128 4784.8076 122 94 49
836.0361 -415.1352 4791.9922 121 90 43
841.1430 -415.7594 4799.1982 118 86 42
844.9926 -415.7594 4799.1982 112 78 40
4.5336 -329.4451 3767.9656 12 16 12
7.5561 -329.4451 3767.9656 13 16 11
10.5660 -329.0566 3763.5222 13 16 11
13.5370 -327.8966 3750.2546 11 15 12
16.4871 -326.7448 3737.0806 13 16 10
19.4848 -326.7448 3737.0806 13 16 11
22.4824 -326.7448 3737.0806 15 18 14
25.4503 -326.3626 3732.7097 28 33 26
28.4444 -326.3626 3732.7097 116 123 116
31.4019 -325.9814 3728.3491 194 204 197
34.3925 -325.9814 3728.3491 200 208 200
37.3396 -325.6010 3723.9985 200 208 200
40.1860 -324.4651 3711.0078 200 207 200
43.2634 -325.2215 3719.6582 198 204 197
45.9791 -323.3372 3698.1074 201 207 200
48.5517 -320.7357 3668.3525 201 206 199
62.4729 -302.6465 3461.4607 191 196 188
65.2495 -302.6465 3461.4607 189 195 186
67.8788 -301.9913 3453.9683 187 191 183
70.5730 -301.6649 3450.2344 189 195 187
73.2613 -301.3391 3446.5083 190 195 189
75.9439 -301.0140 3442.7905 189 194 186
78.6207 -300.6897 3439.0806 185 190 181
81.2043 -300.0430 3431.6846 184 190 179
83.8668 -299.7208 3427.9988 181 187 177
86.4309 -299.0783 3420.6504 178 182 173
89.1747 -299.0783 3420.6504 178 183 172
91.6239 -298.1197 3409.6868 182 187 177
94.2583 -297.8015 3406.0479 174 178 168
96.6809 -296.8511 3395.1775 168 174 162
99.2986 -296.5356 3391.5693 162 166 152
101.9108 -296.2208 3387.9690 160 163 150
104.5175 -295.9067 3384.3762 164 165 153
107.2322 -295.9067 3384.3762 149 150 135
110.0637 -296.2208 3387.9690 154 156 142
112.7813 -296.2208 3387.9690 147 148 132
115.3765 -295.9067 3384.3762 146 147 131
117.9661 -295.5932 3380.7910 149 150 131
120.5503 -295.2804 3377.2134 146 145 127
122.9990 -294.6568 3370.0811 146 146 129
125.8351 -294.9683 3373.6436 153 154 138
128.2701 -294.3460 3366.5261 153 154 139
140.4389 -291.5779 3334.8660 161 163 151
142.8154 -290.9698 3327.9111 161 163 151
145.6368 -291.2735 3331.3850 163 165 151
148.3090 -291.2735 3331.3850 153 155 141
150.8238 -290.9698 3327.9111 157 160 144
153.4932 -290.9698 3327.9111 160 162 148
156.1627 -290.9698 3327.9111 140 141 128
158.8321 -290.9698 3327.9111 150 152 134
161.5016 -290.9698 3327.9111 148 151 133
164.0000 -290.6667 3324.4446 141 143 127
166.6667 -290.6667 3324.4446 148 148 133
169.3333 -290.6667 3324.4446 140 139 120
172.0000 -290.6667 3324.4446 136 135 114
174.6667 -290.6667 3324.4446 147 147 127
177.5183 -290.9698 3327.9111 142 143 122
180.1877 -290.9698 3327.9111 136 135 112
182.8571 -290.9698 3327.9111 136 135 113
185.5266 -290.9698 3327.9111 138 138 117
188.1960 -290.9698 3327.9111 131 131 110
190.8655 -290.9698 3327.9111 137 137 116
193.5349 -290.9698 3327.9111 136 137 117
196.4092 -291.2735 3331.3850 135 136 115
198.8738 -290.9698 3327.9111 133 132 111
201.5433 -290.9698 3327.9111 139 137 117
204.0000 -290.6667 3324.4446 131 129 108
206.6667 -290.6667 3324.4446 130 129 107
209.3334 -290.6667 3324.4446 132 131 108
212.0000 -290.6667 3324.4446 123 121 98
214.4433 -290.3642 3320.9851 124 121 99
217.3333 -290.6667 3324.4446 130 127 101
219.7711 -290.3642 3320.9851 125 122 97
222.4350 -290.3642 3320.9851 124 122 98
225.0989 -290.3642 3320.9851 132 128 104
227.5260 -290.0624 3317.5330 129 125 100
230.1871 -290.0624 3317.5330 123 120 94
232.8482 -290.0624 3317.5330 129 124 99
235.5094 -290.0624 3317.5330 129 126 101
238.1705 -290.0624 3317.5330 123 122 95
240.8316 -290.0624 3317.5330 121 119 94
243.7461 -290.3642 3320.9851 121 119 94
246.6667 -290.6667 3324.4446 120 118 93
249.8539 -291.2735 3331.3850 126 121 95
264.1270 -295.2804 3377.2134 123 121 96
268.2553 -296.8511 3395.1775 123 121 98
271.5565 -297.4840 3402.4165 123 121 97
273.9936 -297.1672 3398.7932 124 122 96
277.6069 -298.1197 3409.6868 125 124 98
280.3419 -298.1197 3409.6868 124 123 98
283.9872 -299.0783 3420.6504 125 123 98
287.9656 -300.3660 3435.3787 127 125 99
291.9784 -301.6649 3450.2344 127 124 97
295.3846 -302.3185 3457.7104 128 125 98
298.4816 -302.6465 3461.4607 130 127 100
301.5852 -302.9750 3465.2190 126 125 97
304.6957 -303.3044 3468.9856 132 129 101
308.1482 -303.9651 3476.5432 134 131 103
311.6157 -304.6288 3484.1340 135 132 103
315.0985 -305.2954 3491.7578 134 132 102
318.2476 -305.6298 3495.5825 129 128 100
322.1099 -306.6374 3507.1062 121 120 92
325.9978 -307.6516 3518.7065 123 122 94
329.5470 -308.3315 3526.4827 126 124 99
333.4812 -309.3570 3538.2114 127 126 100
354.2597 -317.8132 3634.9280 124 123 95
357.9909 -318.5388 3643.2268 131 130 102
362.1535 -319.6335 3655.7466 134 134 105
365.9242 -320.3674 3664.1409 140 137 109
502.1538 -429.2924 4909.9487 135 91 52
505.3149 -428.6329 4902.4067 116 75 33
508.4663 -427.9755 4894.8877 144 106 66
513.1797 -428.6329 4902.4067 109 73 43
517.1122 -428.6329 4902.4067 81 49 21
521.0446 -428.6329 4902.4067 145 108 73
524.9770 -428.6329 4902.4067 139 104 78
528.9094 -428.6329 4902.4067 119 86 53
532.8419 -428.6329 4902.4067 121 87 44
535.9510 -427.9755 4894.8877 139 107 68
539.8773 -427.9755 4894.8877 141 114 72
543.8037 -427.9755 4894.8877 165 144 104
546.8913 -427.3201 4887.3916 140 112 71
549.9695 -426.6667 4879.9185 144 117 79
553.8838 -426.6667 4879.9185 102 68 34
556.9466 -426.0153 4872.4683 124 89 44
560.8550 -426.0153 4872.4683 147 105 63
564.7634 -426.0153 4872.4683 150 101 64
567.8049 -425.3659 4865.0410 148 95 59
570.8372 -424.7184 4857.6357 145 90 55
574.7336 -424.7184 4857.6357 147 94 60
576.8741 -423.4295 4842.8936 145 97 64
579.8788 -422.7879 4835.5557 143 99 62
582.8745 -422.1483 4828.2402 143 107 58
585.8611 -421.5106 4820.9468 151 121 62
587.9518 -420.2410 4806.4258 151 123 58
590.0301 -418.9790 4791.9922 143 114 51
592.9835 -418.3508 4784.8076 132 103 47
596.8216 -418.3508 4784.8076 131 102 51
599.7606 -417.7246 4777.6450 132 102 55
603.5928 -417.7246 4777.6450 126 95 54
607.4252 -417.7246 4777.6450 133 97 64
610.3439 -417.1002 4770.5034 134 89 54
613.2538 -416.4776 4763.3833 125 79 50
616.1550 -415.8569 4756.2842 142 107 86
619.9702 -415.8569 4756.2842 112 83 59
623.7854 -415.8569 4756.2842 112 83 45
627.6006 -415.8569 4756.2842 148 120 72
631.4158 -415.8569 4756.2842 139 109 61
634.2858 -415.2381 4749.2065 129 96 48
639.0463 -415.8569 4756.2842 139 103 55
642.8614 -415.8569 4756.2842 142 107 55
645.7144 -415.2381 4749.2065 157 131 79
649.5239 -415.2381 4749.2065 134 104 58
653.3334 -415.2381 4749.2065 109 75 34
657.1429 -415.2381 4749.2065 108 71 30
659.9703 -414.6212 4742.1499 113 73 31
663.7742 -414.6212 4742.1499 117 73 33
667.5781 -414.6212 4742.1499 127 78 37
671.3819 -414.6212 4742.1499 130 76 35
674.1840 -414.0060 4735.1138 130 74 33
677.9822 -414.0060 4735.1138 128 70 30
681.7805 -414.0060 4735.1138 127 72 34
685.5787 -414.0060 4735.1138 125 73 39
689.3768 -414.0060 4735.1138 106 63 32
692.1482 -413.3926 4728.0991 79 47 19
695.9408 -413.3926 4728.0991 55 34 12
699.7334 -413.3926 4728.0991 53 36 14
703.5260 -413.3926 4728.0991 50 34 14
707.3186 -413.3926 4728.0991 72 50 28
711.1111 -413.3926 4728.0991 113 77 53
714.9038 -413.3926 4728.0991 114 72 41
719.7626 -414.0060 4735.1138 131 88 50
723.5609 -414.0060 4735.1138 138 94 49
727.3591 -414.0060 4735.1138 139 104 51
732.2438 -414.6212 4742.1499 148 116 63
734.9555 -414.0060 4735.1138 132 98 46
739.8514 -414.6212 4742.1499 134 100 49
743.6553 -414.6212 4742.1499 125 89 43
747.4592 -414.6212 4742.1499 109 75 32
751.2631 -414.6212 4742.1499 106 71 31
755.0670 -414.6212 4742.1499 107 69 28
758.8708 -414.6212 4742.1499 118 82 32
762.6747 -414.6212 4742.1499 131 96 44
767.6191 -415.2381 4749.2065 122 89 41
770.2824 -414.6212 4742.1499 103 72 31
775.2382 -415.2381 4749.2065 106 74 34
779.0477 -415.2381 4749.2065 104 71 34
782.8572 -415.2381 4749.2065 104 68 34
786.6667 -415.2381 4749.2065 107 68 37
790.4763 -415.2381 4749.2065 110 65 35
795.4695 -415.8569 4756.2842 103 57 27
799.2847 -415.8569 4756.2842 106 61 27
803.0999 -415.8569 4756.2842 119 68 33
808.1194 -416.4776 4763.3833 124 76 38
813.1541 -417.1002 4770.5034 113 75 40
816.9807 -417.1002 4770.5034 87 64 37
822.0360 -417.7246 4777.6450 52 46 30
827.1065 -418.3508 4784.8076 46 46 33
832.1923 -418.9790 4791.9922 60 51 30
836.0361 -418.9790 4791.9922 90 66 35
841.1430 -419.6090 4799.1982 94 61 27
844.9926 -419.6090 4799.1982 104 59 26
4.5283 -332.0755 3763.5222 11 16 11
7.5294 -331.2941 3754.6667 11 16 10
10.5288 -330.9048 3750.2546 12 16 10
13.5053 -330.1290 3741.4617 13 17 12
16.4678 -329.3568 3732.7097 14 17 10
19.4620 -329.3568 3732.7097 14 16 10
22.4561 -329.3568 3732.7097 15 18 13
25.4206 -328.9720 3728.3491 23 27 22
28.4112 -328.9720 3728.3491 91 96 93
31.3652 -328.5881 3723.9985 187 194 191
34.3524 -328.5881 3723.9985 198 204 199
37.2960 -328.2051 3719.6582 201 208 201
40.1394 -327.0616 3706.6978 201 208 200
43.1628 -327.4419 3711.0078 199 206 198
45.9259 -325.9259 3693.8271 204 210 204
48.5517 -323.6782 3668.3525 200 205 199
62.4729 -305.4230 3461.4607 193 199 191
65.2495 -305.4230 3461.4607 190 197 189
67.8788 -304.7619 3453.9683 191 196 187
70.5730 -304.4325 3450.2344 193 198 190
73.1823 -303.7757 3442.7905 193 198 190
75.7804 -303.1217 3435.3787 191 195 188
78.5361 -303.1217 3435.3787 187 191 182
81.1171 -302.4705 3427.9988 181 187 178
83.7768 -302.1459 3424.3206 183 188 178
86.4309 -301.8221 3420.6504 181 184 174
88.9840 -301.1765 3413.3335 181 182 174
91.5262 -300.5336 3406.0479 177 181 170
94.1578 -300.2132 3402.4165 170 174 164
96.6809 -299.5745 3395.1775 171 175 164
99.1932 -298.9384 3387.9690 170 174 162
101.9108 -298.9384 3387.9690 159 163 150
104.6285 -298.9384 3387.9690 167 170 158
107.3461 -298.9384 3387.9690 156 158 143
110.0637 -298.9384 3387.9690 154 156 141
112.9012 -299.2561 3391.5693 155 156 141
115.4990 -298.9384 3387.9690 146 147 131
117.9661 -298.3051 3380.7910 149 150 132
120.5503 -297.9894 3377.2134 151 153 135
122.9990 -297.3601 3370.0811 153 155 138
125.7022 -297.3601 3370.0811 152 155 138
128.1349 -296.7334 3362.9788 156 157 141
137.7639 -294.2529 3334.8660 162 163 150
140.2923 -293.9457 3331.3850 160 162 148
142.8154 -293.6392 3327.9111 158 160 147
145.6368 -293.9457 3331.3850 162 164 150
148.3090 -293.9457 3331.3850 153 155 140
150.8238 -293.6392 3327.9111 153 155 139
153.6535 -293.9457 3331.3850 158 161 145
156.1627 -293.6392 3327.9111 146 148 132
158.8321 -293.6392 3327.9111 154 156 138
161.5016 -293.6392 3327.9111 153 154 139
164.1710 -293.6392 3327.9111 141 143 127
166.6667 -293.3333 3324.4446 146 147 129
169.3333 -293.3333 3324.4446 145 144 123
172.1794 -293.6392 3327.9111 146 146 125
174.8488 -293.6392 3327.9111 149 149 129
177.5183 -293.6392 3327.9111 143 144 123
180.1877 -293.6392 3327.9111 143 143 122
183.0480 -293.9457 3331.3850 140 140 119
185.5266 -293.6392 3327.9111 140 140 119
188.1960 -293.6392 3327.9111 131 130 110
191.0647 -293.9457 3331.3850 137 136 114
193.5349 -293.6392 3327.9111 140 139 117
196.4092 -293.9457 3331.3850 135 134 113
198.8738 -293.6392 3327.9111 140 140 117
201.5433 -293.6392 3327.9111 144 145 123
204.2127 -293.6392 3327.9111 132 130 107
206.6667 -293.3333 3324.4446 134 132 108
209.3334 -293.3333 3324.4446 135 134 108
212.0000 -293.3333 3324.4446 125 121 97
214.6667 -293.3333 3324.4446 128 124 100
217.3333 -293.3333 3324.4446 133 129 105
219.7711 -293.0281 3320.9851 121 119 93
222.4350 -293.0281 3320.9851 126 125 97
225.0989 -293.0281 3320.9851 133 131 104
227.5260 -292.7235 3317.5330 127 123 98
230.1871 -292.7235 3317.5330 119 115 89
232.8482 -292.7235 3317.5330 125 122 94
235.2648 -292.4195 3314.0879 129 125 97
237.9232 -292.4195 3314.0879 121 118 89
240.8316 -292.7235 3317.5330 117 116 87
243.4928 -292.7235 3317.5330 121 118 92
246.4100 -293.0281 3320.9851 117 115 90
264.4068 -298.3051 3380.7910 124 121 93
268.5410 -299.8935 3398.7932 124 123 96
271.8463 -300.5336 3406.0479 123 122 96
274.2857 -300.2132 3402.4165 128 126 99
277.9037 -301.1765 3413.3335 127 125 100
280.3419 -300.8547 3409.6868 126 124 100
283.9872 -301.8221 3420.6504 131 129 102
287.6559 -302.7957 3431.6846 131 130 101
291.6631 -304.1037 3446.5083 130 129 101
295.0649 -304.7619 3453.9683 127 125 99
298.1582 -305.0921 3457.7104 124 123 96
301.5852 -305.7546 3465.2190 125 124 99
304.6957 -306.0870 3468.9856 124 123 98
307.8128 -306.4200 3472.7603 128 127 101
311.2759 -307.0883 3480.3345 133 131 103
314.7541 -307.7596 3487.9419 130 129 101
317.8994 -308.0963 3491.7578 128 126 99
321.7563 -309.1109 3503.2566 125 122 94
325.6388 -310.1322 3514.8313 124 122 94
329.1833 -310.8168 3522.5903 124 123 96
333.1118 -311.8494 3534.2932 124 122 94
353.8567 -320.3641 3630.7927 128 126 99
357.5827 -321.0947 3639.0728 132 130 103
362.1535 -322.5659 3655.7466 137 136 109
365.9242 -323.3065 3664.1409 138 137 110
368.8634 -323.3065 3664.1409 146 137 107
506.0923 -433.2308 4909.9487 171 121 85
509.2473 -432.5653 4902.4067 153 100 60
513.1797 -432.5653 4902.4067 104 59 26
517.1122 -432.5653 4902.4067 118 76 44
521.0446 -432.5653 4902.4067 156 116 84
524.9770 -432.5653 4902.4067 111 76 46
528.9094 -432.5653 4902.4067 126 93 49
532.8419 -432.5653 4902.4067 134 101 57
535.9510 -431.9019 4894.8877 127 98 57
539.8773 -431.9019 4894.8877 166 142 99
543.8037 -431.9019 4894.8877 139 110 67
546.8913 -431.2404 4887.3916 144 115 74
550.8116 -431.2404 4887.3916 106 74 34
553.8838 -430.5810 4879.9185 120 88 44
557.7982 -430.5810 4879.9185 140 107 58
560.8550 -429.9237 4872.4683 142 109 59
564.7634 -429.9237 4872.4683 157 125 74
568.6718 -429.9237 4872.4683 164 128 78
571.7074 -429.2683 4865.0410 162 117 74
575.6098 -429.2683 4865.0410 157 105 67
577.7508 -427.9636 4850.2534 147 95 59
579.8788 -426.6667 4835.5557 142 93 59
582.8745 -426.0212 4828.2402 144 97 65
586.7474 -426.0212 4828.2402 143 99 64
588.8387 -424.7361 4813.6753 140 98 58
590.9174 -423.4587 4799.1982 136 100 51
593.8740 -422.8228 4791.9922 131 102 48
596.8216 -422.1889 4784.8076 124 95 44
600.6597 -422.1889 4784.8076 119 91 45
603.5928 -421.5569 4777.6450 128 95 61
607.4252 -421.5569 4777.6450 130 87 55
610.3439 -420.9268 4770.5034 121 77 48
613.2538 -420.2985 4763.3833 136 99 79
617.0746 -420.2985 4763.3833 114 84 60
619.9702 -419.6721 4756.2842 112 82 43
623.7854 -419.6721 4756.2842 145 117 69
627.6006 -419.6721 4756.2842 139 109 62
631.4158 -419.6721 4756.2842 130 97 52
635.2310 -419.6721 4756.2842 138 106 60
639.0463 -419.6721 4756.2842 137 105 55
642.8614 -419.6721 4756.2842 158 134 82
645.7144 -419.0476 4749.2065 134 105 60
649.5239 -419.0476 4749.2065 114 79 33
653.3334 -419.0476 4749.2065 127 89 36
657.1429 -419.0476 4749.2065 135 96 37
660.9524 -419.0476 4749.2065 137 99 42
663.7742 -418.4250 4742.1499 136 100 46
668.5715 -419.0476 4749.2065 128 90 41
671.3819 -418.4250 4742.1499 121 79 35
675.1858 -418.4250 4742.1499 126 79 38
678.9897 -418.4250 4742.1499 132 78 36
681.7805 -417.8042 4735.1138 133 77 35
685.5787 -417.8042 4735.1138 125 71 31
689.3768 -417.8042 4735.1138 123 69 31
693.1751 -417.8042 4735.1138 124 69 33
696.9733 -417.8042 4735.1138 122 73 35
700.7715 -417.8042 4735.1138 107 65 30
704.5698 -417.8042 4735.1138 97 61 29
708.3680 -417.8042 4735.1138 107 71 43
712.1662 -417.8042 4735.1138 110 67 41
715.9644 -417.8042 4735.1138 131 88 51
719.7626 -417.8042 4735.1138 130 88 45
723.5609 -417.8042 4735.1138 140 105 53
728.4399 -418.4250 4742.1499 141 109 56
732.2438 -418.4250 4742.1499 131 96 46
736.0476 -418.4250 4742.1499 135 100 51
739.8514 -418.4250 4742.1499 115 81 38
743.6553 -418.4250 4742.1499 107 75 35
747.4592 -418.4250 4742.1499 107 73 30
751.2631 -418.4250 4742.1499 122 84 34
756.1906 -419.0476 4749.2065 126 88 36
760.0001 -419.0476 4749.2065 132 100 47
762.6747 -418.4250 4742.1499 122 93 46
767.6191 -419.0476 4749.2065 117 84 39
771.4286 -419.0476 4749.2065 119 83 34
776.3934 -419.6721 4756.2842 124 86 35
779.0477 -419.0476 4749.2065 120 82 32
784.0239 -419.6721 4756.2842 116 80 32
787.8391 -419.6721 4756.2842 109 74 32
791.6542 -419.6721 4756.2842 105 69 33
795.4695 -419.6721 4756.2842 106 67 32
799.2847 -419.6721 4756.2842 114 69 36
804.2986 -420.2985 4763.3833 106 60 28
809.3275 -420.9268 4770.5034 103 60 28
813.1541 -420.9268 4770.5034 109 64 33
818.2037 -421.5569 4777.6450 120 71 35
823.2684 -422.1889 4784.8076 119 73 34
828.3484 -422.8228 4791.9922 98 66 33
832.1923 -422.8228 4791.9922 69 49 24
837.2933 -423.4587 4799.1982 81 56 29
842.4097 -424.0964 4806.4258 109 66 32
846.2651 -424.0964 4806.4258 107 62 31
4.5230 -334.6997 3759.0891 12 16 12
7.5206 -333.9131 3750.2546 11 16 10
10.5041 -333.1302 3741.4617 11 16 10
13.4895 -332.7401 3737.0806 12 16 10
16.4486 -331.9626 3728.3491 12 16 9
19.4393 -331.9626 3728.3491 12 17 10
22.4299 -331.9626 3728.3491 13 17 12
25.3909 -331.5753 3723.9985 20 23 21
28.4112 -331.9626 3728.3491 58 62 64
31.3287 -331.1888 3719.6582 147 153 157
34.2724 -330.8033 3715.3279 191 198 197
37.2526 -330.8033 3715.3279 200 209 204
40.0928 -329.6520 3702.3977 204 212 205
43.0626 -329.6520 3702.3977 198 205 197
45.8199 -328.1293 3685.2964 198 205 196
48.4960 -326.2457 3664.1409 197 204 197
62.4729 -308.1996 3461.4607 185 189 183
65.2495 -308.1996 3461.4607 196 201 193
67.8788 -307.5325 3453.9683 190 194 186
70.4968 -306.8683 3446.5083 184 188 178
73.1035 -306.2069 3439.0806 188 192 183
75.6989 -305.5484 3431.6846 188 193 184
78.4516 -305.5484 3431.6846 182 187 176
81.0300 -304.8927 3424.3206 179 185 175
83.6870 -304.5659 3420.6504 184 190 179
86.2460 -303.9145 3413.3335 183 188 177
88.8889 -303.5898 3409.6868 180 183 174
91.4286 -302.9424 3402.4165 178 180 170
94.0575 -302.6198 3398.7932 174 177 166
96.5781 -301.9766 3391.5693 174 178 167
99.1932 -301.6561 3387.9690 165 168 158
101.8028 -301.3362 3384.3762 159 162 149
104.5175 -301.3362 3384.3762 163 165 153
107.2322 -301.3362 3384.3762 166 168 153
110.1807 -301.9766 3391.5693 154 156 140
112.9012 -301.9766 3391.5693 155 157 141
115.4990 -301.6561 3387.9690 152 152 135
117.9661 -301.0170 3380.7910 153 154 138
120.4228 -300.3806 3373.6436 160 161 144
137.3333 -296.0000 3324.4446 159 161 147
140.1460 -296.3087 3327.9111 153 156 142
142.6667 -296.0000 3324.4446 156 160 147
145.4849 -296.3087 3327.9111 158 160 147
148.3090 -296.6180 3331.3850 156 158 142
150.8238 -296.3087 3327.9111 157 159 142
153.4932 -296.3087 3327.9111 158 160 143
156.1627 -296.3087 3327.9111 145 147 132
158.8321 -296.3087 3327.9111 148 150 134
161.5016 -296.3087 3327.9111 150 151 134
164.1710 -296.3087 3327.9111 143 145 126
166.6667 -296.0000 3324.4446 144 147 127
169.5099 -296.3087 3327.9111 144 144 123
172.1794 -296.3087 3327.9111 140 141 120
174.8488 -296.3087 3327.9111 145 145 124
177.5183 -296.3087 3327.9111 141 140 120
180.1877 -296.3087 3327.9111 133 132 112
183.0480 -296.6180 3331.3850 141 141 121
185.5266 -296.3087 3327.9111 133 133 113
188.1960 -296.3087 3327.9111 124 125 105
191.0647 -296.6180 3331.3850 131 132 111
193.5349 -296.3087 3327.9111 140 140 117
196.4092 -296.6180 3331.3850 129 128 105
199.0814 -296.6180 3331.3850 140 139 116
201.5433 -296.3087 3327.9111 139 140 119
204.2127 -296.3087 3327.9111 124 121 99
206.8822 -296.3087 3327.9111 134 133 109
209.3334 -296.0000 3324.4446 133 131 107
212.0000 -296.0000 3324.4446 125 122 98
214.6667 -296.0000 3324.4446 127 124 100
217.3333 -296.0000 3324.4446 128 126 100
219.7711 -295.6920 3320.9851 127 124 100
222.4350 -295.6920 3320.9851 125 122 98
225.0989 -295.6920 3320.9851 130 128 103
227.5260 -295.3846 3317.5330 121 118 93
230.1871 -295.3846 3317.5330 120 116 92
232.8482 -295.3846 3317.5330 122 120 94
235.2648 -295.0779 3314.0879 126 123 98
237.9232 -295.0779 3314.0879 122 120 94
240.8316 -295.3846 3317.5330 121 119 93
243.2399 -295.0779 3314.0879 123 120 96
264.9682 -301.6561 3387.9690 123 121 98
268.8273 -302.9424 3402.4165 123 124 97
271.8463 -303.2658 3406.0479 123 123 97
274.5785 -303.2658 3406.0479 124 123 97
277.6069 -303.5898 3409.6868 125 125 98
280.3419 -303.5898 3409.6868 123 122 97
283.6831 -304.2399 3416.9880 129 127 101
287.0386 -304.8927 3424.3206 130 130 104
291.0345 -306.2069 3439.0806 127 128 100
294.7460 -307.2000 3450.2344 128 128 99
297.8355 -307.5325 3453.9683 125 122 95
301.2582 -308.1996 3461.4607 121 121 94
304.3648 -308.5342 3465.2190 120 118 93
307.8128 -309.2057 3472.7603 121 119 95
311.2759 -309.8801 3480.3345 129 128 101
314.7541 -310.5574 3487.9419 127 124 96
317.8994 -310.8972 3491.7578 128 126 99
321.7563 -311.9210 3503.2566 129 127 100
325.6388 -312.9516 3514.8313 127 127 99
329.1833 -313.6424 3522.5903 128 128 99
332.7434 -314.3363 3530.3835 128 127 99
353.4546 -322.9091 3626.6667 129 128 101
357.9909 -324.3836 3643.2268 134 132 106
362.1535 -325.4983 3655.7466 134 132 107
365.5046 -325.8716 3659.9390 138 136 109
368.8634 -326.2457 3664.1409 149 140 112
509.2473 -436.4977 4902.4067 161 107 70
513.9692 -437.1693 4909.9487 163 107 67
517.9077 -437.1693 4909.9487 160 102 61
521.0446 -436.4977 4902.4067 126 75 40
524.9770 -436.4977 4902.4067 122 81 43
529.7231 -437.1693 4909.9487 126 91 49
532.8419 -436.4977 4902.4067 129 98 56
536.7742 -436.4977 4902.4067 155 130 85
540.7067 -436.4977 4902.4067 142 115 71
543.8037 -435.8283 4894.8877 146 119 75
547.7301 -435.8283 4894.8877 110 77 41
550.8116 -435.1608 4887.3916 107 71 31
554.7321 -435.1608 4887.3916 129 95 49
557.7982 -434.4954 4879.9185 143 111 63
561.7126 -434.4954 4879.9185 157 128 79
565.6269 -434.4954 4879.9185 158 129 78
568.6718 -433.8321 4872.4683 154 123 70
572.5802 -433.8321 4872.4683 158 127 74
575.6098 -433.1708 4865.0410 166 133 84
578.6302 -432.5114 4857.6357 166 127 82
580.7588 -431.1988 4842.8936 156 110 70
583.7576 -430.5455 4835.5557 146 97 61
587.6364 -430.5455 4835.5557 139 89 57
589.7281 -429.2447 4820.9468 140 90 58
591.8073 -427.9518 4806.4258 143 93 59
594.7670 -427.3083 4799.1982 139 93 56
597.7178 -426.6667 4791.9922 127 89 49
600.6597 -426.0270 4784.8076 120 85 48
604.4977 -426.0270 4784.8076 117 78 50
607.4252 -425.3893 4777.6450 114 69 43
611.2576 -425.3893 4777.6450 134 96 72
613.2538 -424.1194 4763.3833 113 82 58
617.0746 -424.1194 4763.3833 110 80 40
619.9702 -423.4874 4756.2842 140 112 64
623.7854 -423.4874 4756.2842 138 108 60
627.6006 -423.4874 4756.2842 125 94 47
631.4158 -423.4874 4756.2842 144 119 76
635.2310 -423.4874 4756.2842 129 99 51
639.0463 -423.4874 4756.2842 153 127 78
642.8614 -423.4874 4756.2842 132 106 59
645.7144 -422.8572 4749.2065 107 76 32
650.4918 -423.4874 4756.2842 119 88 39
653.3334 -422.8572 4749.2065 129 95 42
657.1429 -422.8572 4749.2065 136 100 43
660.9524 -422.8572 4749.2065 145 107 45
664.7620 -422.8572 4749.2065 148 110 47
668.5715 -422.8572 4749.2065 147 108 47
672.3810 -422.8572 4749.2065 143 103 46
676.1906 -422.8572 4749.2065 134 95 44
680.0001 -422.8572 4749.2065 120 79 39
682.7936 -422.2289 4742.1499 115 71 35
686.5974 -422.2289 4742.1499 124 76 37
690.4012 -422.2289 4742.1499 130 77 36
693.1751 -421.6024 4735.1138 126 75 31
696.9733 -421.6024 4735.1138 121 70 30
700.7715 -421.6024 4735.1138 116 64 29
704.5698 -421.6024 4735.1138 123 71 35
708.3680 -421.6024 4735.1138 125 71 35
713.2244 -422.2289 4742.1499 122 70 35
715.9644 -421.6024 4735.1138 117 68 32
720.8322 -422.2289 4742.1499 126 89 44
724.6360 -422.2289 4742.1499 125 93 46
728.4399 -422.2289 4742.1499 122 88 41
732.2438 -422.2289 4742.1499 129 93 46
736.0476 -422.2289 4742.1499 111 76 34
740.9525 -422.8572 4749.2065 101 67 28
744.7620 -422.8572 4749.2065 104 70 28
747.4592 -422.2289 4742.1499 119 80 32
752.3810 -422.8572 4749.2065 127 91 37
756.1906 -422.8572 4749.2065 131 100 47
760.0001 -422.8572 4749.2065 114 84 38
763.8096 -422.8572 4749.2065 119 89 41
767.6191 -422.8572 4749.2065 133 101 51
771.4286 -422.8572 4749.2065 134 102 49
776.3934 -423.4874 4756.2842 133 96 44
780.2087 -423.4874 4756.2842 130 90 38
784.0239 -423.4874 4756.2842 127 88 36
789.0150 -424.1194 4763.3833 125 86 36
792.8359 -424.1194 4763.3833 122 83 34
796.6568 -424.1194 4763.3833 114 79 32
800.4777 -424.1194 4763.3833 108 71 30
805.5009 -424.7534 4770.5034 110 67 31
810.5390 -425.3893 4777.6450 118 73 36
814.3713 -425.3893 4777.6450 113 69 34
819.4303 -426.0270 4784.8076 100 58 28
824.5046 -426.6667 4791.9922 100 57 27
828.3484 -426.6667 4791.9922 115 66 31
833.4437 -427.3083 4799.1982 125 75 37
838.5543 -427.9518 4806.4258 126 79 39
842.4097 -427.9518 4806.4258 113 68 32
846.2651 -427.9518 4806.4258 95 60 26
4.5176 -337.3177 3754.6667 12 16 12
7.5206 -336.9213 3750.2546 10 15 10
10.5041 -336.1313 3741.4617 10 15 9
13.4737 -335.3451 3732.7097 12 15 9
16.4486 -334.9533 3728.3491 12 15 9
19.4166 -334.5624 3723.9985 13 16 11
22.4037 -334.5624 3723.9985 14 17 12
25.3613 -334.1725 3719.6582 20 22 19
28.3450 -334.1725 3719.6582 56 57 64
31.2558 -333.3954 3711.0078 94 96 113
34.1928 -333.0081 3706.6978 145 151 160
37.2093 -333.3954 3711.0078 189 198 198
40.0000 -331.8518 3693.8271 198 206 202
42.9630 -331.8518 3693.8271 203 211 205
45.7143 -330.3226 3676.8049 201 208 202
48.4960 -329.1849 3664.1409 198 205 198
62.4729 -310.9762 3461.4607 192 197 190
65.2495 -310.9762 3461.4607 193 199 189
67.8788 -310.3030 3453.9683 188 194 185
70.4968 -309.6328 3446.5083 186 191 181
73.1035 -308.9655 3439.0806 187 190 181
75.6989 -308.3011 3431.6846 187 193 183
78.3674 -307.9700 3427.9988 182 187 178
81.0300 -307.6395 3424.3206 183 187 179
83.5974 -306.9807 3416.9880 181 186 176
86.2460 -306.6524 3413.3335 177 183 172
88.8889 -306.3248 3409.6868 176 181 169
91.4286 -305.6717 3402.4165 171 174 163
94.0575 -305.3461 3398.7932 173 177 167
96.5781 -304.6971 3391.5693 172 178 165
99.1932 -304.3737 3387.9690 167 170 158
101.9108 -304.3737 3387.9690 163 164 154
104.6285 -304.3737 3387.9690 163 165 153
107.2322 -304.0509 3384.3762 172 174 161
110.1807 -304.6971 3391.5693 153 155 141
112.7813 -304.3737 3387.9690 154 155 140
115.3765 -304.0509 3384.3762 149 150 132
117.7167 -303.0867 3373.6436 148 150 132
120.1688 -302.4473 3366.5261 151 153 136
134.5265 -298.3559 3320.9851 154 155 140
137.0478 -298.0457 3317.5330 154 156 140
139.8543 -298.3559 3320.9851 148 150 134
142.5182 -298.3559 3320.9851 152 155 141
145.4849 -298.9781 3327.9111 151 152 140
148.1543 -298.9781 3327.9111 151 153 139
150.8238 -298.9781 3327.9111 147 148 134
153.4932 -298.9781 3327.9111 152 153 138
156.1627 -298.9781 3327.9111 143 144 129
158.8321 -298.9781 3327.9111 141 143 126
161.5016 -298.9781 3327.9111 146 149 133
164.1710 -298.9781 3327.9111 143 145 128
166.6667 -298.6667 3324.4446 136 138 121
169.5099 -298.9781 3327.9111 141 141 122
172.1794 -298.9781 3327.9111 140 140 118
174.8488 -298.9781 3327.9111 143 145 121
177.5183 -298.9781 3327.9111 141 141 118
180.1877 -298.9781 3327.9111 136 136 113
183.0480 -299.2902 3331.3850 131 133 110
185.5266 -298.9781 3327.9111 133 133 110
188.1960 -298.9781 3327.9111 131 130 107
191.0647 -299.2902 3331.3850 123 123 101
193.7370 -299.2902 3331.3850 136 138 115
196.4092 -299.2902 3331.3850 131 131 109
199.0814 -299.2902 3331.3850 136 134 113
201.7537 -299.2902 3331.3850 133 131 111
204.2127 -298.9781 3327.9111 129 128 106
206.8822 -298.9781 3327.9111 131 129 106
209.5516 -298.9781 3327.9111 132 130 105
212.0000 -298.6667 3324.4446 128 126 101
214.6667 -298.6667 3324.4446 123 121 98
217.3333 -298.6667 3324.4446 126 123 100
219.7711 -298.3559 3320.9851 124 120 96
222.4350 -298.3559 3320.9851 123 119 95
225.0989 -298.3559 3320.9851 127 124 100
227.5260 -298.0457 3317.5330 121 119 95
230.1871 -298.0457 3317.5330 121 117 94
232.8482 -298.0457 3317.5330 118 115 90
235.2648 -297.7362 3314.0879 121 118 93
265.2498 -304.6971 3391.5693 120 119 94
269.1142 -305.9979 3406.0479 124 122 96
271.8463 -305.9979 3406.0479 122 120 95
274.5785 -305.9979 3406.0479 123 122 99
277.3106 -305.9979 3406.0479 121 119 97
280.3419 -306.3248 3409.6868 121 120 95
283.3797 -306.6524 3413.3335 125 125 98
286.7310 -307.3098 3420.6504 130 129 101
290.0967 -307.9700 3427.9988 126 125 97
294.1100 -309.2988 3442.7905 129 128 100
297.5135 -309.9676 3450.2344 128 126 100
300.9318 -310.6392 3457.7104 127 126 100
304.0347 -310.9762 3461.4607 125 123 96
307.4783 -311.6522 3468.9856 123 122 94
310.9368 -312.3312 3476.5432 128 128 99
314.0676 -312.6718 3480.3345 131 129 102
317.5519 -313.3552 3487.9419 130 129 102
321.0515 -314.0417 3495.5825 131 130 103
325.2805 -315.4236 3510.9646 126 124 96
328.8203 -316.1191 3518.7065 127 125 97
332.7434 -317.1682 3530.3835 127 126 99
354.2597 -326.5604 3634.9280 127 126 98
358.4000 -327.6800 3647.3906 132 131 104
362.1535 -328.4307 3655.7466 135 134 106
365.9242 -329.1849 3664.1409 136 134 106
368.8634 -329.1849 3664.1409 147 139 108
371.8025 -329.1849 3664.1409 162 140 101
510.0308 -441.1077 4909.9487 139 92 66
513.9692 -441.1077 4909.9487 137 86 57
517.9077 -441.1077 4909.9487 149 97 62
521.8461 -441.1077 4909.9487 164 107 67
525.7846 -441.1077 4909.9487 157 97 54
529.7231 -441.1077 4909.9487 147 94 50
533.6616 -441.1077 4909.9487 128 88 46
536.7742 -440.4301 4902.4067 148 119 77
540.7067 -440.4301 4902.4067 132 102 61
544.6390 -440.4301 4902.4067 125 94 56
547.7301 -439.7546 4894.8877 96 62 24
551.6565 -439.7546 4894.8877 118 87 44
554.7321 -439.0812 4887.3916 132 101 53
558.6524 -439.0812 4887.3916 144 111 61
561.7126 -438.4098 4879.9185 146 114 64
565.6269 -438.4098 4879.9185 147 116 66
569.5413 -438.4098 4879.9185 159 130 77
572.5802 -437.7405 4872.4683 161 133 80
576.4886 -437.7405 4872.4683 153 124 71
578.6302 -436.4079 4857.6357 153 121 69
581.6414 -435.7447 4850.2534 155 121 70
584.6435 -435.0835 4842.8936 164 127 80
588.5281 -435.0835 4842.8936 159 115 76
590.6203 -433.7670 4828.2402 150 97 63
592.6999 -432.4585 4813.6753 139 86 52
595.6627 -431.8073 4806.4258 138 86 52
598.6166 -431.1579 4799.1982 139 86 55
601.5616 -430.5105 4791.9922 135 86 53
605.4055 -430.5105 4791.9922 121 76 43
608.3359 -429.8651 4784.8076 117 72 43
611.2576 -429.2216 4777.6450 107 68 44
614.1705 -428.5800 4770.5034 94 62 33
617.0746 -427.9403 4763.3833 125 96 54
620.8956 -427.9403 4763.3833 135 106 63
624.7165 -427.9403 4763.3833 115 85 41
628.5374 -427.9403 4763.3833 148 122 78
631.4158 -427.3026 4756.2842 125 99 55
635.2310 -427.3026 4756.2842 140 113 62
639.0463 -427.3026 4756.2842 133 104 58
642.8614 -427.3026 4756.2842 115 85 38
646.6766 -427.3026 4756.2842 121 89 39
650.4918 -427.3026 4756.2842 127 93 39
654.3071 -427.3026 4756.2842 128 93 40
657.1429 -426.6667 4749.2065 136 102 49
660.9524 -426.6667 4749.2065 139 109 54
664.7620 -426.6667 4749.2065 138 107 50
669.5678 -427.3026 4756.2842 144 107 49
673.3831 -427.3026 4756.2842 147 108 48
676.1906 -426.6667 4749.2065 149 109 48
681.0134 -427.3026 4756.2842 136 99 43
683.8096 -426.6667 4749.2065 118 84 37
687.6191 -426.6667 4749.2065 105 70 33
691.4286 -426.6667 4749.2065 105 68 34
694.2051 -426.0327 4742.1499 108 69 35
699.0477 -426.6667 4749.2065 115 68 31
702.8572 -426.6667 4749.2065 122 70 30
705.6167 -426.0327 4742.1499 124 74 32
709.4205 -426.0327 4742.1499 117 68 30
714.2858 -426.6667 4749.2065 120 67 32
717.0283 -426.0327 4742.1499 124 69 33
721.9048 -426.6667 4749.2065 128 74 35
724.6360 -426.0327 4742.1499 122 72 33
729.5239 -426.6667 4749.2065 116 73 31
733.3334 -426.6667 4749.2065 99 60 23
737.1429 -426.6667 4749.2065 88 55 22
740.9525 -426.6667 4749.2065 92 58 23
744.7620 -426.6667 4749.2065 116 79 34
748.5715 -426.6667 4749.2065 122 90 37
752.3810 -426.6667 4749.2065 104 79 37
757.3175 -427.3026 4756.2842 87 64 33
761.1327 -427.3026 4756.2842 110 82 42
764.9479 -427.3026 4756.2842 123 92 46
768.7631 -427.3026 4756.2842 126 91 43
772.5783 -427.3026 4756.2842 125 91 40
777.5523 -427.9403 4763.3833 130 96 44
781.3732 -427.9403 4763.3833 136 103 51
785.1941 -427.9403 4763.3833 137 102 50
790.1943 -428.5800 4770.5034 133 95 43
794.0209 -428.5800 4770.5034 132 91 39
797.8476 -428.5800 4770.5034 130 90 37
801.6742 -428.5800 4770.5034 121 82 32
806.7067 -429.2216 4777.6450 116 79 33
811.7542 -429.8651 4784.8076 114 77 33
815.5922 -429.8651 4784.8076 112 73 32
819.4303 -429.8651 4784.8076 115 72 35
824.5046 -430.5105 4791.9922 112 67 33
829.5941 -431.1579 4799.1982 106 61 29
834.6989 -431.8073 4806.4258 100 56 26
838.5543 -431.8073 4806.4258 103 59 27
843.6802 -432.4585 4813.6753 119 72 36
847.5416 -432.4585 4813.6753 122 76 39
4.5176 -340.3294 3754.6667 12 15 10
7.5117 -339.5305 3745.8530 11 16 10
10.4918 -338.7354 3737.0806 10 16 9
13.4737 -338.3392 3732.7097 10 15 9
16.4294 -337.5496 3723.9985 12 15 10
19.3939 -337.1562 3719.6582 12 16 11
22.3776 -337.1562 3719.6582 13 17 13
25.3318 -336.7637 3715.3279 21 23 21
28.3120 -336.7637 3715.3279 46 47 56
31.1833 -335.5917 3702.3977 69 71 96
37.1230 -335.5917 3702.3977 128 133 150
39.9538 -334.4278 3689.5569 183 189 194
42.8637 -334.0416 3685.2964 195 201 197
45.6617 -332.8884 3672.5740 195 201 198
48.4404 -331.7431 3659.9390 197 203 198
51.2586 -330.9840 3651.5637 197 204 197
62.4729 -313.7527 3461.4607 187 193 186
65.2495 -313.7527 3461.4607 187 193 184
67.8788 -313.0736 3453.9683 188 194 185
70.4968 -312.3974 3446.5083 188 193 184
73.1035 -311.7242 3439.0806 190 194 185
75.6989 -311.0538 3431.6846 189 192 184
78.3674 -310.7197 3427.9988 186 190 181
81.0300 -310.3863 3424.3206 187 191 181
83.5974 -309.7216 3416.9880 180 185 175
86.2460 -309.3904 3413.3335 180 185 176
88.7940 -308.7300 3406.0479 177 181 171
91.3312 -308.0724 3398.7932 173 176 166
93.9575 -307.7447 3395.1775 170 173 162
96.5781 -307.4177 3391.5693 173 176 163
99.0880 -306.7657 3384.3762 170 173 161
101.8028 -306.7657 3384.3762 165 168 154
104.5175 -306.7657 3384.3762 165 168 152
107.2322 -306.7657 3384.3762 172 175 160
110.1807 -307.4177 3391.5693 156 158 143
112.7813 -307.0913 3387.9690 153 154 139
115.1323 -306.1164 3377.2134 151 153 136
117.4684 -305.1477 3366.5261 146 149 132
119.9158 -304.5053 3359.4387 150 152 136
124.5188 -302.5941 3338.3542 150 152 136
126.9311 -301.9624 3331.3850 160 163 149
129.1988 -301.0198 3320.9851 160 163 148
131.5888 -300.3946 3314.0879 154 156 142
134.2471 -300.3946 3314.0879 152 155 138
136.9055 -300.3946 3314.0879 155 157 141
139.7090 -300.7069 3317.5330 152 153 139
142.3701 -300.7069 3317.5330 155 157 142
145.3333 -301.3334 3324.4446 155 158 142
148.0000 -301.3334 3324.4446 152 154 138
150.6667 -301.3334 3324.4446 147 148 132
153.4932 -301.6476 3327.9111 148 149 133
156.0000 -301.3334 3324.4446 147 149 133
158.6667 -301.3334 3324.4446 146 147 131
161.3333 -301.3334 3324.4446 154 156 138
164.1710 -301.6476 3327.9111 147 149 129
166.6667 -301.3334 3324.4446 138 140 120
169.5099 -301.6476 3327.9111 145 146 126
172.1794 -301.6476 3327.9111 146 146 126
174.8488 -301.6476 3327.9111 145 145 124
177.5183 -301.6476 3327.9111 148 147 126
180.1877 -301.6476 3327.9111 139 138 117
183.0480 -301.9624 3331.3850 133 133 112
185.5266 -301.6476 3327.9111 137 136 114
188.3925 -301.9624 3331.3850 132 131 107
191.0647 -301.9624 3331.3850 130 130 107
193.7370 -301.9624 3331.3850 138 139 115
196.4092 -301.9624 3331.3850 133 133 110
199.0814 -301.9624 3331.3850 131 130 108
201.7537 -301.9624 3331.3850 137 136 115
204.2127 -301.6476 3327.9111 132 132 110
206.8822 -301.6476 3327.9111 128 127 104
209.5516 -301.6476 3327.9111 133 132 108
212.0000 -301.3334 3324.4446 128 126 102
214.6667 -301.3334 3324.4446 123 121 98
217.3333 -301.3334 3324.4446 128 126 103
219.7711 -301.0198 3320.9851 125 122 95
222.6667 -301.3334 3324.4446 126 123 95
225.0989 -301.0198 3320.9851 129 127 102
227.5260 -300.7069 3317.5330 125 122 99
230.1871 -300.7069 3317.5330 123 121 95
232.8482 -300.7069 3317.5330 122 121 95
235.2648 -300.3946 3314.0879 122 120 96
264.9682 -307.0913 3387.9690 126 123 99
268.8273 -308.4008 3402.4165 126 123 99
271.5565 -308.4008 3402.4165 123 121 96
274.2857 -308.4008 3402.4165 122 122 99
277.0150 -308.4008 3402.4165 123 123 100
280.0427 -308.7300 3406.0479 125 123 98
283.0770 -309.0598 3409.6868 126 124 99
286.4240 -309.7216 3416.9880 129 128 100
289.7854 -310.3863 3424.3206 130 130 101
293.4769 -311.3886 3435.3787 129 128 101
297.1923 -312.3974 3446.5083 130 129 101
300.6061 -313.0736 3453.9683 130 129 102
303.7053 -313.4128 3457.7104 127 125 98
307.1444 -314.0934 3465.2190 124 122 96
310.5985 -314.7769 3472.7603 130 129 103
313.7255 -315.1198 3476.5432 131 130 101
316.8593 -315.4635 3480.3345 130 128 100
320.3498 -316.1530 3487.9419 127 126 100
324.9231 -317.8901 3507.1062 122 121 97
328.4582 -318.5903 3514.8313 122 121 95
332.3757 -319.6464 3526.4827 126 125 98
355.0685 -330.2283 3643.2268 129 127 100
358.4000 -330.6057 3647.3906 133 133 105
362.1535 -331.3632 3655.7466 134 133 107
365.5046 -331.7431 3659.9390 135 134 108
368.4404 -331.7431 3659.9390 146 138 109
371.8025 -332.1240 3664.1409 163 138 94
514.7612 -445.7319 4917.5142 143 100 61
519.5062 -446.4198 4925.1030 142 91 57
522.6503 -445.7319 4917.5142 139 87 54
526.5948 -445.7319 4917.5142 142 89 55
530.5393 -445.7319 4917.5142 150 95 58
534.4839 -445.7319 4917.5142 160 103 59
537.6000 -445.0461 4909.9487 148 89 43
541.5385 -445.0461 4909.9487 140 89 48
545.4769 -445.0461 4909.9487 109 68 29
548.5715 -444.3625 4902.4067 95 58 21
552.5038 -444.3625 4902.4067 117 83 43
555.5829 -443.6810 4894.8877 146 113 61
558.6524 -443.0016 4887.3916 148 116 64
562.5728 -443.0016 4887.3916 143 113 63
565.6269 -442.3242 4879.9185 148 117 67
569.5413 -442.3242 4879.9185 148 116 64
572.5802 -441.6489 4872.4683 150 118 66
576.4886 -441.6489 4872.4683 155 124 73
579.5122 -440.9756 4865.0410 160 131 80
581.6414 -439.6353 4850.2534 158 128 75
585.5319 -439.6353 4850.2534 152 121 70
588.5281 -438.9682 4842.8936 152 122 72
590.6203 -437.6400 4828.2402 158 124 77
593.5952 -436.9789 4820.9468 155 113 69
596.5611 -436.3198 4813.6753 152 100 61
599.5181 -435.6627 4806.4258 143 86 53
602.4662 -435.0075 4799.1982 126 70 42
606.3159 -435.0075 4799.1982 119 69 41
609.2493 -434.3544 4791.9922 123 75 46
612.1740 -433.7032 4784.8076 123 76 48
614.1705 -432.4066 4770.5034 116 72 41
617.9971 -432.4066 4770.5034 121 82 45
620.8956 -431.7612 4763.3833 93 58 26
624.7165 -431.7612 4763.3833 126 96 59
628.5374 -431.7612 4763.3833 121 92 55
632.3583 -431.7612 4763.3833 124 95 50
635.2310 -431.1178 4756.2842 126 97 53
640.0001 -431.7612 4763.3833 98 69 30
642.8614 -431.1178 4756.2842 111 83 40
646.6766 -431.1178 4756.2842 129 97 46
650.4918 -431.1178 4756.2842 136 106 54
654.3071 -431.1178 4756.2842 141 111 58
658.1222 -431.1178 4756.2842 140 109 54
661.9374 -431.1178 4756.2842 129 95 42
665.7526 -431.1178 4756.2842 129 94 42
670.5672 -431.7612 4763.3833 136 104 51
673.3831 -431.1178 4756.2842 143 112 57
677.1982 -431.1178 4756.2842 142 111 55
682.0299 -431.7612 4763.3833 142 107 48
684.8286 -431.1178 4756.2842 143 106 45
688.6439 -431.1178 4756.2842 140 102 44
693.4926 -431.7612 4763.3833 132 95 42
696.2742 -431.1178 4756.2842 128 90 38
700.0894 -431.1178 4756.2842 124 87 37
703.9047 -431.1178 4756.2842 117 77 33
707.7198 -431.1178 4756.2842 116 73 33
710.4762 -430.4762 4749.2065 118 73 35
715.3503 -431.1178 4756.2842 121 73 34
718.0953 -430.4762 4749.2065 121 71 32
721.9048 -430.4762 4749.2065 117 67 29
725.7144 -430.4762 4749.2065 116 64 29
729.5239 -430.4762 4749.2065 120 67 33
734.4263 -431.1178 4756.2842 121 68 32
737.1429 -430.4762 4749.2065 114 63 30
740.9525 -430.4762 4749.2065 111 64 29
745.8719 -431.1178 4756.2842 111 72 31
749.6870 -431.1178 4756.2842 98 70 34
753.5023 -431.1178 4756.2842 49 40 22
757.3175 -431.1178 4756.2842 38 36 26
761.1327 -431.1178 4756.2842 51 47 31
764.9479 -431.1178 4756.2842 70 62 38
769.9105 -431.7612 4763.3833 90 73 42
773.7314 -431.7612 4763.3833 103 77 41
778.7145 -432.4066 4770.5034 100 71 33
782.5411 -432.4066 4770.5034 114 85 41
786.3677 -432.4066 4770.5034 123 93 45
790.1943 -432.4066 4770.5034 136 104 53
795.2097 -433.0539 4777.6450 140 107 53
799.0420 -433.0539 4777.6450 137 100 48
802.8743 -433.0539 4777.6450 131 91 39
807.9161 -433.7032 4784.8076 130 91 40
812.9731 -434.3544 4791.9922 127 88 38
816.8168 -434.3544 4791.9922 119 81 33
820.6607 -434.3544 4791.9922 116 78 33
825.7444 -435.0075 4799.1982 113 74 30
829.5941 -435.0075 4799.1982 116 73 33
834.6989 -435.6627 4806.4258 119 75 37
839.8190 -436.3198 4813.6753 110 67 34
843.6802 -436.3198 4813.6753 99 58 28
848.8218 -436.9789 4820.9468 97 56 27
4.5123 -342.9377 3750.2546 12 15 11
7.5117 -342.5352 3745.8530 11 15 10
10.4918 -341.7331 3737.0806 11 15 10
13.4579 -340.9346 3728.3491 13 17 11
16.4103 -340.1399 3719.6582 14 18 12
19.3714 -339.7439 3715.3279 14 18 13
22.2997 -338.9547 3706.6978 15 18 15
25.2436 -338.5615 3702.3977 21 22 19
28.1808 -338.1692 3698.1074 42 44 51
31.0751 -337.3873 3689.5569 60 64 90
37.0370 -337.7778 3693.8271 67 71 103
39.8616 -336.6090 3681.0459 99 104 129
42.7650 -336.2212 3676.8049 143 149 164
45.5568 -335.0632 3664.1409 171 176 180
48.3849 -334.2956 3655.7466 189 196 194
62.5407 -316.8730 3465.2190 190 197 188
65.2495 -316.5293 3461.4607 191 197 188
67.8788 -315.8441 3453.9683 187 193 183
70.4968 -315.1620 3446.5083 187 193 183
73.1035 -314.4828 3439.0806 188 193 184
75.6989 -313.8065 3431.6846 184 188 177
78.3674 -313.4694 3427.9988 184 189 179
81.0300 -313.1331 3424.3206 187 192 182
83.5974 -312.4626 3416.9880 185 189 180
86.1539 -311.7949 3409.6868 184 188 177
88.7940 -311.4622 3406.0479 172 176 165
91.3312 -310.7988 3398.7932 172 177 165
93.9575 -310.4681 3395.1775 169 173 162
96.4756 -309.8089 3387.9690 171 174 163
99.0880 -309.4804 3384.3762 174 177 166
101.8028 -309.4804 3384.3762 169 172 160
104.5175 -309.4804 3384.3762 154 156 144
107.2322 -309.4804 3384.3762 166 168 155
110.1807 -310.1382 3391.5693 154 156 142
112.7813 -309.8089 3387.9690 148 150 135
119.4130 -305.9120 3345.3530 153 155 140
121.9686 -305.5916 3341.8501 164 166 152
124.1293 -304.3170 3327.9111 153 156 140
126.6667 -304.0000 3324.4446 155 158 142
129.0645 -303.3680 3317.5330 161 164 149
131.4523 -302.7386 3310.6501 156 159 146
134.1079 -302.7386 3310.6501 151 154 139
136.7635 -302.7386 3310.6501 158 161 146
139.5639 -303.0530 3314.0879 160 162 149
142.3701 -303.3680 3317.5330 154 156 142
145.3333 -304.0000 3324.4446 155 157 142
148.0000 -304.0000 3324.4446 152 153 138
150.6667 -304.0000 3324.4446 148 150 132
153.3333 -304.0000 3324.4446 146 147 129
156.0000 -304.0000 3324.4446 144 146 126
158.6667 -304.0000 3324.4446 143 145 127
161.3333 -304.0000 3324.4446 153 154 139
164.0000 -304.0000 3324.4446 152 153 137
166.6667 -304.0000 3324.4446 141 142 122
169.5099 -304.3170 3327.9111 142 143 121
172.1794 -304.3170 3327.9111 135 136 114
174.8488 -304.3170 3327.9111 140 141 121
177.5183 -304.3170 3327.9111 145 145 125
180.1877 -304.3170 3327.9111 135 135 115
183.0480 -304.6347 3331.3850 138 138 119
185.5266 -304.3170 3327.9111 137 137 116
188.3925 -304.6347 3331.3850 136 136 114
191.0647 -304.6347 3331.3850 133 133 111
193.7370 -304.6347 3331.3850 139 139 116
196.4092 -304.6347 3331.3850 135 133 111
199.0814 -304.6347 3331.3850 124 126 101
201.7537 -304.6347 3331.3850 133 133 110
204.2127 -304.3170 3327.9111 128 127 104
206.8822 -304.3170 3327.9111 127 125 101
209.5516 -304.3170 3327.9111 129 127 106
212.0000 -304.0000 3324.4446 120 117 93
214.6667 -304.0000 3324.4446 123 120 96
217.3333 -304.0000 3324.4446 124 122 97
220.0000 -304.0000 3324.4446 122 121 95
222.6667 -304.0000 3324.4446 122 120 94
225.0989 -303.6837 3320.9851 128 126 102
227.7628 -303.6837 3320.9851 124 122 98
230.1871 -303.3680 3317.5330 117 115 91
232.8482 -303.3680 3317.5330 120 120 96
235.2648 -303.0530 3314.0879 122 121 98
237.9232 -303.0530 3314.0879 124 122 98
264.9682 -309.8089 3387.9690 122 122 98
268.8273 -311.1301 3402.4165 119 120 96
271.5565 -311.1301 3402.4165 119 120 95
274.2857 -311.1301 3402.4165 119 117 94
277.0150 -311.1301 3402.4165 123 119 97
280.0427 -311.4622 3406.0479 122 120 97
282.7748 -311.4622 3406.0479 124 122 98
286.1177 -312.1284 3413.3335 127 128 102
289.4749 -312.7975 3420.6504 125 125 101
293.1613 -313.8065 3431.6846 122 122 97
296.8716 -314.8220 3442.7905 127 126 99
300.2811 -315.5027 3450.2344 126 125 99
303.7053 -316.1864 3457.7104 124 121 95
307.1444 -316.8730 3465.2190 122 120 93
310.2609 -317.2174 3468.9856 127 125 96
313.7255 -317.9085 3476.5432 135 132 101
316.8593 -318.2552 3480.3345 133 130 103
320.3498 -318.9508 3487.9419 129 129 103
324.9231 -320.7033 3507.1062 126 126 100
328.4582 -321.4097 3514.8313 125 123 97
332.3757 -322.4752 3526.4827 127 126 99
355.0685 -333.1507 3643.2268 128 126 102
358.8101 -333.9131 3651.5637 132 130 105
362.1535 -334.2956 3655.7466 131 130 103
365.5046 -334.6789 3659.9390 137 136 110
368.4404 -334.6789 3659.9390 144 139 108
371.3762 -334.6789 3659.9390 169 148 104
512.3957 -451.0665 4932.7153 156 122 67
516.3525 -451.0665 4932.7153 153 119 66
519.5062 -450.3704 4925.1030 149 113 64
523.4568 -450.3704 4925.1030 143 101 57
527.4074 -450.3704 4925.1030 130 82 45
531.3581 -450.3704 4925.1030 119 65 35
535.3087 -450.3704 4925.1030 132 78 46
538.4284 -449.6765 4917.5142 142 86 51
542.3729 -449.6765 4917.5142 152 92 55
545.4769 -448.9846 4909.9487 156 95 52
549.4154 -448.9846 4909.9487 142 81 41
552.5038 -448.2950 4902.4067 124 72 33
555.5829 -447.6074 4894.8877 149 107 54
559.5092 -447.6074 4894.8877 154 114 59
562.5728 -446.9219 4887.3916 155 119 63
565.6269 -446.2385 4879.9185 157 124 70
569.5413 -446.2385 4879.9185 149 118 64
573.4557 -446.2385 4879.9185 147 116 62
577.3701 -446.2385 4879.9185 147 114 61
579.5122 -444.8781 4865.0410 149 117 65
581.6414 -443.5258 4850.2534 151 120 69
585.5319 -443.5258 4850.2534 156 128 77
589.4225 -443.5258 4850.2534 153 126 73
591.5152 -442.1819 4835.5557 149 118 67
594.4932 -441.5129 4828.2402 146 114 63
597.4623 -440.8459 4820.9468 153 119 67
600.4224 -440.1810 4813.6753 154 117 68
604.2836 -440.1810 4813.6753 151 103 60
607.2289 -439.5181 4806.4258 144 90 52
610.1655 -438.8572 4799.1982 130 75 42
613.0931 -438.1982 4791.9922 116 66 36
615.0898 -436.8863 4777.6450 115 70 43
618.9222 -436.8863 4777.6450 119 76 48
621.8237 -436.2332 4770.5034 118 75 46
625.6503 -436.2332 4770.5034 115 72 41
629.4769 -436.2332 4770.5034 105 64 32
633.3035 -436.2332 4770.5034 108 71 39
636.1791 -435.5821 4763.3833 88 56 27
640.0001 -435.5821 4763.3833 65 39 14
643.8209 -435.5821 4763.3833 69 46 18
647.6418 -435.5821 4763.3833 98 73 37
651.4628 -435.5821 4763.3833 126 100 55
655.2836 -435.5821 4763.3833 138 110 60
658.1222 -434.9329 4756.2842 141 111 58
661.9374 -434.9329 4756.2842 141 111 57
665.7526 -434.9329 4756.2842 142 109 55
670.5672 -435.5821 4763.3833 135 100 46
674.3881 -435.5821 4763.3833 127 92 40
678.2090 -435.5821 4763.3833 133 99 47
682.0299 -435.5821 4763.3833 142 110 57
685.8508 -435.5821 4763.3833 146 115 61
689.6717 -435.5821 4763.3833 140 109 53
693.4926 -435.5821 4763.3833 138 104 47
697.3135 -435.5821 4763.3833 141 102 46
701.1343 -435.5821 4763.3833 142 102 43
704.9553 -435.5821 4763.3833 140 101 42
708.7762 -435.5821 4763.3833 134 96 41
712.5971 -435.5821 4763.3833 124 84 36
716.4180 -435.5821 4763.3833 115 75 33
719.1655 -434.9329 4756.2842 115 73 33
724.0598 -435.5821 4763.3833 117 70 32
726.7958 -434.9329 4756.2842 117 68 30
730.6111 -434.9329 4756.2842 115 65 28
735.5225 -435.5821 4763.3833 114 64 27
738.2415 -434.9329 4756.2842 111 61 27
742.0566 -434.9329 4756.2842 113 62 29
745.8719 -434.9329 4756.2842 119 66 33
749.6870 -434.9329 4756.2842 117 68 37
754.6269 -435.5821 4763.3833 100 62 34
758.4478 -435.5821 4763.3833 77 53 31
762.2687 -435.5821 4763.3833 57 44 26
766.0897 -435.5821 4763.3833 45 45 33
771.0613 -436.2332 4770.5034 46 52 42
774.8879 -436.2332 4770.5034 55 58 42
778.7145 -436.2332 4770.5034 61 55 34
783.7126 -436.8863 4777.6450 80 62 34
787.5450 -436.8863 4777.6450 106 80 43
791.3773 -436.8863 4777.6450 118 89 44
796.4018 -437.5412 4784.8076 125 93 45
801.4415 -438.1982 4791.9922 134 100 49
805.2853 -438.1982 4791.9922 138 103 50
809.1292 -438.1982 4791.9922 139 102 50
814.1956 -438.8572 4799.1982 135 97 46
818.0452 -438.8572 4799.1982 130 90 40
823.1326 -439.5181 4806.4258 126 86 37
826.9880 -439.5181 4806.4258 121 83 35
830.8434 -439.5181 4806.4258 118 80 34
835.9578 -440.1810 4813.6753 112 74 32
839.8190 -440.1810 4813.6753 114 74 35
844.9547 -440.8459 4820.9468 119 77 38
848.8218 -440.8459 4820.9468 121 80 42
4.5123 -345.9460 3750.2546 12 14 10
7.5029 -345.1349 3741.4617 11 14 9
10.4918 -344.7307 3737.0806 12 16 10
13.4579 -343.9253 3728.3491 14 17 12
16.3912 -342.7241 3715.3279 15 17 13
19.3488 -342.3256 3711.0078 14 17 13
22.2738 -341.5314 3702.3977 15 19 15
36.8664 -339.1705 3676.8049 55 59 93
39.7699 -338.7802 3672.5740 59 64 97
42.6667 -338.3908 3668.3525 64 69 102
45.5568 -338.0023 3664.1409 84 88 116
48.3295 -336.8421 3651.5637 121 125 143
62.5407 -319.6526 3465.2190 192 198 191
65.3203 -319.6526 3465.2190 190 196 190
67.9523 -318.9599 3457.7104 192 198 191
70.5730 -318.2703 3450.2344 186 193 185
73.1823 -317.5836 3442.7905 188 193 186
75.6989 -316.5591 3431.6846 185 190 181
78.3674 -316.2191 3427.9988 185 190 180
80.9432 -315.5413 3420.6504 186 192 182
83.5080 -314.8663 3413.3335 182 188 178
86.0619 -314.1943 3406.0479 179 185 175
88.6994 -313.8593 3402.4165 177 182 172
91.3312 -313.5251 3398.7932 175 179 170
93.9575 -313.1915 3395.1775 168 172 162
96.4756 -312.5266 3387.9690 172 175 163
99.0880 -312.1951 3384.3762 170 174 162
101.8028 -312.1951 3384.3762 173 176 164
104.5175 -312.1951 3384.3762 160 162 149
107.2322 -312.1951 3384.3762 161 165 151
110.1807 -312.8587 3391.5693 153 155 142
119.0387 -307.6280 3334.8660 155 157 144
121.7137 -307.6280 3334.8660 163 166 151
123.8710 -306.3476 3320.9851 155 158 141
126.4033 -306.0291 3317.5330 158 160 145
128.9304 -305.7113 3314.0879 158 160 146
131.4523 -305.3942 3310.6501 156 159 145
134.1079 -305.3942 3310.6501 156 159 144
136.7635 -305.3942 3310.6501 161 163 148
139.5639 -305.7113 3314.0879 156 158 143
142.3701 -306.0291 3317.5330 148 150 134
145.1821 -306.3476 3320.9851 149 151 135
148.0000 -306.6667 3324.4446 150 151 133
150.6667 -306.6667 3324.4446 148 150 131
153.3333 -306.6667 3324.4446 149 151 136
156.0000 -306.6667 3324.4446 149 151 134
158.6667 -306.6667 3324.4446 143 144 126
161.3333 -306.6667 3324.4446 150 151 134
164.1710 -306.9865 3327.9111 152 153 136
166.6667 -306.6667 3324.4446 143 143 124
169.5099 -306.9865 3327.9111 148 148 126
172.1794 -306.9865 3327.9111 134 134 111
174.8488 -306.9865 3327.9111 134 135 114
177.7036 -307.3069 3331.3850 145 144 122
180.3758 -307.3069 3331.3850 137 136 114
183.0480 -307.3069 3331.3850 131 132 111
185.5266 -306.9865 3327.9111 133 134 112
188.3925 -307.3069 3331.3850 132 132 111
191.0647 -307.3069 3331.3850 125 125 105
193.7370 -307.3069 3331.3850 136 137 116
196.4092 -307.3069 3331.3850 128 127 105
199.0814 -307.3069 3331.3850 121 122 98
201.7537 -307.3069 3331.3850 131 130 108
204.4259 -307.3069 3331.3850 130 129 108
206.8822 -306.9865 3327.9111 121 119 97
209.5516 -306.9865 3327.9111 129 127 104
212.2211 -306.9865 3327.9111 127 124 99
214.8905 -306.9865 3327.9111 119 115 91
217.3333 -306.6667 3324.4446 126 123 98
220.0000 -306.6667 3324.4446 122 119 93
222.6667 -306.6667 3324.4446 122 119 94
225.0989 -306.3476 3320.9851 125 124 100
227.7628 -306.3476 3320.9851 120 119 95
230.1871 -306.0291 3317.5330 118 116 93
233.0905 -306.3476 3320.9851 115 113 91
235.5094 -306.0291 3317.5330 119 118 96
238.1705 -306.0291 3317.5330 117 115 93
264.9682 -312.5266 3387.9690 120 119 93
268.8273 -313.8593 3402.4165 119 119 95
271.2673 -313.5251 3398.7932 120 119 94
274.2857 -313.8593 3402.4165 123 119 95
276.7199 -313.5251 3398.7932 124 121 95
279.7441 -313.8593 3402.4165 124 123 98
282.7748 -314.1943 3406.0479 124 124 100
286.1177 -314.8663 3413.3335 127 127 102
289.4749 -315.5413 3420.6504 127 127 100
292.8464 -316.2191 3427.9988 127 126 99
296.5517 -317.2414 3439.0806 127 126 100
299.9568 -317.9266 3446.5083 123 123 97
303.3766 -318.6147 3453.9683 124 123 98
306.8113 -319.3059 3461.4607 122 122 96
310.2609 -320.0000 3468.9856 122 122 96
313.7255 -320.6972 3476.5432 127 126 100
316.8593 -321.0469 3480.3345 129 127 102
320.3498 -321.7487 3487.9419 130 130 103
324.9231 -323.5165 3507.1062 130 130 103
328.4582 -324.2291 3514.8313 127 126 101
332.3757 -325.3039 3526.4827 127 125 100
354.2597 -335.3075 3634.9280 133 132 105
358.8101 -336.8421 3651.5637 130 130 103
362.1535 -337.2280 3655.7466 130 130 105
365.5046 -337.6147 3659.9390 130 130 106
368.4404 -337.6147 3659.9390 131 123 98
371.3762 -337.6147 3659.9390 158 135 94
513.1888 -455.7276 4940.3511 166 138 86
517.1517 -455.7276 4940.3511 159 128 74
521.1146 -455.7276 4940.3511 152 118 62
525.0775 -455.7276 4940.3511 147 112 56
529.0403 -455.7276 4940.3511 144 108 56
532.1793 -455.0232 4932.7153 135 96 51
536.1360 -455.0232 4932.7153 127 80 40
539.2593 -454.3210 4925.1030 125 72 39
543.2099 -454.3210 4925.1030 117 64 33
546.3174 -453.6210 4917.5142 118 64 35
549.4154 -452.9231 4909.9487 134 79 46
553.3539 -452.9231 4909.9487 143 86 51
556.4363 -452.2274 4902.4067 148 88 51
559.5092 -451.5338 4894.8877 151 89 49
562.5728 -450.8423 4887.3916 149 90 47
566.4931 -450.8423 4887.3916 152 102 55
569.5413 -450.1529 4879.9185 158 118 66
573.4557 -450.1529 4879.9185 157 126 68
577.3701 -450.1529 4879.9185 149 119 62
579.5122 -448.7805 4865.0410 144 113 59
582.5267 -448.0974 4857.6357 144 111 57
585.5319 -447.4164 4850.2534 145 110 59
589.4225 -447.4164 4850.2534 150 119 67
592.4128 -446.7375 4842.8936 153 121 69
595.3940 -446.0606 4835.5557 154 123 69
598.3661 -445.3858 4828.2402 149 116 63
601.3293 -444.7130 4820.9468 144 111 58
605.1964 -444.7130 4820.9468 143 110 59
608.1448 -444.0423 4813.6753 150 112 64
611.0844 -443.3735 4806.4258 151 108 62
614.0151 -442.7068 4799.1982 147 97 53
616.0120 -441.3793 4784.8076 139 85 47
619.8501 -441.3793 4784.8076 128 73 42
622.7546 -440.7186 4777.6450 115 64 36
626.5869 -440.7186 4777.6450 105 58 35
630.4193 -440.7186 4777.6450 109 65 39
633.3035 -440.0598 4770.5034 115 70 41
636.1791 -439.4030 4763.3833 114 70 40
640.9567 -440.0598 4770.5034 105 64 35
643.8209 -439.4030 4763.3833 89 56 28
647.6418 -439.4030 4763.3833 80 52 23
651.4628 -439.4030 4763.3833 87 57 27
655.2836 -439.4030 4763.3833 101 75 39
659.1046 -439.4030 4763.3833 124 97 53
662.9254 -439.4030 4763.3833 138 109 59
666.7463 -439.4030 4763.3833 139 106 56
671.5696 -440.0598 4770.5034 138 105 53
674.3881 -439.4030 4763.3833 144 111 59
678.2090 -439.4030 4763.3833 143 110 55
683.0494 -440.0598 4770.5034 134 99 46
686.8760 -440.0598 4770.5034 130 95 46
690.7026 -440.0598 4770.5034 135 101 50
694.5292 -440.0598 4770.5034 143 112 57
698.3558 -440.0598 4770.5034 143 111 57
702.1824 -440.0598 4770.5034 135 102 48
706.0090 -440.0598 4770.5034 133 98 44
708.7762 -439.4030 4763.3833 132 95 41
712.5971 -439.4030 4763.3833 134 95 42
716.4180 -439.4030 4763.3833 133 93 42
720.2388 -439.4030 4763.3833 131 91 41
724.0598 -439.4030 4763.3833 126 88 38
727.8806 -439.4030 4763.3833 120 80 34
731.7015 -439.4030 4763.3833 115 74 35
735.5225 -439.4030 4763.3833 115 70 34
739.3434 -439.4030 4763.3833 114 68 30
743.1642 -439.4030 4763.3833 115 67 30
746.9851 -439.4030 4763.3833 114 64 29
750.8060 -439.4030 4763.3833 110 62 29
754.6269 -439.4030 4763.3833 111 62 31
758.4478 -439.4030 4763.3833 110 62 32
763.4081 -440.0598 4770.5034 112 63 34
767.2347 -440.0598 4770.5034 106 65 37
771.0613 -440.0598 4770.5034 96 67 42
776.0480 -440.7186 4777.6450 75 61 40
779.8803 -440.7186 4777.6450 55 52 36
784.8876 -441.3793 4784.8076 50 52 39
788.7256 -441.3793 4784.8076 64 58 39
793.7538 -442.0421 4791.9922 84 67 38
797.5977 -442.0421 4791.9922 103 78 41
802.6467 -442.7068 4799.1982 122 90 46
806.4963 -442.7068 4799.1982 125 91 43
810.3459 -442.7068 4799.1982 127 93 46
815.4218 -443.3735 4806.4258 137 103 54
819.2772 -443.3735 4806.4258 140 106 54
823.1326 -443.3735 4806.4258 134 100 49
828.2354 -444.0423 4813.6753 131 95 44
832.0966 -444.0423 4813.6753 128 91 42
837.2206 -444.7130 4820.9468 120 83 37
841.0877 -444.7130 4820.9468 115 79 34
844.9547 -444.7130 4820.9468 110 75 31
850.1060 -445.3858 4828.2402 109 74 34
4.5123 -348.9542 3750.2546 11 15 11
7.5029 -348.1360 3741.4617 13 15 11
10.4795 -347.3217 3732.7097 12 16 12
13.4579 -346.9159 3728.3491 13 17 13
16.3912 -345.7043 3715.3279 13 16 13
19.3264 -344.9013 3706.6978 13 16 12
22.2222 -343.7037 3693.8271 14 17 14
39.7699 -341.7262 3672.5740 53 58 93
59.9564 -323.4858 3476.5432 162 164 171
62.5407 -322.4322 3465.2190 166 171 172
65.3203 -322.4322 3465.2190 163 169 168
67.9523 -321.7335 3457.7104 178 183 180
70.6494 -321.3853 3453.9683 177 181 177
73.2613 -320.6912 3446.5083 178 183 177
75.6989 -319.3118 3431.6846 175 180 173
78.3674 -318.9689 3427.9988 180 185 177
80.9432 -318.2851 3420.6504 187 192 185
83.5080 -317.6043 3413.3335 185 190 183
86.0619 -316.9264 3406.0479 176 181 172
88.6049 -316.2513 3398.7932 176 180 170
91.2340 -315.9149 3395.1775 177 181 171
93.8576 -315.5792 3391.5693 176 180 169
96.3733 -314.9099 3384.3762 171 175 163
98.9831 -314.5763 3380.7910 171 175 164
101.6949 -314.5763 3380.7910 168 172 161
104.4068 -314.5763 3380.7910 164 167 154
106.8922 -313.9112 3373.6436 155 158 145
109.8305 -314.5763 3380.7910 155 158 144
116.2422 -309.9792 3331.3850 158 160 146
118.7904 -309.6559 3327.9111 152 155 143
121.5866 -309.9792 3331.3850 164 168 153
123.8710 -309.0115 3320.9851 162 166 149
126.4033 -308.6902 3317.5330 155 158 142
128.9304 -308.3697 3314.0879 162 165 149
131.4523 -308.0498 3310.6501 156 159 143
134.1079 -308.0498 3310.6501 149 152 137
136.7635 -308.0498 3310.6501 166 168 153
139.5639 -308.3697 3314.0879 159 161 144
142.2222 -308.3697 3314.0879 147 150 133
145.1821 -309.0115 3320.9851 152 155 138
147.8460 -309.0115 3320.9851 150 151 133
150.6667 -309.3333 3324.4446 146 149 129
153.3333 -309.3333 3324.4446 151 153 136
156.0000 -309.3333 3324.4446 153 155 138
158.6667 -309.3333 3324.4446 142 144 126
161.3333 -309.3333 3324.4446 153 154 135
164.1710 -309.6559 3327.9111 147 149 131
166.6667 -309.3333 3324.4446 138 140 121
169.5099 -309.6559 3327.9111 146 146 124
172.1794 -309.6559 3327.9111 139 138 116
174.8488 -309.6559 3327.9111 138 140 119
177.7036 -309.9792 3331.3850 142 142 121
180.3758 -309.9792 3331.3850 135 135 115
183.0480 -309.9792 3331.3850 131 132 111
185.7203 -309.9792 3331.3850 142 143 122
188.3925 -309.9792 3331.3850 133 133 111
191.0647 -309.9792 3331.3850 128 127 107
193.7370 -309.9792 3331.3850 139 140 119
196.4092 -309.9792 3331.3850 131 130 109
199.0814 -309.9792 3331.3850 125 125 103
201.7537 -309.9792 3331.3850 134 133 111
204.4259 -309.9792 3331.3850 127 126 106
206.8822 -309.6559 3327.9111 121 118 97
209.5516 -309.6559 3327.9111 134 132 108
212.2211 -309.6559 3327.9111 127 125 102
214.8905 -309.6559 3327.9111 116 113 89
217.3333 -309.3333 3324.4446 131 128 103
220.0000 -309.3333 3324.4446 131 128 102
222.6667 -309.3333 3324.4446 123 121 94
225.3333 -309.3333 3324.4446 126 125 97
227.7628 -309.0115 3320.9851 121 121 94
230.4267 -309.0115 3320.9851 122 120 95
233.0905 -309.0115 3320.9851 117 116 90
235.5094 -308.6902 3317.5330 122 121 97
238.1705 -308.6902 3317.5330 121 118 95
264.6872 -314.9099 3384.3762 123 121 96
268.5410 -316.2513 3398.7932 121 120 97
271.2673 -316.2513 3398.7932 122 121 96
274.2857 -316.5885 3402.4165 123 121 97
276.7199 -316.2513 3398.7932 123 121 97
279.7441 -316.5885 3402.4165 125 122 97
282.7748 -316.9264 3406.0479 123 121 96
285.8120 -317.2650 3409.6868 124 124 99
289.1649 -317.9444 3416.9880 127 127 101
292.8464 -318.9689 3427.9988 128 127 101
296.2325 -319.6556 3435.3787 126 126 99
299.9568 -320.6912 3446.5083 122 122 95
303.3766 -321.3853 3453.9683 122 120 94
306.8113 -322.0825 3461.4607 124 123 97
310.2609 -322.7827 3468.9856 123 122 95
313.3841 -323.1339 3472.7603 124 123 96
316.5142 -323.4858 3476.5432 127 126 99
320.3498 -324.5465 3487.9419 132 131 102
324.9231 -326.3297 3507.1062 128 127 100
328.4582 -327.0485 3514.8313 129 127 101
332.3757 -328.1326 3526.4827 131 129 103
361.7391 -339.7712 3651.5637 105 104 91
365.5046 -340.5505 3659.9390 81 80 74
368.0183 -340.1604 3655.7466 87 77 62
514.7827 -461.1181 4955.6938 163 135 80
518.7578 -461.1181 4955.6938 160 130 75
521.9225 -460.4031 4948.0103 160 130 73
525.8915 -460.4031 4948.0103 162 131 74
529.8605 -460.4031 4948.0103 152 120 63
533.8295 -460.4031 4948.0103 144 108 52
536.9660 -459.6905 4940.3511 143 104 50
540.9288 -459.6905 4940.3511 141 101 47
544.0495 -458.9799 4932.7153 131 91 38
547.1605 -458.2716 4925.1030 124 79 35
550.2620 -457.5655 4917.5142 123 72 36
554.2065 -457.5655 4917.5142 124 70 35
557.2924 -456.8616 4909.9487 124 67 34
560.3687 -456.1598 4902.4067 125 68 35
563.4356 -455.4602 4894.8877 128 71 39
566.4931 -454.7627 4887.3916 134 77 44
569.5413 -454.0673 4879.9185 136 81 44
573.4557 -454.0673 4879.9185 141 92 49
577.3701 -454.0673 4879.9185 155 112 61
579.5122 -452.6830 4865.0410 159 124 66
582.5267 -451.9939 4857.6357 152 121 63
585.5319 -451.3070 4850.2534 145 113 57
589.4225 -451.3070 4850.2534 144 113 58
592.4128 -450.6222 4842.8936 141 109 56
595.3940 -449.9394 4835.5557 142 108 57
598.3661 -449.2587 4828.2402 144 111 61
602.2391 -449.2587 4828.2402 149 118 67
605.1964 -448.5801 4820.9468 149 115 61
608.1448 -447.9035 4813.6753 137 102 50
611.0844 -447.2289 4806.4258 129 96 47
614.9398 -447.2289 4806.4258 142 107 57
616.9370 -445.8860 4791.9922 146 107 58
619.8501 -445.2174 4784.8076 146 102 56
623.6882 -445.2174 4784.8076 145 95 51
626.5869 -444.5509 4777.6450 138 84 45
630.4193 -444.5509 4777.6450 129 74 39
633.3035 -443.8864 4770.5034 121 67 36
637.1301 -443.8864 4770.5034 113 63 32
640.9567 -443.8864 4770.5034 110 60 33
644.7833 -443.8864 4770.5034 109 62 34
648.6099 -443.8864 4770.5034 111 66 36
652.4365 -443.8864 4770.5034 111 67 38
655.2836 -443.2239 4763.3833 109 68 37
659.1046 -443.2239 4763.3833 101 65 32
662.9254 -443.2239 4763.3833 100 68 35
666.7463 -443.2239 4763.3833 114 83 47
671.5696 -443.8864 4770.5034 133 103 59
675.3962 -443.8864 4770.5034 141 108 60
679.2228 -443.8864 4770.5034 142 109 56
683.0494 -443.8864 4770.5034 141 109 55
686.8760 -443.8864 4770.5034 142 111 58
691.7366 -444.5509 4777.6450 138 106 53
695.5689 -444.5509 4777.6450 121 86 35
699.4012 -444.5509 4777.6450 116 82 34
703.2336 -444.5509 4777.6450 127 94 45
706.0090 -443.8864 4770.5034 137 105 52
709.8356 -443.8864 4770.5034 136 104 51
713.6622 -443.8864 4770.5034 134 102 48
717.4888 -443.8864 4770.5034 131 98 45
721.3154 -443.8864 4770.5034 129 94 42
725.1420 -443.8864 4770.5034 130 93 41
728.9686 -443.8864 4770.5034 130 93 40
732.7952 -443.8864 4770.5034 123 86 35
736.6219 -443.8864 4770.5034 122 82 34
740.4485 -443.8864 4770.5034 121 81 34
744.2751 -443.8864 4770.5034 112 74 31
748.1017 -443.8864 4770.5034 109 69 31
750.8060 -443.2239 4763.3833 111 67 31
755.7549 -443.8864 4770.5034 112 66 32
759.5815 -443.8864 4770.5034 110 65 31
763.4081 -443.8864 4770.5034 108 63 29
767.2347 -443.8864 4770.5034 105 60 28
772.2156 -444.5509 4777.6450 103 59 29
776.0480 -444.5509 4777.6450 107 62 33
781.0495 -445.2174 4784.8076 107 65 35
784.8876 -445.2174 4784.8076 102 67 38
789.9100 -445.8860 4791.9922 92 66 40
793.7538 -445.8860 4791.9922 76 55 32
798.7971 -446.5564 4799.1982 70 51 27
802.6467 -446.5564 4799.1982 95 72 40
806.4963 -446.5564 4799.1982 121 90 48
811.5663 -447.2289 4806.4258 131 96 48
815.4218 -447.2289 4806.4258 133 98 48
820.5129 -447.9035 4813.6753 128 95 46
824.3741 -447.9035 4813.6753 133 99 51
828.2354 -447.9035 4813.6753 136 102 53
833.3535 -448.5801 4820.9468 136 102 51
837.2206 -448.5801 4820.9468 129 95 46
842.3601 -449.2587 4828.2402 125 90 43
846.2330 -449.2587 4828.2402 122 86 40
850.1060 -449.2587 4828.2402 118 83 37
4.5176 -352.3765 3754.6667 12 13 11
7.5117 -351.5493 3745.8530 11 15 10
10.4795 -350.3158 3732.7097 10 16 10
13.4579 -349.9066 3728.3491 11 16 11
16.3721 -348.2791 3711.0078 12 16 13
19.2370 -346.2659 3689.5569 14 17 12
22.0944 -344.6721 3672.5740 17 19 14
24.9828 -343.8806 3664.1409 25 25 25
59.8912 -325.9195 3472.7603 69 72 96
62.5407 -325.2117 3465.2190 72 74 98
65.2495 -324.8590 3461.4607 74 75 99
67.9523 -324.5070 3457.7104 90 93 114
70.5730 -323.8055 3450.2344 104 109 126
73.1823 -323.1068 3442.7905 117 122 133
75.6989 -322.0645 3431.6846 137 140 146
78.3674 -321.7186 3427.9988 143 146 149
80.9432 -321.0290 3420.6504 158 163 164
83.5080 -320.3423 3413.3335 159 163 163
86.1539 -320.0000 3409.6868 169 173 170
88.6994 -319.3177 3402.4165 159 164 160
91.2340 -318.6383 3395.1775 163 167 161
93.8576 -318.2997 3391.5693 171 174 166
96.4756 -317.9618 3387.9690 165 168 160
98.9831 -317.2881 3380.7910 165 170 162
101.6949 -317.2881 3380.7910 164 169 160
104.1861 -316.6173 3373.6436 164 168 157
113.5699 -312.6514 3331.3850 152 154 141
116.2422 -312.6514 3331.3850 162 164 151
118.7904 -312.3253 3327.9111 151 155 142
121.4599 -312.3253 3327.9111 153 157 142
123.8710 -311.6754 3320.9851 158 160 146
126.5349 -311.6754 3320.9851 143 145 130
128.9304 -311.0280 3314.0879 152 153 137
131.5888 -311.0280 3314.0879 155 154 138
134.1079 -310.7054 3310.6501 142 143 128
136.7635 -310.7054 3310.6501 153 154 142
139.5639 -311.0280 3314.0879 152 154 141
142.2222 -311.0280 3314.0879 143 144 129
145.1821 -311.6754 3320.9851 145 146 131
147.8460 -311.6754 3320.9851 145 147 130
150.6667 -312.0000 3324.4446 142 145 128
153.3333 -312.0000 3324.4446 151 153 136
156.0000 -312.0000 3324.4446 147 148 133
158.6667 -312.0000 3324.4446 137 138 122
161.3333 -312.0000 3324.4446 148 148 130
164.1710 -312.3253 3327.9111 146 147 130
166.6667 -312.0000 3324.4446 132 133 114
169.5099 -312.3253 3327.9111 145 145 125
172.1794 -312.3253 3327.9111 137 136 116
174.8488 -312.3253 3327.9111 133 133 115
177.7036 -312.6514 3331.3850 137 137 119
180.3758 -312.6514 3331.3850 129 128 111
183.0480 -312.6514 3331.3850 128 127 107
185.7203 -312.6514 3331.3850 134 133 115
188.3925 -312.6514 3331.3850 134 133 114
191.0647 -312.6514 3331.3850 131 129 109
193.7370 -312.6514 3331.3850 136 136 116
196.4092 -312.6514 3331.3850 131 129 109
199.0814 -312.6514 3331.3850 125 123 102
201.7537 -312.6514 3331.3850 130 130 107
204.4259 -312.6514 3331.3850 130 130 108
206.8822 -312.3253 3327.9111 126 124 102
209.5516 -312.3253 3327.9111 129 127 105
212.2211 -312.3253 3327.9111 120 120 98
214.8905 -312.3253 3327.9111 124 124 99
217.3333 -312.0000 3324.4446 126 125 102
220.0000 -312.0000 3324.4446 126 124 100
222.6667 -312.0000 3324.4446 119 117 92
225.3333 -312.0000 3324.4446 124 120 97
227.7628 -311.6754 3320.9851 122 121 96
230.4267 -311.6754 3320.9851 120 119 95
233.0905 -311.6754 3320.9851 120 119 94
235.5094 -311.3513 3317.5330 123 122 98
238.1705 -311.3513 3317.5330 123 121 98
264.4068 -317.2881 3380.7910 122 117 95
268.5410 -318.9777 3398.7932 123 120 98
271.2673 -318.9777 3398.7932 122 121 96
274.2857 -319.3177 3402.4165 121 119 96
277.0150 -319.3177 3402.4165 119 117 95
279.7441 -319.3177 3402.4165 121 119 95
282.7748 -319.6585 3406.0479 119 118 94
285.8120 -320.0000 3409.6868 121 120 96
289.1649 -320.6852 3416.9880 123 122 97
292.5322 -321.3734 3424.3206 124 123 96
296.2325 -322.4112 3435.3787 127 127 99
299.6333 -323.1068 3442.7905 128 127 100
303.0487 -323.8055 3450.2344 126 125 99
306.4789 -324.5070 3457.7104 126 125 100
309.9240 -325.2117 3465.2190 126 124 99
313.3841 -325.9195 3472.7603 130 128 102
316.5142 -326.2745 3476.5432 128 127 103
320.3498 -327.3443 3487.9419 125 123 100
324.9231 -329.1429 3507.1062 125 123 101
328.4582 -329.8679 3514.8313 117 116 94
332.3757 -330.9613 3526.4827 115 113 92
359.2211 -343.0928 3655.7466 60 59 60
362.1535 -343.0928 3655.7466 38 37 42
365.5046 -343.4862 3659.9390 30 29 37
368.4404 -343.4862 3659.9390 70 56 49
511.6019 -465.8165 4963.4009 157 123 73
515.5833 -465.8165 4963.4009 157 124 70
519.5646 -465.8165 4963.4009 154 124 69
522.7330 -465.0932 4955.6938 157 128 70
526.7081 -465.0932 4955.6938 160 129 71
530.6833 -465.0932 4955.6938 158 126 68
534.6584 -465.0932 4955.6938 157 125 66
537.7985 -464.3721 4948.0103 157 124 64
541.7675 -464.3721 4948.0103 150 115 55
544.8917 -463.6533 4940.3511 145 108 50
548.0062 -462.9367 4932.7153 142 102 46
551.1111 -462.2223 4925.1030 139 98 45
554.2065 -461.5101 4917.5142 134 92 42
557.2924 -460.8000 4909.9487 128 84 39
560.3687 -460.0922 4902.4067 121 74 34
563.4356 -459.3865 4894.8877 119 67 32
566.4931 -458.6830 4887.3916 120 65 34
570.4135 -458.6830 4887.3916 119 64 35
573.4557 -457.9817 4879.9185 116 63 32
577.3701 -457.9817 4879.9185 117 67 37
579.5122 -456.5854 4865.0410 129 82 48
582.5267 -455.8904 4857.6357 147 106 59
585.5319 -455.1976 4850.2534 154 120 64
589.4225 -455.1976 4850.2534 153 121 61
592.4128 -454.5069 4842.8936 144 111 53
595.3940 -453.8182 4835.5557 140 106 53
599.2728 -453.8182 4835.5557 134 101 49
603.1516 -453.8182 4835.5557 137 102 52
606.1120 -453.1317 4828.2402 138 102 52
609.0635 -452.4471 4820.9468 142 106 55
612.9305 -452.4471 4820.9468 147 112 60
615.8673 -451.7647 4813.6753 148 114 58
617.8647 -450.4060 4799.1982 146 111 55
621.7144 -450.4060 4799.1982 138 104 49
624.6247 -449.7297 4791.9922 134 100 48
628.4686 -449.7297 4791.9922 136 98 48
631.3644 -449.0555 4784.8076 139 98 49
635.2025 -449.0555 4784.8076 138 93 47
638.0839 -448.3832 4777.6450 138 87 43
641.9163 -448.3832 4777.6450 139 82 44
645.7486 -448.3832 4777.6450 135 77 42
648.6099 -447.7130 4770.5034 128 71 37
652.4365 -447.7130 4770.5034 120 66 35
656.2631 -447.7130 4770.5034 112 62 32
660.0897 -447.7130 4770.5034 112 62 34
663.9163 -447.7130 4770.5034 112 65 35
667.7430 -447.7130 4770.5034 108 63 34
672.5749 -448.3832 4777.6450 106 61 34
676.4073 -448.3832 4777.6450 109 69 37
679.2228 -447.7130 4770.5034 120 86 47
684.0719 -448.3832 4777.6450 132 100 55
687.9042 -448.3832 4777.6450 139 106 58
691.7366 -448.3832 4777.6450 135 102 51
695.5689 -448.3832 4777.6450 129 95 45
699.4012 -448.3832 4777.6450 130 97 45
703.2336 -448.3832 4777.6450 134 101 48
707.0659 -448.3832 4777.6450 124 89 37
710.8983 -448.3832 4777.6450 121 85 34
714.7307 -448.3832 4777.6450 128 93 41
718.5629 -448.3832 4777.6450 135 103 49
721.3154 -447.7130 4770.5034 136 106 51
725.1420 -447.7130 4770.5034 136 104 50
728.9686 -447.7130 4770.5034 131 99 48
732.7952 -447.7130 4770.5034 127 93 43
737.7246 -448.3832 4777.6450 128 90 38
740.4485 -447.7130 4770.5034 131 91 38
744.2751 -447.7130 4770.5034 129 89 36
748.1017 -447.7130 4770.5034 128 89 38
751.9283 -447.7130 4770.5034 123 84 35
755.7549 -447.7130 4770.5034 119 80 34
760.7186 -448.3832 4777.6450 115 77 32
764.5510 -448.3832 4777.6450 110 70 31
768.3833 -448.3832 4777.6450 107 66 31
773.3734 -449.0555 4784.8076 100 61 30
777.2114 -449.0555 4784.8076 92 54 27
782.2223 -449.7297 4791.9922 97 57 27
786.0661 -449.7297 4791.9922 99 55 28
791.0978 -450.4060 4799.1982 99 54 28
794.9474 -450.4060 4799.1982 100 55 29
800.0001 -451.0844 4806.4258 93 50 28
803.8555 -451.0844 4806.4258 82 48 26
807.7109 -451.0844 4806.4258 108 71 39
812.7903 -451.7647 4813.6753 119 75 38
816.6516 -451.7647 4813.6753 122 84 44
820.5129 -451.7647 4813.6753 133 99 51
825.6194 -452.4471 4820.9468 138 102 50
829.4865 -452.4471 4820.9468 135 98 47
833.3535 -452.4471 4820.9468 130 93 43
838.4872 -453.1317 4828.2402 131 94 42
842.3601 -453.1317 4828.2402 133 95 44
847.5152 -453.8182 4835.5557 132 94 44
851.3940 -453.8182 4835.5557 128 90 43
4.5176 -355.3883 3754.6667 10 15 10
7.5029 -354.1384 3741.4617 11 16 10
10.4795 -353.3100 3732.7097 11 15 10
13.4579 -352.8972 3728.3491 13 16 10
16.3531 -350.8479 3706.6978 13 16 10
19.2148 -348.8222 3685.2964 15 17 11
22.0944 -347.6180 3672.5740 19 22 20
25.0115 -347.2184 3668.3525 35 36 35
59.9564 -329.0632 3476.5432 44 48 73
62.5407 -327.9913 3465.2190 43 47 74
65.2495 -327.6356 3461.4607 41 44 68
67.8788 -326.9264 3453.9683 45 49 75
70.5730 -326.5730 3450.2344 41 47 72
73.1823 -325.8684 3442.7905 48 52 75
75.6989 -324.8172 3431.6846 54 57 80
78.2833 -324.1202 3424.3206 60 61 86
80.9432 -323.7728 3420.6504 62 65 89
83.4188 -322.7351 3409.6868 69 72 93
86.0619 -322.3907 3406.0479 84 87 104
88.6049 -321.7039 3398.7932 78 82 98
91.1371 -321.0202 3391.5693 84 87 103
93.7580 -320.6794 3387.9690 102 104 116
96.2712 -320.0000 3380.7910 109 112 118
98.7738 -319.3235 3373.6436 114 118 122
101.3728 -318.9863 3370.0811 134 138 137
103.9663 -318.6498 3366.5261 147 151 147
106.2185 -317.3109 3352.3811 140 144 138
108.7933 -316.9780 3348.8633 135 138 132
111.1297 -315.9833 3338.3542 143 146 140
113.5699 -315.3236 3331.3850 133 135 130
116.1210 -314.9948 3327.9111 142 146 142
118.7904 -314.9948 3327.9111 140 141 135
121.4599 -314.9948 3327.9111 132 134 122
123.8710 -314.3392 3320.9851 150 151 138
126.5349 -314.3392 3320.9851 131 132 120
129.0645 -314.0125 3317.5330 148 149 137
131.5888 -313.6864 3314.0879 153 154 140
134.1079 -313.3610 3310.6501 144 146 132
136.7635 -313.3610 3310.6501 143 145 132
139.7090 -314.0125 3317.5330 147 149 137
142.2222 -313.6864 3314.0879 149 151 138
145.1821 -314.3392 3320.9851 141 143 129
148.0000 -314.6667 3324.4446 143 144 128
150.6667 -314.6667 3324.4446 144 147 130
153.3333 -314.6667 3324.4446 154 156 140
156.0000 -314.6667 3324.4446 146 147 132
158.8321 -314.9948 3327.9111 141 142 125
161.3333 -314.6667 3324.4446 146 148 132
164.1710 -314.9948 3327.9111 144 146 130
166.8405 -314.9948 3327.9111 134 134 117
169.5099 -314.9948 3327.9111 142 141 125
172.1794 -314.9948 3327.9111 137 137 118
175.0313 -315.3236 3331.3850 130 130 111
177.7036 -315.3236 3331.3850 136 138 116
180.3758 -315.3236 3331.3850 127 128 109
183.0480 -315.3236 3331.3850 126 126 105
185.7203 -315.3236 3331.3850 133 133 114
188.3925 -315.3236 3331.3850 135 136 116
191.2644 -315.6531 3334.8660 131 130 109
193.7370 -315.3236 3331.3850 133 135 115
196.4092 -315.3236 3331.3850 126 127 106
199.0814 -315.3236 3331.3850 123 123 100
201.7537 -315.3236 3331.3850 131 131 106
204.4259 -315.3236 3331.3850 130 130 107
206.8822 -314.9948 3327.9111 125 122 100
209.7704 -315.3236 3331.3850 130 128 106
212.2211 -314.9948 3327.9111 121 120 96
214.8905 -314.9948 3327.9111 118 117 91
217.5600 -314.9948 3327.9111 125 123 99
220.0000 -314.6667 3324.4446 125 122 98
222.6667 -314.6667 3324.4446 122 118 94
225.3333 -314.6667 3324.4446 123 119 96
227.7628 -314.3392 3320.9851 123 121 96
230.4267 -314.3392 3320.9851 119 117 92
233.0905 -314.3392 3320.9851 117 115 90
235.5094 -314.0125 3317.5330 122 120 96
238.1705 -314.0125 3317.5330 119 117 94
240.8316 -314.0125 3317.5330 120 118 95
260.5907 -318.6498 3366.5261 120 117 92
264.4068 -320.0000 3380.7910 121 117 92
268.5410 -321.7039 3398.7932 119 117 93
271.5565 -322.0469 3402.4165 120 118 94
274.2857 -322.0469 3402.4165 125 122 98
277.0150 -322.0469 3402.4165 122 120 96
280.0427 -322.3907 3406.0479 122 121 95
282.7748 -322.3907 3406.0479 124 123 99
286.1177 -323.0802 3413.3335 124 124 100
289.4749 -323.7728 3420.6504 125 124 100
292.8464 -324.4683 3427.9988 125 124 102
296.2325 -325.1669 3435.3787 124 124 101
299.6333 -325.8684 3442.7905 122 121 98
303.0487 -326.5730 3450.2344 117 116 95
306.4789 -327.2806 3457.7104 119 119 98
309.9240 -327.9913 3465.2190 114 115 94
313.3841 -328.7051 3472.7603 115 115 95
316.1698 -328.7051 3472.7603 106 107 90
320.3498 -330.1421 3487.9419 92 91 81
324.5664 -331.5917 3503.2566 82 81 74
328.4582 -332.6873 3514.8313 65 65 60
332.0089 -333.4217 3522.5903 55 54 53
362.5688 -346.4221 3659.9390 24 25 32
365.5046 -346.4221 3659.9390 25 26 32
368.4404 -346.4221 3659.9390 67 52 47
371.3762 -346.4221 3659.9390 114 77 51
516.3863 -470.5296 4971.1318 135 101 56
520.3738 -470.5296 4971.1318 138 106 56
523.5459 -469.7979 4963.4009 147 115 61
527.5273 -469.7979 4963.4009 150 116 62
532.3365 -470.5296 4971.1318 151 118 61
535.4899 -469.7979 4963.4009 154 121 64
539.4713 -469.7979 4963.4009 158 125 66
542.6087 -469.0684 4955.6938 154 122 61
545.7365 -468.3411 4948.0103 153 118 58
549.7054 -468.3411 4948.0103 154 119 61
552.8174 -467.6161 4940.3511 151 117 60
555.9197 -466.8934 4932.7153 144 108 55
558.1510 -465.4546 4917.5142 140 102 49
561.2308 -464.7385 4909.9487 138 99 45
564.3011 -464.0246 4902.4067 137 97 45
567.3620 -463.3129 4894.8877 131 89 43
570.4135 -462.6034 4887.3916 127 83 39
574.3339 -462.6034 4887.3916 118 73 33
578.2542 -462.6034 4887.3916 107 61 29
579.5122 -460.4878 4865.0410 100 52 26
582.5267 -459.7869 4857.6357 99 53 30
586.4232 -459.7869 4857.6357 106 66 37
589.4225 -459.0881 4850.2534 132 95 52
593.3131 -459.0881 4850.2534 149 110 57
596.2975 -458.3915 4842.8936 153 115 58
600.1821 -458.3915 4842.8936 146 113 53
603.1516 -457.6970 4835.5557 137 103 46
607.0303 -457.6970 4835.5557 134 100 46
609.9849 -457.0046 4828.2402 135 99 47
613.8578 -457.0046 4828.2402 135 97 46
616.7976 -456.3142 4820.9468 134 95 45
618.7952 -454.9398 4806.4258 138 101 48
622.6506 -454.9398 4806.4258 145 107 53
625.5640 -454.2557 4799.1982 145 108 53
629.4136 -454.2557 4799.1982 142 105 49
632.3123 -453.5736 4791.9922 136 100 45
636.1562 -453.5736 4791.9922 130 95 42
639.0405 -452.8936 4784.8076 129 93 41
642.8785 -452.8936 4784.8076 131 93 44
645.7486 -452.2156 4777.6450 129 89 43
649.5809 -452.2156 4777.6450 124 80 38
653.4133 -452.2156 4777.6450 120 69 35
656.2631 -451.5396 4770.5034 121 67 36
660.0897 -451.5396 4770.5034 132 75 42
663.9163 -451.5396 4770.5034 132 73 39
667.7430 -451.5396 4770.5034 122 66 34
672.5749 -452.2156 4777.6450 112 59 29
676.4073 -452.2156 4777.6450 96 49 25
680.2396 -452.2156 4777.6450 96 57 36
684.0719 -452.2156 4777.6450 107 67 47
688.9355 -452.8936 4784.8076 112 72 42
692.7736 -452.8936 4784.8076 135 99 58
696.6117 -452.8936 4784.8076 137 104 56
700.4498 -452.8936 4784.8076 138 106 54
704.2879 -452.8936 4784.8076 133 100 47
708.1260 -452.8936 4784.8076 134 102 48
711.9641 -452.8936 4784.8076 138 104 50
715.8021 -452.8936 4784.8076 136 101 46
719.6402 -452.8936 4784.8076 128 94 40
722.3953 -452.2156 4777.6450 121 85 34
726.2277 -452.2156 4777.6450 121 86 36
730.0599 -452.2156 4777.6450 128 94 44
733.8923 -452.2156 4777.6450 134 101 49
737.7246 -452.2156 4777.6450 137 103 52
741.5569 -452.2156 4777.6450 135 102 49
745.3893 -452.2156 4777.6450 131 97 45
749.2216 -452.2156 4777.6450 128 92 42
753.0540 -452.2156 4777.6450 118 83 34
756.8863 -452.2156 4777.6450 122 87 38
760.7186 -452.2156 4777.6450 125 88 36
764.5510 -452.2156 4777.6450 118 83 33
769.5353 -452.8936 4784.8076 121 85 36
773.3734 -452.8936 4784.8076 122 85 35
778.3785 -453.5736 4791.9922 115 79 34
783.3986 -454.2557 4799.1982 109 72 31
787.2482 -454.2557 4799.1982 104 66 29
792.2892 -454.9398 4806.4258 96 58 28
796.1447 -454.9398 4806.4258 86 49 24
800.0001 -454.9398 4806.4258 75 38 16
805.0679 -455.6260 4813.6753 100 54 29
808.9292 -455.6260 4813.6753 116 68 36
812.7903 -455.6260 4813.6753 107 61 31
817.8853 -456.3142 4820.9468 103 61 27
821.7523 -456.3142 4820.9468 113 76 35
825.6194 -456.3142 4820.9468 118 84 38
830.7413 -457.0046 4828.2402 130 95 45
834.6143 -457.0046 4828.2402 136 101 48
839.7576 -457.6970 4835.5557 139 106 53
843.6364 -457.6970 4835.5557 133 99 49
848.8013 -458.3915 4842.8936 129 94 44
852.6860 -458.3915 4842.8936 131 94 42
-141.4060 -437.0732 4578.8618 9 13 7
-137.7331 -437.0732 4578.8618 10 13 8
-134.0603 -437.0732 4578.8618 11 13 7
-123.2184 -437.7012 4585.4409 10 14 9
4.5018 -357.1395 3741.4617 10 15 10
7.4941 -356.7213 3737.0806 12 16 10
10.4673 -355.8879 3728.3491 12 16 10
13.4422 -355.4726 3723.9985 14 17 10
16.3341 -353.4107 3702.3977 15 17 10
19.2148 -351.7783 3685.2964 13 16 11
22.1198 -350.9677 3676.8049 15 17 13
25.0115 -350.1609 3668.3525 19 20 18
60.0873 -332.5764 3484.1340 43 47 74
62.6087 -331.1305 3468.9856 37 42 66
65.3913 -331.1305 3468.9856 37 40 65
67.9523 -330.0542 3457.7104 43 48 74
70.6494 -329.6970 3453.9683 36 41 65
73.2613 -328.9849 3446.5083 37 43 64
75.6989 -327.5699 3431.6846 35 41 62
78.2833 -326.8670 3424.3206 36 41 65
80.8565 -326.1671 3416.9880 35 40 64
83.4188 -325.4701 3409.6868 37 43 63
86.0619 -325.1227 3406.0479 35 39 58
88.6049 -324.4303 3398.7932 39 42 62
90.9438 -323.0541 3384.3762 37 40 62
93.5593 -322.7119 3380.7910 39 42 62
96.0677 -322.0296 3373.6436 41 45 63
98.5654 -321.3502 3366.5261 41 44 63
101.1591 -321.0116 3362.9788 46 49 66
103.5294 -320.0000 3352.3811 54 56 71
105.8848 -318.9948 3341.8501 57 58 71
108.5655 -318.9948 3341.8501 55 56 67
110.8977 -317.9958 3331.3850 59 60 71
113.4515 -317.6643 3327.9111 61 62 74
116.0000 -317.3333 3324.4446 58 59 72
118.6667 -317.3333 3324.4446 72 72 84
121.3333 -317.3333 3324.4446 79 80 86
123.8710 -317.0031 3320.9851 88 89 93
126.5349 -317.0031 3320.9851 80 81 82
129.0645 -316.6736 3317.5330 98 102 103
131.7256 -316.6736 3317.5330 109 111 113
134.2471 -316.3448 3314.0879 112 112 111
136.9055 -316.3448 3314.0879 112 113 111
139.7090 -316.6736 3317.5330 111 112 110
142.3701 -316.6736 3317.5330 125 126 123
145.3333 -317.3333 3324.4446 122 125 120
148.0000 -317.3333 3324.4446 127 129 122
150.6667 -317.3333 3324.4446 135 136 129
153.4932 -317.6643 3327.9111 124 124 117
156.1627 -317.6643 3327.9111 126 128 120
158.8321 -317.6643 3327.9111 120 121 113
161.5016 -317.6643 3327.9111 124 125 117
164.1710 -317.6643 3327.9111 126 127 120
166.8405 -317.6643 3327.9111 109 110 100
169.6869 -317.9958 3331.3850 121 122 111
172.3591 -317.9958 3331.3850 120 121 107
175.0313 -317.9958 3331.3850 115 116 103
177.8893 -318.3281 3334.8660 117 117 106
180.5643 -318.3281 3334.8660 113 113 102
183.2393 -318.3281 3334.8660 105 104 91
185.9143 -318.3281 3334.8660 119 118 103
188.5894 -318.3281 3334.8660 125 125 110
191.2644 -318.3281 3334.8660 114 113 100
193.9394 -318.3281 3334.8660 115 115 102
196.6144 -318.3281 3334.8660 114 113 98
199.0814 -317.9958 3331.3850 111 110 93
201.9645 -318.3281 3334.8660 123 124 105
204.4259 -317.9958 3331.3850 114 115 95
207.0981 -317.9958 3331.3850 107 106 89
209.7704 -317.9958 3331.3850 112 112 94
212.2211 -317.6643 3327.9111 109 110 89
214.8905 -317.6643 3327.9111 107 106 87
217.5600 -317.6643 3327.9111 108 107 89
220.0000 -317.3333 3324.4446 117 114 96
222.8989 -317.6643 3327.9111 105 102 83
225.3333 -317.3333 3324.4446 114 111 92
227.7628 -317.0031 3320.9851 114 112 94
230.4267 -317.0031 3320.9851 109 107 88
233.0905 -317.0031 3320.9851 107 103 85
235.5094 -316.6736 3317.5330 112 110 89
238.4183 -317.0031 3320.9851 115 112 90
241.0822 -317.0031 3320.9851 115 113 90
243.4928 -316.6736 3317.5330 110 108 86
261.1417 -322.0296 3373.6436 115 114 90
264.9682 -323.3971 3387.9690 116 115 93
268.8273 -324.7761 3402.4165 116 115 94
271.5565 -324.7761 3402.4165 118 118 96
274.2857 -324.7761 3402.4165 120 120 97
277.3106 -325.1227 3406.0479 115 115 93
280.0427 -325.1227 3406.0479 112 112 91
283.0770 -325.4701 3409.6868 112 111 92
286.1177 -325.8182 3413.3335 115 115 96
289.4749 -326.5166 3420.6504 110 109 93
292.5322 -326.8670 3424.3206 99 98 86
296.2325 -327.9225 3435.3787 88 88 79
299.6333 -328.6300 3442.7905 76 76 69
303.0487 -329.3405 3450.2344 69 69 63
306.4789 -330.0542 3457.7104 66 67 62
309.9240 -330.7709 3465.2190 55 55 54
313.0435 -331.1305 3468.9856 47 47 48
316.1698 -331.4908 3472.7603 40 40 41
320.0000 -332.5764 3484.1340 30 30 34
324.5664 -334.4018 3503.2566 29 28 33
328.0968 -335.1375 3510.9646 25 25 29
332.0089 -336.2473 3522.5903 27 26 30
357.1068 -349.7589 3664.1409 23 23 29
360.0459 -349.7589 3664.1409 22 21 29
362.5688 -349.3578 3659.9390 23 22 30
365.9242 -349.7589 3664.1409 27 27 33
368.4404 -349.3578 3659.9390 67 55 48
371.3762 -349.3578 3659.9390 119 82 52
517.1919 -475.2574 4978.8872 120 86 43
521.1857 -475.2574 4978.8872 99 67 36
524.3614 -474.5172 4971.1318 96 70 37
528.3489 -474.5172 4971.1318 140 113 67
533.1669 -475.2574 4978.8872 144 113 62
536.3240 -474.5172 4971.1318 146 114 61
540.3115 -474.5172 4971.1318 148 114 56
543.4526 -473.7792 4963.4009 151 116 59
547.4340 -473.7792 4963.4009 152 118 59
550.5591 -473.0435 4955.6938 153 120 61
553.6744 -472.3101 4948.0103 150 116 56
555.9197 -470.8501 4932.7153 145 109 51
559.0124 -470.1235 4925.1030 147 112 57
562.0955 -469.3991 4917.5142 149 115 61
564.3011 -467.9570 4902.4067 148 114 59
568.2335 -467.9570 4902.4067 142 106 51
571.2884 -467.2393 4894.8877 137 98 46
574.3339 -466.5238 4887.3916 133 94 43
578.2542 -466.5238 4887.3916 134 94 45
580.3970 -465.0993 4872.4683 126 87 44
583.4147 -464.3903 4865.0410 111 72 36
586.4232 -463.6834 4857.6357 120 79 49
590.3196 -463.6834 4857.6357 130 84 51
593.3131 -462.9788 4850.2534 130 79 49
597.2037 -462.9788 4850.2534 128 84 49
600.1821 -462.2762 4842.8936 133 97 50
604.0668 -462.2762 4842.8936 149 114 57
607.9515 -462.2762 4842.8936 150 115 55
610.9091 -461.5758 4835.5557 144 109 50
614.7879 -461.5758 4835.5557 137 103 46
617.7308 -460.8775 4828.2402 130 95 42
619.7285 -459.4872 4813.6753 130 95 41
623.5898 -459.4872 4813.6753 131 94 42
626.5060 -458.7952 4806.4258 131 93 42
630.3615 -458.7952 4806.4258 132 95 44
633.2632 -458.1053 4799.1982 136 98 46
637.1129 -458.1053 4799.1982 140 103 50
640.0001 -457.4174 4791.9922 141 105 49
643.8439 -457.4174 4791.9922 140 103 48
646.7167 -456.7317 4784.8076 133 96 43
650.5547 -456.7317 4784.8076 127 90 40
654.3928 -456.7317 4784.8076 120 83 37
657.2456 -456.0479 4777.6450 112 77 34
661.0779 -456.0479 4777.6450 118 83 40
664.9103 -456.0479 4777.6450 126 85 42
668.7426 -456.0479 4777.6450 127 80 41
673.5833 -456.7317 4784.8076 126 76 41
677.4213 -456.7317 4784.8076 117 71 43
681.2594 -456.7317 4784.8076 119 75 52
685.0975 -456.7317 4784.8076 116 67 43
688.9355 -456.7317 4784.8076 132 85 54
692.7736 -456.7317 4784.8076 126 84 45
697.6577 -457.4174 4791.9922 132 101 58
701.5015 -457.4174 4791.9922 126 93 45
705.3454 -457.4174 4791.9922 135 103 53
709.1893 -457.4174 4791.9922 133 103 54
713.0331 -457.4174 4791.9922 133 101 52
716.8770 -457.4174 4791.9922 132 100 50
720.7208 -457.4174 4791.9922 131 101 47
723.4783 -456.7317 4784.8076 134 102 49
727.3164 -456.7317 4784.8076 133 99 46
731.1545 -456.7317 4784.8076 130 95 44
734.9926 -456.7317 4784.8076 123 91 39
738.8306 -456.7317 4784.8076 122 87 37
742.6687 -456.7317 4784.8076 125 88 38
746.5068 -456.7317 4784.8076 130 95 44
750.3448 -456.7317 4784.8076 131 98 46
754.1829 -456.7317 4784.8076 130 100 46
758.0210 -456.7317 4784.8076 129 99 48
761.8591 -456.7317 4784.8076 126 97 47
765.6972 -456.7317 4784.8076 122 92 42
769.5353 -456.7317 4784.8076 120 88 39
774.5346 -457.4174 4791.9922 120 84 35
778.3785 -457.4174 4791.9922 129 90 37
783.3986 -458.1053 4799.1982 129 90 37
788.4338 -458.7952 4806.4258 125 85 35
792.2892 -458.7952 4806.4258 111 73 31
797.3455 -459.4872 4813.6753 92 54 20
801.2067 -459.4872 4813.6753 105 58 27
805.0679 -459.4872 4813.6753 117 65 33
808.9292 -459.4872 4813.6753 108 63 29
814.0182 -460.1813 4820.9468 114 71 32
817.8853 -460.1813 4820.9468 132 95 44
821.7523 -460.1813 4820.9468 127 91 40
826.8685 -460.8775 4828.2402 124 90 43
830.7413 -460.8775 4828.2402 113 79 37
835.8788 -461.5758 4835.5557 109 75 32
839.7576 -461.5758 4835.5557 116 83 39
844.9166 -462.2762 4842.8936 123 89 46
848.8013 -462.2762 4842.8936 132 98 52
852.6860 -462.2762 4842.8936 137 104 56
-184.9499 -439.4850 4565.7607 8 13 7
-174.4620 -440.7461 4578.8618 9 13 8
-171.0345 -441.3794 4585.4409 9 14 8
-167.1162 -440.7461 4578.8618 10 14 8
-163.4433 -440.7461 4578.8618 11 14 8
-159.5415 -440.1146 4572.3018 10 13 7
-156.0976 -440.7461 4578.8618 8 12 7
-152.2063 -440.1146 4572.3018 10 12 9
-148.3262 -439.4850 4565.7607 10 13 8
-144.8711 -440.1146 4572.3018 9 13 8
-141.2034 -440.1146 4572.3018 11 13 9
-137.5358 -440.1146 4572.3018 12 13 10
-133.8682 -440.1146 4572.3018 11 14 9
-130.2006 -440.1146 4572.3018 9 14 9
-126.7145 -440.7461 4578.8618 9 14 8
-122.8653 -440.1146 4572.3018 9 13 8
-119.5402 -441.3794 4585.4409 9 13 10
-116.0288 -442.0144 4592.0386 9 13 9
-112.1839 -441.3794 4585.4409 11 13 8
-108.8185 -442.6513 4598.6553 10 12 8
-104.8276 -441.3794 4585.4409 9 12 8
-46.2428 -443.9307 4611.9463 13 15 12
-42.4207 -442.6513 4598.6553 12 16 10
7.4854 -359.2983 3732.7097 14 16 11
10.4551 -358.4597 3723.9985 12 17 11
13.4266 -358.0420 3719.6582 12 16 9
16.3152 -355.9676 3698.1074 13 17 10
19.2370 -355.1445 3689.5569 12 16 10
22.1198 -353.9171 3676.8049 13 17 11
25.0403 -353.5098 3672.5740 16 17 13
60.0218 -335.0055 3480.3345 42 45 74
62.6768 -334.2764 3472.7603 37 42 68
65.3913 -333.9131 3468.9856 38 43 67
68.0260 -333.1888 3461.4607 35 41 66
70.6494 -332.4675 3453.9683 34 39 60
73.2613 -331.7495 3446.5083 35 38 57
75.6989 -330.3226 3431.6846 35 38 58
78.2833 -329.6138 3424.3206 35 39 62
80.8565 -328.9080 3416.9880 32 37 61
83.5080 -328.5562 3413.3335 35 40 61
86.1539 -328.2051 3409.6868 33 37 56
88.6994 -327.5053 3402.4165 33 36 55
91.0403 -326.1147 3387.9690 33 36 56
93.6585 -325.7689 3384.3762 32 34 53
95.9662 -324.3928 3370.0811 31 33 49
98.4615 -323.7092 3362.9788 33 35 53
101.0526 -323.3684 3359.4387 29 32 46
103.4208 -322.3505 3348.8633 32 34 48
105.7741 -321.3389 3338.3542 29 32 44
108.4519 -321.3389 3338.3542 29 33 44
110.8977 -320.6681 3331.3850 28 33 45
113.3333 -320.0000 3324.4446 28 32 44
116.0000 -320.0000 3324.4446 28 31 44
118.5432 -319.6670 3320.9851 30 33 46
121.2071 -319.6670 3320.9851 30 33 45
123.8710 -319.6670 3320.9851 30 33 46
126.5349 -319.6670 3320.9851 30 33 44
129.0645 -319.3347 3317.5330 32 34 45
131.8627 -319.6670 3320.9851 35 35 46
134.2471 -319.0031 3314.0879 36 35 46
136.9055 -319.0031 3314.0879 39 40 50
139.8543 -319.6670 3320.9851 39 41 51
142.3701 -319.3347 3317.5330 38 39 48
145.3333 -320.0000 3324.4446 39 42 49
148.0000 -320.0000 3324.4446 41 42 49
150.6667 -320.0000 3324.4446 45 45 54
153.4932 -320.3337 3327.9111 41 43 50
156.1627 -320.3337 3327.9111 38 39 46
158.8321 -320.3337 3327.9111 43 43 50
161.5016 -320.3337 3327.9111 42 41 48
164.3424 -320.6681 3331.3850 44 43 51
166.8405 -320.3337 3327.9111 39 38 45
169.6869 -320.6681 3331.3850 40 39 45
172.3591 -320.6681 3331.3850 43 43 47
175.2142 -321.0031 3334.8660 40 39 45
177.8893 -321.0031 3334.8660 39 39 44
180.5643 -321.0031 3334.8660 37 38 43
183.2393 -321.0031 3334.8660 40 42 45
185.9143 -321.0031 3334.8660 46 46 48
188.5894 -321.0031 3334.8660 54 53 55
191.2644 -321.0031 3334.8660 52 52 54
193.9394 -321.0031 3334.8660 48 48 50
196.6144 -321.0031 3334.8660 50 50 51
199.2895 -321.0031 3334.8660 58 58 58
201.9645 -321.0031 3334.8660 56 57 58
204.4259 -320.6681 3331.3850 56 56 55
207.0981 -320.6681 3331.3850 52 52 52
209.7704 -320.6681 3331.3850 51 51 50
212.2211 -320.3337 3327.9111 55 55 53
214.8905 -320.3337 3327.9111 58 58 56
217.5600 -320.3337 3327.9111 55 55 53
220.2294 -320.3337 3327.9111 66 65 61
222.8989 -320.3337 3327.9111 58 57 53
225.3333 -320.0000 3324.4446 57 57 54
227.7628 -319.6670 3320.9851 62 61 58
230.4267 -319.6670 3320.9851 60 59 56
233.0905 -319.6670 3320.9851 64 63 59
235.7544 -319.6670 3320.9851 67 66 62
238.4183 -319.6670 3320.9851 73 72 67
241.0822 -319.6670 3320.9851 78 76 69
243.4928 -319.3347 3317.5330 76 76 67
246.6667 -320.0000 3324.4446 78 76 68
261.4180 -325.0794 3377.2134 86 86 76
265.2498 -326.4612 3391.5693 83 80 72
268.8273 -327.5053 3402.4165 77 77 69
271.8463 -327.8549 3406.0479 77 77 70
274.5785 -327.8549 3406.0479 76 76 68
277.3106 -327.8549 3406.0479 66 65 60
280.3419 -328.2051 3409.6868 55 55 53
283.0770 -328.2051 3409.6868 47 48 48
286.4240 -328.9080 3416.9880 44 44 45
289.4749 -329.2605 3420.6504 41 39 42
292.8464 -329.9678 3427.9988 31 31 36
296.2325 -330.6782 3435.3787 23 26 30
299.3104 -331.0345 3439.0806 22 23 28
302.7214 -331.7495 3446.5083 25 25 29
306.4789 -332.8278 3457.7104 23 23 28
309.5879 -333.1888 3461.4607 25 26 31
313.0435 -333.9131 3468.9856 18 21 25
316.1698 -334.2764 3472.7603 20 21 26
320.0000 -335.3712 3484.1340 19 20 25
324.2105 -336.8421 3499.4153 18 22 26
328.0968 -337.9538 3510.9646 16 20 24
331.6428 -338.6990 3518.7065 18 20 24
357.1068 -352.6981 3664.1409 21 21 27
360.0459 -352.6981 3664.1409 22 22 28
362.9851 -352.6981 3664.1409 25 24 30
365.9242 -352.6981 3664.1409 35 34 37
368.4404 -352.2936 3659.9390 82 68 58
371.3762 -352.2936 3659.9390 145 109 75
518.0001 -480.0001 4986.6670 106 73 30
522.0001 -480.0001 4986.6670 99 73 35
525.1794 -479.2512 4978.8872 134 110 65
530.0001 -480.0001 4986.6670 136 108 57
534.0001 -480.0001 4986.6670 143 114 67
538.0001 -480.0001 4986.6670 107 77 37
542.0001 -480.0001 4986.6670 116 78 42
545.1483 -479.2512 4978.8872 136 94 54
548.2866 -478.5047 4971.1318 142 101 56
551.4153 -477.7605 4963.4009 142 103 54
554.5342 -477.0187 4955.6938 147 110 56
557.6434 -476.2791 4948.0103 144 107 54
559.8764 -474.8068 4932.7153 144 107 53
562.0955 -473.3436 4917.5142 146 111 54
565.1693 -472.6154 4909.9487 151 116 58
568.2335 -471.8894 4902.4067 151 117 58
572.1660 -471.8894 4902.4067 147 113 56
575.2148 -471.1656 4894.8877 146 112 56
578.2542 -470.4441 4887.3916 141 107 53
580.3970 -469.0077 4872.4683 128 93 47
584.3054 -469.0077 4872.4683 123 87 48
587.3171 -468.2928 4865.0410 131 89 53
590.3196 -467.5800 4857.6357 132 79 47
594.2161 -467.5800 4857.6357 140 87 56
597.2037 -466.8694 4850.2534 119 80 48
601.0942 -466.8694 4850.2534 120 88 46
604.0668 -466.1609 4842.8936 132 99 50
607.9515 -466.1609 4842.8936 138 106 50
611.8362 -466.1609 4842.8936 142 110 54
614.7879 -465.4546 4835.5557 147 114 60
618.6667 -465.4546 4835.5557 144 110 52
620.6647 -464.0484 4820.9468 142 106 48
624.5317 -464.0484 4820.9468 138 101 46
627.4510 -463.3484 4813.6753 124 88 39
631.3123 -463.3484 4813.6753 116 81 34
634.2169 -462.6507 4806.4258 125 89 40
637.1129 -461.9550 4799.1982 128 91 40
640.9625 -461.9550 4799.1982 129 93 40
643.8439 -461.2613 4791.9922 131 95 43
647.6877 -461.2613 4791.9922 131 95 42
651.5316 -461.2613 4791.9922 135 99 43
654.3928 -460.5698 4784.8076 139 102 47
658.2309 -460.5698 4784.8076 139 104 49
661.0779 -459.8802 4777.6450 136 102 48
664.9103 -459.8802 4777.6450 129 94 42
668.7426 -459.8802 4777.6450 115 80 35
673.5833 -460.5698 4784.8076 111 77 43
677.4213 -460.5698 4784.8076 119 78 52
681.2594 -460.5698 4784.8076 119 70 44
686.1262 -461.2613 4791.9922 142 91 59
689.9700 -461.2613 4791.9922 138 92 48
693.8138 -461.2613 4791.9922 145 112 62
697.6577 -461.2613 4791.9922 130 97 46
701.5015 -461.2613 4791.9922 137 101 47
705.3454 -461.2613 4791.9922 119 86 37
709.1893 -461.2613 4791.9922 98 69 32
713.0331 -461.2613 4791.9922 76 51 22
716.8770 -461.2613 4791.9922 104 75 38
720.7208 -461.2613 4791.9922 128 96 49
724.5646 -461.2613 4791.9922 132 98 49
728.4084 -461.2613 4791.9922 134 98 48
732.2523 -461.2613 4791.9922 133 98 46
736.0961 -461.2613 4791.9922 135 100 44
739.9400 -461.2613 4791.9922 135 98 42
742.6687 -460.5698 4784.8076 136 98 41
747.6277 -461.2613 4791.9922 134 97 42
750.3448 -460.5698 4784.8076 128 93 41
754.1829 -460.5698 4784.8076 122 87 37
758.0210 -460.5698 4784.8076 119 85 36
763.0031 -461.2613 4791.9922 122 89 39
766.8469 -461.2613 4791.9922 125 93 43
770.6907 -461.2613 4791.9922 128 97 45
775.6993 -461.9550 4799.1982 129 97 46
779.5490 -461.9550 4799.1982 129 98 45
784.5783 -462.6507 4806.4258 122 89 40
788.4338 -462.6507 4806.4258 105 72 30
793.4842 -463.3484 4813.6753 103 61 27
797.3455 -463.3484 4813.6753 113 62 31
801.2067 -463.3484 4813.6753 115 65 32
806.2840 -464.0484 4820.9468 109 64 29
810.1511 -464.0484 4820.9468 115 74 31
814.0182 -464.0484 4820.9468 134 97 46
819.1226 -464.7504 4828.2402 131 96 42
822.9955 -464.7504 4828.2402 135 99 44
826.8685 -464.7504 4828.2402 123 87 37
832.0001 -465.4546 4835.5557 118 83 36
835.8788 -465.4546 4835.5557 120 87 39
839.7576 -465.4546 4835.5557 106 73 35
844.9166 -466.1609 4842.8936 90 54 26
848.8013 -466.1609 4842.8936 95 54 26
853.9818 -466.8694 4850.2534 106 63 32
-210.2857 -442.5143 4559.2383 10 11 9
-206.6286 -442.5143 4559.2383 10 11 10
-202.9714 -442.5143 4559.2383 10 11 10
-199.5994 -443.1474 4565.7607 10 11 9
-195.9371 -443.1474 4565.7607 9 11 9
-192.2747 -443.1474 4565.7607 8 12 8
-188.6123 -443.1474 4565.7607 8 12 8
-184.6857 -442.5143 4559.2383 9 11 9
-181.0286 -442.5143 4559.2383 11 12 10
-177.6252 -443.1474 4565.7607 10 12 9
-173.9628 -443.1474 4565.7607 10 12 7
-170.3004 -443.1474 4565.7607 10 14 9
-166.6381 -443.1474 4565.7607 10 15 9
-162.9757 -443.1474 4565.7607 11 14 8
-159.3133 -443.1474 4565.7607 11 13 8
-155.6509 -443.1474 4565.7607 10 12 8
-151.9886 -443.1474 4565.7607 10 12 9
-148.1143 -442.5143 4559.2383 10 12 10
-144.4572 -442.5143 4559.2383 10 13 8
-140.8000 -442.5143 4559.2383 10 13 8
-137.1429 -442.5143 4559.2383 10 14 8
-133.6767 -443.1474 4565.7607 10 13 8
-130.0143 -443.1474 4565.7607 11 13 8
-126.5330 -443.7822 4572.3018 12 13 9
-122.6896 -443.1474 4565.7607 11 13 10
-119.3687 -444.4189 4578.8618 9 13 8
-115.6958 -444.4189 4578.8618 10 13 8
-112.0230 -444.4189 4578.8618 11 13 10
-108.3501 -444.4189 4578.8618 11 13 10
-104.5272 -443.7822 4572.3018 9 13 8
-100.8596 -443.7822 4572.3018 8 13 6
-97.1920 -443.7822 4572.3018 8 11 7
-93.6585 -444.4189 4578.8618 10 11 8
-89.9857 -444.4189 4578.8618 10 11 8
-86.1891 -443.7822 4572.3018 10 12 8
-60.6026 -444.4189 4578.8618 10 13 9
-57.0935 -445.6979 4592.0386 10 13 10
-53.4101 -445.6979 4592.0386 10 14 10
-49.7983 -446.3401 4598.6553 10 14 10
-46.1760 -446.9841 4605.2910 12 14 13
-42.3597 -445.6979 4592.0386 12 16 12
-38.5653 -444.4189 4578.8618 11 16 10
7.4766 -361.8692 3728.3491 16 19 13
10.4307 -360.6054 3715.3279 12 17 11
13.3798 -359.7677 3706.6978 12 16 11
16.2775 -358.1041 3689.5569 11 15 10
19.1926 -357.2780 3681.0459 11 16 11
22.0944 -356.4557 3672.5740 12 16 10
25.0691 -356.8664 3676.8049 17 17 13
51.9298 -339.6491 3499.4153 124 128 127
54.5574 -338.5356 3487.9419 97 102 106
57.3552 -338.5356 3487.9419 71 75 85
59.9564 -337.4292 3476.5432 61 65 80
62.6087 -336.6957 3468.9856 53 56 72
65.3203 -336.3301 3465.2190 53 57 74
67.9523 -335.6013 3457.7104 40 46 67
70.5730 -334.8757 3450.2344 39 45 66
73.2613 -334.5140 3446.5083 36 41 62
75.6989 -333.0753 3431.6846 37 39 62
78.2833 -332.3605 3424.3206 36 40 64
80.8565 -331.6489 3416.9880 35 40 64
83.5080 -331.2941 3413.3335 36 41 63
86.2460 -331.2941 3413.3335 34 39 58
88.6994 -330.2346 3402.4165 32 37 56
91.1371 -329.1817 3391.5693 32 37 56
93.7580 -328.8323 3387.9690 30 34 53
96.0677 -327.4419 3373.6436 32 35 52
98.5654 -326.7511 3366.5261 31 34 52
101.0526 -326.0632 3359.4387 29 32 47
103.4208 -325.0367 3348.8633 32 36 52
105.7741 -324.0168 3338.3542 29 32 50
108.4519 -324.0168 3338.3542 28 31 45
110.8977 -323.3403 3331.3850 28 30 44
113.3333 -322.6667 3324.4446 27 30 41
116.0000 -322.6667 3324.4446 27 29 42
118.5432 -322.3309 3320.9851 27 29 43
121.2071 -322.3309 3320.9851 25 29 40
123.8710 -322.3309 3320.9851 24 29 38
126.5349 -322.3309 3320.9851 25 30 40
129.1988 -322.3309 3320.9851 24 27 39
131.8627 -322.3309 3320.9851 24 27 35
134.2471 -321.6615 3314.0879 26 27 37
137.0478 -321.9959 3317.5330 27 30 41
139.8543 -322.3309 3320.9851 27 30 41
142.3701 -321.9959 3317.5330 26 28 38
145.3333 -322.6667 3324.4446 23 26 36
148.0000 -322.6667 3324.4446 24 26 34
150.6667 -322.6667 3324.4446 25 25 35
153.4932 -323.0031 3327.9111 24 26 36
156.1627 -323.0031 3327.9111 22 25 33
158.8321 -323.0031 3327.9111 22 24 31
161.5016 -323.0031 3327.9111 21 23 30
164.1710 -323.0031 3327.9111 23 23 31
166.8405 -323.0031 3327.9111 23 22 29
169.6869 -323.3403 3331.3850 24 24 32
172.3591 -323.3403 3331.3850 23 23 31
175.2142 -323.6782 3334.8660 23 22 31
177.8893 -323.6782 3334.8660 23 23 30
180.5643 -323.6782 3334.8660 22 21 29
183.2393 -323.6782 3334.8660 19 21 27
185.9143 -323.6782 3334.8660 19 21 26
188.5894 -323.6782 3334.8660 21 24 29
191.2644 -323.6782 3334.8660 21 22 29
193.9394 -323.6782 3334.8660 20 20 27
196.6144 -323.6782 3334.8660 21 21 28
199.0814 -323.3403 3331.3850 21 22 28
201.9645 -323.6782 3334.8660 18 20 26
204.4259 -323.3403 3331.3850 18 19 24
207.0981 -323.3403 3331.3850 18 19 24
209.7704 -323.3403 3331.3850 17 19 23
212.2211 -323.0031 3327.9111 19 20 24
214.8905 -323.0031 3327.9111 19 20 24
217.5600 -323.0031 3327.9111 18 20 23
220.2294 -323.0031 3327.9111 18 19 22
222.8989 -323.0031 3327.9111 18 17 21
225.3333 -322.6667 3324.4446 20 19 24
227.7628 -322.3309 3320.9851 19 20 22
230.4267 -322.3309 3320.9851 19 20 24
233.0905 -322.3309 3320.9851 18 19 24
235.7544 -322.3309 3320.9851 19 19 24
238.4183 -322.3309 3320.9851 21 21 26
241.0822 -322.3309 3320.9851 22 22 26
243.7461 -322.3309 3320.9851 21 21 25
246.9239 -323.0031 3327.9111 21 21 25
261.1417 -327.4419 3373.6436 27 27 31
264.6872 -328.4836 3384.3762 22 21 25
268.5410 -329.8829 3398.7932 20 20 25
271.8463 -330.5870 3406.0479 22 23 27
274.5785 -330.5870 3406.0479 23 24 27
277.3106 -330.5870 3406.0479 20 21 25
280.3419 -330.9402 3409.6868 20 21 25
283.0770 -330.9402 3409.6868 20 20 25
286.1177 -331.2941 3413.3335 20 20 25
289.1649 -331.6489 3416.9880 18 19 23
292.5322 -332.3605 3424.3206 16 17 22
295.9140 -333.0753 3431.6846 18 19 23
299.3104 -333.7931 3439.0806 18 18 22
302.7214 -334.5140 3446.5083 17 18 22
306.4789 -335.6013 3457.7104 16 18 23
309.5879 -335.9653 3461.4607 18 21 25
313.0435 -336.6957 3468.9856 18 19 24
315.8261 -336.6957 3468.9856 16 19 23
319.6511 -337.7972 3480.3345 17 20 23
323.8554 -339.2772 3495.5825 15 19 23
327.7363 -340.3956 3507.1062 15 19 22
331.6428 -341.5215 3518.7065 18 19 23
357.1068 -355.6372 3664.1409 24 23 30
360.0459 -355.6372 3664.1409 27 26 32
362.5688 -355.2294 3659.9390 35 34 38
365.5046 -355.2294 3659.9390 64 63 53
368.4404 -355.2294 3659.9390 120 105 83
371.3762 -355.2294 3659.9390 152 116 83
518.8107 -484.7574 4994.4707 103 72 35
522.8170 -484.7574 4994.4707 112 85 45
526.0001 -484.0000 4986.6670 154 130 79
530.8295 -484.7574 4994.4707 138 106 55
534.8357 -484.7574 4994.4707 132 100 54
538.8420 -484.7574 4994.4707 104 71 31
542.0001 -484.0000 4986.6670 133 101 62
546.0001 -484.0000 4986.6670 134 99 66
549.1420 -483.2450 4978.8872 134 94 63
552.2742 -482.4922 4971.1318 139 93 61
555.3966 -481.7419 4963.4009 145 94 59
557.6434 -480.2481 4948.0103 144 93 54
559.8764 -478.7636 4932.7153 143 94 50
562.9630 -478.0247 4925.1030 142 98 50
566.0401 -477.2881 4917.5142 141 104 53
569.1077 -476.5539 4909.9487 143 110 56
572.1660 -475.8218 4902.4067 144 109 55
575.2148 -475.0921 4894.8877 143 107 52
579.1412 -475.0921 4894.8877 138 103 50
581.2844 -473.6392 4879.9185 128 92 50
584.3054 -472.9161 4872.4683 124 85 50
587.3171 -472.1952 4865.0410 129 83 49
591.2195 -472.1952 4865.0410 138 84 51
594.2161 -471.4764 4857.6357 137 92 58
598.1126 -471.4764 4857.6357 117 81 42
601.0942 -470.7599 4850.2534 133 99 48
604.9849 -470.7599 4850.2534 147 112 59
608.8754 -470.7599 4850.2534 131 99 46
611.8362 -470.0456 4842.8936 147 120 75
615.7208 -470.0456 4842.8936 130 104 59
618.6667 -469.3334 4835.5557 135 106 58
621.6037 -468.6233 4828.2402 129 96 47
625.4766 -468.6233 4828.2402 123 84 38
628.3989 -467.9154 4820.9468 136 96 46
632.2659 -467.9154 4820.9468 140 102 47
635.1735 -467.2097 4813.6753 140 103 47
638.0723 -466.5060 4806.4258 136 100 44
641.9277 -466.5060 4806.4258 131 96 42
644.8121 -465.8046 4799.1982 128 92 41
648.6617 -465.8046 4799.1982 126 90 39
651.5316 -465.1051 4791.9922 127 90 39
655.3754 -465.1051 4791.9922 128 90 41
659.2193 -465.1051 4791.9922 125 88 40
662.0690 -464.4078 4784.8076 123 86 39
665.9070 -464.4078 4784.8076 119 86 41
669.7452 -464.4078 4784.8076 117 84 48
674.5947 -465.1051 4791.9922 121 83 54
678.4385 -465.1051 4791.9922 116 72 46
682.2823 -465.1051 4791.9922 145 102 70
686.1262 -465.1051 4791.9922 138 94 52
689.9700 -465.1051 4791.9922 146 111 62
693.8138 -465.1051 4791.9922 135 100 48
697.6577 -465.1051 4791.9922 145 108 49
701.5015 -465.1051 4791.9922 128 90 40
706.4061 -465.8046 4799.1982 107 71 32
710.2557 -465.8046 4799.1982 78 49 23
714.1053 -465.8046 4799.1982 79 50 22
717.9550 -465.8046 4799.1982 109 75 33
721.8046 -465.8046 4799.1982 120 89 46
725.6542 -465.8046 4799.1982 102 65 31
729.5038 -465.8046 4799.1982 109 64 33
732.2523 -465.1051 4791.9922 123 79 41
736.0961 -465.1051 4791.9922 138 95 43
741.0527 -465.8046 4799.1982 140 98 42
743.7839 -465.1051 4791.9922 140 100 45
747.6277 -465.1051 4791.9922 131 95 44
751.4716 -465.1051 4791.9922 127 94 45
755.3154 -465.1051 4791.9922 128 95 46
759.1592 -465.1051 4791.9922 129 97 47
764.1505 -465.8046 4799.1982 129 95 45
766.8469 -465.1051 4791.9922 126 94 44
771.8497 -465.8046 4799.1982 122 90 41
776.8675 -466.5060 4806.4258 120 86 39
780.7230 -466.5060 4806.4258 116 82 36
785.7617 -467.2097 4813.6753 106 72 30
789.6230 -467.2097 4813.6753 106 64 30
793.4842 -467.2097 4813.6753 117 66 35
798.5499 -467.9154 4820.9468 113 64 31
802.4169 -467.9154 4820.9468 110 66 30
806.2840 -467.9154 4820.9468 119 79 36
810.1511 -467.9154 4820.9468 132 95 44
815.2497 -468.6233 4828.2402 128 92 40
819.1226 -468.6233 4828.2402 132 98 46
822.9955 -468.6233 4828.2402 126 90 39
828.1213 -469.3334 4835.5557 126 89 39
832.0001 -469.3334 4835.5557 127 93 43
835.8788 -469.3334 4835.5557 116 84 39
841.0319 -470.0456 4842.8936 94 62 28
844.9166 -470.0456 4842.8936 88 54 29
850.0912 -470.7599 4850.2534 85 52 27
855.2816 -471.4764 4857.6357 88 52 28
-218.2235 -447.4499 4572.3018 8 12 8
-213.9429 -446.1714 4559.2383 8 12 8
-209.6866 -444.9003 4546.2490 9 11 8
-206.0399 -444.9003 4546.2490 9 11 7
-202.6819 -445.5350 4552.7344 9 11 9
-199.0300 -445.5350 4552.7344 8 12 9
-195.6572 -446.1714 4559.2383 8 12 8
-192.0000 -446.1714 4559.2383 9 13 8
-188.3429 -446.1714 4559.2383 9 13 9
-184.4223 -445.5350 4552.7344 11 13 10
-180.7703 -445.5350 4552.7344 12 13 10
-177.3714 -446.1714 4559.2383 11 13 9
-173.7143 -446.1714 4559.2383 11 14 9
-170.3004 -446.8098 4565.7607 10 13 9
-166.6381 -446.8098 4565.7607 10 14 9
-162.9757 -446.8098 4565.7607 12 14 10
-159.0857 -446.1714 4559.2383 11 12 8
-155.4286 -446.1714 4559.2383 10 12 8
-151.7714 -446.1714 4559.2383 10 12 9
-148.1143 -446.1714 4559.2383 10 12 9
-144.4572 -446.1714 4559.2383 9 13 9
-140.8000 -446.1714 4559.2383 9 13 9
-137.1429 -446.1714 4559.2383 11 13 8
-133.4857 -446.1714 4559.2383 12 13 9
-130.0143 -446.8098 4565.7607 11 13 8
-126.5330 -447.4499 4572.3018 11 13 10
-122.8653 -447.4499 4572.3018 10 13 11
-119.3687 -448.0918 4578.8618 9 13 9
-115.6958 -448.0918 4578.8618 10 12 8
-111.8625 -447.4499 4572.3018 10 12 8
-108.3501 -448.0918 4578.8618 10 13 10
-104.5272 -447.4499 4572.3018 10 14 11
-100.8596 -447.4499 4572.3018 8 13 8
-97.1920 -447.4499 4572.3018 9 12 7
-93.5244 -447.4499 4572.3018 10 11 8
-89.8567 -447.4499 4572.3018 10 12 9
-86.1891 -447.4499 4572.3018 11 11 8
-82.5215 -447.4499 4572.3018 8 12 9
-78.8539 -447.4499 4572.3018 10 12 9
-75.1862 -447.4499 4572.3018 11 14 9
-71.5186 -447.4499 4572.3018 11 16 10
-67.8510 -447.4499 4572.3018 12 15 10
-64.1834 -447.4499 4572.3018 11 14 10
-60.6026 -448.0918 4578.8618 11 13 10
-57.0115 -448.7357 4585.4409 11 12 8
-53.3333 -448.7357 4585.4409 11 13 9
-49.7266 -449.3813 4592.0386 11 14 9
-46.0432 -449.3813 4592.0386 12 14 11
-42.3597 -449.3813 4592.0386 13 15 12
-38.5653 -448.0918 4578.8618 13 16 11
-34.6439 -444.9003 4546.2490 13 14 10
7.4679 -364.4341 3723.9985 16 17 13
10.4186 -363.1628 3711.0078 13 15 12
13.3643 -362.3202 3702.3977 13 14 13
16.2775 -361.0636 3689.5569 13 14 11
19.1926 -360.2307 3681.0459 11 13 10
22.0690 -358.9885 3668.3525 12 13 12
25.0691 -359.8157 3676.8049 20 20 20
51.8730 -342.0811 3495.5825 185 191 187
54.4978 -340.9607 3484.1340 183 189 183
57.2301 -340.5889 3480.3345 167 173 167
59.8912 -339.8477 3472.7603 159 165 159
62.5407 -339.1097 3465.2190 144 150 144
65.3203 -339.1097 3465.2190 133 139 136
67.9523 -338.3749 3457.7104 107 114 114
70.4968 -337.2786 3446.5083 77 82 89
73.1035 -336.5518 3439.0806 65 68 78
75.6176 -335.4673 3427.9988 65 68 79
78.1994 -334.7481 3420.6504 57 60 73
80.8565 -334.3897 3416.9880 47 51 66
83.4188 -333.6752 3409.6868 42 46 61
86.1539 -333.6752 3409.6868 44 47 62
88.6994 -332.9638 3402.4165 44 49 65
91.2340 -332.2553 3395.1775 34 38 56
93.6585 -331.1983 3384.3762 31 35 52
95.9662 -329.7994 3370.0811 33 36 53
98.5654 -329.4515 3366.5261 33 35 51
101.0526 -328.7579 3359.4387 30 33 47
103.4208 -327.7230 3348.8633 30 33 47
105.8848 -327.0367 3341.8501 30 33 46
108.5655 -327.0367 3341.8501 27 30 44
111.0136 -326.3532 3334.8660 29 31 45
113.4515 -325.6726 3327.9111 28 30 43
116.1210 -325.6726 3327.9111 27 29 42
118.6667 -325.3334 3324.4446 28 31 44
121.3333 -325.3334 3324.4446 30 32 42
124.0000 -325.3334 3324.4446 29 31 41
126.5349 -324.9948 3320.9851 30 32 43
129.1988 -324.9948 3320.9851 25 28 36
131.8627 -324.9948 3320.9851 24 26 33
134.3867 -324.6570 3317.5330 24 27 34
137.0478 -324.6570 3317.5330 22 26 33
139.8543 -324.9948 3320.9851 24 25 35
142.3701 -324.6570 3317.5330 25 25 35
145.3333 -325.3334 3324.4446 21 23 32
148.0000 -325.3334 3324.4446 23 25 33
150.6667 -325.3334 3324.4446 23 23 33
153.4932 -325.6726 3327.9111 22 24 33
156.0000 -325.3334 3324.4446 22 25 33
158.8321 -325.6726 3327.9111 22 24 31
161.5016 -325.6726 3327.9111 21 21 29
164.1710 -325.6726 3327.9111 22 23 31
166.8405 -325.6726 3327.9111 21 21 28
169.6869 -326.0125 3331.3850 23 24 31
172.3591 -326.0125 3331.3850 21 22 30
175.2142 -326.3532 3334.8660 21 22 30
177.7036 -326.0125 3331.3850 22 23 30
180.5643 -326.3532 3334.8660 22 22 29
183.2393 -326.3532 3334.8660 20 20 27
185.9143 -326.3532 3334.8660 21 21 29
188.5894 -326.3532 3334.8660 20 22 29
191.2644 -326.3532 3334.8660 17 19 26
193.9394 -326.3532 3334.8660 18 18 26
196.4092 -326.0125 3331.3850 18 18 26
199.0814 -326.0125 3331.3850 17 19 25
201.7537 -326.0125 3331.3850 15 18 23
204.4259 -326.0125 3331.3850 15 17 22
207.0981 -326.0125 3331.3850 15 17 22
209.7704 -326.0125 3331.3850 15 17 22
212.2211 -325.6726 3327.9111 16 16 21
214.8905 -325.6726 3327.9111 14 16 20
217.5600 -325.6726 3327.9111 15 16 20
220.2294 -325.6726 3327.9111 14 16 20
222.8989 -325.6726 3327.9111 15 16 20
225.3333 -325.3334 3324.4446 15 15 21
227.7628 -324.9948 3320.9851 15 16 20
230.4267 -324.9948 3320.9851 13 16 20
233.0905 -324.9948 3320.9851 14 16 20
235.7544 -324.9948 3320.9851 14 14 20
238.6667 -325.3334 3324.4446 16 15 21
241.3334 -325.3334 3324.4446 17 17 21
244.0000 -325.3334 3324.4446 16 15 20
246.9239 -325.6726 3327.9111 16 16 19
256.2684 -327.3795 3345.3530 16 16 21
261.1417 -330.1480 3373.6436 17 17 22
264.6872 -331.1983 3384.3762 16 16 21
268.5410 -332.6092 3398.7932 15 16 21
271.5565 -332.9638 3402.4165 15 17 21
274.5785 -333.3191 3406.0479 16 16 20
277.3106 -333.3191 3406.0479 17 17 23
280.3419 -333.6752 3409.6868 15 16 22
283.0770 -333.6752 3409.6868 15 17 22
286.1177 -334.0321 3413.3335 16 18 22
288.8557 -334.0321 3413.3335 20 21 25
292.2187 -334.7481 3420.6504 17 18 23
295.5962 -335.4673 3427.9988 18 18 25
298.9882 -336.1895 3435.3787 15 17 21
302.7214 -337.2786 3446.5083 17 18 22
306.1472 -338.0087 3453.9683 16 17 23
309.2525 -338.3749 3457.7104 17 20 25
312.7036 -339.1097 3465.2190 18 19 24
315.8261 -339.4783 3468.9856 19 19 25
319.6511 -340.5889 3480.3345 19 19 26
323.5011 -341.7068 3491.7578 19 20 28
327.7363 -343.2088 3507.1062 19 19 26
331.2776 -343.9648 3514.8313 20 20 26
354.1676 -358.5764 3664.1409 26 28 30
357.5173 -358.9885 3668.3525 40 41 39
360.0459 -358.5764 3664.1409 57 58 51
362.9851 -358.5764 3664.1409 84 84 69
365.5046 -358.1652 3659.9390 117 114 88
368.4404 -358.1652 3659.9390 139 120 92
371.3762 -358.1652 3659.9390 130 92 64
542.8482 -488.7637 4994.4707 138 108 59
546.0001 -488.0001 4986.6670 145 114 65
550.0001 -488.0001 4986.6670 151 120 73
553.1357 -487.2387 4978.8872 152 117 73
556.2617 -486.4797 4971.1318 150 106 68
558.5094 -484.9690 4955.6938 151 103 69
560.7431 -483.4675 4940.3511 156 102 69
563.8331 -482.7203 4932.7153 153 95 61
566.0401 -481.2327 4917.5142 142 88 52
569.1077 -480.4923 4909.9487 127 80 42
572.1660 -479.7543 4902.4067 118 79 40
576.0983 -479.7543 4902.4067 115 83 43
579.1412 -479.0185 4894.8877 115 83 45
581.2844 -477.5535 4879.9185 120 81 48
585.1988 -477.5535 4879.9185 131 83 50
588.2138 -476.8244 4872.4683 140 86 50
591.2195 -476.0976 4865.0410 141 91 57
595.1220 -476.0976 4865.0410 121 83 45
598.1126 -475.3729 4857.6357 131 95 45
602.0092 -475.3729 4857.6357 151 117 60
604.9849 -474.6505 4850.2534 139 104 47
608.8754 -474.6505 4850.2534 154 124 70
612.7660 -474.6505 4850.2534 153 126 75
615.7208 -473.9302 4842.8936 135 106 54
619.6055 -473.9302 4842.8936 137 106 59
622.5455 -473.2122 4835.5557 101 64 29
625.4766 -472.4962 4828.2402 87 44 20
629.3495 -472.4962 4828.2402 89 46 23
633.2224 -472.4962 4828.2402 98 56 29
636.1330 -471.7825 4820.9468 113 70 37
639.0347 -471.0709 4813.6753 126 82 41
642.8959 -471.0709 4813.6753 136 93 45
645.7831 -470.3615 4806.4258 141 101 46
648.6617 -469.6542 4799.1982 141 103 47
652.5114 -469.6542 4799.1982 136 99 43
656.3610 -469.6542 4799.1982 127 91 39
660.2106 -469.6542 4799.1982 120 86 39
663.0631 -468.9490 4791.9922 114 81 37
666.9069 -468.9490 4791.9922 110 77 38
670.7508 -468.9490 4791.9922 118 81 51
674.5947 -468.9490 4791.9922 114 72 43
678.4385 -468.9490 4791.9922 141 98 68
682.2823 -468.9490 4791.9922 134 89 52
686.1262 -468.9490 4791.9922 144 108 60
691.0076 -469.6542 4799.1982 138 102 51
694.8572 -469.6542 4799.1982 145 109 50
698.7068 -469.6542 4799.1982 129 92 39
702.5565 -469.6542 4799.1982 110 74 34
706.4061 -469.6542 4799.1982 82 51 22
710.2557 -469.6542 4799.1982 89 58 27
714.1053 -469.6542 4799.1982 114 77 32
717.9550 -469.6542 4799.1982 128 96 48
721.8046 -469.6542 4799.1982 116 79 40
725.6542 -469.6542 4799.1982 122 73 37
729.5038 -469.6542 4799.1982 127 74 38
733.3535 -469.6542 4799.1982 119 70 34
737.2031 -469.6542 4799.1982 118 69 35
741.0527 -469.6542 4799.1982 118 71 37
744.9023 -469.6542 4799.1982 121 76 40
748.7520 -469.6542 4799.1982 120 78 42
752.6016 -469.6542 4799.1982 118 80 43
756.4512 -469.6542 4799.1982 115 80 41
760.3008 -469.6542 4799.1982 110 79 40
765.3012 -470.3615 4806.4258 110 80 40
768.0001 -469.6542 4799.1982 111 83 42
773.0121 -470.3615 4806.4258 110 81 41
776.8675 -470.3615 4806.4258 106 76 38
781.9005 -471.0709 4813.6753 102 70 33
785.7617 -471.0709 4813.6753 106 63 32
789.6230 -471.0709 4813.6753 115 65 35
794.6828 -471.7825 4820.9468 110 63 32
798.5499 -471.7825 4820.9468 109 66 31
802.4169 -471.7825 4820.9468 120 81 36
807.5038 -472.4962 4828.2402 130 94 42
811.3768 -472.4962 4828.2402 130 94 40
815.2497 -472.4962 4828.2402 133 97 44
819.1226 -472.4962 4828.2402 124 88 38
822.9955 -472.4962 4828.2402 130 92 40
828.1213 -473.2122 4835.5557 128 93 40
833.2626 -473.9302 4842.8936 127 93 43
837.1473 -473.9302 4842.8936 124 90 41
841.0319 -473.9302 4842.8936 121 88 41
846.2007 -474.6505 4850.2534 100 69 32
851.3851 -475.3729 4857.6357 78 51 23
856.5854 -476.0976 4865.0410 75 47 23
-217.9113 -450.4721 4565.7607 10 13 7
-213.6377 -449.1869 4552.7344 9 12 6
-209.6866 -448.5470 4546.2490 9 12 6
-206.0399 -448.5470 4546.2490 7 11 6
-202.3932 -448.5470 4546.2490 8 11 7
-199.0300 -449.1869 4552.7344 8 11 7
-195.3780 -449.1869 4552.7344 8 13 7
-191.7261 -449.1869 4552.7344 9 13 7
-188.3429 -449.8286 4559.2383 9 12 8
-184.6857 -449.8286 4559.2383 10 11 8
-180.7703 -449.1869 4552.7344 11 11 8
-177.3714 -449.8286 4559.2383 11 12 8
-173.7143 -449.8286 4559.2383 11 14 10
-170.0572 -449.8286 4559.2383 12 14 10
-166.6381 -450.4721 4565.7607 11 13 8
-162.9757 -450.4721 4565.7607 11 13 9
-159.0857 -449.8286 4559.2383 10 12 9
-155.4286 -449.8286 4559.2383 9 11 8
-151.7714 -449.8286 4559.2383 9 12 8
-148.1143 -449.8286 4559.2383 8 12 8
-144.4572 -449.8286 4559.2383 7 13 7
-140.8000 -449.8286 4559.2383 8 13 7
-137.1429 -449.8286 4559.2383 10 13 8
-133.4857 -449.8286 4559.2383 11 13 9
-130.0143 -450.4721 4565.7607 11 13 9
-126.5330 -451.1175 4572.3018 10 13 9
-122.8653 -451.1175 4572.3018 9 13 8
-119.3687 -451.7647 4578.8618 10 13 7
-115.6958 -451.7647 4578.8618 9 12 7
-111.8625 -451.1175 4572.3018 9 12 8
-108.3501 -451.7647 4578.8618 10 12 10
-104.5272 -451.1175 4572.3018 10 12 10
-100.8596 -451.1175 4572.3018 10 12 9
-97.1920 -451.1175 4572.3018 10 12 9
-93.6585 -451.7647 4578.8618 10 11 9
-89.9857 -451.7647 4578.8618 9 12 8
-86.1891 -451.1175 4572.3018 11 11 6
-82.5215 -451.1175 4572.3018 9 12 7
-78.8539 -451.1175 4572.3018 9 13 9
-75.1862 -451.1175 4572.3018 11 13 9
-71.6212 -451.7647 4578.8618 13 15 11
-67.8510 -451.1175 4572.3018 12 15 9
-64.2755 -451.7647 4578.8618 10 14 8
-60.6026 -451.7647 4578.8618 9 12 7
-57.0115 -452.4138 4585.4409 9 12 7
-53.3333 -452.4138 4585.4409 10 13 7
-49.6552 -452.4138 4585.4409 12 14 9
-46.0432 -453.0648 4592.0386 12 14 10
-42.2989 -452.4138 4585.4409 12 14 10
-38.5653 -451.7647 4578.8618 13 14 10
-34.7429 -449.8286 4559.2383 13 14 9
7.4766 -367.8505 3728.3491 12 15 10
10.4429 -366.9930 3719.6582 12 15 11
13.3643 -365.2900 3702.3977 13 14 12
16.2775 -364.0231 3689.5569 13 14 10
19.1926 -363.1834 3681.0459 11 13 9
22.0944 -362.3475 3672.5740 13 14 10
25.0980 -363.1834 3681.0459 22 23 19
51.7596 -344.1312 3487.9419 171 177 178
54.4384 -343.3806 3480.3345 175 181 178
57.2301 -343.3806 3480.3345 172 179 173
59.8261 -342.2609 3468.9856 179 186 181
62.5407 -341.8893 3465.2190 177 183 180
65.3203 -341.8893 3465.2190 183 189 185
67.9523 -341.1484 3457.7104 183 190 184
70.4968 -340.0432 3446.5083 176 181 174
73.0248 -338.9451 3435.3787 164 168 163
75.5365 -337.8541 3424.3206 165 171 165
78.1994 -337.4920 3420.6504 150 156 150
80.8565 -337.1306 3416.9880 135 140 134
83.5080 -336.7701 3413.3335 129 133 126
86.1539 -336.4103 3409.6868 114 117 111
88.6994 -335.6930 3402.4165 98 102 99
91.2340 -334.9788 3395.1775 81 85 85
93.6585 -333.9131 3384.3762 64 67 71
95.8650 -332.1519 3366.5261 59 61 71
98.6695 -332.5027 3370.0811 46 48 61
101.1591 -331.8019 3362.9788 45 48 59
103.5294 -330.7563 3352.3811 45 47 57
105.9958 -330.0629 3345.3530 41 43 52
108.6793 -330.0629 3345.3530 40 43 51
111.1297 -329.3724 3338.3542 45 48 57
113.5699 -328.6848 3331.3850 39 42 52
116.2422 -328.6848 3331.3850 35 38 47
118.7904 -328.3420 3327.9111 36 38 47
121.4599 -328.3420 3327.9111 34 34 42
124.1293 -328.3420 3327.9111 27 29 37
126.6667 -328.0000 3324.4446 29 31 41
129.3333 -328.0000 3324.4446 26 30 37
132.0000 -328.0000 3324.4446 27 29 37
134.5265 -327.6587 3320.9851 28 29 37
137.0478 -327.3181 3317.5330 26 27 34
139.8543 -327.6587 3320.9851 25 28 35
142.3701 -327.3181 3317.5330 27 30 38
145.1821 -327.6587 3320.9851 23 26 34
147.8460 -327.6587 3320.9851 25 26 35
150.6667 -328.0000 3324.4446 25 25 32
153.3333 -328.0000 3324.4446 24 25 31
156.0000 -328.0000 3324.4446 24 27 33
158.6667 -328.0000 3324.4446 26 27 34
161.3333 -328.0000 3324.4446 22 23 31
164.0000 -328.0000 3324.4446 21 24 30
166.6667 -328.0000 3324.4446 20 24 28
169.3333 -328.0000 3324.4446 21 24 29
172.0000 -328.0000 3324.4446 21 22 30
174.8488 -328.3420 3327.9111 23 22 31
177.5183 -328.3420 3327.9111 21 21 29
180.1877 -328.3420 3327.9111 21 22 28
183.0480 -328.6848 3331.3850 21 22 27
185.5266 -328.3420 3327.9111 22 21 29
188.3925 -328.6848 3331.3850 20 21 28
191.0647 -328.6848 3331.3850 17 18 24
193.7370 -328.6848 3331.3850 16 17 22
196.2044 -328.3420 3327.9111 16 17 22
198.8738 -328.3420 3327.9111 15 16 21
201.7537 -328.6848 3331.3850 15 15 20
204.2127 -328.3420 3327.9111 16 17 21
206.8822 -328.3420 3327.9111 14 16 21
209.5516 -328.3420 3327.9111 17 18 23
212.2211 -328.3420 3327.9111 16 17 22
214.8905 -328.3420 3327.9111 13 15 20
217.5600 -328.3420 3327.9111 15 15 20
220.2294 -328.3420 3327.9111 13 16 19
222.8989 -328.3420 3327.9111 13 15 18
225.3333 -328.0000 3324.4446 15 14 20
227.7628 -327.6587 3320.9851 14 15 19
230.4267 -327.6587 3320.9851 14 16 20
233.3334 -328.0000 3324.4446 15 15 20
236.0000 -328.0000 3324.4446 16 15 21
238.6667 -328.0000 3324.4446 15 16 20
241.5850 -328.3420 3327.9111 15 15 20
244.2545 -328.3420 3327.9111 15 15 19
247.1817 -328.6848 3331.3850 15 14 19
250.1150 -329.0282 3334.8660 15 15 20
253.5849 -330.0629 3345.3530 16 15 20
256.2684 -330.0629 3345.3530 16 15 19
261.1417 -332.8542 3373.6436 15 15 20
264.4068 -333.5593 3380.7910 15 15 19
268.5410 -335.3355 3398.7932 14 15 20
271.5565 -335.6930 3402.4165 13 15 20
274.2857 -335.6930 3402.4165 15 16 20
277.3106 -336.0512 3406.0479 15 16 20
280.3419 -336.4103 3409.6868 14 14 20
283.0770 -336.4103 3409.6868 15 15 21
286.1177 -336.7701 3413.3335 17 17 23
288.8557 -336.7701 3413.3335 20 20 26
292.2187 -337.4920 3420.6504 18 19 24
295.5962 -338.2170 3427.9988 18 18 24
298.6667 -338.5807 3431.6846 17 18 23
302.3948 -339.6764 3442.7905 19 18 24
306.1472 -340.7792 3453.9683 18 19 24
309.2525 -341.1484 3457.7104 19 21 25
312.7036 -341.8893 3465.2190 18 21 23
315.8261 -342.2609 3468.9856 24 24 26
319.6511 -343.3806 3480.3345 30 30 29
323.5011 -344.5077 3491.7578 32 32 32
327.7363 -346.0220 3507.1062 30 31 31
331.2776 -346.7842 3514.8313 37 36 36
354.5747 -361.9311 3668.3525 76 77 65
357.5173 -361.9311 3668.3525 103 103 85
360.0459 -361.5155 3664.1409 118 117 94
362.9851 -361.5155 3664.1409 126 123 99
365.5046 -361.1010 3659.9390 124 118 97
368.8634 -361.5155 3664.1409 122 96 75
371.3762 -361.1010 3659.9390 98 61 35
542.8482 -492.7700 4994.4707 153 121 71
546.0001 -492.0001 4986.6670 154 122 68
550.0001 -492.0001 4986.6670 150 119 66
553.1357 -491.2325 4978.8872 150 120 66
556.2617 -490.4673 4971.1318 157 124 73
558.5094 -488.9441 4955.6938 156 122 75
560.7431 -487.4304 4940.3511 154 116 73
563.8331 -486.6770 4932.7153 153 106 66
566.9136 -485.9260 4925.1030 154 102 65
569.9846 -485.1772 4917.5142 151 94 59
573.0462 -484.4308 4909.9487 145 88 52
576.0983 -483.6866 4902.4067 130 80 43
580.0308 -483.6866 4902.4067 115 72 39
582.1746 -482.2053 4887.3916 112 68 38
585.1988 -481.4679 4879.9185 128 79 46
588.2138 -480.7329 4872.4683 146 94 57
592.1221 -480.7329 4872.4683 118 79 43
595.1220 -480.0001 4865.0410 126 90 46
599.0245 -480.0001 4865.0410 144 110 56
602.0092 -479.2694 4857.6357 141 107 51
605.9056 -479.2694 4857.6357 147 115 60
609.8022 -479.2694 4857.6357 162 132 79
612.7660 -478.5411 4850.2534 138 109 56
616.6566 -478.5411 4850.2534 145 116 64
619.6055 -477.8149 4842.8936 122 88 40
622.5455 -477.0910 4835.5557 113 77 31
626.4243 -477.0910 4835.5557 118 80 35
629.3495 -476.3692 4828.2402 108 68 31
634.1819 -477.0910 4835.5557 102 59 28
637.0953 -476.3692 4828.2402 106 59 31
640.0001 -475.6496 4820.9468 110 61 33
642.8959 -474.9322 4813.6753 112 64 33
646.7572 -474.9322 4813.6753 125 74 39
649.6386 -474.2169 4806.4258 134 79 41
653.4940 -474.2169 4806.4258 129 77 34
657.3494 -474.2169 4806.4258 117 72 27
660.2106 -473.5038 4799.1982 110 71 28
664.0602 -473.5038 4799.1982 109 74 37
666.9069 -472.7928 4791.9922 112 75 47
670.7508 -472.7928 4791.9922 109 64 41
675.6091 -473.5038 4799.1982 137 92 61
678.4385 -472.7928 4791.9922 132 86 48
682.2823 -472.7928 4791.9922 143 105 57
687.1580 -473.5038 4799.1982 138 102 53
691.0076 -473.5038 4799.1982 144 107 51
694.8572 -473.5038 4799.1982 130 91 40
698.7068 -473.5038 4799.1982 113 78 38
702.5565 -473.5038 4799.1982 84 55 24
706.4061 -473.5038 4799.1982 84 51 23
710.2557 -473.5038 4799.1982 112 75 33
714.1053 -473.5038 4799.1982 130 98 48
717.9550 -473.5038 4799.1982 120 88 42
721.8046 -473.5038 4799.1982 116 79 34
725.6542 -473.5038 4799.1982 124 83 35
729.5038 -473.5038 4799.1982 126 82 33
733.3535 -473.5038 4799.1982 125 80 33
737.2031 -473.5038 4799.1982 130 79 36
742.1687 -474.2169 4806.4258 133 78 40
744.9023 -473.5038 4799.1982 130 75 39
748.7520 -473.5038 4799.1982 124 71 37
752.6016 -473.5038 4799.1982 119 71 37
757.5904 -474.2169 4806.4258 119 77 42
761.4458 -474.2169 4806.4258 110 72 38
765.3012 -474.2169 4806.4258 97 65 34
769.1567 -474.2169 4806.4258 84 57 29
773.0121 -474.2169 4806.4258 79 56 29
778.0392 -474.9322 4813.6753 84 56 30
781.9005 -474.9322 4813.6753 100 59 33
785.7617 -474.9322 4813.6753 109 63 34
790.8158 -475.6496 4820.9468 105 61 29
794.6828 -475.6496 4820.9468 107 65 27
798.5499 -475.6496 4820.9468 120 84 38
802.4169 -475.6496 4820.9468 129 94 42
807.5038 -476.3692 4828.2402 128 93 40
811.3768 -476.3692 4828.2402 134 97 44
815.2497 -476.3692 4828.2402 127 89 37
820.3636 -477.0910 4835.5557 129 91 39
824.2424 -477.0910 4835.5557 128 93 39
828.1213 -477.0910 4835.5557 124 92 42
833.2626 -477.8149 4842.8936 126 96 46
838.4195 -478.5411 4850.2534 131 99 47
842.3101 -478.5411 4850.2534 133 97 46
847.4886 -479.2694 4857.6357 128 93 42
852.6830 -480.0001 4865.0410 120 87 41
857.8931 -480.7329 4872.4683 101 71 32
-354.0000 -496.0000 4986.6670 194 197 61
-217.9113 -454.1345 4565.7607 10 13 5
-213.6377 -452.8388 4552.7344 9 12 5
-209.3884 -451.5505 4539.7822 8 11 5
-206.0399 -452.1938 4546.2490 9 11 6
-202.3932 -452.1938 4546.2490 10 11 6
-199.0300 -452.8388 4552.7344 10 11 6
-195.3780 -452.8388 4552.7344 10 12 6
-191.7261 -452.8388 4552.7344 11 13 7
-188.3429 -453.4857 4559.2383 10 12 6
-184.6857 -453.4857 4559.2383 9 12 6
-180.7703 -452.8388 4552.7344 9 12 6
-177.3714 -453.4857 4559.2383 10 13 7
-173.7143 -453.4857 4559.2383 11 14 9
-170.0572 -453.4857 4559.2383 12 12 10
-166.4000 -453.4857 4559.2383 12 13 9
-162.7429 -453.4857 4559.2383 10 13 7
-159.0857 -453.4857 4559.2383 8 12 6
-155.4286 -453.4857 4559.2383 10 12 7
-151.7714 -453.4857 4559.2383 11 12 8
-148.1143 -453.4857 4559.2383 11 12 9
-144.4572 -453.4857 4559.2383 11 13 7
-141.0014 -454.1345 4565.7607 10 13 7
-137.1429 -453.4857 4559.2383 10 13 7
-133.4857 -453.4857 4559.2383 10 14 8
-130.0143 -454.1345 4565.7607 11 13 7
-126.5330 -454.7851 4572.3018 11 13 7
-122.8653 -454.7851 4572.3018 11 13 8
-119.1977 -454.7851 4572.3018 12 13 8
-115.6958 -455.4376 4578.8618 11 13 7
-112.0230 -455.4376 4578.8618 11 14 8
-108.3501 -455.4376 4578.8618 12 13 8
-104.5272 -454.7851 4572.3018 12 13 7
-101.0043 -455.4376 4578.8618 12 14 7
-97.1920 -454.7851 4572.3018 12 14 7
-93.6585 -455.4376 4578.8618 11 12 7
-89.9857 -455.4376 4578.8618 12 13 8
-86.3128 -455.4376 4578.8618 13 14 7
-82.6399 -455.4376 4578.8618 13 16 8
-78.9670 -455.4376 4578.8618 14 15 9
-75.2941 -455.4376 4578.8618 13 14 8
-71.6212 -455.4376 4578.8618 13 15 8
-67.9484 -455.4376 4578.8618 13 16 8
-64.2755 -455.4376 4578.8618 12 14 8
-60.6026 -455.4376 4578.8618 12 12 9
-57.0115 -456.0920 4585.4409 13 13 9
-53.3333 -456.0920 4585.4409 14 16 9
-49.6552 -456.0920 4585.4409 13 15 8
-45.9770 -456.0920 4585.4409 14 15 8
-42.2989 -456.0920 4585.4409 13 14 7
-38.5653 -455.4376 4578.8618 13 14 6
-34.7926 -454.1345 4565.7607 13 15 6
7.4766 -370.8412 3728.3491 17 18 11
10.4551 -370.4084 3723.9985 15 17 10
13.3643 -368.2599 3702.3977 13 14 9
16.2963 -367.4074 3693.8271 16 17 10
19.1926 -366.1361 3681.0459 19 21 13
22.0944 -365.2935 3672.5740 24 25 18
25.0980 -366.1361 3681.0459 31 31 24
54.3199 -345.4189 3472.7603 86 89 106
57.1056 -345.4189 3472.7603 110 113 128
59.7611 -344.6689 3465.2190 122 125 136
62.4729 -344.2950 3461.4607 141 145 151
65.3203 -344.6689 3465.2190 165 169 172
67.8788 -343.5498 3453.9683 170 176 174
70.4207 -342.4380 3442.7905 166 172 167
73.0248 -341.7008 3435.3787 170 176 171
75.6176 -340.9667 3427.9988 174 178 175
78.1994 -340.2358 3420.6504 171 175 170
80.8565 -339.8716 3416.9880 172 179 173
83.4188 -339.1453 3409.6868 171 177 171
86.1539 -339.1453 3409.6868 171 177 170
88.6049 -338.0618 3398.7932 169 175 169
91.1371 -337.3433 3391.5693 164 170 163
93.6585 -336.6278 3384.3762 155 160 152
95.8650 -334.8524 3366.5261 146 151 142
98.6695 -335.2059 3370.0811 131 136 126
101.1591 -334.4995 3362.9788 119 123 113
103.6383 -333.7960 3355.9062 117 119 112
106.1070 -333.0955 3348.8633 116 119 112
108.7933 -333.0955 3348.8633 102 105 93
111.2461 -332.3979 3341.8501 114 117 106
113.8075 -332.0502 3338.3542 102 104 97
116.3636 -331.7032 3334.8660 84 86 81
119.0387 -331.7032 3334.8660 92 93 90
121.5866 -331.3570 3331.3850 82 84 80
124.2589 -331.3570 3331.3850 65 67 64
126.7988 -331.0115 3327.9111 64 66 66
129.4682 -331.0115 3327.9111 56 56 56
132.1376 -331.0115 3327.9111 53 53 51
134.6667 -330.6667 3324.4446 51 52 51
137.1904 -330.3226 3320.9851 44 45 46
139.8543 -330.3226 3320.9851 46 46 49
142.3701 -329.9792 3317.5330 46 46 49
145.1821 -330.3226 3320.9851 39 41 43
147.6923 -329.9792 3317.5330 38 37 42
150.5099 -330.3226 3320.9851 36 35 39
153.1738 -330.3226 3320.9851 36 35 40
155.8377 -330.3226 3320.9851 39 39 43
158.5016 -330.3226 3320.9851 38 39 41
160.9979 -329.9792 3317.5330 31 30 35
163.6591 -329.9792 3317.5330 29 30 35
166.4932 -330.3226 3320.9851 28 29 32
168.9813 -329.9792 3317.5330 32 32 34
171.6424 -329.9792 3317.5330 29 30 32
174.4849 -330.3226 3320.9851 32 32 36
177.1488 -330.3226 3320.9851 27 26 31
179.8127 -330.3226 3320.9851 30 29 35
182.4766 -330.3226 3320.9851 25 25 31
185.3333 -330.6667 3324.4446 24 23 29
188.1960 -331.0115 3327.9111 22 23 29
190.8655 -331.0115 3327.9111 21 22 26
193.3333 -330.6667 3324.4446 21 22 26
195.7961 -330.3226 3320.9851 20 21 24
198.6667 -330.6667 3324.4446 17 18 22
201.3333 -330.6667 3324.4446 17 17 21
204.0000 -330.6667 3324.4446 19 19 22
206.8822 -331.0115 3327.9111 18 19 23
209.5516 -331.0115 3327.9111 18 19 21
212.2211 -331.0115 3327.9111 17 17 21
214.8905 -331.0115 3327.9111 14 17 20
217.5600 -331.0115 3327.9111 17 19 22
220.2294 -331.0115 3327.9111 19 20 22
222.8989 -331.0115 3327.9111 17 17 20
225.3333 -330.6667 3324.4446 15 16 20
227.7628 -330.3226 3320.9851 14 16 19
230.4267 -330.3226 3320.9851 16 19 21
233.3334 -330.6667 3324.4446 15 17 20
236.2461 -331.0115 3327.9111 15 17 20
238.9155 -331.0115 3327.9111 16 17 21
241.5850 -331.0115 3327.9111 16 18 21
244.5094 -331.3570 3331.3850 16 17 19
247.4399 -331.7032 3334.8660 16 17 20
250.3766 -332.0502 3338.3542 15 17 20
253.5849 -332.7464 3345.3530 16 17 20
256.2684 -332.7464 3345.3530 16 16 19
260.8659 -335.2059 3370.0811 17 18 20
263.8478 -335.5603 3373.6436 17 16 20
267.9703 -337.3433 3391.5693 17 17 21
271.2673 -338.0618 3398.7932 16 17 21
274.2857 -338.4222 3402.4165 18 19 24
277.0150 -338.4222 3402.4165 16 17 22
280.0427 -338.7834 3406.0479 15 17 21
283.0770 -339.1453 3409.6868 16 18 22
286.1177 -339.5080 3413.3335 19 20 25
288.8557 -339.5080 3413.3335 19 18 24
292.2187 -340.2358 3420.6504 22 22 24
295.5962 -340.9667 3427.9988 24 24 24
298.9882 -341.7008 3435.3787 29 29 28
302.7214 -342.8078 3446.5083 39 39 36
306.1472 -343.5498 3453.9683 42 44 38
309.2525 -343.9220 3457.7104 51 53 44
312.7036 -344.6689 3465.2190 61 62 49
315.8261 -345.0435 3468.9856 77 77 60
319.6511 -346.1723 3480.3345 92 92 71
323.1476 -346.9290 3487.9419 102 102 81
327.7363 -348.8352 3507.1062 99 99 79
331.2776 -349.6036 3514.8313 106 105 85
354.9828 -365.2935 3672.5740 117 117 95
357.9287 -365.2935 3672.5740 119 119 97
360.4598 -364.8736 3668.3525 111 112 95
362.9851 -364.4547 3664.1409 93 93 82
365.9242 -364.4547 3664.1409 71 62 59
368.8634 -364.4547 3664.1409 125 90 69
371.8025 -364.4547 3664.1409 138 91 53
546.8545 -496.7762 4994.4707 156 126 76
550.8608 -496.7762 4994.4707 152 124 71
554.0001 -496.0000 4986.6670 157 128 73
556.2617 -494.4549 4971.1318 158 128 71
559.3779 -493.6859 4963.4009 151 121 68
561.6124 -492.1550 4948.0103 153 123 73
563.8331 -490.6337 4932.7153 154 122 74
566.9136 -489.8766 4925.1030 153 114 69
569.9846 -489.1217 4917.5142 151 105 63
573.0462 -488.3692 4909.9487 150 98 60
576.9846 -488.3692 4909.9487 152 94 59
580.0308 -487.6191 4902.4067 148 88 53
583.0675 -486.8712 4894.8877 135 74 40
586.0950 -486.1256 4887.3916 131 72 39
589.1132 -485.3823 4879.9185 117 68 37
593.0275 -485.3823 4879.9185 102 67 36
596.0306 -484.6412 4872.4683 129 95 51
599.9390 -484.6412 4872.4683 139 106 55
602.9269 -483.9025 4865.0410 133 100 48
606.8293 -483.9025 4865.0410 158 129 76
610.7318 -483.9025 4865.0410 147 116 65
613.6987 -483.1659 4857.6357 146 115 61
617.5952 -483.1659 4857.6357 128 96 46
620.5472 -482.4316 4850.2534 121 84 36
623.4902 -481.6996 4842.8936 133 96 42
627.3749 -481.6996 4842.8936 139 100 46
630.3031 -480.9697 4835.5557 137 99 46
634.1819 -480.9697 4835.5557 136 97 48
637.0953 -480.2421 4828.2402 124 82 38
640.0001 -479.5166 4820.9468 115 70 32
643.8671 -479.5166 4820.9468 119 69 33
646.7572 -478.7934 4813.6753 120 67 34
649.6386 -478.0723 4806.4258 115 64 35
653.4940 -478.0723 4806.4258 123 69 39
657.3494 -478.0723 4806.4258 133 79 44
661.2048 -478.0723 4806.4258 118 68 33
665.0602 -478.0723 4806.4258 104 59 30
667.9098 -477.3534 4799.1982 98 54 30
671.7595 -477.3534 4799.1982 123 75 49
675.6091 -477.3534 4799.1982 127 78 45
679.4587 -477.3534 4799.1982 138 98 54
683.3083 -477.3534 4799.1982 134 101 51
687.1580 -477.3534 4799.1982 140 103 50
691.0076 -477.3534 4799.1982 137 98 45
694.8572 -477.3534 4799.1982 117 82 40
698.7068 -477.3534 4799.1982 93 60 27
703.6145 -478.0723 4806.4258 88 54 23
707.4699 -478.0723 4806.4258 113 74 31
711.3253 -478.0723 4806.4258 132 99 50
715.1808 -478.0723 4806.4258 122 90 46
719.0362 -478.0723 4806.4258 122 87 40
722.8916 -478.0723 4806.4258 137 100 47
726.7470 -478.0723 4806.4258 141 103 46
730.6024 -478.0723 4806.4258 134 95 39
734.4579 -478.0723 4806.4258 124 84 31
738.3133 -478.0723 4806.4258 123 82 33
743.2881 -478.7934 4813.6753 125 82 35
746.0241 -478.0723 4806.4258 130 83 40
749.8796 -478.0723 4806.4258 128 78 37
753.7350 -478.0723 4806.4258 131 79 42
758.7331 -478.7934 4813.6753 130 76 41
762.5943 -478.7934 4813.6753 122 70 38
766.4556 -478.7934 4813.6753 119 69 37
770.3168 -478.7934 4813.6753 120 74 40
774.1780 -478.7934 4813.6753 113 71 38
778.0392 -478.7934 4813.6753 110 67 36
781.9005 -478.7934 4813.6753 97 54 27
786.9487 -479.5166 4820.9468 86 47 21
790.8158 -479.5166 4820.9468 96 58 25
794.6828 -479.5166 4820.9468 117 81 37
799.7580 -480.2421 4828.2402 123 88 41
803.6309 -480.2421 4828.2402 127 91 41
807.5038 -480.2421 4828.2402 128 92 41
812.6061 -480.9697 4835.5557 122 88 39
816.4849 -480.9697 4835.5557 130 93 41
820.3636 -480.9697 4835.5557 132 96 43
824.2424 -480.9697 4835.5557 120 87 41
829.3779 -481.6996 4842.8936 117 83 36
834.5289 -482.4316 4850.2534 124 89 38
838.4195 -482.4316 4850.2534 130 96 43
843.5921 -483.1659 4857.6357 136 101 49
848.7805 -483.9025 4865.0410 137 104 51
853.9848 -484.6412 4872.4683 139 104 50
857.8931 -484.6412 4872.4683 137 103 47
-217.9113 -457.7968 4565.7607 64 43 16
-213.9429 -457.1429 4559.2383 65 44 17
-209.6866 -455.8405 4546.2490 64 43 16
-206.0399 -455.8405 4546.2490 62 42 14
-202.3932 -455.8405 4546.2490 61 41 14
-199.0300 -456.4908 4552.7344 62 42 16
-195.3780 -456.4908 4552.7344 64 43 18
-191.7261 -456.4908 4552.7344 63 44 18
-188.3429 -457.1429 4559.2383 66 46 19
-184.6857 -457.1429 4559.2383 66 46 18
-180.7703 -456.4908 4552.7344 62 45 16
-177.3714 -457.1429 4559.2383 63 45 16
-173.7143 -457.1429 4559.2383 63 46 19
-170.0572 -457.1429 4559.2383 63 45 21
-166.4000 -457.1429 4559.2383 63 46 20
-162.7429 -457.1429 4559.2383 60 44 17
-159.0857 -457.1429 4559.2383 57 41 16
-155.4286 -457.1429 4559.2383 50 34 12
-151.7714 -457.1429 4559.2383 55 39 15
-148.3262 -457.7968 4565.7607 61 43 18
-144.6638 -457.7968 4565.7607 63 43 17
-141.0014 -457.7968 4565.7607 62 43 17
-137.3391 -457.7968 4565.7607 63 43 19
-133.6767 -457.7968 4565.7607 62 42 18
-130.2006 -458.4528 4572.3018 60 41 16
-126.5330 -458.4528 4572.3018 60 41 17
-122.8653 -458.4528 4572.3018 59 40 17
-119.3687 -459.1105 4578.8618 62 42 18
-115.6958 -459.1105 4578.8618 67 45 19
-112.0230 -459.1105 4578.8618 74 48 20
-108.3501 -459.1105 4578.8618 78 51 19
-104.6772 -459.1105 4578.8618 79 52 19
-101.0043 -459.1105 4578.8618 77 50 19
-97.3314 -459.1105 4578.8618 77 51 21
-93.6585 -459.1105 4578.8618 77 50 19
-89.9857 -459.1105 4578.8618 74 46 17
-86.3128 -459.1105 4578.8618 76 47 19
-82.6399 -459.1105 4578.8618 78 50 21
-78.9670 -459.1105 4578.8618 81 52 21
-75.2941 -459.1105 4578.8618 81 50 19
-71.7242 -459.7702 4585.4409 79 49 19
-68.0460 -459.7702 4585.4409 79 49 19
-64.3678 -459.7702 4585.4409 75 47 19
-60.6897 -459.7702 4585.4409 71 45 17
-57.0115 -459.7702 4585.4409 72 46 18
-53.3333 -459.7702 4585.4409 74 44 18
-49.7266 -460.4317 4592.0386 75 45 19
-46.0432 -460.4317 4592.0386 80 51 21
-42.2989 -459.7702 4585.4409 87 58 25
-38.5653 -459.1105 4578.8618 91 61 26
-34.8424 -458.4528 4572.3018 93 64 26
-30.9531 -455.1920 4539.7822 95 63 26
7.4854 -374.2690 3732.7097 82 56 26
10.4673 -373.8318 3728.3491 75 51 24
13.3798 -371.6609 3706.6978 71 48 24
16.2963 -370.3704 3693.8271 74 51 26
19.1926 -369.0888 3681.0459 76 53 26
22.1198 -368.6636 3676.8049 78 56 28
25.0980 -369.0888 3681.0459 79 58 30
54.2020 -347.4484 3465.2190 48 52 75
57.0435 -347.8261 3468.9856 49 54 75
59.7611 -347.4484 3465.2190 50 55 78
62.4729 -347.0716 3461.4607 52 57 83
65.2495 -347.0716 3461.4607 72 75 100
67.8788 -346.3203 3453.9683 80 83 104
70.4968 -345.5724 3446.5083 91 94 110
73.1035 -344.8276 3439.0806 97 100 113
75.6989 -344.0860 3431.6846 107 110 121
78.2833 -343.3477 3424.3206 121 124 132
80.8565 -342.6125 3416.9880 126 129 135
83.5080 -342.2460 3413.3335 131 135 139
86.2460 -342.2460 3413.3335 140 144 146
88.6049 -340.7881 3398.7932 140 143 144
91.1371 -340.0638 3391.5693 154 158 159
93.5593 -338.9831 3380.7910 154 159 156
95.7640 -337.1971 3362.9788 159 164 159
98.5654 -337.5528 3366.5261 155 160 155
101.0526 -336.8421 3359.4387 148 153 148
103.6383 -336.4879 3355.9062 147 151 147
106.1070 -335.7818 3348.8633 150 155 148
108.7933 -335.7818 3348.8633 156 160 152
111.3627 -335.4298 3345.3530 154 157 149
113.8075 -334.7281 3338.3542 151 153 146
116.4854 -334.7281 3338.3542 142 146 137
119.0387 -334.3783 3334.8660 149 152 142
121.7137 -334.3783 3334.8660 148 150 139
124.2589 -334.0293 3331.3850 137 140 128
126.7988 -333.6809 3327.9111 137 140 128
129.4682 -333.6809 3327.9111 136 139 123
132.1376 -333.6809 3327.9111 131 133 116
134.6667 -333.3333 3324.4446 127 129 113
137.1904 -332.9865 3320.9851 129 131 115
139.7090 -332.6404 3317.5330 122 123 107
142.3701 -332.6404 3317.5330 124 125 109
145.0312 -332.6404 3317.5330 111 114 97
147.5389 -332.2949 3314.0879 107 110 93
150.1973 -332.2949 3314.0879 107 109 92
152.8557 -332.2949 3314.0879 89 90 76
155.3527 -331.9502 3310.6501 97 98 86
158.1724 -332.2949 3314.0879 94 95 82
160.8307 -332.2949 3314.0879 86 86 75
163.3195 -331.9502 3310.6501 97 98 86
165.9751 -331.9502 3310.6501 79 81 66
168.6307 -331.9502 3310.6501 98 100 83
171.2863 -331.9502 3310.6501 101 101 86
182.0976 -332.2949 3314.0879 68 68 58
184.9480 -332.6404 3317.5330 62 62 53
187.8044 -332.9865 3320.9851 63 63 56
190.6667 -333.3333 3324.4446 48 49 42
193.1322 -332.9865 3320.9851 55 55 46
195.5925 -332.6404 3317.5330 59 58 50
198.4599 -332.9865 3320.9851 45 44 38
201.1238 -332.9865 3320.9851 47 46 39
204.0000 -333.3333 3324.4446 42 42 37
206.8822 -333.6809 3327.9111 41 41 36
209.3334 -333.3333 3324.4446 47 45 38
212.2211 -333.6809 3327.9111 50 49 42
214.8905 -333.6809 3327.9111 39 39 34
217.3333 -333.3333 3324.4446 43 44 37
220.2294 -333.6809 3327.9111 51 51 43
222.8989 -333.6809 3327.9111 42 43 35
225.3333 -333.3333 3324.4446 36 36 31
228.0000 -333.3333 3324.4446 36 36 32
230.4267 -332.9865 3320.9851 32 32 30
233.3334 -333.3333 3324.4446 26 27 26
236.2461 -333.6809 3327.9111 25 26 24
238.9155 -333.6809 3327.9111 26 27 25
241.8372 -334.0293 3331.3850 25 25 26
244.7649 -334.3783 3334.8660 21 22 24
247.4399 -334.3783 3334.8660 22 23 24
250.3766 -334.7281 3338.3542 24 24 25
253.5849 -335.4298 3345.3530 24 24 25
256.2684 -335.4298 3345.3530 25 25 24
260.3161 -337.1971 3362.9788 28 28 26
263.0137 -337.1971 3362.9788 29 28 27
267.4019 -339.3426 3384.3762 28 27 27
270.6908 -340.0638 3391.5693 28 28 28
273.9936 -340.7881 3398.7932 29 30 30
277.0150 -341.1514 3402.4165 31 32 31
280.0427 -341.5155 3406.0479 36 36 32
283.0770 -341.8804 3409.6868 44 43 37
285.8120 -341.8804 3409.6868 49 49 40
288.8557 -342.2460 3413.3335 53 52 43
292.2187 -342.9797 3420.6504 64 64 51
295.5962 -343.7165 3427.9988 78 78 60
298.6667 -344.0860 3431.6846 98 96 76
302.3948 -345.1996 3442.7905 107 107 84
306.1472 -346.3203 3453.9683 108 108 84
309.2525 -346.6956 3457.7104 117 117 92
312.7036 -347.4484 3465.2190 119 119 94
315.8261 -347.8261 3468.9856 122 121 98
319.3028 -348.5839 3476.5432 120 119 97
323.1476 -349.7268 3487.9419 117 116 95
328.0968 -352.0352 3510.9646 120 120 99
331.6428 -352.8115 3518.7065 114 113 93
354.9828 -368.2394 3672.5740 94 92 82
357.9287 -368.2394 3672.5740 71 70 65
360.4598 -367.8161 3668.3525 49 48 49
362.9851 -367.3938 3664.1409 37 35 39
365.9242 -367.3938 3664.1409 43 39 40
368.8634 -367.3938 3664.1409 111 81 64
371.8025 -367.3938 3664.1409 144 96 61
546.8545 -500.7825 4994.4707 163 135 85
550.8608 -500.7825 4994.4707 163 137 87
554.0001 -500.0001 4986.6670 160 134 84
557.1295 -499.2200 4978.8872 154 126 74
559.3779 -497.6672 4963.4009 154 126 72
561.6124 -496.1241 4948.0103 154 124 71
564.7059 -495.3561 4940.3511 153 124 70
567.7898 -494.5905 4932.7153 151 121 69
569.9846 -493.0663 4917.5142 152 119 70
573.0462 -492.3077 4909.9487 151 114 65
576.9846 -492.3077 4909.9487 148 104 60
580.0308 -491.5515 4902.4067 145 96 54
583.0675 -490.7975 4894.8877 144 90 51
586.0950 -490.0460 4887.3916 147 89 51
590.0153 -490.0460 4887.3916 141 81 43
593.0275 -489.2967 4879.9185 128 71 37
596.9419 -489.2967 4879.9185 128 77 41
599.9390 -488.5497 4872.4683 106 65 27
603.8474 -488.5497 4872.4683 131 97 53
606.8293 -487.8049 4865.0410 144 113 65
610.7318 -487.8049 4865.0410 135 106 53
613.6987 -487.0624 4857.6357 132 100 51
617.5952 -487.0624 4857.6357 108 73 31
621.4916 -487.0624 4857.6357 123 85 39
623.4902 -485.5843 4842.8936 136 99 48
627.3749 -485.5843 4842.8936 143 106 52
630.3031 -484.8485 4835.5557 149 113 55
635.1442 -485.5843 4842.8936 147 111 51
638.0607 -484.8485 4835.5557 142 103 45
640.9683 -484.1150 4828.2402 139 100 43
643.8671 -483.3837 4820.9468 130 90 39
646.7572 -482.6546 4813.6753 123 78 36
650.6185 -482.6546 4813.6753 122 72 36
654.4797 -482.6546 4813.6753 121 67 33
658.3409 -482.6546 4813.6753 119 65 33
661.2048 -481.9278 4806.4258 119 67 36
665.0602 -481.9278 4806.4258 125 74 40
668.9157 -481.9278 4806.4258 126 71 36
672.7711 -481.9278 4806.4258 124 66 32
676.6266 -481.9278 4806.4258 117 68 32
680.4819 -481.9278 4806.4258 119 80 40
684.3374 -481.9278 4806.4258 121 85 41
688.1928 -481.9278 4806.4258 133 96 46
692.0482 -481.9278 4806.4258 119 85 42
695.9037 -481.9278 4806.4258 97 64 32
699.7590 -481.9278 4806.4258 92 57 25
703.6145 -481.9278 4806.4258 107 69 30
708.5370 -482.6546 4813.6753 130 97 47
712.3982 -482.6546 4813.6753 126 98 51
716.2595 -482.6546 4813.6753 113 80 35
719.0362 -481.9278 4806.4258 121 84 37
722.8916 -481.9278 4806.4258 124 86 35
727.8432 -482.6546 4813.6753 128 88 37
731.7044 -482.6546 4813.6753 134 95 43
735.5656 -482.6546 4813.6753 138 102 48
739.4269 -482.6546 4813.6753 140 104 48
743.2881 -482.6546 4813.6753 135 96 42
747.1494 -482.6546 4813.6753 127 88 36
751.0106 -482.6546 4813.6753 122 82 35
754.8718 -482.6546 4813.6753 120 78 34
758.7331 -482.6546 4813.6753 123 78 36
762.5943 -482.6546 4813.6753 133 83 40
767.6133 -483.3837 4820.9468 138 84 44
770.3168 -482.6546 4813.6753 134 79 43
775.3475 -483.3837 4820.9468 127 72 37
779.2145 -483.3837 4820.9468 122 70 37
783.0817 -483.3837 4820.9468 126 79 46
786.9487 -483.3837 4820.9468 125 83 48
792.0121 -484.1150 4828.2402 116 76 41
795.8851 -484.1150 4828.2402 110 73 36
799.7580 -484.1150 4828.2402 107 72 35
803.6309 -484.1150 4828.2402 107 74 33
808.7274 -484.8485 4835.5557 108 76 35
812.6061 -484.8485 4835.5557 117 85 39
817.7239 -485.5843 4842.8936 122 92 47
821.6086 -485.5843 4842.8936 111 83 41
825.4932 -485.5843 4842.8936 109 80 39
830.6384 -486.3222 4850.2534 114 83 37
834.5289 -486.3222 4850.2534 126 94 45
839.6956 -487.0624 4857.6357 129 96 45
843.5921 -487.0624 4857.6357 127 92 40
848.7805 -487.8049 4865.0410 126 89 38
853.9848 -488.5497 4872.4683 129 94 40
859.2050 -489.2967 4879.9185 137 103 48
-452.5070 -454.3098 4495.0234 123 77 27
-354.5455 -458.1818 4533.3335 150 121 39
-326.3818 -459.4872 4546.2490 157 115 34
-322.2760 -458.8336 4539.7822 157 114 32
-318.1819 -458.1818 4533.3335 159 115 32
-313.2108 -456.2376 4514.0972 161 116 34
-221.8911 -462.1203 4572.3018 139 87 33
-217.6000 -460.8000 4559.2383 141 89 35
-213.9429 -460.8000 4559.2383 142 91 36
-209.6866 -459.4872 4546.2490 142 93 36
-206.3338 -460.1427 4552.7344 142 95 37
-202.6819 -460.1427 4552.7344 142 95 37
-199.0300 -460.1427 4552.7344 141 96 39
-195.3780 -460.1427 4552.7344 142 98 41
-191.7261 -460.1427 4552.7344 140 98 40
-188.3429 -460.8000 4559.2383 143 100 42
-184.6857 -460.8000 4559.2383 143 99 41
-180.7703 -460.1427 4552.7344 143 100 41
-177.3714 -460.8000 4559.2383 142 98 41
-173.7143 -460.8000 4559.2383 138 94 39
-170.0572 -460.8000 4559.2383 138 96 41
-166.6381 -461.4593 4565.7607 140 96 40
-162.7429 -460.8000 4559.2383 140 96 40
-159.3133 -461.4593 4565.7607 137 94 41
-155.6509 -461.4593 4565.7607 135 93 40
-151.9886 -461.4593 4565.7607 137 95 41
-148.3262 -461.4593 4565.7607 138 93 40
-144.6638 -461.4593 4565.7607 133 89 39
-141.2034 -462.1203 4572.3018 131 87 39
-137.5358 -462.1203 4572.3018 133 89 41
-133.8682 -462.1203 4572.3018 131 88 40
-130.2006 -462.1203 4572.3018 127 87 40
-126.7145 -462.7834 4578.8618 126 88 41
-123.0416 -462.7834 4578.8618 128 90 44
-119.3687 -462.7834 4578.8618 129 91 43
-115.8621 -463.4483 4585.4409 134 92 41
-112.0230 -462.7834 4578.8618 138 92 40
-108.5058 -463.4483 4585.4409 143 95 41
-104.6772 -462.7834 4578.8618 142 94 38
-101.1494 -463.4483 4585.4409 137 89 35
-97.3314 -462.7834 4578.8618 135 87 37
-93.7931 -463.4483 4585.4409 131 83 34
-90.1150 -463.4483 4585.4409 130 81 34
-86.3128 -462.7834 4578.8618 134 86 35
-82.7586 -463.4483 4585.4409 133 84 34
-78.9670 -462.7834 4578.8618 133 84 34
-75.2941 -462.7834 4578.8618 139 88 36
-71.7242 -463.4483 4585.4409 141 91 36
-68.0460 -463.4483 4585.4409 143 94 38
-64.3678 -463.4483 4585.4409 145 97 38
-60.6897 -463.4483 4585.4409 149 101 43
-57.0115 -463.4483 4585.4409 148 100 42
-53.3333 -463.4483 4585.4409 145 96 38
-49.7266 -464.1151 4592.0386 140 90 34
-46.0432 -464.1151 4592.0386 139 92 36
-42.3597 -464.1151 4592.0386 139 92 37
-38.6207 -463.4483 4585.4409 142 95 39
-34.9425 -463.4483 4585.4409 142 95 36
-31.0414 -460.1427 4552.7344 142 93 35
7.4854 -377.2632 3732.7097 122 83 37
10.4795 -377.2632 3732.7097 119 79 35
13.3798 -374.6342 3706.6978 122 81 37
16.2963 -373.3333 3693.8271 124 81 34
19.1926 -372.0415 3681.0459 128 83 36
22.1198 -371.6129 3676.8049 134 88 39
25.0980 -372.0415 3681.0459 131 89 41
54.1432 -349.8482 3461.4607 99 104 110
56.9815 -350.2280 3465.2190 82 85 95
59.6963 -349.8482 3461.4607 60 62 79
62.4052 -349.4691 3457.7104 46 50 67
65.2495 -349.8482 3461.4607 41 46 65
67.8788 -349.0909 3453.9683 43 48 69
70.4207 -347.9612 3442.7905 41 43 64
73.1035 -347.5862 3439.0806 42 43 61
75.6989 -346.8387 3431.6846 44 47 64
78.3674 -346.4662 3427.9988 47 51 67
80.9432 -345.7235 3420.6504 45 49 67
83.5974 -345.3534 3416.9880 44 48 67
86.2460 -344.9840 3413.3335 54 59 78
88.6994 -343.8806 3402.4165 54 57 77
91.2340 -343.1490 3395.1775 62 64 83
93.6585 -342.0573 3384.3762 70 71 86
95.7640 -339.8947 3362.9788 80 82 93
98.4615 -339.8947 3362.9788 83 86 97
101.0526 -339.5369 3359.4387 85 87 98
103.5294 -338.8236 3352.3811 88 90 97
106.1070 -338.4680 3348.8633 90 93 97
108.6793 -338.1132 3345.3530 103 106 109
111.3627 -338.1132 3345.3530 116 118 119
113.8075 -337.4059 3338.3542 114 116 114
116.4854 -337.4059 3338.3542 114 116 113
119.0387 -337.0533 3334.8660 118 122 119
121.7137 -337.0533 3334.8660 127 130 125
124.2589 -336.7015 3331.3850 123 125 121
126.9311 -336.7015 3331.3850 126 129 124
129.4682 -336.3504 3327.9111 140 143 136
132.1376 -336.3504 3327.9111 139 141 132
134.6667 -336.0000 3324.4446 139 141 131
137.1904 -335.6504 3320.9851 143 146 136
139.7090 -335.3015 3317.5330 132 134 125
142.3701 -335.3015 3317.5330 140 142 131
145.0312 -335.3015 3317.5330 136 140 127
147.3859 -334.6058 3310.6501 140 143 131
150.0415 -334.6058 3310.6501 148 150 138
152.8557 -334.9533 3314.0879 134 136 122
155.1917 -334.2591 3307.2195 129 131 116
158.0083 -334.6058 3310.6501 135 138 122
160.6639 -334.6058 3310.6501 122 124 109
163.1503 -334.2591 3307.2195 139 140 124
165.8031 -334.2591 3307.2195 135 136 120
168.4560 -334.2591 3307.2195 131 132 114
170.9317 -333.9131 3303.7959 133 134 117
179.2531 -334.6058 3310.6501 132 133 117
181.7202 -334.2591 3307.2195 127 129 110
184.5643 -334.6058 3310.6501 116 117 98
187.4143 -334.9533 3314.0879 131 131 111
190.2703 -335.3015 3317.5330 119 117 96
192.7310 -334.9533 3314.0879 116 113 92
195.3894 -334.9533 3314.0879 126 125 104
198.0478 -334.9533 3314.0879 112 112 90
200.7061 -334.9533 3314.0879 110 110 87
203.5759 -335.3015 3317.5330 112 113 90
206.4516 -335.6504 3320.9851 108 108 86
209.1155 -335.6504 3320.9851 110 109 87
212.0000 -336.0000 3324.4446 110 108 89
214.6667 -336.0000 3324.4446 102 101 80
217.3333 -336.0000 3324.4446 111 111 88
220.0000 -336.0000 3324.4446 116 115 91
222.6667 -336.0000 3324.4446 114 113 90
225.0989 -335.6504 3320.9851 102 101 81
228.0000 -336.0000 3324.4446 97 97 76
230.6667 -336.0000 3324.4446 93 93 74
233.3334 -336.0000 3324.4446 85 84 67
236.4927 -336.7015 3331.3850 83 83 63
239.1650 -336.7015 3331.3850 87 87 67
242.0899 -337.0533 3334.8660 87 87 69
245.0209 -337.4059 3338.3542 79 79 60
247.6988 -337.4059 3338.3542 75 74 58
250.6387 -337.7592 3341.8501 76 76 58
253.5849 -338.1132 3345.3530 74 73 56
256.2684 -338.1132 3345.3530 77 77 59
260.0421 -339.5369 3359.4387 83 82 63
262.7369 -339.5369 3359.4387 89 88 66
266.5539 -340.9725 3373.6436 92 92 70
270.6908 -342.7843 3391.5693 91 91 71
273.7021 -343.1490 3395.1775 92 92 73
276.7199 -343.5144 3398.7932 100 100 79
279.7441 -343.8806 3402.4165 107 107 85
283.0770 -344.6154 3409.6868 110 109 86
286.1177 -344.9840 3413.3335 110 108 86
289.1649 -345.3534 3416.9880 113 113 92
292.2187 -345.7235 3420.6504 119 118 97
295.5962 -346.4662 3427.9988 121 120 97
298.6667 -346.8387 3431.6846 120 120 98
302.3948 -347.9612 3442.7905 115 114 94
305.8163 -348.7135 3450.2344 110 109 89
308.9178 -349.0909 3453.9683 111 110 91
312.3644 -349.8482 3461.4607 106 105 89
315.4832 -350.2280 3465.2190 99 100 87
318.9554 -350.9902 3472.7603 89 89 81
323.1476 -352.5246 3487.9419 75 75 70
328.0968 -354.8515 3510.9646 76 77 72
351.2285 -370.3330 3664.1409 47 45 48
355.8016 -372.0415 3681.0459 32 31 36
358.3410 -371.6129 3676.8049 25 25 30
360.4598 -370.7586 3668.3525 27 27 33
363.4023 -370.7586 3668.3525 27 26 33
365.9242 -370.3330 3664.1409 37 33 37
369.2874 -370.7586 3668.3525 101 79 63
371.8025 -370.3330 3664.1409 133 91 56
554.8670 -504.7888 4994.4707 166 140 89
558.0001 -504.0001 4986.6670 165 138 88
560.2492 -502.4299 4971.1318 157 129 80
562.4845 -500.8696 4955.6938 155 126 75
564.7059 -499.3189 4940.3511 154 124 70
567.7898 -498.5472 4932.7153 156 124 69
570.8642 -497.7778 4925.1030 152 120 66
573.9291 -497.0108 4917.5142 147 115 61
576.9846 -496.2462 4909.9487 148 115 64
580.9231 -496.2462 4909.9487 146 112 60
583.9631 -495.4839 4902.4067 143 102 53
586.9939 -494.7240 4894.8877 143 95 49
590.0153 -493.9663 4887.3916 144 93 50
593.9357 -493.9663 4887.3916 142 87 49
596.9419 -493.2111 4879.9185 142 82 45
600.8563 -493.2111 4879.9185 138 77 41
603.8474 -492.4580 4872.4683 133 77 39
607.7557 -492.4580 4872.4683 122 74 36
611.6642 -492.4580 4872.4683 126 83 45
614.6342 -491.7074 4865.0410 94 58 25
618.5366 -491.7074 4865.0410 94 60 27
621.4916 -490.9590 4857.6357 119 86 44
624.4377 -490.2128 4850.2534 128 94 46
628.3283 -490.2128 4850.2534 140 104 52
631.2595 -489.4689 4842.8936 150 115 57
635.1442 -489.4689 4842.8936 151 117 56
638.0607 -488.7273 4835.5557 150 115 55
640.9683 -487.9879 4828.2402 148 112 54
644.8412 -487.9879 4828.2402 144 106 48
647.7342 -487.2508 4820.9468 143 104 47
650.6185 -486.5158 4813.6753 138 100 47
655.4683 -487.2508 4820.9468 129 88 41
658.3409 -486.5158 4813.6753 121 75 34
662.2021 -486.5158 4813.6753 119 70 32
666.0634 -486.5158 4813.6753 119 67 33
669.9246 -486.5158 4813.6753 115 64 33
672.7711 -485.7831 4806.4258 111 64 32
677.6471 -486.5158 4813.6753 121 71 37
680.4819 -485.7831 4806.4258 124 71 34
684.3374 -485.7831 4806.4258 121 69 31
689.2308 -486.5158 4813.6753 110 64 29
693.0920 -486.5158 4813.6753 91 54 24
696.9532 -486.5158 4813.6753 81 48 20
700.8145 -486.5158 4813.6753 101 65 28
704.6758 -486.5158 4813.6753 120 85 39
708.5370 -486.5158 4813.6753 131 103 60
712.3982 -486.5158 4813.6753 117 84 40
716.2595 -486.5158 4813.6753 125 89 39
720.1207 -486.5158 4813.6753 124 89 37
723.9819 -486.5158 4813.6753 121 85 33
727.8432 -486.5158 4813.6753 123 87 36
731.7044 -486.5158 4813.6753 127 90 40
735.5656 -486.5158 4813.6753 127 90 39
739.4269 -486.5158 4813.6753 128 91 40
744.4109 -487.2508 4820.9468 131 94 42
748.2780 -487.2508 4820.9468 139 103 49
752.1450 -487.2508 4820.9468 141 105 48
756.0121 -487.2508 4820.9468 134 97 41
759.8792 -487.2508 4820.9468 123 86 34
763.7463 -487.2508 4820.9468 126 85 36
767.6133 -487.2508 4820.9468 134 92 41
771.4804 -487.2508 4820.9468 139 94 47
775.3475 -487.2508 4820.9468 137 87 43
780.3934 -487.9879 4828.2402 136 82 43
784.2663 -487.9879 4828.2402 129 75 39
788.1392 -487.9879 4828.2402 122 70 37
792.0121 -487.9879 4828.2402 116 68 36
797.0909 -488.7273 4835.5557 114 69 38
800.9697 -488.7273 4835.5557 118 74 43
804.8485 -488.7273 4835.5557 113 71 40
809.9545 -489.4689 4842.8936 107 69 37
813.8392 -489.4689 4842.8936 107 74 39
817.7239 -489.4689 4842.8936 79 58 30
821.6086 -489.4689 4842.8936 71 54 29
826.7478 -490.2128 4850.2534 91 69 36
830.6384 -490.2128 4850.2534 112 84 45
835.7991 -490.9590 4857.6357 125 93 49
839.6956 -490.9590 4857.6357 126 95 47
844.8781 -491.7074 4865.0410 124 93 45
850.0764 -492.4580 4872.4683 123 90 43
855.2905 -493.2111 4879.9185 125 93 43
859.2050 -493.2111 4879.9185 125 92 41
-452.5070 -457.9155 4495.0234 152 102 38
-449.5346 -458.5614 4501.3638 149 99 39
-375.8298 -461.1632 4526.9033 153 105 41
-365.4546 -461.8182 4533.3335 154 105 38
-362.3329 -462.4751 4539.7822 153 103 37
-359.2023 -463.1339 4546.2490 154 102 37
-354.5455 -461.8182 4533.3335 155 106 40
-350.4114 -461.1632 4526.9033 157 108 41
-347.2727 -461.8182 4533.3335 161 110 43
-343.6364 -461.8182 4533.3335 160 109 40
-340.4837 -462.4751 4539.7822 155 103 36
-336.8421 -462.4751 4539.7822 152 100 33
-333.2006 -462.4751 4539.7822 153 100 34
-330.0285 -463.1339 4546.2490 157 104 36
-326.3818 -463.1339 4546.2490 159 108 38
-322.2760 -462.4751 4539.7822 157 108 37
-318.1819 -461.8182 4533.3335 155 107 36
-313.2108 -459.8586 4514.0972 155 106 37
-309.5898 -459.8586 4514.0972 153 104 38
-305.5367 -459.2090 4507.7212 150 99 36
-301.4951 -458.5614 4501.3638 149 98 37
-221.5737 -465.1216 4565.7607 142 91 35
-217.9113 -465.1216 4565.7607 142 90 33
-213.9429 -464.4572 4559.2383 144 93 37
-209.9857 -463.7946 4552.7344 145 98 39
-206.3338 -463.7946 4552.7344 149 101 42
-202.6819 -463.7946 4552.7344 149 100 41
-199.0300 -463.7946 4552.7344 146 98 40
-195.3780 -463.7946 4552.7344 148 101 44
-192.0000 -464.4572 4559.2383 145 99 41
-188.3429 -464.4572 4559.2383 142 96 38
-184.6857 -464.4572 4559.2383 141 96 39
-181.0286 -464.4572 4559.2383 145 100 43
-177.6252 -465.1216 4565.7607 145 100 42
-173.9628 -465.1216 4565.7607 145 101 44
-170.3004 -465.1216 4565.7607 143 100 44
-166.6381 -465.1216 4565.7607 141 98 41
-162.9757 -465.1216 4565.7607 139 96 40
-159.3133 -465.1216 4565.7607 138 95 40
-155.6509 -465.1216 4565.7607 137 95 40
-151.9886 -465.1216 4565.7607 138 96 42
-148.3262 -465.1216 4565.7607 133 92 39
-144.6638 -465.1216 4565.7607 132 89 39
-141.2034 -465.7880 4572.3018 133 90 41
-137.5358 -465.7880 4572.3018 135 93 42
-133.8682 -465.7880 4572.3018 138 96 45
-130.3874 -466.4562 4578.8618 135 94 43
-126.7145 -466.4562 4578.8618 135 93 43
-123.0416 -466.4562 4578.8618 133 90 42
-119.3687 -466.4562 4578.8618 132 90 42
-115.8621 -467.1265 4585.4409 133 89 41
-112.0230 -466.4562 4578.8618 135 87 40
-108.5058 -467.1265 4585.4409 132 85 37
-104.6772 -466.4562 4578.8618 131 85 36
-101.1494 -467.1265 4585.4409 133 88 38
-97.3314 -466.4562 4578.8618 141 95 41
-93.7931 -467.1265 4585.4409 146 100 42
-90.1150 -467.1265 4585.4409 145 97 41
-86.3128 -466.4562 4578.8618 148 97 39
-82.7586 -467.1265 4585.4409 150 99 39
-78.9670 -466.4562 4578.8618 147 99 40
-75.2941 -466.4562 4578.8618 143 95 38
-71.7242 -467.1265 4585.4409 145 96 40
-68.0460 -467.1265 4585.4409 144 95 37
-64.3678 -467.1265 4585.4409 144 94 37
-60.6897 -467.1265 4585.4409 145 97 42
-57.0115 -467.1265 4585.4409 145 96 41
-53.3333 -467.1265 4585.4409 148 99 41
-49.6552 -467.1265 4585.4409 146 98 39
-45.9770 -467.1265 4585.4409 147 100 40
-42.3597 -467.7986 4592.0386 151 102 42
-38.6207 -467.1265 4585.4409 150 101 40
-34.9425 -467.1265 4585.4409 147 100 41
-31.0857 -464.4572 4559.2383 143 98 40
7.4854 -380.2573 3732.7097 135 95 44
10.4795 -380.2573 3732.7097 132 92 42
13.3953 -378.0465 3711.0078 130 89 39
16.2963 -376.2963 3693.8271 129 87 38
19.1926 -374.9943 3681.0459 130 86 38
22.0944 -374.1312 3672.5740 129 87 40
25.0980 -374.9943 3681.0459 125 85 42
54.0845 -352.2427 3457.7104 187 194 190
56.9197 -352.6248 3461.4607 180 186 179
59.6316 -352.2427 3457.7104 160 167 162
62.3377 -351.8615 3453.9683 126 131 131
65.1788 -352.2427 3457.7104 52 56 70
67.8054 -351.4811 3450.2344 69 74 88
70.4207 -350.7228 3442.7905 88 92 99
73.0248 -349.9677 3435.3787 89 91 94
75.6989 -349.5914 3431.6846 73 75 82
78.2833 -348.8412 3424.3206 41 45 60
80.8565 -348.0942 3416.9880 34 39 58
83.5974 -348.0942 3416.9880 38 43 62
86.2460 -347.7220 3413.3335 38 42 62
88.6994 -346.6098 3402.4165 40 43 62
91.2340 -345.8724 3395.1775 37 40 56
93.5593 -344.4068 3380.7910 40 43 57
95.7640 -342.5923 3362.9788 34 37 49
98.4615 -342.5923 3362.9788 36 39 54
100.9464 -341.8717 3355.9062 35 37 51
103.5294 -341.5126 3352.3811 38 39 52
105.9958 -340.7967 3345.3530 39 40 51
108.6793 -340.7967 3345.3530 35 38 49
111.3627 -340.7967 3345.3530 49 52 62
113.8075 -340.0837 3338.3542 42 45 55
116.4854 -340.0837 3338.3542 47 49 59
119.0387 -339.7283 3334.8660 53 54 66
121.7137 -339.7283 3334.8660 52 54 63
124.2589 -339.3737 3331.3850 52 53 61
126.9311 -339.3737 3331.3850 57 57 64
129.4682 -339.0198 3327.9111 64 64 71
132.1376 -339.0198 3327.9111 86 85 93
134.8071 -339.0198 3327.9111 79 80 83
137.1904 -338.3143 3320.9851 92 94 97
139.7090 -337.9626 3317.5330 88 90 90
142.3701 -337.9626 3317.5330 94 96 95
145.0312 -337.9626 3317.5330 102 103 102
147.3859 -337.2614 3310.6501 103 103 102
150.0415 -337.2614 3310.6501 111 112 110
152.6971 -337.2614 3310.6501 98 98 96
155.1917 -336.9120 3307.2195 93 93 91
158.0083 -337.2614 3310.6501 108 108 104
160.4974 -336.9120 3307.2195 99 99 94
162.9814 -336.5632 3303.7959 101 102 95
165.6315 -336.5632 3303.7959 102 103 94
168.2816 -336.5632 3303.7959 105 105 97
179.0674 -336.9120 3307.2195 107 107 99
181.5321 -336.5632 3303.7959 100 101 92
184.3731 -336.9120 3307.2195 98 98 89
187.4143 -337.6116 3314.0879 108 109 96
190.0727 -337.6116 3314.0879 106 105 93
192.7310 -337.6116 3314.0879 97 96 83
195.1867 -337.2614 3310.6501 117 117 103
197.8423 -337.2614 3310.6501 113 114 100
200.7061 -337.6116 3314.0879 96 97 83
203.3645 -337.6116 3314.0879 108 109 95
206.2370 -337.9626 3317.5330 101 102 86
208.8981 -337.9626 3317.5330 104 103 87
211.7794 -338.3143 3320.9851 106 104 91
214.6667 -338.6667 3324.4446 98 95 80
217.1072 -338.3143 3320.9851 111 109 92
220.0000 -338.6667 3324.4446 110 108 91
222.6667 -338.6667 3324.4446 114 113 94
225.0989 -338.3143 3320.9851 103 102 86
228.0000 -338.6667 3324.4446 105 103 89
230.6667 -338.6667 3324.4446 105 104 88
233.5767 -339.0198 3327.9111 111 110 92
236.4927 -339.3737 3331.3850 107 106 86
239.4148 -339.7283 3334.8660 110 110 89
242.0899 -339.7283 3334.8660 113 113 91
245.0209 -340.0837 3338.3542 112 111 90
247.9581 -340.4398 3341.8501 115 115 93
250.9015 -340.7967 3345.3530 112 112 93
253.5849 -340.7967 3345.3530 106 104 87
256.2684 -340.7967 3345.3530 109 108 90
259.7687 -341.8717 3355.9062 108 107 87
262.7369 -342.2316 3359.4387 107 106 86
265.9916 -342.9536 3366.5261 110 109 89
270.4034 -345.1380 3387.9690 107 106 87
273.7021 -345.8724 3395.1775 110 110 91
276.7199 -346.2407 3398.7932 109 108 89
279.7441 -346.6098 3402.4165 112 111 90
283.3797 -347.7220 3413.3335 112 109 91
286.4240 -348.0942 3416.9880 108 105 90
289.4749 -348.4673 3420.6504 101 102 88
292.5322 -348.8412 3424.3206 90 91 78
295.9140 -349.5914 3431.6846 87 86 76
298.9882 -349.9677 3435.3787 75 76 69
302.7214 -351.1015 3446.5083 61 62 59
306.1472 -351.8615 3453.9683 54 54 54
308.9178 -351.8615 3453.9683 49 49 49
312.3644 -352.6248 3461.4607 35 35 37
315.4832 -353.0076 3465.2190 30 30 35
319.3028 -354.1613 3476.5432 26 26 33
323.1476 -355.3224 3487.9419 24 24 30
328.0968 -357.6678 3510.9646 23 24 28
351.2285 -373.2721 3664.1409 25 25 31
355.8016 -374.9943 3681.0459 22 21 29
358.3410 -374.5622 3676.8049 21 20 28
360.8746 -374.1312 3672.5740 21 22 29
363.4023 -373.7012 3668.3525 23 24 31
366.3448 -373.7012 3668.3525 35 33 37
369.2874 -373.7012 3668.3525 102 85 67
371.8025 -373.2721 3664.1409 146 115 73
554.8670 -508.7950 4994.4707 158 124 73
558.8733 -508.7950 4994.4707 166 139 85
560.2492 -506.4174 4971.1318 168 141 88
563.3593 -505.6299 4963.4009 163 136 83
565.5814 -504.0620 4948.0103 158 129 79
568.6688 -503.2817 4940.3511 154 123 71
571.7466 -502.5039 4932.7153 153 122 66
574.8149 -501.7284 4925.1030 153 121 66
577.8737 -500.9554 4917.5142 149 117 62
581.8182 -500.9554 4917.5142 146 113 58
583.9631 -499.4163 4902.4067 143 109 56
587.8956 -499.4163 4902.4067 143 108 56
590.9203 -498.6504 4894.8877 143 105 55
594.8467 -498.6504 4894.8877 139 95 46
597.8561 -497.8867 4887.3916 139 90 45
601.7764 -497.8867 4887.3916 137 87 46
604.7706 -497.1254 4879.9185 134 81 43
608.6851 -497.1254 4879.9185 135 78 42
612.5994 -497.1254 4879.9185 132 73 37
615.5726 -496.3665 4872.4683 124 66 33
619.4810 -496.3665 4872.4683 110 59 28
622.4391 -495.6098 4865.0410 102 59 26
625.3882 -494.8554 4857.6357 117 76 38
628.3283 -494.1034 4850.2534 134 94 48
632.2189 -494.1034 4850.2534 138 99 46
636.1094 -494.1034 4850.2534 140 102 47
639.0289 -493.3536 4842.8936 146 110 54
641.9394 -492.6061 4835.5557 150 114 56
644.8412 -491.8608 4828.2402 149 111 52
647.7342 -491.1179 4820.9468 150 112 53
651.6013 -491.1179 4820.9468 146 108 49
655.4683 -491.1179 4820.9468 142 103 44
659.3354 -491.1179 4820.9468 141 102 44
663.2025 -491.1179 4820.9468 133 94 40
667.0695 -491.1179 4820.9468 123 81 34
669.9246 -490.3771 4813.6753 119 72 29
673.7858 -490.3771 4813.6753 117 67 29
677.6471 -490.3771 4813.6753 115 63 30
681.5083 -490.3771 4813.6753 114 61 30
685.3696 -490.3771 4813.6753 114 61 32
689.2308 -490.3771 4813.6753 114 61 32
693.0920 -490.3771 4813.6753 114 61 29
696.9532 -490.3771 4813.6753 120 68 34
700.8145 -490.3771 4813.6753 114 65 28
704.6758 -490.3771 4813.6753 116 70 34
708.5370 -490.3771 4813.6753 91 58 31
712.3982 -490.3771 4813.6753 78 42 21
716.2595 -490.3771 4813.6753 100 61 26
720.1207 -490.3771 4813.6753 128 90 40
723.9819 -490.3771 4813.6753 139 104 47
728.9426 -491.1179 4820.9468 140 105 47
731.7044 -490.3771 4813.6753 133 98 43
736.6768 -491.1179 4820.9468 129 92 40
740.5439 -491.1179 4820.9468 128 91 39
745.5371 -491.8608 4828.2402 130 92 40
748.2780 -491.1179 4820.9468 129 91 38
753.2830 -491.8608 4828.2402 128 90 36
756.0121 -491.1179 4820.9468 134 97 44
761.0288 -491.8608 4828.2402 140 104 51
764.9017 -491.8608 4828.2402 140 104 50
768.7747 -491.8608 4828.2402 134 96 42
772.6476 -491.8608 4828.2402 127 88 34
776.5205 -491.8608 4828.2402 125 85 33
781.5758 -492.6061 4835.5557 130 90 41
785.4546 -492.6061 4835.5557 132 90 43
789.3334 -492.6061 4835.5557 128 81 38
793.2122 -492.6061 4835.5557 129 78 40
797.0909 -492.6061 4835.5557 129 78 42
802.1852 -493.3536 4842.8936 127 73 39
806.0699 -493.3536 4842.8936 120 69 35
809.9545 -493.3536 4842.8936 112 64 34
813.8392 -493.3536 4842.8936 112 67 38
818.9666 -494.1034 4850.2534 117 73 40
822.8572 -494.1034 4850.2534 109 71 37
826.7478 -494.1034 4850.2534 98 65 34
831.9026 -494.8554 4857.6357 88 60 31
835.7991 -494.8554 4857.6357 83 58 30
840.9757 -495.6098 4865.0410 98 71 38
844.8781 -495.6098 4865.0410 115 87 48
851.3762 -497.1254 4879.9185 125 94 51
855.2905 -497.1254 4879.9185 126 96 49
860.5208 -497.8867 4887.3916 120 91 43
-453.1453 -462.1721 4501.3638 150 100 40
-449.5346 -462.1721 4501.3638 150 101 42
-445.9239 -462.1721 4501.3638 150 103 45
-442.9379 -462.8249 4507.7212 151 105 45
-439.3221 -462.8249 4507.7212 154 111 49
-386.1757 -464.1360 4520.4912 132 91 37
-383.0923 -464.7944 4526.9033 135 94 38
-379.4610 -464.7944 4526.9033 138 95 40
-375.8298 -464.7944 4526.9033 145 101 42
-372.7273 -465.4546 4533.3335 147 100 39
-369.6160 -466.1167 4539.7822 150 103 42
-365.4546 -465.4546 4533.3335 159 110 48
-362.3329 -466.1167 4539.7822 158 109 43
-359.2023 -466.7807 4546.2490 153 102 38
-354.5455 -465.4546 4533.3335 151 100 37
-350.4114 -464.7944 4526.9033 154 102 39
-347.2727 -465.4546 4533.3335 157 107 42
-343.6364 -465.4546 4533.3335 157 108 40
-340.4837 -466.1167 4539.7822 157 107 40
-336.8421 -466.1167 4539.7822 151 100 35
-333.2006 -466.1167 4539.7822 148 97 34
-329.5591 -466.1167 4539.7822 152 102 40
-326.3818 -466.7807 4546.2490 157 111 47
-322.2760 -466.1167 4539.7822 157 111 45
-318.1819 -465.4546 4533.3335 159 112 45
-313.6544 -464.1360 4520.4912 159 110 43
-309.5898 -463.4795 4514.0972 162 111 42
-305.9689 -463.4795 4514.0972 163 110 40
-301.9209 -462.8249 4507.7212 163 110 40
-297.8844 -462.1721 4501.3638 161 108 39
-294.2737 -462.1721 4501.3638 158 105 38
-291.0735 -462.8249 4507.7212 151 98 35
-243.2000 -468.1143 4559.2383 147 95 39
-239.2012 -467.4465 4552.7344 149 96 38
-224.9143 -468.1143 4559.2383 151 101 41
-221.5737 -468.7840 4565.7607 149 98 39
-217.6000 -468.1143 4559.2383 144 93 35
-213.6377 -467.4465 4552.7344 141 92 36
-209.9857 -467.4465 4552.7344 143 97 41
-206.3338 -467.4465 4552.7344 146 101 44
-202.9714 -468.1143 4559.2383 145 99 42
-199.0300 -467.4465 4552.7344 142 96 42
-195.3780 -467.4465 4552.7344 141 97 42
-192.0000 -468.1143 4559.2383 143 97 43
-188.3429 -468.1143 4559.2383 139 93 41
-184.6857 -468.1143 4559.2383 133 88 38
-181.0286 -468.1143 4559.2383 136 90 41
-177.6252 -468.7840 4565.7607 140 94 42
-173.9628 -468.7840 4565.7607 142 98 43
-170.3004 -468.7840 4565.7607 141 98 42
-166.6381 -468.7840 4565.7607 142 99 43
-162.7429 -468.1143 4559.2383 148 102 44
-159.3133 -468.7840 4565.7607 150 104 42
-155.4286 -468.1143 4559.2383 150 104 43
-151.9886 -468.7840 4565.7607 147 102 45
-148.3262 -468.7840 4565.7607 137 93 41
-144.6638 -468.7840 4565.7607 125 86 38
-141.2034 -469.4556 4572.3018 120 82 39
-137.5358 -469.4556 4572.3018 118 77 38
-133.8682 -469.4556 4572.3018 116 77 40
-130.2006 -469.4556 4572.3018 111 76 40
-126.5330 -469.4556 4572.3018 111 76 40
-122.8653 -469.4556 4572.3018 111 77 40
-119.3687 -470.1292 4578.8618 111 79 41
-115.6958 -470.1292 4578.8618 112 79 39
-112.0230 -470.1292 4578.8618 120 82 41
-108.3501 -470.1292 4578.8618 130 87 42
-104.6772 -470.1292 4578.8618 134 89 39
-101.1494 -470.8047 4585.4409 133 89 39
-97.3314 -470.1292 4578.8618 138 92 44
-93.7931 -470.8047 4585.4409 139 97 45
-89.9857 -470.1292 4578.8618 138 96 42
-86.3128 -470.1292 4578.8618 143 102 49
-82.6399 -470.1292 4578.8618 145 103 48
-78.9670 -470.1292 4578.8618 140 96 40
-75.2941 -470.1292 4578.8618 134 91 38
-71.7242 -470.8047 4585.4409 140 97 43
-68.0460 -470.8047 4585.4409 142 98 43
-64.3678 -470.8047 4585.4409 139 97 42
-60.6897 -470.8047 4585.4409 125 88 42
-57.0115 -470.8047 4585.4409 134 93 43
-53.3333 -470.8047 4585.4409 138 92 42
-49.6552 -470.8047 4585.4409 134 90 40
-45.9770 -470.8047 4585.4409 134 94 44
-42.2989 -470.8047 4585.4409 134 95 44
-38.6207 -470.8047 4585.4409 131 93 42
-34.9425 -470.8047 4585.4409 131 92 44
-31.0857 -468.1143 4559.2383 128 89 45
-27.3504 -466.7807 4546.2490 128 89 45
7.4941 -383.7003 3737.0806 125 88 46
10.4795 -383.2515 3732.7097 120 86 44
13.3953 -381.0233 3711.0078 120 85 43
16.2963 -379.2593 3693.8271 122 84 39
19.2148 -378.3834 3685.2964 126 87 41
22.1453 -377.9470 3681.0459 128 87 42
25.1270 -378.3834 3685.2964 126 88 43
54.0260 -354.6320 3453.9683 189 194 192
56.7965 -354.6320 3453.9683 187 192 189
59.5671 -354.6320 3453.9683 187 191 187
62.2703 -354.2487 3450.2344 145 150 148
65.1082 -354.6320 3453.9683 66 69 79
67.7322 -353.8661 3446.5083 147 152 155
70.3448 -353.1035 3439.0806 181 187 182
72.9462 -352.3441 3431.6846 184 189 184
75.6989 -352.3441 3431.6846 142 148 147
78.2833 -351.5880 3424.3206 44 49 63
80.8565 -350.8351 3416.9880 36 39 62
83.5080 -350.4599 3413.3335 38 41 58
86.2460 -350.4599 3413.3335 57 59 72
88.6049 -348.9670 3398.7932 87 92 93
91.1371 -348.2253 3391.5693 88 93 94
93.5593 -347.1187 3380.7910 83 86 88
95.7640 -345.2898 3362.9788 76 78 80
98.4615 -345.2898 3362.9788 79 80 79
101.0526 -344.9263 3359.4387 62 64 66
103.5294 -344.2017 3352.3811 49 51 58
106.1070 -343.8405 3348.8633 53 55 61
108.6793 -343.4801 3345.3530 42 43 51
111.3627 -343.4801 3345.3530 43 44 53
113.8075 -342.7615 3338.3542 34 36 46
116.4854 -342.7615 3338.3542 32 35 46
119.0387 -342.4034 3334.8660 34 37 51
121.7137 -342.4034 3334.8660 36 38 51
124.2589 -342.0460 3331.3850 30 33 42
126.9311 -342.0460 3331.3850 31 34 42
129.4682 -341.6893 3327.9111 30 33 41
132.1376 -341.6893 3327.9111 38 40 49
134.8071 -341.6893 3327.9111 35 36 44
137.1904 -340.9781 3320.9851 37 37 47
139.7090 -340.6237 3317.5330 38 38 45
142.2222 -340.2700 3314.0879 32 33 43
145.0312 -340.6237 3317.5330 34 36 46
147.3859 -339.9170 3310.6501 33 34 43
149.8860 -339.5648 3307.2195 39 38 47
152.6971 -339.9170 3310.6501 37 34 44
155.0311 -339.2133 3303.7959 37 35 45
157.8446 -339.5648 3307.2195 40 40 48
160.4974 -339.5648 3307.2195 37 37 44
162.9814 -339.2133 3303.7959 40 40 46
178.8820 -339.2133 3303.7959 38 37 42
184.3731 -339.5648 3307.2195 40 41 45
187.2199 -339.9170 3310.6501 39 41 44
189.8755 -339.9170 3310.6501 41 41 45
192.7310 -340.2700 3314.0879 41 41 45
195.3894 -340.2700 3314.0879 47 45 48
197.8423 -339.9170 3310.6501 49 48 49
200.7061 -340.2700 3314.0879 46 45 47
203.5759 -340.6237 3317.5330 44 42 45
206.2370 -340.6237 3317.5330 49 48 49
209.1155 -340.9781 3320.9851 49 47 48
211.7794 -340.9781 3320.9851 45 43 45
214.6667 -341.3333 3324.4446 52 51 50
217.1072 -340.9781 3320.9851 60 59 56
220.0000 -341.3333 3324.4446 57 57 51
222.8989 -341.6893 3327.9111 61 60 55
225.0989 -340.9781 3320.9851 61 60 59
228.0000 -341.3333 3324.4446 59 58 57
230.9072 -341.6893 3327.9111 58 57 55
233.5767 -341.6893 3327.9111 69 68 63
236.7398 -342.4034 3334.8660 74 74 65
239.4148 -342.4034 3334.8660 84 85 74
242.3431 -342.7615 3338.3542 79 80 70
245.2775 -343.1205 3341.8501 86 85 76
247.9581 -343.1205 3341.8501 88 89 77
250.9015 -343.4801 3345.3530 78 77 70
253.5849 -343.4801 3345.3530 70 69 64
256.5373 -343.8405 3348.8633 75 75 69
260.0421 -344.9263 3359.4387 75 76 69
262.7369 -344.9263 3359.4387 64 65 61
265.9916 -345.6540 3366.5261 67 65 61
270.6908 -348.2253 3391.5693 60 58 55
273.7021 -348.5958 3395.1775 59 58 56
276.7199 -348.9670 3398.7932 59 59 56
280.0427 -349.7119 3406.0479 58 58 57
283.6831 -350.8351 3416.9880 48 47 47
286.4240 -350.8351 3416.9880 47 45 47
289.7854 -351.5880 3424.3206 38 37 39
292.8464 -351.9657 3427.9988 30 29 33
296.2325 -352.7234 3435.3787 24 23 29
299.3104 -353.1035 3439.0806 19 20 25
303.0487 -354.2487 3450.2344 18 20 26
306.4789 -355.0163 3457.7104 18 19 25
309.2525 -355.0163 3457.7104 16 17 22
312.7036 -355.7872 3465.2190 16 16 20
315.8261 -356.1739 3468.9856 19 18 24
319.6511 -357.3392 3480.3345 19 19 25
323.5011 -358.5121 3491.7578 20 20 27
328.0968 -360.4841 3510.9646 20 19 26
348.6897 -376.6437 3668.3525 21 21 27
351.2285 -376.2113 3664.1409 21 21 27
355.8016 -377.9470 3681.0459 20 20 27
358.3410 -377.5115 3676.8049 20 19 27
360.8746 -377.0771 3672.5740 20 20 26
363.4023 -376.6437 3668.3525 22 23 30
366.3448 -376.6437 3668.3525 32 31 37
369.2874 -376.6437 3668.3525 88 72 56
372.2299 -376.6437 3668.3525 146 112 69
558.8733 -512.8013 4994.4707 133 92 53
560.2492 -510.4050 4971.1318 152 116 68
563.3593 -509.6112 4963.4009 164 135 81
566.4597 -508.8199 4955.6938 165 139 82
569.5504 -508.0310 4948.0103 162 135 80
572.6317 -507.2446 4940.3511 155 126 73
574.8149 -505.6790 4925.1030 151 121 68
578.7654 -505.6790 4925.1030 150 120 66
581.8182 -504.8999 4917.5142 149 118 63
584.8616 -504.1231 4909.9487 146 114 58
587.8956 -503.3487 4902.4067 144 111 55
590.9203 -502.5767 4894.8877 142 107 53
594.8467 -502.5767 4894.8877 140 105 52
598.7731 -502.5767 4894.8877 138 103 51
601.7764 -501.8071 4887.3916 136 98 48
605.6968 -501.8071 4887.3916 134 90 44
608.6851 -501.0398 4879.9185 130 82 40
612.5994 -501.0398 4879.9185 127 78 37
615.5726 -500.2748 4872.4683 125 74 36
619.4810 -500.2748 4872.4683 124 71 37
622.4391 -499.5122 4865.0410 127 72 40
625.3882 -498.7519 4857.6357 126 70 37
629.2847 -498.7519 4857.6357 127 70 37
632.2189 -497.9940 4850.2534 133 81 42
636.1094 -497.9940 4850.2534 142 98 50
639.0289 -497.2383 4842.8936 143 103 50
642.9136 -497.2383 4842.8936 139 99 45
645.8182 -496.4849 4835.5557 140 104 47
648.7141 -495.7338 4828.2402 148 115 55
652.5870 -495.7338 4828.2402 148 111 51
656.4600 -495.7338 4828.2402 146 109 50
660.3329 -495.7338 4828.2402 146 108 49
664.2058 -495.7338 4828.2402 140 101 41
667.0695 -494.9849 4820.9468 129 90 34
670.9366 -494.9849 4820.9468 115 78 32
674.8036 -494.9849 4820.9468 124 85 38
678.6708 -494.9849 4820.9468 117 75 31
681.5083 -494.2383 4813.6753 113 64 27
685.3696 -494.2383 4813.6753 113 62 28
689.2308 -494.2383 4813.6753 111 59 27
693.0920 -494.2383 4813.6753 109 58 28
696.9532 -494.2383 4813.6753 110 58 29
701.8731 -494.9849 4820.9468 117 65 33
705.7402 -494.9849 4820.9468 120 66 33
709.6073 -494.9849 4820.9468 121 65 34
713.4744 -494.9849 4820.9468 117 61 32
717.3414 -494.9849 4820.9468 113 58 27
721.2085 -494.9849 4820.9468 116 66 31
725.0756 -494.9849 4820.9468 112 69 29
728.9426 -494.9849 4820.9468 116 77 33
732.8098 -494.9849 4820.9468 132 95 45
736.6768 -494.9849 4820.9468 143 106 51
740.5439 -494.9849 4820.9468 140 105 47
745.5371 -495.7338 4828.2402 132 97 40
749.4100 -495.7338 4828.2402 121 88 34
753.2830 -495.7338 4828.2402 123 87 35
757.1559 -495.7338 4828.2402 128 90 39
761.0288 -495.7338 4828.2402 128 90 38
764.9017 -495.7338 4828.2402 128 89 38
769.9395 -496.4849 4835.5557 134 96 45
773.8182 -496.4849 4835.5557 142 104 50
777.6970 -496.4849 4835.5557 141 105 48
781.5758 -496.4849 4835.5557 134 98 42
785.4546 -496.4849 4835.5557 128 88 37
789.3334 -496.4849 4835.5557 124 86 36
794.4159 -497.2383 4842.8936 128 89 41
798.3005 -497.2383 4842.8936 131 93 45
802.1852 -497.2383 4842.8936 132 93 47
806.0699 -497.2383 4842.8936 133 88 44
811.1854 -497.9940 4850.2534 130 83 40
815.0760 -497.9940 4850.2534 130 79 41
820.2131 -498.7519 4857.6357 126 73 37
824.1096 -498.7519 4857.6357 118 68 34
828.0062 -498.7519 4857.6357 114 67 34
833.1708 -499.5122 4865.0410 113 67 36
837.0732 -499.5122 4865.0410 112 69 39
842.2596 -500.2748 4872.4683 108 69 38
846.1680 -500.2748 4872.4683 95 61 33
851.3762 -501.0398 4879.9185 89 57 30
856.6004 -501.8071 4887.3916 94 64 33
860.5208 -501.8071 4887.3916 109 80 43
-453.1453 -465.7829 4501.3638 138 92 36
-449.5346 -465.7829 4501.3638 131 88 36
-445.9239 -465.7829 4501.3638 129 89 40
-442.9379 -466.4407 4507.7212 132 93 43
-439.3221 -466.4407 4507.7212 139 101 48
-435.0917 -465.7829 4501.3638 139 101 47
-431.4810 -465.7829 4501.3638 138 97 41
-401.2483 -468.4255 4526.9033 132 90 39
-397.0538 -467.7621 4520.4912 129 89 38
-393.4278 -467.7621 4520.4912 128 90 39
-389.8017 -467.7621 4520.4912 128 89 38
-386.1757 -467.7621 4520.4912 124 87 38
-383.0923 -468.4255 4526.9033 122 85 38
-379.4610 -468.4255 4526.9033 127 88 44
-375.8298 -468.4255 4526.9033 129 90 43
-372.7273 -469.0909 4533.3335 132 90 39
-369.0909 -469.0909 4533.3335 137 93 40
-365.4546 -469.0909 4533.3335 138 93 39
-362.3329 -469.7582 4539.7822 137 90 39
-358.6914 -469.7582 4539.7822 138 91 39
-354.5455 -469.0909 4533.3335 141 94 40
-350.4114 -468.4255 4526.9033 138 91 38
-347.2727 -469.0909 4533.3335 139 93 41
-344.1252 -469.7582 4539.7822 139 95 41
-340.4837 -469.7582 4539.7822 145 100 42
-336.8421 -469.7582 4539.7822 148 101 43
-332.7273 -469.0909 4533.3335 146 97 39
-329.5591 -469.7582 4539.7822 142 94 38
-325.9175 -469.7582 4539.7822 138 93 39
-322.2760 -469.7582 4539.7822 134 88 38
-318.1819 -469.0909 4533.3335 135 90 39
-313.6544 -467.7621 4520.4912 134 89 39
-309.5898 -467.1005 4514.0972 127 82 35
-305.9689 -467.1005 4514.0972 124 81 35
-302.3480 -467.1005 4514.0972 126 84 37
-298.7271 -467.1005 4514.0972 131 86 38
-294.6893 -466.4407 4507.7212 129 84 34
-291.4852 -467.1005 4514.0972 133 87 37
-287.8642 -467.1005 4514.0972 136 89 39
-284.2433 -467.1005 4514.0972 136 89 38
-280.2260 -466.4407 4507.7212 129 82 34
-276.6102 -466.4407 4507.7212 123 78 33
-250.1569 -471.0985 4552.7344 128 87 40
-246.8572 -471.7715 4559.2383 129 84 36
-243.2000 -471.7715 4559.2383 125 80 33
-238.8604 -470.4274 4546.2490 118 75 30
-235.5492 -471.0985 4552.7344 120 77 35
-231.8973 -471.0985 4552.7344 122 79 37
-228.2454 -471.0985 4552.7344 123 81 38
-224.9143 -471.7715 4559.2383 124 82 39
-221.2572 -471.7715 4559.2383 122 80 39
-217.6000 -471.7715 4559.2383 115 73 34
-213.6377 -471.0985 4552.7344 110 70 32
-209.9857 -471.0985 4552.7344 109 72 35
-206.3338 -471.0985 4552.7344 108 71 37
-202.6819 -471.0985 4552.7344 101 67 33
-199.0300 -471.0985 4552.7344 94 64 32
-195.3780 -471.0985 4552.7344 88 61 30
-191.7261 -471.0985 4552.7344 90 62 32
-188.3429 -471.7715 4559.2383 94 63 33
-184.6857 -471.7715 4559.2383 95 63 32
-180.7703 -471.0985 4552.7344 96 64 31
-177.3714 -471.7715 4559.2383 99 65 31
-173.7143 -471.7715 4559.2383 100 67 31
-170.0572 -471.7715 4559.2383 102 69 33
-166.4000 -471.7715 4559.2383 106 71 35
-162.7429 -471.7715 4559.2383 108 72 34
-159.0857 -471.7715 4559.2383 107 72 31
-155.4286 -471.7715 4559.2383 107 74 34
-151.9886 -472.4464 4565.7607 97 66 29
-148.3262 -472.4464 4565.7607 90 59 28
-144.6638 -472.4464 4565.7607 82 54 29
-141.0014 -472.4464 4565.7607 72 49 26
-137.3391 -472.4464 4565.7607 67 47 23
-133.6767 -472.4464 4565.7607 61 45 23
-130.2006 -473.1232 4572.3018 58 44 26
-126.5330 -473.1232 4572.3018 57 43 25
-122.8653 -473.1232 4572.3018 62 47 28
-119.1977 -473.1232 4572.3018 66 47 27
-115.5301 -473.1232 4572.3018 71 50 27
-111.8625 -473.1232 4572.3018 77 54 27
-108.3501 -473.8020 4578.8618 93 63 34
-104.6772 -473.8020 4578.8618 96 63 32
-101.0043 -473.8020 4578.8618 96 65 31
-97.3314 -473.8020 4578.8618 97 65 32
-93.7931 -474.4828 4585.4409 96 64 32
-89.9857 -473.8020 4578.8618 92 62 27
-86.3128 -473.8020 4578.8618 97 63 31
-82.6399 -473.8020 4578.8618 101 68 33
-78.9670 -473.8020 4578.8618 101 69 31
-75.2941 -473.8020 4578.8618 98 64 28
-71.7242 -474.4828 4585.4409 94 60 27
-67.9484 -473.8020 4578.8618 90 57 26
-64.2755 -473.8020 4578.8618 83 53 23
-60.6026 -473.8020 4578.8618 75 52 24
-57.0115 -474.4828 4585.4409 75 50 24
-53.2568 -473.8020 4578.8618 75 49 23
-49.6552 -474.4828 4585.4409 78 53 26
-45.9110 -473.8020 4578.8618 82 57 30
-42.2989 -474.4828 4585.4409 82 55 28
-38.5653 -473.8020 4578.8618 83 55 26
-34.8924 -473.8020 4578.8618 80 50 25
-31.1302 -472.4464 4565.7607 74 47 22
-27.4286 -471.7715 4559.2383 74 47 21
7.5117 -387.6057 3745.8530 71 44 20
10.4918 -386.6979 3737.0806 70 44 21
13.4266 -384.8951 3719.6582 66 41 18
16.3341 -383.1091 3702.3977 67 43 21
19.2816 -382.6651 3698.1074 67 44 23
22.2480 -382.6651 3698.1074 67 46 23
25.1852 -382.2222 3693.8271 68 47 25
53.9676 -357.0163 3450.2344 171 176 177
56.7351 -357.0163 3450.2344 172 178 177
59.5027 -357.0163 3450.2344 169 174 173
62.2030 -356.6307 3446.5083 183 188 184
65.0378 -357.0163 3450.2344 107 111 112
67.7322 -356.6307 3446.5083 150 155 155
70.3448 -355.8621 3439.0806 179 184 180
72.9462 -355.0968 3431.6846 178 184 178
75.6176 -354.7154 3427.9988 125 129 131
78.2833 -354.3348 3424.3206 42 47 64
80.8565 -353.5760 3416.9880 37 42 65
83.5080 -353.1979 3413.3335 37 41 63
86.1539 -352.8205 3409.6868 89 92 100
88.6049 -351.6933 3398.7932 153 159 153
91.1371 -350.9458 3391.5693 169 173 166
93.5593 -349.8305 3380.7910 167 173 163
95.7640 -347.9874 3362.9788 166 172 163
98.4615 -347.9874 3362.9788 161 166 156
101.0526 -347.6211 3359.4387 152 155 147
103.5294 -346.8908 3352.3811 130 132 124
106.1070 -346.5268 3348.8633 130 132 122
108.7933 -346.5268 3348.8633 110 113 102
111.3627 -346.1635 3345.3530 106 108 101
113.8075 -345.4393 3338.3542 74 76 77
116.4854 -345.4393 3338.3542 41 43 49
119.0387 -345.0784 3334.8660 68 72 72
121.5866 -344.7182 3331.3850 67 70 71
124.2589 -344.7182 3331.3850 59 62 63
126.9311 -344.7182 3331.3850 60 62 63
129.4682 -344.3587 3327.9111 61 62 63
132.1376 -344.3587 3327.9111 52 52 54
134.8071 -344.3587 3327.9111 50 50 51
137.1904 -343.6421 3320.9851 48 47 50
139.7090 -343.2849 3317.5330 45 44 47
142.3701 -343.2849 3317.5330 34 34 40
145.0312 -343.2849 3317.5330 24 26 33
147.3859 -342.5726 3310.6501 22 25 32
149.8860 -342.2177 3307.2195 26 30 37
152.6971 -342.5726 3310.6501 32 32 37
155.0311 -341.8634 3303.7959 30 30 36
157.8446 -342.2177 3307.2195 30 31 37
160.4974 -342.2177 3307.2195 27 28 34
162.8128 -341.5098 3300.3792 24 26 32
178.8820 -341.8634 3303.7959 23 22 30
181.5321 -341.8634 3303.7959 23 21 28
184.3731 -342.2177 3307.2195 19 20 26
187.2199 -342.5726 3310.6501 19 22 28
189.8755 -342.5726 3310.6501 21 21 26
192.7310 -342.9284 3314.0879 19 19 25
195.3894 -342.9284 3314.0879 20 20 25
197.8423 -342.5726 3310.6501 20 20 24
200.7061 -342.9284 3314.0879 20 19 23
203.5759 -343.2849 3317.5330 21 20 24
206.2370 -343.2849 3317.5330 20 19 24
209.1155 -343.6421 3320.9851 20 19 24
211.7794 -343.6421 3320.9851 19 19 24
214.6667 -344.0000 3324.4446 20 19 25
217.1072 -343.6421 3320.9851 18 18 24
220.0000 -344.0000 3324.4446 19 20 22
222.8989 -344.3587 3327.9111 20 20 24
225.0989 -343.6421 3320.9851 20 20 26
228.0000 -344.0000 3324.4446 18 18 22
231.1483 -344.7182 3331.3850 19 19 23
233.5767 -344.3587 3327.9111 21 20 24
236.7398 -345.0784 3334.8660 21 20 24
239.4148 -345.0784 3334.8660 22 22 25
242.3431 -345.4393 3338.3542 22 22 26
245.0209 -345.4393 3338.3542 25 25 27
247.9581 -345.8011 3341.8501 27 27 29
250.9015 -346.1635 3345.3530 23 22 26
253.5849 -346.1635 3345.3530 22 21 26
256.2684 -346.1635 3345.3530 21 21 24
259.7687 -347.2556 3355.9062 20 20 24
262.4606 -347.2556 3355.9062 17 18 23
265.7113 -347.9874 3362.9788 18 18 21
270.6908 -350.9458 3391.5693 15 16 19
273.4113 -350.9458 3391.5693 16 17 22
276.7199 -351.6933 3398.7932 17 18 23
280.0427 -352.4440 3406.0479 18 18 23
283.6831 -353.5760 3416.9880 16 16 21
286.4240 -353.5760 3416.9880 17 16 21
289.4749 -353.9550 3420.6504 16 16 20
292.8464 -354.7154 3427.9988 16 15 19
296.2325 -355.4790 3435.3787 15 15 20
299.3104 -355.8621 3439.0806 14 16 20
303.0487 -357.0163 3450.2344 15 16 20
306.4789 -357.7899 3457.7104 15 15 21
309.2525 -357.7899 3457.7104 17 16 23
312.7036 -358.5668 3465.2190 17 16 22
316.1698 -359.3471 3472.7603 17 16 22
319.6511 -360.1309 3480.3345 18 18 24
323.5011 -361.3129 3491.7578 18 18 25
328.0968 -363.3004 3510.9646 19 19 26
331.6428 -364.1015 3518.7065 19 20 26
349.0909 -380.0230 3672.5740 21 21 28
351.2285 -379.1504 3664.1409 21 21 30
355.8016 -380.8997 3681.0459 19 20 28
358.3410 -380.4608 3676.8049 20 20 28
360.8746 -380.0230 3672.5740 20 20 28
363.4023 -379.5862 3668.3525 23 22 30
366.3448 -379.5862 3668.3525 31 27 35
369.7123 -380.0230 3672.5740 85 69 55
372.2299 -379.5862 3668.3525 145 111 68
375.1724 -379.5862 3668.3525 153 117 65
561.1232 -515.1950 4978.8872 87 50 29
564.2368 -514.3925 4971.1318 101 68 39
566.4597 -512.7950 4955.6938 133 102 62
569.5504 -512.0000 4948.0103 159 128 78
572.6317 -511.2075 4940.3511 163 131 75
575.7032 -510.4173 4932.7153 160 129 73
579.6600 -510.4173 4932.7153 154 125 69
582.7161 -509.6297 4925.1030 150 120 67
585.7628 -508.8444 4917.5142 147 115 62
588.8000 -508.0616 4909.9487 150 117 64
591.8280 -507.2812 4902.4067 145 112 58
595.7604 -507.2812 4902.4067 141 106 50
598.7731 -506.5031 4894.8877 140 105 49
602.6994 -506.5031 4894.8877 137 101 47
606.6258 -506.5031 4894.8877 133 96 44
609.6172 -505.7274 4887.3916 131 95 43
613.5376 -505.7274 4887.3916 131 94 43
616.5138 -504.9542 4879.9185 126 87 41
620.4282 -504.9542 4879.9185 120 79 37
623.3893 -504.1832 4872.4683 117 73 33
626.3415 -503.4147 4865.0410 113 66 32
630.2440 -503.4147 4865.0410 115 66 34
633.1812 -502.6484 4857.6357 113 63 33
637.0776 -502.6484 4857.6357 112 62 32
640.0001 -501.8845 4850.2534 110 62 32
642.9136 -501.1230 4842.8936 121 79 42
645.8182 -500.3637 4835.5557 135 96 47
649.6970 -500.3637 4835.5557 142 102 48
652.5870 -499.6067 4828.2402 138 102 46
657.4546 -500.3637 4835.5557 140 105 50
660.3329 -499.6067 4828.2402 143 105 49
664.2058 -499.6067 4828.2402 135 96 41
668.0787 -499.6067 4828.2402 140 101 45
670.9366 -498.8520 4820.9468 137 100 43
674.8036 -498.8520 4820.9468 133 95 39
678.6708 -498.8520 4820.9468 128 88 36
682.5378 -498.8520 4820.9468 126 85 36
686.4049 -498.8520 4820.9468 124 84 34
690.2720 -498.8520 4820.9468 119 81 35
694.1390 -498.8520 4820.9468 113 73 32
698.0060 -498.8520 4820.9468 111 65 31
701.8731 -498.8520 4820.9468 110 62 28
705.7402 -498.8520 4820.9468 109 59 27
709.6073 -498.8520 4820.9468 103 54 25
713.4744 -498.8520 4820.9468 96 47 23
717.3414 -498.8520 4820.9468 99 47 24
721.2085 -498.8520 4820.9468 106 53 27
725.0756 -498.8520 4820.9468 112 60 30
728.9426 -498.8520 4820.9468 118 66 33
732.8098 -498.8520 4820.9468 115 64 29
737.7913 -499.6067 4828.2402 112 64 28
741.6642 -499.6067 4828.2402 121 77 36
745.5371 -499.6067 4828.2402 135 96 44
750.5455 -500.3637 4835.5557 141 107 49
753.2830 -499.6067 4828.2402 137 104 45
757.1559 -499.6067 4828.2402 128 93 38
762.1819 -500.3637 4835.5557 120 85 35
766.0607 -500.3637 4835.5557 118 82 33
769.9395 -500.3637 4835.5557 121 85 36
773.8182 -500.3637 4835.5557 124 87 38
777.6970 -500.3637 4835.5557 124 86 37
781.5758 -500.3637 4835.5557 127 88 39
786.6465 -501.1230 4842.8936 133 95 44
790.5312 -501.1230 4842.8936 137 101 47
794.4159 -501.1230 4842.8936 139 103 49
798.3005 -501.1230 4842.8936 133 97 44
803.4043 -501.8845 4850.2534 126 91 41
807.2949 -501.8845 4850.2534 126 90 39
811.1854 -501.8845 4850.2534 126 91 42
816.3167 -502.6484 4857.6357 130 94 47
821.4635 -503.4147 4865.0410 131 91 45
824.1096 -502.6484 4857.6357 128 85 41
829.2684 -503.4147 4865.0410 127 81 41
833.1708 -503.4147 4865.0410 121 73 39
838.3512 -504.1832 4872.4683 116 69 37
843.5474 -504.9542 4879.9185 112 66 34
847.4619 -504.9542 4879.9185 105 60 30
852.6799 -505.7274 4887.3916 100 55 27
856.6004 -505.7274 4887.3916 95 53 30
861.8406 -506.5031 4894.8877 88 49 27
-453.1453 -469.3936 4501.3638 93 61 25
-449.5346 -469.3936 4501.3638 89 58 24
-445.9239 -469.3936 4501.3638 81 53 22
-442.9379 -470.0565 4507.7212 84 57 25
-439.3221 -470.0565 4507.7212 90 64 27
-435.0917 -469.3936 4501.3638 93 64 28
-431.4810 -469.3936 4501.3638 93 62 26
-428.4745 -470.0565 4507.7212 95 63 24
-424.8588 -470.0565 4507.7212 88 58 22
-421.2429 -470.0565 4507.7212 86 56 22
-418.2178 -470.7214 4514.0972 86 55 23
-414.5969 -470.7214 4514.0972 84 57 25
-410.9760 -470.7214 4514.0972 79 53 21
-407.3550 -470.7214 4514.0972 77 50 19
-404.3060 -471.3882 4520.4912 81 53 21
-400.6799 -471.3882 4520.4912 79 51 20
-397.0538 -471.3882 4520.4912 74 51 23
-393.4278 -471.3882 4520.4912 68 48 22
-389.8017 -471.3882 4520.4912 67 49 24
-386.1757 -471.3882 4520.4912 63 48 23
-382.5496 -471.3882 4520.4912 79 58 28
-379.4610 -472.0568 4526.9033 86 58 25
-375.2975 -471.3882 4520.4912 87 57 25
-372.1986 -472.0568 4526.9033 89 57 24
-369.0909 -472.7273 4533.3335 94 62 26
-365.4546 -472.7273 4533.3335 88 58 22
-361.8182 -472.7273 4533.3335 82 53 21
-358.6914 -473.3997 4539.7822 84 53 22
-354.0426 -472.0568 4526.9033 86 53 22
-350.4114 -472.0568 4526.9033 86 53 21
-347.2727 -472.7273 4533.3335 81 49 19
-344.1252 -473.3997 4539.7822 77 48 19
-340.4837 -473.3997 4539.7822 81 51 20
-336.8421 -473.3997 4539.7822 83 52 19
-332.7273 -472.7273 4533.3335 77 47 17
-329.5591 -473.3997 4539.7822 76 44 17
-325.9175 -473.3997 4539.7822 77 47 20
-322.2760 -473.3997 4539.7822 71 44 18
-318.1819 -472.7273 4533.3335 70 45 19
-313.6544 -471.3882 4520.4912 69 45 20
-310.0284 -471.3882 4520.4912 64 41 15
-306.4023 -471.3882 4520.4912 62 39 16
-302.7762 -471.3882 4520.4912 65 41 16
-299.1502 -471.3882 4520.4912 65 41 16
-295.1061 -470.7214 4514.0972 67 41 17
-291.8980 -471.3882 4520.4912 66 40 15
-288.2720 -471.3882 4520.4912 69 42 17
-284.6459 -471.3882 4520.4912 69 41 17
-280.6224 -470.7214 4514.0972 59 35 13
-277.0014 -470.7214 4514.0972 60 37 16
-272.9944 -470.0565 4507.7212 65 43 17
-269.7596 -470.7214 4514.0972 65 41 15
-266.8936 -472.0568 4526.9033 69 42 17
-263.6364 -472.7273 4533.3335 72 42 15
-260.7408 -474.0741 4546.2490 68 41 14
-256.7283 -473.3997 4539.7822 69 42 17
-253.4473 -474.0741 4546.2490 67 39 16
-250.1569 -474.7504 4552.7344 60 34 13
-246.5050 -474.7504 4552.7344 56 33 13
-242.8531 -474.7504 4552.7344 67 41 17
-238.8604 -474.0741 4546.2490 75 45 19
-235.2137 -474.0741 4546.2490 74 43 17
-231.5670 -474.0741 4546.2490 73 42 16
-228.2454 -474.7504 4552.7344 73 43 18
-224.5934 -474.7504 4552.7344 69 40 16
-221.2572 -475.4286 4559.2383 67 39 17
-217.6000 -475.4286 4559.2383 65 37 14
-213.6377 -474.7504 4552.7344 56 32 13
-209.9857 -474.7504 4552.7344 52 31 14
-206.3338 -474.7504 4552.7344 51 32 15
-202.6819 -474.7504 4552.7344 48 32 14
-199.0300 -474.7504 4552.7344 45 31 13
-195.3780 -474.7504 4552.7344 41 31 14
-191.7261 -474.7504 4552.7344 43 31 16
-188.0742 -474.7504 4552.7344 41 28 12
-184.6857 -475.4286 4559.2383 43 28 12
-180.7703 -474.7504 4552.7344 44 28 13
-177.3714 -475.4286 4559.2383 41 27 11
-173.7143 -475.4286 4559.2383 42 27 11
-170.0572 -475.4286 4559.2383 50 33 15
-166.4000 -475.4286 4559.2383 51 33 12
-162.7429 -475.4286 4559.2383 51 33 13
-159.0857 -475.4286 4559.2383 51 34 14
-155.4286 -475.4286 4559.2383 50 33 15
-151.7714 -475.4286 4559.2383 46 31 13
-148.1143 -475.4286 4559.2383 46 30 13
-144.6638 -476.1087 4565.7607 45 27 13
-141.0014 -476.1087 4565.7607 43 27 13
-137.3391 -476.1087 4565.7607 51 35 16
-133.6767 -476.1087 4565.7607 44 31 12
-130.2006 -476.7909 4572.3018 37 28 12
-126.3519 -476.1087 4565.7607 39 29 14
-122.6896 -476.1087 4565.7607 45 32 16
-119.1977 -476.7909 4572.3018 48 31 15
-115.5301 -476.7909 4572.3018 50 30 13
-111.8625 -476.7909 4572.3018 48 30 13
-108.1948 -476.7909 4572.3018 44 28 13
-104.5272 -476.7909 4572.3018 45 30 12
-101.0043 -477.4749 4578.8618 60 39 17
-97.3314 -477.4749 4578.8618 61 37 13
-93.6585 -477.4749 4578.8618 60 37 14
-89.9857 -477.4749 4578.8618 58 37 16
-86.3128 -477.4749 4578.8618 61 40 17
-82.6399 -477.4749 4578.8618 68 45 19
-78.9670 -477.4749 4578.8618 69 45 19
-75.2941 -477.4749 4578.8618 64 41 17
-71.6212 -477.4749 4578.8618 53 34 13
-67.9484 -477.4749 4578.8618 57 37 15
-64.2755 -477.4749 4578.8618 72 48 22
-60.6026 -477.4749 4578.8618 66 42 16
-56.9297 -477.4749 4578.8618 65 43 18
-53.2568 -477.4749 4578.8618 66 42 17
-49.5839 -477.4749 4578.8618 64 41 17
-45.9110 -477.4749 4578.8618 65 42 18
-42.2382 -477.4749 4578.8618 66 41 16
-38.5653 -477.4749 4578.8618 61 40 16
-34.8924 -477.4749 4578.8618 44 28 9
-31.1748 -476.7909 4572.3018 45 29 12
-27.4678 -476.1087 4565.7607 56 37 16
-23.7714 -475.4286 4559.2383 65 43 19
10.5041 -390.1524 3741.4617 64 42 16
13.4422 -388.3314 3723.9985 57 36 13
16.3531 -386.5273 3706.6978 54 35 16
19.3264 -386.5273 3706.6978 52 38 20
22.2997 -386.5273 3706.6978 57 42 21
25.2436 -386.0789 3702.3977 57 40 20
53.9093 -359.3953 3446.5083 161 166 167
56.6739 -359.3953 3446.5083 135 141 142
59.4384 -359.3953 3446.5083 120 125 131
62.1359 -359.0076 3442.7905 187 192 191
64.9676 -359.3953 3446.5083 96 100 107
67.6591 -359.0076 3442.7905 82 85 98
70.2691 -358.2347 3435.3787 168 172 170
72.8679 -357.4651 3427.9988 164 167 164
75.6176 -357.4651 3427.9988 77 79 92
78.1994 -356.6989 3420.6504 38 42 65
80.8565 -356.3169 3416.9880 35 39 59
83.5080 -355.9359 3413.3335 37 41 61
86.1539 -355.5556 3409.6868 83 89 98
88.6049 -354.4196 3398.7932 153 159 157
91.1371 -353.6663 3391.5693 172 177 172
93.5593 -352.5424 3380.7910 167 173 166
95.7640 -350.6850 3362.9788 161 167 161
98.4615 -350.6850 3362.9788 161 167 164
101.0526 -350.3158 3359.4387 163 168 164
103.6383 -349.9474 3355.9062 146 150 145
106.1070 -349.2130 3348.8633 154 160 152
108.7933 -349.2130 3348.8633 160 165 156
111.3627 -348.8470 3345.3530 145 151 144
113.8075 -348.1172 3338.3542 84 88 90
116.4854 -348.1172 3338.3542 59 60 65
119.0387 -347.7534 3334.8660 134 139 132
121.5866 -347.3904 3331.3850 142 146 137
124.2589 -347.3904 3331.3850 142 147 136
126.9311 -347.3904 3331.3850 135 138 125
129.4682 -347.0282 3327.9111 145 146 132
132.1376 -347.0282 3327.9111 127 128 113
134.8071 -347.0282 3327.9111 115 117 102
137.1904 -346.3059 3320.9851 117 118 104
139.7090 -345.9460 3317.5330 107 108 95
142.3701 -345.9460 3317.5330 65 65 62
145.0312 -345.9460 3317.5330 27 27 34
147.3859 -345.2282 3310.6501 29 30 38
150.0415 -345.2282 3310.6501 53 55 56
152.6971 -345.2282 3310.6501 68 71 62
155.0311 -344.5135 3303.7959 74 76 66
157.8446 -344.8705 3307.2195 80 82 72
160.4974 -344.8705 3307.2195 68 69 58
162.8128 -344.1572 3300.3792 44 45 42
176.0497 -344.1572 3300.3792 53 52 45
178.8820 -344.5135 3303.7959 58 57 52
181.5321 -344.5135 3303.7959 46 46 44
184.3731 -344.8705 3307.2195 25 24 29
187.2199 -345.2282 3310.6501 33 32 37
189.8755 -345.2282 3310.6501 39 39 40
192.7310 -345.5867 3314.0879 34 35 33
195.3894 -345.5867 3314.0879 40 41 38
198.0478 -345.5867 3314.0879 42 42 39
200.7061 -345.5867 3314.0879 42 43 38
203.5759 -345.9460 3317.5330 38 36 33
206.4516 -346.3059 3320.9851 33 32 30
209.1155 -346.3059 3320.9851 30 30 30
211.7794 -346.3059 3320.9851 25 26 26
214.6667 -346.6667 3324.4446 16 17 21
217.1072 -346.3059 3320.9851 15 15 21
220.0000 -346.6667 3324.4446 20 20 22
222.8989 -347.0282 3327.9111 25 25 26
225.3333 -346.6667 3324.4446 24 25 24
228.0000 -346.6667 3324.4446 23 23 23
231.1483 -347.3904 3331.3850 23 22 23
233.8205 -347.3904 3331.3850 19 20 22
236.7398 -347.7534 3334.8660 14 16 19
239.6653 -348.1172 3338.3542 14 16 18
242.3431 -348.1172 3338.3542 18 19 21
245.0209 -348.1172 3338.3542 19 20 21
247.9581 -348.4817 3341.8501 19 20 20
250.9015 -348.8470 3345.3530 18 19 20
253.5849 -348.8470 3345.3530 18 18 21
256.5373 -349.2130 3348.8633 15 16 19
260.0421 -350.3158 3359.4387 15 15 19
262.7369 -350.3158 3359.4387 14 15 20
265.9916 -351.0549 3366.5261 16 17 21
270.4034 -353.2909 3387.9690 13 14 18
273.4113 -353.6663 3391.5693 15 15 20
276.7199 -354.4196 3398.7932 15 14 20
280.0427 -355.1761 3406.0479 15 15 20
283.6831 -356.3169 3416.9880 14 14 20
286.7310 -356.6989 3420.6504 15 16 20
289.7854 -357.0816 3424.3206 15 15 20
292.8464 -357.4651 3427.9988 15 15 20
295.9140 -357.8495 3431.6846 14 14 19
298.9882 -358.2347 3435.3787 14 15 19
303.0487 -359.7838 3450.2344 13 15 20
306.4789 -360.5634 3457.7104 13 16 21
309.5879 -360.9545 3461.4607 15 18 22
312.7036 -361.3464 3465.2190 14 17 22
315.8261 -361.7391 3468.9856 16 17 24
319.3028 -362.5273 3476.5432 16 19 26
323.5011 -364.1138 3491.7578 17 19 26
328.0968 -366.1166 3510.9646 20 20 28
349.0909 -382.9690 3672.5740 18 20 28
351.2285 -382.0896 3664.1409 17 20 27
355.3917 -383.4102 3676.8049 18 20 27
357.9287 -382.9690 3672.5740 18 20 27
360.4598 -382.5288 3668.3525 20 22 29
362.9851 -382.0896 3664.1409 24 23 31
365.9242 -382.0896 3664.1409 30 27 34
369.2874 -382.5288 3668.3525 73 60 50
371.8025 -382.0896 3664.1409 126 94 58
561.1232 -519.1888 4978.8872 81 49 28
564.2368 -518.3801 4971.1318 68 40 22
566.4597 -516.7702 4955.6938 81 52 32
570.4348 -516.7702 4955.6938 111 74 43
573.5194 -515.9690 4948.0103 136 97 53
576.5945 -515.1703 4940.3511 153 119 65
579.6600 -514.3741 4932.7153 158 126 66
583.6168 -514.3741 4932.7153 159 127 68
586.6667 -513.5803 4925.1030 156 124 69
589.7073 -512.7889 4917.5142 150 118 63
592.7385 -512.0000 4909.9487 143 111 57
595.7604 -511.2136 4902.4067 141 107 56
599.6928 -511.2136 4902.4067 139 107 54
602.6994 -510.4295 4894.8877 135 102 49
606.6258 -510.4295 4894.8877 131 96 45
610.5522 -510.4295 4894.8877 132 96 45
613.5376 -509.6478 4887.3916 130 94 44
617.4579 -509.6478 4887.3916 124 88 39
620.4282 -508.8685 4879.9185 120 84 38
623.3893 -508.0916 4872.4683 115 82 37
626.3415 -507.3171 4865.0410 113 80 36
631.2061 -508.0916 4872.4683 108 75 34
634.1464 -507.3171 4865.0410 101 67 30
638.0488 -507.3171 4865.0410 95 58 27
640.0001 -505.7751 4850.2534 86 47 22
643.8906 -505.7751 4850.2534 73 37 18
646.7982 -505.0077 4842.8936 86 51 29
649.6970 -504.2425 4835.5557 108 73 40
653.5758 -504.2425 4835.5557 119 84 42
657.4546 -504.2425 4835.5557 129 92 42
661.3334 -504.2425 4835.5557 131 92 42
665.2122 -504.2425 4835.5557 130 92 41
668.0787 -503.4796 4828.2402 135 98 45
671.9517 -503.4796 4828.2402 137 100 46
675.8246 -503.4796 4828.2402 136 99 43
678.6708 -502.7191 4820.9468 137 97 40
682.5378 -502.7191 4820.9468 135 95 39
686.4049 -502.7191 4820.9468 129 90 34
690.2720 -502.7191 4820.9468 126 87 33
694.1390 -502.7191 4820.9468 125 85 34
698.0060 -502.7191 4820.9468 122 84 36
701.8731 -502.7191 4820.9468 118 80 34
705.7402 -502.7191 4820.9468 115 74 31
710.6808 -503.4796 4828.2402 109 67 28
713.4744 -502.7191 4820.9468 101 59 27
718.4267 -503.4796 4828.2402 99 54 25
721.2085 -502.7191 4820.9468 98 50 24
726.1725 -503.4796 4828.2402 98 49 25
730.0455 -503.4796 4828.2402 96 48 25
733.9183 -503.4796 4828.2402 93 46 24
737.7913 -503.4796 4828.2402 90 44 23
741.6642 -503.4796 4828.2402 84 41 21
746.6667 -504.2425 4835.5557 82 42 22
750.5455 -504.2425 4835.5557 92 56 27
754.4243 -504.2425 4835.5557 125 86 46
757.1559 -503.4796 4828.2402 137 98 48
762.1819 -504.2425 4835.5557 140 103 47
766.0607 -504.2425 4835.5557 136 100 43
769.9395 -504.2425 4835.5557 124 91 38
773.8182 -504.2425 4835.5557 115 82 33
777.6970 -504.2425 4835.5557 109 74 29
782.7618 -505.0077 4842.8936 110 75 32
786.6465 -505.0077 4842.8936 117 80 35
790.5312 -505.0077 4842.8936 119 83 34
794.4159 -505.0077 4842.8936 120 83 37
799.5137 -505.7751 4850.2534 123 87 41
803.4043 -505.7751 4850.2534 132 97 48
807.2949 -505.7751 4850.2534 136 102 50
811.1854 -505.7751 4850.2534 134 101 50
816.3167 -506.5449 4857.6357 131 97 46
821.4635 -507.3171 4865.0410 126 90 40
825.3660 -507.3171 4865.0410 122 85 37
829.2684 -507.3171 4865.0410 117 81 37
834.4428 -508.0916 4872.4683 113 77 37
838.3512 -508.0916 4872.4683 110 74 36
843.5474 -508.8685 4879.9185 112 73 37
847.4619 -508.8685 4879.9185 111 69 37
852.6799 -509.6478 4887.3916 107 62 33
857.9142 -510.4295 4894.8877 100 55 32
861.8406 -510.4295 4894.8877 91 47 26
-453.1453 -473.0043 4501.3638 80 53 23
-449.5346 -473.0043 4501.3638 79 53 23
-445.9239 -473.0043 4501.3638 77 51 21
-442.9379 -473.6723 4507.7212 77 52 23
-439.3221 -473.6723 4507.7212 83 56 25
-435.0917 -473.0043 4501.3638 83 55 22
-431.4810 -473.0043 4501.3638 76 49 20
-428.4745 -473.6723 4507.7212 64 40 14
-424.8588 -473.6723 4507.7212 66 42 17
-421.2429 -473.6723 4507.7212 85 58 27
-418.2178 -474.3423 4514.0972 88 59 26
-414.0113 -473.6723 4507.7212 78 48 21
-410.3955 -473.6723 4507.7212 74 48 19
-407.3550 -474.3423 4514.0972 70 45 17
-403.7341 -474.3423 4514.0972 66 43 16
-400.6799 -475.0142 4520.4912 61 40 15
-396.4922 -474.3423 4514.0972 58 42 17
-392.8713 -474.3423 4514.0972 52 40 18
-389.2504 -474.3423 4514.0972 49 34 11
-386.1757 -475.0142 4520.4912 57 39 16
-382.5496 -475.0142 4520.4912 90 67 34
-378.9236 -475.0142 4520.4912 82 56 21
-375.2975 -475.0142 4520.4912 74 48 20
-372.1986 -475.6880 4526.9033 77 49 22
-368.5674 -475.6880 4526.9033 79 51 21
-364.9362 -475.6880 4526.9033 78 51 19
-361.8182 -476.3637 4533.3335 81 55 21
-358.1818 -476.3637 4533.3335 70 45 15
-354.0426 -475.6880 4526.9033 58 35 11
-350.4114 -475.6880 4526.9033 71 46 17
-346.7802 -475.6880 4526.9033 90 63 28
-343.6364 -476.3637 4533.3335 82 53 19
-340.0000 -476.3637 4533.3335 83 54 22
-336.3636 -476.3637 4533.3335 74 47 16
-332.7273 -476.3637 4533.3335 64 39 13
-329.5591 -477.0413 4539.7822 63 38 14
-325.9175 -477.0413 4539.7822 62 40 16
-321.8182 -476.3637 4533.3335 51 33 12
-318.1819 -476.3637 4533.3335 49 33 12
-313.6544 -475.0142 4520.4912 65 45 20
-310.0284 -475.0142 4520.4912 66 44 17
-306.4023 -475.0142 4520.4912 57 37 13
-302.7762 -475.0142 4520.4912 64 40 16
-299.5745 -475.6880 4526.9033 65 42 16
-295.5241 -475.0142 4520.4912 66 42 16
-292.3121 -475.6880 4526.9033 60 35 13
-288.2720 -475.0142 4520.4912 59 36 16
-285.0497 -475.6880 4526.9033 48 30 11
-281.0198 -475.0142 4520.4912 47 29 11
-277.3938 -475.0142 4520.4912 57 38 16
-273.3805 -474.3423 4514.0972 67 48 21
-270.1417 -475.0142 4520.4912 57 38 15
-266.8936 -475.6880 4526.9033 59 37 14
-263.6364 -476.3637 4533.3335 63 38 13
-260.7408 -477.7208 4546.2490 64 38 16
-256.7283 -477.0413 4539.7822 68 39 17
-253.4473 -477.7208 4546.2490 65 40 16
-250.1569 -478.4023 4552.7344 50 30 10
-246.1539 -477.7208 4546.2490 50 32 14
-242.8531 -478.4023 4552.7344 65 45 19
-238.8604 -477.7208 4546.2490 76 50 21
-235.2137 -477.7208 4546.2490 70 43 17
-231.5670 -477.7208 4546.2490 68 41 16
-228.2454 -478.4023 4552.7344 69 41 17
-224.5934 -478.4023 4552.7344 64 38 16
-220.9415 -478.4023 4552.7344 59 37 14
-217.2896 -478.4023 4552.7344 56 35 13
-213.6377 -478.4023 4552.7344 41 25 8
-209.9857 -478.4023 4552.7344 41 26 10
-206.3338 -478.4023 4552.7344 56 40 17
-202.6819 -478.4023 4552.7344 55 37 14
-199.0300 -478.4023 4552.7344 44 30 13
-195.0997 -477.7208 4546.2490 44 33 16
-191.7261 -478.4023 4552.7344 43 31 15
-188.0742 -478.4023 4552.7344 45 32 16
-184.4223 -478.4023 4552.7344 49 34 15
-180.7703 -478.4023 4552.7344 47 31 12
-177.1184 -478.4023 4552.7344 36 24 8
-173.4665 -478.4023 4552.7344 38 26 10
-170.0572 -479.0857 4559.2383 53 37 17
-166.4000 -479.0857 4559.2383 57 39 16
-162.5107 -478.4023 4552.7344 53 35 13
-159.0857 -479.0857 4559.2383 54 36 13
-155.4286 -479.0857 4559.2383 55 36 13
-151.7714 -479.0857 4559.2383 55 35 14
-148.1143 -479.0857 4559.2383 50 32 13
-144.4572 -479.0857 4559.2383 42 27 10
-140.8000 -479.0857 4559.2383 43 29 12
-137.3391 -479.7711 4565.7607 66 47 23
-133.6767 -479.7711 4565.7607 56 38 15
-130.0143 -479.7711 4565.7607 47 33 13
-126.3519 -479.7711 4565.7607 48 33 14
-122.6896 -479.7711 4565.7607 49 32 15
-119.0272 -479.7711 4565.7607 49 30 12
-115.5301 -480.4584 4572.3018 48 31 13
-111.8625 -480.4584 4572.3018 44 29 11
-108.1948 -480.4584 4572.3018 38 25 11
-104.5272 -480.4584 4572.3018 46 32 13
-100.8596 -480.4584 4572.3018 75 51 25
-97.1920 -480.4584 4572.3018 63 40 15
-93.6585 -481.1478 4578.8618 61 41 18
-89.8567 -480.4584 4572.3018 59 41 17
-86.1891 -480.4584 4572.3018 58 40 18
-82.6399 -481.1478 4578.8618 62 44 19
-78.9670 -481.1478 4578.8618 65 45 19
-75.2941 -481.1478 4578.8618 54 36 15
-71.6212 -481.1478 4578.8618 40 27 8
-67.9484 -481.1478 4578.8618 47 32 13
-64.2755 -481.1478 4578.8618 75 53 28
-60.6026 -481.1478 4578.8618 65 42 17
-56.9297 -481.1478 4578.8618 58 39 17
-53.2568 -481.1478 4578.8618 63 41 18
-49.5839 -481.1478 4578.8618 63 41 18
-45.9110 -481.1478 4578.8618 63 42 18
-42.2382 -481.1478 4578.8618 63 41 17
-38.5653 -481.1478 4578.8618 61 40 17
-34.8924 -481.1478 4578.8618 51 33 12
-31.1748 -480.4584 4572.3018 50 32 13
-27.4678 -479.7711 4565.7607 59 41 17
-23.8054 -479.7711 4565.7607 66 46 19
10.5164 -393.6151 3745.8530 63 43 18
16.3721 -389.9535 3711.0078 47 34 14
19.3488 -389.9535 3711.0078 52 38 20
53.7931 -361.3793 3439.0806 156 161 161
56.5517 -361.3793 3439.0806 134 138 140
59.3103 -361.3793 3439.0806 102 105 112
62.0690 -361.3793 3439.0806 183 189 187
64.8276 -361.3793 3439.0806 91 95 101
67.5135 -360.9903 3435.3787 64 70 84
70.1936 -360.6022 3431.6846 169 175 174
72.7897 -359.8284 3424.3206 149 155 155
75.5365 -359.8284 3424.3206 48 53 70
78.1994 -359.4427 3420.6504 34 38 60
80.7701 -358.6738 3413.3335 33 37 56
83.4188 -358.2906 3409.6868 37 41 58
86.0619 -357.9083 3406.0479 53 55 68
88.5106 -356.7660 3395.1775 99 102 107
91.1371 -356.3868 3391.5693 159 164 158
93.5593 -355.2542 3380.7910 159 163 155
95.8650 -353.7553 3366.5261 115 117 120
98.5654 -353.7553 3366.5261 96 99 108
101.1591 -353.3825 3362.9788 99 103 111
103.6383 -352.6393 3355.9062 104 108 114
106.1070 -351.8993 3348.8633 138 143 139
108.7933 -351.8993 3348.8633 154 157 149
111.4795 -351.8993 3348.8633 135 139 132
113.8075 -350.7950 3338.3542 75 80 84
116.4854 -350.7950 3338.3542 57 61 68
119.1632 -350.7950 3338.3542 115 119 115
121.5866 -350.0627 3331.3850 139 142 135
124.2589 -350.0627 3331.3850 149 153 142
126.9311 -350.0627 3331.3850 142 146 135
129.4682 -349.6976 3327.9111 152 156 145
132.1376 -349.6976 3327.9111 147 151 141
134.8071 -349.6976 3327.9111 139 142 132
137.1904 -348.9698 3320.9851 142 143 134
139.7090 -348.6071 3317.5330 140 142 133
142.3701 -348.6071 3317.5330 79 79 76
145.0312 -348.6071 3317.5330 44 43 46
147.3859 -347.8838 3310.6501 33 32 37
150.0415 -347.8838 3310.6501 99 100 94
152.6971 -347.8838 3310.6501 134 137 121
155.0311 -347.1636 3303.7959 122 124 107
157.8446 -347.5233 3307.2195 143 144 128
160.4974 -347.5233 3307.2195 130 132 116
162.9814 -347.1636 3303.7959 60 60 56
165.4602 -346.8045 3300.3792 29 28 36
168.2816 -347.1636 3303.7959 31 32 36
173.2231 -346.4463 3296.9697 128 129 113
176.0497 -346.8045 3300.3792 116 117 98
178.8820 -347.1636 3303.7959 119 119 100
181.5321 -347.1636 3303.7959 111 112 100
184.3731 -347.5233 3307.2195 32 33 32
187.2199 -347.8838 3310.6501 80 81 73
189.8755 -347.8838 3310.6501 118 118 100
192.7310 -348.2451 3314.0879 104 104 84
195.3894 -348.2451 3314.0879 112 112 91
198.0478 -348.2451 3314.0879 114 113 92
200.7061 -348.2451 3314.0879 103 103 83
203.5759 -348.6071 3317.5330 101 102 82
206.4516 -348.9698 3320.9851 98 98 80
209.1155 -348.9698 3320.9851 89 90 73
211.7794 -348.9698 3320.9851 50 51 43
214.6667 -349.3334 3324.4446 18 19 20
217.1072 -348.9698 3320.9851 23 22 23
220.0000 -349.3334 3324.4446 65 63 54
222.8989 -349.6976 3327.9111 84 82 66
225.3333 -349.3334 3324.4446 78 78 61
228.2378 -349.6976 3327.9111 73 73 55
231.1483 -350.0627 3331.3850 78 77 62
233.8205 -350.0627 3331.3850 53 52 45
236.7398 -350.4284 3334.8660 17 17 18
239.6653 -350.7950 3338.3542 29 29 26
242.3431 -350.7950 3338.3542 56 56 45
245.0209 -350.7950 3338.3542 61 61 48
247.9581 -351.1624 3341.8501 71 71 55
250.9015 -351.5304 3345.3530 67 67 53
253.5849 -351.5304 3345.3530 54 54 45
256.2684 -351.5304 3345.3530 20 20 20
259.7687 -352.6393 3355.9062 16 15 20
262.7369 -353.0106 3359.4387 13 14 19
265.9916 -353.7553 3366.5261 13 14 19
270.1167 -355.6310 3384.3762 13 13 19
273.1210 -356.0085 3387.9690 15 14 20
276.7199 -357.1459 3398.7932 15 14 19
280.0427 -357.9083 3406.0479 15 15 20
283.6831 -359.0579 3416.9880 15 14 20
286.7310 -359.4427 3420.6504 16 16 21
289.7854 -359.8284 3424.3206 15 16 20
292.8464 -360.2149 3427.9988 16 15 21
295.9140 -360.6022 3431.6846 16 16 21
298.9882 -360.9903 3435.3787 14 15 20
302.7214 -362.1599 3446.5083 14 15 21
306.4789 -363.3370 3457.7104 16 16 22
309.2525 -363.3370 3457.7104 17 17 22
312.3644 -363.7310 3461.4607 17 17 24
315.4832 -364.1260 3465.2190 18 16 25
318.9554 -364.9184 3472.7603 15 18 25
323.1476 -366.5137 3487.9419 16 19 26
328.0968 -368.9329 3510.9646 18 19 27
351.6322 -385.4713 3668.3525 17 18 25
355.8016 -386.8051 3681.0459 21 21 29
357.9287 -385.9149 3672.5740 21 21 29
360.4598 -385.4713 3668.3525 21 23 31
362.9851 -385.0287 3664.1409 23 22 33
365.9242 -385.0287 3664.1409 28 26 34
368.8634 -385.0287 3664.1409 65 50 49
371.3762 -384.5872 3659.9390 104 71 53
374.3120 -384.5872 3659.9390 104 69 45
562.0001 -524.0001 4986.6670 96 67 39
564.2368 -522.3676 4971.1318 99 69 40
567.3406 -521.5552 4963.4009 104 69 46
570.4348 -520.7454 4955.6938 93 53 32
573.5194 -519.9380 4948.0103 104 59 35
576.5945 -519.1332 4940.3511 109 68 37
580.5573 -519.1332 4940.3511 114 82 41
583.6168 -518.3308 4932.7153 137 106 57
586.6667 -517.5309 4925.1030 148 117 61
590.6173 -517.5309 4925.1030 152 120 60
593.6518 -516.7335 4917.5142 151 118 59
596.6769 -515.9385 4909.9487 151 118 64
599.6928 -515.1460 4902.4067 145 113 61
603.6252 -515.1460 4902.4067 133 99 50
607.5576 -515.1460 4902.4067 130 95 47
610.5522 -514.3559 4894.8877 124 89 45
614.4786 -514.3559 4894.8877 120 86 45
617.4579 -513.5682 4887.3916 114 82 39
621.3783 -513.5682 4887.3916 110 78 35
624.3425 -512.7829 4879.9185 103 71 31
627.2977 -512.0000 4872.4683 96 66 28
632.1713 -512.7829 4879.9185 94 65 29
635.1145 -512.0000 4872.4683 94 64 29
639.0229 -512.0000 4872.4683 96 65 29
640.9741 -510.4414 4857.6357 97 65 30
644.8706 -510.4414 4857.6357 94 62 27
647.7812 -509.6657 4850.2534 110 74 42
650.6829 -508.8923 4842.8936 88 52 25
654.5676 -508.8923 4842.8936 94 59 36
658.4523 -508.8923 4842.8936 86 51 24
661.3334 -508.1212 4835.5557 100 67 31
665.2122 -508.1212 4835.5557 108 73 34
669.0909 -508.1212 4835.5557 115 80 36
671.9517 -507.3526 4828.2402 123 86 38
675.8246 -507.3526 4828.2402 130 93 42
679.6975 -507.3526 4828.2402 136 99 44
682.5378 -506.5861 4820.9468 133 95 42
686.4049 -506.5861 4820.9468 122 83 35
690.2720 -506.5861 4820.9468 125 85 36
694.1390 -506.5861 4820.9468 126 87 36
698.0060 -506.5861 4820.9468 124 86 35
702.9350 -507.3526 4828.2402 120 82 33
706.8079 -507.3526 4828.2402 119 80 32
710.6808 -507.3526 4828.2402 116 77 29
714.5538 -507.3526 4828.2402 112 75 32
718.4267 -507.3526 4828.2402 107 72 31
722.2996 -507.3526 4828.2402 104 67 28
726.1725 -507.3526 4828.2402 96 59 25
731.1516 -508.1212 4835.5557 91 55 24
735.0303 -508.1212 4835.5557 86 51 23
737.7913 -507.3526 4828.2402 84 48 25
742.7880 -508.1212 4835.5557 66 33 17
746.6667 -508.1212 4835.5557 72 38 21
750.5455 -508.1212 4835.5557 105 64 40
754.4243 -508.1212 4835.5557 99 55 33
758.3030 -508.1212 4835.5557 84 46 23
762.1819 -508.1212 4835.5557 97 64 29
766.0607 -508.1212 4835.5557 123 89 41
769.9395 -508.1212 4835.5557 131 96 42
773.8182 -508.1212 4835.5557 138 102 44
777.6970 -508.1212 4835.5557 134 98 45
782.7618 -508.8923 4842.8936 114 80 33
786.6465 -508.8923 4842.8936 90 57 21
790.5312 -508.8923 4842.8936 94 62 26
794.4159 -508.8923 4842.8936 108 75 32
799.5137 -509.6657 4850.2534 113 77 34
803.4043 -509.6657 4850.2534 114 78 35
807.2949 -509.6657 4850.2534 115 78 34
811.1854 -509.6657 4850.2534 111 75 33
816.3167 -510.4414 4857.6357 107 73 34
821.4635 -511.2196 4865.0410 110 77 39
825.3660 -511.2196 4865.0410 112 79 39
830.5344 -512.0000 4872.4683 108 77 35
834.4428 -512.0000 4872.4683 101 71 32
839.6331 -512.7829 4879.9185 94 63 28
844.8392 -513.5682 4887.3916 86 56 25
848.7596 -513.5682 4887.3916 84 53 25
853.9879 -514.3559 4894.8877 84 52 26
859.2320 -515.1460 4902.4067 87 56 29
863.1644 -515.1460 4902.4067 89 57 30
-452.5070 -475.9437 4495.0234 78 52 23
-449.5346 -476.6150 4501.3638 78 52 22
-445.9239 -476.6150 4501.3638 79 52 22
-442.3132 -476.6150 4501.3638 83 55 25
-439.3221 -477.2881 4507.7212 84 56 24
-435.0917 -476.6150 4501.3638 81 52 21
-431.4810 -476.6150 4501.3638 76 50 20
-427.8703 -476.6150 4501.3638 70 46 17
-424.2596 -476.6150 4501.3638 74 47 19
-421.2429 -477.2881 4507.7212 87 58 27
-417.6271 -477.2881 4507.7212 79 51 21
-414.0113 -477.2881 4507.7212 68 43 17
-410.3955 -477.2881 4507.7212 62 42 16
-406.7797 -477.2881 4507.7212 59 41 16
-403.7341 -477.9632 4514.0972 58 41 16
-400.1132 -477.9632 4514.0972 55 39 16
-396.4922 -477.9632 4514.0972 55 40 17
-392.8713 -477.9632 4514.0972 53 40 18
-389.2504 -477.9632 4514.0972 67 47 22
-385.6294 -477.9632 4514.0972 79 54 24
-382.0085 -477.9632 4514.0972 89 59 27
-378.9236 -478.6402 4520.4912 77 49 20
-375.2975 -478.6402 4520.4912 77 49 21
-371.6714 -478.6402 4520.4912 79 52 23
-368.0453 -478.6402 4520.4912 78 53 23
-364.4193 -478.6402 4520.4912 75 51 19
-361.3050 -479.3192 4526.9033 77 53 23
-357.6738 -479.3192 4526.9033 66 44 15
-353.5411 -478.6402 4520.4912 63 41 15
-349.9150 -478.6402 4520.4912 76 51 21
-346.7802 -479.3192 4526.9033 90 63 31
-343.6364 -480.0000 4533.3335 73 48 20
-339.5178 -479.3192 4526.9033 71 47 20
-336.3636 -480.0000 4533.3335 63 42 16
-332.2553 -479.3192 4526.9033 56 38 13
-329.0909 -480.0000 4533.3335 56 38 14
-325.4546 -480.0000 4533.3335 56 38 16
-321.8182 -480.0000 4533.3335 57 38 16
-317.7305 -479.3192 4526.9033 60 40 16
-313.6544 -478.6402 4520.4912 68 47 22
-310.4681 -479.3192 4526.9033 63 44 17
-306.8369 -479.3192 4526.9033 54 37 14
-303.2057 -479.3192 4526.9033 55 37 14
-300.0000 -480.0000 4533.3335 55 39 13
-295.9433 -479.3192 4526.9033 55 39 14
-292.3121 -479.3192 4526.9033 49 32 13
-288.6809 -479.3192 4526.9033 47 32 15
-285.0497 -479.3192 4526.9033 47 33 16
-281.4185 -479.3192 4526.9033 55 39 17
-277.7873 -479.3192 4526.9033 62 44 21
-273.7677 -478.6402 4520.4912 57 38 17
-270.5249 -479.3192 4526.9033 55 35 17
-266.8936 -479.3192 4526.9033 56 36 15
-263.6364 -480.0000 4533.3335 59 38 15
-260.3699 -480.6828 4539.7822 64 41 17
-256.7283 -480.6828 4539.7822 69 44 19
-253.0868 -480.6828 4539.7822 68 44 17
-249.8006 -481.3676 4546.2490 67 43 18
-246.1539 -481.3676 4546.2490 68 45 19
-242.5071 -481.3676 4546.2490 71 47 20
-238.5207 -480.6828 4539.7822 67 43 18
-235.2137 -481.3676 4546.2490 59 39 16
-231.5670 -481.3676 4546.2490 60 41 16
-227.9202 -481.3676 4546.2490 65 43 18
-224.5934 -482.0542 4552.7344 68 45 18
-220.9415 -482.0542 4552.7344 61 39 14
-217.2896 -482.0542 4552.7344 61 39 15
-213.6377 -482.0542 4552.7344 60 38 15
-209.6866 -481.3676 4546.2490 62 41 14
-206.0399 -481.3676 4546.2490 68 46 18
-202.6819 -482.0542 4552.7344 60 40 16
-198.7465 -481.3676 4546.2490 56 40 19
-195.0997 -481.3676 4546.2490 46 35 16
-191.7261 -482.0542 4552.7344 48 35 16
-188.0742 -482.0542 4552.7344 54 38 17
-184.4223 -482.0542 4552.7344 51 35 14
-180.5128 -481.3676 4546.2490 51 35 14
-177.1184 -482.0542 4552.7344 54 37 14
-173.4665 -482.0542 4552.7344 58 41 18
-169.8146 -482.0542 4552.7344 58 40 18
-166.1626 -482.0542 4552.7344 52 36 15
-162.5107 -482.0542 4552.7344 50 34 15
-158.8588 -482.0542 4552.7344 54 37 14
-155.2069 -482.0542 4552.7344 59 40 16
-151.7714 -482.7429 4559.2383 61 40 17
-148.1143 -482.7429 4559.2383 56 37 15
-144.4572 -482.7429 4559.2383 57 39 15
-140.8000 -482.7429 4559.2383 57 40 19
-137.1429 -482.7429 4559.2383 54 37 17
-133.4857 -482.7429 4559.2383 53 36 17
-130.0143 -483.4335 4565.7607 50 34 16
-126.3519 -483.4335 4565.7607 48 33 14
-122.6896 -483.4335 4565.7607 51 36 16
-119.0272 -483.4335 4565.7607 57 40 18
-115.3648 -483.4335 4565.7607 56 37 15
-111.7024 -483.4335 4565.7607 58 37 15
-108.0401 -483.4335 4565.7607 59 38 15
-104.3777 -483.4335 4565.7607 66 43 19
-100.8596 -484.1261 4572.3018 68 42 20
-97.0529 -483.4335 4565.7607 65 41 19
-93.5244 -484.1261 4572.3018 59 40 16
-89.7282 -483.4335 4565.7607 57 40 17
-86.1891 -484.1261 4572.3018 59 44 18
-82.5215 -484.1261 4572.3018 64 48 21
-78.8539 -484.1261 4572.3018 69 50 23
-75.1862 -484.1261 4572.3018 63 42 17
-71.5186 -484.1261 4572.3018 64 43 17
-67.8510 -484.1261 4572.3018 67 46 19
-64.1834 -484.1261 4572.3018 66 45 18
-60.5158 -484.1261 4572.3018 59 40 17
-56.8481 -484.1261 4572.3018 54 38 14
-53.1805 -484.1261 4572.3018 57 40 15
-49.5839 -484.8207 4578.8618 62 45 18
-45.8453 -484.1261 4572.3018 66 47 20
-42.2382 -484.8207 4578.8618 61 41 15
-38.5653 -484.8207 4578.8618 58 39 14
-34.8924 -484.8207 4578.8618 59 41 16
-31.1748 -484.1261 4572.3018 60 42 18
-27.4678 -483.4335 4565.7607 60 42 16
-23.8054 -483.4335 4565.7607 63 44 18
-20.1143 -482.7429 4559.2383 63 41 17
16.3912 -393.3877 3715.3279 51 37 15
53.7352 -363.7460 3435.3787 158 165 166
59.2465 -363.7460 3435.3787 103 106 111
62.0022 -363.7460 3435.3787 176 180 177
64.7578 -363.7460 3435.3787 89 92 99
67.4409 -363.3549 3431.6846 71 76 88
70.1182 -362.9646 3427.9988 171 176 175
72.7897 -362.5751 3424.3206 130 135 139
75.5365 -362.5751 3424.3206 45 49 70
78.1994 -362.1865 3420.6504 34 39 63
80.7701 -361.4118 3413.3335 35 39 59
83.4188 -361.0257 3409.6868 32 36 53
86.0619 -360.6404 3406.0479 38 43 60
88.5106 -359.4894 3395.1775 82 87 95
91.1371 -359.1074 3391.5693 160 166 158
93.4603 -357.5873 3377.2134 160 163 155
95.8650 -356.4557 3366.5261 89 87 93
98.5654 -356.4557 3366.5261 47 46 62
101.1591 -356.0801 3362.9788 42 45 62
103.6383 -355.3313 3355.9062 54 59 72
106.1070 -354.5855 3348.8633 129 133 130
108.7933 -354.5855 3348.8633 159 161 151
111.4795 -354.5855 3348.8633 133 135 128
113.8075 -353.4728 3338.3542 73 76 83
116.4854 -353.4728 3338.3542 34 37 49
119.1632 -353.4728 3338.3542 57 59 66
121.5866 -352.7349 3331.3850 109 110 109
124.2589 -352.7349 3331.3850 135 137 127
126.9311 -352.7349 3331.3850 141 144 132
129.4682 -352.3671 3327.9111 129 130 122
132.1376 -352.3671 3327.9111 101 104 100
134.8071 -352.3671 3327.9111 101 103 101
137.1904 -351.6337 3320.9851 119 121 115
139.7090 -351.2682 3317.5330 133 136 125
142.3701 -351.2682 3317.5330 128 130 119
145.0312 -351.2682 3317.5330 103 104 98
147.3859 -350.5394 3310.6501 36 36 37
150.0415 -350.5394 3310.6501 88 90 87
152.6971 -350.5394 3310.6501 123 125 116
155.1917 -350.1762 3307.2195 124 125 112
157.8446 -350.1762 3307.2195 139 142 126
160.4974 -350.1762 3307.2195 131 133 118
162.8128 -349.4519 3300.3792 46 47 46
165.4602 -349.4519 3300.3792 24 25 32
168.2816 -349.8137 3303.7959 28 29 33
173.2231 -349.0909 3296.9697 132 134 117
176.2319 -349.8137 3303.7959 119 120 104
178.8820 -349.8137 3303.7959 122 121 108
181.5321 -349.8137 3303.7959 98 98 91
184.3731 -350.1762 3307.2195 30 30 32
187.2199 -350.5394 3310.6501 89 90 81
189.6788 -350.1762 3307.2195 124 125 109
192.7310 -350.9034 3314.0879 124 125 105
195.3894 -350.9034 3314.0879 125 123 102
198.0478 -350.9034 3314.0879 131 129 111
200.7061 -350.9034 3314.0879 115 115 97
203.5759 -351.2682 3317.5330 117 116 96
206.4516 -351.6337 3320.9851 123 122 101
208.8981 -351.2682 3317.5330 110 109 90
211.7794 -351.6337 3320.9851 82 83 68
214.6667 -352.0000 3324.4446 43 44 40
217.1072 -351.6337 3320.9851 31 33 30
220.0000 -352.0000 3324.4446 99 100 82
222.8989 -352.3671 3327.9111 125 124 101
225.3333 -352.0000 3324.4446 114 113 91
228.2378 -352.3671 3327.9111 120 119 96
231.1483 -352.7349 3331.3850 111 109 88
233.8205 -352.7349 3331.3850 69 67 58
236.7398 -353.1035 3334.8660 19 18 21
239.6653 -353.4728 3338.3542 47 46 43
242.3431 -353.4728 3338.3542 107 106 85
245.0209 -353.4728 3338.3542 119 116 92
247.9581 -353.8430 3341.8501 120 117 94
250.9015 -354.2139 3345.3530 115 114 92
253.5849 -354.2139 3345.3530 91 91 76
256.2684 -354.2139 3345.3530 24 23 22
259.7687 -355.3313 3355.9062 16 16 21
262.4606 -355.3313 3355.9062 14 16 20
265.7113 -356.0801 3362.9788 13 15 20
269.5450 -357.5873 3377.2134 14 15 20
272.8314 -358.3457 3384.3762 14 15 20
276.4255 -359.4894 3395.1775 14 14 19
280.0427 -360.6404 3406.0479 14 14 18
283.6831 -361.7987 3416.9880 14 15 20
286.4240 -361.7987 3416.9880 14 14 20
289.4749 -362.1865 3420.6504 14 14 21
292.5322 -362.5751 3424.3206 14 15 20
295.9140 -363.3549 3431.6846 15 15 20
298.6667 -363.3549 3431.6846 14 13 19
302.7214 -364.9244 3446.5083 16 16 21
306.1472 -365.7143 3453.9683 16 15 21
309.2525 -366.1105 3457.7104 16 16 21
312.3644 -366.5076 3461.4607 16 15 21
315.4832 -366.9055 3465.2190 18 16 24
318.6087 -367.3044 3468.9856 15 16 22
322.4427 -368.5060 3480.3345 15 18 24
351.9258 -392.0186 3702.3977 20 19 26
351.6322 -388.4138 3668.3525 18 19 26
355.8016 -389.7578 3681.0459 21 21 29
357.9287 -388.8608 3672.5740 20 20 28
360.0459 -387.9679 3664.1409 20 21 29
362.9851 -387.9679 3664.1409 20 20 28
365.5046 -387.5229 3659.9390 26 25 32
368.8634 -387.9679 3664.1409 60 46 44
371.3762 -387.5229 3659.9390 116 82 60
373.8832 -387.0791 3655.7466 124 89 59
376.3845 -386.6362 3651.5637 120 89 58
562.0001 -528.0001 4986.6670 92 63 37
565.1171 -527.1763 4978.8872 89 62 37
568.2243 -526.3551 4971.1318 88 58 35
571.3220 -525.5366 4963.4009 84 52 32
574.4100 -524.7205 4955.6938 86 51 32
577.4884 -523.9070 4948.0103 83 50 31
580.5573 -523.0960 4940.3511 83 54 33
584.5202 -523.0960 4940.3511 82 55 31
587.5735 -522.2875 4932.7153 86 60 31
590.6173 -521.4815 4925.1030 95 68 36
593.6518 -520.6780 4917.5142 121 89 48
597.5963 -520.6780 4917.5142 137 103 52
600.6154 -519.8770 4909.9487 141 107 55
604.5538 -519.8770 4909.9487 138 103 51
608.4923 -519.8770 4909.9487 127 93 47
611.4901 -519.0784 4902.4067 115 80 41
615.4224 -519.0784 4902.4067 109 73 38
618.4050 -518.2822 4894.8877 103 68 34
622.3313 -518.2822 4894.8877 107 73 37
625.2986 -517.4885 4887.3916 118 85 43
628.2569 -516.6973 4879.9185 124 87 41
633.1394 -517.4885 4887.3916 123 89 42
636.0856 -516.6973 4879.9185 120 86 40
639.0229 -515.9084 4872.4683 118 81 39
641.9513 -515.1220 4865.0410 113 76 35
645.8538 -515.1220 4865.0410 111 75 36
647.7812 -513.5563 4850.2534 111 74 37
650.6829 -512.7770 4842.8936 111 74 36
654.5676 -512.7770 4842.8936 113 76 37
658.4523 -512.7770 4842.8936 113 78 38
661.3334 -512.0001 4835.5557 110 76 36
666.2216 -512.7770 4842.8936 103 72 32
669.0909 -512.0001 4835.5557 89 59 25
672.9698 -512.0001 4835.5557 80 52 20
676.8485 -512.0001 4835.5557 95 63 28
679.6975 -511.2254 4828.2402 112 77 35
683.5704 -511.2254 4828.2402 118 82 35
687.4433 -511.2254 4828.2402 116 82 35
691.3162 -511.2254 4828.2402 117 82 35
695.1891 -511.2254 4828.2402 121 86 36
699.0621 -511.2254 4828.2402 118 83 36
702.9350 -511.2254 4828.2402 113 76 32
706.8079 -511.2254 4828.2402 111 74 29
711.7576 -512.0001 4835.5557 110 73 29
714.5538 -511.2254 4828.2402 107 71 28
719.5152 -512.0001 4835.5557 103 66 26
722.2996 -511.2254 4828.2402 99 63 24
726.1725 -511.2254 4828.2402 96 61 24
731.1516 -512.0001 4835.5557 91 57 21
735.0303 -512.0001 4835.5557 88 54 21
738.9091 -512.0001 4835.5557 83 49 19
742.7880 -512.0001 4835.5557 85 48 25
747.7997 -512.7770 4842.8936 97 53 34
751.6844 -512.7770 4842.8936 92 49 29
755.5692 -512.7770 4842.8936 81 46 23
758.3030 -512.0001 4835.5557 85 52 25
763.3384 -512.7770 4842.8936 109 75 38
767.2231 -512.7770 4842.8936 106 73 33
771.1078 -512.7770 4842.8936 111 79 35
774.9925 -512.7770 4842.8936 112 80 35
778.8772 -512.7770 4842.8936 116 82 36
783.9514 -513.5563 4850.2534 125 89 39
787.8420 -513.5563 4850.2534 122 85 38
791.7325 -513.5563 4850.2534 119 82 36
795.6231 -513.5563 4850.2534 123 85 37
800.7306 -514.3380 4857.6357 113 78 32
804.6271 -514.3380 4857.6357 103 70 28
808.5236 -514.3380 4857.6357 94 62 24
812.4201 -514.3380 4857.6357 89 58 25
817.5610 -515.1220 4865.0410 83 53 22
822.7176 -515.9084 4872.4683 80 50 20
826.6260 -515.9084 4872.4683 79 49 20
830.5344 -515.9084 4872.4683 83 50 21
835.7187 -516.6973 4879.9185 91 55 21
839.6331 -516.6973 4879.9185 104 63 27
844.8392 -517.4885 4887.3916 112 69 32
850.0613 -518.2822 4894.8877 112 70 35
855.2996 -519.0784 4902.4067 109 67 32
859.2320 -519.0784 4902.4067 111 69 35
863.1644 -519.0784 4902.4067 113 72 37
-452.5070 -479.5493 4495.0234 88 62 26
-448.9014 -479.5493 4495.0234 84 59 24
-445.2958 -479.5493 4495.0234 83 57 22
-442.3132 -480.2257 4501.3638 85 59 23
-438.7024 -480.2257 4501.3638 86 62 25
-435.0917 -480.2257 4501.3638 81 55 21
-431.4810 -480.2257 4501.3638 80 55 22
-427.8703 -480.2257 4501.3638 78 55 22
-424.2596 -480.2257 4501.3638 80 57 23
-421.2429 -480.9040 4507.7212 75 52 19
-417.6271 -480.9040 4507.7212 68 47 16
-414.0113 -480.9040 4507.7212 66 47 18
-410.3955 -480.9040 4507.7212 60 43 16
-406.7797 -480.9040 4507.7212 65 48 19
-403.7341 -481.5842 4514.0972 70 54 21
-400.1132 -481.5842 4514.0972 73 55 22
-395.9322 -480.9040 4507.7212 72 54 23
-392.8713 -481.5842 4514.0972 71 54 26
-389.2504 -481.5842 4514.0972 75 57 26
-385.6294 -481.5842 4514.0972 71 49 18
-382.0085 -481.5842 4514.0972 74 49 18
-378.9236 -482.2663 4520.4912 79 53 21
-374.7666 -481.5842 4514.0972 80 54 21
-371.6714 -482.2663 4520.4912 74 51 18
-368.0453 -482.2663 4520.4912 74 54 20
-364.4193 -482.2663 4520.4912 79 58 23
-360.7932 -482.2663 4520.4912 80 56 20
-357.1671 -482.2663 4520.4912 76 52 18
-353.5411 -482.2663 4520.4912 75 52 20
-349.9150 -482.2663 4520.4912 76 52 22
-346.7802 -482.9504 4526.9033 73 50 21
-343.1490 -482.9504 4526.9033 67 48 20
-339.5178 -482.9504 4526.9033 64 47 18
-336.3636 -483.6364 4533.3335 66 49 18
-332.2553 -482.9504 4526.9033 67 50 18
-329.0909 -483.6364 4533.3335 62 46 17
-324.9929 -482.9504 4526.9033 58 42 16
-321.8182 -483.6364 4533.3335 61 44 19
-317.7305 -482.9504 4526.9033 60 44 18
-313.6544 -482.2663 4520.4912 60 43 18
-310.4681 -482.9504 4526.9033 61 45 21
-306.8369 -482.9504 4526.9033 58 43 18
-303.2057 -482.9504 4526.9033 62 47 19
-300.0000 -483.6364 4533.3335 68 53 20
-295.9433 -482.9504 4526.9033 71 56 21
-292.3121 -482.9504 4526.9033 66 49 21
-288.6809 -482.9504 4526.9033 53 39 17
-285.4546 -483.6364 4533.3335 56 42 21
-281.4185 -482.9504 4526.9033 59 44 20
-277.7873 -482.9504 4526.9033 59 45 18
-274.1560 -482.9504 4526.9033 58 44 16
-270.5249 -482.9504 4526.9033 62 47 20
-267.2727 -483.6364 4533.3335 68 52 22
-263.6364 -483.6364 4533.3335 74 58 24
-260.3699 -484.3244 4539.7822 78 58 22
-256.3636 -483.6364 4533.3335 83 61 24
-253.0868 -484.3244 4539.7822 78 56 22
-249.8006 -485.0143 4546.2490 76 55 22
-245.8037 -484.3244 4539.7822 74 55 21
-242.5071 -485.0143 4546.2490 76 55 23
-238.1818 -483.6364 4533.3335 80 57 24
-234.8791 -484.3244 4539.7822 77 58 23
-231.2376 -484.3244 4539.7822 87 69 29
-227.9202 -485.0143 4546.2490 92 72 30
-224.2735 -485.0143 4546.2490 82 62 23
-220.6268 -485.0143 4546.2490 73 53 21
-216.9801 -485.0143 4546.2490 70 50 21
-213.3333 -485.0143 4546.2490 71 50 21
-209.6866 -485.0143 4546.2490 70 50 21
-206.0399 -485.0143 4546.2490 69 50 21
-202.6819 -485.7062 4552.7344 69 51 21
-198.7465 -485.0143 4546.2490 71 54 24
-195.0997 -485.0143 4546.2490 72 57 23
-191.4530 -485.0143 4546.2490 79 63 25
-187.8063 -485.0143 4546.2490 82 64 27
-184.4223 -485.7062 4552.7344 71 54 20
-180.5128 -485.0143 4546.2490 70 52 21
-177.1184 -485.7062 4552.7344 70 52 21
-173.4665 -485.7062 4552.7344 69 54 23
-169.8146 -485.7062 4552.7344 71 55 25
-166.1626 -485.7062 4552.7344 72 55 24
-162.5107 -485.7062 4552.7344 80 63 28
-158.8588 -485.7062 4552.7344 92 75 32
-155.2069 -485.7062 4552.7344 97 78 34
-151.7714 -486.4000 4559.2383 87 67 29
-148.1143 -486.4000 4559.2383 76 59 25
-144.4572 -486.4000 4559.2383 78 61 25
-140.8000 -486.4000 4559.2383 76 61 26
-137.1429 -486.4000 4559.2383 74 58 26
-133.4857 -486.4000 4559.2383 77 59 27
-130.0143 -487.0959 4565.7607 78 60 27
-126.1714 -486.4000 4559.2383 83 64 28
-122.5143 -486.4000 4559.2383 91 72 32
-118.8572 -486.4000 4559.2383 97 78 35
-115.2000 -486.4000 4559.2383 90 71 30
-111.7024 -487.0959 4565.7607 85 66 28
-108.0401 -487.0959 4565.7607 84 66 28
-104.2286 -486.4000 4559.2383 86 68 31
-100.7153 -487.0959 4565.7607 91 70 34
-96.9143 -486.4000 4559.2383 95 73 34
-93.3906 -487.0959 4565.7607 102 82 38
-89.7282 -487.0959 4565.7607 110 88 42
-86.0658 -487.0959 4565.7607 110 90 42
-82.4034 -487.0959 4565.7607 108 88 43
-78.7411 -487.0959 4565.7607 101 80 35
-75.0787 -487.0959 4565.7607 102 82 37
-71.5186 -487.7937 4572.3018 104 83 39
-67.8510 -487.7937 4572.3018 105 83 39
-64.1834 -487.7937 4572.3018 102 81 37
-60.5158 -487.7937 4572.3018 100 79 36
-56.8481 -487.7937 4572.3018 105 84 39
-53.1805 -487.7937 4572.3018 113 92 43
-49.5129 -487.7937 4572.3018 118 97 46
-45.8453 -487.7937 4572.3018 115 94 44
-42.2382 -488.4936 4578.8618 106 85 39
-38.5100 -487.7937 4572.3018 100 79 35
-34.8924 -488.4936 4578.8618 95 75 33
-31.1748 -487.7937 4572.3018 100 81 40
-27.4678 -487.0959 4565.7607 102 82 39
-23.7714 -486.4000 4559.2383 102 81 36
-20.1143 -486.4000 4559.2383 109 87 41
-16.4571 -486.4000 4559.2383 114 94 45
59.1828 -366.1075 3431.6846 98 102 111
61.9355 -366.1075 3431.6846 178 182 181
67.4409 -366.1075 3431.6846 75 80 91
70.1182 -365.7143 3427.9988 177 182 178
72.7117 -364.9304 3420.6504 124 127 133
75.5365 -365.3219 3424.3206 39 43 66
78.1994 -364.9304 3420.6504 35 39 63
80.7701 -364.1497 3413.3335 35 37 59
83.4188 -363.7607 3409.6868 34 38 56
86.0619 -363.3725 3406.0479 42 47 67
88.5106 -362.2128 3395.1775 85 88 100
91.1371 -361.8279 3391.5693 158 162 158
93.5593 -360.6780 3380.7910 160 166 159
95.8650 -359.1561 3366.5261 77 78 84
98.5654 -359.1561 3366.5261 35 36 51
101.2658 -359.1561 3366.5261 32 34 49
103.7474 -358.4000 3359.4387 49 53 65
106.2185 -357.6471 3352.3811 115 119 117
108.9076 -357.6471 3352.3811 144 148 141
111.4795 -357.2718 3348.8633 118 122 117
113.8075 -356.1506 3338.3542 65 68 73
116.4854 -356.1506 3338.3542 28 30 43
119.1632 -356.1506 3338.3542 26 30 42
121.5866 -355.4071 3331.3850 87 91 91
124.2589 -355.4071 3331.3850 140 143 134
126.9311 -355.4071 3331.3850 144 147 137
129.4682 -355.0365 3327.9111 109 111 108
132.1376 -355.0365 3327.9111 45 46 54
134.8071 -355.0365 3327.9111 40 41 50
137.1904 -354.2976 3320.9851 106 107 105
139.7090 -353.9293 3317.5330 139 142 129
142.3701 -353.9293 3317.5330 136 140 125
145.0312 -353.9293 3317.5330 111 112 106
147.3859 -353.1950 3310.6501 31 31 35
150.0415 -353.1950 3310.6501 40 41 46
152.6971 -353.1950 3310.6501 73 74 72
155.0311 -352.4638 3303.7959 124 125 112
157.8446 -352.8290 3307.2195 144 146 128
160.4974 -352.8290 3307.2195 130 133 116
162.8128 -352.0993 3300.3792 38 39 39
165.4602 -352.0993 3300.3792 24 23 31
168.2816 -352.4638 3303.7959 31 30 35
170.5785 -351.7355 3296.9697 99 99 88
173.2231 -351.7355 3296.9697 127 127 109
176.2319 -352.4638 3303.7959 117 118 100
178.8820 -352.4638 3303.7959 91 91 85
181.3444 -352.0993 3300.3792 51 52 54
184.3731 -352.8290 3307.2195 23 23 29
187.2199 -353.1950 3310.6501 57 57 57
189.6788 -352.8290 3307.2195 92 92 82
192.7310 -353.5618 3314.0879 112 112 96
195.3894 -353.5618 3314.0879 118 117 99
198.0478 -353.5618 3314.0879 115 114 98
200.7061 -353.5618 3314.0879 87 88 77
203.5759 -353.9293 3317.5330 89 88 78
206.4516 -354.2976 3320.9851 109 108 93
208.8981 -353.9293 3317.5330 113 111 90
211.7794 -354.2976 3320.9851 115 114 92
214.6667 -354.6667 3324.4446 84 83 69
216.8815 -353.9293 3317.5330 30 30 26
220.0000 -354.6667 3324.4446 87 87 75
222.8989 -355.0365 3327.9111 113 112 93
225.3333 -354.6667 3324.4446 117 116 95
228.2378 -355.0365 3327.9111 111 110 89
231.1483 -355.4071 3331.3850 94 92 80
233.5767 -355.0365 3327.9111 52 51 49
236.4927 -355.4071 3331.3850 18 18 22
239.4148 -355.7785 3334.8660 45 45 40
242.3431 -356.1506 3338.3542 97 96 80
245.0209 -356.1506 3338.3542 108 106 86
247.9581 -356.5236 3341.8501 117 115 93
250.6387 -356.5236 3341.8501 110 108 90
253.3194 -356.5236 3341.8501 78 77 68
256.0000 -356.5236 3341.8501 21 21 22
259.4958 -357.6471 3352.3811 16 16 23
262.1849 -357.6471 3352.3811 13 16 21
265.7113 -358.7777 3362.9788 12 14 19
268.9757 -359.5354 3370.0811 13 15 20
271.9662 -359.9155 3373.6436 13 14 19
276.1318 -361.8279 3391.5693 13 14 19
279.4463 -362.5985 3398.7932 13 15 20
283.3797 -364.1497 3413.3335 12 14 20
286.1177 -364.1497 3413.3335 12 14 19
289.1649 -364.5396 3416.9880 13 14 19
292.2187 -364.9304 3420.6504 13 14 19
295.2790 -365.3219 3424.3206 13 13 18
298.3459 -365.7143 3427.9988 13 14 18
302.3948 -367.2924 3442.7905 13 14 19
305.8163 -368.0865 3450.2344 12 14 19
308.9178 -368.4849 3453.9683 15 16 22
312.0260 -368.8841 3457.7104 16 16 22
315.1410 -369.2842 3461.4607 16 18 24
318.6087 -370.0870 3468.9856 16 18 24
322.0915 -370.8932 3476.5432 17 17 24
352.3345 -395.4472 3706.6978 19 20 27
352.0369 -391.8067 3672.5740 18 20 28
355.8016 -392.7105 3681.0459 20 21 29
357.9287 -391.8067 3672.5740 18 20 27
360.0459 -390.9070 3664.1409 19 20 28
362.9851 -390.9070 3664.1409 20 21 28
365.5046 -390.4587 3659.9390 24 24 31
368.4404 -390.4587 3659.9390 52 45 43
371.3762 -390.4587 3659.9390 118 92 67
373.8832 -390.0115 3655.7466 141 108 71
376.3845 -389.5652 3651.5637 140 102 64
378.8800 -389.1200 3647.3906 130 88 51
562.0001 -532.0001 4986.6670 119 86 41
565.1171 -531.1700 4978.8872 112 79 37
568.2243 -530.3427 4971.1318 109 76 36
571.3220 -529.5179 4963.4009 109 77 40
575.3033 -529.5179 4963.4009 105 75 39
577.4884 -527.8760 4948.0103 98 71 37
580.5573 -527.0588 4940.3511 87 59 31
584.5202 -527.0588 4940.3511 71 45 24
588.4830 -527.0588 4940.3511 65 39 21
591.5302 -526.2443 4932.7153 68 43 24
594.5679 -525.4321 4925.1030 81 54 27
598.5186 -525.4321 4925.1030 93 62 31
601.5409 -524.6225 4917.5142 109 73 40
605.4854 -524.6225 4917.5142 112 75 38
608.4923 -523.8154 4909.9487 107 70 37
612.4308 -523.8154 4909.9487 105 67 34
616.3693 -523.8154 4909.9487 115 75 41
619.3549 -523.0108 4902.4067 121 83 45
623.2873 -523.0108 4902.4067 115 80 40
626.2577 -522.2086 4894.8877 103 67 30
629.2191 -521.4089 4887.3916 101 64 28
633.1394 -521.4089 4887.3916 103 66 28
636.0856 -520.6116 4879.9185 101 64 28
639.0229 -519.8168 4872.4683 98 59 27
641.9513 -519.0244 4865.0410 102 62 30
645.8538 -519.0244 4865.0410 107 64 32
647.7812 -517.4468 4850.2534 109 67 32
651.6718 -517.4468 4850.2534 115 74 36
654.5676 -516.6616 4842.8936 113 70 35
658.4523 -516.6616 4842.8936 112 67 33
661.3334 -515.8788 4835.5557 112 67 30
666.2216 -516.6616 4842.8936 114 68 29
669.0909 -515.8788 4835.5557 113 70 31
672.9698 -515.8788 4835.5557 106 69 30
676.8485 -515.8788 4835.5557 78 49 17
680.7273 -515.8788 4835.5557 65 40 13
683.5704 -515.0984 4828.2402 74 47 18
687.4433 -515.0984 4828.2402 76 47 18
692.3636 -515.8788 4835.5557 83 52 23
695.1891 -515.0984 4828.2402 90 58 24
700.1213 -515.8788 4835.5557 93 61 28
704.0001 -515.8788 4835.5557 93 62 28
707.8788 -515.8788 4835.5557 95 63 25
711.7576 -515.8788 4835.5557 97 66 28
715.6364 -515.8788 4835.5557 93 62 28
719.5152 -515.8788 4835.5557 88 57 23
722.2996 -515.0984 4828.2402 84 56 21
727.2728 -515.8788 4835.5557 79 50 19
731.1516 -515.8788 4835.5557 77 47 17
735.0303 -515.8788 4835.5557 78 47 19
738.9091 -515.8788 4835.5557 88 54 30
743.9151 -516.6616 4842.8936 85 49 30
747.7997 -516.6616 4842.8936 71 40 20
751.6844 -516.6616 4842.8936 71 42 21
755.5692 -516.6616 4842.8936 75 46 21
758.3030 -515.8788 4835.5557 95 66 31
763.3384 -516.6616 4842.8936 92 62 27
767.2231 -516.6616 4842.8936 103 73 32
771.1078 -516.6616 4842.8936 111 78 33
774.9925 -516.6616 4842.8936 111 76 32
778.8772 -516.6616 4842.8936 110 76 34
783.9514 -517.4468 4850.2534 98 66 28
787.8420 -517.4468 4850.2534 70 39 15
791.7325 -517.4468 4850.2534 68 38 17
796.8341 -518.2344 4857.6357 81 51 21
801.9513 -519.0244 4865.0410 89 56 23
805.8538 -519.0244 4865.0410 90 55 23
809.7562 -519.0244 4865.0410 90 56 21
812.4201 -518.2344 4857.6357 92 57 21
817.5610 -519.0244 4865.0410 98 60 23
823.9755 -520.6116 4879.9185 112 69 30
826.6260 -519.8168 4872.4683 118 72 32
831.8043 -520.6116 4879.9185 115 68 30
836.9985 -521.4089 4887.3916 108 63 30
840.9189 -521.4089 4887.3916 97 57 27
846.1350 -522.2086 4894.8877 87 52 24
851.3671 -523.0108 4902.4067 82 49 25
856.6154 -523.8154 4909.9487 81 49 24
860.5538 -523.8154 4909.9487 88 54 25
864.4924 -523.8154 4909.9487 91 53 29
-451.8707 -482.4754 4488.7017 130 104 48
-448.9014 -483.1549 4495.0234 132 105 48
-445.2958 -483.1549 4495.0234 136 110 51
-441.6902 -483.1549 4495.0234 137 111 50
-438.0845 -483.1549 4495.0234 134 108 49
-435.0917 -483.8365 4501.3638 131 106 48
-431.4810 -483.8365 4501.3638 129 104 48
-427.8703 -483.8365 4501.3638 127 101 48
-424.2596 -483.8365 4501.3638 123 98 46
-421.2429 -484.5198 4507.7212 118 94 42
-417.6271 -484.5198 4507.7212 114 89 40
-414.0113 -484.5198 4507.7212 116 92 44
-410.3955 -484.5198 4507.7212 110 86 36
-406.7797 -484.5198 4507.7212 114 90 39
-403.1638 -484.5198 4507.7212 117 92 41
-399.5480 -484.5198 4507.7212 119 96 44
-395.9322 -484.5198 4507.7212 118 93 44
-392.8713 -485.2051 4514.0972 115 90 40
-388.7006 -484.5198 4507.7212 114 88 41
-385.6294 -485.2051 4514.0972 105 81 34
-382.0085 -485.2051 4514.0972 105 82 34
-378.3876 -485.2051 4514.0972 115 91 39
-374.7666 -485.2051 4514.0972 122 94 41
-371.6714 -485.8924 4520.4912 127 98 42
-368.0453 -485.8924 4520.4912 125 99 42
-364.4193 -485.8924 4520.4912 132 106 51
-360.7932 -485.8924 4520.4912 126 101 46
-357.1671 -485.8924 4520.4912 122 100 47
-353.5411 -485.8924 4520.4912 120 98 47
-349.9150 -485.8924 4520.4912 120 97 47
-346.7802 -486.5816 4526.9033 111 90 41
-343.1490 -486.5816 4526.9033 103 85 39
-339.5178 -486.5816 4526.9033 113 92 45
-335.8866 -486.5816 4526.9033 118 96 48
-332.2553 -486.5816 4526.9033 109 86 39
-328.6241 -486.5816 4526.9033 94 74 30
-324.9929 -486.5816 4526.9033 87 68 32
-321.3617 -486.5816 4526.9033 90 72 35
-317.7305 -486.5816 4526.9033 92 77 37
-313.6544 -485.8924 4520.4912 98 81 39
-310.4681 -486.5816 4526.9033 108 88 41
-306.8369 -486.5816 4526.9033 114 93 44
-303.2057 -486.5816 4526.9033 117 96 45
-300.0000 -487.2728 4533.3335 110 90 42
-295.9433 -486.5816 4526.9033 105 85 40
-292.3121 -486.5816 4526.9033 102 83 40
-288.6809 -486.5816 4526.9033 93 78 37
-285.0497 -486.5816 4526.9033 96 82 42
-281.4185 -486.5816 4526.9033 97 82 42
-277.7873 -486.5816 4526.9033 96 79 38
-274.1560 -486.5816 4526.9033 96 76 35
-270.5249 -486.5816 4526.9033 99 78 39
-266.8936 -486.5816 4526.9033 102 83 41
-263.2625 -486.5816 4526.9033 109 89 42
-260.0000 -487.2728 4533.3335 119 96 47
-256.0000 -486.5816 4526.9033 123 98 47
-252.7273 -487.2728 4533.3335 130 106 53
-249.4453 -487.9659 4539.7822 129 106 52
-245.4546 -487.2728 4533.3335 126 103 49
-241.8182 -487.2728 4533.3335 128 103 51
-238.1818 -487.2728 4533.3335 131 106 52
-234.8791 -487.9659 4539.7822 132 108 54
-230.9091 -487.2728 4533.3335 142 117 59
-227.5960 -487.9659 4539.7822 142 117 58
-223.9545 -487.9659 4539.7822 129 104 50
-220.3130 -487.9659 4539.7822 121 97 47
-216.6714 -487.9659 4539.7822 120 97 46
-213.3333 -488.6610 4546.2490 119 96 44
-209.6866 -488.6610 4546.2490 111 89 42
-206.0399 -488.6610 4546.2490 111 88 43
-202.3932 -488.6610 4546.2490 112 89 43
-198.7465 -488.6610 4546.2490 118 95 47
-195.0997 -488.6610 4546.2490 122 98 47
-191.4530 -488.6610 4546.2490 117 93 44
-187.8063 -488.6610 4546.2490 114 91 44
-184.1596 -488.6610 4546.2490 107 86 39
-180.5128 -488.6610 4546.2490 112 90 43
-177.1184 -489.3581 4552.7344 112 90 44
-173.4665 -489.3581 4552.7344 104 85 40
-169.8146 -489.3581 4552.7344 109 88 43
-166.1626 -489.3581 4552.7344 116 94 46
-162.5107 -489.3581 4552.7344 124 102 51
-158.8588 -489.3581 4552.7344 129 105 54
-155.2069 -489.3581 4552.7344 132 108 55
-151.5549 -489.3581 4552.7344 128 105 52
-147.9030 -489.3581 4552.7344 125 102 51
-144.2511 -489.3581 4552.7344 124 101 51
-140.5992 -489.3581 4552.7344 121 98 49
-136.9472 -489.3581 4552.7344 119 95 47
-133.2953 -489.3581 4552.7344 122 97 48
-129.8286 -490.0572 4559.2383 120 97 46
-126.1714 -490.0572 4559.2383 118 95 44
-122.3395 -489.3581 4552.7344 122 97 47
-118.8572 -490.0572 4559.2383 127 101 51
-115.2000 -490.0572 4559.2383 127 102 50
-111.5429 -490.0572 4559.2383 126 102 51
-107.8857 -490.0572 4559.2383 122 99 49
-104.2286 -490.0572 4559.2383 127 104 54
-100.5714 -490.0572 4559.2383 128 105 53
-96.9143 -490.0572 4559.2383 132 108 57
-93.2571 -490.0572 4559.2383 133 109 57
-89.6000 -490.0572 4559.2383 133 108 57
-85.9429 -490.0572 4559.2383 128 105 54
-82.2857 -490.0572 4559.2383 132 109 56
-78.7411 -490.7582 4565.7607 136 112 61
-75.0787 -490.7582 4565.7607 137 114 60
-71.4163 -490.7582 4565.7607 138 117 61
-67.7539 -490.7582 4565.7607 137 114 59
-64.0916 -490.7582 4565.7607 133 110 56
-60.4292 -490.7582 4565.7607 131 110 56
-56.7668 -490.7582 4565.7607 134 111 57
-53.1044 -490.7582 4565.7607 132 106 53
-49.5129 -491.4613 4572.3018 133 110 58
-45.8453 -491.4613 4572.3018 131 109 58
-42.1777 -491.4613 4572.3018 130 107 57
-38.5100 -491.4613 4572.3018 128 106 54
-34.8424 -491.4613 4572.3018 121 100 49
-31.1748 -491.4613 4572.3018 114 95 48
-27.4678 -490.7582 4565.7607 116 97 50
-23.7714 -490.0572 4559.2383 118 97 48
-20.1143 -490.0572 4559.2383 123 100 51
-16.4337 -489.3581 4552.7344 120 98 50
53.6198 -368.4641 3427.9988 154 159 163
56.3695 -368.4641 3427.9988 138 143 145
59.1192 -368.4641 3427.9988 91 95 102
61.8690 -368.4641 3427.9988 176 180 178
67.3684 -368.4641 3427.9988 79 84 93
70.0429 -368.0687 3424.3206 176 182 179
72.7117 -367.6742 3420.6504 116 120 126
75.4555 -367.6742 3420.6504 39 43 64
78.1156 -367.2805 3416.9880 34 38 62
80.7701 -366.8877 3413.3335 36 39 64
83.4188 -366.4958 3409.6868 31 36 55
86.0619 -366.1046 3406.0479 38 42 60
88.5106 -364.9362 3395.1775 94 99 105
91.2340 -364.9362 3395.1775 161 166 160
93.5593 -363.3899 3380.7910 156 162 155
95.9662 -362.2387 3370.0811 74 78 84
98.6695 -362.2387 3370.0811 33 37 51
101.2658 -361.8566 3366.5261 33 36 50
103.7474 -361.0948 3359.4387 35 38 54
106.2185 -360.3362 3352.3811 66 67 77
108.9076 -360.3362 3352.3811 85 87 94
111.5966 -360.3362 3352.3811 85 87 95
113.8075 -358.8285 3338.3542 37 41 52
116.4854 -358.8285 3338.3542 30 33 47
119.0387 -358.4535 3334.8660 30 34 43
121.7137 -358.4535 3334.8660 93 96 92
124.3887 -358.4535 3334.8660 139 142 130
126.9311 -358.0794 3331.3850 138 140 130
129.4682 -357.7060 3327.9111 103 104 104
132.1376 -357.7060 3327.9111 36 38 48
134.8071 -357.7060 3327.9111 30 32 41
137.1904 -356.9615 3320.9851 101 102 97
139.7090 -356.5905 3317.5330 141 143 128
142.3701 -356.5905 3317.5330 135 138 123
145.0312 -356.5905 3317.5330 104 105 101
147.3859 -355.8506 3310.6501 29 29 35
150.0415 -355.8506 3310.6501 25 26 35
152.8557 -356.2202 3314.0879 73 74 73
155.1917 -355.4819 3307.2195 119 122 110
157.8446 -355.4819 3307.2195 142 144 128
160.4974 -355.4819 3307.2195 125 127 115
162.8128 -354.7466 3300.3792 37 38 40
165.4602 -354.7466 3300.3792 23 25 31
168.2816 -355.1139 3303.7959 28 29 32
170.5785 -354.3802 3296.9697 100 100 91
173.2231 -354.3802 3296.9697 134 134 120
176.2319 -355.1139 3303.7959 121 122 109
178.8820 -355.1139 3303.7959 58 59 57
181.3444 -354.7466 3300.3792 24 24 31
184.3731 -355.4819 3307.2195 19 19 26
187.0259 -355.4819 3307.2195 22 24 30
189.6788 -355.4819 3307.2195 67 67 63
192.5311 -355.8506 3310.6501 116 116 99
195.3894 -356.2202 3314.0879 127 126 108
197.8423 -355.8506 3310.6501 103 103 91
200.7061 -356.2202 3314.0879 31 31 33
203.5759 -356.5905 3317.5330 30 29 34
206.4516 -356.9615 3320.9851 77 76 68
208.8981 -356.5905 3317.5330 115 114 94
211.7794 -356.9615 3320.9851 118 118 95
214.6667 -357.3333 3324.4446 89 88 74
216.8815 -356.5905 3317.5330 23 23 22
219.7711 -356.9615 3320.9851 35 34 32
222.8989 -357.7060 3327.9111 92 92 78
225.3333 -357.3333 3324.4446 117 115 95
228.2378 -357.7060 3327.9111 105 103 85
231.1483 -358.0794 3331.3850 52 51 45
233.8205 -358.0794 3331.3850 20 21 24
236.4927 -358.0794 3331.3850 14 15 20
239.4148 -358.4535 3334.8660 21 22 26
242.3431 -358.8285 3338.3542 48 48 46
245.0209 -358.8285 3338.3542 90 91 75
247.9581 -359.2042 3341.8501 109 109 87
250.6387 -359.2042 3341.8501 87 86 72
253.3194 -359.2042 3341.8501 34 35 33
256.0000 -359.2042 3341.8501 14 17 20
259.4958 -360.3362 3352.3811 13 15 20
262.1849 -360.3362 3352.3811 14 14 19
265.1525 -360.7151 3355.9062 14 15 20
268.1263 -361.0948 3359.4387 14 15 21
271.1064 -361.4753 3362.9788 14 15 20
279.1490 -364.9362 3395.1775 14 14 20
283.0770 -366.4958 3409.6868 13 14 20
286.1177 -366.8877 3413.3335 13 15 20
288.8557 -366.8877 3413.3335 13 15 20
291.9058 -367.2805 3416.9880 14 15 20
294.9625 -367.6742 3420.6504 13 14 19
297.7063 -367.6742 3420.6504 13 14 19
302.0690 -369.6552 3439.0806 12 14 19
304.8276 -369.6552 3439.0806 12 14 19
308.2505 -370.4536 3446.5083 15 15 22
311.6883 -371.2554 3453.9683 16 17 24
315.1410 -372.0608 3461.4607 17 17 25
318.6087 -372.8696 3468.9856 16 17 25
321.7410 -373.2753 3472.7603 16 17 25
347.7457 -396.5781 3689.5569 14 17 24
352.3345 -398.4205 3706.6978 17 18 24
352.0369 -394.7526 3672.5740 21 22 29
355.8016 -395.6632 3681.0459 21 21 29
357.9287 -394.7526 3672.5740 21 21 29
360.0459 -393.8462 3664.1409 21 21 29
362.9851 -393.8462 3664.1409 20 21 29
365.5046 -393.3945 3659.9390 22 22 30
368.4404 -393.3945 3659.9390 43 38 40
371.3762 -393.3945 3659.9390 105 86 66
373.8832 -392.9439 3655.7466 115 91 58
376.3845 -392.4943 3651.5637 106 79 51
378.8800 -392.0457 3647.3906 106 76 43
562.8795 -536.8389 4994.4707 113 78 46
566.0001 -536.0001 4986.6670 118 83 47
569.1108 -535.1638 4978.8872 122 85 43
572.2119 -534.3303 4971.1318 128 93 47
575.3033 -533.4992 4963.4009 125 92 44
578.3851 -532.6709 4955.6938 120 86 39
581.4574 -531.8450 4948.0103 115 80 37
585.4263 -531.8450 4948.0103 114 76 38
588.4830 -531.0217 4940.3511 110 73 41
592.4459 -531.0217 4940.3511 115 77 45
595.4869 -530.2010 4932.7153 120 82 46
599.4437 -530.2010 4932.7153 109 74 38
602.4692 -529.3828 4925.1030 100 65 32
606.4198 -529.3828 4925.1030 98 62 27
609.4299 -528.5670 4917.5142 119 81 40
613.3745 -528.5670 4917.5142 133 92 49
617.3190 -528.5670 4917.5142 134 91 46
620.3077 -527.7538 4909.9487 136 91 46
624.2462 -527.7538 4909.9487 140 94 48
627.2197 -526.9432 4902.4067 150 102 56
630.1841 -526.1350 4894.8877 152 103 59
634.1105 -526.1350 4894.8877 153 102 58
637.0598 -525.3293 4887.3916 154 103 61
639.0229 -523.7252 4872.4683 152 102 62
642.9313 -523.7252 4872.4683 148 97 58
645.8538 -522.9269 4865.0410 148 95 55
648.7672 -522.1309 4857.6357 146 93 52
651.6718 -521.3374 4850.2534 146 99 55
654.5676 -520.5463 4842.8936 136 91 48
658.4523 -520.5463 4842.8936 127 85 45
662.3370 -520.5463 4842.8936 113 72 38
666.2216 -520.5463 4842.8936 103 64 35
670.1063 -520.5463 4842.8936 103 61 34
672.9698 -519.7576 4835.5557 110 60 30
677.8756 -520.5463 4842.8936 101 60 26
680.7273 -519.7576 4835.5557 95 61 26
684.6061 -519.7576 4835.5557 74 45 16
688.4849 -519.7576 4835.5557 61 35 11
692.3636 -519.7576 4835.5557 59 34 12
696.2425 -519.7576 4835.5557 66 37 17
700.1213 -519.7576 4835.5557 79 46 23
704.0001 -519.7576 4835.5557 99 63 31
707.8788 -519.7576 4835.5557 111 75 37
712.8376 -520.5463 4842.8936 112 77 37
715.6364 -519.7576 4835.5557 108 73 34
720.6071 -520.5463 4842.8936 104 71 33
723.3940 -519.7576 4835.5557 108 75 38
727.2728 -519.7576 4835.5557 110 75 36
732.2610 -520.5463 4842.8936 108 73 34
735.0303 -519.7576 4835.5557 101 67 32
738.9091 -519.7576 4835.5557 100 66 35
743.9151 -520.5463 4842.8936 99 66 35
747.7997 -520.5463 4842.8936 93 62 31
751.6844 -520.5463 4842.8936 89 60 30
755.5692 -520.5463 4842.8936 87 61 31
759.4538 -520.5463 4842.8936 76 51 26
763.3384 -520.5463 4842.8936 84 60 30
767.2231 -520.5463 4842.8936 93 66 30
772.2797 -521.3374 4850.2534 103 72 33
776.1703 -521.3374 4850.2534 104 73 33
780.0609 -521.3374 4850.2534 96 65 29
785.1447 -522.1309 4857.6357 65 37 15
789.0411 -522.1309 4857.6357 57 29 12
792.9376 -522.1309 4857.6357 59 30 14
796.8341 -522.1309 4857.6357 67 36 16
801.9513 -522.9269 4865.0410 88 50 23
805.8538 -522.9269 4865.0410 112 66 33
809.7562 -522.9269 4865.0410 121 72 36
813.6586 -522.9269 4865.0410 123 71 35
818.8092 -523.7252 4872.4683 114 65 28
823.9755 -524.5260 4879.9185 113 71 30
827.8900 -524.5260 4879.9185 107 71 31
833.0781 -525.3293 4887.3916 95 63 29
836.9985 -525.3293 4887.3916 92 60 27
842.2086 -526.1350 4894.8877 96 65 30
847.4348 -526.9432 4902.4067 96 61 31
851.3671 -526.9432 4902.4067 97 61 31
857.9354 -528.5670 4917.5142 100 62 31
861.8799 -528.5670 4917.5142 100 59 30
865.8244 -528.5670 4917.5142 86 48 25
-451.8707 -486.0760 4488.7017 137 111 51
-448.2701 -486.0760 4488.7017 137 110 51
-444.6695 -486.0760 4488.7017 140 111 51
-441.6902 -486.7606 4495.0234 143 114 52
-438.0845 -486.7606 4495.0234 141 112 50
-434.4789 -486.7606 4495.0234 139 110 50
-430.8733 -486.7606 4495.0234 133 106 49
-427.8703 -487.4472 4501.3638 127 101 47
-424.2596 -487.4472 4501.3638 120 95 44
-420.6488 -487.4472 4501.3638 120 94 44
-417.0381 -487.4472 4501.3638 121 94 43
-413.4274 -487.4472 4501.3638 120 92 43
-410.3955 -488.1356 4507.7212 112 87 39
-406.7797 -488.1356 4507.7212 117 91 40
-403.1638 -488.1356 4507.7212 123 95 43
-399.5480 -488.1356 4507.7212 115 88 39
-395.9322 -488.1356 4507.7212 102 77 34
-392.3164 -488.1356 4507.7212 114 87 40
-388.7006 -488.1356 4507.7212 127 99 46
-385.6294 -488.8260 4514.0972 125 98 44
-382.0085 -488.8260 4514.0972 127 101 46
-378.3876 -488.8260 4514.0972 133 106 48
-374.7666 -488.8260 4514.0972 136 108 48
-371.1457 -488.8260 4514.0972 147 119 56
-367.5248 -488.8260 4514.0972 142 115 53
-363.9038 -488.8260 4514.0972 132 105 49
-360.7932 -489.5185 4520.4912 127 102 49
-357.1671 -489.5185 4520.4912 125 102 50
-353.0410 -488.8260 4514.0972 122 98 49
-349.9150 -489.5185 4520.4912 122 97 49
-346.2890 -489.5185 4520.4912 118 95 47
-343.1490 -490.2128 4526.9033 111 91 45
-339.0369 -489.5185 4520.4912 104 85 42
-335.8866 -490.2128 4526.9033 100 81 41
-331.7847 -489.5185 4520.4912 94 75 35
-328.6241 -490.2128 4526.9033 80 62 28
-324.5326 -489.5185 4520.4912 75 59 30
-321.3617 -490.2128 4526.9033 76 62 32
-317.2805 -489.5185 4520.4912 87 71 37
-313.6544 -489.5185 4520.4912 100 85 44
-310.0284 -489.5185 4520.4912 110 94 47
-306.4023 -489.5185 4520.4912 118 99 50
-302.7762 -489.5185 4520.4912 115 93 45
-299.5745 -490.2128 4526.9033 105 85 41
-295.9433 -490.2128 4526.9033 101 84 41
-292.3121 -490.2128 4526.9033 102 84 42
-288.2720 -489.5185 4520.4912 95 77 38
-285.0497 -490.2128 4526.9033 94 78 39
-281.0198 -489.5185 4520.4912 95 80 40
-277.7873 -490.2128 4526.9033 95 80 38
-273.7677 -489.5185 4520.4912 99 81 39
-270.5249 -490.2128 4526.9033 105 85 43
-266.5156 -489.5185 4520.4912 109 89 45
-263.2625 -490.2128 4526.9033 110 91 45
-259.6312 -490.2128 4526.9033 115 94 48
-256.0000 -490.2128 4526.9033 122 99 49
-252.3688 -490.2128 4526.9033 136 111 56
-249.0909 -490.9091 4533.3335 139 114 56
-245.1064 -490.2128 4526.9033 136 110 53
-241.8182 -490.9091 4533.3335 135 109 54
-237.8440 -490.2128 4526.9033 140 115 58
-234.5455 -490.9091 4533.3335 141 115 58
-230.9091 -490.9091 4533.3335 146 120 59
-227.2727 -490.9091 4533.3335 144 119 56
-223.6364 -490.9091 4533.3335 138 113 53
-220.3130 -491.6075 4539.7822 137 111 54
-216.6714 -491.6075 4539.7822 136 111 55
-213.0299 -491.6075 4539.7822 137 114 60
-209.3884 -491.6075 4539.7822 130 108 55
-205.7468 -491.6075 4539.7822 120 96 47
-202.3932 -492.3077 4546.2490 111 88 43
-198.7465 -492.3077 4546.2490 115 94 49
-194.8222 -491.6075 4539.7822 116 95 50
-191.4530 -492.3077 4546.2490 103 84 42
-187.8063 -492.3077 4546.2490 94 79 39
-184.1596 -492.3077 4546.2490 99 82 38
-180.5128 -492.3077 4546.2490 114 93 45
-176.8661 -492.3077 4546.2490 111 88 43
-173.2194 -492.3077 4546.2490 99 82 38
-169.5727 -492.3077 4546.2490 112 93 47
-165.9259 -492.3077 4546.2490 117 95 47
-162.5107 -493.0100 4552.7344 124 102 51
-158.8588 -493.0100 4552.7344 136 112 57
-154.9858 -492.3077 4546.2490 139 114 57
-151.5549 -493.0100 4552.7344 135 109 55
-147.9030 -493.0100 4552.7344 127 104 51
-144.2511 -493.0100 4552.7344 127 102 50
-140.5992 -493.0100 4552.7344 123 98 50
-136.9472 -493.0100 4552.7344 118 96 50
-133.2953 -493.0100 4552.7344 123 100 52
-129.6434 -493.0100 4552.7344 129 104 54
-125.9915 -493.0100 4552.7344 127 102 52
-122.3395 -493.0100 4552.7344 125 101 50
-118.6876 -493.0100 4552.7344 122 98 48
-115.0357 -493.0100 4552.7344 118 94 46
-111.3838 -493.0100 4552.7344 117 95 49
-107.7318 -493.0100 4552.7344 121 96 50
-104.0799 -493.0100 4552.7344 126 100 53
-100.5714 -493.7143 4559.2383 130 104 54
-96.7760 -493.0100 4552.7344 133 107 57
-93.2571 -493.7143 4559.2383 131 106 57
-89.6000 -493.7143 4559.2383 130 107 55
-85.9429 -493.7143 4559.2383 131 110 56
-82.2857 -493.7143 4559.2383 139 116 61
-78.6286 -493.7143 4559.2383 141 116 63
-74.9714 -493.7143 4559.2383 140 116 62
-71.4163 -494.4206 4565.7607 137 115 60
-67.7539 -494.4206 4565.7607 137 113 59
-64.0916 -494.4206 4565.7607 136 113 58
-60.4292 -494.4206 4565.7607 132 111 57
-56.7668 -494.4206 4565.7607 135 112 59
-53.1044 -494.4206 4565.7607 133 109 57
-49.4421 -494.4206 4565.7607 131 108 57
-45.7797 -494.4206 4565.7607 131 111 61
-42.1777 -495.1290 4572.3018 133 110 59
-38.5100 -495.1290 4572.3018 133 111 59
-34.8424 -495.1290 4572.3018 131 110 59
-31.1302 -494.4206 4565.7607 128 107 59
-27.4678 -494.4206 4565.7607 122 104 56
-23.7714 -493.7143 4559.2383 122 103 53
-20.0856 -493.0100 4552.7344 118 97 50
-16.4337 -493.0100 4552.7344 117 95 49
53.5622 -370.8155 3424.3206 159 166 169
56.3090 -370.8155 3424.3206 136 141 145
59.1192 -371.2138 3427.9988 86 90 102
61.8690 -371.2138 3427.9988 172 177 178
64.5494 -370.8155 3424.3206 93 98 106
67.2961 -370.8155 3424.3206 83 87 99
70.0429 -370.8155 3424.3206 175 181 181
72.6338 -370.0214 3416.9880 112 116 123
75.4555 -370.4180 3420.6504 38 42 65
78.1156 -370.0214 3416.9880 36 41 66
80.7701 -369.6257 3413.3335 32 36 60
83.4188 -369.2308 3409.6868 30 34 52
85.9702 -368.4435 3402.4165 35 39 57
88.5106 -367.6596 3395.1775 95 100 105
91.1371 -367.2689 3391.5693 166 172 165
93.5593 -366.1017 3380.7910 157 163 156
95.9662 -364.9420 3370.0811 75 79 86
98.6695 -364.9420 3370.0811 36 39 56
101.2658 -364.5570 3366.5261 29 32 48
103.8567 -364.1729 3362.9788 28 32 49
106.2185 -363.0252 3352.3811 29 33 47
108.9076 -363.0252 3352.3811 31 35 50
111.5966 -363.0252 3352.3811 30 33 48
113.8075 -361.5063 3338.3542 27 29 42
116.4854 -361.5063 3338.3542 28 30 44
119.0387 -361.1285 3334.8660 32 35 43
121.7137 -361.1285 3334.8660 114 117 112
124.3887 -361.1285 3334.8660 148 151 138
126.9311 -360.7516 3331.3850 142 144 131
129.4682 -360.3754 3327.9111 97 100 97
132.1376 -360.3754 3327.9111 28 31 40
134.8071 -360.3754 3327.9111 28 31 40
137.1904 -359.6254 3320.9851 101 102 98
139.7090 -359.2516 3317.5330 136 138 124
142.3701 -359.2516 3317.5330 134 136 123
145.0312 -359.2516 3317.5330 100 101 98
147.3859 -358.5063 3310.6501 27 28 36
150.0415 -358.5063 3310.6501 24 25 34
152.6971 -358.5063 3310.6501 64 65 63
155.1917 -358.1347 3307.2195 113 115 101
157.8446 -358.1347 3307.2195 135 135 120
160.4974 -358.1347 3307.2195 123 124 115
162.8128 -357.3940 3300.3792 34 34 38
165.4602 -357.3940 3300.3792 23 23 32
168.2816 -357.7640 3303.7959 28 28 32
170.5785 -357.0248 3296.9697 102 103 94
173.2231 -357.0248 3296.9697 134 137 122
176.2319 -357.7640 3303.7959 118 119 105
178.8820 -357.7640 3303.7959 55 54 51
181.3444 -357.3940 3300.3792 22 22 28
184.3731 -358.1347 3307.2195 17 19 27
187.0259 -358.1347 3307.2195 18 20 24
189.6788 -358.1347 3307.2195 64 65 60
192.5311 -358.5063 3310.6501 116 117 99
195.3894 -358.8785 3314.0879 124 123 105
197.8423 -358.5063 3310.6501 96 96 84
200.7061 -358.8785 3314.0879 20 21 23
203.5759 -359.2516 3317.5330 19 19 22
206.4516 -359.6254 3320.9851 69 69 63
208.8981 -359.2516 3317.5330 111 111 91
211.7794 -359.6254 3320.9851 114 112 92
214.6667 -360.0000 3324.4446 90 88 75
216.8815 -359.2516 3317.5330 20 20 20
219.7711 -359.6254 3320.9851 20 20 21
222.8989 -360.3754 3327.9111 77 78 66
225.3333 -360.0000 3324.4446 109 110 90
228.2378 -360.3754 3327.9111 99 98 80
231.1483 -360.7516 3331.3850 37 36 32
233.5767 -360.3754 3327.9111 18 17 22
236.4927 -360.7516 3331.3850 16 16 21
239.4148 -361.1285 3334.8660 16 16 19
242.3431 -361.5063 3338.3542 29 29 28
245.0209 -361.5063 3338.3542 91 92 75
247.6988 -361.5063 3338.3542 108 107 87
250.6387 -361.8848 3341.8501 73 71 63
253.3194 -361.8848 3341.8501 17 19 22
256.2684 -362.2642 3345.3530 11 16 19
259.2235 -362.6443 3348.8633 13 15 20
262.1849 -363.0252 3352.3811 13 14 19
265.1525 -363.4070 3355.9062 14 15 21
268.1263 -363.7895 3359.4387 14 15 21
270.8211 -363.7895 3359.4387 15 16 21
282.7748 -368.8368 3406.0479 14 14 19
285.2026 -368.4435 3402.4165 14 14 19
287.9318 -368.4435 3402.4165 14 14 20
290.9712 -368.8368 3406.0479 14 15 21
294.3316 -369.6257 3413.3335 14 15 20
296.7521 -369.2308 3409.6868 11 13 18
301.0956 -371.2138 3427.9988 12 14 19
304.4995 -372.0129 3435.3787 14 15 20
307.9181 -372.8156 3442.7905 14 16 21
312.0260 -374.4312 3457.7104 13 15 21
315.4832 -375.2443 3465.2190 16 17 24
318.9554 -376.0609 3472.7603 15 18 25
322.0915 -376.4706 3476.5432 16 18 25
348.5516 -400.4635 3698.1074 16 17 23
352.7442 -401.8605 3711.0078 18 18 25
352.4424 -398.1567 3676.8049 22 21 29
355.3917 -398.1567 3676.8049 21 21 29
357.9287 -397.6985 3672.5740 19 20 28
360.0459 -396.7853 3664.1409 21 21 29
362.9851 -396.7853 3664.1409 22 21 29
365.9242 -396.7853 3664.1409 23 21 29
368.8634 -396.7853 3664.1409 38 34 38
371.3762 -396.3303 3659.9390 76 58 47
373.8832 -395.8763 3655.7466 95 70 42
376.8156 -395.8763 3655.7466 78 51 24
566.8858 -540.8451 4994.4707 90 60 36
570.0001 -540.0001 4986.6670 99 66 38
572.2119 -538.3178 4971.1318 102 69 41
575.3033 -537.4806 4963.4009 97 64 38
578.3851 -536.6460 4955.6938 109 72 39
581.4574 -535.8140 4948.0103 117 76 42
585.4263 -535.8140 4948.0103 100 61 36
589.3953 -535.8140 4948.0103 100 62 32
592.4459 -534.9846 4940.3511 131 89 47
596.4087 -534.9846 4940.3511 156 111 61
600.3716 -534.9846 4940.3511 162 116 65
603.4003 -534.1577 4932.7153 169 120 72
607.3571 -534.1577 4932.7153 169 118 71
610.3704 -533.3334 4925.1030 163 111 67
614.3210 -533.3334 4925.1030 154 102 61
618.2717 -533.3334 4925.1030 149 97 55
621.2635 -532.5116 4917.5142 142 93 53
625.2081 -532.5116 4917.5142 131 83 46
628.1846 -531.6923 4909.9487 125 76 40
631.1522 -530.8756 4902.4067 111 60 31
635.0845 -530.8756 4902.4067 90 48 25
637.0598 -529.2496 4887.3916 76 39 20
640.0001 -528.4404 4879.9185 78 37 21
642.9313 -527.6336 4872.4683 83 38 20
646.8397 -527.6336 4872.4683 99 50 27
648.7672 -526.0274 4857.6357 105 61 30
652.6636 -526.0274 4857.6357 106 70 32
654.5676 -524.4310 4842.8936 84 55 22
658.4523 -524.4310 4842.8936 77 51 22
662.3370 -524.4310 4842.8936 72 46 21
667.2341 -525.2280 4850.2534 79 51 25
670.1063 -524.4310 4842.8936 79 50 21
673.9910 -524.4310 4842.8936 117 76 41
677.8756 -524.4310 4842.8936 124 80 43
681.7603 -524.4310 4842.8936 126 86 44
684.6061 -523.6364 4835.5557 125 83 42
689.5297 -524.4310 4842.8936 124 81 43
693.4143 -524.4310 4842.8936 120 76 39
697.2990 -524.4310 4842.8936 119 75 36
701.1837 -524.4310 4842.8936 115 73 35
705.0684 -524.4310 4842.8936 117 76 35
708.9530 -524.4310 4842.8936 125 82 37
713.9210 -525.2280 4850.2534 128 84 36
716.7224 -524.4310 4842.8936 128 86 42
720.6071 -524.4310 4842.8936 120 80 40
723.3940 -523.6364 4835.5557 113 77 37
727.2728 -523.6364 4835.5557 108 72 32
732.2610 -524.4310 4842.8936 107 70 32
736.1458 -524.4310 4842.8936 102 67 28
738.9091 -523.6364 4835.5557 96 64 24
743.9151 -524.4310 4842.8936 111 80 35
747.7997 -524.4310 4842.8936 113 80 36
752.8268 -525.2280 4850.2534 97 65 29
755.5692 -524.4310 4842.8936 76 49 23
759.4538 -524.4310 4842.8936 73 44 21
764.4985 -525.2280 4850.2534 86 54 24
768.3891 -525.2280 4850.2534 89 55 22
773.4551 -526.0274 4857.6357 95 60 25
777.3516 -526.0274 4857.6357 96 66 30
781.2481 -526.0274 4857.6357 78 50 20
786.3416 -526.8293 4865.0410 79 48 19
790.2440 -526.8293 4865.0410 101 63 28
794.1464 -526.8293 4865.0410 116 72 36
798.0488 -526.8293 4865.0410 120 73 37
803.1756 -527.6336 4872.4683 110 67 30
807.0840 -527.6336 4872.4683 106 66 28
810.9924 -527.6336 4872.4683 114 77 33
814.9008 -527.6336 4872.4683 131 91 43
820.0612 -528.4404 4879.9185 131 93 43
825.2374 -529.2496 4887.3916 116 81 35
829.1578 -529.2496 4887.3916 101 67 28
834.3559 -530.0613 4894.8877 99 62 29
838.2822 -530.0613 4894.8877 102 64 34
842.2086 -530.0613 4894.8877 94 59 34
847.4348 -530.8756 4902.4067 84 52 28
852.6769 -531.6923 4909.9487 79 48 23
859.2593 -533.3334 4925.1030 80 47 21
863.2099 -533.3334 4925.1030 84 49 23
867.1606 -533.3334 4925.1030 87 47 20
-451.2360 -488.9888 4482.3970 133 106 50
-447.6405 -488.9888 4482.3970 137 108 51
-444.0449 -488.9888 4482.3970 141 112 52
-441.0689 -489.6766 4488.7017 139 110 49
-437.4684 -489.6766 4488.7017 137 107 47
-434.4789 -490.3662 4495.0234 135 105 45
-430.8733 -490.3662 4495.0234 127 98 43
-427.2676 -490.3662 4495.0234 117 91 41
-423.6620 -490.3662 4495.0234 110 87 41
-420.6488 -491.0579 4501.3638 107 86 41
-417.0381 -491.0579 4501.3638 104 82 38
-413.4274 -491.0579 4501.3638 99 79 38
-409.8167 -491.0579 4501.3638 95 76 36
-406.2060 -491.0579 4501.3638 102 83 40
-402.5952 -491.0579 4501.3638 102 81 35
-398.9845 -491.0579 4501.3638 90 68 29
-395.3738 -491.0579 4501.3638 88 70 34
-392.3164 -491.7514 4507.7212 107 85 39
-388.7006 -491.7514 4507.7212 121 95 43
-385.0847 -491.7514 4507.7212 124 96 42
-381.4689 -491.7514 4507.7212 123 97 42
-377.8531 -491.7514 4507.7212 123 97 43
-374.2373 -491.7514 4507.7212 120 93 40
-371.1457 -492.4470 4514.0972 125 98 43
-367.5248 -492.4470 4514.0972 126 98 44
-363.9038 -492.4470 4514.0972 115 88 39
-360.7932 -493.1445 4520.4912 108 84 37
-356.6620 -492.4470 4514.0972 108 86 39
-353.0410 -492.4470 4514.0972 105 82 36
-349.4201 -492.4470 4514.0972 110 87 38
-346.2890 -493.1445 4520.4912 113 90 42
-342.6629 -493.1445 4520.4912 95 76 33
-339.0369 -493.1445 4520.4912 90 75 37
-335.4108 -493.1445 4520.4912 86 71 36
-331.3154 -492.4470 4514.0972 80 65 30
-328.1587 -493.1445 4520.4912 69 55 26
-324.5326 -493.1445 4520.4912 60 49 26
-320.9065 -493.1445 4520.4912 63 52 30
-316.8317 -492.4470 4514.0972 78 66 37
-313.6544 -493.1445 4520.4912 95 82 45
-310.0284 -493.1445 4520.4912 104 88 46
-306.4023 -493.1445 4520.4912 104 85 42
-302.3480 -492.4470 4514.0972 107 87 42
-299.1502 -493.1445 4520.4912 106 85 41
-295.5241 -493.1445 4520.4912 104 85 42
-291.8980 -493.1445 4520.4912 101 82 40
-288.2720 -493.1445 4520.4912 89 71 33
-284.6459 -493.1445 4520.4912 86 71 38
-281.0198 -493.1445 4520.4912 94 81 44
-277.3938 -493.1445 4520.4912 96 81 44
-273.7677 -493.1445 4520.4912 99 84 45
-270.1417 -493.1445 4520.4912 105 89 49
-266.5156 -493.1445 4520.4912 111 92 49
-262.8896 -493.1445 4520.4912 118 97 49
-259.6312 -493.8440 4526.9033 122 100 49
-255.6374 -493.1445 4520.4912 128 104 51
-252.3688 -493.8440 4526.9033 140 114 57
-249.0909 -494.5455 4533.3335 144 117 58
-245.1064 -493.8440 4526.9033 142 114 56
-241.4752 -493.8440 4526.9033 138 112 54
-237.8440 -493.8440 4526.9033 143 117 58
-234.5455 -494.5455 4533.3335 145 120 61
-230.5816 -493.8440 4526.9033 150 124 64
-227.2727 -494.5455 4533.3335 149 125 61
-223.6364 -494.5455 4533.3335 144 119 57
-220.0000 -494.5455 4533.3335 138 111 56
-216.3636 -494.5455 4533.3335 133 109 57
-213.0299 -495.2490 4539.7822 143 119 65
-209.3884 -495.2490 4539.7822 138 115 61
-205.7468 -495.2490 4539.7822 128 105 53
-202.1053 -495.2490 4539.7822 122 98 49
-198.4637 -495.2490 4539.7822 121 96 47
-194.8222 -495.2490 4539.7822 111 90 44
-191.4530 -495.9545 4546.2490 105 85 42
-187.5391 -495.2490 4539.7822 107 88 41
-183.8976 -495.2490 4539.7822 103 85 40
-180.2561 -495.2490 4539.7822 109 89 44
-176.8661 -495.9545 4546.2490 111 90 46
-173.2194 -495.9545 4546.2490 110 92 46
-169.5727 -495.9545 4546.2490 112 92 48
-165.9259 -495.9545 4546.2490 113 91 46
-162.5107 -496.6620 4552.7344 123 101 52
-158.6325 -495.9545 4546.2490 138 113 59
-154.9858 -495.9545 4546.2490 140 114 56
-151.5549 -496.6620 4552.7344 135 108 53
-147.9030 -496.6620 4552.7344 131 104 49
-144.2511 -496.6620 4552.7344 125 99 48
-140.5992 -496.6620 4552.7344 115 92 45
-136.9472 -496.6620 4552.7344 107 87 43
-133.1054 -495.9545 4546.2490 116 94 49
-129.6434 -496.6620 4552.7344 124 100 51
-125.8120 -495.9545 4546.2490 122 97 48
-122.1653 -495.9545 4546.2490 118 92 45
-118.6876 -496.6620 4552.7344 111 87 43
-115.0357 -496.6620 4552.7344 103 84 41
-111.3838 -496.6620 4552.7344 97 81 41
-107.7318 -496.6620 4552.7344 108 87 44
-104.0799 -496.6620 4552.7344 121 94 47
-100.4280 -496.6620 4552.7344 125 101 51
-96.7760 -496.6620 4552.7344 124 102 54
-93.1241 -496.6620 4552.7344 123 101 54
-89.4722 -496.6620 4552.7344 118 97 51
-85.8203 -496.6620 4552.7344 122 101 53
-82.2857 -497.3714 4559.2383 125 104 54
-78.6286 -497.3714 4559.2383 125 104 53
-74.9714 -497.3714 4559.2383 126 105 55
-71.4163 -498.0830 4565.7607 124 101 54
-67.7539 -498.0830 4565.7607 122 100 53
-64.0000 -497.3714 4559.2383 128 106 56
-60.3429 -497.3714 4559.2383 131 108 56
-56.7668 -498.0830 4565.7607 131 110 57
-53.1044 -498.0830 4565.7607 131 110 60
-49.4421 -498.0830 4565.7607 124 103 52
-45.7797 -498.0830 4565.7607 123 103 53
-42.1173 -498.0830 4565.7607 130 109 58
-38.4549 -498.0830 4565.7607 130 109 58
-34.8424 -498.7966 4572.3018 129 109 59
-31.1302 -498.0830 4565.7607 129 107 59
-27.4678 -498.0830 4565.7607 129 111 62
-23.7714 -497.3714 4559.2383 136 116 65
-20.0856 -496.6620 4552.7344 130 110 63
-16.4337 -496.6620 4552.7344 122 103 55
56.3090 -373.5623 3424.3206 138 142 147
59.1192 -373.9635 3427.9988 77 80 93
61.8690 -373.9635 3427.9988 167 173 174
64.5494 -373.5623 3424.3206 88 93 100
67.2961 -373.5623 3424.3206 86 91 101
70.0429 -373.5623 3424.3206 182 188 187
75.4555 -373.1619 3420.6504 40 44 64
78.1156 -372.7624 3416.9880 37 40 65
88.4166 -369.9894 3391.5693 97 101 108
91.1371 -369.9894 3391.5693 161 166 159
93.5593 -368.8136 3380.7910 150 154 149
95.9662 -367.6452 3370.0811 70 72 79
98.6695 -367.6452 3370.0811 32 35 49
101.2658 -367.2574 3366.5261 29 33 47
103.8567 -366.8704 3362.9788 25 29 45
106.2185 -365.7143 3352.3811 26 29 44
108.9076 -365.7143 3352.3811 27 31 47
111.5966 -365.7143 3352.3811 27 30 47
113.8075 -364.1841 3338.3542 24 26 38
116.4854 -364.1841 3338.3542 27 30 41
119.0387 -363.8036 3334.8660 32 36 43
121.7137 -363.8036 3334.8660 112 116 111
124.3887 -363.8036 3334.8660 147 151 137
126.9311 -363.4238 3331.3850 135 137 123
129.4682 -363.0449 3327.9111 92 95 92
132.1376 -363.0449 3327.9111 28 31 38
134.8071 -363.0449 3327.9111 28 31 38
137.1904 -362.2893 3320.9851 94 95 91
139.7090 -361.9127 3317.5330 139 141 127
142.3701 -361.9127 3317.5330 138 140 126
145.0312 -361.9127 3317.5330 102 103 98
147.3859 -361.1618 3310.6501 28 29 36
150.0415 -361.1618 3310.6501 21 24 31
152.6971 -361.1618 3310.6501 57 58 57
155.1917 -360.7876 3307.2195 119 122 107
157.8446 -360.7876 3307.2195 136 139 120
160.4974 -360.7876 3307.2195 119 120 110
162.8128 -360.0414 3300.3792 31 32 35
165.4602 -360.0414 3300.3792 24 24 32
168.2816 -360.4141 3303.7959 29 29 32
170.7549 -360.0414 3300.3792 110 109 97
173.2231 -359.6694 3296.9697 138 139 121
176.2319 -360.4141 3303.7959 121 122 106
178.8820 -360.4141 3303.7959 53 51 49
181.3444 -360.0414 3300.3792 22 23 28
184.3731 -360.7876 3307.2195 18 19 27
187.0259 -360.7876 3307.2195 19 19 25
189.6788 -360.7876 3307.2195 58 59 53
192.5311 -361.1618 3310.6501 114 115 95
195.1867 -361.1618 3310.6501 122 121 102
197.8423 -361.1618 3310.6501 90 90 80
200.4979 -361.1618 3310.6501 21 22 24
203.5759 -361.9127 3317.5330 20 20 23
206.2370 -361.9127 3317.5330 74 75 67
208.8981 -361.9127 3317.5330 110 110 90
211.5593 -361.9127 3317.5330 105 103 84
214.6667 -362.6667 3324.4446 77 76 66
216.8815 -361.9127 3317.5330 21 21 22
219.7711 -362.2893 3320.9851 20 19 22
222.8989 -363.0449 3327.9111 51 51 48
225.3333 -362.6667 3324.4446 90 90 78
228.2378 -363.0449 3327.9111 100 99 80
231.1483 -363.4238 3331.3850 44 43 34
233.5767 -363.0449 3327.9111 24 23 24
236.4927 -363.4238 3331.3850 16 16 20
239.4148 -363.8036 3334.8660 21 21 25
242.3431 -364.1841 3338.3542 38 38 34
245.0209 -364.1841 3338.3542 89 90 73
247.6988 -364.1841 3338.3542 95 93 80
250.6387 -364.5655 3341.8501 60 59 54
253.3194 -364.5655 3341.8501 15 16 18
256.2684 -364.9476 3345.3530 13 15 18
259.4958 -365.7143 3352.3811 13 13 19
262.1849 -365.7143 3352.3811 14 14 19
265.1525 -366.0989 3355.9062 13 14 18
267.8444 -366.0989 3355.9062 12 13 18
270.8211 -366.4842 3359.4387 12 13 17
282.4734 -371.1727 3402.4165 14 14 19
284.5958 -370.3830 3395.1775 14 14 19
287.6252 -370.7775 3398.7932 15 15 20
290.3514 -370.7775 3398.7932 14 14 19
316.1698 -378.8466 3472.7603 17 18 24
319.3028 -379.2593 3476.5432 16 18 25
322.7948 -380.0873 3484.1340 16 19 26
349.3612 -404.3671 3706.6978 16 17 22
353.1548 -405.3085 3715.3279 17 17 24
352.8489 -401.5687 3681.0459 19 18 26
355.8016 -401.5687 3681.0459 21 20 28
358.3410 -401.1060 3676.8049 20 22 29
360.4598 -400.1839 3668.3525 21 22 29
363.4023 -400.1839 3668.3525 20 21 29
366.3448 -400.1839 3668.3525 22 22 29
369.2874 -400.1839 3668.3525 35 32 37
372.2299 -400.1839 3668.3525 77 56 47
374.7417 -399.7245 3664.1409 80 51 29
570.8920 -544.8514 4994.4707 74 43 24
573.1046 -543.1514 4978.8872 99 62 36
576.1994 -542.3053 4971.1318 108 65 36
579.2846 -541.4619 4963.4009 98 54 27
582.3603 -540.6212 4955.6938 103 61 30
586.3354 -540.6212 4955.6938 131 86 46
590.3106 -540.6212 4955.6938 159 110 65
593.3644 -539.7830 4948.0103 169 118 73
596.4087 -538.9474 4940.3511 154 104 64
600.3716 -538.9474 4940.3511 137 87 52
604.3344 -538.9474 4940.3511 122 73 39
607.3571 -538.1144 4932.7153 109 64 32
611.3138 -538.1144 4932.7153 107 65 28
615.2706 -538.1144 4932.7153 111 70 30
619.2272 -538.1144 4932.7153 102 66 29
622.2223 -537.2840 4925.1030 88 53 22
626.1729 -537.2840 4925.1030 77 40 15
629.1526 -536.4561 4917.5142 73 35 15
632.1231 -535.6307 4909.9487 80 40 20
636.0616 -535.6307 4909.9487 89 44 24
639.0170 -534.8080 4902.4067 87 42 20
641.9632 -533.9878 4894.8877 68 27 11
644.9005 -533.1700 4887.3916 65 28 14
647.8287 -532.3548 4879.9185 69 35 16
650.7481 -531.5420 4872.4683 85 57 28
653.6586 -530.7318 4865.0410 78 48 21
655.5623 -529.1185 4850.2534 92 58 34
659.4529 -529.1185 4850.2534 102 65 39
663.3435 -529.1185 4850.2534 107 70 37
667.2341 -529.1185 4850.2534 113 72 40
671.1246 -529.1185 4850.2534 118 75 40
675.0152 -529.1185 4850.2534 125 82 43
678.9058 -529.1185 4850.2534 129 81 39
682.7964 -529.1185 4850.2534 127 78 33
685.6450 -528.3157 4842.8936 125 78 33
689.5297 -528.3157 4842.8936 122 78 36
693.4143 -528.3157 4842.8936 116 75 32
697.2990 -528.3157 4842.8936 108 71 31
701.1837 -528.3157 4842.8936 101 66 31
705.0684 -528.3157 4842.8936 110 72 36
708.9530 -528.3157 4842.8936 117 78 42
713.9210 -529.1185 4850.2534 111 73 34
716.7224 -528.3157 4842.8936 121 80 34
721.7021 -529.1185 4850.2534 128 87 33
723.3940 -527.5152 4835.5557 122 82 31
728.3764 -528.3157 4842.8936 118 80 33
732.2610 -528.3157 4842.8936 123 86 39
736.1458 -528.3157 4842.8936 124 90 43
740.0305 -528.3157 4842.8936 117 87 43
745.0456 -529.1185 4850.2534 100 72 36
748.9362 -529.1185 4850.2534 80 53 24
752.8268 -529.1185 4850.2534 74 47 20
756.7174 -529.1185 4850.2534 76 48 22
760.6080 -529.1185 4850.2534 77 49 22
765.6622 -529.9239 4857.6357 78 49 21
769.5587 -529.9239 4857.6357 74 42 16
773.4551 -529.9239 4857.6357 86 47 18
778.5367 -530.7318 4865.0410 103 60 26
781.2481 -529.9239 4857.6357 120 75 38
786.3416 -530.7318 4865.0410 122 75 37
790.2440 -530.7318 4865.0410 110 67 30
794.1464 -530.7318 4865.0410 103 64 25
799.2672 -531.5420 4872.4683 118 83 35
804.4037 -532.3548 4879.9185 136 102 50
807.0840 -531.5420 4872.4683 136 105 55
812.2324 -532.3548 4879.9185 121 88 46
814.9008 -531.5420 4872.4683 109 73 35
821.3171 -533.1700 4887.3916 109 71 33
826.5031 -533.9878 4894.8877 109 67 34
830.4295 -533.9878 4894.8877 110 65 36
834.3559 -533.9878 4894.8877 108 62 37
839.5699 -534.8080 4902.4067 99 52 30
843.5024 -534.8080 4902.4067 69 34 20
848.7385 -535.6307 4909.9487 43 24 11
853.9908 -536.4561 4917.5142 43 24 11
859.2593 -537.2840 4925.1030 64 33 17
863.2099 -537.2840 4925.1030 93 49 24
868.5009 -538.1144 4932.7153 104 55 30
-450.6031 -491.8934 4476.1104 139 112 53
-447.6405 -492.5843 4482.3970 144 114 53
-444.0449 -492.5843 4482.3970 141 112 49
-440.4494 -492.5843 4482.3970 137 110 49
-436.8539 -492.5843 4482.3970 136 107 50
-433.8679 -493.2771 4488.7017 134 103 46
-430.2673 -493.2771 4488.7017 124 95 41
-427.2676 -493.9718 4495.0234 114 87 40
-423.6620 -493.9718 4495.0234 112 88 43
-420.0563 -493.9718 4495.0234 113 90 43
-416.4507 -493.9718 4495.0234 99 78 38
-412.8451 -493.9718 4495.0234 82 66 33
-409.8167 -494.6686 4501.3638 88 71 38
-406.2060 -494.6686 4501.3638 100 82 40
-402.5952 -494.6686 4501.3638 96 77 36
-398.9845 -494.6686 4501.3638 84 67 30
-395.3738 -494.6686 4501.3638 89 72 32
-391.7631 -494.6686 4501.3638 96 77 34
-388.1524 -494.6686 4501.3638 101 79 35
-385.0847 -495.3672 4507.7212 113 89 39
-380.9309 -494.6686 4501.3638 117 90 39
-377.8531 -495.3672 4507.7212 115 87 38
-374.2373 -495.3672 4507.7212 109 83 35
-370.6215 -495.3672 4507.7212 112 87 38
-367.0056 -495.3672 4507.7212 122 94 42
-363.3898 -495.3672 4507.7212 116 89 36
-360.2829 -496.0679 4514.0972 116 90 38
-356.6620 -496.0679 4514.0972 118 93 39
-353.0410 -496.0679 4514.0972 121 94 41
-349.4201 -496.0679 4514.0972 123 94 41
-345.7992 -496.0679 4514.0972 120 93 39
-342.6629 -496.7706 4520.4912 111 88 36
-338.5573 -496.0679 4514.0972 105 84 37
-335.4108 -496.7706 4520.4912 96 76 34
-331.3154 -496.0679 4514.0972 87 69 31
-327.6945 -496.0679 4514.0972 76 61 30
-324.0735 -496.0679 4514.0972 67 55 30
-320.9065 -496.7706 4520.4912 68 59 31
-316.8317 -496.0679 4514.0972 84 73 39
-313.2108 -496.0679 4514.0972 99 86 44
-309.5898 -496.0679 4514.0972 106 89 45
-305.9689 -496.0679 4514.0972 106 88 43
-302.3480 -496.0679 4514.0972 109 89 44
-299.1502 -496.7706 4520.4912 113 91 45
-295.1061 -496.0679 4514.0972 116 91 48
-291.8980 -496.7706 4520.4912 117 92 47
-288.2720 -496.7706 4520.4912 110 88 40
-284.6459 -496.7706 4520.4912 98 79 38
-281.0198 -496.7706 4520.4912 96 80 43
-277.3938 -496.7706 4520.4912 94 79 42
-273.7677 -496.7706 4520.4912 99 82 42
-270.1417 -496.7706 4520.4912 115 95 51
-266.5156 -496.7706 4520.4912 123 102 53
-262.8896 -496.7706 4520.4912 127 106 54
-259.2635 -496.7706 4520.4912 130 108 54
-255.6374 -496.7706 4520.4912 130 108 54
-252.3688 -497.4752 4526.9033 133 109 55
-248.7376 -497.4752 4526.9033 139 114 59
-244.7592 -496.7706 4520.4912 146 119 60
-241.4752 -497.4752 4526.9033 149 123 62
-237.5071 -496.7706 4520.4912 155 131 66
-234.2128 -497.4752 4526.9033 153 129 64
-230.5816 -497.4752 4526.9033 153 127 62
-226.9504 -497.4752 4526.9033 151 125 60
-223.3192 -497.4752 4526.9033 147 121 58
-220.0000 -498.1819 4533.3335 134 108 52
-216.0568 -497.4752 4526.9033 126 102 50
-212.7273 -498.1819 4533.3335 136 113 63
-209.0909 -498.1819 4533.3335 135 112 61
-205.4546 -498.1819 4533.3335 120 98 51
-202.1053 -498.8905 4539.7822 112 91 47
-198.1818 -498.1819 4533.3335 108 90 47
-194.5455 -498.1819 4533.3335 100 81 42
-191.1807 -498.8905 4539.7822 93 76 39
-187.5391 -498.8905 4539.7822 90 75 40
-183.8976 -498.8905 4539.7822 82 71 37
-180.2561 -498.8905 4539.7822 90 76 41
-176.8661 -499.6012 4546.2490 105 88 47
-173.2194 -499.6012 4546.2490 110 92 47
-169.5727 -499.6012 4546.2490 114 93 46
-165.9259 -499.6012 4546.2490 116 94 47
-162.2792 -499.6012 4546.2490 116 95 52
-158.6325 -499.6012 4546.2490 121 100 55
-154.9858 -499.6012 4546.2490 128 105 55
-151.3390 -499.6012 4546.2490 130 104 50
-147.6923 -499.6012 4546.2490 127 100 47
-144.0456 -499.6012 4546.2490 122 95 44
-140.3989 -499.6012 4546.2490 119 92 43
-136.7522 -499.6012 4546.2490 123 96 46
-133.1054 -499.6012 4546.2490 127 100 48
-129.6434 -500.3139 4552.7344 130 102 50
-125.8120 -499.6012 4546.2490 119 93 44
-122.1653 -499.6012 4546.2490 115 91 43
-118.6876 -500.3139 4552.7344 113 89 43
-114.8718 -499.6012 4546.2490 106 85 41
-111.2251 -499.6012 4546.2490 105 87 45
-107.7318 -500.3139 4552.7344 111 89 43
-103.9316 -499.6012 4546.2490 113 88 41
-100.4280 -500.3139 4552.7344 120 96 48
-96.7760 -500.3139 4552.7344 125 104 58
-93.1241 -500.3139 4552.7344 121 101 58
-89.4722 -500.3139 4552.7344 106 88 47
-85.8203 -500.3139 4552.7344 107 91 51
-82.2857 -501.0286 4559.2383 112 94 51
-78.6286 -501.0286 4559.2383 116 95 51
-74.9714 -501.0286 4559.2383 115 94 50
-71.4163 -501.7454 4565.7607 112 93 49
-67.7539 -501.7454 4565.7607 118 96 52
-64.0000 -501.0286 4559.2383 123 100 53
-60.3429 -501.0286 4559.2383 129 107 59
-56.7668 -501.7454 4565.7607 128 107 59
-53.1044 -501.7454 4565.7607 122 103 55
-49.4421 -501.7454 4565.7607 116 98 50
-45.7797 -501.7454 4565.7607 122 103 55
-42.1173 -501.7454 4565.7607 126 106 58
-38.4549 -501.7454 4565.7607 128 108 60
-34.8424 -502.4642 4572.3018 133 112 64
-31.1302 -501.7454 4565.7607 131 111 61
-27.4678 -501.7454 4565.7607 135 117 67
-23.7714 -501.0286 4559.2383 136 117 69
-20.0856 -500.3139 4552.7344 115 99 54
-16.4337 -500.3139 4552.7344 106 89 45
-12.7817 -500.3139 4552.7344 132 111 61
56.3695 -376.7133 3427.9988 145 150 153
59.1192 -376.7133 3427.9988 72 76 87
61.8690 -376.7133 3427.9988 168 175 175
64.5494 -376.3090 3424.3206 101 106 112
67.2961 -376.3090 3424.3206 94 100 109
70.0429 -376.3090 3424.3206 183 188 186
78.1156 -375.5033 3416.9880 34 39 65
88.4166 -372.7099 3391.5693 105 108 112
91.0403 -372.3142 3387.9690 170 174 166
93.4603 -371.1323 3377.2134 149 152 146
95.9662 -370.3485 3370.0811 69 70 78
98.6695 -370.3485 3370.0811 29 33 46
101.2658 -369.9579 3366.5261 26 32 46
103.8567 -369.5680 3362.9788 25 29 48
106.2185 -368.4034 3352.3811 27 32 50
108.9076 -368.4034 3352.3811 27 32 50
111.5966 -368.4034 3352.3811 25 29 44
113.8075 -366.8619 3338.3542 24 26 38
116.4854 -366.8619 3338.3542 29 30 43
119.0387 -366.4786 3334.8660 34 36 43
121.5866 -366.0961 3331.3850 107 111 105
124.2589 -366.0961 3331.3850 143 146 133
126.9311 -366.0961 3331.3850 129 131 119
129.3333 -365.3334 3324.4446 92 95 94
132.1376 -365.7143 3327.9111 28 31 41
134.8071 -365.7143 3327.9111 29 30 39
137.0478 -364.5738 3317.5330 88 88 85
139.7090 -364.5738 3317.5330 137 139 125
142.3701 -364.5738 3317.5330 134 135 124
145.0312 -364.5738 3317.5330 103 103 102
147.5389 -364.1952 3314.0879 26 28 36
150.0415 -363.8174 3310.6501 22 26 33
152.8557 -364.1952 3314.0879 60 61 59
155.1917 -363.4404 3307.2195 122 123 110
157.8446 -363.4404 3307.2195 137 139 123
160.4974 -363.4404 3307.2195 117 118 109
162.9814 -363.0642 3303.7959 27 28 31
165.4602 -362.6887 3300.3792 23 25 32
168.2816 -363.0642 3303.7959 35 36 38
170.7549 -362.6887 3300.3792 111 113 101
173.2231 -362.3141 3296.9697 138 140 124
176.2319 -363.0642 3303.7959 116 117 104
178.6970 -362.6887 3300.3792 47 47 47
181.3444 -362.6887 3300.3792 21 23 30
184.3731 -363.4404 3307.2195 18 20 28
186.8323 -363.0642 3303.7959 18 18 24
189.4824 -363.0642 3303.7959 52 52 49
192.5311 -363.8174 3310.6501 113 112 94
195.1867 -363.8174 3310.6501 121 120 101
200.4979 -363.8174 3310.6501 22 22 25
203.3645 -364.1952 3314.0879 20 20 23
206.2370 -364.5738 3317.5330 73 72 64
208.6812 -364.1952 3314.0879 116 115 95
211.5593 -364.5738 3317.5330 111 109 90
214.4433 -364.9532 3320.9851 77 76 64
216.8815 -364.5738 3317.5330 19 19 20
219.7711 -364.9532 3320.9851 14 15 19
222.6667 -365.3334 3324.4446 22 23 27
225.3333 -365.3334 3324.4446 58 58 53
228.2378 -365.7143 3327.9111 112 112 92
231.1483 -366.0961 3331.3850 97 95 76
233.5767 -365.7143 3327.9111 57 56 48
236.4927 -366.0961 3331.3850 17 17 18
239.4148 -366.4786 3334.8660 35 36 33
242.0899 -366.4786 3334.8660 87 88 70
245.0209 -366.8619 3338.3542 108 107 88
247.6988 -366.8619 3338.3542 57 56 49
250.6387 -367.2461 3341.8501 20 20 24
253.3194 -367.2461 3341.8501 14 15 21
256.2684 -367.6311 3345.3530 13 15 20
259.2235 -368.0168 3348.8633 11 15 19
261.9098 -368.0168 3348.8633 12 15 19
264.8740 -368.4034 3352.3811 13 16 20
267.8444 -368.7908 3355.9062 13 15 20
270.5363 -368.7908 3355.9062 14 15 20
313.3841 -381.6322 3472.7603 15 16 22
316.5142 -382.0479 3476.5432 16 17 24
319.6511 -382.4646 3480.3345 16 18 25
323.1476 -383.3006 3487.9419 15 18 25
349.7675 -407.8140 3711.0078 16 17 22
353.5665 -408.7646 3719.6582 17 18 24
353.2563 -404.9885 3685.2964 18 19 26
355.8016 -404.5214 3681.0459 21 21 29
358.7543 -404.5214 3681.0459 24 24 31
360.4598 -403.1265 3668.3525 22 22 30
363.4023 -403.1265 3668.3525 18 19 27
366.7664 -403.5904 3672.5740 21 21 29
369.7123 -403.5904 3672.5740 38 32 38
372.2299 -403.1265 3668.3525 99 72 56
374.7417 -402.6636 3664.1409 87 48 24
574.0001 -548.0001 4986.6670 126 67 31
576.1994 -546.2928 4971.1318 140 77 43
579.2846 -545.4433 4963.4009 138 80 46
583.2660 -545.4433 4963.4009 139 84 45
586.3354 -544.5963 4955.6938 131 80 37
590.3106 -544.5963 4955.6938 126 80 37
593.3644 -543.7520 4948.0103 119 76 34
597.3334 -543.7520 4948.0103 111 68 31
601.3024 -543.7520 4948.0103 112 73 33
604.3344 -542.9103 4940.3511 109 74 35
608.2972 -542.9103 4940.3511 95 62 29
612.2601 -542.9103 4940.3511 90 57 22
616.2230 -542.9103 4940.3511 96 62 25
619.2272 -542.0712 4932.7153 96 64 26
623.1840 -542.0712 4932.7153 93 62 25
626.1729 -541.2346 4925.1030 93 61 29
630.1235 -541.2346 4925.1030 91 57 26
633.0971 -540.4006 4917.5142 88 51 23
637.0416 -540.4006 4917.5142 78 41 20
640.0001 -539.5693 4909.9487 84 43 23
642.9493 -538.7405 4902.4067 101 53 29
645.8896 -537.9142 4894.8877 105 54 28
648.8209 -537.0903 4887.3916 95 47 21
651.7432 -536.2691 4879.9185 74 36 12
654.6565 -535.4504 4872.4683 76 41 22
656.5601 -533.8204 4857.6357 80 44 23
660.4567 -533.8204 4857.6357 95 61 32
663.3435 -533.0092 4850.2534 108 73 37
668.2496 -533.8204 4857.6357 115 80 43
672.1462 -533.8204 4857.6357 117 81 39
675.0152 -533.0092 4850.2534 122 83 40
678.9058 -533.0092 4850.2534 122 83 38
682.7964 -533.0092 4850.2534 125 84 37
686.6870 -533.0092 4850.2534 122 81 39
690.5776 -533.0092 4850.2534 117 75 37
694.4681 -533.0092 4850.2534 114 73 36
698.3587 -533.0092 4850.2534 107 68 36
702.2493 -533.0092 4850.2534 102 67 32
706.1399 -533.0092 4850.2534 114 77 36
710.0305 -533.0092 4850.2534 133 94 42
715.0077 -533.8204 4857.6357 141 105 47
717.8116 -533.0092 4850.2534 134 101 44
722.8007 -533.8204 4857.6357 132 95 43
724.4917 -532.2004 4842.8936 124 86 41
728.3764 -532.2004 4842.8936 111 72 37
733.3739 -533.0092 4850.2534 110 65 35
737.2645 -533.0092 4850.2534 105 55 29
740.0305 -532.2004 4842.8936 85 43 21
745.0456 -533.0092 4850.2534 70 40 19
748.9362 -533.0092 4850.2534 66 42 20
753.9726 -533.8204 4857.6357 67 46 22
757.8691 -533.8204 4857.6357 62 40 18
760.6080 -533.0092 4850.2534 71 41 19
765.6622 -533.8204 4857.6357 90 51 23
769.5587 -533.8204 4857.6357 110 64 28
774.6342 -534.6342 4865.0410 125 74 33
778.5367 -534.6342 4865.0410 124 76 32
782.4391 -534.6342 4865.0410 119 76 31
787.5421 -535.4504 4872.4683 125 86 36
791.4504 -535.4504 4872.4683 138 105 49
795.3588 -535.4504 4872.4683 143 111 57
799.2672 -535.4504 4872.4683 132 99 52
804.4037 -536.2691 4879.9185 118 81 43
808.3181 -536.2691 4879.9185 107 68 35
812.2324 -536.2691 4879.9185 104 64 34
816.1468 -536.2691 4879.9185 108 67 36
821.3171 -537.0903 4887.3916 114 75 39
826.5031 -537.9142 4894.8877 104 63 29
830.4295 -537.9142 4894.8877 98 53 24
835.6376 -538.7405 4902.4067 97 49 25
839.5699 -538.7405 4902.4067 92 45 23
844.8000 -539.5693 4909.9487 91 46 24
848.7385 -539.5693 4909.9487 99 53 29
855.3087 -541.2346 4925.1030 102 54 27
860.5874 -542.0712 4932.7153 101 52 24
864.5441 -542.0712 4932.7153 97 51 26
868.5009 -542.0712 4932.7153 86 46 25
-450.6031 -495.4839 4476.1104 147 121 58
-447.0126 -495.4839 4476.1104 149 120 56
-443.4222 -495.4839 4476.1104 145 116 53
-440.4494 -496.1798 4482.3970 143 117 55
-436.8539 -496.1798 4482.3970 143 115 54
-433.8679 -496.8777 4488.7017 139 108 48
-430.2673 -496.8777 4488.7017 125 95 42
-426.6667 -496.8777 4488.7017 121 93 43
-423.0661 -496.8777 4488.7017 122 95 46
-420.0563 -497.5775 4495.0234 113 89 42
-416.4507 -497.5775 4495.0234 94 76 36
-412.8451 -497.5775 4495.0234 92 73 36
-409.2394 -497.5775 4495.0234 99 81 40
-405.6338 -497.5775 4495.0234 102 85 42
-402.0282 -497.5775 4495.0234 97 79 40
-398.4225 -497.5775 4495.0234 85 70 34
-394.8169 -497.5775 4495.0234 95 76 36
-391.7631 -498.2793 4501.3638 100 82 39
-388.1524 -498.2793 4501.3638 108 88 42
-384.5417 -498.2793 4501.3638 113 89 41
-380.9309 -498.2793 4501.3638 112 87 37
-377.3202 -498.2793 4501.3638 118 91 40
-373.7095 -498.2793 4501.3638 121 94 41
-370.6215 -498.9830 4507.7212 127 99 44
-366.4881 -498.2793 4501.3638 132 102 43
-363.3898 -498.9830 4507.7212 129 98 41
-359.7740 -498.9830 4507.7212 128 99 42
-356.1582 -498.9830 4507.7212 136 106 45
-352.5424 -498.9830 4507.7212 138 106 45
-348.9265 -498.9830 4507.7212 135 103 44
-345.7992 -499.6889 4514.0972 131 101 42
-342.1782 -499.6889 4514.0972 124 96 39
-338.5573 -499.6889 4514.0972 118 92 39
-334.9364 -499.6889 4514.0972 110 87 39
-331.3154 -499.6889 4514.0972 98 78 34
-327.6945 -499.6889 4514.0972 85 69 32
-324.0735 -499.6889 4514.0972 81 67 34
-320.4526 -499.6889 4514.0972 84 70 36
-316.8317 -499.6889 4514.0972 96 81 43
-313.2108 -499.6889 4514.0972 102 86 44
-309.5898 -499.6889 4514.0972 107 89 44
-305.9689 -499.6889 4514.0972 109 89 43
-302.3480 -499.6889 4514.0972 115 92 45
-298.7271 -499.6889 4514.0972 116 90 43
-295.1061 -499.6889 4514.0972 118 90 42
-291.4852 -499.6889 4514.0972 121 93 43
-287.8642 -499.6889 4514.0972 117 91 43
-284.6459 -500.3967 4520.4912 108 85 40
-280.6224 -499.6889 4514.0972 104 85 42
-277.3938 -500.3967 4520.4912 103 84 43
-273.3805 -499.6889 4514.0972 115 94 48
-269.7596 -499.6889 4514.0972 126 102 53
-266.1386 -499.6889 4514.0972 132 107 56
-262.5177 -499.6889 4514.0972 135 111 57
-258.8968 -499.6889 4514.0972 135 110 55
-255.2758 -499.6889 4514.0972 134 108 52
-252.0113 -500.3967 4520.4912 136 110 54
-248.7376 -501.1064 4526.9033 138 111 54
-244.7592 -500.3967 4520.4912 143 115 54
-241.1331 -500.3967 4520.4912 150 123 62
-237.5071 -500.3967 4520.4912 155 130 68
-233.8810 -500.3967 4520.4912 154 128 64
-230.2550 -500.3967 4520.4912 155 128 65
-226.9504 -501.1064 4526.9033 152 126 62
-223.3192 -501.1064 4526.9033 147 120 57
-219.6880 -501.1064 4526.9033 136 110 52
-216.0568 -501.1064 4526.9033 129 104 48
-212.4256 -501.1064 4526.9033 115 91 45
-209.0909 -501.8182 4533.3335 99 80 38
-205.4546 -501.8182 4533.3335 100 82 43
-201.8182 -501.8182 4533.3335 87 72 38
-197.9007 -501.1064 4526.9033 85 72 39
-194.2695 -501.1064 4526.9033 85 70 41
-190.9091 -501.8182 4533.3335 77 64 36
-187.2727 -501.8182 4533.3335 79 69 38
-183.6364 -501.8182 4533.3335 79 69 39
-180.0000 -501.8182 4533.3335 90 78 45
-176.6145 -502.5320 4539.7822 110 95 54
-172.9730 -502.5320 4539.7822 116 98 54
-169.3315 -502.5320 4539.7822 122 102 55
-165.6899 -502.5320 4539.7822 121 100 52
-162.2792 -503.2479 4546.2490 115 94 49
-158.6325 -503.2479 4546.2490 107 90 47
-154.9858 -503.2479 4546.2490 116 94 47
-151.3390 -503.2479 4546.2490 130 102 51
-147.6923 -503.2479 4546.2490 129 100 49
-144.0456 -503.2479 4546.2490 127 98 48
-140.3989 -503.2479 4546.2490 120 93 46
-136.7522 -503.2479 4546.2490 127 98 48
-133.1054 -503.2479 4546.2490 131 99 44
-129.6434 -503.9658 4552.7344 132 101 47
-125.8120 -503.2479 4546.2490 127 99 48
-122.1653 -503.2479 4546.2490 123 95 47
-118.5185 -503.2479 4546.2490 124 97 49
-114.8718 -503.2479 4546.2490 117 91 45
-111.2251 -503.2479 4546.2490 116 92 47
-107.5784 -503.2479 4546.2490 122 95 50
-103.9316 -503.2479 4546.2490 118 91 46
-100.4280 -503.9658 4552.7344 121 97 51
-96.6382 -503.2479 4546.2490 130 106 61
-93.1241 -503.9658 4552.7344 129 105 61
-89.4722 -503.9658 4552.7344 118 97 55
-85.8203 -503.9658 4552.7344 110 94 51
-82.1683 -503.9658 4552.7344 105 89 50
-78.6286 -504.6857 4559.2383 105 88 49
-74.9714 -504.6857 4559.2383 111 93 51
-71.3143 -504.6857 4559.2383 108 89 46
-67.6571 -504.6857 4559.2383 110 90 48
-64.0000 -504.6857 4559.2383 106 86 47
-60.3429 -504.6857 4559.2383 111 94 55
-56.6857 -504.6857 4559.2383 110 95 57
-53.0286 -504.6857 4559.2383 104 90 53
-49.4421 -505.4078 4565.7607 106 93 55
-45.7797 -505.4078 4565.7607 117 101 60
-42.1173 -505.4078 4565.7607 131 113 67
-38.4549 -505.4078 4565.7607 137 116 66
-34.8424 -506.1318 4572.3018 138 117 67
-31.1302 -505.4078 4565.7607 137 114 60
-27.4678 -505.4078 4565.7607 141 118 62
-23.7714 -504.6857 4559.2383 138 116 62
-20.0856 -503.9658 4552.7344 127 108 60
-16.4337 -503.9658 4552.7344 129 110 60
-12.7817 -503.9658 4552.7344 137 117 64
56.4301 -379.8710 3431.6846 144 150 152
59.1828 -379.8710 3431.6846 74 79 92
61.9355 -379.8710 3431.6846 176 184 186
88.4166 -375.4304 3391.5693 108 113 117
91.0403 -375.0319 3387.9690 163 168 161
93.4603 -373.8413 3377.2134 150 155 149
95.8650 -372.6582 3366.5261 68 70 79
98.5654 -372.6582 3366.5261 31 33 48
101.2658 -372.6582 3366.5261 29 33 48
103.7474 -371.8737 3359.4387 29 32 50
106.2185 -371.0925 3352.3811 27 31 49
108.9076 -371.0925 3352.3811 29 33 50
111.5966 -371.0925 3352.3811 27 31 47
113.8075 -369.5398 3338.3542 25 28 40
116.4854 -369.5398 3338.3542 29 32 44
119.0387 -369.1536 3334.8660 35 37 45
121.5866 -368.7683 3331.3850 118 122 116
124.2589 -368.7683 3331.3850 150 152 141
126.9311 -368.7683 3331.3850 144 146 136
129.3333 -368.0000 3324.4446 92 96 95
132.1376 -368.3838 3327.9111 26 29 38
134.8071 -368.3838 3327.9111 28 30 39
137.0478 -367.2350 3317.5330 100 101 96
139.7090 -367.2350 3317.5330 142 144 129
142.3701 -367.2350 3317.5330 135 138 123
145.0312 -367.2350 3317.5330 90 93 90
147.5389 -366.8536 3314.0879 27 28 39
150.1973 -366.8536 3314.0879 22 26 36
152.8557 -366.8536 3314.0879 68 71 69
155.1917 -366.0933 3307.2195 124 127 111
158.0083 -366.4731 3310.6501 132 134 119
160.4974 -366.0933 3307.2195 115 117 108
162.9814 -365.7143 3303.7959 27 29 32
165.4602 -365.3361 3300.3792 23 26 32
168.2816 -365.7143 3303.7959 36 37 40
170.7549 -365.3361 3300.3792 108 109 98
173.2231 -364.9587 3296.9697 134 135 121
176.2319 -365.7143 3303.7959 108 109 97
178.6970 -365.3361 3300.3792 39 40 41
181.3444 -365.3361 3300.3792 19 21 28
184.3731 -366.0933 3307.2195 17 19 27
186.8323 -365.7143 3303.7959 17 18 25
189.4824 -365.7143 3303.7959 56 56 53
195.1867 -366.4731 3310.6501 122 121 104
200.4979 -366.4731 3310.6501 20 21 22
203.3645 -366.8536 3314.0879 17 20 22
206.2370 -367.2350 3317.5330 67 66 60
208.6812 -366.8536 3314.0879 115 113 93
211.5593 -367.2350 3317.5330 116 115 95
214.4433 -367.6171 3320.9851 84 82 70
216.6563 -366.8536 3314.0879 20 20 21
219.7711 -367.6171 3320.9851 14 16 20
222.6667 -368.0000 3324.4446 16 17 21
225.0989 -367.6171 3320.9851 51 51 46
228.0000 -368.0000 3324.4446 109 109 90
231.1483 -368.7683 3331.3850 107 105 86
233.5767 -368.3838 3327.9111 66 64 56
236.4927 -368.7683 3331.3850 19 17 21
239.4148 -369.1536 3334.8660 43 43 40
242.0899 -369.1536 3334.8660 102 101 84
245.0209 -369.5398 3338.3542 107 105 86
247.6988 -369.5398 3338.3542 55 54 46
250.6387 -369.9267 3341.8501 18 19 21
253.3194 -369.9267 3341.8501 13 16 20
256.0000 -369.9267 3341.8501 13 15 19
259.2235 -370.7031 3348.8633 13 15 20
261.9098 -370.7031 3348.8633 12 14 19
264.8740 -371.0925 3352.3811 13 15 19
267.5630 -371.0925 3352.3811 14 14 20
270.5363 -371.4827 3355.9062 16 15 22
316.5142 -384.8366 3476.5432 17 17 23
319.6511 -385.2563 3480.3345 17 17 23
353.9790 -412.2287 3723.9985 16 17 25
354.0741 -408.8889 3693.8271 19 20 27
355.8016 -407.4741 3681.0459 20 21 29
358.7543 -407.4741 3681.0459 21 22 29
360.8746 -406.5363 3672.5740 20 20 29
364.2397 -407.0046 3676.8049 18 19 27
367.1890 -407.0046 3676.8049 23 22 30
370.1383 -407.0046 3676.8049 37 31 36
372.6582 -406.5363 3672.5740 104 75 57
375.1724 -406.0690 3668.3525 112 65 34
378.1150 -406.0690 3668.3525 114 70 31
574.0001 -552.0001 4986.6670 146 82 42
577.0983 -551.1389 4978.8872 134 72 33
580.1870 -550.2804 4971.1318 113 58 23
583.2660 -549.4246 4963.4009 108 64 29
586.3354 -548.5715 4955.6938 114 74 35
590.3106 -548.5715 4955.6938 116 75 33
594.2858 -548.5715 4955.6938 120 80 36
597.3334 -547.7209 4948.0103 115 78 36
601.3024 -547.7209 4948.0103 104 69 33
604.3344 -546.8731 4940.3511 88 58 28
608.2972 -546.8731 4940.3511 65 39 14
612.2601 -546.8731 4940.3511 85 54 21
616.2230 -546.8731 4940.3511 100 65 28
619.2272 -546.0278 4932.7153 103 66 28
623.1840 -546.0278 4932.7153 104 67 29
627.1407 -546.0278 4932.7153 108 72 33
630.1235 -545.1852 4925.1030 112 78 36
634.0742 -545.1852 4925.1030 118 84 38
637.0416 -544.3452 4917.5142 121 84 40
640.0001 -543.5078 4909.9487 111 69 31
642.9493 -542.6729 4902.4067 104 58 26
645.8896 -541.8405 4894.8877 106 58 30
649.8160 -541.8405 4894.8877 108 59 31
651.7432 -540.1835 4879.9185 112 60 30
655.6575 -540.1835 4879.9185 106 55 24
657.5611 -538.5367 4865.0410 99 52 23
660.4567 -537.7169 4857.6357 96 55 25
664.3531 -537.7169 4857.6357 101 62 31
668.2496 -537.7169 4857.6357 114 73 41
672.1462 -537.7169 4857.6357 122 81 44
676.0427 -537.7169 4857.6357 127 85 44
679.9391 -537.7169 4857.6357 131 87 44
683.8356 -537.7169 4857.6357 133 87 45
686.6870 -536.8998 4850.2534 129 86 43
690.5776 -536.8998 4850.2534 122 82 38
694.4681 -536.8998 4850.2534 122 81 35
698.3587 -536.8998 4850.2534 132 93 43
702.2493 -536.8998 4850.2534 133 96 43
707.2146 -537.7169 4857.6357 119 85 38
711.1111 -537.7169 4857.6357 113 78 34
715.0077 -537.7169 4857.6357 118 84 39
718.9042 -537.7169 4857.6357 115 83 36
723.9025 -538.5367 4865.0410 113 79 35
725.5927 -536.8998 4850.2534 112 76 34
729.4833 -536.8998 4850.2534 110 72 33
734.4901 -537.7169 4857.6357 103 62 27
737.2645 -536.8998 4850.2534 101 56 26
741.1550 -536.8998 4850.2534 113 61 31
746.1796 -537.7169 4857.6357 119 63 35
750.0761 -537.7169 4857.6357 106 57 29
755.1220 -538.5367 4865.0410 84 43 18
759.0245 -538.5367 4865.0410 88 46 21
761.7656 -537.7169 4857.6357 108 62 28
766.8293 -538.5367 4865.0410 122 74 30
770.7318 -538.5367 4865.0410 131 84 35
774.6342 -538.5367 4865.0410 132 90 37
779.7252 -539.3588 4872.4683 135 97 42
783.6336 -539.3588 4872.4683 138 103 51
787.5421 -539.3588 4872.4683 132 96 50
791.4504 -539.3588 4872.4683 120 80 42
796.5750 -540.1835 4879.9185 109 68 36
800.4893 -540.1835 4879.9185 110 68 35
805.6356 -541.0107 4887.3916 113 74 37
808.3181 -540.1835 4879.9185 104 68 32
813.4763 -541.0107 4887.3916 100 66 31
817.3967 -541.0107 4887.3916 101 67 29
822.5768 -541.8405 4894.8877 97 62 28
826.5031 -541.8405 4894.8877 101 66 29
831.7051 -542.6729 4902.4067 108 71 31
835.6376 -542.6729 4902.4067 110 70 29
840.8616 -543.5078 4909.9487 107 65 28
844.8000 -543.5078 4909.9487 104 57 25
850.0462 -544.3452 4917.5142 102 54 24
855.3087 -545.1852 4925.1030 102 53 25
860.5874 -546.0278 4932.7153 110 59 30
864.5441 -546.0278 4932.7153 113 63 32
869.8452 -546.8731 4940.3511 105 57 30
-449.9720 -498.3754 4469.8413 149 119 55
-446.3866 -498.3754 4469.8413 147 115 51
-442.8011 -498.3754 4469.8413 145 113 51
-439.8317 -499.0743 4476.1104 144 115 53
-436.2413 -499.0743 4476.1104 146 117 55
-433.2584 -499.7753 4482.3970 145 115 53
-429.6629 -499.7753 4482.3970 138 108 49
-426.0674 -499.7753 4482.3970 132 101 43
-423.0661 -500.4782 4488.7017 129 99 46
-419.4656 -500.4782 4488.7017 118 92 42
-415.8650 -500.4782 4488.7017 111 88 41
-412.2645 -500.4782 4488.7017 116 92 45
-409.2394 -501.1831 4495.0234 111 88 42
-405.6338 -501.1831 4495.0234 103 85 41
-402.0282 -501.1831 4495.0234 101 85 46
-398.4225 -501.1831 4495.0234 94 81 41
-394.8169 -501.1831 4495.0234 94 81 41
-391.2113 -501.1831 4495.0234 101 85 43
-387.6057 -501.1831 4495.0234 116 95 47
-384.0000 -501.1831 4495.0234 129 102 50
-380.3944 -501.1831 4495.0234 125 98 43
-377.3202 -501.8900 4501.3638 123 97 46
-373.7095 -501.8900 4501.3638 127 100 48
-370.0988 -501.8900 4501.3638 132 103 47
-366.4881 -501.8900 4501.3638 132 103 45
-362.8773 -501.8900 4501.3638 124 95 40
-359.7740 -502.5989 4507.7212 127 97 43
-356.1582 -502.5989 4507.7212 135 104 47
-352.5424 -502.5989 4507.7212 134 103 45
-348.9265 -502.5989 4507.7212 131 100 44
-345.7992 -503.3098 4514.0972 127 97 41
-342.1782 -503.3098 4514.0972 125 97 41
-338.0791 -502.5989 4507.7212 122 96 43
-334.9364 -503.3098 4514.0972 117 92 43
-330.8475 -502.5989 4507.7212 109 88 42
-327.6945 -503.3098 4514.0972 103 86 42
-324.0735 -503.3098 4514.0972 101 85 43
-320.4526 -503.3098 4514.0972 101 85 42
-316.8317 -503.3098 4514.0972 107 90 47
-313.2108 -503.3098 4514.0972 111 94 50
-309.5898 -503.3098 4514.0972 108 92 47
-305.9689 -503.3098 4514.0972 109 90 46
-302.3480 -503.3098 4514.0972 112 91 46
-298.7271 -503.3098 4514.0972 112 88 42
-295.1061 -503.3098 4514.0972 113 87 40
-291.4852 -503.3098 4514.0972 114 87 38
-287.8642 -503.3098 4514.0972 110 86 38
-284.2433 -503.3098 4514.0972 105 82 38
-280.6224 -503.3098 4514.0972 110 88 42
-277.0014 -503.3098 4514.0972 108 86 40
-273.3805 -503.3098 4514.0972 108 85 39
-269.7596 -503.3098 4514.0972 118 93 45
-266.1386 -503.3098 4514.0972 123 96 48
-262.5177 -503.3098 4514.0972 120 95 47
-258.8968 -503.3098 4514.0972 118 95 44
-254.9153 -502.5989 4507.7212 120 96 45
-251.6549 -503.3098 4514.0972 132 107 54
-248.3853 -504.0227 4520.4912 140 113 58
-244.4130 -503.3098 4514.0972 143 115 55
-241.1331 -504.0227 4520.4912 146 118 56
-237.1712 -503.3098 4514.0972 148 120 57
-233.8810 -504.0227 4520.4912 150 122 58
-230.2550 -504.0227 4520.4912 148 121 57
-226.6289 -504.0227 4520.4912 143 117 55
-223.0029 -504.0227 4520.4912 142 114 50
-219.3768 -504.0227 4520.4912 133 105 45
-215.7507 -504.0227 4520.4912 123 95 43
-212.4256 -504.7376 4526.9033 110 86 41
-208.7943 -504.7376 4526.9033 97 78 36
-205.1631 -504.7376 4526.9033 90 75 36
-201.8182 -505.4546 4533.3335 80 65 34
-197.9007 -504.7376 4526.9033 75 63 33
-194.2695 -504.7376 4526.9033 77 66 36
-190.6383 -504.7376 4526.9033 79 67 38
-187.0071 -504.7376 4526.9033 84 71 39
-183.3759 -504.7376 4526.9033 86 74 42
-180.0000 -505.4546 4533.3335 90 79 44
-176.6145 -506.1736 4539.7822 97 84 46
-172.9730 -506.1736 4539.7822 103 87 49
-169.3315 -506.1736 4539.7822 108 93 51
-165.6899 -506.1736 4539.7822 115 98 53
-162.2792 -506.8946 4546.2490 115 96 51
-158.4068 -506.1736 4539.7822 106 87 47
-154.7653 -506.1736 4539.7822 113 90 46
-151.3390 -506.8946 4546.2490 125 98 51
-147.4822 -506.1736 4539.7822 125 97 49
-144.0456 -506.8946 4546.2490 125 98 49
-140.3989 -506.8946 4546.2490 125 96 48
-136.7522 -506.8946 4546.2490 128 102 50
-133.1054 -506.8946 4546.2490 123 96 46
-129.4587 -506.8946 4546.2490 121 94 46
-125.8120 -506.8946 4546.2490 120 93 48
-121.9915 -506.1736 4539.7822 116 91 45
-118.5185 -506.8946 4546.2490 119 93 46
-114.8718 -506.8946 4546.2490 121 95 49
-111.2251 -506.8946 4546.2490 115 91 45
-107.5784 -506.8946 4546.2490 121 96 49
-103.9316 -506.8946 4546.2490 126 99 51
-100.2849 -506.8946 4546.2490 123 97 50
-96.6382 -506.8946 4546.2490 128 105 59
-93.1241 -507.6177 4552.7344 125 103 57
-89.4722 -507.6177 4552.7344 120 100 55
-85.8203 -507.6177 4552.7344 110 93 50
-82.1683 -507.6177 4552.7344 96 81 42
-78.5164 -507.6177 4552.7344 92 76 40
-74.8645 -507.6177 4552.7344 106 88 48
-71.3143 -508.3429 4559.2383 115 96 52
-67.6571 -508.3429 4559.2383 108 89 48
-64.0000 -508.3429 4559.2383 100 84 48
-60.3429 -508.3429 4559.2383 97 84 50
-56.6857 -508.3429 4559.2383 91 79 46
-53.0286 -508.3429 4559.2383 92 80 46
-49.3714 -508.3429 4559.2383 100 90 53
-45.7143 -508.3429 4559.2383 110 96 56
-42.1173 -509.0701 4565.7607 130 111 65
-38.4549 -509.0701 4565.7607 138 117 63
-34.7926 -509.0701 4565.7607 142 120 67
-31.1302 -509.0701 4565.7607 142 121 68
-27.4678 -509.0701 4565.7607 137 116 62
-23.7714 -508.3429 4559.2383 139 117 64
-20.0856 -507.6177 4552.7344 138 115 63
-16.4337 -507.6177 4552.7344 136 113 60
56.4301 -382.6237 3431.6846 156 161 164
59.2465 -383.0356 3435.3787 74 78 90
62.0022 -383.0356 3435.3787 170 176 178
88.4166 -378.1509 3391.5693 108 112 114
91.0403 -377.7495 3387.9690 155 160 150
93.4603 -376.5503 3377.2134 148 155 147
95.8650 -375.3587 3366.5261 77 80 84
98.5654 -375.3587 3366.5261 55 57 66
101.1591 -374.9632 3362.9788 51 52 62
103.7474 -374.5685 3359.4387 48 49 59
106.1070 -373.3893 3348.8633 49 50 56
108.7933 -373.3893 3348.8633 57 58 62
111.4795 -373.3893 3348.8633 29 30 40
113.6886 -371.8286 3334.8660 26 28 42
116.3636 -371.8286 3334.8660 29 32 45
118.9144 -371.4406 3331.3850 36 38 45
121.4599 -371.0532 3327.9111 116 120 111
124.2589 -371.4406 3331.3850 154 156 143
126.7988 -371.0532 3327.9111 141 144 131
129.3333 -370.6667 3324.4446 99 101 97
132.1376 -371.0532 3327.9111 29 32 37
134.6667 -370.6667 3324.4446 29 31 37
137.0478 -369.8961 3317.5330 100 102 96
139.7090 -369.8961 3317.5330 143 144 130
142.3701 -369.8961 3317.5330 130 132 119
145.0312 -369.8961 3317.5330 90 92 88
147.5389 -369.5120 3314.0879 27 28 36
150.1973 -369.5120 3314.0879 24 24 34
152.8557 -369.5120 3314.0879 63 64 62
158.0083 -369.1287 3310.6501 137 138 126
160.4974 -368.7461 3307.2195 114 115 109
162.9814 -368.3644 3303.7959 27 28 33
165.4602 -367.9835 3300.3792 23 25 33
168.4560 -368.7461 3307.2195 35 36 38
170.7549 -367.9835 3300.3792 118 118 105
173.4023 -367.9835 3300.3792 135 134 116
176.2319 -368.3644 3303.7959 121 121 106
178.6970 -367.9835 3300.3792 39 38 39
181.3444 -367.9835 3300.3792 22 21 28
184.3731 -368.7461 3307.2195 18 18 27
186.8323 -368.3644 3303.7959 18 19 25
189.4824 -368.3644 3303.7959 63 63 58
195.1867 -369.1287 3310.6501 120 119 99
200.4979 -369.1287 3310.6501 20 21 23
203.3645 -369.5120 3314.0879 18 19 22
206.0229 -369.5120 3314.0879 67 67 60
208.6812 -369.5120 3314.0879 108 107 87
211.3396 -369.5120 3314.0879 112 112 90
214.4433 -370.2810 3320.9851 85 84 71
216.6563 -369.5120 3314.0879 19 20 21
219.5426 -369.8961 3317.5330 13 16 21
222.6667 -370.6667 3324.4446 15 17 21
225.0989 -370.2810 3320.9851 53 53 47
228.0000 -370.6667 3324.4446 103 103 83
231.1483 -371.4406 3331.3850 107 105 85
233.5767 -371.0532 3327.9111 66 64 54
236.4927 -371.4406 3331.3850 20 19 20
239.4148 -371.8286 3334.8660 44 43 38
242.0899 -371.8286 3334.8660 100 99 80
244.7649 -371.8286 3334.8660 99 97 77
247.6988 -372.2176 3338.3542 55 54 47
250.6387 -372.6074 3341.8501 16 16 19
253.0544 -372.2176 3338.3542 11 14 19
256.0000 -372.6074 3341.8501 12 13 17
259.2235 -373.3893 3348.8633 14 15 19
261.9098 -373.3893 3348.8633 13 14 20
264.8740 -373.7815 3352.3811 12 14 19
267.5630 -373.7815 3352.3811 14 14 19
270.2521 -373.7815 3352.3811 15 14 20
316.5142 -387.6253 3476.5432 17 17 22
319.3028 -387.6253 3476.5432 18 17 23
354.3925 -415.7010 3728.3491 15 17 23
354.8956 -412.8075 3702.3977 17 19 26
356.2125 -410.9007 3685.2964 19 21 28
359.1686 -410.9007 3685.2964 18 19 25
361.2903 -409.9539 3676.8049 19 20 27
365.0808 -410.9007 3685.2964 21 21 28
368.0370 -410.9007 3685.2964 24 23 32
370.9931 -410.9007 3685.2964 31 28 35
373.5179 -410.4268 3681.0459 87 63 53
375.6042 -409.4822 3672.5740 124 79 43
378.5501 -409.4822 3672.5740 121 73 31
578.0001 -556.0001 4986.6670 132 73 36
581.0920 -555.1326 4978.8872 135 73 36
584.1744 -554.2679 4971.1318 136 75 38
587.2473 -553.4059 4963.4009 127 70 31
591.2286 -553.4059 4963.4009 120 68 29
594.2858 -552.5466 4955.6938 97 52 19
598.2609 -552.5466 4955.6938 90 51 21
601.3024 -551.6899 4948.0103 97 62 30
605.2713 -551.6899 4948.0103 106 70 34
609.2403 -551.6899 4948.0103 67 38 11
612.2601 -550.8359 4940.3511 66 41 14
616.2230 -550.8359 4940.3511 90 58 21
620.1858 -550.8359 4940.3511 110 73 30
623.1840 -549.9846 4932.7153 124 84 37
627.1407 -549.9846 4932.7153 123 83 34
631.0975 -549.9846 4932.7153 123 83 33
634.0742 -549.1358 4925.1030 126 86 35
638.0247 -549.1358 4925.1030 131 90 40
640.9861 -548.2897 4917.5142 133 93 42
643.9385 -547.4462 4909.9487 130 90 39
646.8818 -546.6053 4902.4067 122 79 33
649.8160 -545.7669 4894.8877 112 66 27
652.7412 -544.9311 4887.3916 102 56 23
656.6616 -544.9311 4887.3916 101 55 25
658.5649 -543.2672 4872.4683 108 58 28
661.4635 -542.4391 4865.0410 115 61 30
665.3659 -542.4391 4865.0410 111 58 27
669.2684 -542.4391 4865.0410 104 53 24
673.1708 -542.4391 4865.0410 91 49 20
676.0427 -541.6134 4857.6357 89 53 21
679.9391 -541.6134 4857.6357 114 76 36
683.8356 -541.6134 4857.6357 123 82 38
687.7321 -541.6134 4857.6357 136 92 46
691.6287 -541.6134 4857.6357 122 81 35
695.5251 -541.6134 4857.6357 114 76 38
699.4216 -541.6134 4857.6357 104 70 33
703.3181 -541.6134 4857.6357 94 64 27
707.2146 -541.6134 4857.6357 101 71 32
711.1111 -541.6134 4857.6357 101 69 30
716.0976 -542.4391 4865.0410 102 68 29
720.0001 -542.4391 4865.0410 104 70 31
723.9025 -542.4391 4865.0410 112 78 35
726.6971 -541.6134 4857.6357 116 82 36
730.5936 -541.6134 4857.6357 117 84 37
734.4901 -541.6134 4857.6357 122 87 38
738.3867 -541.6134 4857.6357 125 87 37
742.2831 -541.6134 4857.6357 121 78 34
746.1796 -541.6134 4857.6357 117 70 31
750.0761 -541.6134 4857.6357 121 72 36
755.1220 -542.4391 4865.0410 125 72 36
759.0245 -542.4391 4865.0410 119 65 33
762.9269 -542.4391 4865.0410 115 62 30
768.0000 -543.2672 4872.4683 121 73 34
771.9084 -543.2672 4872.4683 126 85 40
775.8168 -543.2672 4872.4683 117 80 38
779.7252 -543.2672 4872.4683 105 67 35
783.6336 -543.2672 4872.4683 102 62 32
788.7462 -544.0979 4879.9185 101 60 30
792.6606 -544.0979 4879.9185 105 69 37
796.5750 -544.0979 4879.9185 98 64 29
800.4893 -544.0979 4879.9185 102 68 33
805.6356 -544.9311 4887.3916 103 68 30
809.5560 -544.9311 4887.3916 98 66 28
814.7240 -545.7669 4894.8877 96 64 28
817.3967 -544.9311 4887.3916 103 70 32
822.5768 -545.7669 4894.8877 114 78 33
827.7727 -546.6053 4902.4067 115 78 33
831.7051 -546.6053 4902.4067 111 77 30
836.9231 -547.4462 4909.9487 112 74 29
840.8616 -547.4462 4909.9487 116 77 32
844.8000 -547.4462 4909.9487 119 81 32
850.0462 -548.2897 4917.5142 120 79 33
855.3087 -549.1358 4925.1030 113 69 29
860.5874 -549.9846 4932.7153 111 63 27
864.5441 -549.9846 4932.7153 109 60 27
869.8452 -550.8359 4940.3511 103 54 28
-449.3427 -501.2588 4463.5898 144 114 51
-446.3866 -501.9608 4469.8413 143 110 47
-442.8011 -501.9608 4469.8413 140 106 43
-439.2157 -501.9608 4469.8413 140 107 44
-435.6303 -501.9608 4469.8413 139 109 50
-432.6508 -502.6648 4476.1104 139 109 53
-429.0603 -502.6648 4476.1104 140 107 48
-426.0674 -503.3708 4482.3970 137 101 41
-422.4719 -503.3708 4482.3970 134 99 42
-418.8764 -503.3708 4482.3970 129 98 42
-415.8650 -504.0788 4488.7017 125 96 44
-411.6854 -503.3708 4482.3970 122 95 45
-408.6639 -504.0788 4488.7017 114 91 43
-405.0633 -504.0788 4488.7017 108 92 47
-401.4628 -504.0788 4488.7017 108 94 52
-397.8622 -504.0788 4488.7017 112 97 53
-394.2617 -504.0788 4488.7017 107 92 51
-391.2113 -504.7887 4495.0234 101 85 42
-387.6057 -504.7887 4495.0234 115 91 44
-384.0000 -504.7887 4495.0234 123 97 45
-380.3944 -504.7887 4495.0234 125 99 47
-376.7887 -504.7887 4495.0234 116 90 42
-373.1831 -504.7887 4495.0234 120 95 45
-370.0988 -505.5008 4501.3638 126 98 44
-365.9718 -504.7887 4495.0234 129 101 45
-362.8773 -505.5008 4501.3638 123 94 40
-359.2666 -505.5008 4501.3638 121 93 40
-355.6559 -505.5008 4501.3638 117 89 35
-352.0452 -505.5008 4501.3638 117 89 37
-348.9265 -506.2147 4507.7212 116 89 40
-345.3107 -506.2147 4507.7212 117 89 38
-342.1782 -506.9307 4514.0972 120 93 40
-338.0791 -506.2147 4507.7212 120 95 42
-334.4633 -506.2147 4507.7212 122 96 45
-330.8475 -506.2147 4507.7212 115 91 42
-327.2317 -506.2147 4507.7212 112 89 43
-323.6158 -506.2147 4507.7212 110 88 44
-320.4526 -506.9307 4514.0972 112 89 45
-316.3842 -506.2147 4507.7212 117 93 46
-313.2108 -506.9307 4514.0972 119 96 49
-309.5898 -506.9307 4514.0972 118 98 50
-305.9689 -506.9307 4514.0972 117 98 49
-301.9209 -506.2147 4507.7212 113 92 47
-298.7271 -506.9307 4514.0972 117 94 46
-295.1061 -506.9307 4514.0972 124 97 46
-291.4852 -506.9307 4514.0972 122 95 44
-287.8642 -506.9307 4514.0972 111 86 38
-284.2433 -506.9307 4514.0972 102 79 34
-280.2260 -506.2147 4507.7212 104 83 35
-277.0014 -506.9307 4514.0972 105 83 35
-273.3805 -506.9307 4514.0972 105 81 37
-269.7596 -506.9307 4514.0972 110 86 40
-265.7627 -506.2147 4507.7212 112 87 43
-262.1469 -506.2147 4507.7212 104 80 38
-258.5311 -506.2147 4507.7212 108 85 39
-254.9153 -506.2147 4507.7212 116 93 46
-251.2994 -506.2147 4507.7212 118 95 48
-248.0340 -506.9307 4514.0972 115 92 48
-244.0678 -506.2147 4507.7212 121 96 49
-240.7921 -506.9307 4514.0972 132 103 51
-236.8362 -506.2147 4507.7212 139 109 53
-233.5502 -506.9307 4514.0972 143 113 53
-229.9293 -506.9307 4514.0972 142 112 49
-226.3083 -506.9307 4514.0972 135 105 45
-222.6874 -506.9307 4514.0972 134 104 45
-219.0665 -506.9307 4514.0972 130 102 43
-215.4456 -506.9307 4514.0972 116 90 38
-212.1247 -507.6487 4520.4912 107 85 39
-208.4986 -507.6487 4520.4912 98 81 38
-205.1631 -508.3688 4526.9033 90 74 35
-201.5319 -508.3688 4526.9033 90 73 37
-197.6204 -507.6487 4520.4912 92 78 43
-193.9944 -507.6487 4520.4912 89 78 43
-190.6383 -508.3688 4526.9033 90 76 42
-187.0071 -508.3688 4526.9033 88 74 40
-183.3759 -508.3688 4526.9033 88 76 41
-180.0000 -509.0909 4533.3335 84 73 40
-176.6145 -509.8151 4539.7822 83 70 39
-172.9730 -509.8151 4539.7822 93 78 44
-169.3315 -509.8151 4539.7822 104 89 50
-165.6899 -509.8151 4539.7822 108 91 49
-162.2792 -510.5414 4546.2490 114 94 49
-158.4068 -509.8151 4539.7822 122 100 51
-154.7653 -509.8151 4539.7822 121 95 44
-151.1238 -509.8151 4539.7822 121 95 45
-147.4822 -509.8151 4539.7822 117 91 45
-144.0456 -510.5414 4546.2490 112 89 45
-140.1992 -509.8151 4539.7822 116 92 48
-136.7522 -510.5414 4546.2490 115 93 48
-132.9161 -509.8151 4539.7822 110 89 46
-129.4587 -510.5414 4546.2490 110 88 47
-125.6330 -509.8151 4539.7822 112 93 51
-121.9915 -509.8151 4539.7822 105 87 45
-118.3499 -509.8151 4539.7822 106 87 45
-114.7084 -509.8151 4539.7822 106 86 44
-111.0669 -509.8151 4539.7822 110 88 45
-107.4253 -509.8151 4539.7822 125 100 52
-103.7838 -509.8151 4539.7822 127 102 51
-100.2849 -510.5414 4546.2490 120 96 47
-96.5007 -509.8151 4539.7822 121 100 55
-92.9915 -510.5414 4546.2490 123 104 61
-89.3447 -510.5414 4546.2490 119 103 60
-85.6980 -510.5414 4546.2490 117 101 55
-82.0513 -510.5414 4546.2490 112 95 52
-78.5164 -511.2697 4552.7344 90 73 33
-74.8645 -511.2697 4552.7344 105 86 44
-71.2126 -511.2697 4552.7344 119 98 55
-67.5606 -511.2697 4552.7344 111 93 52
-63.9087 -511.2697 4552.7344 101 86 50
-60.2568 -511.2697 4552.7344 93 79 45
-56.6049 -511.2697 4552.7344 94 78 43
-52.9529 -511.2697 4552.7344 103 85 48
-49.3714 -512.0001 4559.2383 116 99 56
-45.7143 -512.0001 4559.2383 118 100 56
-42.0571 -512.0001 4559.2383 122 101 54
-38.4000 -512.0001 4559.2383 132 110 58
-34.7926 -512.7325 4565.7607 139 117 65
-31.1302 -512.7325 4565.7607 135 115 61
-27.4678 -512.7325 4565.7607 135 114 60
-23.7375 -511.2697 4552.7344 139 116 62
-20.0856 -511.2697 4552.7344 137 113 58
-16.4337 -511.2697 4552.7344 128 106 54
59.2465 -385.7912 3435.3787 74 77 89
61.9355 -385.3763 3431.6846 164 169 171
88.3227 -380.4671 3387.9690 112 117 118
90.9438 -380.0636 3384.3762 164 170 160
93.3615 -378.8584 3373.6436 171 177 168
95.8650 -378.0591 3366.5261 144 150 141
98.4615 -377.6607 3362.9788 138 143 133
101.1591 -377.6607 3362.9788 136 139 131
103.7474 -377.2632 3359.4387 110 113 104
105.9958 -375.6814 3345.3530 128 130 118
108.6793 -375.6814 3345.3530 111 114 106
111.4795 -376.0756 3348.8633 28 33 37
113.6886 -374.5037 3334.8660 24 30 40
116.3636 -374.5037 3334.8660 28 33 45
118.9144 -374.1128 3331.3850 32 36 45
121.4599 -373.7227 3327.9111 110 113 106
124.1293 -373.7227 3327.9111 154 156 143
126.7988 -373.7227 3327.9111 131 134 122
129.3333 -373.3334 3324.4446 102 104 97
132.1376 -373.7227 3327.9111 56 57 56
134.8071 -373.7227 3327.9111 48 48 48
137.0478 -372.5572 3317.5330 109 110 103
139.8543 -372.9449 3320.9851 137 140 129
142.5182 -372.9449 3320.9851 107 109 106
145.1821 -372.9449 3320.9851 64 67 71
147.6923 -372.5572 3317.5330 22 25 34
150.3534 -372.5572 3317.5330 25 26 35
153.0146 -372.5572 3317.5330 65 65 64
155.1917 -371.3990 3307.2195 127 129 115
158.0083 -371.7843 3310.6501 134 135 122
160.6639 -371.7843 3310.6501 110 111 104
162.9814 -371.0145 3303.7959 26 26 31
165.6315 -371.0145 3303.7959 24 25 32
168.4560 -371.3990 3307.2195 36 36 38
170.7549 -370.6308 3300.3792 118 119 105
173.4023 -370.6308 3300.3792 144 144 127
176.2319 -371.0145 3303.7959 119 120 106
178.6970 -370.6308 3300.3792 40 39 40
181.3444 -370.6308 3300.3792 22 21 29
184.3731 -371.3990 3307.2195 18 18 27
186.8323 -371.0145 3303.7959 18 18 23
195.1867 -371.7843 3310.6501 114 113 96
200.4979 -371.7843 3310.6501 22 22 24
203.3645 -372.1703 3314.0879 18 19 22
206.0229 -372.1703 3314.0879 63 64 55
208.6812 -372.1703 3314.0879 106 106 87
211.3396 -372.1703 3314.0879 106 106 86
214.4433 -372.9449 3320.9851 79 78 67
216.6563 -372.1703 3314.0879 19 19 22
219.5426 -372.5572 3317.5330 15 15 20
222.6667 -373.3334 3324.4446 15 17 21
225.0989 -372.9449 3320.9851 54 55 49
228.0000 -373.3334 3324.4446 99 98 79
231.1483 -374.1128 3331.3850 107 106 86
233.5767 -373.7227 3327.9111 78 77 64
236.4927 -374.1128 3331.3850 33 33 29
239.4148 -374.5037 3334.8660 52 52 42
242.0899 -374.5037 3334.8660 106 107 86
244.7649 -374.5037 3334.8660 101 100 82
247.6988 -374.8954 3338.3542 48 48 41
250.6387 -375.2880 3341.8501 15 16 20
253.3194 -375.2880 3341.8501 14 15 20
256.0000 -375.2880 3341.8501 13 15 20
259.4958 -376.4706 3352.3811 14 15 20
262.1849 -376.4706 3352.3811 13 16 19
265.1525 -376.8665 3355.9062 12 15 20
267.8444 -376.8665 3355.9062 14 16 21
270.2521 -376.4706 3352.3811 14 15 20
316.5142 -390.4140 3476.5432 14 17 22
319.3028 -390.4140 3476.5432 15 17 24
351.8129 -419.1813 3732.7097 17 18 23
354.8070 -419.1813 3732.7097 17 19 23
355.7209 -416.7442 3711.0078 18 19 26
357.0370 -414.8148 3693.8271 20 20 28
360.0000 -414.8148 3693.8271 20 19 27
362.1247 -413.8568 3685.2964 22 21 29
365.9259 -414.8148 3693.8271 24 23 31
369.3163 -415.2955 3698.1074 24 23 31
372.2827 -415.2955 3698.1074 31 29 35
374.8148 -414.8148 3693.8271 84 61 51
376.4706 -413.3795 3681.0459 135 89 49
379.8615 -413.8568 3685.2964 127 76 31
578.9045 -560.8764 4994.4707 140 101 47
582.0001 -560.0001 4986.6670 126 82 35
585.0859 -559.1263 4978.8872 123 73 32
588.1620 -558.2554 4971.1318 128 71 31
591.2286 -557.3873 4963.4009 131 70 31
595.2100 -557.3873 4963.4009 130 70 32
599.1913 -557.3873 4963.4009 122 65 32
602.2361 -556.5218 4955.6938 99 56 25
605.2713 -555.6589 4948.0103 112 73 34
609.2403 -555.6589 4948.0103 90 54 19
612.2601 -554.7988 4940.3511 62 37 12
616.2230 -554.7988 4940.3511 68 42 16
620.1858 -554.7988 4940.3511 91 59 24
624.1487 -554.7988 4940.3511 117 77 32
628.1115 -554.7988 4940.3511 129 87 35
631.0975 -553.9413 4932.7153 135 95 40
635.0541 -553.9413 4932.7153 139 97 40
638.0247 -553.0865 4925.1030 132 87 35
640.9861 -552.2343 4917.5142 126 85 34
643.9385 -551.3846 4909.9487 132 92 39
647.8770 -551.3846 4909.9487 135 94 39
650.8141 -550.5377 4902.4067 133 94 39
653.7424 -549.6932 4894.8877 129 89 38
657.6688 -549.6932 4894.8877 119 77 33
659.5719 -548.0122 4879.9185 110 65 27
662.4733 -547.1756 4872.4683 101 54 21
665.3659 -546.3416 4865.0410 96 50 21
670.2901 -547.1756 4872.4683 99 52 25
673.1708 -546.3416 4865.0410 105 57 28
677.0732 -546.3416 4865.0410 106 56 26
680.9757 -546.3416 4865.0410 94 48 18
683.8356 -545.5099 4857.6357 89 48 21
687.7321 -545.5099 4857.6357 103 57 26
691.6287 -545.5099 4857.6357 107 61 28
695.5251 -545.5099 4857.6357 86 51 23
699.4216 -545.5099 4857.6357 98 64 30
704.3903 -546.3416 4865.0410 90 60 26
708.2927 -546.3416 4865.0410 102 71 33
712.1952 -546.3416 4865.0410 110 79 36
716.0976 -546.3416 4865.0410 113 81 34
720.0001 -546.3416 4865.0410 111 78 32
725.0077 -547.1756 4872.4683 113 76 31
726.6971 -545.5099 4857.6357 119 81 31
730.5936 -545.5099 4857.6357 123 86 35
735.6099 -546.3416 4865.0410 128 92 39
738.3867 -545.5099 4857.6357 129 93 40
742.2831 -545.5099 4857.6357 129 94 40
747.3172 -546.3416 4865.0410 126 89 38
751.2196 -546.3416 4865.0410 123 83 35
756.2748 -547.1756 4872.4683 119 76 33
760.1832 -547.1756 4872.4683 116 70 30
762.9269 -546.3416 4865.0410 116 68 33
768.0000 -547.1756 4872.4683 120 68 38
771.9084 -547.1756 4872.4683 117 66 35
775.8168 -547.1756 4872.4683 111 60 31
780.9175 -548.0122 4879.9185 94 48 22
784.8318 -548.0122 4879.9185 98 59 26
788.7462 -548.0122 4879.9185 99 61 26
792.6606 -548.0122 4879.9185 102 70 33
797.7948 -548.8515 4887.3916 81 58 25
801.7152 -548.8515 4887.3916 65 40 15
806.8712 -549.6932 4894.8877 91 59 27
810.7976 -549.6932 4894.8877 110 75 32
814.7240 -549.6932 4894.8877 115 77 31
818.6503 -549.6932 4894.8877 114 75 29
822.5768 -549.6932 4894.8877 120 82 34
827.7727 -550.5377 4902.4067 112 77 29
832.9847 -551.3846 4909.9487 101 65 24
836.9231 -551.3846 4909.9487 110 75 33
842.1572 -552.2343 4917.5142 109 75 32
846.1017 -552.2343 4917.5142 116 81 34
851.3581 -553.0865 4925.1030 118 81 31
855.3087 -553.0865 4925.1030 119 81 33
861.9196 -554.7988 4940.3511 120 81 33
865.8824 -554.7988 4940.3511 117 79 32
869.8452 -554.7988 4940.3511 108 70 30
-448.7151 -504.1341 4457.3560 143 118 62
-445.7623 -504.8392 4463.5898 139 113 56
-442.1819 -504.8392 4463.5898 137 110 53
-438.6014 -504.8392 4463.5898 139 111 55
-435.0210 -504.8392 4463.5898 142 116 58
-432.0448 -505.5462 4469.8413 141 114 55
-428.4594 -505.5462 4469.8413 142 112 50
-424.8740 -505.5462 4469.8413 144 111 47
-421.2885 -505.5462 4469.8413 142 108 43
-418.2889 -506.2553 4476.1104 141 107 44
-415.2809 -506.9663 4482.3970 135 103 43
-411.6854 -506.9663 4482.3970 128 98 43
-408.0899 -506.9663 4482.3970 124 100 51
-404.4944 -506.9663 4482.3970 123 104 59
-401.4628 -507.6794 4488.7017 117 98 52
-397.8622 -507.6794 4488.7017 121 100 50
-394.2617 -507.6794 4488.7017 128 102 49
-390.6611 -507.6794 4488.7017 121 95 42
-387.0605 -507.6794 4488.7017 127 99 43
-384.0000 -508.3944 4495.0234 127 98 42
-380.3944 -508.3944 4495.0234 122 94 41
-376.7887 -508.3944 4495.0234 114 89 40
-373.1831 -508.3944 4495.0234 109 87 42
-370.0988 -509.1115 4501.3638 109 84 38
-365.9718 -508.3944 4495.0234 116 89 38
-362.3662 -508.3944 4495.0234 124 94 41
-359.2666 -509.1115 4501.3638 114 87 37
-355.6559 -509.1115 4501.3638 109 85 37
-352.0452 -509.1115 4501.3638 101 76 30
-348.4344 -509.1115 4501.3638 107 83 34
-345.3107 -509.8305 4507.7212 115 89 36
-341.6949 -509.8305 4507.7212 115 87 37
-338.0791 -509.8305 4507.7212 112 86 38
-334.4633 -509.8305 4507.7212 117 91 43
-330.3809 -509.1115 4501.3638 115 90 43
-327.2317 -509.8305 4507.7212 115 92 45
-323.6158 -509.8305 4507.7212 114 90 42
-320.0000 -509.8305 4507.7212 117 90 43
-316.3842 -509.8305 4507.7212 121 94 44
-312.7684 -509.8305 4507.7212 122 94 45
-309.1525 -509.8305 4507.7212 124 98 47
-305.9689 -510.5516 4514.0972 117 93 43
-301.9209 -509.8305 4507.7212 109 86 41
-298.7271 -510.5516 4514.0972 117 93 47
-294.6893 -509.8305 4507.7212 117 93 44
-291.0735 -509.8305 4507.7212 112 89 38
-287.4576 -509.8305 4507.7212 118 92 41
-283.8418 -509.8305 4507.7212 117 88 38
-280.2260 -509.8305 4507.7212 115 88 37
-276.6102 -509.8305 4507.7212 120 92 39
-272.9944 -509.8305 4507.7212 117 88 39
-269.3785 -509.8305 4507.7212 116 88 38
-265.7627 -509.8305 4507.7212 113 85 38
-262.1469 -509.8305 4507.7212 105 81 36
-258.5311 -509.8305 4507.7212 112 89 43
-254.5558 -509.1115 4501.3638 120 98 51
-251.2994 -509.8305 4507.7212 115 94 48
-247.6836 -509.8305 4507.7212 108 88 42
-244.0678 -509.8305 4507.7212 107 87 42
-240.4520 -509.8305 4507.7212 105 84 39
-236.8362 -509.8305 4507.7212 112 88 42
-233.2204 -509.8305 4507.7212 126 97 44
-229.6045 -509.8305 4507.7212 138 107 46
-226.3083 -510.5516 4514.0972 143 113 51
-222.6874 -510.5516 4514.0972 134 104 46
-219.0665 -510.5516 4514.0972 128 102 47
-215.4456 -510.5516 4514.0972 121 97 46
-212.1247 -511.2748 4520.4912 114 91 43
-208.4986 -511.2748 4520.4912 107 86 41
-204.8725 -511.2748 4520.4912 106 85 40
-201.2465 -511.2748 4520.4912 107 86 43
-197.6204 -511.2748 4520.4912 105 86 44
-193.9944 -511.2748 4520.4912 96 82 42
-190.6383 -512.0001 4526.9033 86 71 37
-186.7422 -511.2748 4520.4912 82 68 37
-183.1162 -511.2748 4520.4912 81 69 38
-179.7447 -512.0001 4526.9033 82 72 40
-176.3636 -512.7273 4533.3335 84 73 40
-172.7273 -512.7273 4533.3335 97 83 47
-169.0909 -512.7273 4533.3335 102 85 44
-165.4546 -512.7273 4533.3335 110 89 43
-162.0484 -513.4567 4539.7822 122 98 49
-158.1818 -512.7273 4533.3335 131 104 54
-154.7653 -513.4567 4539.7822 128 103 49
-151.1238 -513.4567 4539.7822 117 93 43
-147.4822 -513.4567 4539.7822 107 85 41
-143.8407 -513.4567 4539.7822 102 84 41
-140.1992 -513.4567 4539.7822 102 84 43
-136.5576 -513.4567 4539.7822 107 88 46
-132.9161 -513.4567 4539.7822 111 90 46
-129.2746 -513.4567 4539.7822 111 90 47
-125.4546 -512.7273 4533.3335 104 86 44
-121.8182 -512.7273 4533.3335 97 83 43
-118.3499 -513.4567 4539.7822 96 82 46
-114.7084 -513.4567 4539.7822 97 83 45
-111.0669 -513.4567 4539.7822 109 93 50
-107.4253 -513.4567 4539.7822 121 103 57
-103.7838 -513.4567 4539.7822 118 99 55
-100.1423 -513.4567 4539.7822 112 92 49
-96.5007 -513.4567 4539.7822 116 95 49
-92.9915 -514.1881 4546.2490 120 99 52
-89.2177 -513.4567 4539.7822 117 98 52
-85.5761 -513.4567 4539.7822 120 101 53
-81.9346 -513.4567 4539.7822 119 98 53
-78.4046 -514.1881 4546.2490 105 84 40
-74.7578 -514.1881 4546.2490 108 87 44
-71.2126 -514.9216 4552.7344 112 90 47
-67.5606 -514.9216 4552.7344 100 81 42
-63.8177 -514.1881 4546.2490 94 78 43
-60.1709 -514.1881 4546.2490 95 80 46
-56.5242 -514.1881 4546.2490 97 81 46
-52.8775 -514.1881 4546.2490 98 80 44
-49.3010 -514.9216 4552.7344 101 83 44
-45.6491 -514.9216 4552.7344 104 85 43
-42.0571 -515.6572 4559.2383 112 90 46
-38.4000 -515.6572 4559.2383 119 95 49
-34.7429 -515.6572 4559.2383 126 103 55
-31.1302 -516.3949 4565.7607 127 107 60
-27.4678 -516.3949 4565.7607 123 103 57
-23.7375 -514.9216 4552.7344 123 103 57
-20.0570 -514.1881 4546.2490 120 102 56
-16.4337 -514.9216 4552.7344 109 94 51
56.4909 -388.5469 3435.3787 160 167 169
59.2465 -388.5469 3435.3787 74 78 90
61.9355 -388.1291 3431.6846 164 168 171
90.8475 -382.3729 3380.7910 172 178 170
93.3615 -381.5645 3373.6436 172 178 167
95.8650 -380.7595 3366.5261 155 162 153
98.4615 -380.3583 3362.9788 158 164 159
101.1591 -380.3583 3362.9788 149 155 150
103.7474 -379.9579 3359.4387 140 145 141
105.9958 -378.3648 3345.3530 137 142 137
108.6793 -378.3648 3345.3530 97 101 102
111.4795 -378.7618 3348.8633 29 32 41
113.6886 -377.1787 3334.8660 27 30 43
116.3636 -377.1787 3334.8660 29 33 47
118.9144 -376.7850 3331.3850 37 39 49
121.4599 -376.3921 3327.9111 115 115 109
124.1293 -376.3921 3327.9111 151 152 141
126.7988 -376.3921 3327.9111 148 150 139
129.3333 -376.0000 3324.4446 147 149 136
132.1376 -376.3921 3327.9111 139 141 129
134.8071 -376.3921 3327.9111 117 119 105
137.0478 -375.2183 3317.5330 140 142 128
139.8543 -375.6088 3320.9851 130 132 124
142.5182 -375.6088 3320.9851 55 55 60
145.1821 -375.6088 3320.9851 30 32 40
147.6923 -375.2183 3317.5330 23 26 34
150.3534 -375.2183 3317.5330 24 25 33
153.0146 -375.2183 3317.5330 75 75 72
155.3527 -374.4398 3310.6501 129 131 113
158.0083 -374.4398 3310.6501 136 138 122
160.6639 -374.4398 3310.6501 115 116 107
162.9814 -373.6646 3303.7959 28 27 33
165.6315 -373.6646 3303.7959 25 23 33
168.4560 -374.0518 3307.2195 39 39 39
170.7549 -373.2782 3300.3792 116 118 102
173.4023 -373.2782 3300.3792 134 136 117
176.4145 -374.0518 3307.2195 114 114 100
178.6970 -373.2782 3300.3792 37 36 37
181.3444 -373.2782 3300.3792 23 22 29
184.3731 -374.0518 3307.2195 19 18 27
186.8323 -373.6646 3303.7959 19 19 25
195.1867 -374.4398 3310.6501 118 118 98
200.4979 -374.4398 3310.6501 28 28 29
203.3645 -374.8287 3314.0879 30 30 28
206.2370 -375.2183 3317.5330 61 62 52
208.6812 -374.8287 3314.0879 104 104 87
211.5593 -375.2183 3317.5330 99 99 85
214.4433 -375.6088 3320.9851 70 69 63
216.6563 -374.8287 3314.0879 18 17 21
219.5426 -375.2183 3317.5330 15 15 20
222.6667 -376.0000 3324.4446 16 16 21
225.0989 -375.6088 3320.9851 41 42 42
228.0000 -376.0000 3324.4446 88 87 76
231.1483 -376.7850 3331.3850 111 109 91
233.5767 -376.3921 3327.9111 105 103 82
236.2461 -376.3921 3327.9111 101 100 76
239.4148 -377.1787 3334.8660 105 105 80
242.0899 -377.1787 3334.8660 112 112 91
244.7649 -377.1787 3334.8660 93 93 78
247.6988 -377.5732 3338.3542 39 41 38
250.3766 -377.5732 3338.3542 14 16 19
253.0544 -377.5732 3338.3542 13 16 18
256.0000 -377.9686 3341.8501 14 15 20
259.4958 -379.1597 3352.3811 15 15 19
262.1849 -379.1597 3352.3811 14 16 20
265.1525 -379.5584 3355.9062 13 16 21
267.8444 -379.5584 3355.9062 12 15 20
270.2521 -379.1597 3352.3811 13 14 19
351.8129 -422.1755 3732.7097 19 19 25
354.8070 -422.1755 3732.7097 17 20 24
356.1350 -420.2095 3715.3279 17 19 24
357.0370 -417.7778 3693.8271 19 20 25
360.4172 -418.2619 3698.1074 20 20 26
362.5434 -417.2948 3689.5569 18 19 25
365.9259 -417.7778 3693.8271 20 21 28
369.7448 -418.7471 3702.3977 25 24 31
372.7146 -418.7471 3702.3977 34 31 34
375.6845 -418.7471 3702.3977 98 73 58
377.3411 -417.2948 3689.5569 134 88 49
381.1819 -418.2619 3698.1074 130 83 35
582.9108 -564.8827 4994.4707 146 107 50
586.0001 -564.0001 4986.6670 144 108 52
588.1620 -562.2430 4971.1318 139 101 47
592.1495 -562.2430 4971.1318 131 90 39
595.2100 -561.3686 4963.4009 129 83 36
599.1913 -561.3686 4963.4009 126 73 33
602.2361 -560.4969 4955.6938 110 62 28
605.2713 -559.6279 4948.0103 118 77 34
609.2403 -559.6279 4948.0103 113 74 30
613.2093 -559.6279 4948.0103 102 59 24
616.2230 -558.7617 4940.3511 107 58 27
620.1858 -558.7617 4940.3511 102 55 23
624.1487 -558.7617 4940.3511 92 49 20
628.1115 -558.7617 4940.3511 103 62 26
632.0743 -558.7617 4940.3511 124 83 35
635.0541 -557.8981 4932.7153 133 92 36
639.0109 -557.8981 4932.7153 136 93 36
641.9753 -557.0370 4925.1030 137 96 39
644.9307 -556.1788 4917.5142 133 90 35
647.8770 -555.3231 4909.9487 128 83 31
650.8141 -554.4701 4902.4067 127 86 34
654.7466 -554.4701 4902.4067 130 91 39
657.6688 -553.6197 4894.8877 127 86 35
660.5820 -552.7719 4887.3916 131 91 35
663.4863 -551.9266 4879.9185 128 88 35
666.3817 -551.0840 4872.4683 118 78 31
670.2901 -551.0840 4872.4683 106 64 23
674.1985 -551.0840 4872.4683 100 56 23
677.0732 -550.2440 4865.0410 93 49 21
680.9757 -550.2440 4865.0410 90 48 22
684.8781 -550.2440 4865.0410 85 46 23
688.7806 -550.2440 4865.0410 94 53 26
692.6830 -550.2440 4865.0410 127 78 41
696.5854 -550.2440 4865.0410 81 44 16
700.4879 -550.2440 4865.0410 93 59 27
704.3903 -550.2440 4865.0410 80 48 17
708.2927 -550.2440 4865.0410 92 60 26
712.1952 -550.2440 4865.0410 111 80 36
717.1909 -551.0840 4872.4683 116 84 36
721.0992 -551.0840 4872.4683 122 88 38
725.0077 -551.0840 4872.4683 132 97 43
727.8049 -550.2440 4865.0410 135 99 45
731.7074 -550.2440 4865.0410 130 94 42
735.6099 -550.2440 4865.0410 128 90 39
739.5123 -550.2440 4865.0410 126 90 37
743.4147 -550.2440 4865.0410 127 92 38
748.4581 -551.0840 4872.4683 128 92 38
751.2196 -550.2440 4865.0410 125 89 38
757.4312 -551.9266 4879.9185 122 86 37
760.1832 -551.0840 4872.4683 122 87 40
762.9269 -550.2440 4865.0410 120 85 40
768.0000 -551.0840 4872.4683 116 77 35
771.9084 -551.0840 4872.4683 114 73 32
777.0031 -551.9266 4879.9185 113 68 33
780.9175 -551.9266 4879.9185 101 57 25
784.8318 -551.9266 4879.9185 99 57 22
789.9541 -552.7719 4887.3916 104 63 26
793.8745 -552.7719 4887.3916 99 63 27
797.7948 -552.7719 4887.3916 115 81 41
801.7152 -552.7719 4887.3916 103 63 31
806.8712 -553.6197 4894.8877 99 59 30
810.7976 -553.6197 4894.8877 102 63 28
815.9755 -554.4701 4902.4067 108 70 32
818.6503 -553.6197 4894.8877 111 73 32
823.8403 -554.4701 4902.4067 126 86 35
829.0461 -555.3231 4909.9487 125 84 34
832.9847 -555.3231 4909.9487 117 78 28
838.2126 -556.1788 4917.5142 110 71 27
842.1572 -556.1788 4917.5142 94 59 24
846.1017 -556.1788 4917.5142 98 65 28
851.3581 -557.0370 4925.1030 110 75 32
856.6307 -557.8981 4932.7153 117 82 35
861.9196 -558.7617 4940.3511 114 79 31
865.8824 -558.7617 4940.3511 111 76 29
869.8452 -558.7617 4940.3511 112 76 31
-448.0893 -507.0014 4451.1392 131 105 52
-445.1397 -507.7096 4457.3560 129 106 54
-441.5643 -507.7096 4457.3560 132 108 56
-437.9889 -507.7096 4457.3560 143 115 61
-434.4135 -507.7096 4457.3560 151 123 64
-431.4406 -508.4196 4463.5898 147 121 59
-427.8602 -508.4196 4463.5898 146 118 57
-424.2797 -508.4196 4463.5898 150 119 56
-420.6993 -508.4196 4463.5898 148 118 52
-417.7031 -509.1317 4469.8413 148 119 53
-414.6985 -509.8458 4476.1104 142 112 47
-411.1080 -509.8458 4476.1104 132 102 44
-408.0899 -510.5618 4482.3970 125 96 44
-404.4944 -510.5618 4482.3970 126 99 49
-400.8989 -510.5618 4482.3970 124 96 45
-397.3034 -510.5618 4482.3970 124 97 45
-393.7079 -510.5618 4482.3970 130 103 46
-390.6611 -511.2799 4488.7017 131 103 44
-387.0605 -511.2799 4488.7017 128 99 40
-383.4600 -511.2799 4488.7017 130 100 43
-379.8594 -511.2799 4488.7017 120 92 38
-376.2588 -511.2799 4488.7017 119 92 43
-372.6583 -511.2799 4488.7017 119 94 46
-369.5775 -512.0000 4495.0234 117 91 41
-365.9718 -512.0000 4495.0234 121 94 41
-361.8566 -511.2799 4488.7017 128 97 44
-358.7606 -512.0000 4495.0234 122 92 39
-355.1549 -512.0000 4495.0234 119 90 35
-351.5493 -512.0000 4495.0234 118 89 35
-347.9437 -512.0000 4495.0234 119 90 38
-344.8237 -512.7222 4501.3638 118 89 35
-341.2130 -512.7222 4501.3638 113 84 34
-337.6023 -512.7222 4501.3638 110 82 35
-333.9916 -512.7222 4501.3638 116 88 40
-330.3809 -512.7222 4501.3638 112 87 38
-326.7701 -512.7222 4501.3638 111 88 39
-323.1594 -512.7222 4501.3638 113 89 40
-319.5487 -512.7222 4501.3638 118 92 42
-315.9380 -512.7222 4501.3638 123 96 43
-312.3273 -512.7222 4501.3638 129 100 44
-308.7165 -512.7222 4501.3638 124 94 40
-305.5367 -513.4464 4507.7212 116 86 36
-301.4951 -512.7222 4501.3638 109 83 35
-298.3051 -513.4464 4507.7212 114 87 39
-294.6893 -513.4464 4507.7212 120 91 41
-291.0735 -513.4464 4507.7212 123 95 40
-287.4576 -513.4464 4507.7212 120 94 39
-283.4415 -512.7222 4501.3638 111 84 33
-279.8308 -512.7222 4501.3638 112 87 37
-276.6102 -513.4464 4507.7212 121 93 40
-272.9944 -513.4464 4507.7212 117 91 39
-269.3785 -513.4464 4507.7212 110 86 36
-265.3879 -512.7222 4501.3638 113 88 40
-261.7772 -512.7222 4501.3638 120 94 45
-258.1664 -512.7222 4501.3638 117 92 45
-254.5558 -512.7222 4501.3638 121 98 51
-250.9450 -512.7222 4501.3638 121 99 52
-247.6836 -513.4464 4507.7212 114 91 45
-243.7236 -512.7222 4501.3638 105 86 40
-240.4520 -513.4464 4507.7212 88 71 32
-236.5021 -512.7222 4501.3638 79 63 32
-233.2204 -513.4464 4507.7212 85 68 36
-229.2807 -512.7222 4501.3638 101 82 41
-225.9887 -513.4464 4507.7212 117 95 47
-222.3729 -513.4464 4507.7212 130 104 53
-218.7571 -513.4464 4507.7212 133 107 56
-215.1412 -513.4464 4507.7212 124 101 50
-211.8246 -514.1726 4514.0972 125 103 54
-208.2037 -514.1726 4514.0972 117 93 49
-204.5827 -514.1726 4514.0972 111 88 44
-200.9618 -514.1726 4514.0972 109 87 43
-197.3409 -514.1726 4514.0972 111 92 49
-193.7200 -514.1726 4514.0972 101 85 47
-190.3683 -514.9009 4520.4912 80 67 35
-186.4781 -514.1726 4514.0972 72 63 34
-182.8571 -514.1726 4514.0972 72 64 35
-179.4901 -514.9009 4520.4912 84 73 45
-176.1135 -515.6312 4526.9033 90 78 44
-172.4823 -515.6312 4526.9033 100 85 47
-168.8511 -515.6312 4526.9033 102 84 41
-165.2199 -515.6312 4526.9033 115 93 46
-161.8182 -516.3637 4533.3335 115 91 44
-157.9575 -515.6312 4526.9033 114 88 43
-154.5455 -516.3637 4533.3335 119 91 45
-150.9091 -516.3637 4533.3335 105 85 41
-147.2727 -516.3637 4533.3335 97 82 39
-143.6364 -516.3637 4533.3335 98 82 42
-140.0000 -516.3637 4533.3335 95 81 42
-136.3636 -516.3637 4533.3335 96 81 43
-132.7273 -516.3637 4533.3335 109 91 50
-129.2746 -517.0982 4539.7822 113 94 51
-125.4546 -516.3637 4533.3335 106 89 49
-121.8182 -516.3637 4533.3335 97 82 44
-118.1818 -516.3637 4533.3335 100 86 49
-114.5455 -516.3637 4533.3335 110 96 57
-111.0669 -517.0982 4539.7822 126 113 71
-107.2727 -516.3637 4533.3335 133 120 77
-103.6364 -516.3637 4533.3335 137 123 81
-100.0000 -516.3637 4533.3335 129 113 68
-96.3636 -516.3637 4533.3335 127 108 58
-92.8592 -517.0982 4539.7822 126 107 57
-89.2177 -517.0982 4539.7822 121 101 52
-85.5761 -517.0982 4539.7822 124 104 55
-81.9346 -517.0982 4539.7822 126 105 57
-78.4046 -517.8348 4546.2490 116 96 48
-74.7578 -517.8348 4546.2490 109 88 42
-71.1111 -517.8348 4546.2490 108 88 43
-67.4644 -517.8348 4546.2490 104 87 46
-63.8177 -517.8348 4546.2490 90 76 40
-60.1709 -517.8348 4546.2490 87 72 39
-56.5242 -517.8348 4546.2490 81 65 34
-52.8775 -517.8348 4546.2490 79 63 34
-49.3010 -518.5735 4552.7344 81 66 36
-45.6491 -518.5735 4552.7344 87 72 40
-41.9972 -518.5735 4552.7344 91 75 41
-38.3452 -518.5735 4552.7344 98 80 42
-34.7429 -519.3143 4559.2383 107 89 47
-31.0857 -519.3143 4559.2383 107 91 49
-27.4678 -520.0573 4565.7607 102 86 47
-23.7037 -517.8348 4546.2490 96 80 41
-20.0285 -517.0982 4539.7822 103 86 46
-16.3869 -517.0982 4539.7822 103 87 48
62.0022 -391.3025 3435.3787 150 155 159
90.7513 -384.6773 3377.2134 169 173 163
93.2629 -383.8648 3370.0811 160 163 154
95.7640 -383.0559 3362.9788 124 127 126
98.4615 -383.0559 3362.9788 104 106 111
101.0526 -382.6527 3359.4387 102 104 106
103.6383 -382.2503 3355.9062 95 97 103
105.9958 -381.0482 3345.3530 95 98 104
108.6793 -381.0482 3345.3530 66 68 80
111.3627 -381.0482 3345.3530 26 28 43
113.5699 -379.4572 3331.3850 24 28 40
116.3636 -379.8537 3334.8660 27 31 43
118.9144 -379.4572 3331.3850 35 39 45
121.4599 -379.0616 3327.9111 119 122 113
124.1293 -379.0616 3327.9111 152 154 143
126.7988 -379.0616 3327.9111 146 147 136
129.3333 -378.6667 3324.4446 147 151 142
132.1376 -379.0616 3327.9111 141 144 134
134.8071 -379.0616 3327.9111 135 138 127
137.0478 -377.8795 3317.5330 144 147 136
139.8543 -378.2726 3320.9851 128 129 120
142.5182 -378.2726 3320.9851 39 39 43
145.1821 -378.2726 3320.9851 27 27 35
147.6923 -377.8795 3317.5330 25 26 34
150.3534 -377.8795 3317.5330 23 26 33
153.0146 -377.8795 3317.5330 80 81 77
155.3527 -377.0955 3310.6501 135 136 118
158.1724 -377.4870 3314.0879 131 132 117
160.8307 -377.4870 3314.0879 111 110 104
163.1503 -376.7047 3307.2195 30 28 34
165.6315 -376.3148 3303.7959 24 24 32
168.4560 -376.7047 3307.2195 37 37 40
170.9317 -376.3148 3303.7959 121 122 111
173.4023 -375.9256 3300.3792 137 137 120
176.4145 -376.7047 3307.2195 115 116 103
178.6970 -375.9256 3300.3792 38 37 37
181.3444 -375.9256 3300.3792 24 23 29
184.3731 -376.7047 3307.2195 19 18 26
186.6391 -375.9256 3300.3792 17 18 24
195.1867 -377.0955 3310.6501 133 131 112
203.3645 -377.4870 3314.0879 84 86 69
206.2370 -377.8795 3317.5330 92 92 73
208.6812 -377.4870 3314.0879 103 103 84
211.5593 -377.8795 3317.5330 55 54 48
214.4433 -378.2726 3320.9851 26 25 29
216.6563 -377.4870 3314.0879 14 15 20
219.5426 -377.8795 3317.5330 13 15 19
222.6667 -378.6667 3324.4446 16 16 20
225.0989 -378.2726 3320.9851 20 21 26
228.0000 -378.6667 3324.4446 45 46 43
231.1483 -379.4572 3331.3850 98 97 81
233.5767 -379.0616 3327.9111 111 111 88
236.2461 -379.0616 3327.9111 116 114 92
239.4148 -379.8537 3334.8660 115 113 90
242.0899 -379.8537 3334.8660 106 105 85
244.7649 -379.8537 3334.8660 50 50 43
247.4399 -379.8537 3334.8660 19 19 22
250.3766 -380.2511 3338.3542 14 15 18
253.0544 -380.2511 3338.3542 15 15 19
256.0000 -380.6493 3341.8501 13 14 17
259.2235 -381.4481 3348.8633 14 14 18
261.9098 -381.4481 3348.8633 15 15 20
264.8740 -381.8488 3352.3811 14 15 21
267.5630 -381.8488 3352.3811 13 14 19
270.2521 -381.8488 3352.3811 13 14 18
351.8129 -425.1696 3732.7097 19 19 25
354.8070 -425.1696 3732.7097 22 22 28
356.5501 -423.6830 3719.6582 19 20 26
357.0370 -420.7408 3693.8271 19 19 26
360.4172 -421.2283 3698.1074 21 20 27
362.5434 -420.2543 3689.5569 20 20 27
365.9259 -420.7408 3693.8271 22 21 30
369.3163 -421.2283 3698.1074 26 25 32
372.7146 -421.7170 3702.3977 34 31 34
375.6845 -421.7170 3702.3977 97 70 56
377.7778 -420.7408 3693.8271 118 72 41
381.1819 -421.2283 3698.1074 132 84 41
582.9108 -568.8889 4994.4707 149 109 47
586.9171 -568.8889 4994.4707 145 107 47
589.0796 -567.1140 4978.8872 143 105 47
592.1495 -566.2306 4971.1318 137 99 44
596.1371 -566.2306 4971.1318 136 97 44
600.1246 -566.2306 4971.1318 132 92 43
603.1727 -565.3500 4963.4009 114 71 32
606.2112 -564.4721 4955.6938 124 82 39
610.1864 -564.4721 4955.6938 118 78 32
613.2093 -563.5969 4948.0103 111 68 26
617.1783 -563.5969 4948.0103 115 62 26
620.1858 -562.7245 4940.3511 121 62 26
624.1487 -562.7245 4940.3511 121 62 29
628.1115 -562.7245 4940.3511 116 61 29
632.0743 -562.7245 4940.3511 107 58 24
635.0541 -561.8547 4932.7153 106 60 25
639.0109 -561.8547 4932.7153 126 80 35
641.9753 -560.9877 4925.1030 136 95 38
644.9307 -560.1233 4917.5142 138 96 38
648.8752 -560.1233 4917.5142 135 91 36
651.8154 -559.2616 4909.9487 132 89 34
654.7466 -558.4025 4902.4067 126 84 31
658.6790 -558.4025 4902.4067 121 79 30
660.5820 -556.6923 4887.3916 123 82 31
663.4863 -555.8410 4879.9185 131 89 37
667.4006 -555.8410 4879.9185 135 95 40
671.3150 -555.8410 4879.9185 132 92 38
674.1985 -554.9924 4872.4683 123 83 34
678.1069 -554.9924 4872.4683 112 71 29
682.0153 -554.9924 4872.4683 103 63 28
684.8781 -554.1464 4865.0410 88 50 21
688.7806 -554.1464 4865.0410 91 53 24
692.6830 -554.1464 4865.0410 128 80 42
696.5854 -554.1464 4865.0410 97 51 22
700.4879 -554.1464 4865.0410 91 56 25
704.3903 -554.1464 4865.0410 94 57 26
708.2927 -554.1464 4865.0410 95 52 24
713.2825 -554.9924 4872.4683 104 58 25
717.1909 -554.9924 4872.4683 116 70 31
721.0992 -554.9924 4872.4683 127 85 37
726.1162 -555.8410 4879.9185 129 92 38
728.9161 -554.9924 4872.4683 125 91 39
732.8245 -554.9924 4872.4683 124 91 42
736.7328 -554.9924 4872.4683 133 100 47
740.6413 -554.9924 4872.4683 135 99 44
743.4147 -554.1464 4865.0410 132 93 41
748.4581 -554.9924 4872.4683 131 91 40
752.3665 -554.9924 4872.4683 128 89 40
757.4312 -555.8410 4879.9185 120 84 36
761.3456 -555.8410 4879.9185 119 85 38
764.0917 -554.9924 4872.4683 119 85 39
769.1744 -555.8410 4879.9185 119 85 38
773.0887 -555.8410 4879.9185 119 85 37
777.0031 -555.8410 4879.9185 115 82 37
780.9175 -555.8410 4879.9185 103 70 28
784.8318 -555.8410 4879.9185 96 60 22
789.9541 -556.6923 4887.3916 105 62 25
793.8745 -556.6923 4887.3916 101 64 27
799.0184 -557.5461 4894.8877 116 83 40
802.9449 -557.5461 4894.8877 105 66 31
808.1107 -558.4025 4902.4067 104 60 32
810.7976 -557.5461 4894.8877 103 58 30
815.9755 -558.4025 4902.4067 96 53 29
819.9079 -558.4025 4902.4067 82 44 22
823.8403 -558.4025 4902.4067 100 60 28
829.0461 -559.2616 4909.9487 103 61 28
832.9847 -559.2616 4909.9487 107 69 30
838.2126 -560.1233 4917.5142 118 79 35
843.4568 -560.9877 4925.1030 116 78 32
847.4075 -560.9877 4925.1030 112 76 30
852.6740 -561.8547 4932.7153 117 82 34
856.6307 -561.8547 4932.7153 115 80 34
861.9196 -562.7245 4940.3511 114 77 31
865.8824 -562.7245 4940.3511 115 80 34
869.8452 -562.7245 4940.3511 114 79 35
-446.8429 -509.1516 4438.7578 135 111 58
-444.5189 -510.5718 4451.1392 131 108 56
-440.9484 -510.5718 4451.1392 136 111 58
-437.3780 -510.5718 4451.1392 147 119 61
-433.8076 -510.5718 4451.1392 148 122 63
-430.8380 -511.2849 4457.3560 145 120 64
-426.6667 -510.5718 4451.1392 144 119 65
-423.0963 -510.5718 4451.1392 137 112 55
-418.9415 -509.8608 4444.9399 140 113 54
-415.9554 -510.5718 4451.1392 146 119 59
-413.5385 -512.0001 4463.5898 141 114 54
-409.9581 -512.0001 4463.5898 141 111 52
-407.5175 -513.4362 4476.1104 142 110 51
-403.3614 -512.7171 4469.8413 134 103 45
-400.3366 -513.4362 4476.1104 122 92 38
-396.7462 -513.4362 4476.1104 118 90 38
-393.1557 -513.4362 4476.1104 119 92 40
-389.5652 -513.4362 4476.1104 125 98 42
-386.5169 -514.1573 4482.3970 137 107 47
-382.9214 -514.1573 4482.3970 137 108 50
-379.3258 -514.1573 4482.3970 131 104 46
-375.7303 -514.1573 4482.3970 125 97 46
-372.6583 -514.8805 4488.7017 127 100 50
-369.0577 -514.8805 4488.7017 131 103 48
-365.4572 -514.8805 4488.7017 130 101 45
-361.8566 -514.8805 4488.7017 125 96 42
-358.2560 -514.8805 4488.7017 124 95 44
-354.6555 -514.8805 4488.7017 126 97 43
-351.5493 -515.6057 4495.0234 123 93 38
-347.9437 -515.6057 4495.0234 120 90 39
-344.3380 -515.6057 4495.0234 120 88 37
-341.2130 -516.3329 4501.3638 113 79 29
-337.6023 -516.3329 4501.3638 109 76 31
-333.9916 -516.3329 4501.3638 112 83 37
-329.9155 -515.6057 4495.0234 115 88 41
-326.3099 -515.6057 4495.0234 117 90 39
-322.7042 -515.6057 4495.0234 112 86 38
-319.0986 -515.6057 4495.0234 110 84 39
-315.4930 -515.6057 4495.0234 113 89 39
-311.8873 -515.6057 4495.0234 123 98 43
-308.2817 -515.6057 4495.0234 122 93 40
-305.1058 -516.3329 4501.3638 114 86 38
-301.4951 -516.3329 4501.3638 107 82 36
-297.8844 -516.3329 4501.3638 106 80 38
-294.2737 -516.3329 4501.3638 110 83 40
-290.6629 -516.3329 4501.3638 117 90 42
-287.0522 -516.3329 4501.3638 116 91 41
-283.4415 -516.3329 4501.3638 111 83 35
-279.4366 -515.6057 4495.0234 114 87 39
-276.2201 -516.3329 4501.3638 119 91 42
-272.6093 -516.3329 4501.3638 116 89 42
-268.9986 -516.3329 4501.3638 109 86 41
-265.3879 -516.3329 4501.3638 105 85 41
-261.7772 -516.3329 4501.3638 118 96 50
-258.1664 -516.3329 4501.3638 113 91 46
-254.5558 -516.3329 4501.3638 110 89 45
-250.9450 -516.3329 4501.3638 110 89 46
-247.3343 -516.3329 4501.3638 102 82 40
-243.3803 -515.6057 4495.0234 95 77 37
-240.1129 -516.3329 4501.3638 91 73 37
-236.1690 -515.6057 4495.0234 74 60 30
-232.5634 -515.6057 4495.0234 70 56 30
-228.9578 -515.6057 4495.0234 75 62 33
-225.6700 -516.3329 4501.3638 88 74 39
-222.0593 -516.3329 4501.3638 105 87 45
-218.4485 -516.3329 4501.3638 124 99 53
-214.5352 -515.6057 4495.0234 132 105 55
-211.5254 -517.0621 4507.7212 125 102 53
-207.9096 -517.0621 4507.7212 117 93 48
-204.2938 -517.0621 4507.7212 115 91 47
-200.6780 -517.0621 4507.7212 104 83 39
-197.0621 -517.0621 4507.7212 104 85 43
-193.1735 -516.3329 4501.3638 91 74 39
-189.8305 -517.0621 4507.7212 68 57 29
-186.2147 -517.0621 4507.7212 71 64 38
-182.5989 -517.0621 4507.7212 79 71 41
-179.2362 -517.7935 4514.0972 82 69 38
-175.8640 -518.5270 4520.4912 88 73 39
-172.2380 -518.5270 4520.4912 95 79 40
-168.6119 -518.5270 4520.4912 99 80 38
-164.9858 -518.5270 4520.4912 101 80 40
-161.5887 -519.2625 4526.9033 96 75 38
-157.7337 -518.5270 4520.4912 92 72 38
-154.3262 -519.2625 4526.9033 88 70 36
-150.6951 -519.2625 4526.9033 82 67 35
-147.0638 -519.2625 4526.9033 85 71 40
-143.4326 -519.2625 4526.9033 93 76 43
-139.8014 -519.2625 4526.9033 93 78 43
-136.3636 -520.0001 4533.3335 96 81 46
-132.5390 -519.2625 4526.9033 103 86 51
-129.0909 -520.0001 4533.3335 105 87 49
-125.2766 -519.2625 4526.9033 104 86 46
-121.6454 -519.2625 4526.9033 107 88 49
-118.1818 -520.0001 4533.3335 106 89 49
-114.3830 -519.2625 4526.9033 116 101 62
-110.9091 -520.0001 4533.3335 127 110 69
-107.1206 -519.2625 4526.9033 129 111 70
-103.4894 -519.2625 4526.9033 123 106 67
-99.8582 -519.2625 4526.9033 122 102 61
-96.2270 -519.2625 4526.9033 125 103 59
-92.7273 -520.0001 4533.3335 123 101 56
-89.0909 -520.0001 4533.3335 116 94 50
-85.4546 -520.0001 4533.3335 115 94 50
-81.8182 -520.0001 4533.3335 115 95 52
-78.2930 -520.7397 4539.7822 110 92 47
-74.6515 -520.7397 4539.7822 109 88 44
-71.0100 -520.7397 4539.7822 104 82 39
-67.3684 -520.7397 4539.7822 95 77 41
-63.6364 -520.0001 4533.3335 84 70 41
-60.0854 -520.7397 4539.7822 72 61 36
-56.4438 -520.7397 4539.7822 66 55 33
-52.7273 -520.0001 4533.3335 70 60 38
-49.2308 -521.4815 4546.2490 70 58 34
-45.5192 -520.7397 4539.7822 70 59 35
-41.9373 -521.4815 4546.2490 74 61 35
-38.2906 -521.4815 4546.2490 84 71 40
-34.6439 -521.4815 4546.2490 90 76 42
-31.0414 -522.2254 4552.7344 92 78 44
-27.3894 -522.2254 4552.7344 88 72 42
-23.6364 -520.0001 4533.3335 88 70 38
-19.9433 -518.5270 4520.4912 102 83 46
62.0022 -394.0582 3435.3787 151 157 161
90.6554 -386.9768 3373.6436 166 170 162
93.2629 -386.5681 3370.0811 154 158 150
95.7640 -385.7534 3362.9788 71 74 81
98.4615 -385.7534 3362.9788 40 42 61
101.0526 -385.3474 3359.4387 38 41 56
103.6383 -384.9422 3355.9062 39 41 58
105.8848 -383.3299 3341.8501 42 45 62
108.5655 -383.3299 3341.8501 34 38 54
111.3627 -383.7317 3345.3530 25 27 41
113.5699 -382.1295 3331.3850 26 28 41
116.2422 -382.1295 3331.3850 26 30 43
118.9144 -382.1295 3331.3850 33 36 45
121.4599 -381.7310 3327.9111 121 123 115
124.1293 -381.7310 3327.9111 148 150 136
126.7988 -381.7310 3327.9111 132 135 123
129.3333 -381.3333 3324.4446 124 126 121
132.1376 -381.7310 3327.9111 87 90 92
134.8071 -381.7310 3327.9111 96 99 98
137.1904 -380.9366 3320.9851 132 135 126
139.8543 -380.9366 3320.9851 134 137 127
142.5182 -380.9366 3320.9851 62 64 62
145.1821 -380.9366 3320.9851 43 43 47
147.8460 -380.9366 3320.9851 29 30 38
150.5099 -380.9366 3320.9851 26 27 33
153.1738 -380.9366 3320.9851 80 81 76
155.5140 -380.1454 3314.0879 137 138 122
158.1724 -380.1454 3314.0879 133 134 118
160.8307 -380.1454 3314.0879 113 112 103
163.1503 -379.3575 3307.2195 32 32 37
165.6315 -378.9648 3303.7959 23 24 34
168.6307 -379.7511 3310.6501 41 41 44
170.9317 -378.9648 3303.7959 115 115 103
173.4023 -378.5729 3300.3792 135 135 120
176.4145 -379.3575 3307.2195 119 119 107
178.8820 -378.9648 3303.7959 39 39 40
181.3444 -378.5729 3300.3792 21 22 29
184.3731 -379.3575 3307.2195 16 18 24
186.6391 -378.5729 3300.3792 18 19 23
195.1867 -379.7511 3310.6501 129 129 107
203.3645 -380.1454 3314.0879 117 117 96
206.2370 -380.5406 3317.5330 121 120 98
208.6812 -380.1454 3314.0879 103 101 84
211.5593 -380.5406 3317.5330 42 41 36
214.4433 -380.9366 3320.9851 20 20 23
216.6563 -380.1454 3314.0879 16 17 22
219.5426 -380.5406 3317.5330 15 17 20
222.6667 -381.3333 3324.4446 15 17 21
225.0989 -380.9366 3320.9851 17 18 22
228.0000 -381.3333 3324.4446 32 32 32
231.1483 -382.1295 3331.3850 94 94 79
233.5767 -381.7310 3327.9111 117 114 92
236.2461 -381.7310 3327.9111 112 109 90
239.1650 -382.1295 3331.3850 113 112 92
241.8372 -382.1295 3331.3850 104 102 85
244.5094 -382.1295 3331.3850 33 32 30
247.4399 -382.5288 3334.8660 16 16 21
250.1150 -382.5288 3334.8660 16 17 19
252.7900 -382.5288 3334.8660 16 17 20
255.7322 -382.9289 3338.3542 15 15 20
259.2235 -384.1343 3348.8633 14 15 20
261.6352 -383.7317 3345.3530 14 15 21
264.5960 -384.1343 3348.8633 14 15 20
267.2823 -384.1343 3348.8633 14 15 20
269.9685 -384.1343 3348.8633 15 15 20
351.8129 -428.1638 3732.7097 19 19 27
354.8070 -428.1638 3732.7097 20 20 28
356.1350 -426.1700 3715.3279 20 20 28
357.0370 -423.7037 3693.8271 19 19 27
360.4172 -424.1947 3698.1074 19 19 26
362.5434 -423.2139 3689.5569 18 19 25
366.3500 -424.1947 3698.1074 20 20 28
370.1743 -425.1800 3706.6978 24 23 31
373.5814 -425.6744 3711.0078 40 35 38
376.5582 -425.6744 3711.0078 109 77 61
378.6543 -424.6868 3702.3977 120 73 45
382.0674 -425.1800 3706.6978 112 68 36
586.9171 -572.8952 4994.4707 151 109 47
590.0001 -572.0001 4986.6670 149 108 47
593.0734 -571.1077 4978.8872 147 106 46
597.0671 -571.1077 4978.8872 143 104 46
600.1246 -570.2181 4971.1318 137 96 44
603.1727 -569.3313 4963.4009 112 69 31
606.2112 -568.4473 4955.6938 119 79 37
610.1864 -568.4473 4955.6938 116 78 32
613.2093 -567.5659 4948.0103 118 80 32
617.1783 -567.5659 4948.0103 120 82 33
620.1858 -566.6873 4940.3511 126 84 35
624.1487 -566.6873 4940.3511 126 80 33
628.1115 -566.6873 4940.3511 122 71 30
632.0743 -566.6873 4940.3511 123 65 29
636.0372 -566.6873 4940.3511 117 62 29
639.0109 -565.8115 4932.7153 125 74 37
641.9753 -564.9383 4925.1030 124 78 35
645.9260 -564.9383 4925.1030 126 84 33
648.8752 -564.0678 4917.5142 133 91 34
651.8154 -563.2000 4909.9487 137 94 36
655.7538 -563.2000 4909.9487 132 92 35
659.6923 -563.2000 4909.9487 128 87 34
661.5952 -561.4724 4894.8877 128 86 36
664.5023 -560.6126 4887.3916 126 83 35
668.4227 -560.6126 4887.3916 122 79 29
671.3150 -559.7554 4879.9185 120 77 29
675.2294 -559.7554 4879.9185 122 81 33
678.1069 -558.9008 4872.4683 126 85 36
682.0153 -558.9008 4872.4683 123 83 35
685.9237 -558.9008 4872.4683 111 73 29
689.8321 -558.9008 4872.4683 97 60 25
693.7405 -558.9008 4872.4683 116 72 37
696.5854 -558.0488 4865.0410 119 68 36
701.5573 -558.9008 4872.4683 84 50 22
705.4656 -558.9008 4872.4683 89 57 26
709.3741 -558.9008 4872.4683 87 50 22
713.2825 -558.9008 4872.4683 93 50 25
718.2875 -559.7554 4879.9185 97 51 26
722.2018 -559.7554 4879.9185 94 50 22
726.1162 -559.7554 4879.9185 101 59 24
728.9161 -558.9008 4872.4683 123 84 37
732.8245 -558.9008 4872.4683 128 92 40
737.8594 -559.7554 4879.9185 131 95 42
740.6413 -558.9008 4872.4683 133 95 44
744.5496 -558.9008 4872.4683 131 94 43
749.6025 -559.7554 4879.9185 132 96 43
753.5168 -559.7554 4879.9185 131 94 44
758.5911 -560.6126 4887.3916 119 83 37
762.5115 -560.6126 4887.3916 106 72 29
765.2599 -559.7554 4879.9185 103 71 30
769.1744 -559.7554 4879.9185 106 73 32
773.0887 -559.7554 4879.9185 113 79 35
778.1930 -560.6126 4887.3916 116 80 36
782.1133 -560.6126 4887.3916 102 68 28
786.0337 -560.6126 4887.3916 98 63 25
789.9541 -560.6126 4887.3916 99 60 24
793.8745 -560.6126 4887.3916 102 67 29
799.0184 -561.4724 4894.8877 115 82 37
802.9449 -561.4724 4894.8877 109 76 33
808.1107 -562.3349 4902.4067 105 69 30
812.0431 -562.3349 4902.4067 96 57 26
815.9755 -562.3349 4902.4067 92 50 23
819.9079 -562.3349 4902.4067 106 58 28
825.1077 -563.2000 4909.9487 110 61 30
829.0461 -563.2000 4909.9487 96 55 28
834.2681 -564.0678 4917.5142 81 49 21
839.5062 -564.9383 4925.1030 93 62 26
843.4568 -564.9383 4925.1030 105 69 28
848.7173 -565.8115 4932.7153 111 71 32
852.6740 -565.8115 4932.7153 119 79 36
857.9567 -566.6873 4940.3511 122 82 36
863.2559 -567.5659 4948.0103 122 83 36
867.2249 -567.5659 4948.0103 118 83 35
871.1938 -567.5659 4948.0103 113 78 33
-404.6797 -513.4263 4444.9399 133 104 46
-401.1143 -513.4263 4444.9399 132 101 41
-397.5488 -513.4263 4444.9399 133 101 43
-395.0838 -514.8604 4457.3560 132 102 44
-391.5084 -514.8604 4457.3560 119 93 39
-388.4756 -515.5804 4463.5898 120 96 44
-384.8951 -515.5804 4463.5898 128 102 49
-382.3843 -517.0267 4476.1104 124 99 44
-378.7939 -517.0267 4476.1104 113 92 40
-375.2034 -517.0267 4476.1104 104 82 38
-371.6129 -517.0267 4476.1104 107 84 43
-368.5393 -517.7529 4482.3970 110 87 44
-364.9438 -517.7529 4482.3970 113 90 44
-361.3483 -517.7529 4482.3970 115 93 46
-357.7528 -517.7529 4482.3970 110 89 42
-354.1573 -517.7529 4482.3970 103 80 36
-351.0549 -518.4811 4488.7017 109 83 38
-347.4543 -518.4811 4488.7017 118 89 39
-343.8538 -518.4811 4488.7017 117 86 33
-340.2532 -518.4811 4488.7017 112 79 31
-336.6526 -518.4811 4488.7017 109 78 32
-333.5211 -519.2113 4495.0234 108 81 34
-328.9888 -517.7529 4482.3970 107 81 35
-325.8510 -518.4811 4488.7017 105 79 33
-322.2504 -518.4811 4488.7017 112 85 37
-318.6498 -518.4811 4488.7017 110 83 36
-311.4487 -518.4811 4488.7017 111 87 39
-304.2476 -518.4811 4488.7017 97 70 31
-297.4648 -519.2113 4495.0234 91 67 28
-293.4459 -518.4811 4488.7017 95 72 32
-289.8453 -518.4811 4488.7017 98 77 35
-286.6479 -519.2113 4495.0234 106 82 38
-282.6442 -518.4811 4488.7017 110 85 37
-279.0436 -518.4811 4488.7017 113 88 41
-275.8310 -519.2113 4495.0234 112 88 41
-272.2254 -519.2113 4495.0234 107 85 40
-268.6197 -519.2113 4495.0234 105 85 43
-264.6414 -518.4811 4488.7017 110 91 48
-261.0408 -518.4811 4488.7017 114 95 50
-257.4402 -518.4811 4488.7017 115 96 50
-253.8397 -518.4811 4488.7017 113 95 50
-250.2391 -518.4811 4488.7017 105 88 46
-246.9859 -519.2113 4495.0234 97 81 42
-243.0380 -518.4811 4488.7017 91 76 38
-239.4374 -518.4811 4488.7017 85 70 35
-235.8369 -518.4811 4488.7017 75 61 33
-231.9101 -517.7529 4482.3970 68 55 31
-228.3146 -517.7529 4482.3970 69 58 32
-225.0352 -518.4811 4488.7017 75 65 35
-221.1236 -517.7529 4482.3970 79 68 36
-217.8340 -518.4811 4488.7017 96 80 41
-214.2335 -518.4811 4488.7017 117 97 51
-210.9296 -519.2113 4495.0234 121 99 52
-207.3239 -519.2113 4495.0234 120 101 56
-203.7183 -519.2113 4495.0234 112 93 50
-200.1127 -519.2113 4495.0234 102 85 41
-196.2307 -518.4811 4488.7017 105 87 44
-192.6301 -518.4811 4488.7017 98 79 39
-189.2958 -519.2113 4495.0234 78 63 30
-185.6901 -519.2113 4495.0234 79 67 39
-182.0845 -519.2113 4495.0234 84 72 40
-178.9831 -520.6780 4507.7212 96 82 46
-175.3672 -520.6780 4507.7212 95 80 41
-171.7514 -520.6780 4507.7212 102 85 44
-168.1356 -520.6780 4507.7212 104 87 44
-164.5198 -520.6780 4507.7212 95 80 40
-161.1315 -521.4144 4514.0972 90 74 40
-157.2881 -520.6780 4507.7212 87 70 38
-153.8897 -521.4144 4514.0972 84 69 35
-150.0565 -520.6780 4507.7212 87 74 39
-146.6478 -521.4144 4514.0972 89 76 41
-143.0269 -521.4144 4514.0972 100 83 46
-139.4059 -521.4144 4514.0972 102 84 43
-135.7850 -521.4144 4514.0972 107 88 46
-132.1641 -521.4144 4514.0972 111 91 48
-128.7252 -522.1530 4520.4912 109 92 48
-124.7458 -520.6780 4507.7212 111 92 50
-121.3013 -521.4144 4514.0972 112 93 50
-117.6803 -521.4144 4514.0972 107 91 49
-114.2210 -522.1530 4520.4912 112 97 56
-110.4385 -521.4144 4514.0972 118 101 60
-106.8175 -521.4144 4514.0972 118 100 58
-103.1966 -521.4144 4514.0972 115 97 56
-99.5757 -521.4144 4514.0972 116 97 54
-96.0907 -522.1530 4520.4912 121 101 56
-92.5957 -522.8937 4526.9033 120 101 55
-88.8385 -522.1530 4520.4912 121 100 54
-85.2125 -522.1530 4520.4912 118 98 52
-81.5864 -522.1530 4520.4912 113 94 48
-78.0709 -522.8937 4526.9033 114 95 49
-74.3343 -522.1530 4520.4912 112 92 48
-70.8085 -522.8937 4526.9033 106 87 46
-67.1773 -522.8937 4526.9033 101 83 46
-63.4561 -522.1530 4520.4912 93 75 43
-59.8300 -522.1530 4520.4912 86 71 40
-56.2040 -522.1530 4520.4912 83 70 38
-52.5035 -521.4144 4514.0972 78 66 36
-49.0213 -522.8937 4526.9033 70 58 31
-45.3258 -522.1530 4520.4912 75 62 32
-41.6997 -522.1530 4520.4912 77 63 32
-38.0198 -521.4144 4514.0972 84 69 36
-34.4476 -522.1530 4520.4912 89 73 38
-30.8653 -522.8937 4526.9033 89 72 37
-27.2340 -522.8937 4526.9033 89 72 39
-23.5361 -521.4144 4514.0972 92 75 40
90.5597 -389.2714 3370.0811 169 173 167
93.1646 -388.8608 3366.5261 151 155 151
95.7640 -388.4510 3362.9788 58 60 67
98.3579 -388.0421 3359.4387 31 32 47
100.9464 -387.6341 3355.9062 29 31 44
103.6383 -387.6341 3355.9062 28 31 45
105.8848 -386.0105 3341.8501 28 32 47
108.5655 -386.0105 3341.8501 26 30 46
111.3627 -386.4151 3345.3530 24 28 43
113.5699 -384.8017 3331.3850 25 28 43
116.2422 -384.8017 3331.3850 26 29 44
118.9144 -384.8017 3331.3850 31 34 43
121.4599 -384.4004 3327.9111 113 116 109
124.1293 -384.4004 3327.9111 143 145 132
126.7988 -384.4004 3327.9111 135 137 126
129.3333 -384.0000 3324.4446 104 105 104
132.1376 -384.4004 3327.9111 38 39 49
134.8071 -384.4004 3327.9111 40 41 49
137.0478 -383.2017 3317.5330 120 121 119
139.8543 -383.6004 3320.9851 149 151 143
142.5182 -383.6004 3320.9851 127 130 119
145.1821 -383.6004 3320.9851 84 86 84
147.8460 -383.6004 3320.9851 30 33 42
150.5099 -383.6004 3320.9851 24 25 33
153.1738 -383.6004 3320.9851 80 82 78
155.5140 -382.8037 3314.0879 137 139 123
158.1724 -382.8037 3314.0879 141 143 127
160.8307 -382.8037 3314.0879 119 122 112
163.1503 -382.0104 3307.2195 28 33 36
165.8031 -382.0104 3307.2195 20 22 31
168.6307 -382.4067 3310.6501 46 47 49
170.9317 -381.6150 3303.7959 122 122 108
173.5818 -381.6150 3303.7959 134 134 116
176.5975 -382.4067 3310.6501 118 118 106
178.8820 -381.6150 3303.7959 35 35 37
181.3444 -381.2203 3300.3792 21 22 29
184.3731 -382.0104 3307.2195 20 21 29
186.6391 -381.2203 3300.3792 21 22 27
194.9845 -382.0104 3307.2195 121 121 104
203.3645 -382.8037 3314.0879 104 106 90
206.2370 -383.2017 3317.5330 118 116 98
208.6812 -382.8037 3314.0879 110 108 91
211.3396 -382.8037 3314.0879 59 60 50
214.4433 -383.6004 3320.9851 32 33 29
216.6563 -382.8037 3314.0879 16 18 21
219.5426 -383.2017 3317.5330 14 17 20
222.6667 -384.0000 3324.4446 14 17 21
225.0989 -383.6004 3320.9851 15 15 19
228.0000 -384.0000 3324.4446 28 28 28
231.1483 -384.8017 3331.3850 100 100 86
233.3334 -384.0000 3324.4446 121 118 97
236.2461 -384.4004 3327.9111 115 112 92
239.1650 -384.8017 3331.3850 114 113 93
241.8372 -384.8017 3331.3850 100 98 80
244.5094 -384.8017 3331.3850 38 38 32
247.1817 -384.8017 3331.3850 16 16 20
250.1150 -385.2038 3334.8660 13 15 19
252.7900 -385.2038 3334.8660 12 15 19
255.7322 -385.6067 3338.3542 13 15 19
259.2235 -386.8206 3348.8633 13 14 20
261.6352 -386.4151 3345.3530 14 14 21
264.5960 -386.8206 3348.8633 14 15 20
267.2823 -386.8206 3348.8633 14 15 20
269.9685 -386.8206 3348.8633 14 15 20
351.8129 -431.1579 3732.7097 18 18 27
354.8070 -431.1579 3732.7097 19 18 27
356.1350 -429.1502 3715.3279 20 20 29
357.0370 -426.6667 3693.8271 18 18 26
360.4172 -427.1611 3698.1074 19 18 25
362.5434 -426.1734 3689.5569 19 19 26
366.3500 -427.1611 3698.1074 22 22 29
370.1743 -428.1534 3706.6978 26 24 32
373.5814 -428.6512 3711.0078 46 37 38
376.9965 -429.1502 3715.3279 134 93 67
379.0941 -428.1534 3706.6978 161 102 62
586.9171 -576.9014 4994.4707 124 81 40
590.0001 -576.0001 4986.6670 125 85 42
593.0734 -575.1014 4978.8872 128 89 42
597.0671 -575.1014 4978.8872 134 94 43
601.0609 -575.1014 4978.8872 133 89 40
603.1727 -573.3126 4963.4009 114 69 31
606.2112 -572.4224 4955.6938 118 77 35
610.1864 -572.4224 4955.6938 113 76 31
613.2093 -571.5349 4948.0103 116 80 33
617.1783 -571.5349 4948.0103 110 73 27
621.1473 -571.5349 4948.0103 124 86 37
624.1487 -570.6502 4940.3511 127 89 39
628.1115 -570.6502 4940.3511 130 92 42
632.0743 -570.6502 4940.3511 128 88 38
636.0372 -570.6502 4940.3511 132 83 38
639.0109 -569.7682 4932.7153 136 86 40
641.9753 -568.8889 4925.1030 130 87 37
645.9260 -568.8889 4925.1030 130 85 37
648.8752 -568.0124 4917.5142 121 75 34
652.8197 -568.0124 4917.5142 100 61 23
655.7538 -567.1385 4909.9487 107 67 25
659.6923 -567.1385 4909.9487 124 79 31
661.5952 -565.3988 4894.8877 128 83 33
664.5023 -564.5330 4887.3916 130 86 32
668.4227 -564.5330 4887.3916 129 87 32
672.3431 -564.5330 4887.3916 129 88 33
675.2294 -563.6697 4879.9185 127 85 33
679.1438 -563.6697 4879.9185 122 79 31
683.0581 -563.6697 4879.9185 116 73 29
685.9237 -562.8092 4872.4683 111 70 27
689.8321 -562.8092 4872.4683 101 61 25
694.8012 -563.6697 4879.9185 106 64 31
697.6489 -562.8092 4872.4683 128 77 39
701.5573 -562.8092 4872.4683 85 45 18
706.5444 -563.6697 4879.9185 90 59 29
710.4587 -563.6697 4879.9185 80 50 20
714.3731 -563.6697 4879.9185 74 42 16
718.2875 -563.6697 4879.9185 72 38 15
723.3079 -564.5330 4887.3916 91 50 20
727.2282 -564.5330 4887.3916 114 64 27
730.0306 -563.6697 4879.9185 119 70 27
733.9449 -563.6697 4879.9185 119 77 29
737.8594 -563.6697 4879.9185 117 80 32
741.7737 -563.6697 4879.9185 128 92 42
745.6880 -563.6697 4879.9185 126 91 43
750.7504 -564.5330 4887.3916 126 91 43
753.5168 -563.6697 4879.9185 125 89 40
758.5911 -564.5330 4887.3916 123 86 37
762.5115 -564.5330 4887.3916 125 88 40
765.2599 -563.6697 4879.9185 125 89 42
770.3522 -564.5330 4887.3916 123 89 41
774.2726 -564.5330 4887.3916 119 86 40
778.1930 -564.5330 4887.3916 111 76 35
782.1133 -564.5330 4887.3916 87 56 22
786.0337 -564.5330 4887.3916 94 60 27
791.1657 -565.3988 4894.8877 94 56 22
795.0920 -565.3988 4894.8877 107 73 31
799.0184 -565.3988 4894.8877 113 81 36
804.1782 -566.2673 4902.4067 104 72 31
808.1107 -566.2673 4902.4067 94 61 22
812.0431 -566.2673 4902.4067 96 55 22
817.2308 -567.1385 4909.9487 107 59 27
821.1693 -567.1385 4909.9487 105 59 30
825.1077 -567.1385 4909.9487 89 53 26
830.3236 -568.0124 4917.5142 76 47 20
834.2681 -568.0124 4917.5142 91 60 27
839.5062 -568.8889 4925.1030 106 71 32
844.7605 -569.7682 4932.7153 96 57 27
848.7173 -569.7682 4932.7153 92 50 27
853.9938 -570.6502 4940.3511 92 48 24
857.9567 -570.6502 4940.3511 101 54 29
863.2559 -571.5349 4948.0103 108 63 32
867.2249 -571.5349 4948.0103 113 70 33
871.1938 -571.5349 4948.0103 114 72 34
-379.7215 -516.9917 4444.9399 130 109 54
-376.1560 -516.9917 4444.9399 125 104 52
-372.5906 -516.9917 4444.9399 125 102 53
-369.5398 -517.7127 4451.1392 131 107 58
-366.9930 -519.1608 4463.5898 139 116 63
-363.4126 -519.1608 4463.5898 135 111 56
-359.3297 -518.4358 4457.3560 126 104 49
-356.2518 -519.1608 4463.5898 118 96 44
-353.1653 -519.8880 4469.8413 113 91 41
-350.0701 -520.6171 4476.1104 124 100 47
-346.4797 -520.6171 4476.1104 134 106 50
-342.8892 -520.6171 4476.1104 132 102 46
-338.3497 -519.1608 4463.5898 126 95 40
-271.8425 -522.0817 4488.7017 124 102 51
-263.8990 -520.6171 4476.1104 133 109 56
-260.3086 -520.6171 4476.1104 137 112 58
-256.7181 -520.6171 4476.1104 143 118 62
-253.1276 -520.6171 4476.1104 140 116 60
-249.5372 -520.6171 4476.1104 133 110 56
-246.2921 -521.3483 4482.3970 131 108 55
-242.3562 -520.6171 4476.1104 128 103 52
-238.7658 -520.6171 4476.1104 124 101 50
-235.1753 -520.6171 4476.1104 124 101 52
-230.9371 -519.1608 4463.5898 115 94 49
-226.7225 -517.7127 4451.1392 111 91 47
-223.4637 -518.4358 4457.3560 122 103 57
-219.5816 -517.7127 4451.1392 131 112 61
-216.3129 -518.4358 4457.3560 134 113 58
-212.7375 -518.4358 4457.3560 143 121 63
-210.3371 -521.3483 4482.3970 151 129 69
-206.7416 -521.3483 4482.3970 151 129 71
-203.1461 -521.3483 4482.3970 146 124 67
-199.2707 -520.6171 4476.1104 141 119 64
-195.4062 -519.8880 4469.8413 143 120 66
-178.4789 -522.8169 4495.0234 143 120 68
-174.8732 -522.8169 4495.0234 140 116 65
-171.2676 -522.8169 4495.0234 137 111 59
-167.6620 -522.8169 4495.0234 136 109 56
-164.0563 -522.8169 4495.0234 136 109 58
-160.4507 -522.8169 4495.0234 134 107 58
-139.2090 -524.2938 4507.7212 141 116 62
-135.4020 -523.5544 4501.3638 146 121 67
-131.7913 -523.5544 4501.3638 148 124 67
-128.3616 -524.2938 4507.7212 151 128 70
-124.3944 -522.8169 4495.0234 151 125 69
-106.6667 -524.2938 4507.7212 142 115 61
-103.0508 -524.2938 4507.7212 142 113 60
-99.4350 -524.2938 4507.7212 143 114 61
-95.8192 -524.2938 4507.7212 143 112 59
-92.3338 -525.0353 4514.0972 143 112 57
-88.5876 -524.2938 4507.7212 144 112 56
-84.9717 -524.2938 4507.7212 143 112 56
-81.4710 -525.0353 4514.0972 141 109 53
-77.8501 -525.0353 4514.0972 140 109 53
-70.6082 -525.0353 4514.0972 139 109 55
-66.8927 -524.2938 4507.7212 139 108 56
-63.1876 -523.5544 4501.3638 142 112 60
-19.2613 -507.7976 4365.8916 145 116 64
-15.7162 -506.4120 4353.9790 143 113 60
88.1356 -393.2203 3380.7910 133 138 137
90.5597 -391.9747 3370.0811 168 173 164
93.1646 -391.5612 3366.5261 149 153 148
95.6632 -390.7369 3359.4387 54 56 62
98.3579 -390.7369 3359.4387 29 31 45
100.9464 -390.3260 3355.9062 27 29 44
103.5294 -389.9160 3352.3811 28 30 46
105.8848 -388.6911 3341.8501 29 31 47
108.5655 -388.6911 3341.8501 29 33 50
111.3627 -389.0986 3345.3530 28 31 48
113.5699 -387.4739 3331.3850 25 28 44
116.2422 -387.4739 3331.3850 27 31 45
118.9144 -387.4739 3331.3850 31 34 42
121.4599 -387.0699 3327.9111 111 114 108
124.1293 -387.0699 3327.9111 149 151 140
126.7988 -387.0699 3327.9111 131 132 121
129.3333 -386.6667 3324.4446 95 96 94
132.1376 -387.0699 3327.9111 33 34 41
134.8071 -387.0699 3327.9111 34 34 41
137.0478 -385.8628 3317.5330 103 103 99
139.8543 -386.2643 3320.9851 146 149 138
142.5182 -386.2643 3320.9851 133 137 124
145.1821 -386.2643 3320.9851 92 96 94
147.8460 -386.2643 3320.9851 27 27 38
150.5099 -386.2643 3320.9851 23 24 33
153.1738 -386.2643 3320.9851 89 90 85
155.5140 -385.4621 3314.0879 128 130 114
158.1724 -385.4621 3314.0879 141 142 128
160.8307 -385.4621 3314.0879 112 113 105
163.1503 -384.6632 3307.2195 28 28 33
165.6315 -384.2650 3303.7959 22 22 31
168.6307 -385.0623 3310.6501 36 35 40
170.9317 -384.2650 3303.7959 105 106 96
173.4023 -383.8676 3300.3792 130 132 118
176.4145 -384.6632 3307.2195 116 116 105
178.8820 -384.2650 3303.7959 33 33 36
181.3444 -383.8676 3300.3792 22 22 29
184.3731 -384.6632 3307.2195 20 20 29
186.6391 -383.8676 3300.3792 20 19 27
194.9845 -384.6632 3307.2195 126 124 105
203.3645 -385.4621 3314.0879 87 87 77
206.0229 -385.4621 3314.0879 113 112 94
208.6812 -385.4621 3314.0879 127 124 103
211.3396 -385.4621 3314.0879 108 107 86
214.4433 -386.2643 3320.9851 88 87 71
216.4316 -385.0623 3310.6501 22 22 22
219.5426 -385.8628 3317.5330 15 17 20
222.6667 -386.6667 3324.4446 14 17 19
225.0989 -386.2643 3320.9851 15 16 18
228.0000 -386.6667 3324.4446 24 24 24
230.9072 -387.0699 3327.9111 85 85 74
233.3334 -386.6667 3324.4446 117 116 95
236.0000 -386.6667 3324.4446 116 115 93
238.9155 -387.0699 3327.9111 112 111 89
241.8372 -387.4739 3331.3850 98 97 81
244.2545 -387.0699 3327.9111 41 41 37
247.1817 -387.4739 3331.3850 15 16 19
250.1150 -387.8788 3334.8660 14 15 19
252.5261 -387.4739 3331.3850 14 16 18
255.4650 -387.8788 3334.8660 13 15 17
258.9518 -389.0986 3345.3530 14 14 19
261.3613 -388.6911 3341.8501 14 14 20
264.3187 -389.0986 3345.3530 15 14 20
267.2823 -389.5068 3348.8633 14 14 19
269.9685 -389.5068 3348.8633 12 14 19
351.8129 -434.1521 3732.7097 19 19 26
354.8070 -434.1521 3732.7097 17 19 24
356.5501 -432.6341 3719.6582 19 19 26
357.0370 -429.6296 3693.8271 20 19 28
360.8353 -430.6265 3702.3977 20 19 27
362.9630 -429.6296 3693.8271 22 21 29
366.7750 -430.6265 3702.3977 24 22 31
370.6047 -431.6279 3711.0078 26 24 30
374.0163 -432.1304 3715.3279 51 39 38
377.4359 -432.6341 3719.6582 146 108 71
379.9767 -432.1304 3715.3279 171 117 62
590.9233 -580.9077 4994.4707 130 80 39
594.0001 -580.0001 4986.6670 117 70 32
597.0671 -579.0952 4978.8872 99 55 23
601.0609 -579.0952 4978.8872 92 52 22
604.1122 -578.1932 4971.1318 94 53 26
607.1540 -577.2939 4963.4009 109 70 35
611.1354 -577.2939 4963.4009 110 74 33
614.1616 -576.3976 4955.6938 111 75 30
617.1783 -575.5039 4948.0103 113 75 26
621.1473 -575.5039 4948.0103 126 86 35
625.1163 -575.5039 4948.0103 125 86 35
629.0853 -575.5039 4948.0103 121 82 36
633.0543 -575.5039 4948.0103 129 83 38
636.0372 -574.6130 4940.3511 140 92 41
640.0001 -574.6130 4940.3511 133 90 37
642.9676 -573.7250 4932.7153 127 83 34
645.9260 -572.8395 4925.1030 127 80 37
648.8752 -571.9569 4917.5142 112 72 32
652.8197 -571.9569 4917.5142 103 62 24
655.7538 -571.0770 4909.9487 113 69 26
659.6923 -571.0770 4909.9487 101 52 20
662.6115 -570.1998 4902.4067 100 48 20
665.5215 -569.3252 4894.8877 106 55 25
668.4227 -568.4534 4887.3916 114 66 29
672.3431 -568.4534 4887.3916 120 73 29
675.2294 -567.5841 4879.9185 116 73 27
679.1438 -567.5841 4879.9185 111 70 27
683.0581 -567.5841 4879.9185 109 70 27
686.9725 -567.5841 4879.9185 105 69 28
690.8869 -567.5841 4879.9185 98 60 25
694.8012 -567.5841 4879.9185 97 58 25
697.6489 -566.7176 4872.4683 124 73 37
702.6300 -567.5841 4879.9185 94 47 20
706.5444 -567.5841 4879.9185 82 50 24
710.4587 -567.5841 4879.9185 86 54 23
714.3731 -567.5841 4879.9185 88 54 21
719.3875 -568.4534 4887.3916 105 58 23
723.3079 -568.4534 4887.3916 118 65 24
727.2282 -568.4534 4887.3916 125 77 28
731.1486 -568.4534 4887.3916 127 84 33
735.0690 -568.4534 4887.3916 117 78 30
738.9893 -568.4534 4887.3916 104 68 26
742.9097 -568.4534 4887.3916 90 52 22
745.6880 -567.5841 4879.9185 90 50 24
750.7504 -568.4534 4887.3916 95 55 27
754.6708 -568.4534 4887.3916 106 65 31
759.7546 -569.3252 4894.8877 112 71 32
762.5115 -568.4534 4887.3916 115 76 35
766.4319 -568.4534 4887.3916 115 77 34
770.3522 -568.4534 4887.3916 111 73 31
774.2726 -568.4534 4887.3916 107 72 31
778.1930 -568.4534 4887.3916 97 65 30
782.1133 -568.4534 4887.3916 81 50 20
786.0337 -568.4534 4887.3916 97 61 27
791.1657 -569.3252 4894.8877 99 59 26
795.0920 -569.3252 4894.8877 109 74 32
799.0184 -569.3252 4894.8877 97 66 29
804.1782 -570.1998 4902.4067 84 50 21
809.3539 -571.0770 4909.9487 103 57 26
812.0431 -570.1998 4902.4067 103 58 25
817.2308 -571.0770 4909.9487 98 58 29
821.1693 -571.0770 4909.9487 82 47 22
825.1077 -571.0770 4909.9487 77 47 20
830.3236 -571.9569 4917.5142 94 63 26
835.5556 -572.8395 4925.1030 109 76 32
840.8038 -573.7250 4932.7153 103 70 28
844.7605 -573.7250 4932.7153 95 60 24
848.7173 -573.7250 4932.7153 90 55 22
853.9938 -574.6130 4940.3511 91 54 23
857.9567 -574.6130 4940.3511 99 59 28
864.5963 -576.3976 4955.6938 105 63 31
867.2249 -575.5039 4948.0103 110 64 34
871.1938 -575.5039 4948.0103 114 65 35
-147.6255 -507.1370 4330.3481 143 111 58
-144.5442 -508.5171 4342.1318 143 110 56
-140.6784 -507.1370 4330.3481 141 105 52
-137.3913 -507.8261 4336.2319 139 103 52
-92.3338 -528.6563 4514.0972 132 96 46
-88.5876 -527.9096 4507.7212 137 103 53
-47.1487 -509.9045 4353.9790 134 105 51
-43.6562 -509.9045 4353.9790 134 103 50
-40.1637 -509.9045 4353.9790 132 99 46
-36.7213 -510.6011 4359.9272 130 97 43
-33.1787 -509.9045 4353.9790 132 98 46
-29.7268 -510.6011 4359.9272 133 100 48
-26.2654 -511.2996 4365.8916 129 93 41
-22.7322 -510.6011 4359.9272 123 87 39
-19.2350 -510.6011 4359.9272 124 89 44
-15.6948 -509.2099 4348.0474 131 97 49
88.0423 -395.5132 3377.2134 133 139 136
90.5597 -394.6779 3370.0811 173 178 170
93.1646 -394.2616 3366.5261 150 154 149
95.6632 -393.4316 3359.4387 47 49 54
98.3579 -393.4316 3359.4387 31 32 47
100.9464 -393.0179 3355.9062 28 31 45
103.5294 -392.6051 3352.3811 27 30 45
105.8848 -391.3718 3341.8501 29 32 48
108.5655 -391.3718 3341.8501 27 31 48
111.2461 -391.3718 3341.8501 26 30 46
113.5699 -390.1462 3331.3850 23 26 39
116.2422 -390.1462 3331.3850 27 29 40
118.9144 -390.1462 3331.3850 33 35 42
121.4599 -389.7393 3327.9111 119 121 116
124.1293 -389.7393 3327.9111 149 151 140
126.7988 -389.7393 3327.9111 132 134 121
129.1988 -388.9282 3320.9851 90 92 90
132.0000 -389.3334 3324.4446 29 31 41
134.6667 -389.3334 3324.4446 30 33 42
137.0478 -388.5239 3317.5330 98 99 94
139.8543 -388.9282 3320.9851 138 141 127
142.5182 -388.9282 3320.9851 125 127 116
145.1821 -388.9282 3320.9851 89 92 91
147.8460 -388.9282 3320.9851 26 28 39
150.3534 -388.5239 3317.5330 24 25 36
153.0146 -388.5239 3317.5330 79 79 77
155.5140 -388.1205 3314.0879 120 120 107
158.1724 -388.1205 3314.0879 133 134 121
160.8307 -388.1205 3314.0879 113 114 107
163.1503 -387.3161 3307.2195 28 28 31
165.8031 -387.3161 3307.2195 23 24 33
168.6307 -387.7179 3310.6501 33 34 39
170.9317 -386.9151 3303.7959 97 97 86
173.4023 -386.5150 3300.3792 131 131 115
176.4145 -387.3161 3307.2195 114 115 105
178.8820 -386.9151 3303.7959 31 30 34
181.3444 -386.5150 3300.3792 21 21 29
184.1822 -386.9151 3303.7959 18 18 28
186.6391 -386.5150 3300.3792 19 21 25
194.9845 -387.3161 3307.2195 121 119 98
203.1535 -387.7179 3310.6501 39 39 41
206.0229 -388.1205 3314.0879 78 77 69
208.4647 -387.7179 3310.6501 120 118 98
211.3396 -388.1205 3314.0879 117 115 94
214.2204 -388.5239 3317.5330 99 98 82
216.4316 -387.7179 3310.6501 27 26 27
219.5426 -388.5239 3317.5330 16 16 21
222.4350 -388.9282 3320.9851 15 15 21
224.8649 -388.5239 3317.5330 15 15 20
227.7628 -388.9282 3320.9851 19 19 22
230.9072 -389.7393 3327.9111 49 48 48
233.3334 -389.3334 3324.4446 84 84 74
236.0000 -389.3334 3324.4446 110 111 92
238.9155 -389.7393 3327.9111 109 108 90
241.5850 -389.7393 3327.9111 59 59 53
244.2545 -389.7393 3327.9111 23 23 26
247.1817 -390.1462 3331.3850 16 16 23
249.8539 -390.1462 3331.3850 16 15 22
252.5261 -390.1462 3331.3850 15 16 21
255.4650 -390.5538 3334.8660 14 15 19
258.9518 -391.7820 3345.3530 14 15 20
261.3613 -391.3718 3341.8501 12 15 20
264.0419 -391.3718 3341.8501 13 14 19
267.0021 -391.7820 3345.3530 14 15 19
351.4019 -436.6356 3728.3491 19 20 26
354.3925 -436.6356 3728.3491 17 19 25
356.5501 -435.6178 3719.6582 19 19 26
357.0370 -432.5926 3693.8271 20 20 28
361.2544 -434.0999 3706.6978 19 19 27
363.8051 -433.5963 3702.3977 22 22 30
367.6279 -434.6046 3711.0078 23 23 32
371.0361 -435.1106 3715.3279 25 26 32
374.4522 -435.6178 3719.6582 52 43 43
377.8763 -436.1261 3723.9985 128 97 62
380.4196 -435.6178 3719.6582 162 121 63
590.9233 -584.9140 4994.4707 122 68 34
594.0001 -584.0001 4986.6670 124 70 34
598.0001 -584.0001 4986.6670 132 79 38
601.0609 -583.0890 4978.8872 128 76 37
604.1122 -582.1807 4971.1318 110 62 27
607.1540 -581.2753 4963.4009 89 48 19
611.1354 -581.2753 4963.4009 86 52 24
614.1616 -580.3727 4955.6938 81 49 19
617.1783 -579.4729 4948.0103 87 54 19
621.1473 -579.4729 4948.0103 94 60 23
625.1163 -579.4729 4948.0103 108 69 29
629.0853 -579.4729 4948.0103 124 79 34
633.0543 -579.4729 4948.0103 137 91 38
636.0372 -578.5759 4940.3511 131 89 36
640.0001 -578.5759 4940.3511 122 78 32
642.9676 -577.6816 4932.7153 121 74 35
645.9260 -576.7902 4925.1030 102 64 28
648.8752 -575.9014 4917.5142 107 70 30
652.8197 -575.9014 4917.5142 117 76 30
655.7538 -575.0154 4909.9487 124 84 35
659.6923 -575.0154 4909.9487 121 80 34
662.6115 -574.1321 4902.4067 122 73 31
665.5215 -573.2516 4894.8877 123 67 30
668.4227 -572.3737 4887.3916 115 57 26
672.3431 -572.3737 4887.3916 113 56 25
676.2634 -572.3737 4887.3916 113 59 27
679.1438 -571.4985 4879.9185 112 60 27
683.0581 -571.4985 4879.9185 100 54 21
686.9725 -571.4985 4879.9185 77 43 14
690.8869 -571.4985 4879.9185 64 38 13
694.8012 -571.4985 4879.9185 72 40 18
698.7156 -571.4985 4879.9185 104 59 31
702.6300 -571.4985 4879.9185 96 48 24
707.6264 -572.3737 4887.3916 71 36 14
711.5468 -572.3737 4887.3916 97 54 23
715.4671 -572.3737 4887.3916 112 63 26
719.3875 -572.3737 4887.3916 119 69 28
723.3079 -572.3737 4887.3916 124 80 28
728.3436 -573.2516 4894.8877 117 77 30
731.1486 -572.3737 4887.3916 104 67 28
735.0690 -572.3737 4887.3916 101 63 28
738.9893 -572.3737 4887.3916 95 57 28
742.9097 -572.3737 4887.3916 91 54 26
746.8301 -572.3737 4887.3916 84 48 21
750.7504 -572.3737 4887.3916 85 47 22
754.6708 -572.3737 4887.3916 91 49 23
759.7546 -573.2516 4894.8877 98 52 25
763.6810 -573.2516 4894.8877 100 54 25
766.4319 -572.3737 4887.3916 108 59 28
770.3522 -572.3737 4887.3916 107 59 26
774.2726 -572.3737 4887.3916 93 50 19
778.1930 -572.3737 4887.3916 74 41 16
783.3130 -573.2516 4894.8877 75 45 19
787.2393 -573.2516 4894.8877 79 46 19
791.1657 -573.2516 4894.8877 88 53 23
795.0920 -573.2516 4894.8877 94 58 26
800.2458 -574.1321 4902.4067 94 53 23
804.1782 -574.1321 4902.4067 103 58 28
809.3539 -575.0154 4909.9487 98 56 29
812.0431 -574.1321 4902.4067 85 50 27
817.2308 -575.0154 4909.9487 73 43 20
821.1693 -575.0154 4909.9487 79 50 21
825.1077 -575.0154 4909.9487 101 69 30
830.3236 -575.9014 4917.5142 106 73 29
835.5556 -576.7902 4925.1030 108 77 32
840.8038 -577.6816 4932.7153 110 78 31
844.7605 -577.6816 4932.7153 113 79 31
848.7173 -577.6816 4932.7153 113 78 34
853.9938 -578.5759 4940.3511 109 75 30
857.9567 -578.5759 4940.3511 104 69 27
864.5963 -580.3727 4955.6938 100 64 26
867.2249 -579.4729 4948.0103 100 64 27
872.5466 -580.3727 4955.6938 105 66 31
-147.4255 -509.9187 4324.4805 129 94 46
-144.3478 -511.3044 4336.2319 130 95 45
-140.6784 -510.6106 4330.3481 131 96 44
-137.2049 -510.6106 4330.3481 127 92 39
-71.4014 -512.0001 4342.1318 136 107 54
-67.8261 -511.3044 4336.2319 138 109 56
-64.5232 -512.6976 4348.0474 134 104 52
-61.0354 -512.6976 4348.0474 132 101 50
-57.4694 -512.0001 4342.1318 130 99 47
-53.9864 -512.0001 4342.1318 128 98 48
-50.5722 -512.6976 4348.0474 130 98 49
-47.0204 -512.0001 4342.1318 129 99 48
-43.5374 -512.0001 4342.1318 128 98 48
-40.1090 -512.6976 4348.0474 126 96 45
-36.6213 -512.6976 4348.0474 120 89 39
-33.1335 -512.6976 4348.0474 123 92 43
-29.6862 -513.3970 4353.9790 127 96 47
-26.2295 -514.0984 4359.9272 121 88 37
-22.7012 -513.3970 4353.9790 120 86 36
-19.2087 -513.3970 4353.9790 122 88 41
-15.6735 -512.0001 4342.1318 128 96 48
85.6051 -399.4905 3387.9690 48 51 64
88.0423 -398.2222 3377.2134 138 143 141
90.4641 -396.9621 3366.5261 173 178 170
93.1646 -396.9621 3366.5261 149 154 148
95.6632 -396.1263 3359.4387 46 48 54
98.2545 -395.7098 3355.9062 30 33 47
100.8403 -395.2942 3352.3811 30 33 47
103.5294 -395.2942 3352.3811 29 32 47
105.7741 -393.6402 3338.3542 29 32 48
108.4519 -393.6402 3338.3542 31 34 48
111.2461 -394.0524 3341.8501 33 36 48
113.5699 -392.8184 3331.3850 26 28 40
116.2422 -392.8184 3331.3850 27 30 41
118.7904 -392.4088 3327.9111 35 37 45
121.4599 -392.4088 3327.9111 121 124 117
124.1293 -392.4088 3327.9111 150 153 141
126.7988 -392.4088 3327.9111 130 133 123
129.1988 -391.5921 3320.9851 82 84 84
132.0000 -392.0000 3324.4446 30 31 40
134.6667 -392.0000 3324.4446 28 31 39
137.0478 -391.1851 3317.5330 105 106 101
139.8543 -391.5921 3320.9851 141 143 131
142.5182 -391.5921 3320.9851 134 135 126
145.0312 -391.1851 3317.5330 89 92 92
147.6923 -391.1851 3317.5330 31 32 42
150.3534 -391.1851 3317.5330 25 26 36
153.0146 -391.1851 3317.5330 68 69 67
155.3527 -390.3734 3310.6501 133 134 120
158.1724 -390.7788 3314.0879 135 137 121
160.6639 -390.3734 3310.6501 111 115 106
163.1503 -389.9689 3307.2195 26 30 32
165.6315 -389.5652 3303.7959 21 22 30
168.6307 -390.3734 3310.6501 35 35 37
170.9317 -389.5652 3303.7959 113 113 99
173.4023 -389.1624 3300.3792 137 138 119
176.4145 -389.9689 3307.2195 123 124 112
178.6970 -389.1624 3300.3792 31 31 35
181.3444 -389.1624 3300.3792 22 22 29
184.1822 -389.5652 3303.7959 19 21 28
186.4463 -388.7603 3296.9697 20 22 27
189.2865 -389.1624 3300.3792 69 70 62
192.1325 -389.5652 3303.7959 113 114 94
194.7826 -389.5652 3303.7959 112 110 91
200.0828 -389.5652 3303.7959 24 23 26
202.9430 -389.9689 3307.2195 22 22 24
205.8091 -390.3734 3310.6501 69 70 61
208.4647 -390.3734 3310.6501 114 114 93
211.1203 -390.3734 3310.6501 115 113 92
213.9979 -390.7788 3314.0879 95 94 80
216.2073 -389.9689 3307.2195 24 23 24
219.3147 -390.7788 3314.0879 16 17 21
222.4350 -391.5921 3320.9851 15 16 21
224.8649 -391.1851 3317.5330 16 16 21
227.5260 -391.1851 3317.5330 15 16 21
230.6667 -392.0000 3324.4446 21 20 25
233.0905 -391.5921 3320.9851 70 69 62
235.7544 -391.5921 3320.9851 113 112 92
238.9155 -392.4088 3327.9111 109 108 89
241.5850 -392.4088 3327.9111 40 39 36
244.2545 -392.4088 3327.9111 15 16 20
247.1817 -392.8184 3331.3850 15 15 20
249.8539 -392.8184 3331.3850 15 15 20
252.5261 -392.8184 3331.3850 14 14 18
255.1984 -392.8184 3331.3850 13 14 18
258.9518 -394.4655 3345.3530 13 13 19
261.3613 -394.0524 3341.8501 13 15 20
264.0419 -394.0524 3341.8501 12 13 19
267.0021 -394.4655 3345.3530 14 14 19
351.4019 -439.6262 3728.3491 19 20 28
354.8070 -440.1404 3732.7097 18 20 27
356.5501 -438.6014 3719.6582 17 20 27
357.8655 -436.5661 3702.3977 19 19 26
361.6744 -437.5814 3711.0078 22 21 27
364.6512 -437.5814 3711.0078 22 22 30
368.0559 -438.0908 3715.3279 23 23 31
371.9020 -439.1132 3723.9985 25 25 32
374.8892 -439.1132 3723.9985 66 55 48
378.3178 -439.6262 3728.3491 137 105 65
594.9296 -588.9202 4994.4707 129 76 36
598.0001 -588.0001 4986.6670 128 72 36
602.0001 -588.0001 4986.6670 120 67 32
604.1122 -586.1682 4971.1318 118 66 32
607.1540 -585.2567 4963.4009 127 72 37
611.1354 -585.2567 4963.4009 124 71 34
614.1616 -584.3479 4955.6938 107 58 23
618.1367 -584.3479 4955.6938 80 42 14
621.1473 -583.4418 4948.0103 65 34 10
625.1163 -583.4418 4948.0103 107 69 35
629.0853 -583.4418 4948.0103 125 86 39
633.0543 -583.4418 4948.0103 121 81 32
637.0233 -583.4418 4948.0103 122 80 32
640.0001 -582.5388 4940.3511 118 72 34
642.9676 -581.6384 4932.7153 91 52 21
646.9243 -581.6384 4932.7153 102 66 28
649.8766 -580.7408 4925.1030 115 77 31
652.8197 -579.8459 4917.5142 116 77 32
656.7643 -579.8459 4917.5142 117 80 32
659.6923 -578.9539 4909.9487 121 84 35
662.6115 -578.0646 4902.4067 128 91 41
665.5215 -577.1780 4894.8877 132 93 42
669.4479 -577.1780 4894.8877 129 87 37
672.3431 -576.2941 4887.3916 124 75 30
676.2634 -576.2941 4887.3916 125 70 31
680.1838 -576.2941 4887.3916 119 63 26
683.0581 -575.4128 4879.9185 114 57 24
686.9725 -575.4128 4879.9185 108 57 26
690.8869 -575.4128 4879.9185 103 56 26
695.8652 -576.2941 4887.3916 89 49 21
698.7156 -575.4128 4879.9185 90 48 18
702.6300 -575.4128 4879.9185 109 56 26
707.6264 -576.2941 4887.3916 107 56 25
711.5468 -576.2941 4887.3916 106 59 25
715.4671 -576.2941 4887.3916 112 69 29
719.3875 -576.2941 4887.3916 118 76 30
724.4172 -577.1780 4894.8877 111 72 27
728.3436 -577.1780 4894.8877 98 60 25
732.2700 -577.1780 4894.8877 91 53 24
736.1964 -577.1780 4894.8877 92 50 25
740.1227 -577.1780 4894.8877 103 63 27
744.0491 -577.1780 4894.8877 116 78 34
747.9755 -577.1780 4894.8877 117 80 32
751.9019 -577.1780 4894.8877 113 76 29
755.8282 -577.1780 4894.8877 105 66 25
760.9217 -578.0646 4902.4067 96 57 22
764.8541 -578.0646 4902.4067 93 53 23
767.6074 -577.1780 4894.8877 100 56 26
771.5338 -577.1780 4894.8877 102 55 25
775.4601 -577.1780 4894.8877 103 55 25
779.3865 -577.1780 4894.8877 106 58 26
783.3130 -577.1780 4894.8877 106 59 26
787.2393 -577.1780 4894.8877 92 50 21
792.3810 -578.0646 4902.4067 87 47 20
795.0920 -577.1780 4894.8877 93 50 22
800.2458 -578.0646 4902.4067 93 50 24
804.1782 -578.0646 4902.4067 84 47 23
809.3539 -578.9539 4909.9487 75 44 22
813.2924 -578.9539 4909.9487 74 45 20
817.2308 -578.9539 4909.9487 87 56 25
821.1693 -578.9539 4909.9487 95 62 29
826.3790 -579.8459 4917.5142 96 65 29
830.3236 -579.8459 4917.5142 102 71 31
835.5556 -580.7408 4925.1030 109 76 35
840.8038 -581.6384 4932.7153 110 75 32
846.0682 -582.5388 4940.3511 112 78 35
850.0310 -582.5388 4940.3511 106 71 28
853.9938 -582.5388 4940.3511 110 73 29
857.9567 -582.5388 4940.3511 118 81 34
864.5963 -584.3479 4955.6938 121 85 35
868.5715 -584.3479 4955.6938 115 80 32
872.5466 -584.3479 4955.6938 108 73 30
-147.2260 -512.6929 4318.6289 128 93 45
-144.1520 -514.0841 4330.3481 129 92 44
-140.4878 -513.3876 4324.4805 130 97 47
-137.2049 -514.0841 4330.3481 128 95 44
-133.9130 -514.7826 4336.2319 126 93 42
-85.3333 -515.4830 4342.1318 136 106 55
-81.5176 -513.3876 4324.4805 132 102 52
-77.9432 -512.6929 4318.6289 131 102 51
-74.7826 -514.7826 4336.2319 134 107 56
-71.2076 -514.0841 4330.3481 136 106 56
-67.6423 -513.3876 4324.4805 134 105 53
-64.3478 -514.7826 4336.2319 133 102 50
-60.8696 -514.7826 4336.2319 130 99 49
-57.3134 -514.0841 4330.3481 128 98 48
-53.9130 -514.7826 4336.2319 126 96 47
-50.4348 -514.7826 4336.2319 128 98 49
-46.8928 -514.0841 4330.3481 126 95 47
-43.4783 -514.7826 4336.2319 126 96 47
-40.0000 -514.7826 4336.2319 125 96 46
-36.5714 -515.4830 4342.1318 119 89 39
-33.0435 -514.7826 4336.2319 123 90 42
-29.6054 -515.4830 4342.1318 126 95 44
-26.1937 -516.8895 4353.9790 119 87 38
-22.6703 -516.1853 4348.0474 118 86 38
-19.1826 -516.1853 4348.0474 121 89 41
-15.6522 -514.7826 4336.2319 121 91 42
67.2961 -406.5236 3424.3206 77 80 91
69.8929 -405.6531 3416.9880 135 139 143
75.2941 -405.2193 3413.3335 68 70 83
78.0321 -405.2193 3413.3335 140 144 148
83.0638 -403.0639 3395.1775 82 84 90
85.6961 -402.6355 3391.5693 48 50 64
88.0423 -400.9312 3377.2134 137 142 141
90.4641 -399.6625 3366.5261 171 177 168
93.1646 -399.6625 3366.5261 146 151 147
95.6632 -398.8211 3359.4387 48 51 59
98.2545 -398.4017 3355.9062 29 33 49
100.8403 -397.9832 3352.3811 30 34 49
103.4208 -397.5656 3348.8633 33 35 50
105.7741 -396.3180 3338.3542 68 69 74
108.4519 -396.3180 3338.3542 88 92 87
111.2461 -396.7330 3341.8501 86 91 85
113.5699 -395.4906 3331.3850 42 46 50
116.2422 -395.4906 3331.3850 26 30 39
118.7904 -395.0782 3327.9111 33 36 44
121.3333 -394.6667 3324.4446 109 113 109
124.1293 -395.0782 3327.9111 142 145 137
126.6667 -394.6667 3324.4446 137 140 130
129.1988 -394.2560 3320.9851 81 84 85
132.0000 -394.6667 3324.4446 31 31 42
134.6667 -394.6667 3324.4446 29 31 41
137.0478 -393.8462 3317.5330 101 102 100
139.7090 -393.8462 3317.5330 142 145 134
142.3701 -393.8462 3317.5330 134 137 126
145.0312 -393.8462 3317.5330 90 94 92
147.6923 -393.8462 3317.5330 28 31 41
150.3534 -393.8462 3317.5330 22 26 36
153.0146 -393.8462 3317.5330 70 72 68
155.3527 -393.0291 3310.6501 133 134 121
158.1724 -393.4372 3314.0879 140 141 126
160.6639 -393.0291 3310.6501 113 114 105
163.1503 -392.6218 3307.2195 27 30 33
165.6315 -392.2153 3303.7959 20 23 30
168.4560 -392.6218 3307.2195 42 43 43
170.7549 -391.8098 3300.3792 112 112 98
173.4023 -391.8098 3300.3792 137 138 120
176.2319 -392.2153 3303.7959 114 115 103
178.6970 -391.8098 3300.3792 33 32 35
181.1570 -391.4050 3296.9697 22 23 30
183.9917 -391.8098 3300.3792 20 21 30
186.4463 -391.4050 3296.9697 20 20 27
189.0909 -391.4050 3296.9697 65 66 60
191.9338 -391.8098 3300.3792 115 115 96
194.7826 -392.2153 3303.7959 121 119 102
197.4327 -392.2153 3303.7959 94 93 82
200.0828 -392.2153 3303.7959 23 23 26
202.9430 -392.6218 3307.2195 21 20 23
205.5959 -392.6218 3307.2195 63 64 56
208.2487 -392.6218 3307.2195 113 113 95
210.9016 -392.6218 3307.2195 118 117 97
213.9979 -393.4372 3314.0879 96 94 81
216.2073 -392.6218 3307.2195 24 23 24
219.3147 -393.4372 3314.0879 15 17 20
222.4350 -394.2560 3320.9851 15 17 21
224.8649 -393.8462 3317.5330 15 16 20
227.5260 -393.8462 3317.5330 13 15 20
230.6667 -394.6667 3324.4446 16 17 20
233.0905 -394.2560 3320.9851 62 63 56
235.7544 -394.2560 3320.9851 115 115 95
238.6667 -394.6667 3324.4446 112 111 92
241.5850 -395.0782 3327.9111 39 39 34
244.2545 -395.0782 3327.9111 15 15 19
247.1817 -395.4906 3331.3850 14 14 20
249.8539 -395.4906 3331.3850 15 15 20
252.5261 -395.4906 3331.3850 15 15 20
255.4650 -395.9039 3334.8660 14 15 20
258.9518 -397.1489 3345.3530 14 15 20
261.3613 -396.7330 3341.8501 15 15 20
263.7657 -396.3180 3338.3542 15 16 21
267.0021 -397.1489 3345.3530 15 15 20
319.2905 -420.0443 3538.2114 16 19 24
350.9919 -442.1004 3723.9985 19 20 27
354.3925 -442.6169 3728.3491 18 19 25
356.1350 -441.0710 3715.3279 17 20 26
358.2811 -440.0465 3706.6978 20 20 28
362.0955 -441.0710 3715.3279 23 22 30
365.0757 -441.0710 3715.3279 21 21 29
368.9148 -442.1004 3723.9985 21 22 31
372.3365 -442.6169 3728.3491 26 25 34
375.7661 -443.1346 3732.7097 75 60 50
379.2038 -443.6534 3737.0806 161 130 86
594.9296 -592.9265 4994.4707 146 104 45
598.9359 -592.9265 4994.4707 138 91 37
602.0001 -592.0001 4986.6670 133 82 36
605.0546 -591.0765 4978.8872 127 75 35
608.0997 -590.1558 4971.1318 116 66 31
611.1354 -589.2380 4963.4009 106 58 26
614.1616 -588.3231 4955.6938 113 62 30
618.1367 -588.3231 4955.6938 126 71 34
622.1118 -588.3231 4955.6938 127 72 33
626.0870 -588.3231 4955.6938 121 69 30
629.0853 -587.4108 4948.0103 106 60 21
633.0543 -587.4108 4948.0103 104 61 23
637.0233 -587.4108 4948.0103 106 62 30
640.0001 -586.5016 4940.3511 66 34 12
642.9676 -585.5951 4932.7153 86 55 25
646.9243 -585.5951 4932.7153 95 60 25
649.8766 -584.6914 4925.1030 106 70 28
653.8272 -584.6914 4925.1030 120 82 32
656.7643 -583.7905 4917.5142 121 83 31
660.7088 -583.7905 4917.5142 125 86 33
663.6308 -582.8923 4909.9487 129 92 40
666.5438 -581.9969 4902.4067 126 89 37
669.4479 -581.1043 4894.8877 126 89 37
673.3743 -581.1043 4894.8877 125 87 35
676.2634 -580.2144 4887.3916 129 90 38
680.1838 -580.2144 4887.3916 129 87 36
684.1041 -580.2144 4887.3916 123 76 31
688.0245 -580.2144 4887.3916 118 67 28
691.9449 -580.2144 4887.3916 115 62 26
695.8652 -580.2144 4887.3916 111 58 25
699.7856 -580.2144 4887.3916 112 58 25
703.7060 -580.2144 4887.3916 114 61 28
707.6264 -580.2144 4887.3916 108 60 28
712.6381 -581.1043 4894.8877 105 61 24
716.5645 -581.1043 4894.8877 102 61 23
720.4908 -581.1043 4894.8877 91 54 22
724.4172 -581.1043 4894.8877 76 45 18
728.3436 -581.1043 4894.8877 69 39 20
732.2700 -581.1043 4894.8877 73 40 20
737.3272 -581.9969 4902.4067 91 58 26
741.2596 -581.9969 4902.4067 104 68 28
745.1921 -581.9969 4902.4067 109 68 25
749.1245 -581.9969 4902.4067 111 70 23
753.0569 -581.9969 4902.4067 115 75 27
756.9893 -581.9969 4902.4067 120 79 32
762.0923 -582.8923 4909.9487 120 81 32
764.8541 -581.9969 4902.4067 116 79 29
768.7865 -581.9969 4902.4067 104 67 24
772.7189 -581.9969 4902.4067 92 56 20
776.6514 -581.9969 4902.4067 89 53 22
780.5838 -581.9969 4902.4067 92 53 25
784.5162 -581.9969 4902.4067 100 57 26
788.4486 -581.9969 4902.4067 100 56 25
792.3810 -581.9969 4902.4067 102 58 28
796.3134 -581.9969 4902.4067 104 60 27
801.4769 -582.8923 4909.9487 101 57 25
805.4154 -582.8923 4909.9487 86 47 21
809.3539 -582.8923 4909.9487 84 50 24
813.2924 -582.8923 4909.9487 83 53 23
818.4900 -583.7905 4917.5142 63 39 14
822.4345 -583.7905 4917.5142 67 45 19
826.3790 -583.7905 4917.5142 85 59 26
831.6050 -584.6914 4925.1030 96 66 30
836.8470 -585.5951 4932.7153 103 71 32
840.8038 -585.5951 4932.7153 108 74 34
846.0682 -586.5016 4940.3511 114 80 36
850.0310 -586.5016 4940.3511 116 82 37
855.3179 -587.4108 4948.0103 116 81 36
859.2869 -587.4108 4948.0103 118 82 37
865.9410 -589.2380 4963.4009 118 83 35
868.5715 -588.3231 4955.6938 117 82 36
873.9036 -589.2380 4963.4009 109 75 29
-146.8286 -514.7639 4306.9727 126 93 43
-143.5676 -515.4595 4312.7930 133 99 47
-140.1081 -515.4595 4312.7930 133 99 47
-136.6487 -515.4595 4312.7930 132 99 46
-133.1892 -515.4595 4312.7930 129 96 44
-126.2703 -515.4595 4312.7930 127 93 43
-122.8108 -515.4595 4312.7930 128 94 43
-119.8372 -517.5577 4330.3481 130 95 45
-116.0487 -516.1570 4318.6289 129 95 45
-112.5846 -516.1570 4318.6289 132 98 47
-109.1204 -516.1570 4318.6289 128 94 44
-105.7995 -516.8563 4324.4805 125 93 43
-102.0541 -515.4595 4312.7930 124 93 43
-98.8618 -516.8563 4324.4805 127 95 43
-95.5224 -517.5577 4330.3481 130 96 44
-91.9241 -516.8563 4324.4805 129 95 43
-88.4553 -516.8563 4324.4805 126 93 43
-85.1018 -517.5577 4330.3481 127 95 48
-81.4073 -516.1570 4318.6289 124 93 46
-77.8378 -515.4595 4312.7930 126 97 48
-74.5799 -516.8563 4324.4805 128 98 49
-71.1111 -516.8563 4324.4805 132 101 51
-67.5508 -516.1570 4318.6289 132 101 51
-64.2605 -517.5577 4330.3481 132 100 51
-60.7870 -517.5577 4330.3481 128 96 46
-57.2358 -516.8563 4324.4805 126 94 45
-53.8399 -517.5577 4330.3481 125 93 45
-50.3663 -517.5577 4330.3481 123 91 43
-46.8293 -516.8563 4324.4805 119 87 41
-43.3604 -516.8563 4324.4805 119 86 40
-39.9457 -517.5577 4330.3481 120 88 42
-36.4722 -517.5577 4330.3481 113 83 36
-32.9539 -516.8563 4324.4805 115 84 38
-29.5652 -518.2609 4336.2319 114 82 37
-26.1580 -519.6730 4348.0474 110 77 32
-22.6395 -518.9660 4342.1318 110 77 34
-19.1565 -518.9660 4342.1318 110 78 35
-15.6309 -517.5577 4330.3481 111 78 33
67.2961 -409.2704 3424.3206 95 99 109
69.8929 -408.3940 3416.9880 168 174 171
75.2941 -407.9572 3413.3335 106 110 112
77.9487 -407.5214 3409.6868 140 145 141
83.0638 -405.7873 3395.1775 86 89 96
85.6051 -404.9257 3387.9690 50 53 69
87.9493 -403.2136 3373.6436 128 132 132
90.4641 -402.3629 3366.5261 170 174 167
93.0664 -401.9389 3362.9788 144 148 145
95.5626 -401.0936 3355.9062 51 55 64
98.1513 -400.6723 3352.3811 31 35 51
100.7345 -400.2519 3348.8633 32 37 52
103.4208 -400.2519 3348.8633 41 45 55
105.7741 -398.9958 3338.3542 127 132 126
108.4519 -398.9958 3338.3542 156 160 151
111.1297 -398.9958 3338.3542 145 149 140
113.4515 -397.7477 3327.9111 61 62 66
116.2422 -398.1629 3331.3850 31 32 43
118.7904 -397.7477 3327.9111 34 35 44
121.3333 -397.3334 3324.4446 115 115 110
124.0000 -397.3334 3324.4446 151 154 143
126.6667 -397.3334 3324.4446 145 147 138
129.1988 -396.9199 3320.9851 79 80 80
132.0000 -397.3334 3324.4446 31 30 40
134.6667 -397.3334 3324.4446 30 33 43
137.0478 -396.5073 3317.5330 106 108 104
139.7090 -396.5073 3317.5330 145 148 134
142.3701 -396.5073 3317.5330 136 138 127
145.0312 -396.5073 3317.5330 94 97 95
147.6923 -396.5073 3317.5330 28 30 40
150.3534 -396.5073 3317.5330 23 26 36
153.0146 -396.5073 3317.5330 78 79 74
155.3527 -395.6847 3310.6501 124 125 108
158.0083 -395.6847 3310.6501 136 138 121
160.6639 -395.6847 3310.6501 121 122 112
162.9814 -394.8654 3303.7959 26 28 31
165.6315 -394.8654 3303.7959 20 23 29
168.4560 -395.2746 3307.2195 46 48 47
170.7549 -394.4571 3300.3792 114 115 99
173.4023 -394.4571 3300.3792 134 134 115
176.2319 -394.8654 3303.7959 118 118 105
178.5124 -394.0496 3296.9697 33 33 34
181.1570 -394.0496 3296.9697 21 21 27
183.9917 -394.4571 3300.3792 19 20 27
186.4463 -394.0496 3296.9697 20 20 25
189.0909 -394.0496 3296.9697 65 65 60
191.9338 -394.4571 3300.3792 117 118 99
194.5812 -394.4571 3300.3792 124 123 104
197.2285 -394.4571 3300.3792 98 99 85
200.0828 -394.8654 3303.7959 22 23 24
202.7329 -394.8654 3303.7959 18 18 22
205.5959 -395.2746 3307.2195 54 55 50
208.2487 -395.2746 3307.2195 105 105 87
210.9016 -395.2746 3307.2195 116 115 93
213.7760 -395.6847 3310.6501 98 97 81
216.2073 -395.2746 3307.2195 24 24 23
219.0871 -395.6847 3310.6501 14 16 20
222.2038 -396.5073 3317.5330 13 16 20
224.6314 -396.0956 3314.0879 14 14 19
227.2897 -396.0956 3314.0879 14 15 20
230.4267 -396.9199 3320.9851 16 16 19
232.8482 -396.5073 3317.5330 60 61 52
235.7544 -396.9199 3320.9851 114 114 91
238.6667 -397.3334 3324.4446 112 111 90
241.3334 -397.3334 3324.4446 37 37 32
244.2545 -397.7477 3327.9111 15 16 20
246.9239 -397.7477 3327.9111 14 15 20
249.5933 -397.7477 3327.9111 13 15 19
252.2628 -397.7477 3327.9111 15 15 20
255.1984 -398.1629 3331.3850 16 15 21
258.9518 -399.8323 3345.3530 15 15 20
261.0879 -398.9958 3338.3542 14 14 19
263.7657 -398.9958 3338.3542 14 15 19
267.2823 -400.2519 3348.8633 13 15 19
290.7212 -410.5920 3435.3787 14 14 20
293.1613 -410.1505 3431.6846 15 14 21
313.2669 -422.4142 3534.2932 16 17 22
316.8036 -423.3518 3542.1384 15 17 22
320.0000 -423.8223 3546.0742 15 18 23
353.5665 -444.5688 3719.6582 18 18 26
354.8956 -442.5058 3702.3977 18 19 26
357.8655 -442.5058 3702.3977 20 20 27
362.5175 -444.5688 3719.6582 20 20 27
365.9277 -445.0876 3723.9985 21 20 28
369.3458 -445.6075 3728.3491 22 22 30
372.7720 -446.1287 3732.7097 29 26 33
375.7661 -446.1287 3732.7097 77 60 51
379.2038 -446.6511 3737.0806 141 99 69
382.2014 -446.6511 3737.0806 161 117 77
598.9359 -596.9327 4994.4707 150 111 47
602.9421 -596.9327 4994.4707 148 108 46
605.0546 -595.0703 4978.8872 143 100 42
608.0997 -594.1433 4971.1318 134 88 36
612.0873 -594.1433 4971.1318 122 74 31
615.1167 -593.2194 4963.4009 115 65 29
618.1367 -592.2982 4955.6938 110 63 28
622.1118 -592.2982 4955.6938 109 65 29
626.0870 -592.2982 4955.6938 118 68 31
630.0622 -592.2982 4955.6938 129 74 34
634.0374 -592.2982 4955.6938 129 75 37
637.0233 -591.3798 4948.0103 110 60 23
640.9922 -591.3798 4948.0103 87 47 17
643.9629 -590.4644 4940.3511 67 34 11
646.9243 -589.5518 4932.7153 45 26 8
650.8810 -589.5518 4932.7153 55 35 15
653.8272 -588.6420 4925.1030 87 58 26
656.7643 -587.7350 4917.5142 116 78 34
660.7088 -587.7350 4917.5142 129 87 34
663.6308 -586.8308 4909.9487 131 88 33
667.5693 -586.8308 4909.9487 129 88 32
670.4763 -585.9294 4902.4067 126 88 34
674.4086 -585.9294 4902.4067 121 84 32
677.3007 -585.0307 4894.8877 120 83 34
681.2271 -585.0307 4894.8877 119 81 34
684.1041 -584.1348 4887.3916 122 85 37
688.0245 -584.1348 4887.3916 124 86 36
691.9449 -584.1348 4887.3916 122 83 35
696.9326 -585.0307 4894.8877 120 77 32
699.7856 -584.1348 4887.3916 118 69 29
703.7060 -584.1348 4887.3916 114 64 28
708.7117 -585.0307 4894.8877 113 59 28
712.6381 -585.0307 4894.8877 117 61 29
716.5645 -585.0307 4894.8877 117 65 30
720.4908 -585.0307 4894.8877 103 57 25
725.5300 -585.9294 4902.4067 81 43 18
729.4624 -585.9294 4902.4067 48 23 7
733.3948 -585.9294 4902.4067 34 20 6
737.3272 -585.9294 4902.4067 48 31 11
741.2596 -585.9294 4902.4067 76 49 19
745.1921 -585.9294 4902.4067 98 64 26
749.1245 -585.9294 4902.4067 111 72 28
754.2154 -586.8308 4909.9487 118 78 29
756.9893 -585.9294 4902.4067 119 78 28
762.0923 -586.8308 4909.9487 113 72 25
766.0308 -586.8308 4909.9487 110 71 25
769.9693 -586.8308 4909.9487 111 73 29
772.7189 -585.9294 4902.4067 106 70 29
777.8462 -586.8308 4909.9487 95 61 24
780.5838 -585.9294 4902.4067 91 57 23
785.7231 -586.8308 4909.9487 93 59 25
789.6616 -586.8308 4909.9487 91 55 22
793.6000 -586.8308 4909.9487 88 50 21
797.5385 -586.8308 4909.9487 88 48 22
801.4769 -586.8308 4909.9487 89 49 22
806.6564 -587.7350 4917.5142 95 54 26
810.6010 -587.7350 4917.5142 101 59 29
814.5455 -587.7350 4917.5142 95 56 26
818.4900 -587.7350 4917.5142 79 47 19
822.4345 -587.7350 4917.5142 62 38 15
827.6544 -588.6420 4925.1030 51 31 11
831.6050 -588.6420 4925.1030 57 34 12
836.8470 -589.5518 4932.7153 71 45 18
842.1053 -590.4644 4940.3511 86 56 24
846.0682 -590.4644 4940.3511 103 71 32
851.3489 -591.3798 4948.0103 112 80 36
855.3179 -591.3798 4948.0103 118 85 39
859.2869 -591.3798 4948.0103 118 83 39
865.9410 -593.2194 4963.4009 114 81 38
869.9223 -593.2194 4963.4009 114 78 35
875.2649 -594.1433 4971.1318 111 77 34
-146.4334 -516.8238 4295.3794 160 132 65
-143.3738 -518.2186 4306.9727 163 133 64
-139.9190 -518.2186 4306.9727 164 133 65
-136.4642 -518.2186 4306.9727 162 133 64
-132.8302 -517.5202 4301.1680 161 134 67
-129.5547 -518.2186 4306.9727 159 131 66
-125.7604 -516.8238 4295.3794 159 131 64
-122.4798 -517.5202 4301.1680 159 130 65
-119.1903 -518.2186 4306.9727 157 127 64
-115.5795 -517.5202 4301.1680 156 126 63
-112.2807 -518.2186 4306.9727 162 131 66
-108.8259 -518.2186 4306.9727 161 130 64
-105.5135 -518.9189 4312.7930 164 136 72
-101.9163 -518.2186 4306.9727 167 141 77
-98.5946 -518.9189 4312.7930 169 143 78
-95.2639 -519.6211 4318.6289 168 140 74
-91.7997 -519.6211 4318.6289 164 136 70
-88.2162 -518.9189 4312.7930 165 137 73
-84.8715 -519.6211 4318.6289 164 137 73
-81.4073 -519.6211 4318.6289 163 136 69
-77.8378 -518.9189 4312.7930 169 143 75
-74.5799 -520.3252 4324.4805 170 143 77
-71.0149 -519.6211 4318.6289 171 144 78
-67.5508 -519.6211 4318.6289 168 140 72
-64.1734 -520.3252 4324.4805 166 138 71
-60.7046 -520.3252 4324.4805 165 138 72
-57.2358 -520.3252 4324.4805 167 140 76
-53.7669 -520.3252 4324.4805 166 139 76
-50.2981 -520.3252 4324.4805 166 139 76
-46.7659 -519.6211 4318.6289 166 140 75
-43.3018 -519.6211 4318.6289 167 140 75
-39.8916 -520.3252 4324.4805 168 142 76
-36.4228 -520.3252 4324.4805 168 141 74
-32.9093 -519.6211 4318.6289 164 136 67
-29.4851 -520.3252 4324.4805 162 131 61
-26.0870 -521.7392 4336.2319 160 126 58
-22.5780 -521.0312 4330.3481 156 123 55
-19.1045 -521.0312 4330.3481 153 120 52
-15.6098 -520.3252 4324.4805 153 120 52
67.2961 -412.0172 3424.3206 115 121 132
69.8182 -410.6952 3413.3335 187 194 190
72.4786 -410.2564 3409.6868 190 195 190
75.2137 -410.2564 3409.6868 179 184 179
77.9487 -410.2564 3409.6868 177 183 177
80.4260 -408.9457 3398.7932 176 182 177
82.9756 -408.0765 3391.5693 90 94 99
85.6051 -407.6433 3387.9690 82 86 92
87.8564 -405.4911 3370.0811 144 150 144
90.3688 -404.6365 3362.9788 167 171 164
93.0664 -404.6365 3362.9788 147 151 144
95.5626 -403.7855 3355.9062 70 74 74
98.1513 -403.3614 3352.3811 51 54 62
100.7345 -402.9381 3348.8633 46 50 60
103.3124 -402.5158 3345.3530 49 53 61
105.6635 -401.2539 3334.8660 131 133 129
108.3386 -401.2539 3334.8660 163 165 157
111.1297 -401.6736 3338.3542 147 149 141
113.4515 -400.4171 3327.9111 56 58 63
116.1210 -400.4171 3327.9111 30 32 46
118.7904 -400.4171 3327.9111 34 35 44
121.3333 -400.0000 3324.4446 114 115 109
124.0000 -400.0000 3324.4446 150 152 140
126.6667 -400.0000 3324.4446 144 145 135
129.1988 -399.5838 3320.9851 76 77 79
132.0000 -400.0000 3324.4446 33 32 43
134.6667 -400.0000 3324.4446 35 37 46
137.0478 -399.1684 3317.5330 110 113 108
139.7090 -399.1684 3317.5330 146 150 136
142.3701 -399.1684 3317.5330 135 138 125
145.0312 -399.1684 3317.5330 93 97 95
147.6923 -399.1684 3317.5330 28 30 39
150.3534 -399.1684 3317.5330 23 26 35
153.0146 -399.1684 3317.5330 73 74 73
155.3527 -398.3403 3310.6501 131 131 117
158.0083 -398.3403 3310.6501 143 144 130
160.6639 -398.3403 3310.6501 115 116 109
162.9814 -397.5156 3303.7959 27 28 32
165.6315 -397.5156 3303.7959 23 23 29
168.4560 -397.9275 3307.2195 44 44 45
170.7549 -397.1045 3300.3792 122 123 112
173.4023 -397.1045 3300.3792 138 139 124
176.2319 -397.5156 3303.7959 128 130 117
178.5124 -396.6942 3296.9697 39 40 41
181.1570 -396.6942 3296.9697 20 21 27
183.9917 -397.1045 3300.3792 18 19 26
186.2539 -396.2849 3293.5674 21 21 27
189.0909 -396.6942 3296.9697 69 69 62
191.7355 -396.6942 3296.9697 120 119 98
194.5812 -397.1045 3300.3792 128 125 104
197.2285 -397.1045 3300.3792 109 108 93
199.8759 -397.1045 3300.3792 27 27 28
202.7329 -397.5156 3303.7959 19 19 25
205.3830 -397.5156 3303.7959 51 51 48
208.2487 -397.9275 3307.2195 100 99 80
210.9016 -397.9275 3307.2195 112 110 88
213.7760 -398.3403 3310.6501 94 92 78
216.2073 -397.9275 3307.2195 23 22 22
219.0871 -398.3403 3310.6501 16 16 21
222.2038 -399.1684 3317.5330 14 16 20
224.6314 -398.7539 3314.0879 15 16 20
227.2897 -398.7539 3314.0879 14 16 21
230.4267 -399.5838 3320.9851 17 17 21
232.8482 -399.1684 3317.5330 59 58 51
235.7544 -399.5838 3320.9851 114 113 92
238.6667 -400.0000 3324.4446 106 105 85
241.3334 -400.0000 3324.4446 44 44 37
244.2545 -400.4171 3327.9111 16 16 18
247.1817 -400.8351 3331.3850 13 14 17
249.5933 -400.4171 3327.9111 12 14 17
252.2628 -400.4171 3327.9111 14 14 19
255.1984 -400.8351 3331.3850 14 15 20
258.9518 -402.5158 3345.3530 14 15 19
261.0879 -401.6736 3338.3542 14 14 19
263.7657 -401.6736 3338.3542 14 15 19
274.2857 -409.3817 3402.4165 12 14 19
277.6069 -410.2564 3409.6868 13 14 20
280.6417 -410.6952 3413.3335 14 15 20
283.6831 -411.1349 3416.9880 13 14 19
286.7310 -411.5756 3420.6504 14 16 20
290.4086 -412.9032 3431.6846 14 15 20
293.4769 -413.3477 3435.3787 15 15 21
297.5135 -415.1352 3450.2344 15 16 20
316.4523 -425.7206 3538.2114 16 19 23
319.2905 -425.7206 3538.2114 16 19 23
322.8445 -426.6667 3546.0742 16 19 25
326.7782 -428.0937 3557.9338 17 18 25
354.0741 -444.4445 3693.8271 21 20 27
357.8655 -445.4756 3702.3977 21 22 28
362.5175 -447.5525 3719.6582 20 20 27
365.9277 -448.0747 3723.9985 20 20 28
369.3458 -448.5982 3728.3491 23 22 30
372.7720 -449.1228 3732.7097 32 29 35
376.2061 -449.6487 3737.0806 99 81 59
379.2038 -449.6487 3737.0806 146 112 64
382.2014 -449.6487 3737.0806 144 105 54
598.9359 -600.9390 4994.4707 147 101 46
602.9421 -600.9390 4994.4707 149 107 47
606.0001 -600.0001 4986.6670 144 104 42
609.0484 -599.0640 4978.8872 141 101 40
612.0873 -598.1309 4971.1318 144 103 43
615.1167 -597.2007 4963.4009 141 100 41
618.1367 -596.2733 4955.6938 132 87 34
622.1118 -596.2733 4955.6938 120 74 29
626.0870 -596.2733 4955.6938 113 69 29
630.0622 -596.2733 4955.6938 102 62 26
634.0374 -596.2733 4955.6938 98 58 26
637.0233 -595.3489 4948.0103 111 67 32
640.9922 -595.3489 4948.0103 117 69 33
643.9629 -594.4273 4940.3511 116 68 30
647.9257 -594.4273 4940.3511 106 60 26
650.8810 -593.5085 4932.7153 92 51 21
653.8272 -592.5926 4925.1030 77 41 15
657.7778 -592.5926 4925.1030 76 41 14
661.7285 -592.5926 4925.1030 92 56 23
664.6533 -591.6795 4917.5142 110 67 27
668.5978 -591.6795 4917.5142 126 82 32
671.5077 -590.7692 4909.9487 135 92 37
674.4086 -589.8618 4902.4067 125 85 31
677.3007 -588.9571 4894.8877 124 84 32
681.2271 -588.9571 4894.8877 123 83 33
685.1534 -588.9571 4894.8877 119 82 34
689.0798 -588.9571 4894.8877 110 74 30
693.0062 -588.9571 4894.8877 105 72 29
696.9326 -588.9571 4894.8877 106 74 31
699.7856 -588.0552 4887.3916 107 73 29
704.7853 -588.9571 4894.8877 109 72 30
708.7117 -588.9571 4894.8877 110 70 31
713.7328 -589.8618 4902.4067 108 64 28
717.6652 -589.8618 4902.4067 111 62 28
721.5976 -589.8618 4902.4067 115 62 31
725.5300 -589.8618 4902.4067 117 64 30
729.4624 -589.8618 4902.4067 110 61 29
733.3948 -589.8618 4902.4067 97 54 25
737.3272 -589.8618 4902.4067 82 47 20
741.2596 -589.8618 4902.4067 75 43 17
746.3385 -590.7692 4909.9487 76 44 18
750.2770 -590.7692 4909.9487 71 41 14
754.2154 -590.7692 4909.9487 80 48 17
758.1539 -590.7692 4909.9487 99 62 23
762.0923 -590.7692 4909.9487 112 72 26
767.2111 -591.6795 4917.5142 113 75 27
769.9693 -590.7692 4909.9487 114 75 29
773.9077 -590.7692 4909.9487 109 70 27
777.8462 -590.7692 4909.9487 99 63 25
781.7846 -590.7692 4909.9487 97 61 24
785.7231 -590.7692 4909.9487 117 80 36
789.6616 -590.7692 4909.9487 124 89 39
794.8229 -591.6795 4917.5142 117 83 35
798.7674 -591.6795 4917.5142 105 71 27
802.7119 -591.6795 4917.5142 93 60 22
806.6564 -591.6795 4917.5142 82 51 20
811.8519 -592.5926 4925.1030 75 44 19
815.8025 -592.5926 4925.1030 71 40 17
819.7531 -592.5926 4925.1030 84 48 24
823.7038 -592.5926 4925.1030 94 54 28
827.6544 -592.5926 4925.1030 98 58 28
832.8903 -593.5085 4932.7153 97 58 27
838.1425 -594.4273 4940.3511 92 53 23
842.1053 -594.4273 4940.3511 78 42 16
847.3799 -595.3489 4948.0103 69 39 14
851.3489 -595.3489 4948.0103 70 42 16
855.3179 -595.3489 4948.0103 83 55 24
860.6212 -596.2733 4955.6938 101 71 32
865.9410 -597.2007 4963.4009 112 81 38
869.9223 -597.2007 4963.4009 115 82 38
875.2649 -598.1309 4971.1318 113 80 37
-139.7305 -520.9704 4301.1680 188 158 83
-136.4642 -521.6735 4306.9727 189 158 83
-132.6514 -520.2692 4295.3794 188 158 84
-129.3801 -520.9704 4301.1680 185 157 85
-125.7604 -520.2692 4295.3794 177 148 77
-122.3149 -520.2692 4295.3794 164 134 67
-119.0297 -520.9704 4301.1680 171 142 75
-115.5795 -520.9704 4301.1680 180 152 81
-112.1294 -520.9704 4301.1680 187 157 84
-108.6793 -520.9704 4301.1680 189 159 85
-105.3711 -521.6735 4306.9727 190 164 91
-101.9163 -521.6735 4306.9727 194 169 100
-98.4615 -521.6735 4306.9727 194 169 100
-95.1351 -522.3784 4312.7930 191 166 97
-91.6757 -522.3784 4312.7930 186 159 90
-88.2162 -522.3784 4312.7930 183 155 86
-84.8715 -523.0853 4318.6289 189 162 96
-81.2973 -522.3784 4312.7930 191 166 97
-77.8378 -522.3784 4312.7930 192 168 97
-74.4790 -523.0853 4318.6289 195 171 101
-71.0149 -523.0853 4318.6289 195 170 100
-67.5508 -523.0853 4318.6289 193 167 95
-64.1734 -523.7941 4324.4805 191 163 91
-60.7046 -523.7941 4324.4805 191 165 93
-57.1583 -523.0853 4318.6289 170 143 78
-53.6942 -523.0853 4318.6289 147 117 60
-50.2300 -523.0853 4318.6289 156 128 71
-46.7659 -523.0853 4318.6289 181 156 92
-43.3018 -523.0853 4318.6289 188 165 97
-39.8376 -523.0853 4318.6289 191 166 96
-36.3735 -523.0853 4318.6289 189 163 90
-32.8649 -522.3784 4312.7930 187 156 80
-29.4452 -523.0853 4318.6289 183 149 72
-26.0516 -524.5048 4330.3481 177 142 67
-22.5169 -523.0853 4318.6289 150 113 44
-19.0786 -523.7941 4324.4805 145 108 42
-15.5886 -523.0853 4318.6289 151 115 49
67.2961 -414.7640 3424.3206 76 79 102
69.8182 -413.4332 3413.3335 125 129 141
72.4786 -412.9915 3409.6868 151 155 163
75.2137 -412.9915 3409.6868 163 167 170
77.8655 -412.5507 3406.0479 170 176 175
80.4260 -411.6720 3398.7932 174 180 177
82.9756 -410.7971 3391.5693 97 102 106
85.5143 -409.9258 3384.3762 126 131 132
87.8564 -408.1943 3370.0811 166 172 166
90.3688 -407.3341 3362.9788 171 177 171
93.0664 -407.3341 3362.9788 170 176 169
95.5626 -406.4774 3355.9062 145 150 140
98.1513 -406.0504 3352.3811 130 134 127
100.7345 -405.6244 3348.8633 128 133 126
103.3124 -405.1992 3345.3530 109 115 106
105.6635 -403.9290 3334.8660 138 141 132
108.3386 -403.9290 3334.8660 160 164 154
111.0136 -403.9290 3334.8660 144 149 142
113.4515 -403.0866 3327.9111 51 54 60
116.1210 -403.0866 3327.9111 45 47 55
118.7904 -403.0866 3327.9111 72 75 73
121.3333 -402.6667 3324.4446 131 134 123
124.0000 -402.6667 3324.4446 148 152 138
126.6667 -402.6667 3324.4446 133 135 123
129.1988 -402.2477 3320.9851 88 87 82
132.0000 -402.6667 3324.4446 61 63 63
134.6667 -402.6667 3324.4446 55 57 58
137.0478 -401.8295 3317.5330 116 118 108
139.7090 -401.8295 3317.5330 146 148 137
142.3701 -401.8295 3317.5330 120 123 113
145.0312 -401.8295 3317.5330 85 90 89
147.6923 -401.8295 3317.5330 25 28 37
150.3534 -401.8295 3317.5330 24 26 38
153.0146 -401.8295 3317.5330 72 74 71
155.3527 -400.9959 3310.6501 136 138 124
158.0083 -400.9959 3310.6501 145 147 134
160.6639 -400.9959 3310.6501 117 118 110
162.9814 -400.1657 3303.7959 37 38 40
165.6315 -400.1657 3303.7959 29 29 33
168.2816 -400.1657 3303.7959 45 44 43
170.7549 -399.7518 3300.3792 116 117 104
173.2231 -399.3389 3296.9697 139 140 126
176.2319 -400.1657 3303.7959 124 125 112
178.5124 -399.3389 3296.9697 44 44 45
181.1570 -399.3389 3296.9697 22 23 30
183.8017 -399.3389 3296.9697 18 21 28
186.2539 -398.9268 3293.5674 22 22 28
189.0909 -399.3389 3296.9697 74 73 65
191.7355 -399.3389 3296.9697 120 119 98
194.5812 -399.7518 3300.3792 130 129 109
197.2285 -399.7518 3300.3792 97 97 84
199.8759 -399.7518 3300.3792 27 27 28
202.7329 -400.1657 3303.7959 19 19 24
205.3830 -400.1657 3303.7959 48 48 45
208.2487 -400.5804 3307.2195 113 111 92
210.9016 -400.5804 3307.2195 116 113 92
213.7760 -400.9959 3310.6501 90 88 74
215.9835 -400.1657 3303.7959 23 21 22
219.0871 -400.9959 3310.6501 17 16 21
222.2038 -401.8295 3317.5330 17 16 21
224.6314 -401.4123 3314.0879 16 16 20
227.2897 -401.4123 3314.0879 15 15 20
230.6667 -402.6667 3324.4446 16 17 20
232.8482 -401.8295 3317.5330 55 56 48
235.7544 -402.2477 3320.9851 110 110 90
238.6667 -402.6667 3324.4446 104 103 84
241.3334 -402.6667 3324.4446 42 42 36
244.2545 -403.0866 3327.9111 17 17 19
247.1817 -403.5073 3331.3850 15 16 20
249.8539 -403.5073 3331.3850 13 14 19
252.2628 -403.0866 3327.9111 15 15 20
255.1984 -403.5073 3331.3850 15 14 20
258.9518 -405.1992 3345.3530 15 15 21
261.3613 -404.7749 3341.8501 14 14 19
264.3187 -405.1992 3345.3530 14 15 20
274.5785 -412.5507 3406.0479 11 14 18
277.3106 -412.5507 3406.0479 14 16 20
280.6417 -413.4332 3413.3335 15 16 22
283.6831 -413.8758 3416.9880 13 15 20
286.7310 -414.3194 3420.6504 13 15 19
290.0967 -415.2095 3427.9988 15 16 21
293.1613 -415.6559 3431.6846 14 15 20
297.1923 -417.4514 3446.5083 14 15 19
300.9318 -418.8083 3457.7104 15 16 21
316.1019 -428.0842 3534.2932 16 17 24
318.9369 -428.0842 3534.2932 17 17 23
322.4861 -429.0344 3542.1384 17 19 25
326.0512 -429.9889 3550.0186 16 17 23
351.1111 -447.4074 3693.8271 20 20 27
352.8489 -445.8593 3681.0459 18 20 24
357.0370 -447.4074 3693.8271 19 22 26
362.0955 -450.0117 3715.3279 21 22 29
365.5012 -450.5361 3719.6582 21 22 28
369.3458 -451.5888 3728.3491 26 26 31
372.7720 -452.1170 3732.7097 52 53 47
376.2061 -452.6464 3737.0806 118 107 80
379.2038 -452.6464 3737.0806 139 118 77
382.2014 -452.6464 3737.0806 145 120 74
598.9359 -604.9453 4994.4707 114 68 33
602.9421 -604.9453 4994.4707 111 68 29
606.0001 -604.0001 4986.6670 123 83 37
609.0484 -603.0577 4978.8872 139 98 45
612.0873 -602.1184 4971.1318 140 99 43
615.1167 -601.1820 4963.4009 133 92 37
618.1367 -600.2485 4955.6938 129 88 35
622.1118 -600.2485 4955.6938 132 94 41
626.0870 -600.2485 4955.6938 137 98 42
630.0622 -600.2485 4955.6938 131 91 37
634.0374 -600.2485 4955.6938 111 74 27
637.0233 -599.3179 4948.0103 102 64 24
640.9922 -599.3179 4948.0103 99 59 22
643.9629 -598.3901 4940.3511 98 58 26
647.9257 -598.3901 4940.3511 100 61 27
650.8810 -597.4653 4932.7153 106 65 31
654.8378 -597.4653 4932.7153 110 67 31
657.7778 -596.5433 4925.1030 109 64 28
661.7285 -596.5433 4925.1030 106 61 27
664.6533 -595.6240 4917.5142 102 57 22
668.5978 -595.6240 4917.5142 102 55 23
671.5077 -594.7077 4909.9487 107 61 25
675.4462 -594.7077 4909.9487 108 66 24
678.3411 -593.7943 4902.4067 126 86 37
681.2271 -592.8835 4894.8877 129 89 36
685.1534 -592.8835 4894.8877 128 87 34
689.0798 -592.8835 4894.8877 118 77 28
693.0062 -592.8835 4894.8877 110 74 30
696.9326 -592.8835 4894.8877 105 73 32
700.8589 -592.8835 4894.8877 102 71 31
704.7853 -592.8835 4894.8877 101 70 31
709.8004 -593.7943 4902.4067 99 67 28
713.7328 -593.7943 4902.4067 101 68 27
717.6652 -593.7943 4902.4067 101 67 27
721.5976 -593.7943 4902.4067 99 65 27
725.5300 -593.7943 4902.4067 96 62 24
729.4624 -593.7943 4902.4067 96 59 26
733.3948 -593.7943 4902.4067 96 57 24
738.4615 -594.7077 4909.9487 96 57 27
742.4000 -594.7077 4909.9487 99 57 26
746.3385 -594.7077 4909.9487 106 62 29
750.2770 -594.7077 4909.9487 107 64 31
755.3775 -595.6240 4917.5142 105 63 29
758.1539 -594.7077 4909.9487 99 57 24
763.2666 -595.6240 4917.5142 97 54 22
767.2111 -595.6240 4917.5142 98 57 22
771.1556 -595.6240 4917.5142 104 64 23
775.1002 -595.6240 4917.5142 111 69 26
779.0447 -595.6240 4917.5142 111 71 26
782.9893 -595.6240 4917.5142 109 71 26
786.9338 -595.6240 4917.5142 111 72 27
790.8783 -595.6240 4917.5142 112 75 28
794.8229 -595.6240 4917.5142 118 82 35
800.0001 -596.5433 4925.1030 123 88 39
803.9506 -596.5433 4925.1030 129 95 44
807.9013 -596.5433 4925.1030 126 93 43
811.8519 -596.5433 4925.1030 117 85 38
815.8025 -596.5433 4925.1030 104 72 30
821.0201 -597.4653 4932.7153 91 60 25
824.9769 -597.4653 4932.7153 78 50 19
828.9336 -597.4653 4932.7153 73 44 17
832.8903 -597.4653 4932.7153 75 44 18
838.1425 -598.3901 4940.3511 81 48 21
842.1053 -598.3901 4940.3511 93 55 26
847.3799 -599.3179 4948.0103 100 60 29
851.3489 -599.3179 4948.0103 98 59 29
856.6460 -600.2485 4955.6938 96 58 27
860.6212 -600.2485 4955.6938 91 54 22
865.9410 -601.1820 4963.4009 84 49 18
869.9223 -601.1820 4963.4009 86 51 20
873.9036 -601.1820 4963.4009 95 63 28
-136.2803 -524.4205 4301.1680 172 139 76
-125.5914 -523.0108 4289.6060 142 104 45
-122.3149 -523.7147 4295.3794 134 95 38
-118.8695 -523.7147 4295.3794 133 95 39
-115.5795 -524.4205 4301.1680 161 125 67
-112.1294 -524.4205 4301.1680 169 134 72
-108.8259 -525.1282 4306.9727 174 139 76
-105.3711 -525.1282 4306.9727 174 141 78
-101.7790 -524.4205 4301.1680 175 142 82
-98.4615 -525.1282 4306.9727 174 141 81
-95.1351 -525.8378 4312.7930 176 140 81
-91.6757 -525.8378 4312.7930 164 126 66
-88.2162 -525.8378 4312.7930 159 121 59
-84.7568 -525.8378 4312.7930 163 125 64
-81.2973 -525.8378 4312.7930 168 131 69
-77.7328 -525.1282 4306.9727 170 134 71
-74.4790 -526.5494 4318.6289 172 135 73
-70.9189 -525.8378 4312.7930 170 133 71
-67.5508 -526.5494 4318.6289 168 131 68
-64.1734 -527.2629 4324.4805 168 128 66
-60.6225 -526.5494 4318.6289 167 129 67
-57.1583 -526.5494 4318.6289 146 104 47
-53.6942 -526.5494 4318.6289 132 86 31
-50.1622 -525.8378 4312.7930 134 91 35
-46.7027 -525.8378 4312.7930 160 120 63
-43.2432 -525.8378 4312.7930 162 123 62
-39.7838 -525.8378 4312.7930 162 122 61
-36.3243 -525.8378 4312.7930 160 119 59
-32.8205 -525.1282 4306.9727 155 112 51
-29.4054 -525.8378 4312.7930 151 106 46
-26.0163 -527.2629 4324.4805 146 102 43
-22.4865 -525.8378 4312.7930 137 92 37
-19.0528 -526.5494 4318.6289 130 84 32
-15.5676 -525.8378 4312.7930 127 79 28
67.3684 -417.9592 3427.9988 47 52 79
69.8182 -416.1711 3413.3335 52 55 81
72.4786 -415.7265 3409.6868 66 68 95
75.2137 -415.7265 3409.6868 79 81 106
77.8655 -415.2829 3406.0479 94 98 118
80.4260 -414.3983 3398.7932 111 116 132
82.9756 -413.5175 3391.5693 76 79 96
85.6051 -413.0786 3387.9690 103 106 116
87.8564 -410.8976 3370.0811 149 151 155
90.3688 -410.0316 3362.9788 161 165 165
93.0664 -410.0316 3362.9788 167 172 170
95.5626 -409.1693 3355.9062 160 166 160
98.0483 -408.3106 3348.8633 142 148 143
100.6289 -407.8826 3345.3530 162 167 162
103.3124 -407.8826 3345.3530 146 152 146
105.6635 -406.6040 3334.8660 145 151 143
108.2255 -406.1796 3331.3850 160 166 158
111.0136 -406.6040 3334.8660 137 141 140
113.4515 -405.7560 3327.9111 48 49 59
116.1210 -405.7560 3327.9111 78 80 82
118.7904 -405.7560 3327.9111 134 138 130
121.3333 -405.3333 3324.4446 151 153 144
124.0000 -405.3333 3324.4446 159 160 150
126.7988 -405.7560 3327.9111 160 163 153
129.3333 -405.3333 3324.4446 143 147 135
132.0000 -405.3333 3324.4446 144 148 136
134.6667 -405.3333 3324.4446 132 133 121
137.1904 -404.9116 3320.9851 144 146 133
139.7090 -404.4907 3317.5330 152 154 143
142.3701 -404.4907 3317.5330 129 131 126
145.0312 -404.4907 3317.5330 65 69 76
147.6923 -404.4907 3317.5330 24 25 36
150.3534 -404.4907 3317.5330 24 24 35
153.0146 -404.4907 3317.5330 76 77 77
155.3527 -403.6515 3310.6501 123 125 117
158.0083 -403.6515 3310.6501 138 141 130
160.6639 -403.6515 3310.6501 137 140 129
162.9814 -402.8158 3303.7959 74 76 68
165.6315 -402.8158 3303.7959 81 80 70
168.2816 -402.8158 3303.7959 87 84 70
170.7549 -402.3992 3300.3792 117 116 95
173.2231 -401.9835 3296.9697 130 129 113
176.0497 -402.3992 3300.3792 110 111 98
178.5124 -401.9835 3296.9697 41 41 42
181.1570 -401.9835 3296.9697 21 22 28
183.8017 -401.9835 3296.9697 21 22 29
186.2539 -401.5687 3293.5674 32 31 34
188.8958 -401.5687 3293.5674 75 74 67
191.7355 -401.9835 3296.9697 122 121 102
194.5812 -402.3992 3300.3792 125 124 104
197.2285 -402.3992 3300.3792 103 102 88
199.8759 -402.3992 3300.3792 31 31 30
202.7329 -402.8158 3303.7959 22 22 25
205.3830 -402.8158 3303.7959 46 46 42
208.2487 -403.2332 3307.2195 112 111 93
210.9016 -403.2332 3307.2195 121 117 98
213.7760 -403.6515 3310.6501 103 100 84
215.9835 -402.8158 3303.7959 29 28 25
219.0871 -403.6515 3310.6501 18 17 20
222.2038 -404.4907 3317.5330 15 15 19
224.6314 -404.0706 3314.0879 15 15 19
227.2897 -404.0706 3314.0879 15 15 19
230.6667 -405.3333 3324.4446 16 18 20
233.0905 -404.9116 3320.9851 57 58 50
235.7544 -404.9116 3320.9851 111 111 90
238.6667 -405.3333 3324.4446 104 102 83
241.3334 -405.3333 3324.4446 44 43 36
244.2545 -405.7560 3327.9111 19 18 20
247.1817 -406.1796 3331.3850 15 16 19
249.8539 -406.1796 3331.3850 15 15 20
252.5261 -406.1796 3331.3850 15 15 20
255.4650 -406.6040 3334.8660 15 14 20
259.2235 -408.3106 3348.8633 14 16 20
261.9098 -408.3106 3348.8633 15 15 21
264.8740 -408.7395 3352.3811 13 15 20
270.6908 -413.5175 3391.5693 13 15 20
274.5785 -415.2829 3406.0479 14 15 20
277.6069 -415.7265 3409.6868 15 16 21
280.6417 -416.1711 3413.3335 15 16 23
283.6831 -416.6167 3416.9880 14 14 20
287.0386 -417.5107 3424.3206 15 15 20
290.4086 -418.4086 3431.6846 16 16 21
293.7931 -419.3104 3439.0806 15 16 20
297.1923 -420.2160 3446.5083 15 14 21
300.9318 -421.5818 3457.7104 15 15 20
304.3648 -422.4973 3465.2190 16 16 22
315.7522 -430.4425 3530.3835 17 17 23
318.9369 -430.9192 3534.2932 18 18 24
322.1286 -431.3969 3538.2114 19 17 24
325.6889 -432.3556 3546.0742 17 18 26
350.3002 -449.3303 3685.2964 19 19 26
352.4424 -448.2950 3676.8049 19 19 25
356.2125 -449.3303 3685.2964 20 20 27
361.2544 -451.9396 3706.6978 23 23 30
365.0757 -452.9919 3715.3279 33 34 35
368.9148 -454.0490 3723.9985 57 58 50
372.3365 -454.5795 3728.3491 103 103 83
375.7661 -455.1111 3732.7097 108 103 81
379.2038 -455.6441 3737.0806 87 80 60
381.7544 -455.1111 3732.7097 89 81 58
602.9421 -608.9515 4994.4707 113 71 41
606.0001 -608.0001 4986.6670 109 67 36
609.0484 -607.0515 4978.8872 108 64 32
612.0873 -606.1060 4971.1318 110 67 31
615.1167 -605.1633 4963.4009 119 80 35
618.1367 -604.2236 4955.6938 131 93 44
622.1118 -604.2236 4955.6938 125 89 42
626.0870 -604.2236 4955.6938 113 78 33
630.0622 -604.2236 4955.6938 113 78 33
633.0543 -603.2868 4948.0103 120 84 36
637.0233 -603.2868 4948.0103 123 87 38
640.0001 -602.3530 4940.3511 130 92 41
643.9629 -602.3530 4940.3511 125 86 41
647.9257 -602.3530 4940.3511 116 78 33
650.8810 -601.4220 4932.7153 109 71 28
654.8378 -601.4220 4932.7153 104 67 25
657.7778 -600.4939 4925.1030 104 67 26
661.7285 -600.4939 4925.1030 100 63 27
664.6533 -599.5685 4917.5142 95 57 23
668.5978 -599.5685 4917.5142 97 59 25
672.5424 -599.5685 4917.5142 99 59 25
675.4462 -598.6462 4909.9487 100 61 27
678.3411 -597.7266 4902.4067 96 58 24
682.2735 -597.7266 4902.4067 96 58 24
686.2059 -597.7266 4902.4067 104 68 29
689.0798 -596.8099 4894.8877 113 79 35
694.0707 -597.7266 4902.4067 113 79 35
698.0031 -597.7266 4902.4067 111 76 33
700.8589 -596.8099 4894.8877 107 70 27
705.8679 -597.7266 4902.4067 102 67 25
709.8004 -597.7266 4902.4067 103 71 30
714.8308 -598.6462 4909.9487 115 81 33
717.6652 -597.7266 4902.4067 120 86 38
722.7077 -598.6462 4909.9487 119 88 40
726.6462 -598.6462 4909.9487 114 86 38
730.5847 -598.6462 4909.9487 110 79 37
734.5231 -598.6462 4909.9487 107 76 35
738.4615 -598.6462 4909.9487 101 71 34
742.4000 -598.6462 4909.9487 99 69 32
746.3385 -598.6462 4909.9487 98 66 30
751.4330 -599.5685 4917.5142 91 59 26
755.3775 -599.5685 4917.5142 89 58 26
759.3221 -599.5685 4917.5142 86 55 24
763.2666 -599.5685 4917.5142 88 56 27
767.2111 -599.5685 4917.5142 90 55 28
772.3457 -600.4939 4925.1030 93 58 28
776.2963 -600.4939 4925.1030 98 61 29
780.2470 -600.4939 4925.1030 99 61 27
784.1976 -600.4939 4925.1030 103 65 26
788.1482 -600.4939 4925.1030 108 71 28
792.0988 -600.4939 4925.1030 112 76 30
796.0494 -600.4939 4925.1030 114 78 29
801.2366 -601.4220 4932.7153 112 75 27
805.1932 -601.4220 4932.7153 107 73 27
809.1500 -601.4220 4932.7153 106 72 30
813.1067 -601.4220 4932.7153 107 74 33
817.0634 -601.4220 4932.7153 107 74 34
822.2911 -602.3530 4940.3511 99 66 30
826.2539 -602.3530 4940.3511 98 66 31
830.2168 -602.3530 4940.3511 102 71 33
834.1796 -602.3530 4940.3511 105 74 34
838.1425 -602.3530 4940.3511 105 75 34
843.4108 -603.2868 4948.0103 95 65 26
847.3799 -603.2868 4948.0103 85 56 22
852.6709 -604.2236 4955.6938 81 52 20
856.6460 -604.2236 4955.6938 80 51 21
860.6212 -604.2236 4955.6938 85 53 23
865.9410 -605.1633 4963.4009 95 57 28
869.9223 -605.1633 4963.4009 103 63 33
872.5466 -604.2236 4955.6938 104 63 31
-115.4240 -527.1602 4295.3794 117 72 32
-111.9785 -527.1602 4295.3794 114 70 30
-108.6793 -527.8706 4301.1680 116 71 31
-105.2291 -527.8706 4301.1680 118 71 34
-101.7790 -527.8706 4301.1680 118 71 33
-98.3288 -527.8706 4301.1680 123 76 35
-95.0068 -528.5830 4306.9727 129 79 36
-91.5520 -528.5830 4306.9727 133 80 34
-88.0972 -528.5830 4306.9727 131 80 31
-84.6424 -528.5830 4306.9727 131 79 31
-81.1876 -528.5830 4306.9727 128 77 30
-77.7328 -528.5830 4306.9727 124 73 27
-74.3784 -529.2973 4312.7930 123 72 29
-70.8232 -528.5830 4306.9727 121 72 29
-67.3684 -528.5830 4306.9727 116 68 28
-64.0000 -529.2973 4312.7930 116 67 27
-60.5405 -529.2973 4312.7930 120 70 27
-57.0811 -529.2973 4312.7930 123 70 26
-53.6216 -529.2973 4312.7930 125 70 27
-50.0945 -528.5830 4306.9727 125 73 28
-46.6397 -528.5830 4306.9727 125 73 25
-43.1849 -528.5830 4306.9727 127 75 27
-39.7301 -528.5830 4306.9727 127 73 28
-36.2753 -528.5830 4306.9727 122 72 27
-32.7763 -527.8706 4301.1680 122 72 28
-29.3657 -528.5830 4306.9727 125 72 28
-25.9459 -529.2973 4312.7930 123 74 27
-22.4561 -528.5830 4306.9727 119 71 27
-19.0014 -528.5830 4306.9727 113 67 26
-15.5466 -528.5830 4306.9727 109 63 25
-4.9042 -500.2299 4075.9473 122 72 28
67.3684 -420.7090 3427.9988 64 68 88
69.8182 -418.9091 3413.3335 52 55 78
72.4786 -418.4615 3409.6868 52 55 78
75.1334 -418.0150 3406.0479 53 57 79
77.7825 -417.5693 3402.4165 54 58 83
80.4260 -417.1246 3398.7932 52 57 81
82.9756 -416.2381 3391.5693 45 49 72
85.6051 -415.7962 3387.9690 41 46 65
87.8564 -413.6009 3370.0811 54 58 77
90.3688 -412.7292 3362.9788 65 68 88
93.0664 -412.7292 3362.9788 81 84 99
95.5626 -411.8612 3355.9062 100 101 113
98.0483 -410.9969 3348.8633 96 98 106
100.6289 -410.5661 3345.3530 109 112 119
103.2042 -410.1362 3341.8501 115 119 124
105.6635 -409.2790 3334.8660 128 133 138
108.2255 -408.8518 3331.3850 130 134 140
111.0136 -409.2790 3334.8660 117 122 129
113.4515 -408.4255 3327.9111 35 39 52
116.1210 -408.4255 3327.9111 73 76 82
118.7904 -408.4255 3327.9111 120 124 121
121.3333 -408.0000 3324.4446 139 143 140
124.0000 -408.0000 3324.4446 151 156 148
126.6667 -408.0000 3324.4446 153 158 151
129.3333 -408.0000 3324.4446 137 140 133
132.0000 -408.0000 3324.4446 144 149 139
134.6667 -408.0000 3324.4446 136 139 132
137.1904 -407.5755 3320.9851 145 149 140
139.7090 -407.1518 3317.5330 125 129 124
142.3701 -407.1518 3317.5330 55 56 65
145.0312 -407.1518 3317.5330 30 33 45
147.6923 -407.1518 3317.5330 25 26 38
150.3534 -407.1518 3317.5330 22 23 34
153.0146 -407.1518 3317.5330 37 38 46
155.3527 -406.3071 3310.6501 71 72 73
158.0083 -406.3071 3310.6501 117 119 111
160.6639 -406.3071 3310.6501 142 145 132
162.9814 -405.4659 3303.7959 122 124 109
165.4602 -405.0465 3300.3792 130 130 117
168.2816 -405.4659 3303.7959 131 133 116
170.5785 -404.6281 3296.9697 124 125 108
173.2231 -404.6281 3296.9697 101 100 93
176.0497 -405.0465 3300.3792 94 96 95
178.5124 -404.6281 3296.9697 27 29 37
180.9701 -404.2106 3293.5674 20 20 29
183.8017 -404.6281 3296.9697 28 28 30
186.2539 -404.2106 3293.5674 84 84 74
188.8958 -404.2106 3293.5674 112 112 95
191.7355 -404.6281 3296.9697 123 123 101
194.5812 -405.0465 3300.3792 125 125 103
197.2285 -405.0465 3300.3792 118 118 99
199.8759 -405.0465 3300.3792 73 75 60
202.7329 -405.4659 3303.7959 46 46 40
205.3830 -405.4659 3303.7959 45 44 40
208.0331 -405.4659 3303.7959 103 102 82
210.9016 -405.8860 3307.2195 120 116 95
213.7760 -406.3071 3310.6501 109 107 88
215.9835 -405.4659 3303.7959 56 54 43
219.0871 -406.3071 3310.6501 36 36 32
222.2038 -407.1518 3317.5330 15 17 21
224.6314 -406.7290 3314.0879 15 15 19
227.5260 -407.1518 3317.5330 18 18 21
230.6667 -408.0000 3324.4446 43 44 40
233.0905 -407.5755 3320.9851 78 78 64
236.0000 -408.0000 3324.4446 114 114 92
238.6667 -408.0000 3324.4446 106 106 85
241.5850 -408.4255 3327.9111 68 68 54
244.5094 -408.8518 3331.3850 40 41 35
247.4399 -409.2790 3334.8660 15 17 19
250.1150 -409.2790 3334.8660 14 15 20
252.7900 -409.2790 3334.8660 12 13 19
255.4650 -409.2790 3334.8660 14 15 20
259.2235 -410.9969 3348.8633 14 15 20
262.1849 -411.4286 3352.3811 13 15 20
265.4316 -412.2948 3359.4387 13 15 21
270.9787 -416.6809 3395.1775 14 15 20
274.5785 -418.0150 3406.0479 14 16 20
277.6069 -418.4615 3409.6868 13 16 20
280.6417 -418.9091 3413.3335 12 15 19
283.9872 -419.8071 3420.6504 12 14 19
287.0386 -420.2575 3424.3206 14 15 20
290.7212 -421.6147 3435.3787 14 17 21
293.7931 -422.0690 3439.0806 15 17 22
297.1923 -422.9806 3446.5083 15 16 22
300.9318 -424.3554 3457.7104 16 17 22
304.0347 -424.8156 3461.4607 16 17 22
315.4034 -432.7956 3526.4827 17 16 24
318.9369 -433.7542 3534.2932 17 16 24
322.1286 -434.2351 3538.2114 17 17 24
326.0512 -435.6841 3550.0186 19 18 25
349.8962 -451.7647 3681.0459 21 22 28
352.4424 -451.2442 3676.8049 22 22 28
356.2125 -452.2864 3685.2964 30 30 32
360.8353 -454.3852 3702.3977 53 54 46
364.2277 -454.9129 3706.6978 90 90 73
368.0559 -455.9721 3715.3279 112 112 91
371.9020 -457.0362 3723.9985 115 112 92
375.3271 -457.5702 3728.3491 126 119 91
378.7603 -458.1053 3732.7097 117 110 76
381.7544 -458.1053 3732.7097 106 101 68
602.9421 -612.9578 4994.4707 84 61 32
606.0001 -612.0001 4986.6670 92 63 34
609.0484 -611.0453 4978.8872 93 60 34
612.0873 -610.0935 4971.1318 96 61 37
614.1616 -608.1989 4955.6938 97 62 38
618.1367 -608.1989 4955.6938 94 59 37
621.1473 -607.2558 4948.0103 93 59 32
626.0870 -608.1989 4955.6938 98 65 35
629.0853 -607.2558 4948.0103 112 77 44
633.0543 -607.2558 4948.0103 115 81 41
637.0233 -607.2558 4948.0103 111 79 38
640.0001 -606.3158 4940.3511 107 76 36
643.9629 -606.3158 4940.3511 110 77 38
647.9257 -606.3158 4940.3511 112 77 34
650.8810 -605.3787 4932.7153 117 83 37
654.8378 -605.3787 4932.7153 116 84 39
657.7778 -604.4445 4925.1030 119 84 38
661.7285 -604.4445 4925.1030 123 84 37
664.6533 -603.5131 4917.5142 120 84 37
668.5978 -603.5131 4917.5142 116 80 35
673.5803 -604.4445 4925.1030 112 76 32
676.4869 -603.5131 4917.5142 113 77 33
679.3846 -602.5846 4909.9487 106 71 29
682.2735 -601.6591 4902.4067 104 69 29
686.2059 -601.6591 4902.4067 98 64 25
690.1383 -601.6591 4902.4067 89 56 20
694.0707 -601.6591 4902.4067 86 55 23
699.0769 -602.5846 4909.9487 89 60 26
701.9355 -601.6591 4902.4067 101 70 32
705.8679 -601.6591 4902.4067 109 77 37
709.8004 -601.6591 4902.4067 113 82 40
714.8308 -602.5846 4909.9487 117 85 39
718.7692 -602.5846 4909.9487 112 78 34
722.7077 -602.5846 4909.9487 112 79 34
726.6462 -602.5846 4909.9487 112 77 32
730.5847 -602.5846 4909.9487 117 79 36
734.5231 -602.5846 4909.9487 119 83 37
738.4615 -602.5846 4909.9487 112 80 38
742.4000 -602.5846 4909.9487 108 77 38
747.4885 -603.5131 4917.5142 112 80 40
751.4330 -603.5131 4917.5142 113 82 40
755.3775 -603.5131 4917.5142 110 80 38
759.3221 -603.5131 4917.5142 103 73 35
763.2666 -603.5131 4917.5142 104 74 36
768.3951 -604.4445 4925.1030 99 67 30
772.3457 -604.4445 4925.1030 96 68 31
776.2963 -604.4445 4925.1030 95 70 32
780.2470 -604.4445 4925.1030 99 71 35
784.1976 -604.4445 4925.1030 97 68 30
788.1482 -604.4445 4925.1030 96 67 31
793.3231 -605.3787 4932.7153 91 61 26
797.2798 -605.3787 4932.7153 91 60 25
802.4768 -606.3158 4940.3511 93 63 25
806.4397 -606.3158 4940.3511 99 70 28
810.4025 -606.3158 4940.3511 102 72 30
814.3654 -606.3158 4940.3511 103 72 30
817.0634 -605.3787 4932.7153 102 72 30
822.2911 -606.3158 4940.3511 98 67 26
826.2539 -606.3158 4940.3511 94 63 26
830.2168 -606.3158 4940.3511 92 62 28
835.4729 -607.2558 4948.0103 92 62 27
839.4419 -607.2558 4948.0103 103 72 33
843.4108 -607.2558 4948.0103 108 77 33
848.6957 -608.1989 4955.6938 112 80 35
853.9969 -609.1447 4963.4009 116 85 37
857.9783 -609.1447 4963.4009 114 85 37
861.9596 -609.1447 4963.4009 111 82 37
865.9410 -609.1447 4963.4009 107 76 34
871.2772 -610.0935 4971.1318 103 74 33
872.5466 -608.1989 4955.6938 99 68 29
-74.2780 -532.0378 4306.9727 117 69 27
-70.7278 -531.3208 4301.1680 115 68 27
-67.2776 -531.3208 4301.1680 106 62 25
-63.9136 -532.0378 4306.9727 102 62 28
-60.4588 -532.0378 4306.9727 99 61 28
-57.0041 -532.0378 4306.9727 99 58 26
-53.5493 -532.0378 4306.9727 105 61 26
-11.5019 -506.0848 4096.8765 96 60 27
-8.2051 -505.4359 4091.6240 101 63 27
-4.9105 -504.1432 4081.1594 107 66 28
-1.6347 -503.4994 4075.9473 113 68 28
1.6327 -502.8572 4070.7483 113 69 29
67.3684 -423.4587 3427.9988 157 164 158
69.8182 -421.6471 3413.3335 130 133 132
72.4786 -421.1966 3409.6868 118 121 122
75.1334 -420.7471 3406.0479 101 104 107
77.6997 -419.8510 3398.7932 81 81 89
80.3404 -419.4043 3395.1775 61 62 77
82.9756 -418.9586 3391.5693 50 52 71
85.6051 -418.5138 3387.9690 42 45 61
87.8564 -416.3041 3370.0811 36 40 56
90.3688 -415.4268 3362.9788 35 39 56
93.0664 -415.4268 3362.9788 32 36 51
95.5626 -414.5531 3355.9062 34 37 52
98.0483 -413.6831 3348.8633 42 45 62
100.6289 -413.2495 3345.3530 41 45 60
103.2042 -412.8168 3341.8501 49 51 66
105.6635 -411.9540 3334.8660 44 46 63
108.2255 -411.5240 3331.3850 53 55 74
111.0136 -411.9540 3334.8660 53 57 73
113.4515 -411.0949 3327.9111 25 30 46
116.1210 -411.0949 3327.9111 42 45 56
118.7904 -411.0949 3327.9111 56 57 68
121.3333 -410.6667 3324.4446 67 69 80
124.0000 -410.6667 3324.4446 75 77 90
126.6667 -410.6667 3324.4446 69 70 84
129.3333 -410.6667 3324.4446 73 75 85
132.0000 -410.6667 3324.4446 79 80 89
134.6667 -410.6667 3324.4446 80 83 91
137.1904 -410.2393 3320.9851 81 84 92
139.7090 -409.8129 3317.5330 70 72 83
142.3701 -409.8129 3317.5330 26 29 42
145.0312 -409.8129 3317.5330 24 27 41
147.6923 -409.8129 3317.5330 23 25 40
150.1973 -409.3873 3314.0879 21 22 34
152.8557 -409.3873 3314.0879 23 25 36
155.3527 -408.9627 3310.6501 32 34 41
158.0083 -408.9627 3310.6501 98 99 98
160.6639 -408.9627 3310.6501 113 115 110
162.9814 -408.1160 3303.7959 112 114 106
165.4602 -407.6939 3300.3792 109 110 103
168.2816 -408.1160 3303.7959 114 115 109
170.5785 -407.2727 3296.9697 105 106 100
173.2231 -407.2727 3296.9697 60 62 62
176.0497 -407.6939 3300.3792 34 36 43
178.5124 -407.2727 3296.9697 21 23 35
180.9701 -406.8524 3293.5674 20 21 31
183.8017 -407.2727 3296.9697 34 34 38
186.2539 -406.8524 3293.5674 98 99 89
188.8958 -406.8524 3293.5674 119 119 104
191.7355 -407.2727 3296.9697 111 111 95
194.3802 -407.2727 3296.9697 119 119 99
197.2285 -407.6939 3300.3792 126 125 108
199.8759 -407.6939 3300.3792 103 103 88
202.5233 -407.6939 3300.3792 62 63 56
205.3830 -408.1160 3303.7959 49 49 44
208.0331 -408.1160 3303.7959 101 101 83
210.9016 -408.5389 3307.2195 113 112 91
213.7760 -408.9627 3310.6501 115 115 95
215.9835 -408.1160 3303.7959 110 110 90
219.0871 -408.9627 3310.6501 47 48 41
222.2038 -409.8129 3317.5330 15 17 22
224.6314 -409.3873 3314.0879 15 16 22
227.2897 -409.3873 3314.0879 20 20 24
230.6667 -410.6667 3324.4446 77 77 69
233.0905 -410.2393 3320.9851 107 105 85
236.0000 -410.6667 3324.4446 115 113 92
238.9155 -411.0949 3327.9111 116 113 94
241.5850 -411.0949 3327.9111 108 105 87
244.5094 -411.5240 3331.3850 53 54 46
247.4399 -411.9540 3334.8660 15 17 20
250.1150 -411.9540 3334.8660 15 16 21
252.7900 -411.9540 3334.8660 17 16 22
255.7322 -412.3849 3338.3542 17 16 22
259.2235 -413.6831 3348.8633 16 16 21
262.1849 -414.1177 3352.3811 14 15 21
265.4316 -414.9895 3359.4387 14 15 21
270.9787 -419.4043 3395.1775 15 14 21
274.5785 -420.7471 3406.0479 15 14 20
277.3106 -420.7471 3406.0479 14 15 20
280.6417 -421.6471 3413.3335 15 15 20
283.6831 -422.0986 3416.9880 14 14 20
287.3470 -423.4587 3427.9988 15 16 20
290.7212 -424.3703 3435.3787 14 16 20
294.1100 -425.2859 3442.7905 17 16 22
297.5135 -426.2055 3450.2344 16 15 21
300.9318 -427.1290 3457.7104 16 16 22
315.7522 -436.1062 3530.3835 16 17 24
319.2905 -437.0732 3538.2114 14 17 22
322.4861 -437.5583 3542.1384 17 19 25
326.4143 -439.0201 3553.9719 20 22 28
349.0909 -453.6709 3672.5740 46 48 44
352.0369 -453.6709 3672.5740 59 61 49
355.8016 -454.7174 3681.0459 86 87 69
360.4172 -456.8251 3698.1074 103 103 84
363.8051 -457.3550 3702.3977 106 105 89
367.6279 -458.4186 3711.0078 90 88 77
371.4685 -459.4872 3719.6582 110 104 83
374.8892 -460.0233 3723.9985 181 172 134
378.3178 -460.5608 3728.3491 191 181 141
381.3084 -460.5608 3728.3491 188 179 139
602.0001 -616.0001 4986.6670 43 39 24
606.0001 -616.0001 4986.6670 41 37 21
609.0484 -615.0390 4978.8872 41 36 22
612.0873 -614.0810 4971.1318 41 35 21
614.1616 -612.1740 4955.6938 44 35 18
618.1367 -612.1740 4955.6938 46 37 20
621.1473 -611.2248 4948.0103 48 38 22
625.1163 -611.2248 4948.0103 52 39 24
629.0853 -611.2248 4948.0103 54 40 24
633.0543 -611.2248 4948.0103 59 41 26
637.0233 -611.2248 4948.0103 61 42 24
640.0001 -610.2787 4940.3511 67 49 27
643.9629 -610.2787 4940.3511 74 54 30
647.9257 -610.2787 4940.3511 83 60 33
650.8810 -609.3354 4932.7153 90 65 34
654.8378 -609.3354 4932.7153 90 66 33
657.7778 -608.3951 4925.1030 94 69 34
661.7285 -608.3951 4925.1030 99 74 35
664.6533 -607.4576 4917.5142 105 78 36
669.6296 -608.3951 4925.1030 108 79 37
673.5803 -608.3951 4925.1030 108 78 36
676.4869 -607.4576 4917.5142 107 78 35
679.3846 -606.5231 4909.9487 109 78 35
683.3231 -606.5231 4909.9487 109 77 35
687.2616 -606.5231 4909.9487 106 76 34
690.1383 -605.5914 4902.4067 106 77 35
695.1385 -606.5231 4909.9487 108 80 38
699.0769 -606.5231 4909.9487 105 75 35
701.9355 -605.5914 4902.4067 103 73 35
705.8679 -605.5914 4902.4067 101 71 34
710.8923 -606.5231 4909.9487 99 71 33
715.9323 -607.4576 4917.5142 98 73 33
718.7692 -606.5231 4909.9487 94 68 30
723.8213 -607.4576 4917.5142 90 66 30
726.6462 -606.5231 4909.9487 90 66 30
730.5847 -606.5231 4909.9487 97 74 35
734.5231 -606.5231 4909.9487 100 76 39
739.5994 -607.4576 4917.5142 95 73 35
743.5439 -607.4576 4917.5142 92 71 36
747.4885 -607.4576 4917.5142 92 71 38
751.4330 -607.4576 4917.5142 96 73 40
756.5433 -608.3951 4925.1030 99 76 39
759.3221 -607.4576 4917.5142 100 77 40
764.4445 -608.3951 4925.1030 101 77 38
768.3951 -608.3951 4925.1030 102 78 37
773.5395 -609.3354 4932.7153 102 78 37
777.4962 -609.3354 4932.7153 103 77 36
781.4529 -609.3354 4932.7153 104 75 36
785.4097 -609.3354 4932.7153 104 75 35
789.3663 -609.3354 4932.7153 99 71 32
793.3231 -609.3354 4932.7153 95 67 32
798.5140 -610.2787 4940.3511 94 66 32
802.4768 -610.2787 4940.3511 88 63 29
806.4397 -610.2787 4940.3511 82 59 26
810.4025 -610.2787 4940.3511 78 55 25
814.3654 -610.2787 4940.3511 77 56 26
818.3282 -610.2787 4940.3511 78 57 27
823.5659 -611.2248 4948.0103 79 60 30
827.5349 -611.2248 4948.0103 73 58 27
831.5038 -611.2248 4948.0103 66 54 26
835.4729 -611.2248 4948.0103 67 52 27
839.4419 -611.2248 4948.0103 70 52 24
843.4108 -611.2248 4948.0103 70 51 23
848.6957 -612.1740 4955.6938 72 52 25
853.9969 -613.1260 4963.4009 71 51 24
857.9783 -613.1260 4963.4009 74 54 26
861.9596 -613.1260 4963.4009 75 55 27
865.9410 -613.1260 4963.4009 76 55 28
871.2772 -614.0810 4971.1318 71 53 26
872.5466 -612.1740 4955.6938 69 52 25
-214.1507 -506.7689 4075.9473 118 75 33
-209.8094 -504.1932 4055.2310 117 74 31
-207.3469 -506.1225 4070.7483 116 73 32
-204.0816 -506.1225 4070.7483 113 71 33
-116.5128 -508.7180 4091.6240 112 69 31
-112.7969 -506.7689 4075.9473 110 69 31
-109.6675 -507.4169 4081.1594 108 69 32
-106.1224 -506.1225 4070.7483 108 66 31
-83.3717 -506.7689 4075.9473 122 74 31
-80.1022 -506.7689 4075.9473 126 76 32
-76.8327 -506.7689 4075.9473 126 77 31
-73.5632 -506.7689 4075.9473 123 75 28
-44.2510 -508.0666 4086.3850 117 69 26
-40.8685 -506.7689 4075.9473 122 72 28
-37.6471 -507.4169 4081.1594 127 75 27
-34.4174 -508.0666 4086.3850 127 74 27
-31.1795 -508.7180 4091.6240 126 73 29
-27.8617 -508.0666 4086.3850 127 76 30
-24.5839 -508.0666 4086.3850 122 73 29
-21.3333 -508.7180 4091.6240 112 68 26
-18.0513 -508.7180 4091.6240 109 67 29
-14.7692 -508.7180 4091.6240 110 66 29
-11.5019 -509.3710 4096.8765 114 68 28
-8.2051 -508.7180 4091.6240 121 74 29
-4.9168 -508.0666 4086.3850 127 78 30
-1.6368 -507.4169 4081.1594 128 78 27
1.6368 -507.4169 4081.1594 128 81 30
4.9042 -506.7689 4075.9473 114 71 29
69.9678 -425.2948 3420.6504 181 188 184
72.4786 -423.9316 3409.6868 188 193 190
75.1334 -423.4792 3406.0479 185 192 187
77.6997 -422.5772 3398.7932 175 180 173
80.3404 -422.1277 3395.1775 154 160 152
82.9756 -421.6791 3391.5693 140 145 139
85.6051 -421.2314 3387.9690 111 115 113
87.8564 -419.0074 3370.0811 92 96 97
90.3688 -418.1244 3362.9788 81 85 88
92.9684 -417.6842 3359.4387 62 64 67
95.5626 -417.2451 3355.9062 58 61 64
98.0483 -416.3694 3348.8633 52 54 64
100.6289 -415.9330 3345.3530 49 51 63
103.2042 -415.4974 3341.8501 44 46 59
105.6635 -414.6291 3334.8660 36 39 52
108.2255 -414.1963 3331.3850 39 42 57
111.0136 -414.6291 3334.8660 41 43 57
113.4515 -413.7644 3327.9111 30 33 44
116.1210 -413.7644 3327.9111 36 40 49
118.7904 -413.7644 3327.9111 30 34 43
121.3333 -413.3334 3324.4446 33 37 49
124.0000 -413.3334 3324.4446 37 42 56
126.6667 -413.3334 3324.4446 35 37 49
129.3333 -413.3334 3324.4446 30 32 43
131.8627 -412.9032 3320.9851 34 36 50
134.6667 -413.3334 3324.4446 30 33 47
137.0478 -412.4740 3317.5330 32 35 49
139.7090 -412.4740 3317.5330 30 32 46
142.3701 -412.4740 3317.5330 25 25 37
145.0312 -412.4740 3317.5330 23 25 35
147.5389 -412.0457 3314.0879 23 24 35
150.1973 -412.0457 3314.0879 21 21 30
152.8557 -412.0457 3314.0879 22 23 30
155.3527 -411.6183 3310.6501 23 24 32
158.0083 -411.6183 3310.6501 33 34 41
160.4974 -411.1917 3307.2195 36 36 44
162.9814 -410.7661 3303.7959 42 45 51
165.4602 -410.3413 3300.3792 37 38 46
168.1076 -410.3413 3300.3792 41 40 49
170.5785 -409.9174 3296.9697 44 43 51
173.2231 -409.9174 3296.9697 27 28 36
175.8678 -409.9174 3296.9697 19 22 29
178.3282 -409.4944 3293.5674 18 20 28
180.9701 -409.4944 3293.5674 21 22 29
183.8017 -409.9174 3296.9697 23 24 29
186.2539 -409.4944 3293.5674 60 61 60
188.8958 -409.4944 3293.5674 63 63 61
191.7355 -409.9174 3296.9697 74 74 73
194.3802 -409.9174 3296.9697 83 83 79
197.0248 -409.9174 3296.9697 92 92 85
199.8759 -410.3413 3300.3792 92 94 86
202.5233 -410.3413 3300.3792 46 46 46
205.3830 -410.7661 3303.7959 37 36 35
208.0331 -410.7661 3303.7959 82 83 74
210.6833 -410.7661 3303.7959 78 78 69
213.5544 -411.1917 3307.2195 89 88 79
215.9835 -410.7661 3303.7959 95 93 83
219.0871 -411.6183 3310.6501 35 36 33
221.9730 -412.0457 3314.0879 17 17 22
224.6314 -412.0457 3314.0879 15 15 18
227.2897 -412.0457 3314.0879 18 18 20
230.6667 -413.3334 3324.4446 70 72 65
233.0905 -412.9032 3320.9851 97 97 82
236.0000 -413.3334 3324.4446 98 98 85
238.9155 -413.7644 3327.9111 95 95 83
241.5850 -413.7644 3327.9111 89 86 76
244.5094 -414.1963 3331.3850 32 31 32
247.4399 -414.6291 3334.8660 16 16 21
250.1150 -414.6291 3334.8660 15 17 20
252.7900 -414.6291 3334.8660 15 16 21
255.7322 -415.0628 3338.3542 15 15 21
259.2235 -416.3694 3348.8633 15 15 19
262.4606 -417.2451 3355.9062 15 16 21
265.4316 -417.6842 3359.4387 14 15 20
270.9787 -422.1277 3395.1775 14 15 21
274.5785 -423.4792 3406.0479 14 15 19
277.6069 -423.9316 3409.6868 15 15 20
280.6417 -424.3851 3413.3335 14 15 20
283.9872 -425.2948 3420.6504 14 15 20
287.6559 -426.6667 3431.6846 16 17 22
291.3484 -428.0475 3442.7905 14 16 20
294.4276 -428.5098 3446.5083 16 17 21
297.5135 -428.9730 3450.2344 16 16 22
301.2582 -430.3688 3461.4607 17 18 24
316.1019 -439.4242 3534.2932 21 20 26
319.6448 -440.3996 3542.1384 19 20 24
323.5635 -441.8708 3553.9719 24 25 28
327.1429 -442.8572 3561.9048 33 34 33
348.2893 -455.5683 3664.1409 100 101 82
351.2285 -455.5683 3664.1409 98 98 84
355.3917 -457.1429 3676.8049 89 90 79
360.0000 -459.2592 3693.8271 65 65 60
363.3835 -459.7914 3698.1074 45 44 45
367.2010 -460.8595 3706.6978 38 38 37
371.0361 -461.9325 3715.3279 121 113 91
374.4522 -462.4709 3719.6582 192 182 142
377.8763 -463.0105 3723.9985 200 190 149
380.8635 -463.0105 3723.9985 202 191 151
602.9421 -620.9703 4994.4707 90 83 53
606.0001 -620.0001 4986.6670 83 78 48
610.0001 -620.0001 4986.6670 75 69 43
613.0422 -619.0328 4978.8872 69 62 38
615.1167 -617.1074 4963.4009 62 56 32
618.1367 -616.1491 4955.6938 58 51 31
621.1473 -615.1938 4948.0103 56 50 30
626.0870 -616.1491 4955.6938 54 50 30
630.0622 -616.1491 4955.6938 52 47 28
633.0543 -615.1938 4948.0103 50 44 28
637.0233 -615.1938 4948.0103 49 42 25
640.0001 -614.2416 4940.3511 47 40 22
643.9629 -614.2416 4940.3511 44 39 21
647.9257 -614.2416 4940.3511 45 39 21
650.8810 -613.2922 4932.7153 47 40 23
654.8378 -613.2922 4932.7153 51 45 25
658.7945 -613.2922 4932.7153 56 49 29
661.7285 -612.3458 4925.1030 63 56 32
665.6791 -612.3458 4925.1030 72 63 36
669.6296 -612.3458 4925.1030 80 70 41
674.6213 -613.2922 4932.7153 84 73 44
677.5309 -612.3458 4925.1030 87 74 43
680.4315 -611.4022 4917.5142 88 75 44
684.3760 -611.4022 4917.5142 90 76 45
687.2616 -610.4615 4909.9487 90 77 47
691.2000 -610.4615 4909.9487 91 79 48
696.2096 -611.4022 4917.5142 92 80 49
700.1541 -611.4022 4917.5142 89 76 47
703.0154 -610.4615 4909.9487 84 72 43
706.9539 -610.4615 4909.9487 80 69 41
710.8923 -610.4615 4909.9487 79 68 40
715.9323 -611.4022 4917.5142 79 69 40
719.8768 -611.4022 4917.5142 82 69 41
724.9383 -612.3458 4925.1030 84 72 44
727.7658 -611.4022 4917.5142 85 75 48
731.7103 -611.4022 4917.5142 86 78 49
735.6548 -611.4022 4917.5142 87 80 51
739.5994 -611.4022 4917.5142 86 77 49
743.5439 -611.4022 4917.5142 82 72 44
748.6420 -612.3458 4925.1030 77 68 41
752.5927 -612.3458 4925.1030 76 66 40
756.5433 -612.3458 4925.1030 77 67 40
759.3221 -611.4022 4917.5142 81 71 43
764.4445 -612.3458 4925.1030 86 75 47
769.5828 -613.2922 4932.7153 90 80 50
773.5395 -613.2922 4932.7153 93 85 52
777.4962 -613.2922 4932.7153 94 85 53
781.4529 -613.2922 4932.7153 94 83 53
785.4097 -613.2922 4932.7153 88 78 46
789.3663 -613.2922 4932.7153 79 69 40
794.5511 -614.2416 4940.3511 70 59 34
798.5140 -614.2416 4940.3511 65 55 32
803.7209 -615.1938 4948.0103 65 57 33
806.4397 -614.2416 4940.3511 68 60 36
811.6589 -615.1938 4948.0103 68 59 35
814.3654 -614.2416 4940.3511 69 59 37
818.3282 -614.2416 4940.3511 70 60 37
823.5659 -615.1938 4948.0103 67 59 34
827.5349 -615.1938 4948.0103 70 62 36
831.5038 -615.1938 4948.0103 67 59 34
835.4729 -615.1938 4948.0103 62 56 32
839.4419 -615.1938 4948.0103 60 54 30
843.4108 -615.1938 4948.0103 59 51 29
848.6957 -616.1491 4955.6938 58 51 28
853.9969 -617.1074 4963.4009 60 51 29
857.9783 -617.1074 4963.4009 63 55 30
861.9596 -617.1074 4963.4009 66 60 32
865.9410 -617.1074 4963.4009 71 64 37
871.2772 -618.0685 4971.1318 74 69 41
872.5466 -616.1491 4955.6938 79 72 42
-402.1027 -499.8248 3994.3264 146 97 38
-397.9026 -498.5768 3984.3530 141 93 36
-395.6946 -499.8248 3994.3264 139 91 37
-377.4153 -501.0791 4004.3499 125 80 35
-213.8775 -509.3878 4070.7483 118 73 32
-210.0764 -508.0916 4060.3904 117 70 31
-207.3469 -509.3878 4070.7483 116 71 31
-204.0816 -509.3878 4070.7483 115 71 32
-122.6054 -510.0383 4075.9473 106 67 31
-119.6415 -511.3445 4086.3850 100 63 31
-116.3636 -511.3445 4086.3850 99 63 31
-112.7969 -510.0383 4075.9473 105 68 33
-109.6675 -510.6906 4081.1594 104 65 32
-106.1224 -509.3878 4070.7483 104 65 31
-102.7261 -508.7389 4065.5627 106 67 32
-93.1801 -510.0383 4075.9473 119 75 32
-86.8630 -511.3445 4086.3850 121 76 31
-83.4783 -510.6906 4081.1594 121 75 32
-80.2046 -510.6906 4081.1594 120 72 29
-76.9310 -510.6906 4081.1594 115 70 29
-73.6573 -510.6906 4081.1594 115 68 30
-70.3836 -510.6906 4081.1594 113 67 28
-67.1959 -511.3445 4086.3850 113 70 28
-64.0000 -512.0001 4091.6240 114 69 27
-60.5627 -510.6906 4081.1594 120 71 28
-57.3624 -511.3445 4086.3850 121 72 29
-54.1539 -512.0001 4091.6240 117 68 27
-50.8718 -512.0001 4091.6240 120 69 29
-47.5897 -512.0001 4091.6240 121 71 28
-44.3077 -512.0001 4091.6240 119 70 27
-40.9731 -511.3445 4086.3850 123 73 29
-37.6953 -511.3445 4086.3850 126 75 30
-34.4615 -512.0001 4091.6240 124 73 28
-31.1795 -512.0001 4091.6240 118 71 29
-27.8974 -512.0001 4091.6240 113 67 28
-24.6154 -512.0001 4091.6240 107 64 28
-21.3333 -512.0001 4091.6240 106 64 29
-18.0745 -512.6573 4096.8765 108 64 30
-14.7882 -512.6573 4096.8765 112 68 30
-11.5019 -512.6573 4096.8765 119 74 30
-8.2157 -512.6573 4096.8765 121 74 30
-4.9168 -511.3445 4086.3850 123 74 28
-1.6389 -511.3445 4086.3850 124 76 29
1.6389 -511.3445 4086.3850 121 74 31
4.9105 -510.6906 4081.1594 104 62 28
30.6150 -454.8520 3634.9280 95 57 26
33.5690 -455.3706 3639.0728 94 56 27
36.3636 -453.8182 3626.6667 92 57 30
39.1837 -452.7892 3618.4431 98 74 58
41.9910 -451.7647 3610.2566 92 84 97
44.8362 -451.2543 3606.1770 55 56 89
47.7828 -451.7647 3610.2566 62 66 102
50.6215 -451.2543 3606.1770 67 70 106
72.6338 -427.5803 3416.9880 168 171 175
75.1334 -426.2113 3406.0479 177 182 181
77.6997 -425.3036 3398.7932 179 184 182
80.3404 -424.8511 3395.1775 173 181 178
82.9756 -424.3996 3391.5693 175 183 179
85.6051 -423.9491 3387.9690 175 183 177
87.9493 -422.1565 3373.6436 172 178 173
90.3688 -420.8220 3362.9788 171 177 170
93.0664 -420.8220 3362.9788 162 168 160
95.5626 -419.9370 3355.9062 151 157 147
98.1513 -419.4958 3352.3811 135 140 129
100.6289 -418.6164 3345.3530 125 129 120
103.2042 -418.1781 3341.8501 103 107 100
105.6635 -417.3041 3334.8660 89 92 88
108.2255 -416.8685 3331.3850 82 84 82
110.8977 -416.8685 3331.3850 78 80 79
113.4515 -416.4338 3327.9111 71 72 69
116.1210 -416.4338 3327.9111 75 77 74
118.7904 -416.4338 3327.9111 70 70 70
121.3333 -416.0000 3324.4446 59 61 62
124.0000 -416.0000 3324.4446 62 64 67
126.6667 -416.0000 3324.4446 59 59 64
129.1988 -415.5671 3320.9851 41 43 48
131.8627 -415.5671 3320.9851 39 42 47
134.6667 -416.0000 3324.4446 39 39 48
137.0478 -415.1352 3317.5330 38 39 49
139.7090 -415.1352 3317.5330 37 38 46
142.3701 -415.1352 3317.5330 37 36 44
145.0312 -415.1352 3317.5330 31 32 38
147.5389 -414.7041 3314.0879 30 32 38
150.1973 -414.7041 3314.0879 25 25 33
152.8557 -414.7041 3314.0879 24 25 35
155.1917 -413.8446 3307.2195 25 27 36
157.8446 -413.8446 3307.2195 22 23 32
160.4974 -413.8446 3307.2195 24 25 32
162.8128 -412.9886 3300.3792 24 26 33
165.4602 -412.9886 3300.3792 22 23 32
168.1076 -412.9886 3300.3792 24 23 32
170.5785 -412.5620 3296.9697 23 23 30
173.0444 -412.1362 3293.5674 23 23 31
175.8678 -412.5620 3296.9697 22 24 32
178.3282 -412.1362 3293.5674 19 21 27
180.9701 -412.1362 3293.5674 20 21 28
183.6120 -412.1362 3293.5674 20 20 28
186.2539 -412.1362 3293.5674 24 24 29
188.8958 -412.1362 3293.5674 23 24 29
191.5377 -412.1362 3293.5674 24 26 31
194.1796 -412.1362 3293.5674 28 28 33
197.0248 -412.5620 3296.9697 36 35 40
199.6694 -412.5620 3296.9697 31 31 35
202.3141 -412.5620 3296.9697 19 20 25
205.1706 -412.9886 3300.3792 20 20 25
207.8180 -412.9886 3300.3792 29 29 33
210.6833 -413.4162 3303.7959 29 28 31
213.5544 -413.8446 3307.2195 31 31 34
215.9835 -413.4162 3303.7959 37 38 40
219.0871 -414.2739 3310.6501 21 22 26
221.9730 -414.7041 3314.0879 17 17 23
224.6314 -414.7041 3314.0879 15 15 19
227.2897 -414.7041 3314.0879 16 17 20
230.4267 -415.5671 3320.9851 29 30 31
233.0905 -415.5671 3320.9851 34 33 36
236.0000 -416.0000 3324.4446 30 29 34
238.6667 -416.0000 3324.4446 31 31 35
241.5850 -416.4338 3327.9111 29 29 33
244.5094 -416.8685 3331.3850 19 18 23
247.4399 -417.3041 3334.8660 17 17 21
250.1150 -417.3041 3334.8660 15 17 20
252.7900 -417.3041 3334.8660 15 18 20
255.7322 -417.7406 3338.3542 15 15 19
259.2235 -419.0556 3348.8633 16 16 19
262.4606 -419.9370 3355.9062 18 17 23
265.7113 -420.8220 3362.9788 17 16 22
271.2673 -425.3036 3398.7932 15 16 22
274.8718 -426.6667 3409.6868 15 17 24
277.6069 -426.6667 3409.6868 15 16 22
280.9422 -427.5803 3416.9880 15 17 21
284.2919 -428.4979 3424.3206 15 17 21
288.2759 -430.3448 3439.0806 17 17 22
291.6631 -431.2743 3446.5083 18 17 22
294.7460 -431.7406 3450.2344 20 20 24
297.8355 -432.2078 3453.9683 19 19 22
307.0318 -437.4152 3495.5825 28 28 29
313.2669 -442.2592 3534.2932 34 33 34
316.4523 -442.7495 3538.2114 44 42 41
320.3560 -444.2269 3550.0186 57 57 47
324.2857 -445.7143 3561.9048 75 75 62
327.8748 -446.7115 3569.8733 91 92 75
347.8900 -457.9817 3659.9390 71 71 66
350.8257 -457.9817 3659.9390 48 49 49
354.5747 -459.0345 3668.3525 31 31 35
359.5838 -461.6879 3689.5569 28 26 31
363.3835 -462.7578 3698.1074 26 24 31
367.2010 -463.8328 3706.6978 33 31 33
370.6047 -464.3721 3711.0078 127 120 96
374.4522 -465.4546 3719.6582 199 188 148
377.8763 -465.9977 3723.9985 203 192 151
380.8635 -465.9977 3723.9985 204 192 151
384.2991 -466.5421 3728.3491 204 192 153
602.9421 -624.9766 4994.4707 182 171 129
606.0001 -624.0001 4986.6670 177 168 125
610.9547 -624.9766 4994.4707 174 164 120
613.0422 -623.0266 4978.8872 168 157 114
615.1167 -621.0887 4963.4009 162 153 109
619.0980 -621.0887 4963.4009 157 147 103
622.1118 -620.1243 4955.6938 150 142 99
626.0870 -620.1243 4955.6938 146 136 93
630.0622 -620.1243 4955.6938 139 130 87
634.0374 -620.1243 4955.6938 134 123 82
638.0125 -620.1243 4955.6938 127 116 77
640.9922 -619.1628 4948.0103 120 111 72
644.9612 -619.1628 4948.0103 115 107 68
647.9257 -618.2043 4940.3511 111 102 63
651.8886 -618.2043 4940.3511 110 101 63
655.8514 -618.2043 4940.3511 111 101 63
659.8143 -618.2043 4940.3511 111 100 63
662.7512 -617.2488 4932.7153 111 101 64
666.7079 -617.2488 4932.7153 111 102 64
670.6647 -617.2488 4932.7153 111 101 64
675.6657 -618.2043 4940.3511 112 102 66
678.5781 -617.2488 4932.7153 111 102 66
681.4815 -616.2963 4925.1030 110 101 64
684.3760 -615.3467 4917.5142 110 101 65
688.3206 -615.3467 4917.5142 111 100 65
692.2651 -615.3467 4917.5142 109 100 64
697.2840 -616.2963 4925.1030 108 102 63
701.2346 -616.2963 4925.1030 108 102 64
704.0986 -615.3467 4917.5142 108 100 64
708.0432 -615.3467 4917.5142 109 100 64
711.9877 -615.3467 4917.5142 110 101 64
717.0370 -616.2963 4925.1030 109 100 63
720.9877 -616.2963 4925.1030 109 101 63
726.0588 -617.2488 4932.7153 111 103 66
728.8889 -616.2963 4925.1030 114 106 69
732.8395 -616.2963 4925.1030 117 108 70
736.7902 -616.2963 4925.1030 120 110 72
740.7408 -616.2963 4925.1030 121 110 72
744.6914 -616.2963 4925.1030 122 111 73
749.7991 -617.2488 4932.7153 120 111 71
752.5927 -616.2963 4925.1030 121 111 72
757.7126 -617.2488 4932.7153 122 112 73
760.4938 -616.2963 4925.1030 125 115 76
765.6260 -617.2488 4932.7153 127 117 78
770.7740 -618.2043 4940.3511 131 120 81
774.7369 -618.2043 4940.3511 132 122 83
778.6998 -618.2043 4940.3511 132 122 84
782.6626 -618.2043 4940.3511 133 123 84
786.6254 -618.2043 4940.3511 131 121 82
790.5883 -618.2043 4940.3511 129 119 80
794.5511 -618.2043 4940.3511 127 118 78
798.5140 -618.2043 4940.3511 126 116 76
803.7209 -619.1628 4948.0103 126 116 75
807.6899 -619.1628 4948.0103 128 119 78
811.6589 -619.1628 4948.0103 129 120 79
815.6279 -619.1628 4948.0103 128 119 79
818.3282 -618.2043 4940.3511 129 118 81
823.5659 -619.1628 4948.0103 130 118 80
827.5349 -619.1628 4948.0103 133 121 83
831.5038 -619.1628 4948.0103 134 122 84
835.4729 -619.1628 4948.0103 131 121 82
839.4419 -619.1628 4948.0103 132 122 83
843.4108 -619.1628 4948.0103 134 125 86
848.6957 -620.1243 4955.6938 136 127 89
853.9969 -621.0887 4963.4009 139 128 90
857.9783 -621.0887 4963.4009 140 130 91
861.9596 -621.0887 4963.4009 142 133 92
865.9410 -621.0887 4963.4009 144 135 95
869.9223 -621.0887 4963.4009 146 135 97
869.8452 -618.2043 4940.3511 148 137 98
-402.6065 -503.6591 3999.3318 143 92 36
-398.8987 -503.0288 3994.3264 136 85 35
-396.6876 -504.2911 4004.3499 134 86 37
-392.9825 -503.6591 3999.3318 131 85 36
-389.2866 -503.0288 3994.3264 135 87 38
-387.0515 -504.2911 4004.3499 139 88 36
-384.3217 -504.9246 4009.3804 135 84 32
-377.8895 -504.9246 4009.3804 129 82 34
-374.6734 -504.9246 4009.3804 122 78 34
-368.2412 -504.9246 4009.3804 112 70 34
-365.0252 -504.9246 4009.3804 122 77 37
-231.6962 -508.7595 4039.8313 130 81 32
-217.4202 -513.3079 4075.9473 116 72 31
-213.8775 -512.6531 4070.7483 113 69 30
-210.0764 -511.3487 4060.3904 110 67 30
-207.3469 -512.6531 4070.7483 110 67 31
-204.0816 -512.6531 4070.7483 111 67 31
-200.3054 -511.3487 4060.3904 112 68 30
-138.7755 -512.6531 4070.7483 105 66 32
-135.3376 -512.0001 4065.5627 108 67 31
-122.6054 -513.3079 4075.9473 105 66 31
-119.6415 -514.6223 4086.3850 107 68 32
-116.3636 -514.6223 4086.3850 105 67 31
-112.7969 -513.3079 4075.9473 109 69 33
-109.6675 -513.9642 4081.1594 111 70 32
-106.2580 -513.3079 4075.9473 113 71 33
-102.8571 -512.6531 4070.7483 114 70 31
-99.7190 -513.3079 4075.9473 119 73 32
-93.2992 -513.9642 4081.1594 125 77 31
-90.1408 -514.6223 4086.3850 124 76 31
-86.8630 -514.6223 4086.3850 123 75 30
-83.5852 -514.6223 4086.3850 120 72 29
-80.3073 -514.6223 4086.3850 118 71 29
-76.9310 -513.9642 4081.1594 116 70 28
-73.7516 -514.6223 4086.3850 120 72 30
-70.4738 -514.6223 4086.3850 122 73 28
-67.2821 -515.2821 4091.6240 123 75 28
-64.0000 -515.2821 4091.6240 120 73 27
-60.6402 -514.6223 4086.3850 123 74 27
-57.4359 -515.2821 4091.6240 123 73 27
-54.2234 -515.9435 4096.8765 123 72 30
-50.9371 -515.9435 4096.8765 121 71 28
-47.6508 -515.9435 4096.8765 121 73 28
-44.3646 -515.9435 4096.8765 117 69 28
-41.0256 -515.2821 4091.6240 119 69 29
-37.7436 -515.2821 4091.6240 122 72 31
-34.4615 -515.2821 4091.6240 113 67 28
-31.2195 -515.9435 4096.8765 107 65 30
-27.9332 -515.9435 4096.8765 104 63 29
-24.6470 -515.9435 4096.8765 106 64 29
-21.3607 -515.9435 4096.8765 111 67 28
-18.0745 -515.9435 4096.8765 113 66 29
-14.7882 -515.9435 4096.8765 114 69 28
-11.5167 -516.6068 4102.1426 122 75 31
-8.2157 -515.9435 4096.8765 124 74 28
-4.9231 -515.2821 4091.6240 118 69 26
-1.6389 -514.6223 4086.3850 108 65 27
1.6389 -514.6223 4086.3850 93 57 25
4.9168 -514.6223 4086.3850 96 59 29
30.6150 -457.7677 3634.9280 100 61 27
33.5308 -457.7677 3634.9280 94 58 27
36.3636 -456.7273 3626.6667 91 58 33
39.1837 -455.6917 3618.4431 104 83 62
42.0385 -455.1756 3614.3452 139 135 132
44.9377 -455.1756 3614.3452 91 93 107
47.8369 -455.1756 3614.3452 70 73 100
50.6787 -454.6607 3610.2566 65 67 98
53.4537 -453.6344 3602.1069 57 59 95
56.4068 -454.1469 3606.1770 54 57 93
72.7897 -431.2447 3424.3206 70 71 97
75.2137 -429.4017 3409.6868 87 89 111
77.7825 -428.4861 3402.4165 112 113 129
80.4260 -428.0299 3398.7932 123 125 136
83.0638 -427.5745 3395.1775 135 138 145
85.6961 -427.1201 3391.5693 146 150 153
87.9493 -424.8626 3373.6436 155 159 159
90.4641 -423.9663 3366.5261 158 163 160
93.0664 -423.5196 3362.9788 161 166 164
95.5626 -422.6288 3355.9062 161 167 163
98.1513 -422.1849 3352.3811 165 170 165
100.6289 -421.2998 3345.3530 164 169 164
103.3124 -421.2998 3345.3530 164 169 166
105.6635 -419.9791 3334.8660 158 161 157
108.2255 -419.5407 3331.3850 156 160 151
110.8977 -419.5407 3331.3850 156 160 148
113.4515 -419.1033 3327.9111 149 154 142
116.1210 -419.1033 3327.9111 151 154 144
118.6667 -418.6667 3324.4446 146 149 138
121.3333 -418.6667 3324.4446 143 148 133
124.0000 -418.6667 3324.4446 149 153 136
126.6667 -418.6667 3324.4446 134 136 119
129.1988 -418.2310 3320.9851 116 116 101
131.8627 -418.2310 3320.9851 118 119 105
134.6667 -418.6667 3324.4446 101 103 90
137.0478 -417.7963 3317.5330 96 98 86
139.5639 -417.3624 3314.0879 112 114 102
142.2222 -417.3624 3314.0879 97 98 86
144.8806 -417.3624 3314.0879 90 91 79
147.3859 -416.9295 3310.6501 92 92 82
150.0415 -416.9295 3310.6501 72 72 61
152.6971 -416.9295 3310.6501 63 63 58
155.1917 -416.4974 3307.2195 55 55 51
157.8446 -416.4974 3307.2195 54 54 51
160.3313 -416.0663 3303.7959 57 57 52
162.8128 -415.6360 3300.3792 50 51 47
165.2893 -415.2066 3296.9697 47 49 47
167.9339 -415.2066 3296.9697 44 45 44
170.4025 -414.7782 3293.5674 41 41 38
173.0444 -414.7782 3293.5674 42 42 41
175.6863 -414.7782 3293.5674 43 43 44
178.1443 -414.3506 3290.1719 40 41 42
180.7835 -414.3506 3290.1719 33 32 35
183.4227 -414.3506 3290.1719 24 25 28
186.0619 -414.3506 3290.1719 23 24 26
188.7010 -414.3506 3290.1719 25 25 29
191.5377 -414.7782 3293.5674 23 23 27
194.1796 -414.7782 3293.5674 23 22 27
196.8215 -414.7782 3293.5674 25 25 29
199.4634 -414.7782 3293.5674 18 20 23
202.3141 -415.2066 3296.9697 17 19 21
204.9587 -415.2066 3296.9697 18 19 21
207.8180 -415.6360 3300.3792 18 17 20
210.4654 -415.6360 3300.3792 19 18 21
213.3333 -416.0663 3303.7959 18 20 23
215.9835 -416.0663 3303.7959 20 20 24
219.0871 -416.9295 3310.6501 19 19 21
221.9730 -417.3624 3314.0879 18 18 21
224.6314 -417.3624 3314.0879 16 16 21
227.2897 -417.3624 3314.0879 16 17 21
230.4267 -418.2310 3320.9851 17 18 21
233.0905 -418.2310 3320.9851 16 17 21
236.0000 -418.6667 3324.4446 16 16 21
238.6667 -418.6667 3324.4446 18 18 22
241.5850 -419.1033 3327.9111 17 17 20
244.5094 -419.5407 3331.3850 15 16 18
247.4399 -419.9791 3334.8660 18 18 21
250.3766 -420.4184 3338.3542 20 20 24
253.0544 -420.4184 3338.3542 18 18 21
256.0000 -420.8586 3341.8501 18 18 21
259.4958 -422.1849 3352.3811 16 18 21
262.7369 -423.0737 3359.4387 17 19 23
265.9916 -423.9663 3366.5261 21 21 25
271.5565 -428.4861 3402.4165 21 20 25
275.1658 -429.8610 3413.3335 23 23 26
277.9037 -429.8610 3413.3335 24 24 25
280.9422 -430.3212 3416.9880 27 27 26
284.9032 -432.1721 3431.6846 25 25 27
288.8985 -434.0389 3446.5083 25 24 27
292.2944 -434.9784 3453.9683 31 30 30
295.3846 -435.4497 3457.7104 42 42 38
298.4816 -435.9219 3461.4607 48 49 41
301.9131 -436.8696 3468.9856 63 65 51
307.7058 -441.1855 3503.2566 78 78 61
313.2669 -445.0942 3534.2932 96 95 75
316.4523 -445.5876 3538.2114 108 107 86
320.0000 -446.5778 3546.0742 110 110 88
323.9242 -448.0714 3557.9338 109 107 90
327.5084 -449.0726 3565.8845 95 94 83
347.4914 -460.3895 3655.7466 29 30 35
350.4239 -460.3895 3655.7466 25 26 31
354.5747 -461.9771 3668.3525 20 20 25
359.5838 -464.6474 3689.5569 20 19 23
363.8051 -466.2645 3702.3977 22 22 25
368.0559 -467.8929 3715.3279 35 35 32
371.0361 -467.8929 3715.3279 142 136 107
374.8892 -468.9848 3723.9985 197 188 149
378.3178 -469.5327 3728.3491 201 191 153
381.3084 -469.5327 3728.3491 202 191 154
385.6507 -471.1841 3741.4617 203 192 153
602.9421 -628.9828 4994.4707 197 186 146
606.9484 -628.9828 4994.4707 197 185 146
613.0422 -627.0203 4978.8872 194 185 144
616.0748 -626.0436 4971.1318 193 184 143
619.0980 -625.0700 4963.4009 194 184 143
623.0793 -625.0700 4963.4009 192 182 141
627.0607 -625.0700 4963.4009 193 181 141
631.0421 -625.0700 4963.4009 192 180 140
634.0374 -624.0994 4955.6938 190 179 137
638.0125 -624.0994 4955.6938 189 177 136
640.9922 -623.1318 4948.0103 186 176 134
644.9612 -623.1318 4948.0103 185 174 132
648.9302 -623.1318 4948.0103 183 172 130
652.8992 -623.1318 4948.0103 182 171 129
656.8682 -623.1318 4948.0103 179 169 126
659.8143 -622.1672 4940.3511 179 167 126
662.7512 -621.2056 4932.7153 177 166 124
666.7079 -621.2056 4932.7153 177 165 123
671.7028 -622.1672 4940.3511 176 164 123
675.6657 -622.1672 4940.3511 175 163 121
678.5781 -621.2056 4932.7153 174 162 120
681.4815 -620.2469 4925.1030 173 161 118
684.3760 -619.2913 4917.5142 172 160 118
689.3828 -620.2469 4925.1030 172 159 118
693.3334 -620.2469 4925.1030 172 159 118
697.2840 -620.2469 4925.1030 171 159 117
701.2346 -620.2469 4925.1030 171 159 118
705.1852 -620.2469 4925.1030 171 158 118
709.1359 -620.2469 4925.1030 172 159 119
713.0865 -620.2469 4925.1030 172 160 119
718.1453 -621.2056 4932.7153 172 159 119
722.1021 -621.2056 4932.7153 172 160 117
727.1827 -622.1672 4940.3511 172 159 117
730.0155 -621.2056 4932.7153 172 159 119
733.9722 -621.2056 4932.7153 171 159 119
739.0713 -622.1672 4940.3511 171 159 119
743.0341 -622.1672 4940.3511 171 158 118
746.9969 -622.1672 4940.3511 171 159 119
752.1240 -623.1318 4948.0103 172 160 120
754.9227 -622.1672 4940.3511 173 160 121
760.0620 -623.1318 4948.0103 172 160 121
761.6693 -621.2056 4932.7153 172 160 120
768.0000 -623.1318 4948.0103 172 160 120
771.9690 -623.1318 4948.0103 172 160 121
777.1429 -624.0994 4955.6938 172 160 120
781.1180 -624.0994 4955.6938 173 160 122
783.8760 -623.1318 4948.0103 172 161 123
787.8450 -623.1318 4948.0103 172 160 122
791.8140 -623.1318 4948.0103 172 160 122
795.7830 -623.1318 4948.0103 171 160 121
799.7520 -623.1318 4948.0103 171 160 120
804.9690 -624.0994 4955.6938 171 160 119
808.9442 -624.0994 4955.6938 169 159 119
812.9193 -624.0994 4955.6938 170 158 119
816.8945 -624.0994 4955.6938 169 157 120
819.5969 -623.1318 4948.0103 168 156 119
824.8448 -624.0994 4955.6938 168 156 117
828.8199 -624.0994 4955.6938 168 156 117
832.7951 -624.0994 4955.6938 168 156 118
836.7703 -624.0994 4955.6938 166 156 117
839.4419 -623.1318 4948.0103 166 156 117
844.7206 -624.0994 4955.6938 166 156 119
848.6957 -624.0994 4955.6938 167 157 120
853.9969 -625.0700 4963.4009 168 157 120
859.3146 -626.0436 4971.1318 169 157 119
863.3022 -626.0436 4971.1318 169 157 120
868.6428 -627.0203 4978.8872 168 158 120
871.2772 -626.0436 4971.1318 169 157 120
868.5009 -621.2056 4932.7153 170 158 121
-403.1117 -507.5031 4004.3499 135 83 34
-399.8997 -507.5031 4004.3499 134 81 33
-397.1859 -508.1407 4009.3804 138 86 35
-393.4756 -507.5031 4004.3499 134 83 33
-390.2635 -507.5031 4004.3499 139 87 35
-388.0252 -508.7799 4014.4236 142 90 33
-384.8051 -508.7799 4014.4236 135 83 30
-381.5849 -508.7799 4014.4236 135 83 33
-378.3648 -508.7799 4014.4236 136 84 34
-375.1447 -508.7799 4014.4236 133 82 33
-368.7044 -508.7799 4014.4236 125 77 33
-365.4843 -508.7799 4014.4236 118 73 32
-362.2642 -508.7799 4014.4236 121 74 32
-339.7233 -508.7799 4014.4236 134 84 34
-244.6582 -512.0001 4039.8313 119 72 28
-241.7237 -512.6489 4044.9514 119 71 29
-238.4791 -512.6489 4044.9514 120 73 29
-235.2345 -512.6489 4044.9514 123 76 29
-231.9899 -512.6489 4044.9514 127 79 30
-229.3266 -513.9518 4055.2310 127 77 28
-226.0737 -513.9518 4055.2310 124 75 28
-223.1044 -514.6057 4060.3904 123 77 30
-219.8473 -514.6057 4060.3904 120 76 30
-217.1429 -515.9184 4070.7483 117 74 29
-213.8775 -515.9184 4070.7483 112 69 28
-210.3440 -515.2612 4065.5627 110 68 29
-207.3469 -515.9184 4070.7483 112 70 30
-204.0816 -515.9184 4070.7483 112 70 28
-200.5605 -515.2612 4065.5627 113 70 28
-175.1407 -517.2379 4081.1594 102 65 28
-148.9514 -517.2379 4081.1594 109 70 31
-138.9528 -516.5773 4075.9473 115 73 28
-135.5102 -515.9184 4070.7483 121 76 30
-126.1972 -517.9001 4086.3850 125 79 31
-122.7622 -517.2379 4081.1594 127 79 31
-119.6415 -517.9001 4086.3850 128 81 31
-116.3636 -517.9001 4086.3850 127 80 32
-112.9412 -517.2379 4081.1594 127 81 32
-109.6675 -517.2379 4081.1594 127 82 32
-106.3939 -517.2379 4081.1594 129 82 30
-102.9885 -516.5773 4075.9473 129 82 30
-99.8465 -517.2379 4081.1594 130 82 29
-96.6965 -517.9001 4086.3850 130 84 29
-93.4187 -517.9001 4086.3850 130 83 30
-90.1408 -517.9001 4086.3850 128 79 30
-86.8630 -517.9001 4086.3850 130 82 31
-83.5852 -517.9001 4086.3850 130 83 30
-80.3073 -517.9001 4086.3850 132 84 29
-76.9310 -517.2379 4081.1594 131 81 26
-73.7516 -517.9001 4086.3850 135 83 28
-70.4738 -517.9001 4086.3850 134 83 29
-67.2821 -518.5641 4091.6240 133 82 28
-64.0000 -518.5641 4091.6240 130 79 26
-60.6402 -517.9001 4086.3850 128 79 27
-57.4359 -518.5641 4091.6240 128 78 26
-54.2234 -519.2299 4096.8765 127 79 27
-50.9371 -519.2299 4096.8765 122 78 26
-47.5897 -518.5641 4091.6240 120 75 27
-44.3646 -519.2299 4096.8765 122 77 29
-41.0256 -518.5641 4091.6240 125 78 29
-37.7436 -518.5641 4091.6240 125 79 28
-34.4615 -518.5641 4091.6240 125 80 28
-31.2195 -519.2299 4096.8765 129 83 31
-27.9332 -519.2299 4096.8765 129 82 30
-24.6470 -519.2299 4096.8765 130 84 30
-21.3607 -519.2299 4096.8765 134 88 31
-18.0745 -519.2299 4096.8765 133 86 31
-14.7882 -519.2299 4096.8765 131 85 30
-11.5019 -519.2299 4096.8765 135 87 32
-8.2157 -519.2299 4096.8765 130 85 32
-4.9231 -518.5641 4091.6240 120 79 30
-1.6389 -517.9001 4086.3850 115 77 31
1.6389 -517.9001 4086.3850 111 74 30
4.9168 -517.9001 4086.3850 111 76 32
30.6849 -461.7352 3643.2268 112 79 36
33.6073 -461.7352 3643.2268 109 77 34
36.4465 -460.6834 3634.9280 105 76 35
39.2727 -459.6364 3626.6667 118 94 57
42.1818 -459.6364 3626.6667 174 170 152
45.0397 -459.1147 3622.5503 180 187 183
47.9455 -459.1147 3622.5503 153 161 162
50.7937 -458.5941 3618.4431 96 100 117
53.6353 -458.0748 3614.3452 64 66 99
56.7273 -459.6364 3626.6667 54 58 93
72.9462 -434.9248 3431.6846 41 45 70
75.2941 -432.5990 3413.3335 45 47 71
77.7825 -431.2154 3402.4165 51 54 76
80.5117 -431.2154 3402.4165 51 54 75
83.1523 -430.7561 3398.7932 58 60 82
85.6961 -429.8406 3391.5693 54 56 77
88.0423 -428.0211 3377.2134 58 59 80
90.5597 -427.1172 3370.0811 76 78 95
93.1646 -426.6667 3366.5261 83 86 100
95.5626 -425.3207 3355.9062 91 94 105
98.2545 -425.3207 3355.9062 104 108 116
100.6289 -423.9832 3345.3530 112 116 122
103.2042 -423.5393 3341.8501 128 131 135
105.5532 -422.2130 3331.3850 130 133 134
108.2255 -422.2130 3331.3850 143 146 144
110.8977 -422.2130 3331.3850 142 147 145
113.4515 -421.7727 3327.9111 143 149 148
116.0000 -421.3334 3324.4446 144 148 148
118.6667 -421.3334 3324.4446 143 149 147
121.3333 -421.3334 3324.4446 146 151 147
124.0000 -421.3334 3324.4446 151 157 152
126.6667 -421.3334 3324.4446 149 154 149
129.1988 -420.8949 3320.9851 143 146 138
131.8627 -420.8949 3320.9851 150 152 143
134.5265 -420.8949 3320.9851 153 157 149
137.0478 -420.4574 3317.5330 141 145 138
139.5639 -420.0208 3314.0879 147 151 142
142.2222 -420.0208 3314.0879 146 151 140
144.8806 -420.0208 3314.0879 139 141 129
147.3859 -419.5851 3310.6501 140 142 128
149.8860 -419.1503 3307.2195 137 140 124
152.5389 -419.1503 3307.2195 129 131 114
155.0311 -418.7164 3303.7959 134 136 118
157.6812 -418.7164 3303.7959 118 119 101
160.1655 -418.2834 3300.3792 135 135 115
162.6446 -417.8513 3296.9697 126 128 108
165.1187 -417.4200 3293.5674 119 121 101
167.7606 -417.4200 3293.5674 123 124 104
170.2268 -416.9897 3290.1719 121 122 99
172.8660 -416.9897 3290.1719 118 119 99
175.5052 -416.9897 3290.1719 116 116 97
178.1443 -416.9897 3290.1719 104 103 84
180.5973 -416.5603 3286.7834 97 95 79
183.2338 -416.5603 3286.7834 76 75 61
185.8703 -416.5603 3286.7834 68 67 54
188.7010 -416.9897 3290.1719 81 81 69
191.3402 -416.9897 3290.1719 62 62 52
193.9794 -416.9897 3290.1719 67 66 58
196.8215 -417.4200 3293.5674 59 58 51
199.4634 -417.4200 3293.5674 51 50 42
202.1053 -417.4200 3293.5674 57 56 46
204.7472 -417.4200 3293.5674 48 47 39
207.6033 -417.8513 3296.9697 42 42 34
210.2479 -417.8513 3296.9697 40 41 35
213.1127 -418.2834 3300.3792 34 34 30
215.7601 -418.2834 3300.3792 33 33 31
218.8601 -419.1503 3307.2195 32 33 29
221.7428 -419.5851 3310.6501 30 30 28
224.6314 -420.0208 3314.0879 26 25 26
227.2897 -420.0208 3314.0879 27 27 26
230.4267 -420.8949 3320.9851 28 29 28
233.0905 -420.8949 3320.9851 29 29 29
236.0000 -421.3334 3324.4446 29 29 28
238.9155 -421.7727 3327.9111 31 31 28
241.8372 -422.2130 3331.3850 29 31 27
244.7649 -422.6541 3334.8660 29 30 26
247.6988 -423.0963 3338.3542 35 35 31
250.3766 -423.0963 3338.3542 43 43 37
253.0544 -423.0963 3338.3542 39 39 33
256.0000 -423.5393 3341.8501 45 45 37
259.4958 -424.8740 3352.3811 53 54 42
263.0137 -426.2171 3362.9788 62 62 48
266.8360 -428.0211 3377.2134 62 62 49
271.8463 -431.6756 3406.0479 66 67 53
275.1658 -432.5990 3413.3335 78 79 61
278.2013 -433.0621 3416.9880 88 89 69
281.2433 -433.5263 3420.6504 95 95 75
285.5173 -435.8621 3439.0806 90 90 72
289.2108 -437.2757 3450.2344 88 88 70
292.6111 -438.2232 3457.7104 99 99 77
295.7050 -438.6985 3461.4607 109 109 88
298.8057 -439.1748 3465.2190 107 107 87
302.5708 -440.6100 3476.5432 110 109 89
307.7058 -443.9957 3503.2566 107 107 90
312.9204 -447.4337 3530.3835 96 97 85
316.1019 -447.9291 3534.2932 78 78 70
319.6448 -448.9234 3542.1384 65 63 60
323.9242 -450.9253 3557.9338 54 53 54
327.5084 -451.9330 3565.8845 41 41 44
347.0938 -462.7918 3651.5637 19 20 25
350.0229 -462.7918 3651.5637 21 21 23
354.1676 -464.3858 3664.1409 19 19 20
359.5838 -467.6070 3689.5569 21 21 23
364.2277 -469.7794 3706.6978 25 25 26
368.0559 -470.8731 3715.3279 52 50 42
371.4685 -471.4219 3719.6582 157 152 119
374.8892 -471.9720 3723.9985 197 188 150
378.7603 -473.0760 3732.7097 198 190 152
381.7544 -473.0760 3732.7097 199 190 153
386.1033 -474.7418 3745.8530 201 191 153
606.9484 -632.9891 4994.4707 198 189 150
614.0001 -632.0001 4986.6670 198 188 148
616.0748 -630.0311 4971.1318 198 189 148
619.0980 -629.0513 4963.4009 198 188 148
623.0793 -629.0513 4963.4009 197 188 148
627.0607 -629.0513 4963.4009 197 188 148
631.0421 -629.0513 4963.4009 198 188 149
635.0234 -629.0513 4963.4009 197 188 148
638.0125 -628.0746 4955.6938 197 188 147
640.9922 -627.1008 4948.0103 196 187 147
645.9628 -628.0746 4955.6938 196 187 147
648.9302 -627.1008 4948.0103 196 187 147
653.9131 -628.0746 4955.6938 195 186 147
657.8882 -628.0746 4955.6938 195 186 145
661.8634 -628.0746 4955.6938 195 185 144
664.8062 -627.1008 4948.0103 195 186 145
668.7752 -627.1008 4948.0103 195 185 145
672.7442 -627.1008 4948.0103 194 185 144
678.8181 -629.0513 4963.4009 194 184 144
679.6285 -626.1301 4940.3511 193 183 142
682.5348 -625.1623 4932.7153 192 182 140
685.4321 -624.1976 4925.1030 192 182 140
690.4482 -625.1623 4932.7153 191 181 141
694.4050 -625.1623 4932.7153 191 180 139
699.4427 -626.1301 4940.3511 190 179 137
702.3185 -625.1623 4932.7153 190 179 138
705.1852 -624.1976 4925.1030 190 178 138
710.2319 -625.1623 4932.7153 188 177 136
713.0865 -624.1976 4925.1030 187 175 135
719.2570 -626.1301 4940.3511 186 175 135
722.1021 -625.1623 4932.7153 185 175 133
727.1827 -626.1301 4940.3511 184 173 133
731.1456 -626.1301 4940.3511 184 173 133
735.1084 -626.1301 4940.3511 183 172 133
739.0713 -626.1301 4940.3511 183 172 132
743.0341 -626.1301 4940.3511 183 171 131
748.1550 -627.1008 4948.0103 183 171 131
753.2920 -628.0746 4955.6938 183 171 132
757.2672 -628.0746 4955.6938 183 171 133
761.2423 -628.0746 4955.6938 181 171 133
762.8483 -626.1301 4940.3511 182 170 133
770.3889 -629.0513 4963.4009 181 169 132
774.3702 -629.0513 4963.4009 181 170 133
779.5638 -630.0311 4971.1318 181 170 132
783.5514 -630.0311 4971.1318 181 169 133
787.5390 -630.0311 4971.1318 180 170 134
791.5265 -630.0311 4971.1318 180 170 134
795.5140 -630.0311 4971.1318 180 169 133
798.2582 -629.0513 4963.4009 180 169 134
802.2395 -629.0513 4963.4009 180 170 134
808.7364 -631.0141 4978.8872 180 170 133
811.4642 -630.0311 4971.1318 180 169 133
815.4517 -630.0311 4971.1318 179 169 133
818.1649 -629.0513 4963.4009 178 168 133
820.8696 -628.0746 4955.6938 179 169 134
826.1276 -629.0513 4963.4009 179 169 134
830.1089 -629.0513 4963.4009 179 169 134
834.0903 -629.0513 4963.4009 180 169 134
838.0716 -629.0513 4963.4009 179 169 134
840.7454 -628.0746 4955.6938 179 169 134
846.0342 -629.0513 4963.4009 179 170 134
848.6957 -628.0746 4955.6938 179 169 135
856.6614 -631.0141 4978.8872 179 170 135
862.0001 -632.0001 4986.6670 179 170 134
-403.6181 -511.3568 4009.3804 137 90 33
-400.4020 -511.3568 4009.3804 140 94 34
-397.1859 -511.3568 4009.3804 142 96 36
-393.9699 -511.3568 4009.3804 143 96 36
-390.7538 -511.3568 4009.3804 141 94 34
-388.0252 -512.0001 4014.4236 142 95 33
-384.8051 -512.0001 4014.4236 141 95 34
-381.5849 -512.0001 4014.4236 137 92 32
-378.3648 -512.0001 4014.4236 140 95 34
-375.1447 -512.0001 4014.4236 139 96 34
-371.9246 -512.0001 4014.4236 140 99 38
-368.7044 -512.0001 4014.4236 141 99 38
-365.4843 -512.0001 4014.4236 137 96 36
-362.7204 -512.6449 4019.4795 132 93 34
-359.4962 -512.6449 4019.4795 133 92 35
-356.2720 -512.6449 4019.4795 138 95 37
-352.6038 -512.0001 4014.4236 137 96 37
-349.3837 -512.0001 4014.4236 136 96 37
-346.1635 -512.0001 4014.4236 131 92 35
-343.3753 -512.6449 4019.4795 133 93 37
-339.7233 -512.0001 4014.4236 139 99 39
-336.9270 -512.6449 4019.4795 144 103 40
-333.7028 -512.6449 4019.4795 147 106 42
-330.4786 -512.6449 4019.4795 145 104 40
-273.4766 -514.5892 4034.7241 153 116 48
-263.7674 -514.5892 4034.7241 158 122 52
-260.5310 -514.5892 4034.7241 153 117 48
-247.8987 -515.2405 4039.8313 153 116 49
-244.6582 -515.2405 4039.8313 155 119 52
-241.7237 -515.8936 4044.9514 156 120 51
-238.4791 -515.8936 4044.9514 152 115 47
-235.2345 -515.8936 4044.9514 151 115 47
-231.9899 -515.8936 4044.9514 154 118 51
-229.0355 -516.5483 4050.0847 154 120 51
-226.0737 -517.2047 4055.2310 157 124 53
-222.8208 -517.2047 4055.2310 158 124 54
-219.8473 -517.8626 4060.3904 155 120 52
-216.8663 -518.5223 4065.5627 157 121 53
-213.6051 -518.5223 4065.5627 156 121 52
-210.0764 -517.8626 4060.3904 154 120 49
-207.0828 -518.5223 4065.5627 156 121 49
-203.8217 -518.5223 4065.5627 156 120 51
-200.3054 -517.8626 4060.3904 154 118 49
-197.8033 -519.8468 4075.9473 155 120 50
-194.2857 -519.1837 4070.7483 154 120 51
-191.0204 -519.1837 4070.7483 152 118 50
-188.2353 -520.5115 4081.1594 150 115 48
-184.9616 -520.5115 4081.1594 151 116 49
-181.4559 -519.8468 4075.9473 155 120 53
-177.9592 -519.1837 4070.7483 153 119 52
-174.9170 -519.8468 4075.9473 151 117 48
-171.6475 -519.8468 4075.9473 150 115 47
-168.1633 -519.1837 4070.7483 152 117 50
-164.8980 -519.1837 4070.7483 151 118 52
-161.8391 -519.8468 4075.9473 153 119 54
-158.5696 -519.8468 4075.9473 153 119 53
-155.4987 -520.5115 4081.1594 149 117 51
-152.2251 -520.5115 4081.1594 151 118 53
-148.7612 -519.8468 4075.9473 151 120 53
-145.3061 -519.1837 4070.7483 149 118 51
-142.2222 -519.8468 4075.9473 149 118 49
-138.9528 -519.8468 4075.9473 153 121 51
-135.6833 -519.8468 4075.9473 156 122 54
-132.4138 -519.8468 4075.9473 157 122 54
-129.3095 -520.5115 4081.1594 155 121 52
-126.0358 -520.5115 4081.1594 155 120 54
-122.7622 -520.5115 4081.1594 155 120 54
-119.6415 -521.1780 4086.3850 157 122 55
-116.3636 -521.1780 4086.3850 158 125 53
-112.9412 -520.5115 4081.1594 160 126 54
-109.6675 -520.5115 4081.1594 158 123 52
-106.3939 -520.5115 4081.1594 157 121 52
-103.1202 -520.5115 4081.1594 156 121 51
-99.8465 -520.5115 4081.1594 156 122 52
-96.6965 -521.1780 4086.3850 155 122 52
-93.4187 -521.1780 4086.3850 153 117 48
-90.1408 -521.1780 4086.3850 150 113 44
-86.8630 -521.1780 4086.3850 151 115 48
-83.5852 -521.1780 4086.3850 155 119 50
-80.3073 -521.1780 4086.3850 154 116 48
-76.9310 -520.5115 4081.1594 154 117 48
-73.6573 -520.5115 4081.1594 154 118 49
-70.4738 -521.1780 4086.3850 155 119 51
-67.1959 -521.1780 4086.3850 154 116 49
-63.9181 -521.1780 4086.3850 151 113 47
-60.6402 -521.1780 4086.3850 151 113 49
-57.3624 -521.1780 4086.3850 151 115 48
-54.1539 -521.8462 4091.6240 152 117 47
-50.8718 -521.8462 4091.6240 153 119 49
-47.5897 -521.8462 4091.6240 153 119 49
-44.3077 -521.8462 4091.6240 155 121 51
-40.9731 -521.1780 4086.3850 156 122 50
-37.7436 -521.8462 4091.6240 155 122 51
-34.4615 -521.8462 4091.6240 153 120 51
-31.1795 -521.8462 4091.6240 155 120 50
-27.8974 -521.8462 4091.6240 154 118 49
-24.6154 -521.8462 4091.6240 153 118 48
-21.3333 -521.8462 4091.6240 155 120 49
-18.0513 -521.8462 4091.6240 151 116 48
-14.7882 -522.5161 4096.8765 154 120 53
-11.5019 -522.5161 4096.8765 156 125 57
-8.2157 -522.5161 4096.8765 157 126 58
-4.9231 -521.8462 4091.6240 156 125 58
-1.6389 -521.1780 4086.3850 156 125 57
1.6389 -521.1780 4086.3850 155 123 55
4.9105 -520.5115 4081.1594 154 121 53
27.8261 -465.7208 3651.5637 147 117 51
30.7200 -465.1886 3647.3906 145 113 51
33.6073 -464.6576 3643.2268 142 111 50
36.4465 -463.5991 3634.9280 139 109 51
39.2727 -462.5455 3626.6667 143 118 68
42.1818 -462.5455 3626.6667 181 173 147
45.0909 -462.5455 3626.6667 201 206 199
48.0000 -462.5455 3626.6667 196 203 200
50.8513 -462.0205 3622.5503 179 185 184
53.7571 -462.0205 3622.5503 115 120 128
56.7918 -463.0717 3630.7927 69 72 95
75.4555 -436.2701 3420.6504 43 49 73
77.8655 -434.4077 3406.0479 41 46 70
80.5977 -434.4077 3406.0479 37 42 64
83.2409 -433.9446 3402.4165 36 40 58
85.7872 -433.0213 3395.1775 36 39 56
88.2291 -431.6437 3384.3762 34 37 56
90.7513 -430.7302 3377.2134 35 39 58
93.1646 -429.3671 3366.5261 37 40 59
95.5626 -428.0127 3355.9062 37 39 54
98.0483 -427.1144 3348.8633 38 41 55
100.4184 -425.7740 3338.3542 37 39 54
102.8810 -424.8852 3331.3850 39 43 55
105.2237 -423.5588 3320.9851 44 46 61
107.8876 -423.5588 3320.9851 57 59 74
110.4366 -423.1185 3317.5330 68 70 85
113.0977 -423.1185 3317.5330 74 78 91
115.7588 -423.1185 3317.5330 68 71 84
118.4200 -423.1185 3317.5330 72 73 85
121.0811 -423.1185 3317.5330 83 83 92
123.7422 -423.1185 3317.5330 83 86 96
126.5349 -423.5588 3320.9851 88 90 99
129.0645 -423.1185 3317.5330 101 105 112
131.7256 -423.1185 3317.5330 91 97 101
134.3867 -423.1185 3317.5330 102 105 108
136.9055 -422.6792 3314.0879 110 112 115
139.5639 -422.6792 3314.0879 103 106 108
142.0747 -422.2407 3310.6501 116 119 118
144.7303 -422.2407 3310.6501 116 119 116
147.0808 -421.3665 3303.7959 113 116 113
149.5760 -420.9308 3300.3792 123 125 120
152.2234 -420.9308 3300.3792 120 123 116
154.7108 -420.4959 3296.9697 126 127 119
157.3554 -420.4959 3296.9697 121 122 111
159.6701 -419.6289 3290.1719 123 124 115
162.3093 -419.6289 3290.1719 127 129 118
164.7786 -419.1967 3286.7834 126 128 116
167.4150 -419.1967 3286.7834 128 129 117
170.0515 -419.1967 3286.7834 132 133 119
172.5103 -418.7655 3283.4021 133 135 121
175.1440 -418.7655 3283.4021 136 137 123
177.7778 -418.7655 3283.4021 127 127 111
180.4115 -418.7655 3283.4021 132 132 114
182.8572 -418.3351 3280.0276 134 134 114
185.6790 -418.7655 3283.4021 127 127 108
188.5067 -419.1967 3286.7834 134 133 112
191.1432 -419.1967 3286.7834 130 129 108
193.7796 -419.1967 3286.7834 124 124 104
196.4161 -419.1967 3286.7834 118 118 100
199.2577 -419.6289 3290.1719 114 112 92
201.8969 -419.6289 3290.1719 121 119 97
204.5361 -419.6289 3290.1719 119 119 95
207.3891 -420.0620 3293.5674 113 113 89
210.0310 -420.0620 3293.5674 101 101 80
212.8926 -420.4959 3296.9697 99 98 77
215.7601 -420.9308 3300.3792 88 87 65
218.8601 -421.8031 3307.2195 88 89 69
221.5130 -421.8031 3307.2195 92 92 73
224.6314 -422.6792 3314.0879 88 85 66
227.0540 -422.2407 3310.6501 89 88 66
230.4267 -423.5588 3320.9851 90 90 70
233.0905 -423.5588 3320.9851 92 91 73
236.2461 -424.4422 3327.9111 95 95 73
238.9155 -424.4422 3327.9111 98 97 76
241.8372 -424.8852 3331.3850 96 96 74
244.7649 -425.3292 3334.8660 96 96 75
247.9581 -426.2199 3341.8501 102 101 78
250.6387 -426.2199 3341.8501 109 108 84
253.3194 -426.2199 3341.8501 110 108 85
256.2684 -426.6667 3345.3530 115 113 89
260.0421 -428.4632 3359.4387 115 114 89
263.2912 -429.3671 3366.5261 117 115 91
267.1187 -431.1864 3380.7910 118 115 93
271.8463 -434.4077 3406.0479 113 111 91
275.1658 -435.3369 3413.3335 113 112 91
278.2013 -435.8031 3416.9880 113 112 92
281.2433 -436.2701 3420.6504 107 106 89
285.5173 -438.6207 3439.0806 100 99 85
289.5238 -440.5195 3453.9683 100 99 86
292.9284 -441.4751 3461.4607 96 95 84
296.0261 -441.9544 3465.2190 81 79 72
298.8057 -441.9544 3465.2190 71 69 65
303.2314 -444.3669 3484.1340 58 57 55
308.3829 -447.7888 3510.9646 43 43 44
312.9204 -450.2655 3530.3835 30 31 35
316.1019 -450.7642 3534.2932 21 24 29
320.0000 -452.2667 3546.0742 21 23 28
324.2857 -454.2857 3561.9048 25 26 31
327.8748 -455.3021 3569.8733 22 23 28
347.0938 -465.7208 3651.5637 20 19 24
349.6229 -465.1886 3647.3906 21 21 24
353.3563 -466.2543 3655.7466 27 28 28
360.0000 -471.1111 3693.8271 35 36 33
365.0757 -473.8533 3715.3279 53 54 43
368.4849 -474.4056 3719.6582 104 103 78
371.9020 -474.9592 3723.9985 173 169 131
375.3271 -475.5140 3728.3491 196 187 150
379.2038 -476.6277 3737.0806 196 189 150
382.6495 -477.1864 3741.4617 197 190 152
387.0118 -478.8706 3754.6667 198 190 152
614.9609 -636.9953 4994.4707 199 191 152
616.0748 -634.0187 4971.1318 198 190 151
619.0980 -633.0327 4963.4009 198 190 151
624.0499 -634.0187 4971.1318 199 190 151
628.0374 -634.0187 4971.1318 199 191 152
632.0249 -634.0187 4971.1318 198 190 151
635.0234 -633.0327 4963.4009 198 189 151
639.0047 -633.0327 4963.4009 198 189 150
640.9922 -631.0698 4948.0103 197 188 151
646.9673 -633.0327 4963.4009 198 189 151
649.9379 -632.0497 4955.6938 197 189 150
654.9301 -633.0327 4963.4009 197 188 151
658.9114 -633.0327 4963.4009 197 188 150
662.8928 -633.0327 4963.4009 196 188 150
665.8386 -632.0497 4955.6938 196 188 149
670.8554 -633.0327 4963.4009 197 188 150
675.8879 -634.0187 4971.1318 197 188 150
680.9360 -635.0078 4978.8872 196 187 150
681.7392 -632.0497 4955.6938 196 187 149
691.5171 -630.0929 4940.3511 196 187 150
696.5582 -631.0698 4948.0103 196 187 149
701.6149 -632.0497 4955.6938 195 187 148
703.4056 -630.0929 4940.3511 195 187 149
706.2751 -629.1191 4932.7153 196 187 149
719.2570 -630.0929 4940.3511 196 187 151
727.1827 -630.0929 4940.3511 194 186 149
731.1456 -630.0929 4940.3511 194 186 149
736.2480 -631.0698 4948.0103 193 186 149
740.2171 -631.0698 4948.0103 193 186 149
743.0341 -630.0929 4940.3511 193 185 149
758.4448 -633.0327 4963.4009 194 185 149
762.4261 -633.0327 4963.4009 195 185 149
764.0311 -631.0698 4948.0103 194 184 148
772.7925 -635.0078 4978.8872 193 183 147
776.7863 -635.0078 4978.8872 192 184 148
782.0001 -636.0001 4986.6670 191 183 147
786.0001 -636.0001 4986.6670 190 181 146
790.0001 -636.0001 4986.6670 190 181 146
794.0001 -636.0001 4986.6670 188 180 145
798.0001 -636.0001 4986.6670 187 179 144
800.7488 -635.0078 4978.8872 187 179 143
804.7426 -635.0078 4978.8872 187 177 143
815.2739 -636.9953 4994.4707 185 177 141
818.0001 -636.0001 4986.6670 185 176 141
820.7177 -635.0078 4978.8872 184 176 142
824.7114 -635.0078 4978.8872 183 175 142
828.7052 -635.0078 4978.8872 184 175 142
831.4019 -634.0187 4971.1318 183 175 140
838.0001 -636.0001 4986.6670 182 175 141
840.6865 -635.0078 4978.8872 183 175 142
843.3645 -634.0187 4971.1318 183 175 141
850.0001 -636.0001 4986.6670 184 174 142
852.6677 -635.0078 4978.8872 183 174 141
859.3428 -636.9953 4994.4707 183 174 141
-403.6181 -514.5729 4009.3804 166 130 55
-400.4020 -514.5729 4009.3804 168 132 57
-397.6855 -515.2202 4014.4236 166 130 56
-393.9699 -514.5729 4009.3804 167 132 58
-390.7538 -514.5729 4009.3804 166 131 56
-388.0252 -515.2202 4014.4236 168 133 59
-384.8051 -515.2202 4014.4236 166 131 57
-381.5849 -515.2202 4014.4236 163 128 55
-377.8895 -514.5729 4009.3804 165 128 56
-375.1447 -515.2202 4014.4236 164 128 56
-371.9246 -515.2202 4014.4236 165 131 58
-368.7044 -515.2202 4014.4236 168 136 60
-365.4843 -515.2202 4014.4236 169 135 60
-362.2642 -515.2202 4014.4236 165 130 55
-359.0440 -515.2202 4014.4236 165 130 56
-355.8239 -515.2202 4014.4236 164 130 56
-352.6038 -515.2202 4014.4236 164 130 58
-349.3837 -515.2202 4014.4236 164 129 56
-346.1635 -515.2202 4014.4236 163 128 52
-342.9434 -515.2202 4014.4236 163 128 53
-339.7233 -515.2202 4014.4236 163 128 54
-336.9270 -515.8691 4019.4795 161 126 53
-333.7028 -515.8691 4019.4795 164 130 56
-330.4786 -515.8691 4019.4795 164 131 56
-327.2544 -515.8691 4019.4795 161 128 54
-324.0302 -515.8691 4019.4795 159 124 52
-305.8407 -517.8256 4034.7241 159 123 50
-302.6043 -517.8256 4034.7241 161 124 50
-299.3679 -517.8256 4034.7241 163 129 55
-296.5063 -518.4810 4039.8313 162 128 55
-292.8951 -517.8256 4034.7241 161 126 54
-289.6587 -517.8256 4034.7241 158 124 53
-283.1859 -517.8256 4034.7241 154 121 52
-280.3038 -518.4810 4039.8313 161 128 59
-276.7130 -517.8256 4034.7241 165 131 60
-273.4766 -517.8256 4034.7241 164 130 56
-270.2402 -517.8256 4034.7241 161 126 52
-267.0038 -517.8256 4034.7241 160 125 53
-263.7674 -517.8256 4034.7241 164 130 58
-260.5310 -517.8256 4034.7241 164 131 58
-257.2946 -517.8256 4034.7241 160 126 55
-254.0582 -517.8256 4034.7241 156 122 53
-250.8218 -517.8256 4034.7241 156 122 53
-247.5854 -517.8256 4034.7241 162 128 57
-244.3489 -517.8256 4034.7241 165 131 60
-241.7237 -519.1382 4044.9514 165 132 60
-238.4791 -519.1382 4044.9514 164 131 57
-234.9367 -518.4810 4039.8313 162 128 55
-231.9899 -519.1382 4044.9514 162 128 56
-229.0355 -519.7970 4050.0847 162 128 58
-225.7868 -519.7970 4050.0847 161 129 60
-222.5381 -519.7970 4050.0847 154 122 56
-219.2894 -519.7970 4050.0847 152 118 53
-216.3151 -520.4575 4055.2310 159 125 56
-213.0623 -520.4575 4055.2310 164 131 60
-209.8094 -520.4575 4055.2310 166 134 61
-206.8194 -521.1196 4060.3904 164 132 57
-203.5624 -521.1196 4060.3904 162 128 55
-200.0508 -520.4575 4055.2310 161 127 56
-197.5510 -522.4490 4070.7483 160 125 56
-193.7914 -521.1196 4060.3904 160 127 58
-190.7771 -521.7835 4065.5627 155 123 55
-187.5159 -521.7835 4065.5627 151 119 50
-184.2548 -521.7835 4065.5627 155 122 53
-180.9936 -521.7835 4065.5627 161 128 60
-177.5064 -521.1196 4060.3904 165 132 63
-174.4713 -521.7835 4065.5627 163 133 62
-171.4286 -522.4490 4070.7483 161 130 60
-167.9491 -521.7835 4065.5627 161 128 59
-164.6879 -521.7835 4065.5627 160 128 58
-161.4268 -521.7835 4065.5627 162 130 60
-158.1656 -521.7835 4065.5627 161 129 60
-155.1021 -522.4490 4070.7483 158 125 59
-152.0307 -523.1163 4075.9473 159 127 60
-148.5714 -522.4490 4070.7483 160 128 61
-145.1210 -521.7835 4065.5627 161 130 63
-142.0408 -522.4490 4070.7483 164 133 63
-138.7755 -522.4490 4070.7483 167 136 64
-135.5102 -522.4490 4070.7483 166 135 63
-132.2449 -522.4490 4070.7483 163 132 60
-129.1443 -523.1163 4075.9473 160 127 58
-125.8748 -523.1163 4075.9473 153 118 54
-122.4490 -522.4490 4070.7483 141 106 46
-119.3359 -523.1163 4075.9473 141 107 48
-116.2148 -523.7852 4081.1594 153 120 54
-112.7969 -523.1163 4075.9473 157 124 57
-109.5275 -523.1163 4075.9473 162 129 60
-106.2580 -523.1163 4075.9473 165 132 62
-102.9885 -523.1163 4075.9473 164 131 60
-99.7190 -523.1163 4075.9473 164 131 59
-96.5729 -523.7852 4081.1594 163 129 59
-93.2992 -523.7852 4081.1594 156 122 54
-90.0256 -523.7852 4081.1594 149 116 49
-86.7519 -523.7852 4081.1594 152 119 55
-83.4783 -523.7852 4081.1594 155 121 55
-80.2046 -523.7852 4081.1594 158 124 57
-76.8327 -523.1163 4075.9473 158 125 56
-73.6573 -523.7852 4081.1594 159 126 57
-70.3836 -523.7852 4081.1594 157 123 54
-67.1100 -523.7852 4081.1594 158 124 53
-63.9181 -524.4559 4086.3850 156 123 52
-60.6402 -524.4559 4086.3850 156 123 56
-57.2890 -523.7852 4081.1594 150 117 52
-54.0845 -524.4559 4086.3850 141 107 46
-50.8067 -524.4559 4086.3850 143 109 49
-47.5288 -524.4559 4086.3850 149 117 54
-44.2510 -524.4559 4086.3850 156 123 57
-40.9731 -524.4559 4086.3850 158 126 57
-37.6953 -524.4559 4086.3850 157 126 57
-34.4174 -524.4559 4086.3850 157 126 59
-31.1396 -524.4559 4086.3850 156 123 56
-27.8974 -525.1282 4091.6240 153 120 53
-24.6154 -525.1282 4091.6240 151 118 53
-21.3060 -524.4559 4086.3850 146 113 51
-18.0513 -525.1282 4091.6240 137 104 44
-14.7692 -525.1282 4091.6240 140 107 48
-11.4872 -525.1282 4091.6240 146 115 52
-8.2051 -525.1282 4091.6240 152 121 57
-4.9168 -524.4559 4086.3850 159 129 64
-1.6368 -523.7852 4081.1594 160 129 64
1.6368 -523.7852 4081.1594 159 128 62
4.9105 -523.7852 4081.1594 158 127 60
27.8261 -468.6499 3651.5637 148 120 58
30.7200 -468.1143 3647.3906 146 116 54
33.6073 -467.5800 3643.2268 141 110 50
36.4465 -466.5149 3634.9280 137 106 48
39.3174 -465.9841 3630.7927 143 117 66
42.2298 -465.9841 3630.7927 176 169 142
45.1422 -465.9841 3630.7927 205 210 202
48.0546 -465.9841 3630.7927 205 211 206
50.9670 -465.9841 3630.7927 200 207 200
53.9408 -466.5149 3634.9280 194 201 195
56.8565 -466.5149 3634.9280 160 166 163
75.7804 -440.9042 3435.3787 41 45 69
77.9487 -437.6069 3409.6868 39 41 67
80.6838 -437.6069 3409.6868 38 41 66
83.3298 -437.1398 3406.0479 33 38 59
85.7872 -435.7447 3395.1775 31 36 56
88.3227 -434.8196 3387.9690 31 35 55
90.7513 -433.4391 3377.2134 30 34 54
93.1646 -432.0675 3366.5261 32 37 54
99.5851 -424.8963 3310.6501 28 34 51
102.2407 -424.8963 3310.6501 31 36 52
104.7876 -424.4560 3307.2195 32 37 51
107.5519 -424.8963 3310.6501 36 39 55
110.2075 -424.8963 3310.6501 35 39 54
112.8631 -424.8963 3310.6501 37 41 55
115.5187 -424.8963 3310.6501 34 37 51
118.1743 -424.8963 3310.6501 27 31 45
120.8299 -424.8963 3310.6501 30 32 45
123.4855 -424.8963 3310.6501 30 33 47
126.2721 -425.3375 3314.0879 29 30 43
128.9304 -425.3375 3314.0879 33 36 50
131.7256 -425.7796 3317.5330 31 35 47
134.3867 -425.7796 3317.5330 39 41 53
137.0478 -425.7796 3317.5330 35 36 49
139.7090 -425.7796 3317.5330 36 38 50
142.2222 -425.3375 3314.0879 41 43 55
145.0312 -425.7796 3317.5330 43 45 59
147.0808 -424.0166 3303.7959 38 40 52
149.4215 -423.1405 3296.9697 49 50 61
152.0661 -423.1405 3296.9697 46 47 58
154.3918 -422.2681 3290.1719 50 52 61
157.0309 -422.2681 3290.1719 54 55 63
159.3416 -421.3992 3283.4021 50 52 58
161.9753 -421.3992 3283.4021 63 63 68
164.4399 -420.9661 3280.0276 71 71 74
167.2428 -421.3992 3283.4021 72 72 73
169.8766 -421.3992 3283.4021 88 88 86
172.3330 -420.9661 3280.0276 85 86 84
174.7844 -420.5339 3276.6599 91 91 90
177.2308 -420.1026 3273.2993 99 98 95
180.0411 -420.5339 3276.6599 94 94 86
182.4821 -420.1026 3273.2993 108 108 99
185.2978 -420.5339 3276.6599 112 111 103
188.1192 -420.9661 3280.0276 112 109 99
190.7503 -420.9661 3280.0276 109 108 98
193.3813 -420.9661 3280.0276 109 109 99
196.2140 -421.3992 3283.4021 106 105 93
198.8477 -421.3992 3283.4021 109 106 92
201.4815 -421.3992 3283.4021 113 112 96
204.3255 -421.8332 3286.7834 122 121 103
206.9619 -421.8332 3286.7834 116 113 97
209.8144 -422.2681 3290.1719 109 107 89
212.6729 -422.7038 3293.5674 116 116 96
215.5372 -423.1405 3296.9697 117 117 99
218.6336 -424.0166 3303.7959 107 106 90
221.5130 -424.4560 3307.2195 112 111 93
224.6314 -425.3375 3314.0879 110 109 90
227.2897 -425.3375 3314.0879 110 108 91
230.1871 -425.7796 3317.5330 106 105 87
233.0905 -426.2227 3320.9851 115 113 94
236.2461 -427.1116 3327.9111 119 119 97
238.9155 -427.1116 3327.9111 117 116 95
242.0899 -428.0042 3334.8660 109 107 89
245.0209 -428.4519 3338.3542 114 112 93
247.9581 -428.9005 3341.8501 113 114 93
250.6387 -428.9005 3341.8501 113 114 95
253.5849 -429.3502 3345.3530 107 108 90
256.5373 -429.8007 3348.8633 107 108 91
260.3161 -431.6123 3362.9788 92 92 79
263.8478 -432.9810 3373.6436 83 83 74
267.6858 -434.8196 3387.9690 82 83 75
271.8463 -437.1398 3406.0479 71 72 66
275.1658 -438.0749 3413.3335 65 64 61
278.2013 -438.5439 3416.9880 56 56 55
281.2433 -439.0140 3420.6504 42 42 43
285.8253 -441.8555 3442.7905 36 36 39
289.8375 -443.7704 3457.7104 34 34 37
293.2465 -444.7340 3465.2190 34 33 37
296.3478 -445.2174 3468.9856 24 23 28
299.4559 -445.7018 3472.7603 20 20 25
303.8950 -448.1400 3491.7578 25 25 29
308.7225 -451.1013 3514.8313 22 23 29
312.9204 -453.0974 3530.3835 19 20 27
316.1019 -453.5992 3534.2932 18 20 25
320.0000 -455.1111 3546.0742 16 19 22
324.6481 -457.6536 3565.8845 17 20 23
327.8748 -458.1656 3569.8733 18 20 24
342.2071 -465.9841 3630.7927 28 29 30
347.0938 -468.6499 3651.5637 35 37 35
350.0229 -468.6499 3651.5637 56 58 47
353.3563 -469.1867 3655.7466 81 81 64
359.1686 -472.9792 3685.2964 96 96 74
364.2277 -475.7259 3706.6978 111 112 86
368.0559 -476.8335 3715.3279 132 131 100
371.9020 -477.9464 3723.9985 176 172 136
375.3271 -478.5047 3728.3491 195 188 150
379.2038 -479.6253 3737.0806 195 190 152
382.2014 -479.6253 3737.0806 197 190 153
386.5570 -481.3161 3750.2546 198 190 153
618.9672 -641.0016 4994.4707 199 192 157
621.0297 -639.0016 4978.8872 200 192 157
626.0001 -640.0001 4986.6670 200 192 157
629.0172 -639.0016 4978.8872 199 192 157
634.0001 -640.0001 4986.6670 199 192 157
637.0047 -639.0016 4978.8872 200 192 156
639.0047 -637.0140 4963.4009 198 192 155
640.9922 -635.0388 4948.0103 198 191 156
646.9673 -637.0140 4963.4009 198 192 156
648.9302 -635.0388 4948.0103 197 191 155
654.9301 -637.0140 4963.4009 197 191 155
659.9377 -638.0063 4971.1318 197 191 155
663.9252 -638.0063 4971.1318 197 191 155
666.8740 -637.0140 4963.4009 197 191 155
680.9360 -639.0016 4978.8872 196 191 154
763.6137 -638.0063 4971.1318 198 192 160
779.2176 -641.0016 4994.4707 199 192 160
782.0001 -640.0001 4986.6670 199 192 158
787.2301 -641.0016 4994.4707 198 192 157
791.2363 -641.0016 4994.4707 198 191 158
799.2488 -641.0016 4994.4707 197 191 157
803.2551 -641.0016 4994.4707 196 190 156
807.2614 -641.0016 4994.4707 195 189 155
819.2802 -641.0016 4994.4707 194 188 153
823.2864 -641.0016 4994.4707 194 187 153
827.2927 -641.0016 4994.4707 193 185 153
830.0001 -640.0001 4986.6670 192 185 152
835.3052 -641.0016 4994.4707 191 185 152
846.0001 -640.0001 4986.6670 189 183 150
-403.6181 -517.7890 4009.3804 164 128 55
-400.4020 -517.7890 4009.3804 166 131 58
-397.6855 -518.4402 4014.4236 165 133 59
-393.9699 -517.7890 4009.3804 163 130 58
-390.7538 -517.7890 4009.3804 157 123 55
-388.0252 -518.4402 4014.4236 153 119 53
-384.3217 -517.7890 4009.3804 155 121 54
-381.1055 -517.7890 4009.3804 161 126 57
-377.8895 -517.7890 4009.3804 164 130 59
-374.6734 -517.7890 4009.3804 165 132 59
-371.4573 -517.7890 4009.3804 165 132 58
-368.2412 -517.7890 4009.3804 168 135 62
-365.0252 -517.7890 4009.3804 168 135 62
-362.2642 -518.4402 4014.4236 162 129 57
-359.0440 -518.4402 4014.4236 155 121 53
-355.3769 -517.7890 4009.3804 143 110 46
-352.1608 -517.7890 4009.3804 140 107 46
-348.9448 -517.7890 4009.3804 151 117 53
-345.7287 -517.7890 4009.3804 154 120 52
-342.5126 -517.7890 4009.3804 160 128 58
-339.7233 -518.4402 4014.4236 165 133 61
-336.5031 -518.4402 4014.4236 164 131 59
-333.2831 -518.4402 4014.4236 162 129 58
-330.4786 -519.0932 4019.4795 158 125 56
-327.2544 -519.0932 4019.4795 151 117 50
-324.0302 -519.0932 4019.4795 143 109 44
-320.8061 -519.0932 4019.4795 134 99 37
-317.9824 -519.7479 4024.5483 133 100 40
-314.7541 -519.7479 4024.5483 147 113 50
-311.9192 -520.4041 4029.6296 152 117 51
-308.6869 -520.4041 4029.6296 159 125 57
-305.8407 -521.0620 4034.7241 161 127 56
-302.6043 -521.0620 4034.7241 160 126 56
-299.3679 -521.0620 4034.7241 157 126 57
-296.5063 -521.7215 4039.8313 150 120 54
-292.8951 -521.0620 4034.7241 143 111 47
-289.6587 -521.0620 4034.7241 137 104 42
-286.4223 -521.0620 4034.7241 125 92 35
-283.1859 -521.0620 4034.7241 124 90 34
-279.9494 -521.0620 4034.7241 133 98 38
-276.7130 -521.0620 4034.7241 145 111 48
-273.4766 -521.0620 4034.7241 155 122 54
-270.2402 -521.0620 4034.7241 161 127 58
-267.0038 -521.0620 4034.7241 159 126 57
-263.7674 -521.0620 4034.7241 159 126 59
-260.5310 -521.0620 4034.7241 153 119 53
-257.2946 -521.0620 4034.7241 142 109 44
-254.0582 -521.0620 4034.7241 128 96 35
-250.8218 -521.0620 4034.7241 125 93 37
-247.5854 -521.0620 4034.7241 138 104 44
-244.3489 -521.0620 4034.7241 144 108 46
-241.4177 -521.7215 4039.8313 157 124 60
-238.1772 -521.7215 4039.8313 159 127 60
-234.9367 -521.7215 4039.8313 156 123 55
-231.9899 -522.3828 4044.9514 155 122 55
-228.7452 -522.3828 4044.9514 146 114 49
-225.5006 -522.3828 4044.9514 137 106 45
-222.5381 -523.0457 4050.0847 125 93 38
-219.2894 -523.0457 4050.0847 122 88 34
-216.0406 -523.0457 4050.0847 131 97 39
-213.0623 -523.7103 4055.2310 138 104 43
-209.8094 -523.7103 4055.2310 153 121 54
-206.5566 -523.7103 4055.2310 159 127 57
-203.3037 -523.7103 4055.2310 157 124 56
-200.0508 -523.7103 4055.2310 154 121 54
-197.2994 -525.0446 4065.5627 146 113 47
-193.5451 -523.7103 4055.2310 139 108 43
-190.5344 -524.3766 4060.3904 127 98 37
-187.2774 -524.3766 4060.3904 123 93 36
-184.0204 -524.3766 4060.3904 128 95 39
-180.7634 -524.3766 4060.3904 134 98 42
-177.5064 -524.3766 4060.3904 142 108 47
-174.2494 -524.3766 4060.3904 156 124 59
-170.9924 -524.3766 4060.3904 157 125 58
-167.7354 -524.3766 4060.3904 155 122 56
-164.4784 -524.3766 4060.3904 149 116 50
-161.2214 -524.3766 4060.3904 144 112 48
-157.9644 -524.3766 4060.3904 132 101 42
-154.9045 -525.0446 4065.5627 125 94 38
-151.6433 -525.0446 4065.5627 133 100 42
-148.1934 -524.3766 4060.3904 140 106 45
-144.9364 -524.3766 4060.3904 147 114 52
-141.6794 -524.3766 4060.3904 160 127 61
-138.5987 -525.0446 4065.5627 161 127 60
-135.3376 -525.0446 4065.5627 160 128 61
-131.9084 -524.3766 4060.3904 155 123 56
-128.8153 -525.0446 4065.5627 147 116 51
-125.5542 -525.0446 4065.5627 144 114 49
-122.2930 -525.0446 4065.5627 129 96 38
-119.1837 -525.7143 4070.7483 120 86 31
-115.9184 -525.7143 4070.7483 134 99 38
-112.5096 -525.0446 4065.5627 140 105 42
-109.3878 -525.7143 4070.7483 151 118 52
-106.1224 -525.7143 4070.7483 156 124 58
-102.9885 -526.3857 4075.9473 155 122 55
-99.7190 -526.3857 4075.9473 150 116 50
-96.5729 -527.0588 4081.1594 143 110 47
-93.1801 -526.3857 4075.9473 134 101 43
-89.9106 -526.3857 4075.9473 122 90 35
-86.6411 -526.3857 4075.9473 120 86 36
-83.4783 -527.0588 4081.1594 129 94 39
-80.2046 -527.0588 4081.1594 141 109 50
-76.8327 -526.3857 4075.9473 152 120 55
-73.6573 -527.0588 4081.1594 157 123 57
-70.3836 -527.0588 4081.1594 155 121 55
-67.1100 -527.0588 4081.1594 157 122 57
-63.9181 -527.7337 4086.3850 148 115 52
-60.6402 -527.7337 4086.3850 139 107 46
-57.2890 -527.0588 4081.1594 133 104 44
-54.0845 -527.7337 4086.3850 121 91 36
-50.8067 -527.7337 4086.3850 117 84 31
-47.5288 -527.7337 4086.3850 127 92 35
-44.2510 -527.7337 4086.3850 137 102 42
-40.9207 -527.0588 4081.1594 153 120 58
-37.6953 -527.7337 4086.3850 155 123 62
-34.4174 -527.7337 4086.3850 154 124 61
-31.1396 -527.7337 4086.3850 153 123 57
-27.8617 -527.7337 4086.3850 145 112 48
-24.5839 -527.7337 4086.3850 134 103 41
-21.3060 -527.7337 4086.3850 130 99 41
-18.0282 -527.7337 4086.3850 124 92 38
-14.7503 -527.7337 4086.3850 121 89 34
-11.4872 -528.4103 4091.6240 129 95 37
-8.2051 -528.4103 4091.6240 134 102 42
-4.9168 -527.7337 4086.3850 152 122 59
-1.6368 -527.0588 4081.1594 155 125 61
1.6368 -527.0588 4081.1594 154 124 60
4.9105 -527.0588 4081.1594 154 125 60
27.8261 -471.5789 3651.5637 145 116 56
30.7200 -471.0400 3647.3906 146 116 56
33.6457 -471.0400 3647.3906 135 107 50
36.4880 -469.9658 3639.0728 129 100 46
39.3622 -469.4305 3634.9280 133 108 58
42.2779 -469.4305 3634.9280 175 165 137
45.2452 -469.9658 3639.0728 207 211 201
48.1093 -469.4305 3634.9280 205 212 206
50.9670 -468.8965 3630.7927 205 214 206
53.9408 -469.4305 3634.9280 205 212 204
56.9863 -470.5023 3643.2268 199 206 199
59.6364 -468.3637 3626.6667 190 197 193
75.9439 -444.6171 3442.7905 51 53 69
78.0321 -440.8129 3413.3335 42 46 66
80.7701 -440.8129 3413.3335 43 44 68
83.5080 -440.8129 3413.3335 39 41 65
85.8786 -438.9351 3398.7932 33 37 59
99.0712 -425.3458 3293.5674 29 32 49
101.8182 -425.7851 3296.9697 27 32 49
104.4628 -425.7851 3296.9697 29 34 50
107.3292 -426.6667 3303.7959 28 32 49
109.9793 -426.6667 3303.7959 30 35 52
112.6294 -426.6667 3303.7959 31 35 52
115.2795 -426.6667 3303.7959 30 32 49
117.9296 -426.6667 3303.7959 29 32 49
120.7047 -427.1088 3307.2195 27 31 46
123.3575 -427.1088 3307.2195 26 32 47
126.2721 -427.9958 3314.0879 25 29 43
128.9304 -427.9958 3314.0879 26 30 44
131.7256 -428.4408 3317.5330 28 31 44
134.5265 -428.8866 3320.9851 30 32 48
137.3333 -429.3333 3324.4446 25 27 44
140.1460 -429.7810 3327.9111 26 29 44
142.5182 -428.8866 3320.9851 25 28 41
147.0808 -426.6667 3303.7959 25 26 35
151.7526 -424.9073 3290.1719 24 24 34
158.6885 -422.2951 3269.9456 24 24 34
161.4769 -422.7282 3273.2993 24 24 33
163.9344 -422.2951 3269.9456 26 26 34
166.5574 -422.2951 3269.9456 33 33 40
169.3539 -422.7282 3273.2993 35 35 41
171.8033 -422.2951 3269.9456 31 32 38
174.0695 -421.4315 3263.2585 32 33 41
176.6871 -421.4315 3263.2585 29 31 40
179.4882 -421.8629 3266.5986 32 32 41
182.1085 -421.8629 3266.5986 38 38 45
184.9180 -422.2951 3269.9456 39 39 47
187.7334 -422.7282 3273.2993 43 43 48
190.3590 -422.7282 3273.2993 44 43 48
193.1828 -423.1622 3276.6599 45 45 49
195.8111 -423.1622 3276.6599 41 41 45
198.8477 -424.0330 3283.4021 48 48 51
201.2744 -423.5972 3280.0276 53 54 54
204.1152 -424.0330 3283.4021 60 60 59
206.9619 -424.4696 3286.7834 64 63 63
209.8144 -424.9073 3290.1719 57 56 54
212.6729 -425.3458 3293.5674 60 60 57
215.7601 -426.2255 3300.3792 73 72 68
219.0871 -427.5519 3310.6501 62 61 57
221.9730 -427.9958 3314.0879 56 55 53
225.3333 -429.3333 3324.4446 58 57 56
227.5260 -428.4408 3317.5330 61 60 58
230.6667 -429.3333 3324.4446 60 59 59
233.5767 -429.7810 3327.9111 63 62 61
236.4927 -430.2297 3331.3850 65 64 61
239.4148 -430.6792 3334.8660 67 65 62
242.3431 -431.1297 3338.3542 62 61 58
245.2775 -431.5812 3341.8501 71 70 68
248.2180 -432.0335 3345.3530 66 65 63
250.9015 -432.0335 3345.3530 63 64 63
253.8510 -432.4869 3348.8633 50 50 50
256.8068 -432.9412 3352.3811 41 41 43
260.3161 -434.3098 3362.9788 30 29 34
264.1270 -436.1482 3377.2134 25 24 30
267.9703 -438.0022 3391.5693 23 23 28
271.8463 -439.8719 3406.0479 21 21 25
275.4604 -441.2848 3416.9880 22 21 25
278.4995 -441.7578 3420.6504 20 20 25
281.8475 -442.7068 3427.9988 20 19 25
286.7533 -446.0606 3453.9683 19 19 25
290.1519 -447.0282 3461.4607 19 19 24
293.5652 -448.0000 3468.9856 16 17 22
296.9935 -448.9760 3476.5432 15 16 20
300.4367 -449.9564 3484.1340 17 18 22
304.5614 -451.9299 3499.4153 18 20 23
309.0629 -454.4212 3518.7065 18 20 24
312.5746 -455.4254 3526.4827 19 20 25
316.1019 -456.4341 3534.2932 19 20 25
320.3560 -458.4650 3550.0186 21 24 27
324.6481 -460.5140 3565.8845 21 22 24
327.8748 -461.0291 3569.8733 26 25 28
342.9875 -469.9658 3639.0728 83 84 66
347.0938 -471.5789 3651.5637 92 93 74
350.0229 -471.5789 3651.5637 102 101 81
353.3563 -472.1191 3655.7466 108 106 84
358.3410 -474.8387 3676.8049 113 113 89
367.2010 -478.6992 3706.6978 135 133 104
371.0361 -479.8138 3715.3279 178 174 139
374.8892 -480.9335 3723.9985 195 190 154
378.7603 -482.0585 3732.7097 196 192 156
382.2014 -482.6230 3737.0806 197 192 157
386.1033 -483.7559 3745.8530 198 193 157
638.9985 -645.0079 4994.4707 200 194 160
640.9985 -642.9953 4978.8872 200 194 161
642.9860 -640.9954 4963.4009 200 194 161
648.9860 -642.9953 4978.8872 199 194 161
650.9487 -640.9954 4963.4009 199 194 161
655.9502 -641.9938 4971.1318 199 194 160
662.0001 -644.0001 4986.6670 199 194 160
666.0001 -644.0001 4986.6670 199 194 161
783.2238 -645.0079 4994.4707 201 194 162
-403.6181 -521.0051 4009.3804 155 119 54
-400.9057 -521.6604 4014.4236 159 125 60
-397.6855 -521.6604 4014.4236 154 121 54
-394.4654 -521.6604 4014.4236 145 113 48
-390.7538 -521.0051 4009.3804 136 104 42
-388.0252 -521.6604 4014.4236 126 94 36
-384.3217 -521.0051 4009.3804 127 94 38
-381.5849 -521.6604 4014.4236 140 108 48
-377.8895 -521.0051 4009.3804 145 113 51
-374.6734 -521.0051 4009.3804 148 116 54
-371.9246 -521.6604 4014.4236 146 113 53
-368.7044 -521.6604 4014.4236 152 118 55
-365.4843 -521.6604 4014.4236 153 119 54
-362.2642 -521.6604 4014.4236 150 117 54
-359.0440 -521.6604 4014.4236 149 117 53
-355.8239 -521.6604 4014.4236 139 107 42
-352.6038 -521.6604 4014.4236 132 99 37
-349.3837 -521.6604 4014.4236 138 103 41
-346.1635 -521.6604 4014.4236 139 103 42
-342.9434 -521.6604 4014.4236 152 119 57
-339.7233 -521.6604 4014.4236 156 126 62
-336.9270 -522.3174 4019.4795 145 114 51
-333.7028 -522.3174 4019.4795 140 109 48
-330.4786 -522.3174 4019.4795 145 114 51
-327.2544 -522.3174 4019.4795 146 113 47
-324.4388 -522.9761 4024.5483 148 115 49
-321.2106 -522.9761 4024.5483 139 105 40
-317.9824 -522.9761 4024.5483 137 102 39
-314.7541 -522.9761 4024.5483 147 112 50
-311.9192 -523.6364 4029.6296 152 118 57
-308.6869 -523.6364 4029.6296 154 123 61
-305.8407 -524.2984 4034.7241 145 113 51
-302.6043 -524.2984 4034.7241 137 104 46
-299.3679 -524.2984 4034.7241 145 112 53
-296.5063 -524.9620 4039.8313 145 111 52
-292.8951 -524.2984 4034.7241 146 112 52
-289.6587 -524.2984 4034.7241 146 114 50
-286.4223 -524.2984 4034.7241 141 109 46
-283.1859 -524.2984 4034.7241 134 100 38
-279.9494 -524.2984 4034.7241 141 108 47
-276.7130 -524.2984 4034.7241 149 119 58
-273.4766 -524.2984 4034.7241 147 116 57
-270.2402 -524.2984 4034.7241 135 103 45
-267.0038 -524.2984 4034.7241 136 102 47
-263.7674 -524.2984 4034.7241 141 108 49
-260.8607 -524.9620 4039.8313 145 112 51
-257.2946 -524.2984 4034.7241 146 113 50
-254.0582 -524.2984 4034.7241 143 110 47
-251.1393 -524.9620 4039.8313 138 104 42
-247.5854 -524.2984 4034.7241 146 112 50
-244.3489 -524.2984 4034.7241 150 117 54
-241.4177 -524.9620 4039.8313 144 111 50
-238.1772 -524.9620 4039.8313 131 98 42
-234.9367 -524.9620 4039.8313 131 99 45
-231.9899 -525.6274 4044.9514 142 109 53
-228.7452 -525.6274 4044.9514 143 111 50
-225.5006 -525.6274 4044.9514 148 116 52
-222.5381 -526.2945 4050.0847 141 109 46
-219.2894 -526.2945 4050.0847 138 104 42
-216.0406 -526.2945 4050.0847 149 117 54
-212.7919 -526.2945 4050.0847 147 118 56
-209.8094 -526.9632 4055.2310 144 114 54
-206.5566 -526.9632 4055.2310 135 103 47
-203.3037 -526.9632 4055.2310 130 96 44
-200.0508 -526.9632 4055.2310 133 98 46
-197.2994 -528.3058 4065.5627 141 106 50
-193.5451 -526.9632 4055.2310 147 114 52
-190.5344 -527.6337 4060.3904 144 111 47
-187.2774 -527.6337 4060.3904 139 106 44
-184.0204 -527.6337 4060.3904 138 104 43
-180.7634 -527.6337 4060.3904 142 109 48
-177.2808 -526.9632 4055.2310 145 112 52
-174.2494 -527.6337 4060.3904 141 109 50
-170.9924 -527.6337 4060.3904 135 102 46
-167.7354 -527.6337 4060.3904 138 106 50
-164.4784 -527.6337 4060.3904 141 108 48
-161.2214 -527.6337 4060.3904 145 112 50
-157.9644 -527.6337 4060.3904 137 106 42
-154.9045 -528.3058 4065.5627 131 100 39
-151.6433 -528.3058 4065.5627 131 98 37
-148.1934 -527.6337 4060.3904 141 108 47
-144.9364 -527.6337 4060.3904 140 107 47
-141.8599 -528.3058 4065.5627 137 105 47
-138.5987 -528.3058 4065.5627 128 97 40
-135.3376 -528.3058 4065.5627 133 101 46
-131.9084 -527.6337 4060.3904 144 111 53
-128.8153 -528.3058 4065.5627 144 110 50
-125.5542 -528.3058 4065.5627 149 115 51
-122.2930 -528.3058 4065.5627 151 117 53
-119.1837 -528.9796 4070.7483 149 116 53
-115.9184 -528.9796 4070.7483 153 122 60
-112.5096 -528.3058 4065.5627 152 121 58
-109.3878 -528.9796 4070.7483 146 114 53
-106.1224 -528.9796 4070.7483 133 102 44
-102.9885 -529.6552 4075.9473 133 100 44
-99.7190 -529.6552 4075.9473 143 108 49
-96.5729 -530.3325 4081.1594 142 110 49
-93.2992 -530.3325 4081.1594 140 106 43
-89.9106 -529.6552 4075.9473 135 101 41
-86.7519 -530.3325 4081.1594 131 96 38
-83.4783 -530.3325 4081.1594 145 110 50
-80.2046 -530.3325 4081.1594 149 118 56
-76.9310 -530.3325 4081.1594 144 113 51
-73.6573 -530.3325 4081.1594 137 105 47
-70.4738 -531.0115 4086.3850 123 92 37
-67.1100 -530.3325 4081.1594 129 96 42
-63.9181 -531.0115 4086.3850 129 95 41
-60.6402 -531.0115 4086.3850 139 104 48
-57.2890 -530.3325 4081.1594 141 107 47
-54.0845 -531.0115 4086.3850 143 110 48
-50.8067 -531.0115 4086.3850 143 109 47
-47.5288 -531.0115 4086.3850 147 113 51
-44.2510 -531.0115 4086.3850 146 114 55
-40.9207 -530.3325 4081.1594 137 106 49
-37.6953 -531.0115 4086.3850 122 92 36
-34.4174 -531.0115 4086.3850 118 85 36
-31.1396 -531.0115 4086.3850 124 90 39
-27.8617 -531.0115 4086.3850 140 105 48
-24.5839 -531.0115 4086.3850 147 114 51
-21.3060 -531.0115 4086.3850 148 114 49
-18.0282 -531.0115 4086.3850 147 112 49
-14.7692 -531.6923 4091.6240 141 107 45
-11.4872 -531.6923 4091.6240 143 108 47
-8.2051 -531.6923 4091.6240 139 107 48
-4.9168 -531.0115 4086.3850 133 102 45
-1.6389 -531.0115 4086.3850 122 92 40
1.6389 -531.0115 4086.3850 125 94 42
4.9105 -530.3325 4081.1594 129 97 43
30.7551 -474.5080 3651.5637 125 95 42
33.6457 -473.9657 3647.3906 110 82 34
36.5297 -473.4247 3643.2268 107 80 34
39.4071 -472.8849 3639.0728 120 96 52
42.3261 -472.8849 3639.0728 167 156 131
45.2452 -472.8849 3639.0728 206 211 201
48.1093 -472.3463 3634.9280 205 211 205
51.0251 -472.3463 3634.9280 204 212 205
54.0023 -472.8849 3639.0728 205 211 204
57.0514 -473.9657 3647.3906 203 209 202
59.7722 -472.3463 3634.9280 200 206 200
62.4745 -470.7378 3622.5503 192 197 192
65.3061 -470.2041 3618.4431 194 199 194
75.9439 -447.3787 3442.7905 130 138 133
78.1156 -444.0257 3416.9880 112 118 115
80.7701 -443.5508 3413.3335 83 87 92
83.5080 -443.5508 3413.3335 64 67 78
86.0619 -442.6041 3406.0479 55 58 70
88.9840 -443.5508 3413.3335 46 50 64
91.7219 -443.5508 3413.3335 41 44 61
94.6624 -444.5016 3420.6504 41 44 61
98.8672 -427.1061 3286.7834 34 37 55
101.6083 -427.5464 3290.1719 31 35 50
104.3550 -427.9877 3293.5674 32 36 51
107.2182 -428.8728 3300.3792 29 32 50
109.8656 -428.8728 3300.3792 29 33 51
112.5129 -428.8728 3300.3792 27 31 48
115.2795 -429.3168 3303.7959 28 30 48
117.9296 -429.3168 3303.7959 26 29 46
120.7047 -429.7617 3307.2195 26 29 45
123.4855 -430.2075 3310.6501 28 32 47
126.4033 -431.1019 3317.5330 27 30 48
129.0645 -431.1019 3317.5330 26 29 44
131.8627 -431.5505 3320.9851 27 30 45
134.6667 -432.0000 3324.4446 25 28 46
137.6201 -432.9019 3331.3850 25 27 45
140.5858 -433.8075 3338.3542 27 29 44
143.1139 -433.3543 3334.8660 27 29 42
146.4008 -435.1732 3348.8633 26 28 41
148.9308 -434.7170 3345.3530 26 29 40
158.5261 -424.4832 3266.5986 23 24 34
161.3115 -424.9181 3269.9456 22 23 32
163.7666 -424.4832 3266.5986 22 23 30
166.3869 -424.4832 3266.5986 26 25 33
169.0072 -424.4832 3266.5986 23 22 31
171.4520 -424.0491 3263.2585 21 21 29
174.0695 -424.0491 3263.2585 21 21 29
176.5067 -423.6160 3259.9253 20 21 28
179.3047 -424.0491 3263.2585 22 23 28
181.9223 -424.0491 3263.2585 19 20 26
184.5399 -424.0491 3263.2585 19 18 25
187.3490 -424.4832 3266.5986 21 21 28
189.9693 -424.4832 3266.5986 21 21 28
192.5896 -424.4832 3266.5986 22 23 29
195.2098 -424.4832 3266.5986 20 21 27
198.2359 -425.3539 3273.2993 19 20 26
200.8616 -425.3539 3273.2993 22 25 30
203.9055 -426.2282 3280.0276 20 21 27
206.5365 -426.2282 3280.0276 21 21 27
209.5984 -427.1061 3286.7834 25 24 30
212.8926 -428.4298 3296.9697 21 20 25
215.9835 -429.3168 3303.7959 23 22 28
219.3147 -430.6542 3314.0879 22 22 28
222.4350 -431.5505 3320.9851 24 23 28
225.8038 -432.9019 3331.3850 22 21 26
228.2378 -432.4505 3327.9111 20 20 25
231.1483 -432.9019 3331.3850 20 20 25
233.8205 -432.9019 3331.3850 19 20 24
236.9874 -433.8075 3338.3542 19 19 23
239.6653 -433.8075 3338.3542 21 20 25
242.5969 -434.2618 3341.8501 23 22 28
245.2775 -434.2618 3341.8501 22 22 27
248.4785 -435.1732 3348.8633 20 20 26
251.1647 -435.1732 3348.8633 18 18 24
254.1177 -435.6303 3352.3811 17 16 23
257.3474 -436.5474 3359.4387 17 17 22
260.8659 -437.9303 3370.0811 16 16 20
264.6872 -439.7879 3384.3762 16 16 21
268.2553 -441.1915 3395.1775 16 17 21
272.1368 -443.0770 3409.6868 17 18 22
275.4604 -444.0257 3416.9880 18 18 24
278.7983 -444.9786 3424.3206 16 17 22
282.1505 -445.9355 3431.6846 17 18 24
287.0639 -449.3174 3457.7104 19 19 24
290.4669 -450.2932 3465.2190 20 19 24
293.8847 -451.2732 3472.7603 17 17 22
297.3174 -452.2574 3480.3345 17 18 22
300.4367 -452.7511 3484.1340 18 20 24
304.8958 -455.2360 3503.2566 20 21 25
309.0629 -457.2437 3518.7065 23 23 27
312.5746 -458.2542 3526.4827 30 31 32
316.1019 -459.2691 3534.2932 42 44 39
320.7127 -461.8263 3553.9719 58 60 49
325.0112 -463.8927 3569.8733 70 71 57
327.8748 -463.8927 3569.8733 82 83 65
338.9091 -471.2727 3626.6667 111 111 88
343.3790 -473.4247 3643.2268 109 106 84
347.4914 -475.0516 3655.7466 106 105 84
350.4239 -475.0516 3655.7466 109 107 85
353.3563 -475.0516 3655.7466 111 109 86
357.9287 -477.2383 3672.5740 115 115 91
366.3500 -480.5562 3698.1074 138 135 107
370.1743 -481.6725 3706.6978 181 178 143
374.4522 -483.3567 3719.6582 196 190 157
378.3178 -484.4860 3728.3491 197 192 157
381.7544 -485.0527 3732.7097 197 192 158
385.1991 -485.6207 3737.0806 197 192 158
643.0048 -649.0141 4994.4707 200 195 162
646.0001 -648.0001 4986.6670 200 195 163
651.9626 -645.9813 4971.1318 200 195 162
656.9735 -646.9891 4978.8872 201 196 163
663.0360 -649.0141 4994.4707 201 195 163
664.9611 -646.9891 4978.8872 199 195 161
-404.1258 -524.8806 4014.4236 122 88 34
-400.9057 -524.8806 4014.4236 130 96 42
-398.1864 -525.5416 4019.4795 135 101 44
-394.4654 -524.8806 4014.4236 144 109 49
-391.2453 -524.8806 4014.4236 149 115 51
-388.5139 -525.5416 4019.4795 145 112 48
-384.8051 -524.8806 4014.4236 142 108 45
-381.5849 -524.8806 4014.4236 144 110 48
-378.3648 -524.8806 4014.4236 142 110 49
-375.1447 -524.8806 4014.4236 134 102 44
-371.9246 -524.8806 4014.4236 124 91 35
-368.7044 -524.8806 4014.4236 123 88 33
-365.4843 -524.8806 4014.4236 126 90 34
-362.7204 -525.5416 4019.4795 139 105 46
-359.4962 -525.5416 4019.4795 149 116 53
-355.8239 -524.8806 4014.4236 153 120 55
-352.6038 -524.8806 4014.4236 152 119 54
-349.3837 -524.8806 4014.4236 153 121 57
-346.1635 -524.8806 4014.4236 151 120 56
-342.9434 -524.8806 4014.4236 143 111 49
-340.1512 -525.5416 4019.4795 138 104 42
-337.3519 -526.2043 4024.5483 128 95 37
-333.7028 -525.5416 4019.4795 125 91 35
-330.8954 -526.2043 4024.5483 129 95 37
-327.6671 -526.2043 4024.5483 139 105 45
-324.4388 -526.2043 4024.5483 146 114 53
-321.2106 -526.2043 4024.5483 152 121 61
-318.3839 -526.8687 4029.6296 154 121 60
-315.1515 -526.8687 4029.6296 156 122 61
-311.9192 -526.8687 4029.6296 146 115 52
-308.6869 -526.8687 4029.6296 139 106 44
-305.8407 -527.5349 4034.7241 134 100 40
-302.6043 -527.5349 4034.7241 123 90 34
-264.1013 -528.2026 4039.8313 124 89 36
-260.8607 -528.2026 4039.8313 137 102 47
-257.6203 -528.2026 4039.8313 148 115 54
-254.3798 -528.2026 4039.8313 146 114 53
-251.1393 -528.2026 4039.8313 145 113 53
-247.8987 -528.2026 4039.8313 147 115 54
-244.6582 -528.2026 4039.8313 140 109 47
-241.7237 -528.8720 4044.9514 134 103 42
-238.4791 -528.8720 4044.9514 128 98 40
-235.2345 -528.8720 4044.9514 121 89 33
-231.9899 -528.8720 4044.9514 130 96 40
-229.0355 -529.5432 4050.0847 143 110 52
-225.7868 -529.5432 4050.0847 147 117 57
-222.5381 -529.5432 4050.0847 145 112 52
-219.2894 -529.5432 4050.0847 149 113 52
-216.0406 -529.5432 4050.0847 150 117 56
-213.0623 -530.2160 4055.2310 141 109 47
-209.8094 -530.2160 4055.2310 134 101 40
-206.5566 -530.2160 4055.2310 127 94 37
-203.3037 -530.2160 4055.2310 120 88 35
-200.0508 -530.2160 4055.2310 121 86 35
-197.2994 -531.5670 4065.5627 136 101 48
-193.5451 -530.2160 4055.2310 146 113 54
-190.5344 -530.8906 4060.3904 147 115 54
-187.2774 -530.8906 4060.3904 147 115 54
-184.0204 -530.8906 4060.3904 146 115 53
-180.7634 -530.8906 4060.3904 139 107 47
-177.5064 -530.8906 4060.3904 133 102 44
-174.2494 -530.8906 4060.3904 128 98 42
-170.9924 -530.8906 4060.3904 120 89 36
-167.7354 -530.8906 4060.3904 116 84 33
-164.4784 -530.8906 4060.3904 128 96 41
-161.2214 -530.8906 4060.3904 144 112 54
-157.9644 -530.8906 4060.3904 147 116 56
-154.9045 -531.5670 4065.5627 145 114 55
-151.6433 -531.5670 4065.5627 139 109 48
-148.3822 -531.5670 4065.5627 141 111 52
-144.9364 -530.8906 4060.3904 136 106 48
-141.8599 -531.5670 4065.5627 137 107 47
-138.5987 -531.5670 4065.5627 130 99 41
-135.3376 -531.5670 4065.5627 123 90 36
-132.0764 -531.5670 4065.5627 134 101 44
-128.9796 -532.2449 4070.7483 146 116 55
-125.5542 -531.5670 4065.5627 152 125 60
-122.2930 -531.5670 4065.5627 153 124 60
-119.1837 -532.2449 4070.7483 149 118 56
-115.9184 -532.2449 4070.7483 145 114 52
-112.6531 -532.2449 4070.7483 136 106 46
-109.3878 -532.2449 4070.7483 132 103 45
-106.2580 -532.9246 4075.9473 125 97 39
-102.9885 -532.9246 4075.9473 117 84 30
-99.7190 -532.9246 4075.9473 130 94 41
-96.5729 -533.6061 4081.1594 135 103 46
-93.2992 -533.6061 4081.1594 145 114 54
-90.0256 -533.6061 4081.1594 149 119 59
-86.7519 -533.6061 4081.1594 152 121 61
-83.4783 -533.6061 4081.1594 151 119 59
-80.3073 -534.2894 4086.3850 143 114 54
-76.9310 -533.6061 4081.1594 139 108 48
-73.6573 -533.6061 4081.1594 137 105 46
-70.4738 -534.2894 4086.3850 127 95 39
-67.1959 -534.2894 4086.3850 120 87 33
-63.9181 -534.2894 4086.3850 127 94 38
-60.6402 -534.2894 4086.3850 142 111 55
-57.2890 -533.6061 4081.1594 142 111 54
-54.0845 -534.2894 4086.3850 144 112 54
-50.8067 -534.2894 4086.3850 141 110 52
-47.5288 -534.2894 4086.3850 139 109 51
-44.2510 -534.2894 4086.3850 140 109 51
-40.9731 -534.2894 4086.3850 140 109 51
-37.6953 -534.2894 4086.3850 134 102 44
-34.4174 -534.2894 4086.3850 124 91 37
-31.1396 -534.2894 4086.3850 138 106 49
-27.8974 -534.9744 4091.6240 149 120 59
-24.6154 -534.9744 4091.6240 151 121 59
-21.3060 -534.2894 4086.3850 146 113 55
-18.0513 -534.9744 4091.6240 143 109 54
-14.7692 -534.9744 4091.6240 142 111 54
-11.4872 -534.9744 4091.6240 140 111 52
-8.2051 -534.9744 4091.6240 136 106 48
-4.9168 -534.2894 4086.3850 132 101 42
-1.6389 -534.2894 4086.3850 121 90 36
1.6389 -534.2894 4086.3850 115 83 33
4.9168 -534.2894 4086.3850 124 91 39
27.8261 -477.4371 3651.5637 137 107 52
30.7551 -477.4371 3651.5637 133 102 48
33.6457 -476.8915 3647.3906 123 95 44
36.5297 -476.3471 3643.2268 117 90 41
39.4521 -476.3471 3643.2268 122 95 52
42.3744 -476.3471 3643.2268 155 144 114
45.2968 -476.3471 3643.2268 207 210 201
48.1093 -475.2620 3634.9280 208 213 208
51.0251 -475.2620 3634.9280 206 213 206
54.0023 -475.8039 3639.0728 206 212 205
56.9863 -476.3471 3643.2268 203 209 202
59.7722 -475.2620 3634.9280 203 209 202
62.4036 -473.1066 3618.4431 197 204 196
65.2322 -472.5708 3614.3452 195 200 192
68.1314 -472.5708 3614.3452 190 195 188
75.8621 -449.6552 3439.0806 183 189 184
78.0321 -446.2888 3413.3335 185 193 187
80.6838 -445.8120 3409.6868 175 182 175
83.4188 -445.8120 3409.6868 166 173 165
86.0619 -445.3362 3406.0479 148 154 148
88.8889 -445.8120 3409.6868 130 136 130
91.6239 -445.8120 3409.6868 116 121 116
94.5610 -446.7666 3416.9880 105 108 105
98.8672 -429.7426 3286.7834 73 76 80
101.6083 -430.1856 3290.1719 68 71 73
104.2474 -430.1856 3290.1719 55 58 64
107.2182 -431.5202 3300.3792 49 51 62
109.7521 -431.0744 3296.9697 42 44 59
112.5129 -431.5202 3300.3792 38 41 55
115.2795 -431.9669 3303.7959 40 43 57
117.9296 -431.9669 3303.7959 34 37 52
120.7047 -432.4145 3307.2195 29 34 46
123.4855 -432.8631 3310.6501 30 35 48
126.5349 -434.2144 3320.9851 28 32 48
129.1988 -434.2144 3320.9851 27 31 47
132.0000 -434.6667 3324.4446 29 32 48
134.9478 -435.5742 3331.3850 28 31 47
137.7639 -436.0293 3334.8660 28 31 47
140.7330 -436.9424 3341.8501 29 31 46
143.4136 -436.9424 3341.8501 27 29 44
146.7087 -438.7803 3355.9062 27 29 42
149.4007 -438.7803 3355.9062 32 35 46
152.2526 -439.2421 3359.4387 26 29 41
158.2023 -426.2309 3259.9253 23 26 36
161.1464 -427.1034 3266.5986 22 23 32
163.4321 -426.2309 3259.9253 24 25 33
166.0470 -426.2309 3259.9253 23 23 31
168.8344 -426.6667 3263.2585 22 22 30
171.2768 -426.2309 3259.9253 21 20 28
173.8917 -426.2309 3259.9253 21 21 30
176.3265 -425.7959 3256.5986 20 20 28
179.1216 -426.2309 3259.9253 21 21 28
181.7365 -426.2309 3259.9253 19 20 28
184.1633 -425.7959 3256.5986 19 18 27
186.9663 -426.2309 3259.9253 20 19 28
189.3878 -425.7959 3256.5986 19 19 26
192.0000 -425.7959 3256.5986 20 20 27
194.6122 -425.7959 3256.5986 20 20 27
197.6278 -426.6667 3263.2585 17 19 25
200.2454 -426.6667 3263.2585 20 23 28
203.0706 -427.1034 3266.5986 18 19 24
205.6909 -427.1034 3266.5986 20 20 25
209.1675 -428.8593 3280.0276 22 21 26
216.4316 -432.8631 3310.6501 18 18 23
226.5131 -436.9424 3341.8501 16 17 22
228.9540 -436.4854 3338.3542 15 17 22
231.6318 -436.4854 3338.3542 17 18 24
234.3096 -436.4854 3338.3542 16 17 22
237.2356 -436.9424 3341.8501 15 17 20
239.9163 -436.9424 3341.8501 17 18 21
242.8512 -437.4005 3345.3530 16 18 21
245.5346 -437.4005 3345.3530 16 18 21
248.4785 -437.8594 3348.8633 15 16 21
251.4286 -438.3194 3352.3811 16 17 21
254.6527 -439.2421 3359.4387 17 17 22
257.6186 -439.7050 3362.9788 16 17 21
261.1417 -441.0994 3373.6436 15 17 21
264.9682 -442.9724 3387.9690 16 17 21
268.8273 -444.8614 3402.4165 17 18 21
272.1368 -445.8120 3409.6868 17 17 22
275.7556 -447.2455 3420.6504 20 19 25
279.0978 -448.2063 3427.9988 20 20 26
282.7586 -449.6552 3439.0806 22 21 26
287.3753 -452.5814 3461.4607 24 24 27
290.7826 -453.5652 3468.9856 27 26 27
293.8847 -454.0588 3472.7603 27 29 27
297.3174 -455.0491 3480.3345 31 33 29
300.4367 -455.5459 3484.1340 41 43 38
305.2308 -458.5495 3507.1062 55 57 48
309.0629 -460.0662 3518.7065 69 70 55
312.9204 -461.5929 3530.3835 84 85 66
316.4523 -462.6164 3538.2114 103 103 80
321.4286 -465.7143 3561.9048 107 106 82
325.3752 -467.2788 3573.8708 111 109 87
328.2419 -467.2788 3573.8708 114 112 90
339.2947 -474.7213 3630.7927 109 109 86
343.3790 -476.3471 3643.2268 105 104 83
347.0938 -477.4371 3651.5637 104 103 82
350.0229 -477.4371 3651.5637 112 109 87
353.3563 -477.9840 3655.7466 117 116 93
357.5173 -479.6322 3668.3525 118 117 93
365.9259 -482.9630 3693.8271 138 136 107
369.7448 -484.0836 3702.3977 180 176 143
374.0163 -485.7742 3715.3279 195 190 157
377.8763 -486.9078 3723.9985 196 192 157
381.3084 -487.4767 3728.3491 196 192 158
385.1991 -488.6183 3737.0806 197 192 159
-404.6348 -528.7657 4019.4795 127 94 33
-401.4106 -528.7657 4019.4795 124 91 34
-398.1864 -528.7657 4019.4795 138 105 48
-394.9622 -528.7657 4019.4795 148 116 57
-391.7380 -528.7657 4019.4795 142 111 51
-388.5139 -528.7657 4019.4795 131 99 43
-385.2897 -528.7657 4019.4795 125 92 41
-382.0655 -528.7657 4019.4795 129 97 46
-378.8413 -528.7657 4019.4795 132 99 47
-375.6172 -528.7657 4019.4795 137 105 47
-372.3930 -528.7657 4019.4795 138 105 43
-369.1688 -528.7657 4019.4795 137 103 40
-365.9446 -528.7657 4019.4795 145 114 54
-363.1778 -529.4326 4024.5483 145 114 55
-359.4962 -528.7657 4019.4795 138 106 49
-356.2720 -528.7657 4019.4795 128 93 41
-353.0479 -528.7657 4019.4795 123 90 41
-349.8237 -528.7657 4019.4795 123 90 42
-346.5995 -528.7657 4019.4795 139 107 52
-343.3753 -528.7657 4019.4795 150 118 57
-340.5801 -529.4326 4024.5483 149 117 53
-337.3519 -529.4326 4024.5483 146 114 48
-334.1236 -529.4326 4024.5483 141 107 45
-330.8954 -529.4326 4024.5483 140 107 47
-327.6671 -529.4326 4024.5483 138 106 48
-324.4388 -529.4326 4024.5483 132 98 44
-321.6162 -530.1010 4029.6296 123 88 38
-318.3839 -530.1010 4029.6296 120 87 39
-315.1515 -530.1010 4029.6296 123 91 44
-311.9192 -530.1010 4029.6296 135 104 50
-308.6869 -530.1010 4029.6296 147 114 53
-305.8407 -530.7712 4034.7241 145 111 48
-264.1013 -531.4431 4039.8313 140 108 48
-261.1914 -532.1166 4044.9514 138 106 49
-257.6203 -531.4431 4039.8313 131 99 42
-254.3798 -531.4431 4039.8313 118 85 32
-251.4576 -532.1166 4044.9514 113 79 31
-247.8987 -531.4431 4039.8313 117 85 37
-244.6582 -531.4431 4039.8313 125 93 42
-242.0305 -532.7919 4050.0847 138 107 50
-238.7817 -532.7919 4050.0847 145 114 53
-235.2345 -532.1166 4044.9514 144 111 49
-232.2843 -532.7919 4050.0847 139 107 47
-229.0355 -532.7919 4050.0847 128 96 40
-225.7868 -532.7919 4050.0847 113 78 30
-222.5381 -532.7919 4050.0847 109 75 29
-219.5680 -533.4689 4055.2310 108 74 30
-216.3151 -533.4689 4055.2310 123 90 40
-213.0623 -533.4689 4055.2310 142 111 52
-209.8094 -533.4689 4055.2310 147 116 54
-206.8194 -534.1476 4060.3904 143 111 49
-203.5624 -534.1476 4060.3904 140 106 44
-200.0508 -533.4689 4055.2310 138 103 44
-197.2994 -534.8281 4065.5627 133 98 44
-193.7914 -534.1476 4060.3904 122 88 35
-190.5344 -534.1476 4060.3904 112 78 30
-187.5159 -534.8281 4065.5627 116 84 36
-184.0204 -534.1476 4060.3904 124 91 42
-180.7634 -534.1476 4060.3904 133 99 47
-177.5064 -534.1476 4060.3904 143 110 51
-174.2494 -534.1476 4060.3904 145 112 50
-170.9924 -534.1476 4060.3904 144 110 48
-167.7354 -534.1476 4060.3904 145 113 51
-164.6879 -534.8281 4065.5627 139 107 48
-161.4268 -534.8281 4065.5627 132 100 45
-158.1656 -534.8281 4065.5627 122 90 38
-154.9045 -534.8281 4065.5627 115 84 36
-151.8367 -535.5103 4070.7483 111 80 33
-148.3822 -534.8281 4065.5627 119 86 38
-145.1210 -534.8281 4065.5627 138 106 52
-141.8599 -534.8281 4065.5627 151 121 62
-138.5987 -534.8281 4065.5627 149 120 56
-135.5102 -535.5103 4070.7483 146 117 54
-132.0764 -534.8281 4065.5627 142 111 54
-128.9796 -535.5103 4070.7483 137 106 50
-125.7143 -535.5103 4070.7483 136 105 51
-122.2930 -534.8281 4065.5627 132 100 48
-119.1837 -535.5103 4070.7483 131 100 47
-115.9184 -535.5103 4070.7483 131 101 48
-112.6531 -535.5103 4070.7483 136 106 50
-109.3878 -535.5103 4070.7483 142 111 50
-106.2580 -536.1942 4075.9473 145 112 49
-102.9885 -536.1942 4075.9473 143 111 48
-99.7190 -536.1942 4075.9473 144 113 51
-96.5729 -536.8798 4081.1594 138 105 48
-93.2992 -536.8798 4081.1594 131 98 45
-90.0256 -536.8798 4081.1594 125 93 43
-86.7519 -536.8798 4081.1594 117 85 39
-83.5852 -537.5672 4086.3850 111 79 34
-80.3073 -537.5672 4086.3850 123 93 43
-76.9310 -536.8798 4081.1594 137 105 48
-73.7516 -537.5672 4086.3850 146 114 51
-70.4738 -537.5672 4086.3850 147 114 51
-67.1959 -537.5672 4086.3850 145 112 50
-63.9181 -537.5672 4086.3850 137 106 48
-60.6402 -537.5672 4086.3850 129 98 45
-57.3624 -537.5672 4086.3850 117 86 37
-54.0845 -537.5672 4086.3850 108 79 33
-50.8067 -537.5672 4086.3850 99 68 27
-47.5288 -537.5672 4086.3850 111 79 34
-44.3077 -538.2564 4091.6240 132 101 48
-40.9731 -537.5672 4086.3850 148 116 56
-37.6953 -537.5672 4086.3850 148 115 55
-34.4615 -538.2564 4091.6240 148 116 56
-31.1795 -538.2564 4091.6240 147 115 54
-27.8974 -538.2564 4091.6240 135 102 44
-24.6154 -538.2564 4091.6240 125 90 38
-21.3333 -538.2564 4091.6240 112 79 30
-18.0513 -538.2564 4091.6240 106 74 29
-14.7692 -538.2564 4091.6240 100 70 26
-11.5019 -538.9474 4096.8765 116 84 36
-8.2157 -538.9474 4096.8765 134 102 50
-4.9231 -538.2564 4091.6240 141 109 51
-1.6410 -538.2564 4091.6240 141 107 49
1.6410 -538.2564 4091.6240 141 108 49
4.9231 -538.2564 4091.6240 140 109 50
27.7943 -479.8172 3647.3906 135 104 52
30.7200 -479.8172 3647.3906 134 103 50
33.6457 -479.8172 3647.3906 130 100 47
36.5297 -479.2694 3643.2268 127 97 45
39.4071 -478.7230 3639.0728 128 101 51
42.3261 -478.7230 3639.0728 144 128 93
45.2968 -479.2694 3643.2268 205 206 192
48.1642 -478.7230 3639.0728 206 210 204
51.0832 -478.7230 3639.0728 209 216 209
54.0639 -479.2694 3643.2268 208 215 208
57.0514 -479.8172 3647.3906 202 208 201
59.8404 -478.7230 3639.0728 201 206 200
62.5455 -477.0910 3626.6667 201 207 200
65.3803 -476.5494 3622.5503 197 203 196
68.2860 -476.5494 3622.5503 194 201 192
75.9439 -452.9019 3442.7905 187 193 184
78.1994 -449.9893 3420.6504 188 194 185
80.7701 -449.0268 3413.3335 184 188 180
83.5080 -449.0268 3413.3335 183 188 181
86.1539 -448.5470 3409.6868 170 176 170
88.9840 -449.0268 3413.3335 173 179 172
91.7219 -449.0268 3413.3335 171 177 170
94.7640 -450.4721 3424.3206 164 170 161
98.8672 -432.3790 3286.7834 150 155 147
101.5036 -432.3790 3286.7834 156 163 154
104.2474 -432.8248 3290.1719 140 147 138
107.1074 -433.7191 3296.9697 116 121 114
109.7521 -433.7191 3296.9697 113 117 114
112.3967 -433.7191 3296.9697 109 114 111
115.1603 -434.1675 3300.3792 97 102 99
120.5797 -434.6170 3303.7959 86 91 91
132.0000 -437.3334 3324.4446 57 60 67
134.9478 -438.2464 3331.3850 44 46 56
137.9080 -439.1632 3338.3542 42 46 54
140.8805 -440.0839 3345.3530 43 44 55
143.5639 -440.0839 3345.3530 43 43 53
146.7087 -441.4722 3355.9062 36 38 49
149.4007 -441.4722 3355.9062 35 38 49
160.9816 -429.2843 3263.2585 24 26 34
163.4321 -428.8458 3259.9253 24 27 34
165.8776 -428.4082 3256.5986 25 25 33
168.6619 -428.8458 3259.9253 24 23 31
171.1020 -428.4082 3256.5986 21 23 31
173.7143 -428.4082 3256.5986 21 22 32
176.1468 -427.9715 3253.2791 20 21 29
178.9388 -428.4082 3256.5986 21 21 28
181.5510 -428.4082 3256.5986 21 21 28
183.9755 -427.9715 3253.2791 19 20 28
186.5851 -427.9715 3253.2791 19 20 27
189.0020 -427.5356 3249.9661 19 19 24
191.6090 -427.5356 3249.9661 20 21 27
194.2159 -427.5356 3249.9661 20 21 26
197.0235 -427.9715 3253.2791 18 20 24
221.3837 -440.0839 3345.3530 15 16 20
224.0671 -440.0839 3345.3530 15 17 21
226.9885 -440.5457 3348.8633 16 17 22
229.4340 -440.0839 3345.3530 16 17 21
232.1174 -440.0839 3345.3530 17 18 22
234.8008 -440.0839 3345.3530 16 17 21
237.7335 -440.5457 3348.8633 16 18 21
240.1677 -440.0839 3345.3530 17 19 23
243.1060 -440.5457 3348.8633 16 18 23
245.7923 -440.5457 3348.8633 14 17 22
248.7395 -441.0084 3352.3811 16 18 22
251.6930 -441.4722 3355.9062 19 19 24
254.9210 -442.4026 3362.9788 20 20 24
258.1626 -443.3369 3370.0811 18 18 23
261.6949 -444.7458 3380.7910 19 20 23
265.2498 -446.1637 3391.5693 20 22 23
268.8273 -447.5906 3402.4165 22 23 26
272.1368 -448.5470 3409.6868 24 24 26
275.4604 -449.5075 3416.9880 34 34 32
279.3979 -451.4409 3431.6846 41 41 38
282.7586 -452.4138 3439.0806 59 58 50
287.3753 -455.3579 3461.4607 74 75 60
290.7826 -456.3478 3468.9856 83 83 65
294.2048 -457.3420 3476.5432 89 89 69
297.6419 -458.3407 3484.1340 95 95 74
300.7650 -458.8416 3487.9419 101 101 80
305.2308 -461.3627 3507.1062 104 103 82
309.0629 -462.8887 3518.7065 104 102 81
312.9204 -464.4248 3530.3835 109 107 85
316.8036 -465.9712 3542.1384 115 115 91
322.1477 -469.6197 3569.8733 112 111 88
325.7399 -470.6726 3577.8774 112 110 87
328.9787 -471.2009 3581.8931 113 112 89
340.0684 -478.7230 3639.0728 103 102 81
343.3790 -479.2694 3643.2268 108 106 85
347.0938 -480.3661 3651.5637 110 110 87
350.0229 -480.3661 3651.5637 113 111 89
353.3563 -480.9164 3655.7466 115 112 91
357.5173 -482.5747 3668.3525 117 115 93
366.3500 -486.4890 3698.1074 140 136 106
370.1743 -487.6191 3706.6978 181 176 142
374.4522 -489.3240 3719.6582 193 189 152
378.3178 -490.4673 3728.3491 195 191 155
381.7544 -491.0410 3732.7097 195 191 156
385.6507 -492.1923 3741.4617 196 192 157
-404.6348 -531.9899 4019.4795 147 114 49
-401.4106 -531.9899 4019.4795 151 116 52
-398.1864 -531.9899 4019.4795 148 113 50
-394.9622 -531.9899 4019.4795 140 107 44
-391.7380 -531.9899 4019.4795 128 94 34
-389.0038 -532.6608 4024.5483 117 82 26
-385.2897 -531.9899 4019.4795 109 75 25
-382.5473 -532.6608 4024.5483 104 70 24
-378.8413 -531.9899 4019.4795 120 86 36
-376.0908 -532.6608 4024.5483 140 108 49
-372.8626 -532.6608 4024.5483 148 117 54
-369.6343 -532.6608 4024.5483 149 116 51
-366.4061 -532.6608 4024.5483 146 112 49
-363.1778 -532.6608 4024.5483 133 98 37
-359.9496 -532.6608 4024.5483 123 87 30
-356.7213 -532.6608 4024.5483 111 74 23
-353.4931 -532.6608 4024.5483 102 66 21
-350.2649 -532.6608 4024.5483 120 87 37
-347.0366 -532.6608 4024.5483 144 112 55
-343.3753 -531.9899 4019.4795 152 120 57
-340.5801 -532.6608 4024.5483 152 120 54
-337.3519 -532.6608 4024.5483 150 118 51
-334.1236 -532.6608 4024.5483 151 118 53
-331.3131 -533.3333 4029.6296 146 112 49
-327.6671 -532.6608 4024.5483 136 102 41
-324.8485 -533.3333 4029.6296 129 94 36
-321.6162 -533.3333 4029.6296 118 82 27
-318.7863 -534.0076 4034.7241 109 76 24
-315.1515 -533.3333 4029.6296 124 90 40
-312.3135 -534.0076 4034.7241 142 108 53
-308.6869 -533.3333 4029.6296 148 115 53
-261.5229 -536.0406 4050.0847 143 111 47
-257.9468 -535.3613 4044.9514 135 103 41
-254.7022 -535.3613 4044.9514 124 90 32
-251.7767 -536.0406 4050.0847 119 86 29
-248.2129 -535.3613 4044.9514 119 87 31
-244.9683 -535.3613 4044.9514 136 103 46
-242.0305 -536.0406 4050.0847 148 115 53
-238.7817 -536.0406 4050.0847 148 115 52
-235.5330 -536.0406 4050.0847 149 116 53
-232.2843 -536.0406 4050.0847 147 115 51
-229.3266 -536.7218 4055.2310 140 105 42
-226.0737 -536.7218 4055.2310 129 92 32
-222.8208 -536.7218 4055.2310 123 88 30
-219.5680 -536.7218 4055.2310 122 88 30
-216.3151 -536.7218 4055.2310 139 107 46
-213.0623 -536.7218 4055.2310 147 115 51
-210.0764 -537.4047 4060.3904 150 117 54
-206.8194 -537.4047 4060.3904 148 115 52
-203.5624 -537.4047 4060.3904 148 115 50
-200.3054 -537.4047 4060.3904 146 112 49
-197.5510 -538.7755 4070.7483 137 102 42
-193.7914 -537.4047 4060.3904 127 92 32
-190.5344 -537.4047 4060.3904 119 85 29
-187.5159 -538.0892 4065.5627 118 85 31
-184.2548 -538.0892 4065.5627 122 89 32
-180.7634 -537.4047 4060.3904 140 107 50
-177.5064 -537.4047 4060.3904 147 115 54
-174.2494 -537.4047 4060.3904 150 117 55
-171.2102 -538.0892 4065.5627 151 119 55
-167.9491 -538.0892 4065.5627 150 119 54
-164.6879 -538.0892 4065.5627 149 116 52
-161.4268 -538.0892 4065.5627 143 109 46
-158.1656 -538.0892 4065.5627 131 98 36
-155.1021 -538.7755 4070.7483 125 94 35
-151.8367 -538.7755 4070.7483 124 91 34
-148.3822 -538.0892 4065.5627 141 107 46
-145.1210 -538.0892 4065.5627 148 115 51
-142.0408 -538.7755 4070.7483 149 118 55
-138.7755 -538.7755 4070.7483 151 120 57
-135.5102 -538.7755 4070.7483 149 118 55
-132.0764 -538.0892 4065.5627 142 111 49
-128.9796 -538.7755 4070.7483 132 101 41
-125.7143 -538.7755 4070.7483 122 90 34
-122.4490 -538.7755 4070.7483 114 82 29
-119.3359 -539.4636 4075.9473 113 80 30
-116.0664 -539.4636 4075.9473 122 90 35
-112.6531 -538.7755 4070.7483 137 105 47
-109.5275 -539.4636 4075.9473 146 115 54
-106.2580 -539.4636 4075.9473 147 114 53
-102.9885 -539.4636 4075.9473 147 115 51
-99.8465 -540.1535 4081.1594 144 113 48
-96.6965 -540.8451 4086.3850 135 103 40
-93.2992 -540.1535 4081.1594 129 93 36
-90.0256 -540.1535 4081.1594 118 85 32
-86.8630 -540.8451 4086.3850 114 83 31
-83.5852 -540.8451 4086.3850 120 86 32
-80.3073 -540.8451 4086.3850 137 103 45
-76.9310 -540.1535 4081.1594 143 110 48
-73.7516 -540.8451 4086.3850 146 114 49
-70.4738 -540.8451 4086.3850 147 115 51
-67.1959 -540.8451 4086.3850 147 116 52
-64.0000 -541.5385 4091.6240 144 111 49
-60.7180 -541.5385 4091.6240 138 105 44
-57.3624 -540.8451 4086.3850 131 99 40
-54.1539 -541.5385 4091.6240 126 95 36
-50.8718 -541.5385 4091.6240 123 90 34
-47.5897 -541.5385 4091.6240 136 103 43
-44.3077 -541.5385 4091.6240 143 108 47
-40.9731 -540.8451 4086.3850 145 110 48
-37.7436 -541.5385 4091.6240 144 108 48
-34.4615 -541.5385 4091.6240 147 112 51
-31.1795 -541.5385 4091.6240 147 113 51
-27.8974 -541.5385 4091.6240 142 108 45
-24.6154 -541.5385 4091.6240 136 102 39
-21.3333 -541.5385 4091.6240 128 94 35
-18.0745 -542.2337 4096.8765 124 90 34
-14.7882 -542.2337 4096.8765 130 94 37
-11.5019 -542.2337 4096.8765 140 104 44
-8.2157 -542.2337 4096.8765 142 106 45
-4.9231 -541.5385 4091.6240 143 107 46
-1.6410 -541.5385 4091.6240 143 106 44
1.6410 -541.5385 4091.6240 145 109 47
27.7943 -482.7429 3647.3906 131 99 43
30.7200 -482.7429 3647.3906 130 99 45
33.6457 -482.7429 3647.3906 129 98 44
36.4880 -481.6420 3639.0728 127 99 45
39.4071 -481.6420 3639.0728 129 106 57
42.3261 -481.6420 3639.0728 156 143 109
45.2968 -482.1918 3643.2268 205 208 195
48.1642 -481.6420 3639.0728 208 215 207
51.1416 -482.1918 3643.2268 208 216 208
54.0639 -482.1918 3643.2268 207 214 207
57.0514 -482.7429 3647.3906 204 210 204
59.9087 -482.1918 3643.2268 201 207 200
62.6879 -481.0934 3634.9280 200 206 199
65.4545 -480.0000 3626.6667 196 203 195
76.0259 -456.1555 3446.5083 189 194 187
78.2833 -453.2189 3424.3206 190 196 188
80.9432 -452.7332 3420.6504 186 191 183
83.5974 -452.2484 3416.9880 186 192 183
86.2460 -451.7647 3413.3335 181 187 179
89.1747 -452.7332 3420.6504 181 187 178
91.8201 -452.2484 3416.9880 174 180 171
94.8657 -453.7057 3427.9988 178 184 174
98.9691 -435.4640 3290.1719 169 173 162
101.5036 -435.0154 3286.7834 177 181 170
104.2474 -435.4640 3290.1719 168 172 161
107.1074 -436.3636 3296.9697 156 159 150
109.7521 -436.3636 3296.9697 158 162 155
112.3967 -436.3636 3296.9697 161 166 159
135.0888 -441.3793 3334.8660 115 121 111
138.0524 -442.3037 3341.8501 123 128 120
141.1765 -443.6975 3352.3811 122 126 119
143.8656 -443.6975 3352.3811 110 116 107
146.8632 -444.6316 3359.4387 96 101 92
149.7155 -445.1002 3362.9788 99 103 95
163.2653 -431.0204 3256.5986 52 52 48
165.8776 -431.0204 3256.5986 52 52 51
168.4898 -431.0204 3256.5986 42 41 40
171.1020 -431.0204 3256.5986 45 44 43
173.5372 -430.5811 3253.2791 38 38 38
176.1468 -430.5811 3253.2791 32 33 35
178.7564 -430.5811 3253.2791 28 29 32
181.3660 -430.5811 3253.2791 25 26 30
183.7882 -430.1425 3249.9661 23 25 30
186.5851 -430.5811 3253.2791 23 24 28
222.0820 -444.1641 3355.9062 16 19 22
224.5378 -443.6975 3352.3811 17 18 22
227.4658 -444.1641 3355.9062 18 19 23
229.9160 -443.6975 3352.3811 18 19 21
232.3610 -443.2319 3348.8633 18 19 22
235.0472 -443.2319 3348.8633 18 20 24
237.7335 -443.2319 3348.8633 18 19 24
240.4197 -443.2319 3348.8633 21 21 25
243.1060 -443.2319 3348.8633 23 22 26
245.7923 -443.2319 3348.8633 23 22 26
248.7395 -443.6975 3352.3811 26 25 27
251.9579 -444.6316 3359.4387 31 31 30
254.9210 -445.1002 3362.9788 35 36 32
258.1626 -446.0402 3370.0811 38 38 32
261.6949 -447.4576 3380.7910 47 47 39
265.2498 -448.8842 3391.5693 61 60 49
268.5410 -449.8403 3398.7932 73 73 55
271.8463 -450.8004 3406.0479 90 89 69
275.7556 -452.7332 3420.6504 96 94 75
279.6986 -454.6825 3435.3787 101 100 80
283.3693 -456.1555 3446.5083 107 105 85
288.0000 -459.1305 3468.9856 107 106 85
291.0990 -459.6300 3472.7603 106 105 82
294.5256 -460.6325 3480.3345 109 107 83
298.2932 -462.1444 3491.7578 111 110 87
301.4239 -462.6507 3495.5825 112 110 89
305.9031 -465.1983 3514.8313 113 111 90
309.4040 -466.2252 3522.5903 108 107 85
313.6142 -468.2927 3538.2114 110 110 86
322.8700 -473.5426 3577.8774 114 114 90
326.4719 -474.6068 3585.9177 113 111 90
329.3484 -474.6068 3585.9177 108 107 86
340.4566 -482.1918 3643.2268 108 107 86
344.1648 -483.2952 3651.5637 111 110 88
347.4914 -483.8488 3655.7466 107 107 85
350.4239 -483.8488 3655.7466 108 107 84
353.3563 -483.8488 3655.7466 115 113 90
357.5173 -485.5173 3668.3525 115 114 89
366.7750 -490.0233 3702.3977 140 137 107
371.0361 -491.7346 3715.3279 177 173 139
375.3271 -493.4580 3728.3491 188 184 147
379.2038 -494.6136 3737.0806 190 186 150
382.2014 -494.6136 3737.0806 191 187 152
-404.6348 -535.2142 4019.4795 145 108 44
-401.4106 -535.2142 4019.4795 145 107 42
-398.6886 -535.8890 4024.5483 142 104 40
-395.4603 -535.8890 4024.5483 141 104 41
-392.2321 -535.8890 4024.5483 138 101 38
-389.0038 -535.8890 4024.5483 137 99 36
-385.7756 -535.8890 4024.5483 134 97 35
-382.5473 -535.8890 4024.5483 134 97 37
-379.3191 -535.8890 4024.5483 140 102 42
-376.0908 -535.8890 4024.5483 142 105 43
-373.3333 -536.5657 4029.6296 144 108 45
-369.6343 -535.8890 4024.5483 147 111 48
-366.4061 -535.8890 4024.5483 146 111 47
-363.6364 -536.5657 4029.6296 142 106 42
-360.4041 -536.5657 4029.6296 140 102 39
-357.1717 -536.5657 4029.6296 135 97 36
-353.4931 -535.8890 4024.5483 133 95 35
-350.7071 -536.5657 4029.6296 140 104 41
-347.0366 -535.8890 4024.5483 145 111 47
-343.8083 -535.8890 4024.5483 147 111 47
-341.0101 -536.5657 4029.6296 147 110 45
-337.7778 -536.5657 4029.6296 146 109 46
-334.5455 -536.5657 4029.6296 145 109 45
-331.7320 -537.2440 4034.7241 143 107 43
-328.0808 -536.5657 4029.6296 142 105 42
-324.8485 -536.5657 4029.6296 141 104 42
-322.0228 -537.2440 4034.7241 139 102 40
-318.7863 -537.2440 4034.7241 138 101 38
-315.5500 -537.2440 4034.7241 141 106 44
-261.5229 -539.2894 4050.0847 145 111 46
-258.2741 -539.2894 4050.0847 142 107 43
-255.0254 -539.2894 4050.0847 141 105 43
-251.7767 -539.2894 4050.0847 140 105 42
-248.2129 -538.6058 4044.9514 140 106 44
-244.9683 -538.6058 4044.9514 143 109 46
-242.0305 -539.2894 4050.0847 145 111 46
-238.7817 -539.2894 4050.0847 146 111 47
-235.5330 -539.2894 4050.0847 146 111 48
-232.2843 -539.2894 4050.0847 146 112 49
-229.3266 -539.9746 4055.2310 145 111 47
-226.0737 -539.9746 4055.2310 145 110 46
-222.8208 -539.9746 4055.2310 143 108 45
-219.5680 -539.9746 4055.2310 144 109 45
-216.5904 -540.6616 4060.3904 146 112 47
-213.3333 -540.6616 4060.3904 147 112 47
-210.0764 -540.6616 4060.3904 147 112 48
-206.8194 -540.6616 4060.3904 144 109 46
-203.5624 -540.6616 4060.3904 143 108 45
-200.3054 -540.6616 4060.3904 141 105 43
-197.5510 -542.0408 4070.7483 137 101 40
-193.7914 -540.6616 4060.3904 136 98 38
-190.7771 -541.3503 4065.5627 137 100 39
-187.5159 -541.3503 4065.5627 139 104 42
-184.2548 -541.3503 4065.5627 144 108 45
-180.7634 -540.6616 4060.3904 149 113 51
-177.5064 -540.6616 4060.3904 149 115 50
-174.2494 -540.6616 4060.3904 148 114 51
-171.2102 -541.3503 4065.5627 149 115 52
-167.9491 -541.3503 4065.5627 149 116 51
-164.6879 -541.3503 4065.5627 148 115 51
-161.4268 -541.3503 4065.5627 146 112 49
-158.1656 -541.3503 4065.5627 144 110 47
-155.1021 -542.0408 4070.7483 145 111 49
-151.8367 -542.0408 4070.7483 147 113 51
-148.3822 -541.3503 4065.5627 148 115 53
-145.1210 -541.3503 4065.5627 147 115 52
-142.0408 -542.0408 4070.7483 148 114 50
-138.7755 -542.0408 4070.7483 148 115 52
-135.5102 -542.0408 4070.7483 148 115 50
-132.2449 -542.0408 4070.7483 145 111 48
-129.1443 -542.7331 4075.9473 141 106 44
-125.7143 -542.0408 4070.7483 138 104 42
-122.4490 -542.0408 4070.7483 137 105 43
-119.3359 -542.7331 4075.9473 137 103 42
-116.0664 -542.7331 4075.9473 142 107 46
-112.7969 -542.7331 4075.9473 143 109 47
-109.5275 -542.7331 4075.9473 145 112 49
-106.2580 -542.7331 4075.9473 145 111 49
-103.1202 -543.4271 4081.1594 144 110 48
-99.8465 -543.4271 4081.1594 143 109 47
-96.6965 -544.1230 4086.3850 140 105 44
-93.4187 -544.1230 4086.3850 137 101 41
-90.1408 -544.1230 4086.3850 137 101 45
-86.8630 -544.1230 4086.3850 134 99 42
-83.5852 -544.1230 4086.3850 138 104 43
-80.4103 -544.8205 4091.6240 141 107 47
-77.0294 -544.1230 4086.3850 142 109 49
-73.7516 -544.1230 4086.3850 143 110 49
-70.5641 -544.8205 4091.6240 143 109 47
-67.1959 -544.1230 4086.3850 140 107 45
-64.0000 -544.8205 4091.6240 140 106 45
-60.7180 -544.8205 4091.6240 139 106 43
-57.3624 -544.1230 4086.3850 138 104 44
-54.1539 -544.8205 4091.6240 137 103 41
-50.8718 -544.8205 4091.6240 138 104 42
-47.5897 -544.8205 4091.6240 138 104 42
-44.3077 -544.8205 4091.6240 137 103 41
-41.0256 -544.8205 4091.6240 137 102 40
-37.7436 -544.8205 4091.6240 139 104 41
-34.4615 -544.8205 4091.6240 140 106 43
-31.1795 -544.8205 4091.6240 140 106 44
-27.9332 -545.5200 4096.8765 137 101 42
-24.6470 -545.5200 4096.8765 134 99 40
-21.3333 -544.8205 4091.6240 131 96 37
-18.0745 -545.5200 4096.8765 131 96 37
-14.7882 -545.5200 4096.8765 131 96 38
-11.5167 -546.2211 4102.1426 130 95 40
-8.2262 -546.2211 4102.1426 131 96 40
-4.9294 -545.5200 4096.8765 133 98 41
-1.6431 -545.5200 4096.8765 134 100 41
1.6431 -545.5200 4096.8765 136 101 42
27.7943 -485.6686 3647.3906 122 92 39
30.7551 -486.2243 3651.5637 120 91 39
33.6457 -485.6686 3647.3906 116 87 38
36.5297 -485.1142 3643.2268 115 89 42
39.4521 -485.1142 3643.2268 124 103 61
42.3744 -485.1142 3643.2268 161 152 120
45.3486 -485.6686 3647.3906 205 206 194
48.2192 -485.1142 3643.2268 208 216 209
51.2000 -485.6686 3647.3906 210 216 209
54.1257 -485.6686 3647.3906 207 213 207
57.1167 -486.2243 3651.5637 204 210 204
59.9771 -485.6686 3647.3906 203 209 203
62.7594 -484.5610 3639.0728 200 207 200
65.4545 -482.9091 3626.6667 194 200 194
76.0259 -458.9201 3446.5083 188 194 187
78.3674 -456.4555 3427.9988 187 193 186
80.9432 -455.4770 3420.6504 183 189 182
83.5974 -454.9893 3416.9880 186 192 186
86.3383 -454.9893 3416.9880 184 191 183
89.2704 -455.9657 3424.3206 187 193 185
91.8201 -454.9893 3416.9880 185 191 181
94.9677 -456.9462 3431.6846 183 189 180
98.8672 -437.6519 3286.7834 176 180 169
101.5036 -437.6519 3286.7834 177 181 173
104.2474 -438.1031 3290.1719 168 173 163
106.9969 -438.5552 3293.5674 169 174 163
109.7521 -439.0083 3296.9697 167 173 164
112.3967 -439.0083 3296.9697 170 176 168
146.8632 -447.3263 3359.4387 151 156 146
149.7155 -447.7977 3362.9788 153 157 146
163.2653 -433.6327 3256.5986 122 121 102
165.7085 -433.1906 3253.2791 123 124 105
168.4898 -433.6327 3256.5986 115 115 96
170.9276 -433.1906 3253.2791 123 122 102
173.5372 -433.1906 3253.2791 110 110 93
175.9674 -432.7495 3249.9661 89 90 75
178.7564 -433.1906 3253.2791 82 84 69
181.3660 -433.1906 3253.2791 78 80 65
183.7882 -432.7495 3249.9661 67 67 53
186.3951 -432.7495 3249.9661 75 75 62
222.0820 -446.8560 3355.9062 37 38 35
224.7740 -446.8560 3355.9062 40 41 36
227.4658 -446.8560 3355.9062 44 44 40
229.9160 -446.3866 3352.3811 42 42 36
232.6051 -446.3866 3352.3811 43 43 38
235.0472 -445.9182 3348.8633 38 38 35
237.9832 -446.3866 3352.3811 43 43 38
240.4197 -445.9182 3348.8633 53 53 43
243.1060 -445.9182 3348.8633 66 66 52
245.7923 -445.9182 3348.8633 75 75 58
248.7395 -446.3866 3352.3811 88 88 68
251.9579 -447.3263 3359.4387 97 97 76
255.1899 -448.2701 3366.5261 102 102 80
258.4355 -449.2178 3373.6436 105 104 80
261.6949 -450.1695 3380.7910 111 110 85
265.5320 -452.0851 3395.1775 115 113 90
268.5410 -452.5666 3398.7932 118 117 93
272.1368 -454.0171 3409.6868 116 114 91
276.3480 -456.4555 3427.9988 113 111 89
288.6275 -462.9194 3476.5432 109 108 86
291.7339 -463.4242 3480.3345 109 107 85
295.4923 -464.9453 3491.7578 112 109 85
299.2755 -466.4764 3503.2566 112 111 88
302.4176 -466.9890 3507.1062 111 109 87
306.2404 -468.5337 3518.7065 110 109 86
309.7459 -469.5691 3526.4827 108 108 85
313.6142 -471.1309 3538.2114 111 110 88
323.2323 -476.9473 3581.8931 111 110 89
326.4719 -477.4832 3585.9177 110 109 89
329.3484 -477.4832 3585.9177 108 108 85
340.8457 -485.6686 3647.3906 110 110 88
344.1648 -486.2243 3651.5637 111 110 88
347.4914 -486.7812 3655.7466 107 106 84
350.4239 -486.7812 3655.7466 109 108 85
353.3563 -486.7812 3655.7466 112 111 88
358.3410 -489.5853 3676.8049 113 112 89
363.3835 -492.4218 3698.1074 118 117 92
367.6279 -494.1396 3711.0078 138 136 105
371.4685 -495.2914 3719.6582 168 164 130
375.7661 -497.0293 3732.7097 178 173 139
379.6483 -498.1946 3741.4617 181 176 142
382.6495 -498.1946 3741.4617 182 178 143
-405.1451 -539.1173 4024.5483 142 108 45
-401.9168 -539.1173 4024.5483 142 107 45
-398.6886 -539.1173 4024.5483 139 103 42
-395.4603 -539.1173 4024.5483 137 102 40
-392.2321 -539.1173 4024.5483 137 101 39
-389.0038 -539.1173 4024.5483 135 99 37
-385.7756 -539.1173 4024.5483 135 100 39
-383.0303 -539.7980 4029.6296 134 99 40
-379.3191 -539.1173 4024.5483 135 101 42
-376.5657 -539.7980 4029.6296 138 103 42
-373.3333 -539.7980 4029.6296 140 103 42
-370.1010 -539.7980 4029.6296 137 100 40
-366.8687 -539.7980 4029.6296 136 99 39
-363.6364 -539.7980 4029.6296 136 100 40
-360.4041 -539.7980 4029.6296 137 101 42
-357.1717 -539.7980 4029.6296 139 102 43
-353.9394 -539.7980 4029.6296 137 102 42
-350.7071 -539.7980 4029.6296 139 105 44
-341.4413 -540.4805 4034.7241 139 105 43
-338.2048 -540.4805 4034.7241 138 103 42
-334.9684 -540.4805 4034.7241 138 103 42
-331.7320 -540.4805 4034.7241 138 102 41
-328.4956 -540.4805 4034.7241 137 101 41
-325.2592 -540.4805 4034.7241 137 102 43
-322.0228 -540.4805 4034.7241 135 99 41
-318.7863 -540.4805 4034.7241 136 100 41
-315.5500 -540.4805 4034.7241 137 102 41
-261.8552 -543.2275 4055.2310 137 105 44
-258.2741 -542.5381 4050.0847 138 105 45
-255.3494 -543.2275 4055.2310 138 106 48
-252.0966 -543.2275 4055.2310 137 106 47
-248.5279 -542.5381 4050.0847 136 105 47
-245.2792 -542.5381 4050.0847 137 105 47
-242.3380 -543.2275 4055.2310 136 104 46
-239.0851 -543.2275 4055.2310 136 104 46
-235.8323 -543.2275 4055.2310 136 105 46
-232.5794 -543.2275 4055.2310 137 105 47
-229.3266 -543.2275 4055.2310 137 106 48
-226.0737 -543.2275 4055.2310 139 108 50
-222.8208 -543.2275 4055.2310 140 109 51
-219.8473 -543.9186 4060.3904 140 110 48
-216.5904 -543.9186 4060.3904 140 111 47
-213.3333 -543.9186 4060.3904 139 110 46
-210.0764 -543.9186 4060.3904 136 107 45
-206.8194 -543.9186 4060.3904 136 106 46
-203.5624 -543.9186 4060.3904 134 104 44
-200.3054 -543.9186 4060.3904 132 102 41
-197.5510 -545.3061 4070.7483 131 101 41
-193.7914 -543.9186 4060.3904 130 99 40
-190.7771 -544.6115 4065.5627 129 99 41
-187.5159 -544.6115 4065.5627 128 100 42
-184.2548 -544.6115 4065.5627 130 102 43
-180.9936 -544.6115 4065.5627 136 107 49
-177.5064 -543.9186 4060.3904 138 110 51
-174.4713 -544.6115 4065.5627 138 110 50
-171.2102 -544.6115 4065.5627 136 108 50
-167.9491 -544.6115 4065.5627 136 109 49
-164.6879 -544.6115 4065.5627 134 108 48
-161.4268 -544.6115 4065.5627 132 105 48
-158.1656 -544.6115 4065.5627 131 103 47
-155.1021 -545.3061 4070.7483 130 103 47
-151.8367 -545.3061 4070.7483 131 103 47
-148.3822 -544.6115 4065.5627 132 104 49
-145.1210 -544.6115 4065.5627 131 105 50
-142.0408 -545.3061 4070.7483 133 105 50
-138.7755 -545.3061 4070.7483 134 107 50
-135.5102 -545.3061 4070.7483 133 107 52
-132.2449 -545.3061 4070.7483 131 105 52
-129.1443 -546.0026 4075.9473 129 103 52
-125.7143 -545.3061 4070.7483 128 103 51
-122.4490 -545.3061 4070.7483 127 103 50
-119.3359 -546.0026 4075.9473 127 103 50
-116.0664 -546.0026 4075.9473 127 103 50
-112.7969 -546.0026 4075.9473 127 103 49
-109.5275 -546.0026 4075.9473 127 103 49
-106.3939 -546.7008 4081.1594 128 104 51
-103.1202 -546.7008 4081.1594 127 104 53
-99.8465 -546.7008 4081.1594 126 104 52
-96.6965 -547.4008 4086.3850 124 102 50
-93.4187 -547.4008 4086.3850 124 102 50
-90.1408 -547.4008 4086.3850 124 102 50
-86.8630 -547.4008 4086.3850 124 101 50
-83.6923 -548.1026 4091.6240 127 104 53
-80.4103 -548.1026 4091.6240 128 105 53
-77.0294 -547.4008 4086.3850 128 106 54
-73.8462 -548.1026 4091.6240 129 107 54
-70.5641 -548.1026 4091.6240 129 108 55
-67.2821 -548.1026 4091.6240 126 104 51
-64.0000 -548.1026 4091.6240 126 103 52
-60.7180 -548.1026 4091.6240 125 102 51
-57.4359 -548.1026 4091.6240 124 101 50
-54.1539 -548.1026 4091.6240 122 101 49
-50.8718 -548.1026 4091.6240 123 101 50
-47.5897 -548.1026 4091.6240 123 102 51
-44.3077 -548.1026 4091.6240 124 103 52
-41.0256 -548.1026 4091.6240 125 102 51
-37.7436 -548.1026 4091.6240 124 101 50
-34.5058 -548.8062 4096.8765 124 102 51
-31.2195 -548.8062 4096.8765 121 101 49
-27.9332 -548.8062 4096.8765 121 101 51
-24.6470 -548.8062 4096.8765 122 102 55
-21.3607 -548.8062 4096.8765 125 105 57
-18.0745 -548.8062 4096.8765 127 106 60
-14.8072 -549.5117 4102.1426 128 107 61
-11.5167 -549.5117 4102.1426 128 108 61
-8.2262 -549.5117 4102.1426 130 110 63
-4.9294 -548.8062 4096.8765 131 111 64
-1.6431 -548.8062 4096.8765 130 112 64
1.6431 -548.8062 4096.8765 131 113 65
30.7551 -489.1533 3651.5637 137 124 80
33.6842 -489.1533 3651.5637 134 124 80
36.5714 -488.5943 3647.3906 137 127 86
39.5423 -489.1533 3651.5637 154 147 111
42.4229 -488.5943 3647.3906 191 190 166
45.4005 -489.1533 3651.5637 207 211 198
48.2743 -488.5943 3647.3906 206 213 205
51.2586 -489.1533 3651.5637 209 214 207
54.1257 -488.5943 3647.3906 207 213 206
57.1167 -489.1533 3651.5637 204 211 204
59.9771 -488.5943 3647.3906 200 207 200
62.8311 -488.0366 3643.2268 197 202 195
76.0259 -461.6847 3446.5083 191 196 189
78.3674 -459.2052 3427.9988 192 197 190
80.9432 -458.2208 3420.6504 184 189 182
83.5974 -457.7302 3416.9880 186 191 184
86.3383 -457.7302 3416.9880 182 187 180
89.2704 -458.7125 3424.3206 185 191 183
91.9185 -458.2208 3420.6504 183 188 179
94.9677 -459.6989 3431.6846 177 183 174
98.8672 -440.2884 3286.7834 173 178 170
101.5036 -440.2884 3286.7834 175 180 172
104.2474 -440.7423 3290.1719 172 177 168
106.9969 -441.1971 3293.5674 173 179 171
109.7521 -441.6529 3296.9697 177 182 173
112.3967 -441.6529 3296.9697 175 179 171
147.0179 -450.4953 3362.9788 153 155 143
149.8734 -450.9705 3366.5261 157 159 147
163.2653 -436.2449 3256.5986 136 137 117
165.7085 -435.8003 3253.2791 138 139 120
168.3181 -435.8003 3253.2791 138 138 119
170.9276 -435.8003 3253.2791 141 139 121
173.5372 -435.8003 3253.2791 140 140 122
175.9674 -435.3564 3249.9661 129 129 110
178.5743 -435.3564 3249.9661 128 128 108
181.1813 -435.3564 3249.9661 137 137 117
219.8525 -450.4953 3362.9788 96 96 76
222.3158 -450.0211 3359.4387 100 100 77
225.0105 -450.0211 3359.4387 110 110 86
227.9452 -450.4953 3362.9788 113 111 90
230.1578 -449.5479 3355.9062 107 106 84
232.8496 -449.5479 3355.9062 111 110 86
235.2941 -449.0757 3352.3811 109 107 84
238.2334 -449.5479 3355.9062 111 110 86
240.4197 -448.6044 3348.8633 114 111 85
243.3614 -449.0757 3352.3811 117 114 90
246.0504 -449.0757 3352.3811 117 114 92
249.0011 -449.5479 3355.9062 115 114 92
252.2234 -450.4953 3362.9788 112 111 90
255.4594 -451.4467 3370.0811 112 111 89
258.9831 -452.8814 3380.7910 113 112 90
262.2505 -453.8429 3387.9690 114 111 90
265.8147 -455.2929 3398.7932 116 114 90
268.8273 -455.7783 3402.4165 116 114 90
272.4278 -457.2407 3413.3335 116 114 91
282.1281 -464.1911 3465.2190 112 110 88
285.5278 -465.2013 3472.7603 112 110 88
288.9422 -466.2160 3480.3345 112 110 89
292.3716 -467.2350 3487.9419 112 109 87
296.1404 -468.7720 3499.4153 113 109 87
299.6044 -469.8022 3507.1062 111 108 88
302.7503 -470.3191 3510.9646 106 104 83
306.2404 -471.3562 3518.7065 107 105 83
309.7459 -472.3979 3526.4827 109 108 85
313.6142 -473.9690 3538.2114 111 109 86
323.5955 -480.3596 3585.9177 111 110 87
326.8392 -480.8999 3589.9514 109 108 86
329.7188 -480.8999 3589.9514 110 109 88
340.8457 -488.5943 3647.3906 106 106 83
344.1648 -489.1533 3651.5637 103 101 80
347.4914 -489.7137 3655.7466 103 100 80
350.4239 -489.7137 3655.7466 109 107 84
353.3563 -489.7137 3655.7466 111 109 86
357.9287 -491.9678 3672.5740 111 110 85
363.8051 -495.9629 3702.3977 123 121 93
368.0559 -497.6950 3715.3279 143 140 109
371.4685 -498.2751 3719.6582 169 165 133
376.6472 -501.1958 3741.4617 177 172 139
380.5406 -502.3737 3750.2546 180 175 142
383.5488 -502.3737 3750.2546 181 176 143
-405.1451 -542.3456 4024.5483 138 110 54
-401.9168 -542.3456 4024.5483 136 108 52
-398.6886 -542.3456 4024.5483 136 109 53
-395.4603 -542.3456 4024.5483 133 108 52
-392.2321 -542.3456 4024.5483 132 107 50
-389.4950 -543.0303 4029.6296 133 109 52
-385.7756 -542.3456 4024.5483 134 111 53
-383.0303 -543.0303 4029.6296 135 112 56
-379.7980 -543.0303 4029.6296 137 114 57
-376.5657 -543.0303 4029.6296 137 113 57
-373.8053 -543.7169 4034.7241 137 113 57
-370.1010 -543.0303 4029.6296 137 113 58
-366.8687 -543.0303 4029.6296 136 113 58
-364.0961 -543.7169 4034.7241 135 112 59
-360.8597 -543.7169 4034.7241 136 114 62
-357.1717 -543.0303 4029.6296 137 114 63
-353.9394 -543.0303 4029.6296 139 116 65
-351.1505 -543.7169 4034.7241 140 119 65
-341.4413 -543.7169 4034.7241 141 120 65
-338.2048 -543.7169 4034.7241 142 121 66
-334.9684 -543.7169 4034.7241 142 121 66
-331.7320 -543.7169 4034.7241 143 121 66
-328.4956 -543.7169 4034.7241 142 122 66
-325.2592 -543.7169 4034.7241 142 123 69
-322.0228 -543.7169 4034.7241 143 123 69
-319.1899 -544.4051 4039.8313 145 125 71
-315.5500 -543.7169 4034.7241 148 127 72
-262.1883 -547.1756 4060.3904 161 146 94
-258.6023 -546.4803 4055.2310 162 146 96
-255.3494 -546.4803 4055.2310 163 148 99
-252.4173 -547.1756 4060.3904 163 150 101
-248.8437 -546.4803 4055.2310 163 150 102
-245.5909 -546.4803 4055.2310 164 151 104
-242.6463 -547.1756 4060.3904 164 151 106
-239.0851 -546.4803 4055.2310 166 152 106
-235.8323 -546.4803 4055.2310 166 153 107
-232.8753 -547.1756 4060.3904 168 153 107
-229.6183 -547.1756 4060.3904 170 154 108
-226.3613 -547.1756 4060.3904 170 155 110
-223.1044 -547.1756 4060.3904 171 158 111
-219.8473 -547.1756 4060.3904 172 158 111
-216.5904 -547.1756 4060.3904 174 159 112
-213.3333 -547.1756 4060.3904 174 159 111
-210.0764 -547.1756 4060.3904 173 157 109
-207.0828 -547.8727 4065.5627 172 157 108
-203.8217 -547.8727 4065.5627 171 156 107
-200.5605 -547.8727 4065.5627 170 154 107
-197.8033 -549.2720 4075.9473 170 156 108
-194.0382 -547.8727 4065.5627 170 155 108
-190.7771 -547.8727 4065.5627 169 155 108
-187.7551 -548.5714 4070.7483 169 155 109
-184.2548 -547.8727 4065.5627 170 157 110
-180.9936 -547.8727 4065.5627 173 159 112
-177.7325 -547.8727 4065.5627 174 160 114
-174.4713 -547.8727 4065.5627 174 161 114
-171.4286 -548.5714 4070.7483 175 162 115
-168.1633 -548.5714 4070.7483 176 163 116
-164.8980 -548.5714 4070.7483 177 164 117
-161.6327 -548.5714 4070.7483 176 164 118
-158.3674 -548.5714 4070.7483 175 163 118
-155.3001 -549.2720 4075.9473 175 164 119
-152.0307 -549.2720 4075.9473 176 165 120
-148.5714 -548.5714 4070.7483 177 166 121
-145.3061 -548.5714 4070.7483 178 167 121
-142.0408 -548.5714 4070.7483 180 167 124
-138.9528 -549.2720 4075.9473 181 169 126
-135.6833 -549.2720 4075.9473 181 170 126
-132.2449 -548.5714 4070.7483 180 169 126
-129.3095 -549.9745 4081.1594 180 169 127
-125.8748 -549.2720 4075.9473 180 169 126
-122.6054 -549.2720 4075.9473 180 169 125
-119.4885 -549.9745 4081.1594 181 168 125
-116.2148 -549.9745 4081.1594 181 168 125
-112.9412 -549.9745 4081.1594 180 168 124
-109.6675 -549.9745 4081.1594 181 168 125
-106.3939 -549.9745 4081.1594 181 168 125
-103.2522 -550.6786 4086.3850 182 169 126
-99.9744 -550.6786 4086.3850 180 168 125
-96.8205 -551.3846 4091.6240 181 168 125
-93.5385 -551.3846 4091.6240 181 168 126
-90.1408 -550.6786 4086.3850 181 168 128
-86.9744 -551.3846 4091.6240 181 168 129
-83.6923 -551.3846 4091.6240 181 169 127
-80.5135 -552.0925 4096.8765 182 170 128
-77.1282 -551.3846 4091.6240 182 170 128
-73.8462 -551.3846 4091.6240 183 172 129
-70.6547 -552.0925 4096.8765 184 172 130
-67.2821 -551.3846 4091.6240 182 170 129
-64.0822 -552.0925 4096.8765 183 170 130
-60.7959 -552.0925 4096.8765 183 171 130
-57.4359 -551.3846 4091.6240 183 171 129
-54.1539 -551.3846 4091.6240 182 170 129
-50.8718 -551.3846 4091.6240 182 171 130
-47.6508 -552.0925 4096.8765 182 171 130
-44.3646 -552.0925 4096.8765 182 171 130
-41.0783 -552.0925 4096.8765 183 171 130
-37.7920 -552.0925 4096.8765 183 171 130
-34.5058 -552.0925 4096.8765 184 172 132
-31.2195 -552.0925 4096.8765 184 172 132
-27.9692 -552.8021 4102.1426 185 172 133
-24.6787 -552.8021 4102.1426 185 173 135
-21.3607 -552.0925 4096.8765 185 173 135
-18.0977 -552.8021 4102.1426 186 173 135
-14.8072 -552.8021 4102.1426 186 174 137
-11.5315 -553.5135 4107.4219 185 174 136
-8.2368 -553.5135 4107.4219 186 174 136
-4.9357 -552.8021 4102.1426 187 175 136
-1.6452 -552.8021 4102.1426 187 175 137
1.6452 -552.8021 4102.1426 186 175 136
30.7904 -492.6461 3655.7466 186 177 141
33.7228 -492.6461 3655.7466 182 174 139
36.6552 -492.6461 3655.7466 183 176 144
39.5876 -492.6461 3655.7466 198 196 171
42.4714 -492.0824 3651.5637 207 210 193
45.4525 -492.6461 3655.7466 208 214 202
48.3849 -492.6461 3655.7466 208 214 204
51.3173 -492.6461 3655.7466 208 213 205
54.1876 -492.0824 3651.5637 203 209 202
57.1821 -492.6461 3655.7466 205 212 205
60.0458 -492.0824 3651.5637 203 209 202
75.9439 -463.9483 3442.7905 193 200 193
78.2833 -461.4593 3424.3206 194 199 192
80.9432 -460.9647 3420.6504 192 197 190
83.5974 -460.4711 3416.9880 189 194 187
86.3383 -460.4711 3416.9880 184 190 182
89.2704 -461.4593 3424.3206 186 193 185
91.9185 -460.9647 3420.6504 175 180 172
94.9677 -462.4516 3431.6846 176 182 174
101.5036 -442.9248 3286.7834 178 184 174
104.2474 -443.3815 3290.1719 173 178 167
109.8656 -444.7570 3300.3792 172 177 166
112.3967 -444.2975 3296.9697 173 177 166
147.0179 -453.1929 3362.9788 162 167 156
149.8734 -453.6709 3366.5261 162 167 155
220.3168 -454.1500 3370.0811 127 125 100
222.7848 -453.6709 3366.5261 118 117 91
225.7234 -454.1500 3370.0811 120 118 95
228.4266 -454.1500 3370.0811 120 119 97
230.8861 -453.6709 3366.5261 123 122 96
233.3404 -453.1929 3362.9788 123 122 97
236.0380 -453.1929 3362.9788 120 120 97
238.7355 -453.1929 3362.9788 119 117 95
240.6723 -451.7647 3352.3811 118 117 92
243.6172 -452.2398 3355.9062 117 116 93
246.5685 -452.7158 3359.4387 114 113 92
249.5258 -453.1929 3362.9788 115 112 90
253.0233 -454.6301 3373.6436 117 113 90
256.2712 -455.5932 3380.7910 116 114 90
259.8087 -457.0457 3391.5693 115 114 89
263.0884 -458.0192 3398.7932 118 114 91
266.3821 -458.9969 3406.0479 117 115 92
269.9786 -460.4711 3416.9880 117 115 91
279.6522 -467.4783 3468.9856 113 111 90
282.7421 -467.9870 3472.7603 113 111 89
285.8388 -468.4967 3476.5432 112 111 89
289.2577 -469.5197 3484.1340 111 109 87
292.6915 -470.5471 3491.7578 109 107 84
296.4654 -472.0966 3503.2566 113 110 87
299.9340 -473.1353 3510.9646 111 109 88
303.0837 -473.6565 3514.8313 111 110 87
306.2404 -474.1786 3518.7065 112 112 88
309.7459 -475.2265 3526.4827 113 113 88
313.6142 -476.8071 3538.2114 113 112 88
323.5955 -483.2360 3585.9177 107 106 84
326.8392 -483.7795 3589.9514 108 106 85
329.7188 -483.7795 3589.9514 110 110 88
340.8457 -491.5201 3647.3906 107 106 85
344.1648 -492.0824 3651.5637 97 96 75
347.4914 -492.6461 3655.7466 106 104 82
350.4239 -492.6461 3655.7466 113 110 87
353.3563 -492.6461 3655.7466 113 111 88
357.5173 -494.3449 3668.3525 111 110 88
363.3835 -498.3546 3698.1074 122 120 95
367.6279 -500.0930 3711.0078 145 142 111
371.4685 -501.2588 3719.6582 170 166 133
377.0892 -504.7888 3745.8530 176 172 138
380.9883 -505.9765 3754.6667 180 176 141
384.0000 -505.9765 3754.6667 182 178 143
-405.1451 -545.5739 4024.5483 185 172 128
-402.4243 -546.2627 4029.6296 185 173 128
-399.1919 -546.2627 4029.6296 185 172 128
-395.9596 -546.2627 4029.6296 185 172 128
-392.7273 -546.2627 4029.6296 184 172 128
-389.4950 -546.2627 4029.6296 185 173 129
-386.2626 -546.2627 4029.6296 185 174 129
-383.5146 -546.9532 4034.7241 185 173 129
-379.7980 -546.2627 4029.6296 187 174 131
-377.0417 -546.9532 4034.7241 188 176 133
-373.8053 -546.9532 4034.7241 188 176 133
-370.5689 -546.9532 4034.7241 189 177 135
-367.3325 -546.9532 4034.7241 190 177 134
-364.0961 -546.9532 4034.7241 190 178 135
-360.8597 -546.9532 4034.7241 190 179 136
-357.6233 -546.9532 4034.7241 190 179 136
-354.3869 -546.9532 4034.7241 189 178 136
-351.1505 -546.9532 4034.7241 189 178 136
-347.9141 -546.9532 4034.7241 190 179 136
-344.6776 -546.9532 4034.7241 191 179 138
-341.4413 -546.9532 4034.7241 191 179 137
-338.6329 -547.6456 4039.8313 191 180 138
-334.9684 -546.9532 4034.7241 192 180 138
-332.1519 -547.6456 4039.8313 192 180 137
-328.4956 -546.9532 4034.7241 193 181 139
-325.2592 -546.9532 4034.7241 193 181 141
-322.4304 -547.6456 4039.8313 193 182 142
-319.1899 -547.6456 4039.8313 193 182 142
-315.9494 -547.6456 4039.8313 195 183 142
-312.7089 -547.6456 4039.8313 194 183 142
-309.4684 -547.6456 4039.8313 194 183 142
-265.7835 -551.1338 4065.5627 201 191 152
-262.8571 -551.8367 4070.7483 201 191 152
-259.2612 -551.1338 4065.5627 201 192 152
-256.0000 -551.1338 4065.5627 200 192 153
-253.0612 -551.8367 4070.7483 201 193 154
-249.1603 -550.4326 4060.3904 202 193 155
-245.9033 -550.4326 4060.3904 203 194 156
-242.9554 -551.1338 4065.5627 203 194 156
-239.3893 -550.4326 4060.3904 204 194 156
-236.1323 -550.4326 4060.3904 204 195 156
-233.1720 -551.1338 4065.5627 203 195 156
-229.9109 -551.1338 4065.5627 203 194 156
-226.6497 -551.1338 4065.5627 203 195 156
-223.3886 -551.1338 4065.5627 203 195 157
-220.1274 -551.1338 4065.5627 203 194 156
-216.8663 -551.1338 4065.5627 203 195 156
-213.6051 -551.1338 4065.5627 204 195 156
-210.6122 -551.8367 4070.7483 204 194 156
-207.3469 -551.8367 4070.7483 204 194 155
-204.0816 -551.8367 4070.7483 203 194 155
-200.8163 -551.8367 4070.7483 203 194 155
-198.0563 -553.2481 4081.1594 202 193 154
-194.2857 -551.8367 4070.7483 201 193 153
-191.2644 -552.5415 4075.9473 201 193 155
-187.9949 -552.5415 4075.9473 201 193 155
-184.4898 -551.8367 4070.7483 202 194 155
-181.4559 -552.5415 4075.9473 203 194 156
-178.1865 -552.5415 4075.9473 202 194 156
-174.9170 -552.5415 4075.9473 202 195 156
-171.6475 -552.5415 4075.9473 203 196 158
-168.3780 -552.5415 4075.9473 204 197 158
-165.1086 -552.5415 4075.9473 204 196 159
-161.8391 -552.5415 4075.9473 204 196 160
-158.5696 -552.5415 4075.9473 205 197 160
-155.3001 -552.5415 4075.9473 204 197 160
-152.0307 -552.5415 4075.9473 205 197 161
-148.5714 -551.8367 4070.7483 206 198 162
-145.4917 -552.5415 4075.9473 207 199 163
-142.2222 -552.5415 4075.9473 207 198 163
-138.9528 -552.5415 4075.9473 207 199 163
-135.8568 -553.2481 4081.1594 206 198 162
-132.4138 -552.5415 4075.9473 205 197 161
-129.3095 -553.2481 4081.1594 204 197 161
-126.0358 -553.2481 4081.1594 205 198 161
-122.7622 -553.2481 4081.1594 205 197 161
-119.4885 -553.2481 4081.1594 206 197 161
-116.3636 -553.9565 4086.3850 206 197 161
-113.0858 -553.9565 4086.3850 205 197 160
-109.8079 -553.9565 4086.3850 205 196 158
-106.5301 -553.9565 4086.3850 205 196 158
-103.3846 -554.6667 4091.6240 205 196 160
-100.1026 -554.6667 4091.6240 204 196 160
-96.8205 -554.6667 4091.6240 203 196 160
-93.6585 -555.3787 4096.8765 204 195 159
-90.2564 -554.6667 4091.6240 204 195 159
-87.0860 -555.3787 4096.8765 204 195 160
-83.7998 -555.3787 4096.8765 203 195 158
-80.5135 -555.3787 4096.8765 204 195 160
-77.2272 -555.3787 4096.8765 204 196 160
-73.9410 -555.3787 4096.8765 203 196 158
-70.7455 -556.0927 4102.1426 202 195 158
-67.3684 -555.3787 4096.8765 202 194 159
-64.0822 -555.3787 4096.8765 203 195 160
-60.7959 -555.3787 4096.8765 202 195 159
-57.5096 -555.3787 4096.8765 202 195 159
-54.2234 -555.3787 4096.8765 203 194 159
-50.9371 -555.3787 4096.8765 203 195 160
-47.6508 -555.3787 4096.8765 204 197 161
-44.3646 -555.3787 4096.8765 203 196 160
-41.1311 -556.0927 4102.1426 203 196 160
-37.8406 -556.0927 4102.1426 202 196 161
-34.5501 -556.0927 4102.1426 203 197 161
-31.2596 -556.0927 4102.1426 204 196 161
-27.9692 -556.0927 4102.1426 204 196 163
-24.7104 -556.8083 4107.4219 204 196 162
-21.3882 -556.0927 4102.1426 204 196 163
-14.8263 -556.8083 4107.4219 205 197 164
-11.5315 -556.8083 4107.4219 205 198 165
-8.2474 -557.5258 4112.7148 206 199 165
-4.9421 -556.8083 4107.4219 207 199 165
-1.6452 -556.0927 4102.1426 206 199 165
27.8899 -496.1468 3659.9390 204 198 165
30.7904 -495.5785 3655.7466 202 196 164
33.7228 -495.5785 3655.7466 200 195 163
36.6552 -495.5785 3655.7466 201 197 170
39.5876 -495.5785 3655.7466 208 209 190
42.5200 -495.5785 3655.7466 210 212 200
45.4525 -495.5785 3655.7466 211 214 203
48.3849 -495.5785 3655.7466 210 216 207
51.3173 -495.5785 3655.7466 211 218 209
54.1876 -495.0114 3651.5637 205 211 204
57.1167 -495.0114 3651.5637 199 206 199
60.0458 -495.0114 3651.5637 201 208 201
75.8621 -466.2069 3439.0806 192 198 191
78.1994 -463.7085 3420.6504 192 197 190
80.8565 -463.2120 3416.9880 188 193 187
83.5974 -463.2120 3416.9880 189 194 187
86.2460 -462.7166 3413.3335 181 186 179
89.2704 -464.2061 3424.3206 186 192 185
91.9185 -463.7085 3420.6504 174 181 173
94.8657 -464.7047 3427.9988 177 183 176
149.8734 -456.3714 3366.5261 160 164 154
220.5497 -457.3362 3373.6436 127 125 101
223.2558 -457.3362 3373.6436 122 119 94
225.9620 -457.3362 3373.6436 124 121 96
228.6681 -457.3362 3373.6436 121 119 95
231.1299 -456.8532 3370.0811 120 118 95
233.5865 -456.3714 3366.5261 123 122 99
236.2869 -456.3714 3366.5261 124 122 99
238.7355 -455.8905 3362.9788 123 121 97
240.9254 -454.9317 3355.9062 124 121 98
243.8737 -455.4106 3359.4387 121 119 96
246.5685 -455.4106 3359.4387 115 114 90
249.7890 -456.3714 3366.5261 114 112 90
253.2910 -457.8201 3377.2134 113 110 89
257.0882 -459.7662 3391.5693 113 110 88
260.0851 -460.2554 3395.1775 111 110 87
263.3689 -461.2367 3402.4165 112 110 88
266.3821 -461.7289 3406.0479 113 112 90
270.5580 -464.2061 3424.3206 109 108 86
279.6522 -470.2609 3468.9856 114 111 89
282.7421 -470.7726 3472.7603 113 112 89
285.8388 -471.2854 3476.5432 114 113 90
289.2577 -472.3144 3484.1340 113 111 88
292.6915 -473.3479 3491.7578 111 107 84
296.4654 -474.9067 3503.2566 115 112 89
299.9340 -475.9516 3510.9646 112 110 88
303.0837 -476.4758 3514.8313 112 113 90
306.2404 -477.0011 3518.7065 111 111 89
309.7459 -478.0553 3526.4827 113 112 90
313.6142 -479.6453 3538.2114 112 111 88
323.9595 -486.6592 3589.9514 110 108 85
327.2072 -487.2072 3593.9941 115 113 90
329.7188 -486.6592 3589.9514 113 112 91
340.8457 -494.4457 3647.3906 107 105 83
344.1648 -495.0114 3651.5637 101 99 77
347.4914 -495.5785 3655.7466 106 104 82
350.4239 -495.5785 3655.7466 112 110 87
353.3563 -495.5785 3655.7466 113 112 89
357.5173 -497.2874 3668.3525 114 113 89
362.5434 -500.1619 3689.5569 121 119 95
367.2010 -502.4855 3706.6978 140 137 107
371.4685 -504.2425 3719.6582 160 155 125
376.2061 -506.6042 3737.0806 168 163 132
380.5406 -508.3902 3750.2546 174 170 137
384.0000 -508.9883 3754.6667 178 174 141
-406.1694 -550.1897 4034.7241 213 204 167
-402.9330 -550.1897 4034.7241 212 205 167
-399.1919 -549.4950 4029.6296 212 204 168
-396.4602 -550.1897 4034.7241 212 203 167
-393.2238 -550.1897 4034.7241 212 203 167
-389.9874 -550.1897 4034.7241 211 203 166
-386.7510 -550.1897 4034.7241 211 205 169
-383.5146 -550.1897 4034.7241 212 205 169
-380.2782 -550.1897 4034.7241 213 205 169
-377.0417 -550.1897 4034.7241 213 205 169
-374.2785 -550.8861 4039.8313 213 205 169
-371.0380 -550.8861 4039.8313 213 205 170
-367.3325 -550.1897 4034.7241 214 205 170
-364.5570 -550.8861 4039.8313 214 205 169
-361.3165 -550.8861 4039.8313 213 205 169
-357.6233 -550.1897 4034.7241 212 205 170
-354.3869 -550.1897 4034.7241 211 205 169
-351.5949 -550.8861 4039.8313 212 205 168
-348.3545 -550.8861 4039.8313 212 204 167
-344.6776 -550.1897 4034.7241 212 203 168
-341.8734 -550.8861 4039.8313 212 204 167
-338.6329 -550.8861 4039.8313 214 205 169
-335.3924 -550.8861 4039.8313 214 206 170
-332.1519 -550.8861 4039.8313 214 206 169
-328.9114 -550.8861 4039.8313 213 206 169
-325.6709 -550.8861 4039.8313 213 206 170
-322.4304 -550.8861 4039.8313 213 206 170
-319.1899 -550.8861 4039.8313 214 205 171
-315.9494 -550.8861 4039.8313 215 206 171
-312.7089 -550.8861 4039.8313 214 206 171
-309.4684 -550.8861 4039.8313 212 205 171
-307.0051 -552.2843 4050.0847 213 206 172
-263.1929 -555.8110 4075.9473 215 208 174
-259.5919 -555.1021 4070.7483 215 208 175
-256.6539 -555.8110 4075.9473 214 208 175
-253.3844 -555.8110 4075.9473 214 208 174
-249.7959 -555.1021 4070.7483 215 208 174
-246.2166 -554.3950 4065.5627 215 208 174
-243.5760 -555.8110 4075.9473 215 208 174
-240.0000 -555.1021 4070.7483 215 208 174
-236.4332 -554.3950 4065.5627 216 208 174
-233.4694 -555.1021 4070.7483 215 208 174
-230.2041 -555.1021 4070.7483 215 208 174
-226.6497 -554.3950 4065.5627 215 208 173
-223.3886 -554.3950 4065.5627 215 209 174
-220.4082 -555.1021 4070.7483 214 209 174
-217.1429 -555.1021 4070.7483 214 209 174
-213.8775 -555.1021 4070.7483 215 209 176
-210.6122 -555.1021 4070.7483 216 209 175
-207.6118 -555.8110 4075.9473 216 209 175
-204.3423 -555.8110 4075.9473 215 210 176
-201.0728 -555.8110 4075.9473 215 210 176
-198.0563 -556.5218 4081.1594 215 209 175
-194.5338 -555.8110 4075.9473 214 209 175
-191.2644 -555.8110 4075.9473 214 210 175
-188.2353 -556.5218 4081.1594 215 210 175
-184.9616 -556.5218 4081.1594 215 210 174
-181.6880 -556.5218 4081.1594 215 210 175
-178.4143 -556.5218 4081.1594 215 210 176
-175.1407 -556.5218 4081.1594 214 210 175
-171.8670 -556.5218 4081.1594 215 210 175
-168.5934 -556.5218 4081.1594 215 210 174
-165.3197 -556.5218 4081.1594 216 210 174
-161.8391 -555.8110 4075.9473 215 210 176
-158.5696 -555.8110 4075.9473 216 210 176
-155.4987 -556.5218 4081.1594 216 210 175
-152.2251 -556.5218 4081.1594 215 210 175
-148.7612 -555.8110 4075.9473 216 210 176
-145.6777 -556.5218 4081.1594 215 211 175
-142.4041 -556.5218 4081.1594 215 210 175
-139.1304 -556.5218 4081.1594 215 211 175
-135.8568 -556.5218 4081.1594 216 211 176
-132.4138 -555.8110 4075.9473 215 210 176
-129.4750 -557.2343 4086.3850 215 210 175
-126.0358 -556.5218 4081.1594 215 210 174
-122.9193 -557.2343 4086.3850 215 210 175
-119.6415 -557.2343 4086.3850 215 210 175
-116.5128 -557.9487 4091.6240 216 210 174
-113.2308 -557.9487 4091.6240 217 209 175
-109.9487 -557.9487 4091.6240 217 209 175
-106.6667 -557.9487 4091.6240 216 210 174
-103.5173 -558.6650 4096.8765 216 210 175
-100.2311 -558.6650 4096.8765 215 210 175
-96.9448 -558.6650 4096.8765 215 210 176
-93.6585 -558.6650 4096.8765 216 210 175
-90.3723 -558.6650 4096.8765 215 210 175
-87.0860 -558.6650 4096.8765 215 210 174
-83.9075 -559.3831 4102.1426 215 209 175
-80.6170 -559.3831 4102.1426 216 209 175
-77.3265 -559.3831 4102.1426 215 209 175
-74.0360 -559.3831 4102.1426 215 210 174
-70.8366 -560.1030 4107.4219 215 210 174
-67.4550 -559.3831 4102.1426 215 210 174
-57.5836 -559.3831 4102.1426 215 209 175
-54.2931 -559.3831 4102.1426 216 208 175
-51.0026 -559.3831 4102.1426 216 208 175
-47.7121 -559.3831 4102.1426 214 209 175
-44.4216 -559.3831 4102.1426 214 209 175
-41.1311 -559.3831 4102.1426 214 210 176
-11.5464 -560.8248 4112.7148 215 211 177
-4.9421 -560.1030 4107.4219 215 210 176
-1.6452 -559.3831 4102.1426 215 210 177
24.9255 -498.5109 3655.7466 213 208 176
27.8580 -498.5109 3655.7466 212 207 175
30.7904 -498.5109 3655.7466 212 206 175
33.6842 -497.9405 3651.5637 210 205 175
36.6133 -497.9405 3651.5637 209 207 183
39.5423 -497.9405 3651.5637 211 213 198
42.4714 -497.9405 3651.5637 210 213 200
45.4005 -497.9405 3651.5637 210 214 204
48.3295 -497.9405 3651.5637 210 217 209
51.2586 -497.9405 3651.5637 209 216 209
54.1257 -497.3714 3647.3906 207 214 207
57.0514 -497.3714 3647.3906 200 207 199
59.9087 -496.8037 3643.2268 201 208 200
75.6989 -467.9570 3431.6846 191 197 190
78.1994 -466.4523 3420.6504 193 199 191
80.8565 -465.9529 3416.9880 192 198 191
83.5080 -465.4546 3413.3335 190 195 188
89.0792 -465.9529 3416.9880 184 189 182
94.7640 -466.9528 3424.3206 179 184 176
147.0179 -458.5880 3362.9788 162 167 159
150.0317 -459.5565 3370.0811 160 163 154
223.2558 -460.0423 3373.6436 126 123 99
226.2011 -460.5291 3377.2134 125 122 99
228.6681 -460.0423 3373.6436 129 126 103
231.3742 -460.0423 3373.6436 125 123 99
233.5865 -459.0717 3366.5261 125 124 100
236.5365 -459.5565 3370.0811 125 124 99
238.7355 -458.5880 3362.9788 119 118 93
240.6723 -457.1429 3352.3811 118 116 95
243.6172 -457.6236 3355.9062 119 115 94
246.5685 -458.1053 3359.4387 114 111 88
249.5258 -458.5880 3362.9788 110 109 87
253.2910 -460.5291 3377.2134 112 110 88
256.8153 -461.9958 3387.9690 112 111 88
260.0851 -462.9788 3395.1775 113 112 87
263.3689 -463.9659 3402.4165 113 112 89
266.3821 -464.4611 3406.0479 114 114 90
269.9786 -465.9529 3416.9880 112 111 90
282.7421 -473.5582 3472.7603 112 111 88
285.8388 -474.0741 3476.5432 113 112 90
289.2577 -475.1092 3484.1340 112 111 89
292.6915 -476.1488 3491.7578 115 113 90
296.4654 -477.7168 3503.2566 112 111 86
299.6044 -478.2418 3507.1062 117 115 89
302.7503 -478.7679 3510.9646 120 119 93
306.2404 -479.8236 3518.7065 115 114 91
309.7459 -480.8840 3526.4827 116 114 93
313.2669 -481.9491 3534.2932 113 112 91
324.3243 -490.0901 3593.9941 110 108 84
327.2072 -490.0901 3593.9941 114 112 89
330.0901 -490.0901 3593.9941 112 111 90
341.2357 -497.9405 3651.5637 108 107 86
344.1648 -497.9405 3651.5637 108 108 87
347.4914 -498.5109 3655.7466 111 109 87
350.4239 -498.5109 3655.7466 114 112 91
353.3563 -498.5109 3655.7466 112 110 90
357.5173 -500.2299 3668.3525 113 111 89
362.1247 -502.5404 3685.2964 120 118 92
367.2010 -505.4588 3706.6978 134 132 101
371.0361 -506.6357 3715.3279 148 144 112
375.7661 -509.0059 3732.7097 154 150 118
380.0939 -510.7982 3745.8530 160 156 125
384.0000 -512.0001 3754.6667 165 161 130
-406.1694 -553.4261 4034.7241 223 218 187
-403.4431 -554.1266 4039.8313 223 219 187
-399.6966 -553.4261 4034.7241 222 219 187
-396.9621 -554.1266 4039.8313 223 219 187
-393.7215 -554.1266 4039.8313 223 219 186
-390.4810 -554.1266 4039.8313 223 219 186
-386.7510 -553.4261 4034.7241 224 220 186
-384.0000 -554.1266 4039.8313 224 219 185
-380.7595 -554.1266 4039.8313 225 221 186
-377.5190 -554.1266 4039.8313 225 220 186
-374.7528 -554.8289 4044.9514 225 221 186
-371.0380 -554.1266 4039.8313 226 222 186
-367.7975 -554.1266 4039.8313 226 222 186
-364.5570 -554.1266 4039.8313 226 222 187
-361.3165 -554.1266 4039.8313 226 221 187
-357.6233 -553.4261 4034.7241 225 221 187
-354.3869 -553.4261 4034.7241 225 221 187
-345.1140 -554.1266 4039.8313 226 221 186
-341.8734 -554.1266 4039.8313 226 221 186
-338.6329 -554.1266 4039.8313 227 221 186
-335.3924 -554.1266 4039.8313 227 222 186
-332.5729 -554.8289 4044.9514 227 222 186
-328.9114 -554.1266 4039.8313 227 222 186
-325.6709 -554.1266 4039.8313 227 222 186
-322.4304 -554.1266 4039.8313 227 222 186
-319.1899 -554.1266 4039.8313 228 222 186
-315.9494 -554.1266 4039.8313 226 221 186
-312.7089 -554.1266 4039.8313 225 221 186
-256.9821 -559.7954 4081.1594 226 221 186
-254.0333 -560.5121 4086.3850 225 221 186
-250.1150 -559.0805 4075.9473 226 221 186
-246.5306 -558.3674 4070.7483 226 221 186
-243.5760 -559.0805 4075.9473 226 221 186
-240.3065 -559.0805 4075.9473 226 221 186
-236.4332 -557.6561 4065.5627 226 221 185
-233.4694 -558.3674 4070.7483 226 221 186
-230.2041 -558.3674 4070.7483 226 221 185
-226.9388 -558.3674 4070.7483 226 221 185
-223.6735 -558.3674 4070.7483 226 221 186
-220.4082 -558.3674 4070.7483 226 222 187
-217.4202 -559.0805 4075.9473 226 222 187
-213.8775 -558.3674 4070.7483 226 222 188
-210.6122 -558.3674 4070.7483 226 222 187
-207.6118 -559.0805 4075.9473 226 222 187
-204.0816 -558.3674 4070.7483 226 222 188
-201.0728 -559.0805 4075.9473 226 222 187
-198.3099 -560.5121 4086.3850 226 221 187
-194.5338 -559.0805 4075.9473 226 221 188
-191.2644 -559.0805 4075.9473 226 222 188
-188.4763 -560.5121 4086.3850 226 222 187
-185.1985 -560.5121 4086.3850 227 222 187
-181.9206 -560.5121 4086.3850 226 222 188
-178.4143 -559.7954 4081.1594 226 222 188
-175.1407 -559.7954 4081.1594 226 221 188
-171.8670 -559.7954 4081.1594 226 221 188
-165.3197 -559.7954 4081.1594 226 222 187
-162.0460 -559.7954 4081.1594 226 222 188
-158.7724 -559.7954 4081.1594 226 221 188
-155.6978 -560.5121 4086.3850 226 221 188
-152.4200 -560.5121 4086.3850 225 221 187
-149.1421 -560.5121 4086.3850 225 221 187
-145.8643 -560.5121 4086.3850 226 222 187
-142.7692 -561.2308 4091.6240 226 222 187
-139.4872 -561.2308 4091.6240 226 222 187
-136.0307 -560.5121 4086.3850 225 221 188
-132.5831 -559.7954 4081.1594 225 221 188
-129.6410 -561.2308 4091.6240 225 221 188
-126.3590 -561.2308 4091.6240 225 221 188
-123.0769 -561.2308 4091.6240 225 221 188
-119.7949 -561.2308 4091.6240 225 221 187
-84.0154 -563.3977 4107.4219 225 221 186
-80.7207 -563.3977 4107.4219 225 220 185
-77.4260 -563.3977 4107.4219 222 218 184
-74.1313 -563.3977 4107.4219 223 219 186
-70.8366 -563.3977 4107.4219 224 219 187
-57.5836 -562.6736 4102.1426 224 219 187
-54.2931 -562.6736 4102.1426 223 219 186
-51.0026 -562.6736 4102.1426 224 220 187
-47.7121 -562.6736 4102.1426 224 220 187
-44.4216 -562.6736 4102.1426 224 219 187
-41.1311 -562.6736 4102.1426 224 219 187
24.8686 -500.2972 3647.3906 221 217 186
27.7943 -500.2972 3647.3906 221 217 186
30.7551 -500.8696 3651.5637 221 216 185
33.6457 -500.2972 3647.3906 218 214 184
36.5297 -499.7261 3643.2268 213 211 188
39.4521 -499.7261 3643.2268 213 217 202
42.3261 -499.1562 3639.0728 211 215 202
45.2968 -499.7261 3643.2268 207 210 197
48.2192 -499.7261 3643.2268 209 215 205
51.1416 -499.7261 3643.2268 210 217 209
54.0023 -499.1562 3639.0728 202 208 200
56.8565 -498.5877 3634.9280 200 205 198
75.6176 -470.2041 3427.9988 194 199 192
78.1156 -468.6938 3416.9880 193 199 192
80.7701 -468.1925 3413.3335 194 201 195
83.4188 -467.6924 3409.6868 189 195 189
86.0619 -467.1932 3406.0479 184 190 183
88.9840 -468.1925 3413.3335 186 193 185
94.6624 -469.1962 3420.6504 177 183 174
147.0179 -461.2856 3362.9788 160 165 157
150.0317 -462.2598 3370.0811 161 164 155
215.5932 -463.7288 3380.7910 127 123 101
220.7831 -463.2381 3377.2134 125 124 102
223.4921 -463.2381 3377.2134 128 127 103
226.2011 -463.2381 3377.2134 126 124 101
228.9101 -463.2381 3377.2134 123 121 98
231.6191 -463.2381 3377.2134 119 117 94
233.8332 -462.2598 3370.0811 119 118 93
236.7865 -462.7485 3373.6436 120 119 94
238.9874 -461.7722 3366.5261 119 118 94
241.1790 -460.8000 3359.4387 115 114 92
243.8737 -460.8000 3359.4387 115 115 92
246.5685 -460.8000 3359.4387 116 116 92
249.7890 -461.7722 3366.5261 115 114 91
253.0233 -462.7485 3373.6436 114 113 90
256.5430 -464.2206 3384.3762 112 112 88
259.8087 -465.2073 3391.5693 115 114 91
263.0884 -466.1981 3398.7932 114 112 89
266.0981 -466.6951 3402.4165 115 112 89
269.9786 -468.6938 3416.9880 115 114 92
273.0118 -469.1962 3420.6504 112 111 89
278.7433 -474.2796 3457.7104 115 113 90
282.4348 -475.8261 3468.9856 115 113 90
285.5278 -476.3439 3472.7603 118 119 93
288.9422 -477.3828 3480.3345 119 118 94
292.3716 -478.4263 3487.9419 118 117 93
296.1404 -480.0000 3499.4153 120 119 94
299.6044 -481.0550 3507.1062 122 121 94
302.4176 -481.0550 3507.1062 122 121 96
306.2404 -482.6461 3518.7065 117 116 92
309.4040 -483.1788 3522.5903 115 114 91
313.2669 -484.7841 3534.2932 117 116 93
323.9595 -492.4185 3589.9514 115 111 89
327.2072 -492.9730 3593.9941 118 116 92
330.0901 -492.9730 3593.9941 117 117 94
341.2357 -500.8696 3651.5637 106 104 83
344.1648 -500.8696 3651.5637 109 107 87
347.4914 -501.4434 3655.7466 106 105 83
350.4239 -501.4434 3655.7466 112 112 88
353.3563 -501.4434 3655.7466 115 115 90
357.5173 -503.1725 3668.3525 116 116 91
361.2903 -504.3318 3676.8049 122 121 94
366.7750 -507.8423 3702.3977 132 130 101
371.0361 -509.6158 3715.3279 147 144 113
375.3271 -511.4019 3728.3491 156 153 121
380.5406 -514.4066 3750.2546 162 159 126
384.4523 -515.6184 3759.0891 167 163 131
-406.6836 -557.3671 4039.8313 232 230 202
-403.4431 -557.3671 4039.8313 231 229 200
-400.2025 -557.3671 4039.8313 230 229 200
-396.9621 -557.3671 4039.8313 231 229 200
-393.7215 -557.3671 4039.8313 231 229 200
-390.9760 -558.0735 4044.9514 231 228 199
-386.7510 -556.6625 4034.7241 231 228 198
-384.0000 -557.3671 4039.8313 231 228 198
-380.7595 -557.3671 4039.8313 231 228 199
-377.9975 -558.0735 4044.9514 232 228 199
-374.7528 -558.0735 4044.9514 232 229 199
-371.0380 -557.3671 4039.8313 233 229 199
-368.2636 -558.0735 4044.9514 233 229 199
-364.5570 -557.3671 4039.8313 232 229 199
-341.4413 -556.6625 4034.7241 230 226 196
-338.6329 -557.3671 4039.8313 231 227 197
-335.3924 -557.3671 4039.8313 231 228 197
-332.1519 -557.3671 4039.8313 232 228 197
-328.4956 -556.6625 4034.7241 232 228 197
-325.2592 -556.6625 4034.7241 232 228 197
-322.4304 -557.3671 4039.8313 232 228 197
-319.1899 -557.3671 4039.8313 231 227 196
-315.9494 -557.3671 4039.8313 231 227 196
-254.3590 -564.5128 4091.6240 229 225 192
-250.4348 -563.0691 4081.1594 229 225 193
-246.5306 -561.6326 4070.7483 229 225 193
-243.5760 -562.3500 4075.9473 229 225 192
-240.0000 -561.6326 4070.7483 229 225 192
-236.4332 -560.9172 4065.5627 229 225 192
-233.4694 -561.6326 4070.7483 229 224 192
-230.2041 -561.6326 4070.7483 229 224 192
-226.9388 -561.6326 4070.7483 229 224 192
-223.3886 -560.9172 4065.5627 229 225 192
-220.4082 -561.6326 4070.7483 229 225 193
-217.4202 -562.3500 4075.9473 229 225 193
-213.8775 -561.6326 4070.7483 229 225 192
-210.6122 -561.6326 4070.7483 229 224 192
-207.6118 -562.3500 4075.9473 229 224 191
-204.0816 -561.6326 4070.7483 229 225 193
-201.0728 -562.3500 4075.9473 229 225 193
-198.3099 -563.7900 4086.3850 228 224 192
-194.7826 -563.0691 4081.1594 228 224 192
-191.5090 -563.0691 4081.1594 228 225 193
-188.4763 -563.7900 4086.3850 228 225 192
-185.1985 -563.7900 4086.3850 229 224 192
-158.9757 -563.7900 4086.3850 227 224 191
-155.8974 -564.5128 4091.6240 227 224 191
-152.6154 -564.5128 4091.6240 228 223 191
-149.3333 -564.5128 4091.6240 228 224 191
-146.0513 -564.5128 4091.6240 228 224 191
-139.4872 -564.5128 4091.6240 227 224 191
-136.0307 -563.7900 4086.3850 227 223 191
-60.8740 -565.9641 4102.1426 226 223 191
-57.5096 -565.2375 4096.8765 226 222 190
-54.2234 -565.2375 4096.8765 225 221 189
-50.9371 -565.2375 4096.8765 225 222 190
-47.6508 -565.2375 4096.8765 226 222 190
-44.3077 -564.5128 4091.6240 227 222 190
-41.0783 -565.2375 4096.8765 226 221 190
21.9680 -503.7986 3651.5637 223 218 188
24.8402 -502.6484 3643.2268 223 219 188
27.7626 -502.6484 3643.2268 223 219 189
30.7200 -503.2229 3647.3906 223 219 189
33.6073 -502.6484 3643.2268 221 217 188
36.5297 -502.6484 3643.2268 214 212 189
39.3622 -501.5034 3634.9280 213 215 201
42.2298 -500.9329 3630.7927 212 215 203
45.1936 -501.5034 3634.9280 209 213 199
48.0546 -500.9329 3630.7927 208 212 201
75.4555 -471.9400 3420.6504 194 199 192
78.0321 -470.9305 3413.3335 193 199 191
80.6838 -470.4274 3409.6868 192 199 192
83.3298 -469.9254 3406.0479 187 193 186
85.8786 -468.9244 3398.7932 182 187 180
147.0179 -463.9832 3362.9788 159 162 153
150.0317 -464.9631 3370.0811 161 165 154
210.3924 -466.9353 3384.3762 127 126 102
213.1071 -466.9353 3384.3762 129 127 102
215.8219 -466.9353 3384.3762 123 123 98
218.3051 -466.4407 3380.7910 119 117 93
221.0170 -466.4407 3380.7910 125 123 98
223.7288 -466.4407 3380.7910 128 126 100
226.4407 -466.4407 3380.7910 122 119 96
228.9101 -465.9471 3377.2134 125 123 99
231.8644 -466.4407 3380.7910 124 123 98
233.8332 -464.9631 3370.0811 122 121 95
236.7865 -465.4546 3373.6436 121 121 95
238.9874 -464.4726 3366.5261 118 117 93
241.1790 -463.4948 3359.4387 119 117 94
243.8737 -463.4948 3359.4387 116 115 91
246.5685 -463.4948 3359.4387 116 114 90
249.5258 -463.9832 3362.9788 116 114 91
253.0233 -465.4546 3373.6436 117 115 92
256.2712 -466.4407 3380.7910 114 113 87
259.5329 -467.4311 3387.9690 119 118 91
262.8085 -468.4255 3395.1775 120 119 92
265.8147 -468.9244 3398.7932 120 118 92
269.6898 -470.9305 3413.3335 122 122 97
272.7195 -471.4347 3416.9880 119 118 95
278.4416 -476.5368 3453.9683 120 119 95
282.1281 -478.0891 3465.2190 121 119 96
285.5278 -479.1295 3472.7603 120 120 96
288.9422 -480.1745 3480.3345 122 120 95
292.0524 -480.6987 3484.1340 121 120 94
295.8160 -482.2782 3495.5825 121 120 94
299.2755 -483.3370 3503.2566 119 117 90
302.4176 -483.8681 3507.1062 121 119 92
305.9031 -484.9340 3514.8313 119 118 92
309.4040 -486.0045 3522.5903 119 117 93
313.6142 -488.1597 3538.2114 123 121 97
320.3592 -494.1863 3581.8931 119 118 93
324.3243 -495.8559 3593.9941 115 114 90
327.5761 -496.4149 3598.0459 114 113 90
330.4622 -496.4149 3598.0459 113 113 90
340.8457 -503.2229 3647.3906 113 111 86
344.1648 -503.7986 3651.5637 116 116 89
347.0938 -503.7986 3651.5637 118 117 89
350.4239 -504.3758 3655.7466 121 120 93
352.9520 -503.7986 3651.5637 122 121 96
357.1068 -505.5339 3664.1409 123 122 95
361.7071 -507.8662 3681.0459 128 127 99
366.3500 -510.2202 3698.1074 136 133 104
371.0361 -512.5961 3715.3279 151 148 116
381.4370 -518.6337 3759.0891 167 164 132
385.3601 -519.8583 3767.9656 170 166 134
-406.1694 -559.8989 4034.7241 234 231 206
-403.4431 -560.6076 4039.8313 233 231 205
-400.2025 -560.6076 4039.8313 232 231 203
-396.9621 -560.6076 4039.8313 232 230 204
-393.7215 -560.6076 4039.8313 232 230 204
-390.4810 -560.6076 4039.8313 232 230 202
-380.7595 -560.6076 4039.8313 232 230 203
-377.9975 -561.3182 4044.9514 232 230 203
-374.7528 -561.3182 4044.9514 232 230 202
-371.0380 -560.6076 4039.8313 234 230 203
-368.2636 -561.3182 4044.9514 234 230 202
-364.0961 -559.8989 4034.7241 232 230 202
-239.6943 -564.1784 4065.5627 229 226 196
-236.4332 -564.1784 4065.5627 230 226 196
-233.4694 -564.8979 4070.7483 229 225 195
-229.6183 -563.4606 4060.3904 229 226 195
-226.3613 -563.4606 4060.3904 230 226 196
-223.1044 -563.4606 4060.3904 230 226 196
-220.4082 -564.8979 4070.7483 230 226 196
-217.4202 -565.6194 4075.9473 230 226 196
-213.8775 -564.8979 4070.7483 230 226 196
-210.0764 -563.4606 4060.3904 230 227 196
-207.8772 -566.3427 4081.1594 230 226 196
-203.8217 -564.1784 4065.5627 230 226 196
-201.3299 -566.3427 4081.1594 230 226 196
-198.5641 -567.7949 4091.6240 229 226 195
-195.2821 -567.7949 4091.6240 229 226 195
-192.0000 -567.7949 4091.6240 230 227 196
-188.7180 -567.7949 4091.6240 229 226 195
-152.8113 -568.5238 4096.8765 229 225 194
-146.2388 -568.5238 4096.8765 228 225 194
-139.6662 -568.5238 4096.8765 228 225 193
-136.0307 -567.0679 4086.3850 227 224 193
-74.2268 -570.7217 4112.7148 226 223 191
-70.8366 -569.9872 4107.4219 226 223 191
-67.4550 -569.2546 4102.1426 226 223 191
-64.1645 -569.2546 4102.1426 226 223 192
-60.7959 -568.5238 4096.8765 226 223 192
-57.4359 -567.7949 4091.6240 227 223 193
-54.0845 -567.0679 4086.3850 226 223 192
-50.6769 -565.6194 4075.9473 226 223 192
-47.4074 -565.6194 4075.9473 227 223 192
-44.0816 -564.8979 4070.7483 227 224 193
-40.9207 -566.3427 4081.1594 226 223 192
-37.5990 -565.6194 4075.9473 226 223 192
-34.3734 -566.3427 4081.1594 226 223 192
-31.1396 -567.0679 4086.3850 225 222 191
-27.8617 -567.0679 4086.3850 225 222 192
21.9680 -506.7277 3651.5637 224 221 192
24.8686 -506.1486 3647.3906 224 222 192
27.7309 -504.9943 3639.0728 224 222 193
30.6849 -505.5708 3643.2268 224 220 192
33.4926 -503.8453 3630.7927 222 218 190
36.4880 -504.9943 3639.0728 216 212 189
39.2727 -503.2728 3626.6667 212 212 198
42.1339 -502.7015 3622.5503 212 215 203
45.0909 -503.2728 3626.6667 211 214 203
75.4555 -474.6838 3420.6504 192 199 192
78.0321 -473.6685 3413.3335 195 202 195
80.6838 -473.1624 3409.6868 195 201 194
83.4188 -473.1624 3409.6868 189 194 187
85.9702 -472.1535 3402.4165 188 193 186
147.1730 -467.1730 3366.5261 161 164 154
150.0317 -467.6663 3370.0811 160 163 152
202.4629 -470.1487 3387.9690 132 130 106
205.1805 -470.1487 3387.9690 131 129 106
207.8981 -470.1487 3387.9690 122 120 98
210.3924 -469.6501 3384.3762 123 120 97
213.1071 -469.6501 3384.3762 128 126 103
215.8219 -469.6501 3384.3762 123 122 98
218.3051 -469.1526 3380.7910 123 119 97
221.0170 -469.1526 3380.7910 121 119 97
223.7288 -469.1526 3380.7910 125 123 100
226.4407 -469.1526 3380.7910 125 124 100
228.9101 -468.6561 3377.2134 126 124 101
231.8644 -469.1526 3380.7910 124 123 100
233.8332 -467.6663 3370.0811 119 118 94
236.7865 -468.1607 3373.6436 122 120 95
238.9874 -467.1730 3366.5261 122 121 95
240.9254 -465.6993 3355.9062 122 121 96
243.8737 -466.1895 3359.4387 124 122 98
246.5685 -466.1895 3359.4387 123 121 97
249.5258 -466.6808 3362.9788 122 120 97
253.0233 -468.1607 3373.6436 121 120 95
256.2712 -469.1526 3380.7910 121 120 96
259.5329 -470.1487 3387.9690 119 119 94
262.8085 -471.1490 3395.1775 119 118 93
266.0981 -472.1535 3402.4165 118 118 95
269.6898 -473.6685 3413.3335 121 120 97
272.7195 -474.1756 3416.9880 119 116 94
277.8402 -478.2722 3446.5083 119 116 93
281.8221 -480.3471 3461.4607 119 117 94
285.2174 -481.3913 3468.9856 119 117 94
288.6275 -482.4401 3476.5432 121 118 95
291.7339 -482.9662 3480.3345 120 118 94
295.4923 -484.5515 3491.7578 121 120 95
298.9474 -485.6141 3499.4153 124 122 96
302.4176 -486.6813 3507.1062 125 122 95
306.2404 -488.2911 3518.7065 125 124 97
309.4040 -488.8300 3522.5903 120 118 93
313.9623 -491.5428 3542.1384 121 117 94
320.7191 -497.6180 3585.9177 120 117 91
324.3243 -498.7388 3593.9941 120 119 92
327.5761 -499.3010 3598.0459 118 117 91
330.4622 -499.3010 3598.0459 117 116 90
340.8457 -506.1486 3647.3906 123 120 93
343.7715 -506.1486 3647.3906 124 121 95
347.0938 -506.7277 3651.5637 126 124 98
350.4239 -507.3082 3655.7466 126 124 99
353.3563 -507.3082 3655.7466 125 125 100
357.5173 -509.0575 3668.3525 124 124 97
362.1247 -511.4088 3685.2964 127 125 98
366.7750 -513.7820 3702.3977 138 137 106
371.4685 -516.1772 3719.6582 157 155 122
-405.6566 -562.4243 4029.6296 235 232 208
24.8686 -509.0743 3647.3906 225 224 199
27.6678 -506.7577 3630.7927 225 224 199
30.6499 -507.9134 3639.0728 224 223 198
75.3747 -476.9165 3416.9880 193 199 191
78.0321 -476.4064 3413.3335 195 199 192
80.6838 -475.8975 3409.6868 195 200 191
83.3298 -475.3896 3406.0479 189 193 185
85.8786 -474.3770 3398.7932 185 190 182
88.6049 -474.3770 3398.7932 185 191 185
147.1730 -469.8735 3366.5261 161 164 155
150.0317 -470.3696 3370.0811 156 160 149
202.4629 -472.8663 3387.9690 125 123 101
205.1805 -472.8663 3387.9690 130 127 104
207.8981 -472.8663 3387.9690 129 125 101
210.6157 -472.8663 3387.9690 125 122 97
213.1071 -472.3648 3384.3762 128 124 100
215.8219 -472.3648 3384.3762 125 123 99
218.5366 -472.3648 3384.3762 124 119 94
221.2513 -472.3648 3384.3762 121 117 93
223.9661 -472.3648 3384.3762 125 124 97
226.4407 -471.8644 3380.7910 126 125 99
228.9101 -471.3651 3377.2134 126 124 101
231.8644 -471.8644 3380.7910 122 121 96
233.8332 -470.3696 3370.0811 122 121 98
236.7865 -470.8669 3373.6436 124 122 98
238.9874 -469.8735 3366.5261 123 121 96
240.9254 -468.3912 3355.9062 124 122 98
243.8737 -468.8842 3359.4387 121 118 95
246.5685 -468.8842 3359.4387 119 117 94
249.5258 -469.3783 3362.9788 117 116 93
253.0233 -470.8669 3373.6436 116 114 91
256.2712 -471.8644 3380.7910 118 117 92
259.5329 -472.8663 3387.9690 119 118 93
262.8085 -473.8724 3395.1775 120 120 94
266.0981 -474.8828 3402.4165 117 116 93
269.9786 -476.9165 3416.9880 118 117 92
273.0118 -477.4277 3420.6504 123 121 94
277.5405 -480.5179 3442.7905 123 120 95
281.5168 -482.6003 3457.7104 123 121 97
285.2174 -484.1740 3468.9856 124 122 97
288.3134 -484.7008 3472.7603 124 121 97
291.4161 -485.2288 3476.5432 118 115 92
294.8472 -486.2882 3484.1340 120 119 94
298.2932 -487.3523 3491.7578 123 122 95
301.4239 -487.8861 3495.5825 124 121 96
305.5666 -490.0330 3510.9646 124 121 96
308.7225 -490.5727 3514.8313 122 119 93
313.2669 -493.2891 3534.2932 119 116 92
320.3592 -499.9327 3581.8931 120 117 93
324.3243 -501.6217 3593.9941 121 120 93
327.5761 -502.1872 3598.0459 123 122 93
330.4622 -502.1872 3598.0459 124 121 94
340.4566 -508.4931 3643.2268 130 129 101
343.3790 -508.4931 3643.2268 128 124 100
346.3014 -508.4931 3643.2268 124 121 98
350.0229 -509.6567 3651.5637 123 123 98
352.9520 -509.6567 3651.5637 123 122 97
357.9287 -512.5892 3672.5740 122 119 92
362.5434 -514.9595 3689.5569 136 133 103
367.2010 -517.3520 3706.6978 157 154 122
27.7309 -510.8324 3639.0728 226 225 202
30.6499 -510.8324 3639.0728 226 225 202
75.2941 -479.1444 3413.3335 194 197 189
77.9487 -478.6325 3409.6868 198 203 196
80.6838 -478.6325 3409.6868 197 203 194
83.3298 -478.1217 3406.0479 188 193 186
85.8786 -477.1033 3398.7932 186 192 184
88.5106 -476.5958 3395.1775 183 189 180
202.4629 -475.5839 3387.9690 131 129 106
205.1805 -475.5839 3387.9690 131 128 103
207.8981 -475.5839 3387.9690 131 127 101
210.6157 -475.5839 3387.9690 127 125 101
213.1071 -475.0796 3384.3762 129 127 103
215.8219 -475.0796 3384.3762 130 128 103
218.5366 -475.0796 3384.3762 125 122 98
221.2513 -475.0796 3384.3762 126 123 98
223.9661 -475.0796 3384.3762 127 127 100
226.6808 -475.0796 3384.3762 126 126 100
229.1526 -474.5763 3380.7910 121 120 98
231.8644 -474.5763 3380.7910 122 122 97
233.8332 -473.0729 3370.0811 122 121 96
236.7865 -473.5730 3373.6436 123 120 95
238.7355 -472.0759 3362.9788 124 121 96
241.1790 -471.5789 3359.4387 125 123 98
243.8737 -471.5789 3359.4387 121 120 95
246.8283 -472.0759 3362.9788 122 119 93
249.7890 -472.5739 3366.5261 121 119 93
253.2910 -474.0741 3377.2134 122 120 95
256.5430 -475.0796 3384.3762 124 122 97
259.5329 -475.5839 3387.9690 124 122 98
262.8085 -476.5958 3395.1775 122 121 95
266.0981 -477.6119 3402.4165 120 119 94
269.9786 -479.6574 3416.9880 119 117 93
273.0118 -480.1715 3420.6504 118 116 92
276.9430 -482.2390 3435.3787 116 113 91
281.2121 -484.8485 3453.9683 119 116 94
284.9077 -486.4278 3465.2190 121 119 95
288.0000 -486.9566 3468.9856 119 117 91
291.0990 -487.4864 3472.7603 117 116 88
294.5256 -488.5497 3480.3345 119 118 90
297.9672 -489.6175 3487.9419 124 121 94
301.0941 -490.1532 3491.7578 125 121 95
304.8958 -491.7673 3503.2566 127 124 96
308.3829 -492.8493 3510.9646 125 122 95
313.2669 -496.1241 3534.2932 125 123 97
323.5955 -503.3708 3585.9177 125 122 94
326.4719 -503.3708 3585.9177 129 127 97
329.3484 -503.3708 3585.9177 126 123 96
349.2238 -511.4155 3643.2268 118 116 90
352.5486 -512.0001 3647.3906 133 131 99
27.7309 -513.7515 3639.0728 228 226 203
75.2941 -481.8824 3413.3335 198 201 190
77.9487 -481.3676 3409.6868 198 202 193
80.5977 -480.8539 3406.0479 191 195 185
83.2409 -480.3412 3402.4165 188 192 183
85.6961 -478.8098 3391.5693 184 189 180
88.2291 -477.7943 3384.3762 186 191 181
202.4629 -478.3015 3387.9690 132 130 109
205.1805 -478.3015 3387.9690 135 131 109
207.8981 -478.3015 3387.9690 136 131 107
210.6157 -478.3015 3387.9690 129 125 101
213.3333 -478.3015 3387.9690 131 129 106
215.8219 -477.7943 3384.3762 126 124 101
218.7686 -478.3015 3387.9690 123 120 97
221.2513 -477.7943 3384.3762 122 119 95
223.9661 -477.7943 3384.3762 124 121 97
226.6808 -477.7943 3384.3762 126 123 98
229.1526 -477.2882 3380.7910 125 122 97
231.8644 -477.2882 3380.7910 127 126 99
234.0804 -476.2791 3373.6436 122 120 93
236.7865 -476.2791 3373.6436 125 123 97
238.9874 -475.2743 3366.5261 125 123 98
241.4331 -474.7735 3362.9788 122 122 97
244.1307 -474.7735 3362.9788 124 121 96
247.0886 -475.2743 3366.5261 124 121 94
250.5820 -476.7831 3377.2134 121 119 95
253.8282 -477.7943 3384.3762 123 122 97
256.8153 -478.3015 3387.9690 123 121 95
259.8087 -478.8098 3391.5693 119 116 93
263.0884 -479.8297 3398.7932 115 114 90
266.3821 -480.8539 3406.0479 118 116 92
269.9786 -482.3983 3416.9880 119 117 93
273.0118 -482.9154 3420.6504 120 118 94
276.3480 -483.9528 3427.9988 115 111 87
280.6048 -486.5659 3446.5083 117 113 88
284.2904 -488.1474 3457.7104 118 115 90
287.3753 -488.6768 3461.4607 121 117 90
290.7826 -489.7391 3468.9856 120 119 91
294.2048 -490.8061 3476.5432 123 121 94
297.6419 -491.8777 3484.1340 125 121 94
300.7650 -492.4153 3487.9419 124 121 93
304.5614 -494.0351 3499.4153 127 123 97
308.0440 -495.1209 3507.1062 125 122 95
313.6142 -499.5122 3538.2114 126 124 95
323.5955 -506.2472 3585.9177 129 125 97
326.1055 -505.6790 3581.8931 128 125 99
328.9787 -505.6790 3581.8931 122 121 96
75.2137 -484.1026 3409.6868 196 199 191
77.8655 -483.5860 3406.0479 202 206 195
80.5977 -483.5860 3406.0479 199 203 191
83.2409 -483.0704 3402.4165 192 195 183
85.5143 -480.5090 3384.3762 193 197 187
202.4629 -481.0191 3387.9690 129 128 102
205.1805 -481.0191 3387.9690 132 128 104
207.6776 -480.5090 3384.3762 134 129 103
210.3924 -480.5090 3384.3762 125 122 97
213.1071 -480.5090 3384.3762 123 121 97
215.8219 -480.5090 3384.3762 128 126 101
218.7686 -481.0191 3387.9690 124 122 97
221.4862 -481.0191 3387.9690 122 120 95
223.9661 -480.5090 3384.3762 123 121 98
226.6808 -480.5090 3384.3762 129 126 102
229.1526 -480.0000 3380.7910 129 125 101
231.8644 -480.0000 3380.7910 124 121 98
234.0804 -478.9853 3373.6436 120 118 94
236.7865 -478.9853 3373.6436 121 119 93
238.9874 -477.9747 3366.5261 119 117 91
241.6878 -477.9747 3366.5261 119 118 92
244.1307 -477.4711 3362.9788 119 117 89
247.3495 -478.4795 3370.0811 123 120 92
250.8475 -480.0000 3380.7910 122 119 93
254.0977 -481.0191 3387.9690 122 120 94
257.0882 -481.5303 3391.5693 119 118 91
259.8087 -481.5303 3391.5693 118 116 89
263.0884 -482.5559 3398.7932 118 115 89
266.3821 -483.5860 3406.0479 117 116 90
269.6898 -484.6203 3413.3335 118 116 89
272.7195 -485.1392 3416.9880 121 118 91
275.7556 -485.6592 3420.6504 119 116 88
280.6048 -489.3305 3446.5083 120 117 90
284.2904 -490.9209 3457.7104 118 114 89
287.0639 -490.9209 3457.7104 123 119 93
290.4669 -491.9870 3465.2190 124 121 94
294.2048 -493.5948 3476.5432 125 122 96
297.3174 -494.1331 3480.3345 126 122 96
300.4367 -494.6725 3484.1340 124 122 97
304.2278 -496.2980 3495.5825 125 123 99
307.7058 -497.3875 3503.2566 126 124 101
323.5955 -509.1236 3585.9177 124 120 96
326.1055 -508.5522 3581.8931 119 116 93
329.3484 -509.1236 3585.9177 117 115 89
