ply
format ascii 1.0
element vertex 5528
property float x
property float y
property float z
property uchar red
property uchar green
property uchar blue
end_header
-78.4741 620.8175 4348.0474 121 157 115
-74.9864 620.8175 4348.0474 104 146 98
-71.5962 621.6644 4353.9790 93 138 83
-67.9184 619.9728 4342.1318 88 132 71
-64.3478 619.1305 4336.2319 85 128 65
-60.8696 619.1305 4336.2319 84 126 62
-57.3913 619.1305 4336.2319 85 126 63
-53.8399 618.2904 4330.3481 87 127 64
-50.1622 615.7838 4312.7930 92 130 67
-46.7027 615.7838 4312.7930 102 137 74
-43.3604 617.4526 4324.4805 110 141 78
-40.0000 619.1305 4336.2319 139 156 98
-75.1913 619.0164 4359.9272 110 150 104
-71.6940 619.0164 4359.9272 96 140 86
-67.9184 616.4899 4342.1318 88 131 68
-64.3478 615.6522 4336.2319 86 128 64
-60.8696 615.6522 4336.2319 86 127 64
-57.4694 616.4899 4342.1318 86 127 62
-53.7669 613.9838 4324.4805 86 126 62
-50.1622 612.3244 4312.7930 90 128 64
-46.6397 611.4980 4306.9727 95 132 67
-43.2432 612.3244 4312.7930 106 139 75
-39.8916 613.9838 4324.4805 115 143 79
-75.1913 615.5192 4359.9272 119 158 114
-71.6940 615.5192 4359.9272 99 142 90
-68.0109 613.8420 4348.0474 87 131 70
-64.4354 613.0068 4342.1318 86 131 69
-61.0354 613.8420 4348.0474 85 128 65
-57.5477 613.8420 4348.0474 86 126 62
-53.8399 611.3433 4330.3481 85 126 62
-50.1622 608.8649 4312.7930 87 127 63
-46.6397 608.0432 4306.9727 91 130 65
-43.2432 608.8649 4312.7930 99 134 70
-39.8376 609.6888 4318.6289 106 139 75
-36.3735 609.6888 4318.6289 118 146 87
-75.3973 613.6987 4371.8721 127 164 118
-71.7921 612.8591 4365.8916 109 150 104
-68.1967 612.0219 4359.9272 97 140 87
-64.6112 611.1869 4353.9790 89 134 77
-61.1187 611.1869 4353.9790 87 130 69
-57.6262 611.1869 4353.9790 86 127 64
-53.9864 609.5239 4342.1318 84 125 61
-50.3663 607.8698 4330.3481 85 125 62
-46.7659 606.2247 4318.6289 87 128 63
-43.3018 606.2247 4318.6289 93 131 66
-39.8376 606.2247 4318.6289 102 136 73
-36.3735 606.2247 4318.6289 109 140 76
-75.5007 611.0288 4377.8691 127 164 112
-71.7921 609.3571 4365.8916 121 159 114
-68.2900 609.3571 4365.8916 104 148 99
-64.6112 607.6945 4353.9790 95 140 86
-61.1187 607.6945 4353.9790 89 133 73
-57.7049 608.5246 4359.9272 88 129 66
-54.1337 607.6945 4353.9790 84 125 61
-50.5034 606.0409 4342.1318 83 124 60
-46.8928 604.3962 4330.3481 84 126 60
-43.4193 604.3962 4330.3481 88 128 63
-39.8916 603.5773 4324.4805 96 132 68
-36.3735 602.7606 4318.6289 105 139 73
-75.5007 607.5172 4377.8691 131 166 112
-71.8904 606.6849 4371.8721 133 167 114
-68.2900 605.8550 4365.8916 115 153 111
-64.6995 605.0274 4359.9272 102 145 95
-61.2022 605.0274 4359.9272 93 136 81
-57.7839 605.8550 4365.8916 89 131 70
-54.2818 605.8550 4365.8916 87 127 65
-50.7104 605.0274 4359.9272 83 123 60
-47.0845 603.3788 4348.0474 84 124 59
-43.5374 602.5579 4342.1318 86 125 60
-39.9457 600.9227 4330.3481 91 129 64
-36.4228 600.1084 4324.4805 100 136 70
-32.9986 600.9227 4330.3481 106 140 74
-29.5251 600.9227 4330.3481 142 158 96
-75.5007 604.0055 4377.8691 145 177 124
-71.8904 603.1781 4371.8721 154 181 121
-68.2900 602.3530 4365.8916 128 160 114
-64.7880 602.3530 4365.8916 107 147 102
-61.2859 602.3530 4365.8916 97 140 88
-57.9424 604.0055 4377.8691 89 133 74
-54.4307 604.0055 4377.8691 86 130 67
-50.8493 603.1781 4371.8721 83 125 61
-47.2777 602.3530 4365.8916 83 123 58
-43.6562 600.7094 4353.9790 83 125 59
-40.0544 599.0749 4342.1318 86 126 62
-36.4228 596.6396 4324.4805 94 131 65
-32.9986 597.4491 4330.3481 103 139 74
-29.4851 596.6396 4324.4805 115 142 78
-75.6044 601.3187 4383.8828 156 185 132
-68.4774 600.4938 4377.8691 138 164 105
-64.8767 599.6713 4371.8721 115 153 108
-61.3699 599.6713 4371.8721 102 144 95
-58.1018 602.1458 4389.9131 93 136 81
-54.5055 601.3187 4383.8828 87 130 72
-50.9191 600.4938 4377.8691 84 126 66
-47.3425 599.6713 4371.8721 82 124 61
-43.6562 597.2169 4353.9790 83 124 59
-40.0544 595.5919 4342.1318 82 124 60
-36.3735 592.3681 4318.6289 87 128 63
-32.9093 592.3681 4318.6289 97 135 69
-29.4054 591.5676 4312.7930 107 140 76
-72.0879 597.8022 4383.8828 171 197 124
-68.4774 596.9822 4377.8691 133 158 85
-64.9657 596.9822 4377.8691 124 158 112
-58.1818 599.4490 4395.9595 97 141 89
-54.5055 597.8022 4383.8828 91 134 76
-50.9191 596.9822 4377.8691 87 128 68
-47.3425 596.1644 4371.8721 83 126 62
-43.7158 594.5355 4359.9272 82 123 60
-40.0544 592.1089 4342.1318 83 123 59
-36.3735 588.9040 4318.6289 85 126 62
-32.8649 588.1082 4312.7930 92 132 66
-29.3657 587.3145 4306.9727 104 139 74
-25.9109 587.3145 4306.9727 111 139 76
-58.3425 597.5691 4408.1030 101 145 97
-54.5805 595.1032 4389.9131 92 137 82
-50.9890 594.2857 4383.8828 87 131 73
-47.4074 593.4705 4377.8691 84 127 65
-43.7757 591.8468 4365.8916 84 125 61
-40.1090 589.4279 4348.0474 83 123 59
-36.3735 585.4398 4318.6289 86 125 60
-32.8649 584.6487 4312.7930 90 128 63
-29.3657 583.8597 4306.9727 96 134 68
-25.9109 583.8597 4306.9727 106 140 77
-58.5042 595.6787 4420.3140 107 148 105
-54.6557 592.3967 4395.9595 97 142 91
-50.9890 590.7692 4383.8828 89 134 76
-47.4074 589.9589 4377.8691 86 130 68
-43.7757 588.3448 4365.8916 85 126 65
-40.0544 585.1429 4342.1318 83 123 61
-36.3735 581.9756 4318.6289 85 123 61
-32.8205 580.4048 4306.9727 89 126 63
-29.3657 580.4048 4306.9727 91 129 65
-25.8760 579.6227 4301.1680 101 137 72
-58.5853 592.9543 4426.4448 116 154 111
-54.7310 589.6827 4402.0229 103 145 100
-51.0592 588.0606 4389.9131 93 138 84
-47.4074 586.4472 4377.8691 88 132 72
-43.7757 584.8427 4365.8916 87 128 66
-40.0544 581.6599 4342.1318 85 125 63
-36.3735 578.5115 4318.6289 83 124 60
-32.8649 577.7298 4312.7930 85 125 60
-29.3657 576.9501 4306.9727 88 128 62
-25.8760 576.1725 4301.1680 95 132 66
-58.5042 588.5873 4420.3140 121 156 109
-54.7310 586.1517 4402.0229 108 148 105
-51.1295 585.3444 4395.9595 98 142 92
-47.4074 582.9355 4377.8691 89 134 77
-43.7158 580.5465 4359.9272 88 129 70
-40.0544 578.1769 4342.1318 86 127 67
-36.3735 575.0474 4318.6289 84 125 62
-29.3657 573.4953 4306.9727 86 126 62
-47.4725 580.2198 4383.8828 93 137 83
-43.8356 578.6301 4371.8721 87 131 73
-40.1637 576.2620 4353.9790 86 128 68
-29.4452 571.5833 4318.6289 86 126 63
-47.5378 577.4966 4389.9131 96 141 89
-43.8957 575.9122 4377.8691 90 134 78
12.6554 531.5254 4507.7212 95 132 68
9.0014 525.6822 4488.7017 84 126 62
12.6375 527.1651 4501.3638 88 129 63
16.2482 527.1651 4501.3638 97 136 70
9.0141 522.8169 4495.0234 82 124 60
12.6375 523.5544 4501.3638 85 126 62
16.2482 523.5544 4501.3638 93 132 68
9.0141 519.2113 4495.0234 83 124 61
12.6375 519.9436 4501.3638 84 126 62
16.2482 519.9436 4501.3638 89 129 65
9.0014 514.8805 4488.7017 82 123 62
12.6375 516.3329 4501.3638 84 125 64
16.2482 516.3329 4501.3638 87 127 65
19.8310 515.6057 4495.0234 96 133 68
23.4037 514.8805 4488.7017 97 134 72
9.0141 512.0000 4495.0234 81 123 60
12.6375 512.7222 4501.3638 84 124 62
16.2712 513.4464 4507.7212 87 125 63
19.8310 512.0000 4495.0234 91 130 64
23.4366 512.0000 4495.0234 98 134 71
5.4008 507.6794 4488.7017 85 127 67
9.0141 508.3944 4495.0234 83 125 62
12.6554 509.8305 4507.7212 83 124 61
16.3404 512.0001 4526.9033 85 125 63
19.8870 509.8305 4507.7212 88 127 64
23.4697 509.1115 4501.3638 96 134 70
27.0423 508.3944 4495.0234 99 134 72
5.4008 504.0788 4488.7017 85 129 69
9.0268 505.5008 4501.3638 83 127 65
12.6733 506.9307 4514.0972 83 125 62
16.3636 509.0909 4533.3335 84 125 62
19.9151 506.9307 4514.0972 85 126 63
23.5361 506.9307 4514.0972 92 131 68
27.1186 506.2147 4507.7212 98 134 71
31.0414 511.2697 4552.7344 102 134 73
9.0268 501.8900 4501.3638 86 128 68
12.6554 502.5989 4507.7212 83 125 63
16.3636 505.4546 4533.3335 84 125 63
19.9433 504.0227 4520.4912 84 125 63
23.5694 504.0227 4520.4912 87 127 65
27.1955 504.0227 4520.4912 95 134 70
31.0414 507.6177 4552.7344 96 133 70
34.6439 506.8946 4546.2490 106 138 77
9.0141 497.5775 4495.0234 87 129 71
12.6554 498.9830 4507.7212 83 126 64
16.3636 501.8182 4533.3335 83 124 62
19.9716 501.1064 4526.9033 84 124 62
23.6364 501.8182 4533.3335 86 126 63
27.2727 501.8182 4533.3335 91 130 67
31.0414 503.9658 4552.7344 97 133 68
34.6439 503.2479 4546.2490 99 134 71
9.0141 493.9718 4495.0234 88 130 73
12.6554 495.3672 4507.7212 85 126 67
16.3636 498.1819 4533.3335 83 124 62
20.0285 498.8905 4539.7822 83 124 61
23.7037 499.6012 4546.2490 85 126 62
27.3115 498.8905 4539.7822 88 127 63
31.0414 500.3139 4552.7344 95 132 67
34.6439 499.6012 4546.2490 97 132 70
38.2906 499.6012 4546.2490 107 138 76
9.0014 489.6766 4488.7017 88 130 75
12.6375 491.0579 4501.3638 87 128 70
16.3869 495.2490 4539.7822 83 125 64
20.0570 495.9545 4546.2490 82 124 61
23.7375 496.6620 4552.7344 83 124 61
27.3504 495.9545 4546.2490 85 126 63
31.0857 497.3714 4559.2383 91 129 67
34.6933 496.6620 4552.7344 97 131 71
38.3452 496.6620 4552.7344 102 135 74
42.1173 498.0830 4565.7607 137 155 95
12.6375 487.4472 4501.3638 87 129 70
16.3636 490.9091 4533.3335 83 125 63
20.0570 492.3077 4546.2490 82 124 61
23.7375 493.0100 4552.7344 83 124 61
27.3894 493.0100 4552.7344 84 125 62
31.0857 493.7143 4559.2383 88 127 65
34.7429 493.7143 4559.2383 95 131 69
38.3452 493.0100 4552.7344 98 132 70
42.1173 494.4206 4565.7607 113 140 79
45.6491 493.0100 4552.7344 169 179 123
12.6375 483.8365 4501.3638 86 130 74
16.3869 487.9659 4539.7822 84 126 67
20.0856 489.3581 4552.7344 83 124 62
23.7375 489.3581 4552.7344 82 123 61
27.3894 489.3581 4552.7344 83 124 61
31.1302 490.7582 4565.7607 86 125 63
34.6933 489.3581 4552.7344 92 130 68
38.3452 489.3581 4552.7344 96 132 69
42.1173 490.7582 4565.7607 103 136 74
45.5840 488.6610 4546.2490 141 158 98
9.0014 478.8749 4488.7017 88 133 81
12.6375 480.2257 4501.3638 86 130 74
16.3869 484.3244 4539.7822 85 128 68
20.0856 485.7062 4552.7344 83 125 63
23.7037 485.0143 4546.2490 81 123 60
27.4286 486.4000 4559.2383 83 124 61
31.1302 487.0959 4565.7607 85 125 63
34.6933 485.7062 4552.7344 89 128 67
38.2906 485.0143 4546.2490 96 131 68
42.0571 486.4000 4559.2383 98 133 72
45.5192 484.3244 4539.7822 116 141 82
49.0909 483.6364 4533.3335 182 186 126
12.6197 475.9437 4495.0234 85 129 72
16.3636 480.0000 4533.3335 85 128 68
20.0856 482.0542 4552.7344 82 126 66
23.7037 481.3676 4546.2490 81 124 64
27.4286 482.7429 4559.2383 82 124 61
31.1302 483.4335 4565.7607 83 124 62
34.6933 482.0542 4552.7344 86 126 64
38.2906 481.3676 4546.2490 93 130 68
42.1173 483.4335 4565.7607 96 131 71
45.5840 481.3676 4546.2490 105 136 76
8.9762 470.3506 4476.1104 89 135 81
12.6020 471.6738 4488.7017 83 126 68
16.3404 475.6880 4526.9033 86 127 70
20.0570 477.7208 4546.2490 85 127 70
23.7037 477.7208 4546.2490 82 123 65
27.4678 479.7711 4565.7607 83 124 61
31.1748 480.4584 4572.3018 84 123 62
34.7429 479.0857 4559.2383 85 125 64
38.4000 479.0857 4559.2383 90 128 67
42.1173 479.7711 4565.7607 95 131 70
45.6491 478.4023 4552.7344 97 132 73
8.9510 465.4546 4463.5898 93 140 89
16.3404 472.0568 4526.9033 86 129 74
20.0856 474.7504 4552.7344 85 128 71
23.7037 474.0741 4546.2490 83 124 66
27.4678 476.1087 4565.7607 83 123 62
31.1748 476.7909 4572.3018 82 123 62
34.7926 476.1087 4565.7607 83 124 64
38.4549 476.1087 4565.7607 87 126 66
42.2382 477.4749 4578.8618 94 131 70
45.7797 476.1087 4565.7607 95 132 71
8.9510 461.8741 4463.5898 99 145 100
16.3173 467.7621 4520.4912 86 130 77
20.0856 471.0985 4552.7344 86 127 74
23.7037 470.4274 4546.2490 84 125 70
27.4678 472.4464 4565.7607 83 123 63
31.2195 473.8020 4578.8618 82 123 62
34.8424 473.1232 4572.3018 84 124 65
38.5653 473.8020 4578.8618 85 124 65
42.2989 474.4828 4585.4409 91 128 68
45.9110 473.8020 4578.8618 95 131 71
8.9636 458.9356 4469.8413 105 148 106
16.3173 464.1360 4520.4912 88 131 78
20.0856 467.4465 4552.7344 86 128 73
23.7037 466.7807 4546.2490 84 126 69
27.4678 468.7840 4565.7607 83 124 65
31.2195 470.1292 4578.8618 82 123 63
34.8424 469.4556 4572.3018 83 123 63
38.6207 470.8047 4585.4409 84 123 64
42.3597 471.4821 4592.0386 88 125 66
46.0432 471.4821 4592.0386 95 130 70
49.7266 471.4821 4592.0386 97 133 73
8.9762 455.9888 4476.1104 108 151 110
16.3173 460.5099 4520.4912 90 134 82
20.0856 463.7946 4552.7344 87 129 75
23.7375 463.7946 4552.7344 85 128 71
27.4678 465.1216 4565.7607 84 125 66
31.2644 467.1265 4585.4409 82 123 63
34.8924 466.4562 4578.8618 82 123 63
38.6763 467.7986 4592.0386 83 123 64
42.4207 468.4727 4598.6553 86 124 65
46.1095 468.4727 4598.6553 93 129 69
49.7266 467.7986 4592.0386 97 131 71
8.9636 451.7647 4469.8413 112 153 115
20.0570 459.4872 4546.2490 88 131 79
23.7037 459.4872 4546.2490 86 129 75
27.4286 460.8000 4559.2383 85 126 69
31.2644 463.4483 4585.4409 82 123 63
34.9425 463.4483 4585.4409 82 122 63
38.7320 464.7839 4598.6553 82 122 63
42.4207 464.7839 4598.6553 84 124 66
46.1095 464.7839 4598.6553 89 127 68
49.6552 463.4483 4585.4409 94 131 71
20.0000 454.5455 4533.3335 90 132 83
23.6700 455.1920 4539.7822 87 130 76
27.3894 456.4908 4552.7344 85 127 72
31.2644 459.7702 4585.4409 84 124 67
34.9425 459.7702 4585.4409 83 123 65
38.7320 461.0952 4598.6553 82 122 64
42.4207 461.0952 4598.6553 84 123 65
46.1095 461.0952 4598.6553 87 125 67
49.6552 459.7702 4585.4409 93 131 71
53.1805 458.4528 4572.3018 95 131 72
19.9433 449.6318 4520.4912 91 135 87
23.6364 450.9091 4533.3335 88 130 78
27.4286 453.4857 4559.2383 85 128 73
31.3094 456.7483 4592.0386 84 125 69
34.9425 456.0920 4585.4409 83 123 65
38.7320 457.4064 4598.6553 82 122 63
42.4820 458.0664 4605.2910 83 123 64
46.1095 457.4064 4598.6553 85 124 65
49.7266 456.7483 4592.0386 92 129 70
53.2568 455.4376 4578.8618 94 131 71
57.0935 456.7483 4592.0386 98 132 75
23.6028 446.6383 4526.9033 88 131 80
27.4286 449.8286 4559.2383 85 128 75
31.3545 453.7176 4598.6553 83 126 70
35.0432 453.7176 4598.6553 82 123 66
38.7879 454.3723 4605.2910 82 121 65
42.4820 454.3723 4605.2910 82 121 65
46.1760 454.3723 4605.2910 84 123 65
49.7266 453.0648 4592.0386 88 126 68
53.3333 452.4138 4585.4409 93 131 71
57.0935 453.0648 4592.0386 96 131 74
60.6897 452.4138 4585.4409 106 136 79
23.5361 441.7539 4514.0972 89 132 82
27.4286 446.1714 4559.2383 85 128 75
31.3997 450.6782 4605.2910 85 126 73
35.0938 450.6782 4605.2910 84 124 69
38.7879 450.6782 4605.2910 82 121 66
42.5434 451.3295 4611.9463 82 121 65
46.1760 450.6782 4605.2910 83 123 66
49.7983 450.0288 4598.6553 86 125 68
53.4101 449.3813 4592.0386 92 131 70
57.1758 450.0288 4598.6553 94 131 73
60.7770 449.3813 4592.0386 102 133 77
31.3997 446.9841 4605.2910 85 127 74
35.1445 447.6301 4611.9463 85 125 71
38.7879 446.9841 4605.2910 83 123 67
42.4820 446.9841 4605.2910 82 122 66
46.2428 447.6301 4611.9463 83 122 66
49.8701 446.9841 4605.2910 86 124 68
53.4870 446.3401 4598.6553 90 129 71
57.1758 446.3401 4598.6553 93 131 72
60.8646 446.3401 4598.6553 99 132 74
64.4604 445.6979 4592.0386 106 137 79
31.4451 443.9307 4611.9463 88 129 77
35.1954 444.5732 4618.6206 86 126 73
38.8439 443.9307 4611.9463 84 124 70
42.5434 443.9307 4611.9463 82 123 69
46.3097 444.5732 4618.6206 82 123 68
50.0145 444.5732 4618.6206 84 124 68
53.6416 443.9307 4611.9463 88 125 69
57.3410 443.9307 4611.9463 94 130 71
61.0405 443.9307 4611.9463 95 130 73
64.5533 442.6513 4598.6553 101 134 76
31.4451 440.2313 4611.9463 88 131 79
35.1954 440.8684 4618.6206 85 128 74
38.8439 440.2313 4611.9463 86 125 72
42.5434 440.2313 4611.9463 85 123 70
46.3768 441.5073 4625.3140 84 123 68
50.0870 441.5073 4625.3140 85 123 67
53.7193 440.8684 4618.6206 86 124 66
57.3410 440.2313 4611.9463 91 129 69
61.0405 440.2313 4611.9463 93 131 72
64.6465 439.5960 4605.2910 98 132 75
68.1439 438.3309 4592.0386 108 138 80
31.4451 436.5319 4611.9463 89 132 80
35.1954 437.1636 4618.6206 88 130 77
38.9001 437.1636 4618.6206 87 127 74
42.6049 437.1636 4618.6206 85 125 69
46.3768 437.7971 4625.3140 84 123 66
50.0870 437.7971 4625.3140 83 123 66
53.7971 437.7971 4625.3140 85 124 65
57.4240 437.1636 4618.6206 88 127 67
61.1288 437.1636 4618.6206 92 130 71
64.7399 436.5319 4611.9463 94 132 72
68.3406 435.9019 4605.2910 100 133 73
71.8273 434.6475 4592.0386 126 147 86
31.4451 432.8324 4611.9463 91 133 84
35.1954 433.4588 4618.6206 91 131 82
38.9001 433.4588 4618.6206 88 127 75
42.6049 433.4588 4618.6206 84 124 69
46.3768 434.0870 4625.3140 83 123 66
50.1597 434.7170 4632.0273 83 122 67
53.8752 434.7170 4632.0273 84 123 66
57.5072 434.0870 4625.3140 85 125 65
61.2174 434.0870 4625.3140 90 129 69
64.7399 432.8324 4611.9463 94 129 71
68.3406 432.2078 4605.2910 99 133 74
71.9308 431.5851 4598.6553 115 140 82
31.4451 429.1330 4611.9463 92 136 88
35.1954 429.7540 4618.6206 90 132 81
38.9001 429.7540 4618.6206 88 128 76
42.6667 430.3768 4625.3140 85 125 72
46.4441 431.0015 4632.0273 83 123 68
50.2326 431.6279 4638.7598 83 122 65
53.9535 431.6279 4638.7598 83 122 65
57.5907 431.0015 4632.0273 83 123 64
61.3062 431.0015 4632.0273 87 127 67
64.9275 430.3768 4625.3140 92 129 70
68.5384 429.7540 4618.6206 95 131 72
72.1387 429.1330 4611.9463 104 136 79
35.1954 426.0493 4618.6206 91 132 84
38.9001 426.0493 4618.6206 89 129 78
42.6667 426.6667 4625.3140 86 126 73
46.5116 427.9070 4638.7598 84 123 67
50.2326 427.9070 4638.7598 83 121 63
54.0320 428.5298 4645.5122 82 121 63
57.5907 427.2859 4632.0273 81 122 64
61.3954 427.9070 4638.7598 86 125 65
64.9275 426.6667 4625.3140 93 129 70
68.5384 426.0493 4618.6206 92 129 71
72.2431 426.0493 4618.6206 99 134 77
35.1954 422.3445 4618.6206 91 134 86
38.9565 422.9565 4625.3140 88 130 79
42.7286 423.5704 4632.0273 86 128 75
46.5116 424.1861 4638.7598 83 123 69
50.3057 424.8035 4645.5122 82 121 65
54.0320 424.8035 4645.5122 82 121 65
57.6744 424.1861 4638.7598 81 122 66
61.4847 424.8035 4645.5122 84 123 64
65.0218 423.5704 4632.0273 91 128 69
68.6377 422.9565 4625.3140 92 128 70
72.3478 422.9565 4625.3140 96 132 76
35.1954 418.6397 4618.6206 92 136 88
38.9565 419.2464 4625.3140 87 132 79
42.7286 419.8549 4632.0273 85 128 74
46.5793 421.0772 4645.5122 83 123 70
50.3057 421.0772 4645.5122 81 120 65
54.1108 421.6910 4652.2837 81 120 64
57.7584 421.0772 4645.5122 81 121 65
61.4847 421.0772 4645.5122 82 123 65
65.1163 420.4651 4638.7598 86 126 66
68.6377 419.2464 4625.3140 90 130 69
72.1387 418.0347 4611.9463 93 130 71
38.9565 415.5362 4625.3140 85 129 74
42.7286 416.1394 4632.0273 84 126 72
46.5116 416.7442 4638.7598 83 124 71
50.3790 417.9592 4652.2837 82 122 68
54.1108 417.9592 4652.2837 81 121 66
57.8426 417.9592 4652.2837 81 121 64
61.6642 418.5694 4659.0757 82 122 65
65.2111 417.3509 4645.5122 85 124 66
68.7373 416.1394 4632.0273 91 129 70
72.3478 415.5362 4625.3140 93 129 71
38.9001 411.2301 4618.6206 84 129 75
42.6049 411.2301 4618.6206 85 128 73
46.5116 413.0233 4638.7598 85 126 73
50.3790 414.2274 4652.2837 82 123 69
54.1898 414.8322 4659.0757 81 121 66
57.9270 414.8322 4659.0757 81 121 64
61.6642 414.8322 4659.0757 82 122 64
65.3061 414.2274 4652.2837 83 123 64
68.8372 413.0233 4638.7598 89 128 67
72.5581 413.0233 4638.7598 90 128 68
38.9565 408.1159 4625.3140 90 135 86
42.6667 408.1159 4625.3140 88 130 78
46.6472 410.4956 4652.2837 87 128 76
50.5263 411.6960 4665.8872 83 124 71
54.2690 411.6960 4665.8872 80 121 68
58.0117 411.6960 4665.8872 81 120 66
61.7544 411.6960 4665.8872 81 120 64
65.4015 411.0949 4659.0757 82 122 63
68.8372 409.3023 4638.7598 87 126 66
72.7697 410.4956 4652.2837 90 128 70
42.7907 405.5814 4638.7598 88 132 79
46.8521 408.5506 4672.7188 86 129 76
50.6745 409.1496 4679.5698 83 125 73
54.4282 409.1496 4679.5698 81 121 69
58.1818 409.1496 4679.5698 80 120 67
61.8448 408.5506 4672.7188 81 121 65
65.5930 408.5506 4672.7188 83 122 64
69.1387 407.3577 4659.0757 85 124 67
73.1965 409.1496 4679.5698 89 128 69
81.6617 414.0060 4735.1138 97 131 73
85.3333 413.3926 4728.0991 111 137 79
46.9897 405.9912 4686.4414 86 129 78
50.8235 406.5883 4693.3335 84 126 73
54.5882 406.5883 4693.3335 82 123 69
58.2673 405.9912 4686.4414 80 121 67
62.0264 405.9912 4686.4414 81 121 64
65.6891 405.3959 4679.5698 82 121 63
69.2398 404.2106 4665.8872 82 122 63
73.3040 405.9912 4686.4414 88 127 66
81.6617 410.2077 4735.1138 93 129 69
85.3333 409.6001 4728.0991 97 131 70
47.1976 404.0118 4707.1782 87 130 79
51.0487 404.6086 4714.1309 85 128 76
54.7493 404.0118 4707.1782 84 124 71
58.3529 402.8235 4693.3335 81 122 68
62.0264 402.2320 4686.4414 81 120 66
65.6891 401.6422 4679.5698 82 121 64
69.2398 400.4679 4665.8872 83 123 62
73.3040 402.2320 4686.4414 86 125 64
81.6617 406.4095 4735.1138 90 128 69
85.2071 405.2071 4721.1045 96 132 72
47.3373 401.4201 4721.1045 88 132 81
51.2000 402.0149 4728.0991 86 129 77
54.9112 401.4201 4721.1045 84 126 73
58.5251 400.2360 4707.1782 82 122 68
62.2091 399.6466 4700.2456 81 120 66
65.7856 398.4728 4686.4414 81 120 64
69.3411 397.3061 4672.7188 81 122 62
73.4118 399.0588 4693.3335 82 124 63
77.1765 399.0588 4693.3335 87 126 66
81.5407 402.0149 4728.0991 88 126 68
85.0812 400.8272 4714.1309 94 130 72
89.5238 403.8096 4749.2065 104 135 75
93.3333 403.8096 4749.2065 134 158 99
43.5503 397.6331 4721.1045 98 141 96
47.4777 398.8130 4735.1138 90 134 83
51.2760 398.8130 4735.1138 87 130 77
55.0742 398.8130 4735.1138 84 127 73
58.6115 397.0458 4714.1309 81 123 67
62.3009 396.4602 4707.1782 81 120 65
65.7856 394.7137 4686.4414 81 120 64
69.4428 394.1349 4679.5698 81 121 63
73.4118 395.2942 4693.3335 80 122 60
77.1765 395.2942 4693.3335 85 125 63
81.5407 398.2223 4728.0991 86 124 64
85.0812 397.0458 4714.1309 92 128 70
89.5238 400.0000 4749.2065 100 132 74
93.3333 400.0000 4749.2065 115 144 88
39.8813 395.0149 4735.1138 107 151 113
43.7444 395.6018 4742.1499 99 143 100
47.6191 396.1905 4749.2065 91 135 86
51.5052 396.7809 4756.2842 88 131 80
55.2381 396.1905 4749.2065 85 127 75
58.8724 395.0149 4735.1138 82 123 70
62.4852 393.8462 4721.1045 81 120 67
65.8824 391.5294 4693.3335 81 120 66
69.5448 390.9545 4686.4414 80 120 65
73.5199 392.1060 4700.2456 80 120 62
77.2901 392.1060 4700.2456 84 124 64
81.5407 394.4297 4728.0991 86 126 66
85.0812 393.2644 4714.1309 89 127 68
89.3908 395.6018 4742.1499 96 131 73
93.3333 396.1905 4749.2065 110 139 81
97.2876 396.7809 4756.2842 157 172 118
39.9406 391.7979 4742.1499 108 151 114
47.6900 392.9658 4756.2842 91 136 88
51.5821 393.5522 4763.3833 89 132 83
55.4030 393.5522 4763.3833 86 128 77
58.9599 391.7979 4742.1499 83 125 72
62.5778 390.6371 4728.0991 81 121 68
66.0767 388.9086 4707.1782 81 120 65
69.6471 387.7647 4693.3335 80 120 64
73.6283 388.9086 4707.1782 80 120 63
77.4041 388.9086 4707.1782 83 123 63
81.4201 390.0592 4721.1045 86 126 66
85.0812 389.4830 4714.1309 88 127 67
89.3908 391.7979 4742.1499 95 130 72
93.0564 391.2166 4735.1138 105 136 76
96.9985 391.7979 4742.1499 153 166 107
40.0000 388.5714 4749.2065 111 153 116
43.8748 389.1505 4756.2842 103 147 106
47.6900 389.1505 4756.2842 90 133 87
51.6592 390.3139 4770.5034 87 130 80
55.4030 389.7314 4763.3833 85 128 74
59.1356 389.1505 4756.2842 83 125 72
62.7638 387.9941 4742.1499 80 122 68
66.1743 385.7016 4714.1309 80 120 66
69.6471 384.0000 4693.3335 81 120 64
73.7371 385.7016 4714.1309 81 121 63
77.5185 385.7016 4714.1309 81 121 62
81.5407 386.8445 4728.0991 86 126 66
85.2071 386.2722 4721.1045 87 126 66
89.3908 387.9941 4742.1499 92 130 70
93.0564 387.4184 4735.1138 100 135 76
96.8546 387.4184 4735.1138 118 143 87
40.1194 385.9105 4763.3833 113 155 118
43.9403 385.9105 4763.3833 107 151 112
47.7612 385.9105 4763.3833 96 140 96
51.6592 386.4873 4770.5034 86 132 81
55.4858 386.4873 4770.5034 85 128 75
59.3124 386.4873 4770.5034 84 126 72
62.9508 385.3353 4756.2842 81 123 68
66.3704 383.0519 4728.0991 81 122 66
69.7496 380.7953 4700.2456 81 120 64
73.7371 381.9202 4714.1309 82 121 64
77.5185 381.9202 4714.1309 82 122 63
81.6617 383.6202 4735.1138 85 125 65
85.2071 382.4852 4721.1045 87 126 65
89.5238 384.7619 4749.2065 90 128 71
93.0564 383.6202 4735.1138 98 133 74
96.8546 383.6202 4735.1138 109 140 81
36.4618 383.8081 4784.8076 127 165 130
40.2395 383.2336 4777.6450 115 158 121
44.0719 383.2336 4777.6450 109 153 114
47.9042 383.2336 4777.6450 100 145 102
51.8141 383.8081 4784.8076 90 136 86
55.6522 383.8081 4784.8076 87 131 80
59.4012 383.2336 4777.6450 85 128 75
63.1390 382.6607 4770.5034 82 124 70
66.5676 380.3864 4742.1499 80 122 67
70.0592 378.6982 4721.1045 80 121 65
73.8462 378.6982 4721.1045 80 121 65
77.6331 378.6982 4721.1045 81 121 65
81.6617 379.8220 4735.1138 84 124 65
85.2071 378.6982 4721.1045 87 127 67
89.3908 380.3864 4742.1499 89 128 69
93.0564 379.8220 4735.1138 95 131 74
96.7111 379.2593 4728.0991 104 136 78
36.5165 380.5406 4791.9922 131 167 134
40.2999 379.9700 4784.8076 119 159 123
44.1379 379.9700 4784.8076 113 155 116
47.9760 379.9700 4784.8076 105 149 107
51.8919 380.5406 4791.9922 94 139 90
55.6522 379.9700 4784.8076 89 132 82
59.4903 379.9700 4784.8076 86 129 75
63.1390 378.8341 4770.5034 82 125 70
66.6667 377.1429 4749.2065 81 123 65
70.1630 375.4667 4728.0991 80 121 63
73.8462 374.9113 4721.1045 81 121 64
77.6331 374.9113 4721.1045 80 121 63
81.5407 375.4667 4728.0991 81 123 62
85.2071 374.9113 4721.1045 88 127 65
89.2582 376.0237 4735.1138 87 126 66
92.9185 375.4667 4728.0991 91 129 70
96.7111 375.4667 4728.0991 97 131 71
36.5165 376.6967 4791.9922 134 170 137
40.3604 376.6967 4791.9922 122 161 126
44.2042 376.6967 4791.9922 114 157 119
47.9760 376.1320 4784.8076 107 152 110
51.8919 376.6967 4791.9922 96 141 94
55.6522 376.1320 4784.8076 89 133 83
59.4903 376.1320 4784.8076 86 129 78
63.1390 375.0075 4770.5034 84 125 74
66.7660 373.8897 4756.2842 83 123 69
70.3715 372.7786 4742.1499 81 121 66
73.9556 371.6741 4728.0991 81 120 66
77.6331 371.1243 4721.1045 81 121 64
81.5407 371.6741 4728.0991 82 122 63
85.2071 371.1243 4721.1045 87 124 65
89.2582 372.2255 4735.1138 87 125 66
92.9185 371.6741 4728.0991 90 128 70
96.7111 371.6741 4728.0991 96 131 72
40.4211 373.4135 4799.1982 126 163 130
44.2042 372.8529 4791.9922 116 158 121
47.9760 372.2939 4784.8076 110 153 114
51.8919 372.8529 4791.9922 98 142 98
55.7357 372.8529 4791.9922 89 135 85
59.4903 372.2939 4784.8076 86 131 80
63.2335 371.7366 4777.6450 85 127 75
66.8657 370.6269 4763.3833 83 123 71
70.4762 369.5238 4749.2065 81 121 68
74.0653 368.4273 4735.1138 81 120 66
77.8635 368.4273 4735.1138 81 120 64
81.6617 368.4273 4735.1138 81 121 63
85.3333 367.8815 4728.0991 85 124 65
89.3908 368.9748 4742.1499 87 126 66
92.9185 367.8815 4728.0991 88 127 67
96.7111 367.8815 4728.0991 94 132 71
36.6818 370.6787 4813.6753 139 174 141
40.4819 370.1205 4806.4258 128 164 132
44.2707 369.5639 4799.1982 118 159 122
48.0480 369.0090 4791.9922 112 155 117
51.9699 369.5639 4799.1982 102 145 102
55.7357 369.0090 4791.9922 92 137 88
59.5796 369.0090 4791.9922 88 132 82
63.3283 368.4558 4784.8076 86 128 77
66.9656 367.3543 4770.5034 84 125 72
70.6866 366.8060 4763.3833 82 122 68
74.2857 365.7143 4749.2065 81 120 65
77.8635 364.6291 4735.1138 80 120 64
81.7831 365.1709 4742.1499 80 122 63
85.4599 364.6291 4735.1138 83 123 63
89.3908 365.1709 4742.1499 86 126 66
92.9185 364.0889 4728.0991 87 127 68
96.5680 363.5503 4721.1045 91 131 69
33.1707 370.7318 4865.0410 119 157 110
36.8485 368.4849 4835.5557 139 175 140
40.6657 367.9274 4828.2402 129 166 135
44.4042 366.8175 4813.6753 118 160 124
48.1203 365.7143 4799.1982 112 155 118
52.0482 366.2651 4806.4258 103 147 105
55.8196 365.7143 4799.1982 93 138 91
59.6692 365.7143 4799.1982 89 133 84
63.4234 365.1652 4791.9922 87 129 78
67.0659 364.0719 4777.6450 85 127 74
70.7922 363.5277 4770.5034 83 123 68
74.3964 362.4441 4756.2842 81 120 65
77.8635 360.8309 4735.1138 80 120 63
81.7831 361.3671 4742.1499 80 122 63
85.4599 360.8309 4735.1138 82 121 63
89.3908 361.3671 4742.1499 87 125 66
92.7811 359.7633 4721.1045 86 126 66
96.4254 359.2319 4714.1309 91 129 69
33.2722 367.9511 4879.9185 114 152 102
37.0167 366.2709 4857.6357 138 174 136
40.8511 365.7143 4850.2534 132 169 137
44.5386 364.0545 4828.2402 120 161 126
48.1928 362.4097 4806.4258 113 155 119
52.2054 363.5045 4820.9468 106 149 110
55.9879 362.9563 4813.6753 96 140 94
59.6692 361.8647 4799.1982 91 135 85
63.4234 361.3214 4791.9922 88 131 80
67.1664 360.7796 4784.8076 86 127 76
70.8982 360.2396 4777.6450 83 123 71
74.5075 359.1642 4763.3833 80 121 66
77.8635 357.0327 4735.1138 79 120 63
81.6617 357.0327 4735.1138 80 121 63
85.3333 356.5037 4728.0991 81 122 64
89.2582 357.0327 4735.1138 85 125 64
92.7811 355.9763 4721.1045 86 127 65
96.4254 355.4505 4714.1309 90 128 70
100.5037 356.5037 4728.0991 95 131 73
104.7619 358.0952 4749.2065 103 136 79
33.2722 364.0367 4879.9185 108 147 92
37.0732 362.9269 4865.0410 135 171 129
40.8511 361.8237 4850.2534 136 171 139
44.5386 360.1816 4828.2402 123 163 129
48.1928 358.5542 4806.4258 114 157 121
52.2054 359.6375 4820.9468 107 151 112
55.9879 359.0951 4813.6753 98 143 97
59.6692 358.0151 4799.1982 91 136 85
63.4234 357.4775 4791.9922 89 132 81
67.2673 357.4775 4791.9922 86 128 77
70.8982 356.4072 4777.6450 83 124 71
74.5075 355.3433 4763.3833 81 121 64
77.9792 353.7593 4742.1499 81 120 63
81.7831 353.7593 4742.1499 81 120 63
85.4599 353.2344 4735.1138 82 121 63
89.3908 353.7593 4742.1499 84 124 63
92.7811 352.1894 4721.1045 87 127 66
96.4254 351.6691 4714.1309 88 127 68
100.3550 352.1894 4721.1045 93 130 72
104.4510 353.2344 4735.1138 101 134 77
33.3742 361.2270 4894.8877 103 141 84
37.2435 360.6738 4887.3916 128 163 119
41.0382 359.5725 4872.4683 138 173 140
44.8097 358.4780 4857.6357 127 164 131
48.4849 356.8485 4835.5557 116 157 121
52.4431 357.3900 4842.8936 110 153 115
56.2424 356.8485 4835.5557 98 143 98
59.8492 355.2338 4813.6753 92 135 86
63.5188 354.1655 4799.1982 90 132 81
67.2673 353.6337 4791.9922 87 128 76
71.0045 353.1035 4784.8076 84 124 71
74.6188 352.0479 4770.5034 81 122 66
78.2116 350.9985 4756.2842 80 121 64
81.7831 349.9554 4742.1499 80 121 64
85.5869 349.9554 4742.1499 81 121 64
89.5238 350.4762 4749.2065 84 123 65
92.9185 348.9185 4728.0991 88 127 66
96.4254 347.8877 4714.1309 87 127 67
100.9524 350.4762 4749.2065 94 129 72
104.7619 350.4762 4749.2065 99 133 76
33.4769 358.4000 4909.9487 101 139 81
37.3579 357.8495 4902.4067 121 157 109
41.1639 356.7534 4887.3916 140 175 141
45.0842 356.7534 4887.3916 129 166 132
48.8550 355.6642 4872.4683 117 159 121
52.6829 355.1220 4865.0410 112 155 117
56.4134 354.0426 4850.2534 102 147 103
60.0303 352.4357 4828.2402 92 137 87
63.6145 350.8434 4806.4258 89 132 79
67.3684 350.3158 4799.1982 87 129 75
71.1111 349.7898 4791.9922 84 127 70
74.7305 348.7426 4777.6450 80 123 65
78.3284 347.7015 4763.3833 80 121 64
82.0268 347.1833 4756.2842 80 121 63
85.8420 347.1833 4756.2842 81 122 63
89.7911 347.7015 4763.3833 83 122 65
93.3333 346.6667 4749.2065 86 126 67
96.8546 345.6380 4735.1138 86 126 66
101.4051 348.2213 4770.5034 90 128 70
105.0746 347.7015 4763.3833 96 132 74
33.5285 355.0077 4917.5142 101 139 81
37.4154 354.4615 4909.9487 117 153 104
41.2903 353.9171 4902.4067 142 177 141
45.2227 353.9171 4902.4067 133 169 135
49.0798 353.3743 4894.8877 121 162 124
52.8440 352.2936 4879.9185 115 158 121
56.6718 351.7557 4872.4683 107 151 109
60.2124 349.6207 4842.8936 94 139 91
63.8067 348.0363 4820.9468 88 133 81
67.5716 347.5113 4813.6753 86 130 77
71.2180 346.4662 4799.1982 84 128 73
74.8426 345.4273 4784.8076 81 124 66
78.4454 344.3947 4770.5034 81 121 67
82.1493 343.8806 4763.3833 81 120 66
86.0987 344.3947 4770.5034 82 121 65
89.9253 344.3947 4770.5034 83 122 64
93.4724 343.3681 4756.2842 85 124 66
97.4328 343.8806 4763.3833 86 126 66
101.8619 345.9460 4791.9922 89 128 66
105.3892 344.9102 4777.6450 93 131 71
33.5285 351.0632 4917.5142 101 140 80
37.4154 350.5231 4909.9487 112 149 97
41.2903 349.9846 4902.4067 142 177 139
45.2227 349.9846 4902.4067 135 171 138
49.0798 349.4479 4894.8877 124 163 128
52.9250 348.9127 4887.3916 117 160 124
56.6718 347.8474 4872.4683 110 153 113
60.3040 346.2614 4850.2534 99 143 95
63.8067 344.1692 4820.9468 89 134 81
67.6737 344.1692 4820.9468 87 131 77
71.2180 342.6166 4799.1982 86 128 74
74.9550 342.1021 4791.9922 83 125 71
78.5629 341.0779 4777.6450 82 122 68
82.2720 340.5681 4770.5034 81 121 66
86.2276 341.0779 4777.6450 82 122 65
90.0599 341.0779 4777.6450 82 122 65
93.7519 340.5681 4770.5034 84 124 65
97.7246 341.0779 4777.6450 87 127 66
101.8619 342.1021 4791.9922 87 127 65
105.5472 341.5892 4784.8076 91 131 70
33.5285 347.1187 4917.5142 100 139 77
37.4154 346.5846 4909.9487 107 145 90
41.2903 346.0522 4902.4067 140 175 134
45.2923 346.5846 4909.9487 137 173 140
49.1552 346.0522 4902.4067 126 165 131
52.9250 344.9924 4887.3916 119 161 125
56.7584 344.4648 4879.9185 110 154 113
60.4878 343.4147 4865.0410 100 145 97
64.0000 341.3333 4835.5557 91 135 83
67.7761 340.8170 4828.2402 89 132 79
71.3253 339.2771 4806.4258 86 129 75
75.0677 338.7669 4799.1982 84 125 73
78.6807 337.7511 4784.8076 83 124 68
82.3952 337.2455 4777.6450 83 123 65
86.2276 337.2455 4777.6450 83 122 65
90.0599 337.2455 4777.6450 82 123 64
93.7519 336.7414 4770.5034 84 124 64
97.7246 337.2455 4777.6450 87 126 66
101.8619 338.2583 4791.9922 86 125 66
105.5472 337.7511 4784.8076 89 128 68
33.5802 343.7037 4925.1030 98 137 74
37.4730 343.1741 4917.5142 102 142 83
41.3538 342.6461 4909.9487 134 170 126
45.2923 342.6461 4909.9487 139 174 142
49.2308 342.6461 4909.9487 128 166 132
53.0061 341.5951 4894.8877 121 162 126
56.8453 341.0720 4887.3916 113 156 116
60.6728 340.5505 4879.9185 100 146 99
64.1945 338.4803 4850.2534 92 137 86
67.8788 337.4546 4835.5557 90 133 81
71.4329 335.9276 4813.6753 86 130 76
75.1807 335.4217 4806.4258 85 126 73
78.6807 333.9131 4784.8076 83 125 69
82.3952 333.4132 4777.6450 82 122 65
86.2276 333.4132 4777.6450 82 121 64
90.1949 333.9131 4784.8076 83 123 64
93.8922 333.4132 4777.6450 83 123 64
98.0180 334.4144 4791.9922 86 125 66
102.0150 334.9173 4799.1982 85 125 65
105.7057 334.4144 4791.9922 88 126 67
33.6322 340.2783 4932.7153 96 136 73
37.4730 339.2296 4917.5142 101 139 81
41.4176 339.2296 4917.5142 126 162 115
45.3621 339.2296 4917.5142 143 176 143
49.2308 338.7077 4909.9487 131 168 134
53.0876 338.1874 4902.4067 122 163 127
56.9325 337.6687 4894.8877 114 158 119
60.7657 337.1516 4887.3916 102 147 103
64.3903 335.6098 4865.0410 93 139 90
68.0851 334.5897 4850.2534 90 134 82
71.6490 333.0711 4828.2402 87 130 77
75.2941 332.0664 4813.6753 86 127 75
78.7988 330.5706 4791.9922 84 125 70
82.5187 330.0750 4784.8076 82 123 67
86.3568 330.0750 4784.8076 81 121 65
90.1949 330.0750 4784.8076 83 123 65
93.8922 329.5809 4777.6450 82 122 64
98.0180 330.5706 4791.9922 85 125 65
101.8619 330.5706 4791.9922 86 125 65
105.7057 330.5706 4791.9922 87 125 66
109.0583 329.0882 4770.5034 92 128 69
33.6322 336.3215 4932.7153 96 136 70
37.4730 335.2851 4917.5142 99 137 77
41.4176 335.2851 4917.5142 118 154 103
45.3621 335.2851 4917.5142 145 178 144
49.2308 334.7693 4909.9487 134 170 137
53.0876 334.2550 4902.4067 123 164 129
56.9325 333.7424 4894.8877 116 159 121
60.7657 333.2313 4887.3916 105 149 106
64.4886 332.2138 4872.4683 96 141 92
68.0851 330.6991 4850.2534 91 135 83
71.7576 329.6970 4835.5557 89 132 80
75.4079 328.7009 4820.9468 86 130 75
78.9173 327.2181 4799.1982 85 126 70
82.5187 326.2369 4784.8076 82 124 66
86.3568 326.2369 4784.8076 80 122 65
90.1949 326.2369 4784.8076 82 123 64
93.8922 325.7485 4777.6450 80 122 63
98.0180 326.7267 4791.9922 83 124 63
102.0150 327.2181 4799.1982 85 126 64
105.8647 327.2181 4799.1982 84 125 65
109.3853 326.2369 4784.8076 89 128 68
33.6322 332.3648 4932.7153 97 136 69
37.4730 331.3405 4917.5142 98 136 73
41.3538 330.8308 4909.9487 110 146 91
45.3621 331.3405 4917.5142 146 180 143
49.3066 331.3405 4917.5142 137 172 139
53.1692 330.8308 4909.9487 125 164 130
56.9325 329.8160 4894.8877 118 161 123
60.8589 329.8160 4894.8877 109 152 110
64.6861 329.3109 4887.3916 99 143 95
68.2927 327.8049 4865.0410 93 137 85
71.9757 326.8085 4850.2534 90 134 81
75.6364 325.8182 4835.5557 86 130 75
79.0361 323.8554 4806.4258 85 127 71
82.6426 322.8829 4791.9922 83 124 67
86.4865 322.8829 4791.9922 82 122 64
90.3303 322.8829 4791.9922 82 122 64
94.0330 322.3988 4784.8076 81 122 62
98.0180 322.8829 4791.9922 83 123 61
102.0150 323.3684 4799.1982 85 125 63
105.8647 323.3684 4799.1982 85 125 64
109.5496 322.8829 4791.9922 87 127 67
115.2977 328.3054 4872.4683 93 131 72
118.8432 327.3059 4857.6357 96 134 74
122.1818 325.8182 4835.5557 106 139 76
33.7364 329.4264 4948.0103 97 136 70
37.5309 327.9013 4925.1030 97 136 71
41.4176 327.3960 4917.5142 105 142 84
45.4321 327.9013 4925.1030 144 178 139
49.3066 327.3960 4917.5142 139 173 139
53.2512 327.3960 4917.5142 127 165 131
57.1077 326.8923 4909.9487 118 161 123
60.9524 326.3902 4902.4067 110 155 115
64.7853 325.8896 4894.8877 100 146 99
68.5015 324.8930 4879.9185 91 139 86
72.1951 323.9025 4865.0410 90 135 83
75.8663 322.9179 4850.2534 86 130 76
79.2749 320.9668 4820.9468 85 127 73
82.7669 319.5188 4799.1982 83 125 68
86.6165 319.5188 4799.1982 81 122 64
90.4662 319.5188 4799.1982 81 121 63
94.1742 319.0391 4791.9922 81 122 61
98.3133 320.0000 4806.4258 82 122 61
102.3228 320.4827 4813.6753 86 126 64
106.0241 320.0000 4806.4258 86 125 63
109.7143 319.5188 4799.1982 88 126 67
114.5979 322.4279 4842.8936 91 129 70
118.4826 322.4279 4842.8936 96 132 72
121.9970 321.4524 4828.2402 102 136 75
125.8699 321.4524 4828.2402 113 138 78
33.7364 325.4574 4948.0103 99 137 71
37.5309 323.9506 4925.1030 100 137 71
41.4815 323.9506 4925.1030 102 138 77
45.5023 324.4513 4932.7153 141 174 130
49.3827 323.9506 4925.1030 140 176 140
53.2512 323.4515 4917.5142 129 168 132
57.1077 322.9539 4909.9487 119 161 123
60.9524 322.4578 4902.4067 113 156 117
64.8848 322.4578 4902.4067 104 148 103
68.6064 321.4702 4887.3916 94 140 89
72.3054 320.4886 4872.4683 91 136 83
75.9817 319.5129 4857.6357 87 130 77
79.3949 317.5794 4828.2402 86 127 74
82.8916 316.1446 4806.4258 84 125 68
86.6165 315.6692 4799.1982 81 122 65
90.6024 316.1446 4806.4258 81 122 64
94.4578 316.1446 4806.4258 81 123 63
98.4615 316.6214 4813.6753 82 123 63
102.4773 317.0997 4820.9468 86 125 64
106.1840 316.6214 4813.6753 86 125 64
109.8795 316.1446 4806.4258 87 127 66
114.5979 318.5433 4842.8936 90 130 69
118.4826 318.5433 4842.8936 94 133 72
121.9970 317.5794 4828.2402 99 136 75
125.8699 317.5794 4828.2402 108 139 80
37.5889 320.4946 4932.7153 98 136 71
41.4815 320.0000 4925.1030 101 136 74
45.5023 320.4946 4932.7153 135 168 121
49.3827 320.0000 4925.1030 143 177 143
53.2512 319.5070 4917.5142 132 169 134
57.1077 319.0154 4909.9487 122 164 127
60.9524 318.5254 4902.4067 116 158 119
64.8848 318.5254 4902.4067 107 150 104
68.6064 317.5498 4887.3916 96 142 90
72.4159 317.0642 4879.9185 91 137 83
75.9817 315.6165 4857.6357 87 131 77
79.5152 314.1818 4835.5557 85 128 73
83.1420 313.2326 4820.9468 83 125 68
86.7470 312.2892 4806.4258 82 123 65
90.7391 312.7602 4813.6753 81 123 63
94.6003 312.7602 4813.6753 82 123 62
98.6103 313.2326 4820.9468 82 123 63
102.6324 313.7065 4828.2402 84 124 63
106.3444 313.2326 4820.9468 87 127 66
110.2115 313.2326 4820.9468 87 127 66
114.5979 314.6586 4842.8936 90 129 69
118.4826 314.6586 4842.8936 93 132 73
122.3672 314.6586 4842.8936 96 134 75
126.2519 314.6586 4842.8936 106 138 78
130.3344 315.1368 4850.2534 134 160 103
37.6471 317.0279 4940.3511 100 137 71
41.5456 316.5379 4932.7153 99 135 72
45.5728 317.0279 4940.3511 127 161 110
49.3827 316.0494 4925.1030 145 179 144
53.2512 315.5624 4917.5142 135 172 136
57.1077 315.0769 4909.9487 126 165 130
61.0462 315.0769 4909.9487 119 160 122
64.9846 315.0769 4909.9487 109 151 107
68.7117 314.1104 4894.8877 98 142 92
72.4159 313.1498 4879.9185 93 138 84
76.0976 312.1952 4865.0410 90 133 79
79.6358 310.7739 4842.8936 87 129 73
83.2678 309.8336 4828.2402 85 127 69
86.8778 308.8990 4813.6753 83 124 66
90.7391 308.8990 4813.6753 80 123 64
94.7432 309.3656 4820.9468 82 123 62
98.6103 309.3656 4820.9468 83 123 63
102.6324 309.8336 4828.2402 84 124 63
106.5053 309.8336 4828.2402 88 127 66
110.2115 309.3656 4820.9468 87 127 67
114.5979 310.7739 4842.8936 90 128 69
118.4826 310.7739 4842.8936 93 131 72
122.3672 310.7739 4842.8936 97 132 75
126.2519 310.7739 4842.8936 104 136 77
130.3344 311.2462 4850.2534 125 146 92
134.4292 311.7200 4857.6357 155 165 118
37.7054 313.5504 4948.0103 101 138 72
41.7391 314.0373 4955.6938 99 136 71
45.7143 314.0373 4955.6938 120 154 100
49.5356 313.0651 4940.3511 146 180 143
53.3333 312.0988 4925.1030 137 173 138
57.1957 311.6179 4917.5142 128 167 131
61.1402 311.6179 4917.5142 121 163 124
65.0847 311.6179 4917.5142 112 155 111
68.8172 310.6606 4902.4067 99 144 94
72.5268 309.7090 4887.3916 93 138 84
76.2137 308.7634 4872.4683 90 135 81
79.7568 307.3557 4850.2534 87 130 75
83.3939 306.4243 4835.5557 85 128 72
87.0091 305.4985 4820.9468 83 125 69
90.8761 305.4985 4820.9468 82 123 65
94.7432 305.4985 4820.9468 82 124 66
98.7595 305.9607 4828.2402 83 124 66
102.7879 306.4243 4835.5557 85 125 66
106.5053 305.9607 4828.2402 88 127 66
110.3782 305.9607 4828.2402 87 126 66
114.7720 307.3557 4850.2534 88 126 68
118.4826 306.8893 4842.8936 91 129 69
122.5532 307.3557 4850.2534 95 131 72
126.4438 307.3557 4850.2534 100 135 76
130.3344 307.3557 4850.2534 132 152 94
134.2249 307.3557 4850.2534 198 198 143
138.5366 308.2927 4865.0410 187 171 121
142.2222 307.8235 4857.6357 177 149 98
37.7640 310.0621 4955.6938 102 140 73
41.8040 310.5443 4963.4009 101 139 73
45.7854 310.5443 4963.4009 113 148 90
49.6124 309.5814 4948.0103 148 181 141
53.4158 308.6244 4932.7153 139 175 139
57.2840 308.1482 4925.1030 131 169 133
61.1402 307.6733 4917.5142 123 165 126
65.1852 308.1482 4925.1030 113 157 114
68.9231 307.2000 4909.9487 101 146 98
72.6380 306.2577 4894.8877 94 139 86
76.3303 305.3211 4879.9185 92 136 82
80.0000 304.3903 4865.0410 88 131 77
83.5205 303.0046 4842.8936 85 128 72
87.1407 302.0878 4828.2402 84 126 69
90.8761 301.6314 4820.9468 83 124 65
94.8865 302.0878 4828.2402 83 124 64
98.9091 302.5455 4835.5557 83 124 64
102.9439 303.0046 4842.8936 83 123 62
106.6667 302.5455 4835.5557 86 127 64
110.3782 302.0878 4828.2402 87 127 66
114.7720 303.4651 4850.2534 87 126 67
118.4826 303.0046 4842.8936 89 128 69
122.5532 303.4651 4850.2534 92 130 71
126.4438 303.4651 4850.2534 95 134 71
130.5327 303.9270 4857.6357 112 137 75
134.2249 303.4651 4850.2534 184 190 132
138.5366 304.3903 4865.0410 194 192 140
142.4390 304.3903 4865.0410 189 184 132
37.8227 306.5630 4963.4009 103 141 74
41.8692 307.0405 4971.1318 102 139 73
45.7854 306.5630 4963.4009 109 143 83
49.6894 306.0870 4955.6938 146 179 138
53.5814 305.6124 4948.0103 140 176 141
57.3725 304.6677 4932.7153 132 170 133
61.2346 304.1975 4925.1030 124 166 127
65.2859 304.6677 4932.7153 115 159 117
69.0293 303.7288 4917.5142 103 148 101
72.7496 302.7957 4902.4067 95 140 88
76.4472 301.8683 4887.3916 93 137 83
80.1221 300.9466 4872.4683 90 134 79
83.7747 300.0304 4857.6357 85 129 72
87.2727 298.6667 4835.5557 82 124 65
91.0136 298.2148 4828.2402 79 119 57
94.8865 298.2148 4828.2402 80 119 56
98.9091 298.6667 4835.5557 81 120 58
102.9439 299.1199 4842.8936 81 120 57
106.6667 298.6667 4835.5557 83 122 60
110.3782 298.2148 4828.2402 88 126 66
114.7720 299.5745 4850.2534 87 125 66
118.4826 299.1199 4842.8936 89 126 68
122.3672 299.1199 4842.8936 91 128 69
126.2519 299.1199 4842.8936 90 129 67
130.3344 299.5745 4850.2534 100 133 71
134.0213 299.1199 4842.8936 134 157 98
138.1155 299.5745 4850.2534 141 163 111
142.0061 299.5745 4850.2534 140 162 110
145.4546 298.6667 4835.5557 153 171 118
37.8227 302.5817 4963.4009 103 140 71
41.8692 303.0530 4971.1318 103 140 71
45.7854 302.5817 4963.4009 106 142 76
49.6894 302.1118 4955.6938 141 175 129
53.5814 301.6434 4948.0103 141 177 141
57.3725 300.7110 4932.7153 132 171 135
61.2346 300.2469 4925.1030 125 167 129
65.2859 300.7110 4932.7153 117 160 120
69.0293 299.7843 4917.5142 106 150 104
72.8615 299.3231 4909.9487 94 141 88
76.5644 298.4049 4894.8877 94 138 85
80.1221 297.0382 4872.4683 96 138 85
83.7747 296.1339 4857.6357 91 131 75
87.2727 294.7879 4835.5557 76 117 57
91.0136 294.3419 4828.2402 73 113 52
95.0303 294.7879 4835.5557 77 117 55
99.0592 295.2352 4842.8936 80 120 58
102.9439 295.2352 4842.8936 80 120 57
106.6667 294.7879 4835.5557 81 122 59
110.5455 294.7879 4835.5557 88 127 65
114.7720 295.6839 4850.2534 85 125 63
118.4826 295.2352 4842.8936 85 125 65
122.3672 295.2352 4842.8936 89 126 68
126.4438 295.6839 4850.2534 90 128 68
130.5327 296.1339 4857.6357 97 132 71
134.2249 295.6839 4850.2534 117 146 87
138.3257 296.1339 4857.6357 148 168 119
142.4390 296.5854 4865.0410 144 164 116
145.8967 295.6839 4850.2534 142 163 113
150.7034 297.4924 4879.9185 147 167 118
41.8692 299.0654 4971.1318 104 141 74
45.7854 298.6003 4963.4009 104 140 73
49.6894 298.1367 4955.6938 134 170 120
53.6646 298.1367 4955.6938 144 179 143
57.4613 297.2137 4940.3511 135 173 137
61.2346 296.2963 4925.1030 127 167 129
65.2859 296.7543 4932.7153 120 162 122
69.1358 296.2963 4925.1030 109 152 108
72.8615 295.3846 4909.9487 97 142 92
76.5644 294.4785 4894.8877 95 139 87
80.2447 293.5780 4879.9185 96 137 86
83.9025 292.6830 4865.0410 91 132 79
87.4052 291.3506 4842.8936 88 130 74
91.1515 290.9091 4835.5557 84 125 69
95.0303 290.9091 4835.5557 82 123 67
99.0592 291.3506 4842.8936 81 121 61
103.1003 291.7933 4850.2534 80 121 59
106.6667 290.9091 4835.5557 81 122 59
110.5455 290.9091 4835.5557 86 127 62
114.9467 292.2375 4857.6357 84 124 62
118.6626 291.7933 4850.2534 84 124 64
122.5532 291.7933 4850.2534 87 126 67
126.6362 292.2375 4857.6357 89 127 68
130.7317 292.6830 4865.0410 94 130 70
134.4292 292.2375 4857.6357 106 138 77
138.5366 292.6830 4865.0410 162 175 115
142.4390 292.6830 4865.0410 193 194 127
146.5649 293.1298 4872.4683 193 192 124
150.9342 294.0276 4887.3916 194 193 137
42.0000 296.0000 4986.6670 105 141 74
45.9282 295.5382 4978.8872 104 139 73
50.0000 296.0000 4986.6670 127 162 109
53.9158 295.5382 4978.8872 146 180 144
57.5504 293.7054 4948.0103 136 174 139
61.4242 293.2508 4940.3511 128 168 131
65.3870 293.2508 4940.3511 121 163 123
69.2427 292.7975 4932.7153 111 154 110
72.9738 291.8952 4917.5142 99 145 95
76.6820 290.9985 4902.4067 93 139 87
80.3675 290.1072 4887.3916 92 136 83
84.0305 289.2214 4872.4683 87 131 78
87.5380 287.9027 4850.2534 86 129 73
91.1515 287.0303 4835.5557 84 126 69
95.0303 287.0303 4835.5557 82 124 68
99.0592 287.4659 4842.8936 81 122 63
103.1003 287.9027 4850.2534 80 120 58
106.8285 287.4659 4842.8936 81 122 59
110.7132 287.4659 4842.8936 85 125 62
114.9467 288.3409 4857.6357 84 124 62
118.6626 287.9027 4850.2534 83 124 63
122.5532 287.9027 4850.2534 86 125 66
126.6362 288.3409 4857.6357 88 127 69
130.7317 288.7805 4865.0410 91 129 71
134.6342 288.7805 4865.0410 99 134 74
138.5366 288.7805 4865.0410 122 148 83
142.4390 288.7805 4865.0410 168 180 104
146.5649 289.2214 4872.4683 196 194 127
150.9342 290.1072 4887.3916 200 194 137
155.0920 290.5522 4894.8877 172 177 125
54.0845 292.4570 4994.4707 149 181 144
57.7294 290.6376 4963.4009 137 175 139
61.6149 290.1864 4955.6938 128 168 131
65.5901 290.1864 4955.6938 121 163 123
69.4574 289.7365 4948.0103 112 156 112
73.0864 288.3951 4925.1030 101 147 98
76.8000 287.5077 4909.9487 94 140 87
80.4908 286.6258 4894.8877 92 137 84
84.1590 285.7493 4879.9185 88 132 78
87.6712 284.4445 4857.6357 86 129 74
91.2898 283.5812 4842.8936 85 127 71
95.0303 283.1515 4835.5557 83 124 67
99.0592 283.5812 4842.8936 82 122 64
103.1003 284.0122 4850.2534 78 118 55
106.8285 283.5812 4842.8936 80 121 57
110.7132 283.5812 4842.8936 84 124 62
114.9467 284.4445 4857.6357 85 126 62
118.8432 284.4445 4857.6357 83 124 62
122.7397 284.4445 4857.6357 85 125 64
126.8293 284.8781 4865.0410 88 127 69
130.9313 285.3130 4872.4683 92 130 71
134.6342 284.8781 4865.0410 96 133 73
138.5366 284.8781 4865.0410 106 139 77
142.4390 284.8781 4865.0410 131 148 84
146.5649 285.3130 4872.4683 190 186 128
150.7034 285.7493 4879.9185 199 195 138
154.8545 286.1869 4887.3916 178 179 126
57.9095 287.5507 4978.8872 139 177 140
61.8069 287.1028 4971.1318 129 169 132
65.7944 287.1028 4971.1318 121 163 123
69.6734 286.6563 4963.4009 115 158 117
73.3127 285.3251 4940.3511 104 149 101
76.9183 284.0062 4917.5142 96 141 88
80.6144 283.1337 4902.4067 93 138 86
84.2879 282.2665 4887.3916 89 133 79
87.8049 280.9756 4865.0410 88 130 74
91.2898 279.6965 4842.8936 88 128 73
95.1745 279.6965 4842.8936 84 124 70
99.2097 280.1216 4850.2534 82 122 64
103.1003 280.1216 4850.2534 79 118 57
106.9909 280.1216 4850.2534 79 120 57
110.8815 280.1216 4850.2534 83 123 60
114.9467 280.5480 4857.6357 88 126 63
118.8432 280.5480 4857.6357 84 123 62
122.7397 280.5480 4857.6357 85 124 64
126.8293 280.9756 4865.0410 88 126 67
130.9313 281.4046 4872.4683 91 128 70
134.6342 280.9756 4865.0410 95 132 72
138.3257 280.5480 4857.6357 102 136 75
142.2222 280.5480 4857.6357 125 148 87
146.3415 280.9756 4865.0410 180 185 129
150.4733 281.4046 4872.4683 191 193 136
154.3817 281.4046 4872.4683 197 193 137
58.0000 284.0000 4986.6670 141 176 142
62.0000 284.0000 4986.6670 131 171 135
66.0000 284.0000 4986.6670 122 164 125
69.8908 283.5570 4978.8872 118 160 119
73.5404 282.2361 4955.6938 107 151 104
76.9183 280.0616 4917.5142 96 143 89
80.7385 279.6308 4909.9487 92 139 86
84.4172 278.7730 4894.8877 89 134 81
87.9389 277.4962 4872.4683 88 131 75
91.4286 276.2310 4850.2534 86 128 73
95.1745 275.8119 4842.8936 83 125 69
99.2097 276.2310 4850.2534 81 123 66
103.2572 276.6515 4857.6357 81 122 61
106.9909 276.2310 4850.2534 74 115 52
110.8815 276.2310 4850.2534 77 118 54
115.1220 277.0732 4865.0410 84 124 60
118.8432 276.6515 4857.6357 82 123 60
122.7397 276.6515 4857.6357 83 123 63
126.6362 276.6515 4857.6357 86 125 66
130.7317 277.0732 4865.0410 90 128 70
134.6342 277.0732 4865.0410 94 131 72
138.3257 276.6515 4857.6357 97 134 74
142.4390 277.0732 4865.0410 108 140 81
146.3415 277.0732 4865.0410 126 150 100
150.4733 277.4962 4872.4683 129 148 100
154.3817 277.4962 4872.4683 138 152 101
158.2901 277.4962 4872.4683 150 159 104
62.0970 280.4382 4994.4707 134 174 137
70.1096 280.4382 4994.4707 119 162 123
73.7695 279.1277 4971.1318 109 153 108
77.1561 276.9706 4932.7153 96 143 91
80.8629 276.1171 4917.5142 93 139 86
84.5469 275.2688 4902.4067 90 135 81
88.0734 274.0061 4879.9185 86 131 75
91.5677 272.7549 4857.6357 85 128 72
95.3192 272.3405 4850.2534 82 126 68
99.2097 272.3405 4850.2534 80 124 66
103.2572 272.7549 4857.6357 80 124 66
107.1537 272.7549 4857.6357 75 117 55
111.0502 272.7549 4857.6357 71 112 46
115.1220 273.1708 4865.0410 82 123 57
119.0244 273.1708 4865.0410 83 122 59
122.9268 273.1708 4865.0410 82 121 60
126.8293 273.1708 4865.0410 85 125 66
130.9313 273.5878 4872.4683 88 127 68
134.6342 273.1708 4865.0410 92 130 71
138.3257 272.7549 4857.6357 97 133 73
142.6565 273.5878 4872.4683 107 137 78
146.7890 274.0061 4879.9185 131 152 96
151.1656 274.8466 4894.8877 138 157 100
154.8545 274.4258 4887.3916 140 159 108
159.0184 274.8466 4894.8877 129 151 104
74.0000 276.0000 4986.6670 109 155 109
77.3954 273.8605 4948.0103 98 145 94
80.9877 272.5926 4925.1030 94 139 86
84.6769 271.7539 4909.9487 91 135 81
88.2083 270.5054 4887.3916 87 131 77
91.8473 269.6794 4872.4683 85 130 74
95.4642 268.8585 4857.6357 84 127 71
99.3607 268.8585 4857.6357 82 125 68
103.2572 268.8585 4857.6357 82 123 66
107.1537 268.8585 4857.6357 78 116 54
111.0502 268.8585 4857.6357 75 113 48
115.1220 269.2683 4865.0410 84 122 60
119.0244 269.2683 4865.0410 86 124 65
122.9268 269.2683 4865.0410 84 123 65
126.8293 269.2683 4865.0410 84 124 67
130.9313 269.6794 4872.4683 88 127 69
134.6342 269.2683 4865.0410 92 129 72
138.3257 268.8585 4857.6357 97 132 71
142.6565 269.6794 4872.4683 101 131 68
146.5649 269.6794 4872.4683 144 145 84
150.9342 270.5054 4887.3916 155 142 81
154.8545 270.5054 4887.3916 141 138 80
159.0184 270.9203 4894.8877 145 161 108
162.6953 270.5054 4887.3916 131 151 103
74.1158 272.4257 4994.4707 111 155 110
77.6361 270.7310 4963.4009 100 146 96
81.1128 269.0572 4932.7153 93 140 87
84.8074 268.2281 4917.5142 89 136 83
88.4793 267.4040 4902.4067 85 132 78
91.9878 266.1774 4879.9185 85 130 74
95.6098 265.3659 4865.0410 86 128 72
99.3607 264.9619 4857.6357 83 125 65
103.4146 265.3659 4865.0410 81 122 62
107.1537 264.9619 4857.6357 79 118 54
111.2195 265.3659 4865.0410 78 117 53
115.2977 265.7710 4872.4683 84 124 63
119.0244 265.3659 4865.0410 86 126 67
123.1145 265.7710 4872.4683 84 123 65
126.8293 265.3659 4865.0410 84 124 67
130.9313 265.7710 4872.4683 87 126 70
134.6342 265.3659 4865.0410 91 129 73
138.3257 264.9619 4857.6357 95 130 71
142.6565 265.7710 4872.4683 98 129 65
146.7890 266.1774 4879.9185 149 158 99
150.9342 266.5850 4887.3916 185 168 109
154.6177 266.1774 4879.9185 170 147 86
158.7749 266.5850 4887.3916 136 139 81
162.4465 266.1774 4879.9185 148 168 117
170.0153 265.7710 4872.4683 165 174 121
173.6586 265.3659 4865.0410 203 199 146
177.5610 265.3659 4865.0410 207 202 149
77.8783 267.5819 4978.8872 101 148 97
81.2384 265.5109 4940.3511 95 141 89
84.9383 264.6914 4925.1030 92 137 84
88.4793 263.4716 4902.4067 88 132 79
92.1286 262.6646 4887.3916 86 130 74
95.6098 261.4634 4865.0410 84 128 72
99.3607 261.0655 4857.6357 82 125 67
103.4146 261.4634 4865.0410 83 124 66
107.3171 261.4634 4865.0410 81 124 64
111.2195 261.4634 4865.0410 81 122 60
115.2977 261.8626 4872.4683 84 124 65
119.2061 261.8626 4872.4683 86 127 67
123.1145 261.8626 4872.4683 84 124 64
126.8293 261.4634 4865.0410 84 125 67
130.9313 261.8626 4872.4683 87 126 71
134.6342 261.4634 4865.0410 90 128 71
138.5366 261.4634 4865.0410 92 130 70
142.8746 262.2630 4879.9185 94 128 67
146.7890 262.2630 4879.9185 124 143 81
151.1656 263.0675 4894.8877 185 178 117
154.8545 262.6646 4887.3916 190 174 115
159.0184 263.0675 4894.8877 156 146 89
162.6953 262.6646 4887.3916 138 151 94
166.3609 262.2630 4879.9185 154 174 123
170.2752 262.2630 4879.9185 137 157 108
173.6586 261.4634 4865.0410 150 163 112
81.6174 262.7683 4963.4009 95 142 91
85.0696 261.1438 4932.7153 92 139 86
88.6154 259.9385 4909.9487 90 134 81
92.2699 259.1411 4894.8877 88 131 77
95.7557 257.9542 4872.4683 85 129 74
99.5122 257.5610 4865.0410 84 126 69
103.4146 257.5610 4865.0410 82 125 69
107.3171 257.5610 4865.0410 82 125 68
111.2195 257.5610 4865.0410 79 121 59
115.2977 257.9542 4872.4683 83 123 62
119.2061 257.9542 4872.4683 88 128 67
123.1145 257.9542 4872.4683 85 125 65
127.0229 257.9542 4872.4683 85 125 67
131.1315 258.3486 4879.9185 86 126 69
134.8397 257.9542 4872.4683 89 128 70
138.5366 257.5610 4865.0410 92 129 71
143.0934 258.7443 4887.3916 94 131 70
147.0138 258.7443 4887.3916 108 135 74
151.3979 259.5392 4902.4067 163 162 101
154.8545 258.7443 4887.3916 189 174 114
159.0184 259.1411 4894.8877 185 172 113
162.4465 258.3486 4879.9185 145 140 82
166.1069 257.9542 4872.4683 142 156 97
635.9340 214.6887 4055.2310 150 186 144
81.8721 259.5944 4978.8872 97 144 93
85.3333 257.9845 4948.0103 93 140 87
88.8889 256.7901 4925.1030 90 136 85
92.4117 255.6068 4902.4067 88 132 81
95.9021 254.4342 4879.9185 85 130 77
99.5122 253.6586 4865.0410 82 125 68
103.4146 253.6586 4865.0410 79 121 62
107.3171 253.6586 4865.0410 81 123 64
111.2195 253.6586 4865.0410 78 119 57
115.4740 254.4342 4879.9185 83 123 61
119.3884 254.4342 4879.9185 87 127 67
123.1145 254.0458 4872.4683 86 127 67
127.2171 254.4342 4879.9185 84 125 67
131.3323 254.8239 4887.3916 86 126 69
135.0459 254.4342 4879.9185 88 128 71
138.7481 254.0458 4872.4683 90 129 71
143.0934 254.8239 4887.3916 93 130 71
147.2393 255.2147 4894.8877 99 133 74
151.3979 255.6068 4902.4067 135 151 90
154.8545 254.8239 4887.3916 183 177 116
158.7749 254.8239 4887.3916 194 181 115
162.1985 254.0458 4872.4683 179 162 93
635.9340 211.4358 4055.2310 146 183 142
634.3790 208.7829 4004.3499 142 179 142
634.4070 207.7403 3984.3530 140 177 140
641.6081 209.0452 4009.3804 140 176 140
643.2081 208.5213 3999.3318 140 176 140
644.8000 208.0000 3989.3335 142 178 142
643.9752 206.7081 3964.5549 146 179 144
645.5515 206.1958 3954.7295 151 182 150
647.1199 205.6860 3944.9526 157 186 156
651.0892 205.9406 3949.8352 164 191 162
82.0000 256.0000 4986.6670 100 147 95
85.4658 254.4100 4955.6938 94 141 87
89.0263 253.2303 4932.7153 91 137 87
92.5538 252.0616 4909.9487 88 134 82
96.0490 250.9035 4887.3916 86 131 78
99.6641 250.1374 4872.4683 84 128 74
103.4146 249.7561 4865.0410 83 128 72
107.3171 249.7561 4865.0410 84 127 71
111.3893 250.1374 4872.4683 83 125 68
115.4740 250.5199 4879.9185 84 125 68
119.3884 250.5199 4879.9185 86 126 68
123.3028 250.5199 4879.9185 88 127 67
127.2171 250.5199 4879.9185 84 125 66
131.3323 250.9035 4887.3916 85 126 69
135.0459 250.5199 4879.9185 88 127 70
138.9603 250.5199 4879.9185 89 128 71
143.3129 251.2884 4894.8877 92 130 72
147.4654 251.6744 4902.4067 95 132 72
151.8644 252.4499 4917.5142 108 138 77
155.3303 251.6744 4902.4067 148 163 91
159.5077 252.0616 4909.9487 186 188 97
634.3220 207.6553 4044.9514 144 181 142
632.7548 206.0881 4014.4236 144 180 141
634.3790 205.5709 4004.3499 142 179 141
635.2000 204.8000 3989.3335 142 179 142
640.0001 205.3133 3999.3318 142 178 141
640.0001 204.2893 3979.3850 145 179 144
641.5921 203.7811 3969.4861 150 183 149
642.3792 203.0236 3954.7295 160 189 157
644.7525 202.7723 3949.8352 169 195 166
647.1199 202.5216 3944.9526 172 197 167
650.2843 202.5216 3944.9526 172 196 165
82.1283 252.3944 4994.4707 103 149 98
85.5988 250.8243 4963.4009 96 143 91
89.3023 250.0465 4948.0103 92 138 89
92.5538 248.1231 4909.9487 89 135 83
96.1963 247.3620 4894.8877 87 133 78
99.8165 246.6055 4879.9185 86 131 77
103.5725 246.2290 4872.4683 86 129 76
107.4809 246.2290 4872.4683 85 128 75
111.3893 246.2290 4872.4683 85 128 73
115.4740 246.6055 4879.9185 84 126 70
119.5712 246.9832 4887.3916 86 126 68
123.4916 246.9832 4887.3916 90 128 67
127.4120 246.9832 4887.3916 85 125 65
131.5338 247.3620 4894.8877 84 125 67
135.2527 246.9832 4887.3916 87 127 69
139.1731 246.9832 4887.3916 89 128 70
143.5330 247.7420 4902.4067 91 129 72
147.6923 248.1231 4909.9487 96 131 74
151.8644 248.5054 4917.5142 100 135 75
634.3220 204.4106 4044.9514 145 181 141
633.5517 203.1234 4019.4795 146 180 141
635.9749 202.8679 4014.4236 148 181 144
636.7921 202.1053 3999.3318 151 183 146
639.1990 201.8523 3994.3264 153 184 149
638.4080 200.5970 3969.4861 160 189 156
640.7950 200.3478 3964.5549 169 196 165
641.5842 199.6040 3949.8352 173 198 168
643.9555 199.3572 3944.9526 171 196 165
647.1199 199.3572 3944.9526 168 194 160
649.4815 199.1111 3940.0825 166 194 158
85.8658 247.6131 4978.8872 96 144 92
89.5801 246.8429 4963.4009 92 140 89
92.6965 244.5609 4917.5142 90 136 85
96.3441 243.8095 4902.4067 88 134 82
99.8165 242.6911 4879.9185 86 131 77
103.5725 242.3206 4872.4683 86 129 76
107.4809 242.3206 4872.4683 86 129 76
111.5596 242.6911 4879.9185 86 129 74
115.6508 243.0628 4887.3916 86 127 72
119.7546 243.4356 4894.8877 86 126 70
123.4916 243.0628 4887.3916 89 128 69
127.4120 243.0628 4887.3916 87 127 67
131.5338 243.4356 4894.8877 85 125 68
135.4601 243.4356 4894.8877 86 126 69
139.3865 243.4356 4894.8877 88 128 70
143.5330 243.8095 4902.4067 91 130 71
147.6923 244.1846 4909.9487 95 132 72
151.8644 244.5609 4917.5142 98 134 74
634.3220 201.1660 4044.9514 149 183 144
634.3506 200.1513 4024.5483 153 185 148
635.9749 199.6478 4014.4236 159 189 154
636.7921 198.8973 3999.3318 166 194 161
638.4001 198.4000 3989.3335 171 197 166
637.6149 197.1677 3964.5549 173 198 168
639.2070 196.6791 3954.7295 171 198 165
640.7911 196.1928 3944.9526 169 195 160
643.9555 196.1928 3944.9526 170 195 156
646.3210 195.9506 3940.0825 167 195 151
649.4815 195.9506 3940.0825 151 185 133
90.0000 244.0000 4986.6670 93 142 90
96.4923 240.2462 4909.9487 89 135 85
100.1227 239.5092 4894.8877 88 133 80
103.7309 238.7768 4879.9185 87 130 77
107.6453 238.7768 4879.9185 86 129 76
111.7305 239.1424 4887.3916 87 129 76
115.8282 239.5092 4894.8877 86 128 73
119.7546 239.5092 4894.8877 85 126 70
123.6810 239.5092 4894.8877 87 128 69
127.6074 239.5092 4894.8877 88 128 68
131.7358 239.8771 4902.4067 86 125 67
135.6682 239.8771 4902.4067 86 125 69
139.6006 239.8771 4902.4067 88 127 71
143.7538 240.2462 4909.9487 90 128 71
147.9199 240.6163 4917.5142 92 131 74
152.0988 240.9877 4925.1030 96 134 74
632.7181 197.4210 4034.7241 161 190 155
633.5517 196.6751 4019.4795 169 196 163
635.9749 196.4277 4014.4236 173 199 168
636.7921 195.6892 3999.3318 172 198 167
638.4001 195.2000 3989.3335 170 195 162
637.6149 193.9876 3964.5549 171 192 146
639.2070 193.5068 3954.7295 180 203 146
640.7911 193.0284 3944.9526 183 206 146
643.9555 193.0284 3944.9526 176 202 141
646.3210 192.7901 3940.0825 145 180 119
649.4815 192.7901 3940.0825 121 158 98
93.5614 238.8803 4963.4009 92 139 90
96.6410 236.6718 4917.5142 90 137 86
100.2765 235.9447 4902.4067 88 134 82
103.8897 235.2221 4887.3916 88 131 80
107.8101 235.2221 4887.3916 86 130 77
111.7305 235.2221 4887.3916 87 130 76
116.0062 235.9447 4902.4067 86 128 74
119.9386 235.9447 4902.4067 85 126 69
123.8710 235.9447 4902.4067 86 127 68
128.0000 236.3077 4909.9487 89 128 67
131.9385 236.3077 4909.9487 86 125 65
135.8769 236.3077 4909.9487 85 125 66
140.0308 236.6718 4917.5142 86 126 70
144.1975 237.0371 4925.1030 89 127 70
148.1481 237.0371 4925.1030 92 130 72
152.3339 237.4034 4932.7153 96 133 73
627.0380 194.4304 4039.8313 162 190 154
629.4817 194.1846 4034.7241 169 196 163
631.9193 193.9394 4029.6296 173 199 167
633.5517 193.4509 4019.4795 172 198 166
635.1759 192.9648 4009.3804 167 194 163
636.7921 192.4812 3999.3318 165 193 158
638.4001 192.0000 3989.3335 174 199 155
638.4080 191.0448 3969.4861 182 203 134
640.0001 190.5707 3959.6362 170 193 105
641.5842 190.0990 3949.8352 151 181 103
644.7525 190.0990 3949.8352 127 162 97
646.3210 189.6297 3940.0825 106 146 85
649.4815 189.6297 3940.0825 97 136 77
93.8534 235.6318 4978.8872 94 139 90
96.9397 233.4467 4932.7153 92 137 86
100.4308 232.3692 4909.9487 90 135 82
104.0491 231.6565 4894.8877 90 133 81
107.9755 231.6565 4894.8877 89 130 78
111.9018 231.6565 4894.8877 88 130 77
116.0062 232.0123 4902.4067 87 129 74
120.1231 232.3692 4909.9487 85 126 69
124.0615 232.3692 4909.9487 84 126 66
128.0000 232.3692 4909.9487 89 129 69
132.1418 232.7273 4917.5142 86 125 66
136.0863 232.7273 4917.5142 84 125 67
140.2469 233.0864 4925.1030 85 126 68
144.4204 233.4467 4932.7153 88 127 70
148.1481 233.0864 4925.1030 90 129 70
152.3339 233.4467 4932.7153 94 131 72
623.7151 192.1629 4060.3904 160 190 151
623.0089 190.9482 4034.7241 170 196 161
624.6659 190.4666 4024.5483 175 200 167
627.8941 190.4666 4024.5483 174 199 168
630.3275 190.2267 4019.4795 169 195 163
632.7548 189.9874 4014.4236 164 192 155
634.3790 189.5107 4004.3499 159 190 148
635.9951 189.0363 3994.3264 161 193 140
636.8080 188.3292 3979.3850 163 194 134
637.6149 187.6273 3964.5549 138 172 106
639.2070 187.1623 3954.7295 114 150 78
641.5842 186.9307 3949.8352 102 140 70
643.9555 186.6996 3944.9526 94 134 67
646.3210 186.4692 3940.0825 89 128 64
649.4815 186.4692 3940.0825 85 122 59
94.0000 232.0000 4986.6670 94 141 91
100.5855 228.7827 4917.5142 91 135 84
104.2089 228.0799 4902.4067 90 133 80
108.1413 228.0799 4902.4067 88 131 78
112.0737 228.0799 4902.4067 87 130 76
116.1846 228.4308 4909.9487 87 130 75
120.3082 228.7827 4917.5142 85 127 72
124.2527 228.7827 4917.5142 84 126 67
128.1972 228.7827 4917.5142 89 130 69
132.3457 229.1358 4925.1030 86 126 67
136.0863 228.7827 4917.5142 84 126 67
140.4637 229.4900 4932.7153 85 125 67
144.6440 229.8452 4940.3511 87 126 69
148.3771 229.4900 4932.7153 89 128 70
152.5697 229.8452 4940.3511 93 130 72
622.9225 188.6658 4055.2310 174 201 167
622.2222 187.4747 4029.6296 175 202 170
624.6659 187.2383 4024.5483 170 197 163
627.1033 187.0025 4019.4795 163 194 157
629.5346 186.7673 4014.4236 159 190 148
631.9598 186.5327 4009.3804 154 187 137
634.3790 186.2986 4004.3499 140 178 120
635.2000 185.6000 3989.3335 125 167 105
635.2239 184.6766 3969.4861 115 156 95
636.8239 184.2184 3959.6362 101 142 77
639.2070 183.9901 3954.7295 91 131 63
640.7911 183.5352 3944.9526 87 124 59
643.1606 183.3087 3940.0825 85 121 58
646.3210 183.3087 3940.0825 84 118 56
649.4815 183.3087 3940.0825 84 117 53
98.0000 228.0000 4986.6670 93 140 89
100.8965 225.5332 4932.7153 93 137 85
104.3692 224.4923 4909.9487 91 135 82
108.1413 224.1475 4902.4067 87 132 79
112.2462 224.4923 4909.9487 85 130 77
116.3636 224.8382 4917.5142 87 130 77
120.3082 224.8382 4917.5142 86 128 73
124.2527 224.8382 4917.5142 84 127 68
128.3951 225.1852 4925.1030 88 129 68
132.3457 225.1852 4925.1030 87 126 67
136.2963 225.1852 4925.1030 84 125 66
140.6811 225.8824 4940.3511 85 124 66
144.8682 226.2326 4948.0103 86 125 67
148.6068 225.8824 4940.3511 88 127 70
152.8062 226.2326 4948.0103 91 129 72
622.9225 185.4130 4055.2310 176 201 167
623.0089 184.4754 4034.7241 168 196 160
624.6659 184.0101 4024.5483 162 193 151
627.1033 183.7784 4019.4795 154 190 136
629.5346 183.5472 4014.4236 140 181 120
631.9598 183.3166 4009.3804 123 165 105
635.1759 183.3166 4009.3804 111 154 95
635.2000 182.4000 3989.3335 98 141 83
635.2239 181.4926 3969.4861 89 130 68
636.8239 181.0422 3959.6362 85 125 60
638.4159 180.5941 3949.8352 83 120 56
640.7911 180.3708 3944.9526 83 118 53
643.1606 180.1482 3940.0825 85 116 52
101.3665 222.6087 4955.6938 92 138 86
104.5301 220.8937 4917.5142 91 135 82
108.3077 220.5538 4909.9487 88 132 79
112.4191 220.8937 4917.5142 86 130 77
116.3636 220.8937 4917.5142 88 131 77
120.4938 221.2346 4925.1030 86 128 75
124.4445 221.2346 4925.1030 84 126 70
128.5935 221.5765 4932.7153 87 127 68
132.5502 221.5765 4932.7153 88 127 68
136.2963 221.2346 4925.1030 84 124 66
140.8992 222.2636 4948.0103 84 124 67
145.0932 222.6087 4955.6938 84 125 68
148.8372 222.2636 4948.0103 86 127 70
153.0435 222.6087 4955.6938 90 128 71
613.9440 182.3919 4060.3904 174 200 162
616.4168 182.1601 4055.2310 176 201 163
618.0989 181.6984 4044.9514 175 201 163
621.3435 181.6984 4044.9514 172 200 155
622.2222 181.0101 4029.6296 163 195 142
624.6659 180.7819 4024.5483 145 184 122
627.1033 180.5542 4019.4795 124 166 105
628.7438 180.1005 4009.3804 110 153 95
632.7548 180.3271 4014.4236 100 141 83
635.1759 180.1005 4009.3804 90 131 71
635.9951 179.4243 3994.3264 84 124 63
635.2239 178.3085 3969.4861 82 118 56
636.8239 177.8660 3959.6362 82 116 53
638.4159 177.4258 3949.8352 83 115 51
101.6822 219.3147 4971.1318 92 138 87
104.8532 217.6198 4932.7153 91 135 84
108.4746 216.9492 4917.5142 90 132 80
112.5926 217.2840 4925.1030 87 130 77
116.5432 217.2840 4925.1030 87 131 76
120.6801 217.6198 4932.7153 86 129 75
124.6368 217.6198 4932.7153 85 126 70
128.7926 217.9567 4940.3511 86 126 67
132.7554 217.9567 4940.3511 89 128 68
136.5070 217.6198 4932.7153 85 124 65
140.8992 218.2946 4948.0103 84 124 66
145.0932 218.6336 4955.6938 86 125 67
148.8372 218.2946 4948.0103 86 126 68
153.0435 218.6336 4955.6938 88 127 69
586.3226 181.6774 4118.0215 155 188 143
606.6582 178.9073 4055.2310 174 200 163
607.5950 178.2279 4039.8313 175 198 158
610.0632 178.0025 4034.7241 176 198 146
612.5253 177.7778 4029.6296 181 205 147
615.7576 177.7778 4029.6296 180 205 143
619.7725 178.0025 4034.7241 162 193 128
621.4376 177.5536 4024.5483 133 171 106
624.6659 177.5536 4024.5483 112 154 92
626.3145 177.1069 4014.4236 101 142 82
628.7438 176.8844 4009.3804 91 132 72
631.9598 176.8844 4009.3804 87 126 65
634.3790 176.6625 4004.3499 85 121 61
635.2000 176.0000 3989.3335 83 117 57
634.4348 174.9068 3964.5549 84 115 54
636.8239 174.6898 3959.6362 86 115 56
102.0000 216.0000 4986.6670 92 139 88
105.1783 214.3256 4948.0103 91 137 85
108.6420 213.3333 4925.1030 89 134 81
112.5926 213.3333 4925.1030 87 131 78
116.7234 213.6631 4932.7153 86 130 76
120.6801 213.6631 4932.7153 86 130 76
124.6368 213.6631 4932.7153 85 127 71
128.9922 214.3256 4948.0103 84 126 66
132.9612 214.3256 4948.0103 88 128 68
136.7183 213.9938 4940.3511 85 124 65
141.1180 214.6584 4955.6938 84 123 65
145.3188 214.9922 4963.4009 85 123 64
148.8372 214.3256 4948.0103 86 125 65
153.2815 214.9922 4963.4009 87 127 66
584.5278 178.8357 4128.6763 156 188 144
584.8134 177.9151 4107.4219 159 191 146
587.3522 177.6864 4102.1426 159 192 147
590.6427 177.6864 4102.1426 160 192 150
591.6517 177.0039 4086.3850 166 195 153
605.1204 175.2091 4044.9514 173 199 157
606.8268 174.7661 4034.7241 180 204 149
609.2930 174.5455 4029.6296 174 196 110
611.7529 174.3254 4024.5483 161 186 95
614.9811 174.3254 4024.5483 136 167 85
618.9899 174.5455 4029.6296 114 153 84
621.4376 174.3254 4024.5483 102 143 82
623.8792 174.1058 4019.4795 93 133 73
626.3145 173.8868 4014.4236 89 125 64
628.7438 173.6684 4009.3804 87 124 61
632.7548 173.8868 4014.4236 87 123 61
635.1759 173.6684 4009.3804 88 120 60
636.7921 173.2331 3999.3318 88 119 60
636.0150 172.1544 3974.4294 94 122 62
105.3416 210.6833 4955.6938 92 138 86
108.8099 209.7063 4932.7153 90 134 82
112.7666 209.7063 4932.7153 89 132 79
116.9040 210.0310 4940.3511 87 130 77
120.8669 210.0310 4940.3511 87 129 76
124.8297 210.0310 4940.3511 85 127 71
128.9922 210.3566 4948.0103 83 126 66
133.1677 210.6833 4955.6938 86 127 66
136.9302 210.3566 4948.0103 85 124 64
141.1180 210.6833 4955.6938 83 123 64
145.3188 211.0109 4963.4009 83 124 63
149.0683 210.6833 4955.6938 84 124 64
153.2815 211.0109 4963.4009 86 126 66
584.5278 175.5239 4128.6763 159 191 146
584.8134 174.6203 4107.4219 162 193 150
587.3522 174.3959 4102.1426 167 196 156
590.6427 174.3959 4102.1426 171 199 161
592.4103 173.9487 4091.6240 173 199 162
604.3545 171.7468 4039.8313 168 200 147
606.0606 171.3131 4029.6296 155 190 126
609.2930 171.3131 4029.6296 120 157 82
611.7529 171.0971 4024.5483 105 143 65
614.2065 170.8816 4019.4795 96 134 62
618.2094 171.0971 4024.5483 91 130 62
620.6550 170.8816 4019.4795 90 126 63
623.8792 170.8816 4019.4795 90 124 64
626.3145 170.6667 4014.4236 92 124 65
628.7438 170.4523 4009.3804 94 124 68
632.7548 170.6667 4014.4236 95 125 70
635.1759 170.4523 4009.3804 97 124 70
635.9951 169.8123 3994.3264 106 129 74
105.6698 207.3520 4971.1318 92 139 86
108.9783 206.0681 4940.3511 90 135 83
112.9412 206.0681 4940.3511 88 132 79
117.0853 206.3876 4948.0103 86 130 75
121.0543 206.3876 4948.0103 87 129 75
125.0233 206.3876 4948.0103 87 127 73
129.1926 206.7081 4955.6938 83 126 68
133.3748 207.0296 4963.4009 85 126 66
137.1429 206.7081 4955.6938 86 126 65
141.3375 207.0296 4963.4009 82 123 61
145.7722 207.6755 4978.8872 82 124 61
149.3002 207.0296 4963.4009 83 124 64
153.5202 207.3520 4971.1318 85 125 65
156.7752 206.3876 4948.0103 88 127 66
577.1577 171.9897 4123.3423 158 190 146
581.2161 172.2122 4128.6763 161 192 150
583.0194 171.7677 4118.0215 166 196 154
584.0618 171.1054 4102.1426 172 200 159
586.5982 170.8858 4096.8765 175 201 162
589.8845 170.8858 4096.8765 173 199 162
592.4103 170.6667 4091.6240 172 199 160
603.5905 168.2933 4034.7241 138 179 116
606.0606 168.0808 4029.6296 113 155 91
609.2930 168.0808 4029.6296 95 136 67
611.7529 167.8689 4024.5483 89 128 61
614.2065 167.6574 4019.4795 88 123 60
618.2094 167.8689 4024.5483 91 123 63
620.6550 167.6574 4019.4795 94 124 67
623.0944 167.4465 4014.4236 97 126 70
626.3145 167.4465 4014.4236 98 126 72
628.7438 167.2362 4009.3804 100 127 72
632.7548 167.4465 4014.4236 107 131 77
635.1759 167.2362 4009.3804 130 146 95
106.1659 204.3193 4994.4707 91 139 87
109.3168 202.7329 4955.6938 90 135 83
113.1163 202.4186 4948.0103 88 132 78
117.2671 202.7329 4955.6938 86 130 75
121.2422 202.7329 4955.6938 86 129 74
125.2174 202.7329 4955.6938 85 128 73
129.3935 203.0482 4963.4009 83 126 69
133.5826 203.3645 4971.1318 84 125 65
137.5701 203.3645 4971.1318 88 127 66
141.7785 203.6818 4978.8872 83 123 62
146.0000 204.0000 4986.6670 82 123 61
149.5327 203.3645 4971.1318 82 123 62
153.7598 203.6818 4978.8872 82 123 63
157.2628 203.0482 4963.4009 85 126 64
161.4953 203.3645 4971.1318 89 128 66
169.7348 203.6818 4978.8872 99 135 70
571.2808 168.9004 4128.6763 158 192 146
573.1097 168.4645 4118.0215 160 193 147
577.1577 168.6822 4123.3423 164 195 154
581.2161 168.9004 4128.6763 169 198 160
583.0194 168.4645 4118.0215 172 199 159
584.8134 168.0309 4107.4219 174 200 162
587.3522 167.8149 4102.1426 173 199 162
590.6427 167.8149 4102.1426 173 199 160
593.1708 167.5995 4096.8765 172 198 157
595.6923 167.3846 4091.6240 167 196 149
598.2075 167.1703 4086.3850 160 194 141
601.4853 167.1703 4086.3850 149 189 128
604.3545 165.2658 4039.8313 105 147 87
606.8268 165.0569 4034.7241 93 134 69
609.2930 164.8485 4029.6296 89 128 63
611.7529 164.6406 4024.5483 92 127 66
614.2065 164.4333 4019.4795 95 127 69
618.2094 164.6406 4024.5483 97 127 71
620.6550 164.4333 4019.4795 98 127 72
623.8792 164.4333 4019.4795 101 127 71
627.1033 164.4333 4019.4795 107 130 76
629.5346 164.2264 4014.4236 128 145 91
109.4868 199.0669 4963.4009 90 135 83
113.2919 198.7578 4955.6938 88 133 79
117.2671 198.7578 4955.6938 87 130 76
121.4308 199.0669 4963.4009 86 129 74
125.4121 199.0669 4963.4009 85 129 73
129.5950 199.3770 4971.1318 83 127 69
133.7910 199.6880 4978.8872 83 125 65
137.7847 199.6880 4978.8872 88 127 66
142.0000 200.0000 4986.6670 84 124 62
146.2285 200.3130 4994.4707 82 123 61
149.7660 199.6880 4978.8872 81 122 61
154.0000 200.0000 4986.6670 82 123 62
157.7535 199.6880 4978.8872 84 125 63
161.7473 199.6880 4978.8872 87 127 64
166.2598 200.3130 4994.4707 91 130 65
169.4704 199.3770 4971.1318 96 131 65
569.8065 165.1613 4118.0215 164 194 152
572.3712 164.9485 4112.7148 170 199 158
576.4129 165.1613 4118.0215 172 200 160
579.7161 165.1613 4118.0215 172 198 159
582.2681 164.9485 4112.7148 173 200 160
584.0618 164.5244 4102.1426 174 199 160
587.3522 164.5244 4102.1426 176 201 160
591.4029 164.7362 4107.4219 175 201 154
593.9332 164.5244 4102.1426 171 200 146
596.4570 164.3132 4096.8765 159 195 133
599.7433 164.3132 4096.8765 140 181 115
602.2564 164.1026 4091.6240 122 164 103
603.9898 163.6829 4081.1594 107 149 91
602.8283 161.6162 4029.6296 90 128 66
605.2964 161.4124 4024.5483 91 125 65
608.5247 161.4124 4024.5483 96 128 70
610.2139 161.0063 4014.4236 98 128 72
611.8947 160.6023 4004.3499 99 128 73
617.4307 161.2091 4019.4795 100 128 76
619.8743 161.0063 4014.4236 102 129 77
623.0944 161.0063 4014.4236 117 137 83
109.8284 195.6942 4978.8872 89 136 84
113.2919 194.7826 4955.6938 86 133 80
117.4495 195.0855 4963.4009 85 131 77
121.6199 195.3894 4971.1318 85 129 75
125.6075 195.3894 4971.1318 85 129 74
129.7972 195.6942 4978.8872 83 127 70
133.7910 195.6942 4978.8872 82 125 64
137.7847 195.6942 4978.8872 86 127 64
142.2222 196.3067 4994.4707 84 124 62
146.2285 196.3067 4994.4707 82 123 60
150.0000 196.0000 4986.6670 81 122 61
154.0000 196.0000 4986.6670 81 122 62
158.0000 196.0000 4986.6670 83 123 62
162.0000 196.0000 4986.6670 87 126 63
165.7410 195.6942 4978.8872 89 128 64
169.2068 195.0855 4963.4009 91 130 63
566.8572 162.9091 4144.7622 162 194 149
570.9233 163.1209 4150.1519 169 198 157
572.0208 162.4871 4134.0244 171 199 161
573.8502 162.0672 4123.3423 172 199 159
577.1577 162.0672 4123.3423 172 199 161
580.4651 162.0672 4123.3423 173 199 161
583.0194 161.8581 4118.0215 179 202 158
584.8134 161.4415 4107.4219 188 208 153
588.8660 161.6495 4112.7148 187 207 144
592.9291 161.8581 4118.0215 177 202 133
595.4639 161.6495 4112.7148 156 188 118
597.9923 161.4415 4107.4219 128 166 102
600.5142 161.2339 4102.1426 108 149 88
603.8047 161.2339 4102.1426 97 138 77
606.3158 161.0270 4096.8765 90 129 69
608.0410 160.6146 4086.3850 87 124 63
606.8268 158.5841 4034.7241 97 126 70
609.2930 158.3839 4029.6296 97 128 72
610.9824 157.9849 4019.4795 97 128 73
613.4340 157.7862 4014.4236 102 129 76
110.1721 192.3005 4994.4707 90 137 83
113.4681 191.1042 4963.4009 88 133 80
117.4495 191.1042 4963.4009 85 131 76
121.6199 191.4019 4971.1318 84 129 74
125.6075 191.4019 4971.1318 85 130 73
129.7972 191.7005 4978.8872 84 128 70
134.0000 192.0000 4986.6670 82 126 63
138.0000 192.0000 4986.6670 84 127 63
142.2222 192.3005 4994.4707 84 125 61
150.0000 192.0000 4986.6670 81 123 60
154.0000 192.0000 4986.6670 81 122 60
158.0000 192.0000 4986.6670 82 123 60
162.2535 192.3005 4994.4707 84 126 63
166.2598 192.3005 4994.4707 86 127 63
169.7348 191.7005 4978.8872 88 128 64
569.8173 160.4178 4166.4058 169 198 157
571.6667 160.0000 4155.5557 172 199 161
573.5066 159.5844 4144.7622 172 198 162
575.3369 159.1710 4134.0244 173 199 160
578.6529 159.1710 4134.0244 173 199 160
581.2161 158.9651 4128.6763 175 202 158
583.7727 158.7597 4123.3423 184 207 146
585.5670 158.3505 4112.7148 173 194 109
589.6258 158.5548 4118.0215 149 174 84
594.4631 158.9651 4128.6763 123 156 71
597.0027 158.7597 4123.3423 104 142 68
598.7629 158.3505 4112.7148 95 135 69
602.0619 158.3505 4112.7148 89 129 67
604.5818 158.1467 4107.4219 87 125 65
606.3158 157.7407 4096.8765 90 125 67
608.8206 157.5385 4091.6240 94 125 69
607.5950 155.5443 4039.8313 98 126 71
610.0632 155.3477 4034.7241 101 128 72
611.7529 154.9559 4024.5483 106 131 76
113.6449 187.4143 4971.1318 88 134 81
117.6324 187.4143 4971.1318 87 131 78
121.6199 187.4143 4971.1318 86 130 75
125.8034 187.7067 4978.8872 86 130 74
129.7972 187.7067 4978.8872 84 129 72
134.0000 188.0000 4986.6670 83 126 67
138.0000 188.0000 4986.6670 84 127 63
142.2222 188.2942 4994.4707 86 127 63
150.0000 188.0000 4986.6670 82 123 61
154.0000 188.0000 4986.6670 82 123 60
157.7535 187.7067 4978.8872 81 124 62
162.0000 188.0000 4986.6670 84 125 63
166.2598 188.2942 4994.4707 86 127 63
170.0000 188.0000 4986.6670 89 127 65
566.4465 158.9432 4215.9404 166 197 154
568.3268 158.5244 4204.8311 167 196 155
569.4489 157.9003 4188.2764 169 197 156
569.8173 157.0757 4166.4058 172 200 160
571.6667 156.6667 4155.5557 173 200 163
573.5066 156.2598 4144.7622 172 198 161
575.3369 155.8549 4134.0244 170 198 156
578.6529 155.8549 4134.0244 167 197 150
581.2161 155.6533 4128.6763 166 199 138
583.7727 155.4522 4123.3423 148 183 112
586.3226 155.2516 4118.0215 112 148 71
591.1514 155.6533 4128.6763 95 133 54
595.2332 155.8549 4134.0244 91 128 55
597.7750 155.6533 4128.6763 88 125 57
599.5355 155.2516 4118.0215 88 124 60
602.0619 155.0515 4112.7148 89 124 64
604.5818 154.8520 4107.4219 91 125 67
606.3158 154.4544 4096.8765 94 125 71
608.8206 154.2564 4091.6240 95 125 70
607.5950 152.3038 4039.8313 109 133 77
114.0000 184.0000 4986.6670 89 136 82
117.6324 183.4268 4971.1318 87 133 78
121.8097 183.7130 4978.8872 86 131 76
125.8034 183.7130 4978.8872 86 131 73
130.0000 184.0000 4986.6670 85 130 72
134.0000 184.0000 4986.6670 83 128 67
138.0000 184.0000 4986.6670 82 127 64
142.2222 184.2880 4994.4707 86 129 65
150.2348 184.2880 4994.4707 81 123 60
154.2410 184.2880 4994.4707 81 123 61
158.2473 184.2880 4994.4707 81 122 61
162.2535 184.2880 4994.4707 83 123 64
170.0000 184.0000 4986.6670 88 127 64
564.9539 155.1515 4204.8311 168 197 157
566.8332 154.7438 4193.7803 169 197 158
568.7025 154.3381 4182.7871 173 199 160
570.5621 153.9346 4171.8521 173 200 161
570.9233 153.1340 4150.1519 171 199 158
572.7627 152.7367 4139.3862 164 195 148
573.8502 152.1447 4123.3423 155 192 136
577.9043 152.3415 4128.6763 146 187 123
578.9691 151.7526 4112.7148 128 171 106
581.5187 151.5573 4107.4219 107 149 86
584.8134 151.5573 4107.4219 93 134 69
589.6258 151.9484 4118.0215 87 124 59
593.6951 152.1447 4123.3423 86 121 56
596.2323 151.9484 4118.0215 88 122 60
114.0000 180.0000 4986.6670 89 137 83
117.6324 179.4393 4971.1318 88 134 80
121.8097 179.7192 4978.8872 85 132 77
126.0000 180.0000 4986.6670 85 132 76
130.0000 180.0000 4986.6670 85 131 74
134.2097 180.2817 4994.4707 83 129 69
138.2160 180.2817 4994.4707 81 128 64
174.2723 180.2817 4994.4707 88 128 64
555.5673 151.9789 4210.3784 166 197 156
559.6830 152.1797 4215.9404 164 195 154
561.5811 151.7787 4204.8311 167 196 155
563.4692 151.3798 4193.7803 170 198 158
567.9690 149.0298 4128.6763 162 195 139
570.5427 148.8372 4123.3423 147 187 123
572.3712 148.4536 4112.7148 129 173 106
574.9293 148.2626 4107.4219 112 156 94
576.7394 147.8819 4096.8765 99 142 84
578.5403 147.5032 4086.3850 92 133 76
581.0742 147.3146 4081.1594 87 125 66
583.6016 147.1264 4075.9473 87 123 62
114.1784 176.2755 4994.4707 90 138 84
117.8159 175.7254 4978.8872 89 135 80
121.8097 175.7254 4978.8872 89 133 78
126.0000 176.0000 4986.6670 87 132 77
130.0000 176.0000 4986.6670 86 132 76
134.2097 176.2755 4994.4707 85 130 72
138.2160 176.2755 4994.4707 83 128 66
554.8353 148.4058 4204.8311 164 195 155
558.2083 148.4058 4204.8311 167 196 157
560.1052 148.0158 4193.7803 171 199 157
561.9921 147.6278 4182.7871 172 199 152
562.0726 145.9068 4134.0244 163 196 130
565.3887 145.9068 4134.0244 154 193 123
567.2352 145.5297 4123.3423 135 179 109
570.5427 145.5297 4123.3423 117 161 99
571.6345 144.9678 4107.4219 104 146 90
574.9293 144.9678 4107.4219 95 135 81
576.0000 144.4103 4091.6240 90 128 70
577.0626 143.8570 4075.9473 89 124 65
578.8535 143.4905 4065.5627 85 120 60
582.1147 143.4905 4065.5627 87 119 59
118.0000 172.0000 4986.6670 89 137 82
122.0000 172.0000 4986.6670 89 135 79
126.1972 172.2692 4994.4707 88 132 76
130.2034 172.2692 4994.4707 88 133 76
556.3012 145.4161 4215.9404 169 198 158
558.9446 145.2243 4210.3784 173 201 158
560.8422 144.8421 4199.2983 179 204 155
562.7297 144.4619 4188.2764 180 205 145
563.5325 142.9611 4144.7622 153 189 115
566.1219 142.7756 4139.3862 124 166 96
567.2352 142.2222 4123.3423 105 149 87
570.5427 142.2222 4123.3423 100 142 87
571.6345 141.6731 4107.4219 96 134 82
574.1903 141.4910 4102.1426 93 130 76
118.1847 168.2629 4994.4707 90 138 83
122.1909 168.2629 4994.4707 88 135 80
126.1972 168.2629 4994.4707 88 133 77
555.5673 141.8470 4210.3784 174 203 156
558.2083 141.6601 4204.8311 183 208 149
560.8422 141.4737 4199.2983 188 208 136
563.4692 141.2878 4193.7803 175 197 120
563.5325 139.6364 4144.7622 109 149 77
566.8572 139.6364 4144.7622 97 137 74
565.7733 138.5567 4112.7148 92 132 74
569.0722 138.5567 4112.7148 90 130 73
570.8998 138.2005 4102.1426 90 127 71
573.4532 138.0231 4096.8765 94 125 70
555.5673 138.4697 4210.3784 173 204 140
558.2083 138.2872 4204.8311 165 196 116
560.8422 138.1053 4199.2983 139 167 79
563.4692 137.9238 4193.7803 110 144 61
565.0001 136.6667 4155.5557 89 128 61
566.8572 136.3117 4144.7622 87 123 62
566.5032 135.4323 4118.0215 87 122 63
569.0722 135.2577 4112.7148 88 121 63
570.8998 134.9100 4102.1426 89 121 62
573.4532 134.7368 4096.8765 90 120 62
554.8353 134.9144 4204.8311 136 179 106
558.9446 135.0924 4210.3784 113 155 83
561.5811 134.9144 4204.8311 97 137 68
564.2106 134.7368 4199.2983 91 129 63
564.2653 133.1600 4150.1519 87 122 61
565.3887 132.6425 4134.0244 87 120 60
565.0451 131.7889 4107.4219 88 119 59
567.6093 131.6196 4102.1426 88 120 62
569.4359 131.2821 4091.6240 91 121 65
572.7180 131.2821 4091.6240 96 123 68
554.8353 131.5415 4204.8311 103 147 86
559.6830 131.8891 4215.9404 93 136 77
562.3220 131.7151 4210.3784 88 129 69
564.9539 131.5415 4204.8311 87 123 63
562.8016 129.4942 4139.3862 86 121 61
564.6572 129.1591 4128.6763 87 120 62
564.3188 128.3291 4102.1426 90 121 63
567.6093 128.3291 4102.1426 95 123 67
570.1669 128.1643 4096.8765 102 128 74
573.4532 128.1643 4096.8765 112 140 87
553.3772 127.8318 4193.7803 90 131 77
558.2083 128.1687 4204.8311 86 126 67
560.8422 128.0000 4199.2983 86 122 62
562.7297 127.6640 4188.2764 87 120 60
562.8718 124.7180 4091.6240 102 127 70
565.4290 124.5583 4086.3850 129 145 89
567.2542 124.2401 4075.9473 160 169 117
572.7180 124.7180 4091.6240 154 168 119
551.9266 124.1415 4182.7871 85 122 63
555.2818 124.1415 4182.7871 85 120 59
557.9058 123.9791 4177.3125 86 118 59
559.0613 123.4941 4160.9736 87 119 60
521.5469 127.2928 4408.1030 159 192 148
524.3586 127.1172 4402.0229 164 196 155
526.4374 126.7675 4389.9131 164 195 156
551.9266 120.7864 4182.7871 82 116 51
556.7411 121.1038 4193.7803 85 117 54
558.6370 120.7864 4182.7871 88 119 58
560.5229 120.4706 4171.8521 93 122 64
520.8276 123.5862 4402.0229 164 195 154
522.9161 123.2462 4389.9131 165 196 157
525.7143 123.0769 4383.8828 167 197 161
518.0110 120.2210 4408.1030 165 195 158
519.3948 119.7249 4389.9131 167 196 160
522.1978 119.5604 4383.8828 168 197 162
524.9932 119.3964 4377.8691 165 197 158
516.5840 116.3636 4395.9595 168 197 161
518.6813 116.0440 4383.8828 166 196 157
521.4815 115.8848 4377.8691 162 196 151
524.2740 115.7260 4371.8721 158 195 140
514.4752 113.1492 4408.1030 169 197 159
515.8735 112.6823 4389.9131 164 196 154
517.9698 112.3731 4377.8691 159 195 143
520.7672 112.2192 4371.8721 155 195 133
523.5568 112.0657 4365.8916 149 192 123
513.0579 109.3113 4395.9595 164 197 145
514.4581 108.8615 4377.8691 160 196 136
517.2603 108.7123 4371.8721 156 195 126
519.3443 108.4153 4359.9272 138 183 109
522.1282 108.2674 4353.9790 112 161 91
505.3095 105.6396 4389.9131 168 198 146
510.9392 106.0774 4408.1030 171 204 142
511.6484 105.4945 4383.8828 173 206 140
513.7534 105.2055 4371.8721 155 193 124
516.5527 105.0616 4365.8916 122 167 96
518.6357 104.7749 4353.9790 100 149 81
520.0001 104.3478 4336.2319 90 136 76
519.2453 103.5040 4301.1680 85 129 72
521.2903 103.2258 4289.6060 82 124 66
524.0269 103.0873 4283.8481 80 120 63
505.3095 102.1183 4389.9131 188 211 146
510.2345 102.4000 4402.0229 178 204 136
511.6484 101.9780 4383.8828 144 179 109
513.7534 101.6986 4371.8721 108 153 86
516.5527 101.5595 4365.8916 93 140 76
517.9292 101.1444 4348.0474 85 132 71
519.2944 100.7327 4330.3481 81 124 67
518.5465 99.9193 4295.3794 80 120 63
520.5906 99.6510 4283.8481 80 118 59
523.3244 99.5174 4278.1055 83 118 60
495.0774 100.8158 4488.7017 171 198 165
497.9776 100.6742 4482.3970 167 197 160
499.4686 100.2518 4463.5898 162 196 151
503.0490 100.2518 4463.5898 163 198 144
505.2632 99.2798 4420.3140 176 198 123
506.0055 98.7328 4395.9595 151 176 96
510.2345 98.8690 4402.0229 113 148 72
511.6484 98.4615 4383.8828 93 136 64
513.7534 98.1918 4371.8721 85 129 65
517.2603 98.1918 4371.8721 82 125 64
519.3443 97.9235 4359.9272 81 121 61
520.7075 97.5238 4342.1318 82 119 59
519.2453 96.6038 4301.1680 83 117 59
519.8928 96.0858 4278.1055 84 118 61
522.6238 95.9572 4272.3784 87 120 62
496.5826 96.8067 4469.8413 157 194 144
498.0754 96.4017 4451.1392 156 195 135
500.2504 96.1335 4438.7578 157 198 128
501.7175 95.7341 4420.3140 145 187 114
504.5643 95.6017 4414.2002 116 156 85
506.0055 95.2066 4395.9595 95 137 67
509.5317 95.2066 4395.9595 85 129 63
510.9465 94.8148 4377.8691 81 123 59
513.0507 94.5554 4365.8916 80 121 59
516.5527 94.5554 4365.8916 80 118 59
519.3443 94.4262 4359.9272 82 117 59
520.7075 94.0408 4342.1318 83 117 58
519.9460 93.2794 4306.9727 86 118 60
520.5906 92.7785 4283.8481 90 121 64
523.3244 92.6542 4278.1055 102 127 71
494.3820 93.4831 4482.3970 152 195 132
495.1956 92.9609 4457.3560 152 195 125
497.3817 92.7020 4444.9399 140 185 110
499.5556 92.4445 4432.5928 116 165 91
501.7175 92.1884 4420.3140 99 146 81
503.8674 91.9337 4408.1030 88 133 73
505.3095 91.5543 4389.9131 82 126 65
508.1319 91.4286 4383.8828 79 120 61
510.2466 91.1781 4371.8721 80 118 57
511.6508 90.8049 4353.9790 81 117 57
515.1432 90.8049 4353.9790 81 116 58
517.9292 90.6812 4348.0474 84 117 60
520.0001 90.4348 4336.2319 87 120 63
519.9460 89.8246 4306.9727 96 124 68
520.5906 89.3423 4283.8481 113 132 80
523.3244 89.2225 4278.1055 145 153 103
480.6752 90.0141 4488.7017 170 199 161
480.8939 89.3855 4457.3560 162 197 149
483.7936 89.2608 4451.1392 155 194 135
488.7273 89.5105 4463.5898 153 195 128
492.9972 89.6359 4469.8413 144 190 115
494.5049 89.2608 4451.1392 122 171 95
497.3817 89.1365 4444.9399 101 151 82
500.2504 89.0125 4438.7578 90 137 74
501.7175 88.6427 4420.3140 85 129 70
503.8674 88.3978 4408.1030 82 123 65
505.3095 88.0330 4389.9131 79 119 60
507.4348 87.7915 4377.8691 79 116 60
509.5486 87.5513 4365.8916 81 117 59
510.2585 87.0748 4342.1318 83 116 60
513.7415 87.0748 4342.1318 85 118 63
515.8209 86.8385 4330.3481 89 120 66
517.8890 86.6035 4318.6289 96 126 72
519.2453 86.2534 4301.1680 125 146 94
480.0000 86.2921 4482.3970 162 197 143
481.5664 85.9301 4463.5898 159 197 133
485.1469 85.9301 4463.5898 153 196 124
490.0982 86.1711 4476.1104 133 180 103
495.1956 85.8101 4457.3560 92 141 76
498.0754 85.6904 4451.1392 86 132 72
500.9471 85.5710 4444.9399 82 125 66
502.4133 85.2150 4426.4448 79 120 60
503.8674 84.8619 4408.1030 79 117 56
505.3095 84.5117 4389.9131 80 117 58
507.4348 84.2798 4377.8691 81 116 60
508.8525 83.9344 4359.9272 85 117 61
509.5652 83.4783 4336.2319 89 120 63
513.0435 83.4783 4336.2319 94 123 69
515.1219 83.2520 4324.4805 106 131 82
517.1892 83.0270 4312.7930 130 154 108
519.2453 82.8032 4301.1680 121 145 103
463.6364 83.6364 4533.3335 177 203 170
467.2728 83.6364 4533.3335 177 202 170
468.9109 83.2815 4514.0972 173 200 165
470.5352 82.9296 4495.0234 167 196 152
475.4802 83.1638 4507.7212 171 201 148
477.0746 82.8130 4488.7017 170 202 140
478.6555 82.4650 4469.8413 172 203 138
480.2232 82.1199 4451.1392 154 191 121
484.4693 82.2346 4457.3560 120 165 92
488.0447 82.2346 4457.3560 97 146 77
492.3077 82.3497 4463.5898 86 134 70
495.1956 82.2346 4457.3560 82 126 66
498.0754 82.1199 4451.1392 81 121 62
500.9471 82.0056 4444.9399 81 117 57
501.7175 81.5512 4420.3140 81 116 56
504.5643 81.4385 4414.2002 82 116 58
506.0055 81.1019 4395.9595 83 116 60
507.4348 80.7682 4377.8691 86 118 63
508.8525 80.4372 4359.9272 94 122 70
509.5652 80.0000 4336.2319 112 130 82
511.6531 79.7832 4324.4805 147 156 111
513.7297 79.5676 4312.7930 137 147 110
516.4913 79.4602 4306.9727 118 135 96
519.2453 79.3531 4301.1680 131 150 101
463.6364 80.0000 4533.3335 176 202 169
466.6100 79.8865 4526.9033 169 199 161
468.9109 79.6605 4514.0972 166 196 149
473.2012 79.7734 4520.4912 173 202 144
476.8272 79.7734 4520.4912 181 207 139
478.4203 79.4358 4501.3638 172 199 127
480.0000 79.1011 4482.3970 138 172 97
481.5664 78.7692 4463.5898 105 148 76
485.8264 78.8796 4469.8413 90 136 68
488.7273 78.7692 4463.5898 83 128 63
492.9972 78.8796 4469.8413 79 122 59
495.8881 78.7692 4463.5898 79 118 60
498.0754 78.5495 4451.1392 80 116 57
500.9471 78.4401 4444.9399 81 116 57
502.4133 78.1137 4426.4448 81 118 58
504.5643 77.8977 4414.2002 84 118 61
506.7035 77.6828 4402.0229 91 121 66
508.8308 77.4691 4389.9131 106 128 80
510.2466 77.1507 4371.8721 127 141 102
511.6508 76.8349 4353.9790 146 150 120
514.4415 76.7302 4348.0474 168 168 130
515.1219 76.3144 4324.4805 169 167 127
458.3167 76.6904 4552.7344 178 204 173
460.0000 76.3636 4533.3335 173 201 167
461.6690 76.0396 4514.0972 166 197 156
464.6328 75.9322 4507.7212 161 195 144
467.5882 75.8251 4501.3638 168 202 140
472.5319 76.0396 4514.0972 169 196 122
476.1528 76.0396 4514.0972 144 171 86
477.7465 75.7183 4495.0234 108 140 60
480.0000 75.5056 4482.3970 89 129 53
481.5664 75.1888 4463.5898 84 125 57
485.8264 75.2941 4469.8413 80 119 55
488.7273 75.1888 4463.5898 77 116 52
493.6887 75.3997 4476.1104 77 114 52
495.8881 75.1888 4463.5898 80 115 55
498.0754 74.9791 4451.1392 81 115 56
500.9471 74.8747 4444.9399 84 117 58
501.7175 74.4598 4420.3140 88 119 61
503.8674 74.2541 4408.1030 98 125 71
506.0055 74.0496 4395.9595 128 144 101
508.1319 73.8462 4383.8828 149 156 125
510.2466 73.6438 4371.8721 142 146 121
512.3497 73.4426 4359.9272 143 143 116
515.8470 73.4426 4359.9272 158 151 107
455.5620 73.7752 4598.6553 179 205 172
457.6638 72.9345 4546.2490 170 200 163
460.0000 72.7273 4533.3335 161 195 149
461.0169 72.3164 4507.7212 156 194 138
464.6328 72.3164 4507.7212 155 196 130
468.2486 72.3164 4507.7212 146 188 115
471.8644 72.3164 4507.7212 115 158 85
474.8096 72.2144 4501.3638 94 135 64
477.0746 72.0113 4488.7017 85 126 59
478.6555 71.7087 4469.8413 81 121 55
480.8939 71.5084 4457.3560 79 118 53
485.1469 71.6084 4463.5898 78 114 52
488.0447 71.5084 4457.3560 78 112 49
492.3077 71.6084 4463.5898 81 113 51
495.1956 71.5084 4457.3560 83 114 55
498.0754 71.4087 4451.1392 86 116 58
500.9471 71.3092 4444.9399 97 123 66
501.7175 70.9141 4420.3140 121 141 90
503.8674 70.7182 4408.1030 132 147 110
506.0055 70.5234 4395.9595 152 158 129
508.1319 70.3297 4383.8828 177 178 142
510.2466 70.1370 4371.8721 157 156 124
513.0507 70.0410 4365.8916 146 137 96
516.5527 70.0410 4365.8916 163 138 77
517.9292 69.7548 4348.0474 175 144 80
455.5620 70.0865 4598.6553 176 203 168
455.9657 69.5851 4565.7607 169 199 157
458.3167 69.3866 4552.7344 162 197 145
460.6544 69.1892 4539.7822 160 197 138
462.3230 68.8952 4520.4912 151 193 125
464.6328 68.7006 4507.7212 124 170 98
468.2486 68.7006 4507.7212 99 148 78
471.1989 68.6037 4501.3638 86 133 68
474.1408 68.5070 4495.0234 82 126 63
476.4045 68.3146 4482.3970 81 120 59
478.6555 68.1233 4469.8413 79 116 54
480.8939 67.9330 4457.3560 79 114 52
484.4693 67.9330 4457.3560 80 113 52
487.3640 67.8382 4451.1392 79 111 50
492.3077 68.0280 4463.5898 84 114 53
495.1956 67.9330 4457.3560 95 121 62
498.0754 67.8382 4451.1392 118 137 83
501.6458 67.8382 4451.1392 144 160 110
503.1111 67.5556 4432.5928 152 167 126
505.2632 67.3684 4420.3140 139 148 119
507.4034 67.1823 4408.1030 166 170 136
509.5317 66.9972 4395.9595 173 172 136
510.9465 66.7215 4377.8691 151 149 114
513.7534 66.6301 4371.8721 153 134 83
517.2603 66.6301 4371.8721 170 138 71
519.3443 66.4481 4359.9272 175 142 74
455.1525 66.8795 4632.0273 174 203 166
454.9065 66.3022 4592.0386 171 202 154
456.6189 66.0172 4572.3018 170 202 144
458.9714 65.8286 4559.2383 171 205 142
461.9686 65.7347 4552.7344 154 192 126
464.2959 65.5477 4539.7822 115 160 89
465.9490 65.2691 4520.4912 90 138 71
468.2486 65.0847 4507.7212 83 127 66
471.1989 64.9930 4501.3638 80 121 61
473.4740 64.8101 4488.7017 77 117 56
475.7364 64.6283 4476.1104 79 116 55
477.9861 64.4476 4463.5898 79 113 53
480.2232 64.2678 4451.1392 80 112 53
483.7936 64.2678 4451.1392 84 113 53
487.3640 64.2678 4451.1392 89 117 57
491.6201 64.3575 4457.3560 110 132 75
494.5049 64.2678 4451.1392 160 169 116
497.3817 64.1783 4444.9399 193 194 145
501.6458 64.2678 4451.1392 197 196 148
503.8109 64.0890 4438.7578 180 183 140
506.6667 64.0000 4432.5928 143 148 121
508.1052 63.7344 4414.2002 156 158 126
510.2345 63.5586 4402.0229 175 174 135
511.6484 63.2967 4383.8828 153 152 114
515.1649 63.2967 4383.8828 158 138 89
517.9698 63.2099 4377.8691 172 140 74
519.3443 62.9508 4359.9272 177 143 73
452.0930 63.2558 4638.7598 168 199 156
454.4927 63.0725 4625.3140 175 205 153
456.2194 62.7994 4605.2910 179 206 145
457.2740 62.4390 4578.8618 178 204 137
460.2866 62.3496 4572.3018 146 179 110
463.9542 62.3496 4572.3018 107 149 79
466.9528 62.2604 4565.7607 88 132 68
467.9374 61.9061 4539.7822 81 123 61
469.5751 61.6431 4520.4912 77 119 57
471.8644 61.4689 4507.7212 78 116 57
473.4740 61.2096 4488.7017 80 115 55
475.7364 61.0379 4476.1104 80 114 54
477.9861 60.8671 4463.5898 81 112 54
480.2232 60.6974 4451.1392 86 114 56
484.4693 60.7821 4457.3560 99 122 63
487.3640 60.6974 4451.1392 136 149 94
491.6201 60.7821 4457.3560 184 186 136
494.5049 60.6974 4451.1392 201 200 152
498.0754 60.6974 4451.1392 201 200 152
501.6458 60.6974 4451.1392 198 198 150
504.5126 60.6128 4444.9399 190 191 145
505.9640 60.3606 4426.4448 156 159 124
450.7826 59.3623 4625.3140 167 200 143
452.5252 59.1053 4605.2910 175 200 131
454.9065 58.9353 4592.0386 162 185 105
456.6189 58.6819 4572.3018 118 149 70
458.9714 58.5143 4559.2383 92 132 57
463.2905 58.5980 4565.7607 84 125 57
465.6206 58.4308 4552.7344 79 121 57
467.2728 58.1818 4533.3335 77 118 55
468.9109 57.9349 4514.0972 77 116 55
471.8644 57.8531 4507.7212 80 116 56
474.1408 57.6901 4495.0234 82 115 56
476.4045 57.5281 4482.3970 83 115 58
478.6555 57.3670 4469.8413 90 118 61
481.5664 57.2867 4463.5898 115 133 76
485.8264 57.3670 4469.8413 165 172 119
489.4118 57.3670 4469.8413 197 197 148
494.3820 57.5281 4482.3970 202 199 153
496.5826 57.3670 4469.8413 197 197 152
498.7710 57.2067 4457.3560 176 184 139
503.0490 57.2867 4463.5898 166 180 134
504.5126 57.0474 4444.9399 165 177 131
441.0557 56.3050 4679.5698 181 207 175
443.5088 56.1404 4665.8872 172 201 163
445.9475 55.9767 4652.2837 161 195 149
447.7214 55.7329 4632.0273 160 198 140
449.4798 55.4913 4611.9463 157 196 126
450.5747 55.1724 4585.4409 131 170 96
453.6012 55.0933 4578.8618 99 138 66
455.9657 54.9356 4565.7607 84 123 54
458.3167 54.7789 4552.7344 81 119 53
461.9686 54.7789 4552.7344 80 117 53
464.2959 54.6231 4539.7822 79 116 54
465.9490 54.3909 4520.4912 80 115 55
468.2486 54.2373 4507.7212 80 115 56
471.1989 54.1608 4501.3638 82 116 58
473.4740 54.0084 4488.7017 85 117 60
476.4045 53.9326 4482.3970 97 123 66
479.3268 53.8569 4476.1104 130 138 84
482.2409 53.7815 4469.8413 180 175 121
486.5077 53.8569 4476.1104 201 198 151
441.0557 52.5513 4679.5698 170 200 159
442.2158 52.2449 4652.2837 162 197 145
445.2984 52.1689 4645.5122 160 198 139
447.7214 52.0174 4632.0273 148 191 123
448.8312 51.7172 4605.2910 116 162 89
450.5747 51.4943 4585.4409 93 138 69
453.6012 51.4204 4578.8618 84 126 62
455.9657 51.2733 4565.7607 80 120 56
457.6638 51.0541 4546.2490 80 117 55
461.3106 51.0541 4546.2490 79 116 54
463.6364 50.9091 4533.3335 81 116 55
465.2900 50.6931 4514.0972 81 115 56
467.5882 50.5501 4501.3638 82 116 58
470.5352 50.4789 4495.0234 88 119 62
472.8090 50.3371 4482.3970 100 126 69
476.4045 50.3371 4482.3970 150 160 106
478.6555 50.1961 4469.8413 169 154 107
437.9442 48.8693 4686.4414 171 202 156
440.4100 48.7262 4672.7188 167 199 145
442.2158 48.5131 4652.2837 163 200 140
445.2984 48.4425 4645.5122 142 185 116
447.7214 48.3019 4632.0273 106 152 82
449.4798 48.0925 4611.9463 86 131 68
450.5747 47.8161 4585.4409 80 122 61
454.2529 47.8161 4585.4409 79 118 57
455.9657 47.6109 4565.7607 79 116 55
457.6638 47.4074 4546.2490 80 116 55
461.9686 47.4750 4552.7344 81 114 57
464.2959 47.3400 4539.7822 83 114 59
465.9490 47.1388 4520.4912 86 116 60
468.9109 47.0721 4514.0972 91 120 63
471.8644 47.0056 4507.7212 113 137 81
474.1408 46.8732 4495.0234 136 156 107
477.0746 46.8073 4488.7017 139 153 104
437.9442 45.1101 4686.4414 175 205 150
441.0557 45.0440 4679.5698 171 204 144
442.8613 44.8467 4659.0757 139 178 114
445.9475 44.7813 4652.2837 101 146 79
449.0248 44.7162 4645.5122 84 128 64
450.1302 44.4573 4618.6206 81 120 58
451.8732 44.2651 4598.6553 79 116 54
454.9065 44.2014 4592.0386 78 115 53
456.6189 44.0115 4572.3018 81 116 56
458.3167 43.8231 4552.7344 81 115 57
463.2905 43.9485 4565.7607 82 116 59
464.9573 43.7607 4546.2490 87 118 60
465.9490 43.5128 4520.4912 106 125 66
468.9109 43.4512 4514.0972 131 133 75
471.1989 43.3286 4501.3638 130 135 79
434.1850 41.3510 4686.4414 180 207 152
437.3021 41.2903 4679.5698 171 199 138
440.4100 41.2299 4672.7188 129 165 100
442.2158 41.0496 4652.2837 96 139 72
445.9475 41.0496 4652.2837 83 126 60
448.3721 40.9302 4638.7598 79 117 55
450.1302 40.7525 4618.6206 78 114 51
451.8732 40.5764 4598.6553 80 115 52
455.5620 40.5764 4598.6553 83 115 55
457.2740 40.4017 4578.8618 83 115 58
459.6281 40.2861 4565.7607 84 117 59
463.9542 40.3438 4572.3018 93 119 61
465.6206 40.1712 4552.7344 124 137 79
465.9490 39.8867 4520.4912 171 165 109
468.2486 39.7740 4507.7212 175 153 95
471.1989 39.7179 4501.3638 159 139 80
428.5546 37.7581 4707.1782 178 205 153
431.0589 37.6471 4693.3335 184 206 140
433.5484 37.5367 4679.5698 159 182 109
436.6618 37.4817 4672.7188 110 143 69
439.7661 37.4269 4665.8872 86 127 56
442.2158 37.3178 4652.2837 80 120 52
444.6512 37.2093 4638.7598 76 117 47
447.7214 37.1553 4632.0273 78 113 48
449.4798 36.9942 4611.9463 80 113 51
451.2231 36.8345 4592.0386 81 115 54
454.9065 36.8345 4592.0386 84 115 57
456.6189 36.6762 4572.3018 87 117 60
458.9714 36.5714 4559.2383 99 122 63
463.9542 36.6762 4572.3018 137 135 72
464.9573 36.4672 4546.2490 174 153 89
465.2900 36.2093 4514.0972 191 176 117
468.2486 36.1582 4507.7212 191 179 124
470.5352 36.0563 4495.0234 176 159 104
427.9234 33.9323 4700.2456 159 191 126
431.0589 33.8824 4693.3335 128 158 80
432.9136 33.7335 4672.7188 94 128 49
436.0234 33.6842 4665.8872 81 118 43
439.7661 33.6842 4665.8872 76 114 42
441.5721 33.5371 4645.5122 74 111 41
444.0058 33.4398 4632.0273 77 111 43
447.0724 33.3913 4625.3140 80 111 48
448.8312 33.2468 4605.2910 78 113 51
451.2231 33.1511 4592.0386 84 114 56
456.6189 33.0086 4572.3018 113 126 66
458.3167 32.8673 4552.7344 155 142 79
463.9542 33.0086 4572.3018 181 155 92
464.2959 32.7738 4539.7822 184 158 98
463.9775 32.4965 4501.3638 180 154 91
467.5882 32.4965 4501.3638 184 163 101
429.1876 30.2511 4714.1309 117 158 88
431.6937 30.1620 4700.2456 89 131 61
433.5484 30.0293 4679.5698 78 119 50
436.0234 29.9415 4665.8872 75 113 44
439.7661 29.9415 4665.8872 74 110 43
441.5721 29.8108 4645.5122 73 110 44
444.0058 29.7242 4632.0273 75 110 46
447.0724 29.6812 4625.3140 78 112 51
448.8312 29.5527 4605.2910 84 114 55
450.5747 29.4253 4585.4409 94 119 61
454.2529 29.4253 4585.4409 126 132 72
455.9657 29.2990 4565.7607 168 148 84
458.3167 29.2154 4552.7344 183 155 92
463.9542 29.3410 4572.3018 190 169 108
464.9573 29.1738 4546.2490 191 175 120
464.6328 28.9266 4507.7212 188 176 118
425.4062 26.4697 4714.1309 110 153 82
427.9234 26.3918 4700.2456 86 129 63
431.0589 26.3529 4693.3335 77 120 56
432.9136 26.2372 4672.7188 74 113 51
435.3869 26.1606 4659.0757 74 110 47
437.8458 26.0844 4645.5122 75 110 46
439.6522 25.9710 4625.3140 77 111 49
442.0809 25.8960 4611.9463 80 113 53
445.7804 25.8960 4611.9463 83 116 57
448.1845 25.8213 4598.6553 97 117 63
450.5747 25.7471 4585.4409 126 114 63
454.2529 25.7471 4585.4409 169 136 77
455.9657 25.6366 4565.7607 183 150 84
458.9714 25.6000 4559.2383 185 152 86
424.7788 22.6549 4707.1782 84 126 61
427.2942 22.5882 4693.3335 77 117 54
430.4259 22.5551 4686.4414 74 114 51
432.9136 22.4890 4672.7188 76 113 52
435.3869 22.4234 4659.0757 76 112 51
438.4839 22.3907 4652.2837 78 112 51
440.2903 22.2932 4632.0273 83 114 55
443.3623 22.2609 4625.3140 89 117 61
446.4255 22.2287 4618.6206 107 117 66
449.4798 22.1965 4611.9463 133 105 65
451.2231 22.1007 4592.0386 151 98 62
455.5620 22.1326 4598.6553 162 109 67
412.2034 19.7227 4917.5142 187 212 181
424.7788 18.8791 4707.1782 79 119 55
427.2942 18.8235 4693.3335 77 116 54
431.0589 18.8235 4693.3335 77 115 53
432.9136 18.7409 4672.7188 79 114 54
434.7522 18.6589 4652.2837 81 113 56
438.4839 18.6589 4652.2837 84 116 58
440.2903 18.5777 4632.0273 96 122 66
443.3623 18.5507 4625.3140 126 133 83
446.4255 18.5239 4618.6206 145 113 73
449.4798 18.4971 4611.9463 154 104 69
402.8527 15.8760 4948.0103 190 214 183
405.5642 15.8269 4932.7153 189 213 184
408.8889 15.8025 4925.1030 185 210 179
411.5692 15.7538 4909.9487 179 206 169
423.5294 15.0588 4693.3335 80 116 55
427.2942 15.0588 4693.3335 82 117 58
430.4259 15.0367 4686.4414 81 116 58
432.2808 14.9708 4665.8872 83 115 58
434.7522 14.9271 4652.2837 88 117 61
437.8458 14.9054 4645.5122 99 125 69
439.6522 14.8406 4625.3140 140 152 101
442.7208 14.8191 4618.6206 168 166 120
446.4255 14.8191 4618.6206 172 148 108
450.1302 14.8191 4618.6206 149 99 66
401.3729 11.9813 4978.8872 190 215 183
401.6075 11.8702 4932.7153 190 213 183
404.3143 11.8336 4917.5142 183 207 175
408.2589 11.8336 4917.5142 170 200 155
410.9370 11.7972 4902.4067 167 200 152
423.5294 11.2941 4693.3335 81 117 59
427.2942 11.2941 4693.3335 82 116 60
430.4259 11.2775 4686.4414 84 116 60
432.9136 11.2445 4672.7188 92 119 62
435.3869 11.2117 4659.0757 119 137 82
438.4839 11.1953 4652.2837 136 151 99
440.2903 11.1466 4632.0273 158 165 116
400.1245 7.9627 4963.4009 187 213 182
400.9877 7.9012 4925.1030 183 208 177
403.6923 7.8769 4909.9487 170 199 155
407.0046 7.8648 4902.4067 165 198 144
423.5294 7.5294 4693.3335 83 116 63
427.2942 7.5294 4693.3335 86 117 63
431.0589 7.5294 4693.3335 100 124 70
433.5484 7.5073 4679.5698 145 154 98
436.6618 7.4963 4672.7188 180 178 124
398.8837 3.9690 4948.0103 183 209 176
400.3698 3.9445 4917.5142 179 205 166
403.0722 3.9324 4902.4067 176 204 154
405.7581 3.9204 4887.3916 171 202 149
422.2874 3.7537 4679.5698 92 119 66
426.0411 3.7537 4679.5698 114 133 78
431.0589 3.7647 4693.3335 154 162 108
432.9136 3.7482 4672.7188 168 167 118
398.6229 -0.0000 4994.4707 179 206 171
398.2663 -0.0000 4940.3511 179 205 159
399.7538 -0.0000 4909.9487 180 204 151
402.4540 -0.0000 4894.8877 175 200 139
421.6692 -0.0000 4672.7188 129 145 89
426.0411 -0.0000 4679.5698 171 171 117
431.0589 -0.0000 4693.3335 183 178 125
432.9136 -0.0000 4672.7188 171 168 119
397.3791 -3.9938 4978.8872 167 196 145
397.6507 -3.9567 4932.7153 176 200 129
399.7538 -3.9385 4909.9487 166 187 109
401.2233 -3.9144 4879.9185 113 142 68
422.2874 -3.7537 4679.5698 105 121 77
426.0411 -3.7537 4679.5698 128 139 91
396.1431 -7.9627 4963.4009 145 183 116
397.6507 -7.9134 4932.7153 132 166 90
399.1398 -7.8648 4902.4067 104 135 63
400.6107 -7.8168 4872.4683 90 124 57
395.5280 -11.9255 4955.6938 117 161 94
397.6507 -11.8702 4932.7153 91 133 70
400.3698 -11.8336 4917.5142 83 122 60
401.8377 -11.7611 4887.3916 81 117 54
390.6104 -16.0250 4994.4707 149 188 133
392.7726 -15.9502 4971.1318 111 154 90
395.5280 -15.9006 4955.6938 86 129 68
398.2663 -15.8514 4940.3511 79 118 60
400.9877 -15.8025 4925.1030 79 115 57
403.6923 -15.7538 4909.9487 81 114 59
386.6041 -20.0313 4994.4707 161 193 139
389.3916 -19.9688 4978.8872 113 150 90
392.1618 -19.9067 4963.4009 87 127 67
394.9147 -19.8450 4948.0103 79 117 59
398.2663 -19.8142 4940.3511 78 114 55
400.9877 -19.7531 4925.1030 79 115 57
385.3978 -23.9626 4978.8872 104 137 69
388.1805 -23.8880 4963.4009 87 123 60
390.9457 -23.8140 4948.0103 78 116 56
394.3034 -23.7771 4940.3511 79 115 57
397.6507 -23.7403 4932.7153 81 114 57
399.7538 -23.6308 4909.9487 82 115 60
384.1991 -27.8694 4963.4009 86 121 58
387.5777 -27.8261 4955.6938 82 117 57
390.3406 -27.7399 4940.3511 81 114 58
393.6940 -27.6971 4932.7153 82 114 59
397.6507 -27.6971 4932.7153 82 115 61
399.7538 -27.5692 4909.9487 85 115 64
383.0078 -31.7519 4948.0103 81 116 59
386.9767 -31.7519 4948.0103 81 114 61
389.7373 -31.6538 4932.7153 82 114 63
393.6940 -31.6538 4932.7153 84 114 64
397.0370 -31.6049 4925.1030 87 115 65
375.6522 -35.7764 4955.6938 80 117 64
379.6273 -35.7764 4955.6938 81 114 61
382.4149 -35.6656 4940.3511 83 114 63
386.3777 -35.6656 4940.3511 85 114 64
389.7373 -35.6105 4932.7153 86 114 64
393.0865 -35.5556 4925.1030 87 115 66
373.9104 -39.5672 4932.7153 80 114 62
378.4521 -39.6285 4940.3511 84 114 64
381.8238 -39.5672 4932.7153 85 114 65
385.1852 -39.5062 4925.1030 88 114 66
373.3334 -43.4568 4925.1030 82 114 63
377.8671 -43.5240 4932.7153 85 113 64
380.6472 -43.3898 4917.5142 93 116 68
385.1852 -43.4568 4925.1030 126 138 88
372.1846 -47.2615 4909.9487 85 114 67
377.2840 -47.4074 4925.1030 88 112 66
229.3844 -115.5677 4365.8916 106 130 78
232.8865 -115.5677 4365.8916 107 133 80
230.0137 -119.3964 4377.8691 105 131 77
233.5254 -119.3964 4377.8691 105 132 77
237.0370 -119.3964 4377.8691 107 133 80
194.4086 -120.4301 4289.6060 111 136 80
198.1158 -120.5922 4295.3794 112 137 81
201.5612 -120.5922 4295.3794 111 136 80
205.0068 -120.5922 4295.3794 110 135 79
209.2973 -121.0811 4312.7930 109 134 79
213.3333 -121.4092 4324.4805 106 132 78
217.9837 -122.0709 4348.0474 104 131 77
222.3803 -122.5718 4365.8916 103 130 76
226.5021 -122.9081 4377.8691 103 130 77
230.6465 -123.2462 4389.9131 103 130 77
233.8462 -123.0769 4383.8828 105 131 78
237.3627 -123.0769 4383.8828 105 131 77
181.1321 -124.2049 4301.1680 111 138 80
184.5822 -124.2049 4301.1680 112 138 81
188.0323 -124.2049 4301.1680 114 139 84
191.4825 -124.2049 4301.1680 114 139 83
194.9326 -124.2049 4301.1680 110 136 78
198.6505 -124.3725 4306.9727 107 133 76
202.1053 -124.3725 4306.9727 104 132 73
205.8379 -124.5406 4312.7930 103 131 73
209.8645 -124.8781 4324.4805 105 132 75
213.9130 -125.2174 4336.2319 106 132 76
218.2810 -125.7299 4353.9790 106 132 77
222.3803 -126.0739 4365.8916 103 130 75
226.5021 -126.4197 4377.8691 104 130 76
230.6465 -126.7675 4389.9131 101 128 74
233.8462 -126.5934 4383.8828 104 131 77
237.3627 -126.5934 4383.8828 103 130 76
177.4428 -127.4832 4295.3794 108 134 75
181.3765 -127.8273 4306.9727 109 135 76
185.0811 -128.0000 4312.7930 109 135 78
188.7957 -128.1732 4318.6289 110 136 79
192.0000 -128.0000 4312.7930 111 137 79
195.1957 -127.8273 4306.9727 108 135 76
198.9189 -128.0000 4312.7930 105 130 72
202.3784 -128.0000 4312.7930 103 130 72
206.1164 -128.1732 4318.6289 101 129 71
210.1493 -128.5210 4330.3481 106 132 75
213.9130 -128.6956 4336.2319 109 133 78
218.2810 -129.2224 4353.9790 105 132 77
222.3803 -129.5759 4365.8916 102 130 74
226.1918 -129.7534 4371.8721 102 129 74
230.3297 -130.1099 4383.8828 102 129 74
233.8462 -130.1099 4383.8828 103 131 77
237.0370 -129.9314 4377.8691 105 130 77
240.8791 -130.1099 4383.8828 106 131 81
170.5518 -130.9287 4295.3794 98 125 60
174.2318 -131.1051 4301.1680 98 127 64
177.9217 -131.2821 4306.9727 101 128 66
181.8674 -131.6374 4318.6289 105 131 70
185.5827 -131.8157 4324.4805 105 131 73
189.5652 -132.1739 4336.2319 104 132 74
192.5203 -131.8157 4324.4805 105 132 74
195.4595 -131.4595 4312.7930 108 134 74
199.1881 -131.6374 4318.6289 106 132 71
202.6523 -131.6374 4318.6289 106 131 73
206.3957 -131.8157 4324.4805 106 132 76
210.4348 -132.1739 4336.2319 107 132 77
214.4959 -132.5341 4348.0474 107 132 75
218.2810 -132.7149 4353.9790 105 131 74
222.6849 -133.2603 4371.8721 104 130 73
226.5021 -133.4431 4377.8691 103 129 72
230.3297 -133.6264 4383.8828 105 130 75
233.8462 -133.6264 4383.8828 104 130 76
237.6891 -133.8102 4389.9131 106 131 81
241.8759 -134.1793 4402.0229 107 131 82
153.7382 -134.7368 4306.9727 95 121 55
167.3315 -134.5553 4301.1680 96 123 58
171.0121 -134.7368 4306.9727 95 123 57
174.4669 -134.7368 4306.9727 96 122 59
178.1622 -134.9189 4312.7930 97 125 62
182.3609 -135.4681 4330.3481 100 127 64
186.0870 -135.6522 4336.2319 101 128 67
190.0818 -136.0218 4348.0474 100 129 67
193.0435 -135.6522 4336.2319 100 129 68
195.9892 -135.2845 4324.4805 105 132 72
199.7286 -135.4681 4330.3481 108 133 74
203.2022 -135.4681 4330.3481 108 133 75
206.9565 -135.6522 4336.2319 108 133 76
211.0082 -136.0218 4348.0474 106 131 74
214.7886 -136.2074 4353.9790 104 129 72
218.2810 -136.2074 4353.9790 103 130 72
222.3803 -136.5800 4365.8916 103 129 73
226.8132 -137.1429 4383.8828 104 130 74
230.9642 -137.5207 4395.9595 104 130 75
234.4904 -137.5207 4395.9595 105 129 77
238.6740 -137.9006 4408.1030 107 131 79
144.5442 -139.3197 4342.1318 98 126 60
147.6255 -138.9417 4330.3481 96 124 55
151.3044 -139.1304 4336.2319 93 120 52
154.1543 -138.5656 4318.6289 94 119 53
157.4054 -138.3784 4312.7930 92 118 52
160.4313 -138.0054 4301.1680 93 118 52
163.8814 -138.0054 4301.1680 95 119 54
167.5574 -138.1916 4306.9727 94 120 54
171.0121 -138.1916 4306.9727 94 120 54
174.7027 -138.3784 4312.7930 94 120 55
178.6450 -138.7534 4324.4805 95 123 58
182.8572 -139.3197 4342.1318 96 125 61
186.5940 -139.5095 4348.0474 98 126 65
190.6011 -139.8907 4359.9272 99 127 66
193.5695 -139.5095 4348.0474 101 129 69
196.7891 -139.3197 4342.1318 105 132 72
200.5450 -139.5095 4348.0474 112 137 79
203.7551 -139.3197 4342.1318 113 136 79
207.8035 -139.6999 4353.9790 109 133 76
211.5847 -139.8907 4359.9272 104 130 72
215.3762 -140.0821 4365.8916 101 127 68
218.5792 -139.8907 4359.9272 99 127 68
222.3803 -140.0821 4365.8916 102 130 72
231.2828 -141.2414 4402.0229 104 131 77
144.3478 -142.6087 4336.2319 98 128 63
147.2260 -142.0298 4318.6289 94 123 56
151.0990 -142.4152 4330.3481 93 119 53
154.1543 -142.0298 4318.6289 91 117 51
157.4054 -141.8378 4312.7930 89 116 49
160.4313 -141.4555 4301.1680 89 115 48
164.1026 -141.6464 4306.9727 90 117 50
167.5574 -141.6464 4306.9727 92 120 52
171.2433 -141.8378 4312.7930 93 120 54
174.9391 -142.0298 4318.6289 94 120 54
178.8874 -142.4152 4330.3481 95 122 56
183.1063 -142.9973 4348.0474 94 123 59
187.1038 -143.3880 4359.9272 98 127 62
190.8618 -143.5842 4365.8916 102 129 66
194.0984 -143.3880 4359.9272 105 131 70
197.5956 -143.3880 4359.9272 110 136 78
201.0929 -143.3880 4359.9272 116 140 83
204.5902 -143.3880 4359.9272 116 139 83
208.0874 -143.3880 4359.9272 110 135 78
211.8742 -143.5842 4365.8916 104 131 72
215.3762 -143.5842 4365.8916 101 128 69
218.5792 -143.3880 4359.9272 104 131 73
222.0765 -143.3880 4359.9272 106 132 78
144.5442 -146.2857 4342.1318 103 133 68
147.0270 -145.2973 4312.7930 99 128 61
150.6901 -145.4939 4318.6289 96 124 56
154.5726 -145.8887 4330.3481 91 118 51
157.8320 -145.6911 4324.4805 88 115 48
160.8649 -145.2973 4312.7930 88 115 48
164.3243 -145.2973 4312.7930 89 115 49
168.0108 -145.4939 4318.6289 94 120 54
171.7073 -145.6911 4324.4805 93 121 54
174.9391 -145.4939 4318.6289 94 121 55
178.8874 -145.8887 4330.3481 97 123 57
183.3561 -146.6849 4353.9790 99 125 60
187.1038 -146.8853 4359.9272 104 130 68
190.8618 -147.0862 4365.8916 110 134 76
194.0984 -146.8853 4359.9272 113 137 80
197.5956 -146.8853 4359.9272 115 139 84
201.3680 -147.0862 4365.8916 114 139 84
204.3111 -146.6849 4353.9790 114 139 83
207.5204 -146.4850 4348.0474 108 132 75
211.2960 -146.6849 4353.9790 107 129 72
215.0820 -146.8853 4359.9272 110 134 77
144.7411 -149.9728 4348.0474 107 138 76
147.0270 -148.7568 4312.7930 102 132 66
150.8943 -149.1599 4324.4805 98 128 61
154.9932 -149.7687 4342.1318 94 123 56
158.4762 -149.7687 4342.1318 90 119 52
161.7391 -149.5652 4336.2319 89 117 51
165.2174 -149.5652 4336.2319 90 116 51
168.6957 -149.5652 4336.2319 94 120 54
172.6431 -149.9728 4348.0474 98 125 59
175.8912 -149.7687 4342.1318 100 126 62
179.3742 -149.7687 4342.1318 103 129 66
183.3561 -150.1774 4353.9790 108 133 71
187.3598 -150.5882 4365.8916 114 138 80
190.8618 -150.5882 4365.8916 118 141 87
194.3639 -150.5882 4365.8916 117 141 87
197.8660 -150.5882 4365.8916 115 140 87
201.6438 -150.7945 4371.8721 114 139 86
204.8701 -150.5882 4365.8916 115 139 84
207.8035 -150.1774 4353.9790 112 135 82
211.2960 -150.1774 4353.9790 111 135 83
214.7886 -150.1774 4353.9790 111 135 84
145.1366 -153.8798 4359.9272 115 144 93
147.0270 -152.2162 4312.7930 109 138 81
169.8495 -154.0903 4365.8916 99 124 61
173.5891 -154.3014 4371.8721 106 131 69
176.6120 -153.8798 4359.9272 111 135 75
179.8636 -153.6699 4353.9790 111 137 80
183.6066 -153.8798 4359.9272 115 140 84
187.3598 -154.0903 4365.8916 117 142 86
191.1233 -154.3014 4371.8721 117 142 88
194.3639 -154.0903 4365.8916 115 141 87
198.1370 -154.3014 4371.8721 114 140 87
201.9204 -154.5130 4377.8691 113 139 85
205.1507 -154.3014 4371.8721 112 138 84
208.3721 -154.0903 4365.8916 112 137 84
211.8742 -154.0903 4365.8916 109 134 83
215.3762 -154.0903 4365.8916 106 131 80
170.7841 -158.4594 4389.9131 110 134 76
174.0659 -158.2418 4383.8828 112 136 79
177.0959 -157.8082 4371.8721 115 139 82
180.3557 -157.5923 4365.8916 115 139 85
183.8577 -157.5923 4365.8916 116 140 85
187.6164 -157.8082 4371.8721 116 140 87
191.3855 -158.0247 4377.8691 115 139 87
195.1648 -158.2418 4383.8828 113 139 86
198.9546 -158.4594 4389.9131 112 138 83
202.4759 -158.4594 4389.9131 110 135 81
205.4321 -158.0247 4377.8691 108 133 79
208.9438 -158.0247 4377.8691 108 132 78
177.3388 -161.5364 4377.8691 114 138 83
180.6027 -161.3151 4371.8721 113 138 83
183.8577 -161.0944 4365.8916 111 137 83
187.6164 -161.3151 4371.8721 112 137 84
191.6484 -161.7583 4383.8828 111 136 82
195.4333 -161.9808 4389.9131 109 135 80
198.9546 -161.9808 4389.9131 106 133 77
202.4759 -161.9808 4389.9131 103 130 75
205.4321 -161.5364 4377.8691 101 127 72
177.3388 -165.0480 4377.8691 111 136 83
180.8505 -165.0480 4377.8691 112 138 84
184.1096 -164.8219 4371.8721 110 136 82
187.6164 -164.8219 4371.8721 108 134 79
195.1648 -165.2747 4383.8828 105 129 73
198.6813 -165.2747 4383.8828 102 128 71
177.3388 -168.5597 4377.8691 103 130 75
180.6027 -168.3288 4371.8721 107 133 79
183.8577 -168.0985 4365.8916 108 134 79
187.1038 -167.8689 4359.9272 105 132 77
177.5824 -172.3077 4383.8828 100 128 74
180.8505 -172.0713 4377.8691 100 129 75
412.9564 -164.5244 4102.1426 176 178 122
407.4227 -168.2474 4112.7148 130 156 106
409.6659 -167.8149 4102.1426 170 197 130
412.4262 -167.5995 4096.8765 159 186 124
406.3754 -171.1054 4102.1426 160 175 125
409.1400 -170.8858 4096.8765 163 190 140
411.8975 -170.6667 4091.6240 166 195 149
399.7944 -174.3959 4102.1426 180 195 139
403.0849 -174.3959 4102.1426 178 198 148
405.8537 -174.1720 4096.8765 170 193 151
408.0922 -173.7260 4086.3850 167 196 157
411.3701 -173.7260 4086.3850 161 193 156
398.0387 -178.3742 4118.0215 164 178 132
399.7944 -177.6864 4102.1426 164 191 149
403.6036 -177.9151 4107.4219 162 194 157
406.3754 -177.6864 4102.1426 159 191 159
408.6154 -177.2308 4091.6240 151 185 153
411.3701 -177.0039 4086.3850 144 179 147
396.2695 -182.3834 4134.0244 157 188 141
398.5530 -181.9122 4123.3423 152 185 148
400.8248 -181.4433 4112.7148 150 185 153
404.1237 -181.4433 4112.7148 147 182 151
406.8983 -181.2098 4107.4219 141 176 148
409.6659 -180.9769 4102.1426 136 172 144
411.8975 -180.5128 4091.6240 131 166 140
387.8284 -186.4239 4150.1519 162 174 134
390.1427 -185.9404 4139.3862 154 182 144
393.4631 -185.9404 4139.3862 142 178 141
396.7834 -185.9404 4139.3862 136 173 142
399.0686 -185.4593 4128.6763 137 171 143
401.8605 -185.2197 4123.3423 138 172 145
404.6452 -184.9807 4118.0215 136 170 145
407.4227 -184.7423 4112.7148 131 166 141
410.1931 -184.5045 4107.4219 124 159 134
411.8975 -183.7949 4091.6240 116 151 125
382.1643 -190.2477 4160.9736 133 161 120
385.5020 -190.2477 4160.9736 140 173 136
388.8397 -190.2477 4160.9736 136 172 142
391.6667 -190.0000 4155.5557 129 168 138
394.4864 -189.7529 4150.1519 124 164 133
397.8154 -189.7529 4150.1519 124 162 136
400.1038 -189.2607 4139.3862 124 161 136
402.9016 -189.0156 4134.0244 125 160 137
405.1680 -188.5272 4123.3423 124 158 138
407.9484 -188.2839 4118.0215 117 152 127
410.1931 -187.7992 4107.4219 108 142 112
411.8975 -187.0769 4091.6240 101 134 98
376.9634 -194.3456 4177.3125 150 185 136
380.3141 -194.3456 4177.3125 141 179 136
383.1634 -194.0915 4171.8521 132 170 137
386.0052 -193.8381 4166.4058 127 166 138
389.3473 -193.8381 4166.4058 123 161 136
393.2027 -194.0915 4171.8521 121 159 133
395.5150 -193.5854 4160.9736 118 157 131
398.3334 -193.3333 4155.5557 116 155 130
401.1444 -193.0819 4150.1519 115 153 130
403.4242 -192.5811 4139.3862 115 150 128
405.6921 -192.0828 4128.6763 112 147 124
407.9484 -191.5871 4118.0215 109 142 112
410.1931 -191.0940 4107.4219 102 132 95
411.8975 -190.3590 4091.6240 100 127 84
380.8126 -197.9554 4182.7871 123 163 130
383.6649 -197.6964 4177.3125 121 161 133
387.0157 -197.6964 4177.3125 118 157 132
390.3665 -197.6964 4177.3125 116 155 129
394.2333 -197.9554 4182.7871 114 153 127
396.5490 -197.4379 4171.8521 111 150 124
399.3734 -197.1802 4166.4058 108 145 120
401.6667 -196.6667 4155.5557 108 144 117
403.4242 -195.9014 4139.3862 107 140 110
405.1680 -195.1421 4123.3423 101 132 98
407.4227 -194.6392 4112.7148 102 130 90
409.6659 -194.1388 4102.1426 98 124 80
410.8440 -193.1458 4081.1594 100 123 73
381.8134 -201.8397 4193.7803 116 156 128
384.1678 -201.3106 4182.7871 115 155 131
387.5229 -201.3106 4182.7871 113 153 128
390.8781 -201.3106 4182.7871 109 148 122
395.2694 -201.8397 4193.7803 106 144 117
397.5885 -201.3106 4182.7871 105 140 112
400.9436 -201.3106 4182.7871 101 133 102
403.2419 -200.7843 4171.8521 99 129 90
406.2177 -198.9637 4134.0244 99 124 76
407.9484 -198.1935 4118.0215 97 121 71
410.1931 -197.6834 4107.4219 99 122 71
411.8975 -196.9231 4091.6240 104 125 71
414.1176 -196.4194 4081.1594 111 130 75
382.3158 -205.4737 4199.2983 109 149 122
385.1774 -205.2037 4193.7803 110 150 124
388.0315 -204.9344 4188.2764 110 149 124
391.9054 -205.2037 4193.7803 107 142 115
396.3110 -205.7444 4204.8311 101 134 102
398.1102 -204.9344 4188.2764 99 130 94
401.4698 -204.9344 4188.2764 95 124 84
403.7697 -204.3979 4177.3125 94 122 73
406.2177 -202.2798 4134.0244 96 119 63
407.9484 -201.4968 4118.0215 98 120 60
410.1931 -200.9781 4107.4219 110 128 68
412.4262 -200.4621 4096.8765 117 132 74
385.6842 -208.8421 4199.2983 104 141 113
389.0527 -208.8421 4199.2983 105 143 115
392.4211 -208.8421 4199.2983 103 138 108
397.3580 -209.6698 4215.9404 95 127 90
398.6334 -208.5677 4193.7803 93 124 79
401.9974 -208.5677 4193.7803 91 122 72
404.8294 -208.2940 4188.2764 91 120 66
407.1205 -207.7487 4177.3125 93 120 63
409.3995 -207.2063 4166.4058 91 117 59
410.7217 -204.5361 4112.7148 116 131 73
387.7249 -213.3333 4221.5171 94 130 96
390.5945 -213.0515 4215.9404 97 134 99
393.9763 -213.0515 4215.9404 99 133 98
398.4106 -213.6159 4227.1084 96 127 86
399.1579 -212.2105 4199.2983 91 122 73
402.5263 -212.2105 4199.2983 88 120 64
405.3614 -211.9317 4193.7803 92 121 63
408.7254 -211.9317 4193.7803 97 124 65
412.0894 -211.9317 4193.7803 99 123 63
414.9081 -211.6535 4188.2764 110 127 68
389.2696 -217.5830 4238.3354 95 127 89
392.6693 -217.5830 4238.3354 92 125 84
395.5438 -217.2944 4232.7144 93 126 80
399.4688 -217.5830 4238.3354 94 124 74
400.2111 -216.1478 4210.3784 90 118 63
403.0567 -215.8630 4204.8311 90 118 59
405.8947 -215.5790 4199.2983 99 124 64
409.2632 -215.5790 4199.2983 106 128 70
412.6316 -215.5790 4199.2983 112 129 71
401.2699 -220.1059 4221.5171 92 120 62
404.1216 -219.8151 4215.9404 94 119 60
406.9657 -219.5251 4210.3784 103 123 66
410.3430 -219.5251 4210.3784 116 127 74
402.3342 -224.0849 4232.7144 102 126 69
404.6561 -223.4921 4221.5171 108 128 72
407.5033 -223.1969 4215.9404 122 126 75
410.8851 -223.1969 4215.9404 142 114 73
401.8014 -227.1788 4227.1084 107 125 68
404.6561 -226.8783 4221.5171 124 127 76
408.0424 -226.8783 4221.5171 154 125 82
335.4612 -277.3646 4672.7188 123 146 116
333.6672 -282.7688 4700.2456 132 164 140
336.4464 -281.9383 4686.4414 131 165 134
339.2094 -281.1128 4672.7188 130 170 125
342.9576 -281.1128 4672.7188 126 168 125
344.6871 -279.4760 4645.5122 123 161 126
327.5740 -287.8107 4721.1045 136 165 130
329.8969 -286.5390 4700.2456 140 168 136
334.1593 -286.9617 4707.1782 137 168 137
336.4464 -285.6975 4686.4414 137 173 139
339.7068 -285.2786 4679.5698 125 166 125
342.9576 -284.8609 4672.7188 117 160 116
345.6935 -284.0292 4659.0757 113 152 114
322.8319 -290.7375 4707.1782 147 169 129
327.5740 -291.5976 4721.1045 150 175 131
329.8969 -290.3093 4700.2456 155 186 141
334.1593 -290.7375 4707.1782 149 184 144
336.9412 -289.8824 4693.3335 129 168 132
340.2056 -289.4567 4686.4414 118 159 121
343.4604 -289.0323 4679.5698 110 150 109
346.1989 -288.1872 4665.8872 105 143 101
348.9213 -287.3470 4652.2837 104 140 99
353.1679 -287.7664 4659.0757 102 137 96
356.9051 -287.7664 4659.0757 98 132 87
360.6424 -287.7664 4659.0757 95 125 75
368.1168 -287.7664 4659.0757 92 120 68
371.8540 -287.7664 4659.0757 91 119 66
376.6911 -288.6091 4672.7188 91 119 64
322.3564 -294.0796 4700.2456 135 155 102
327.0901 -294.9483 4714.1309 149 178 112
329.8969 -294.0796 4700.2456 145 186 132
333.6672 -294.0796 4700.2456 128 171 126
336.4464 -293.2159 4686.4414 118 160 120
339.7068 -292.7859 4679.5698 110 150 111
343.4604 -292.7859 4679.5698 102 139 97
346.1989 -291.9298 4665.8872 99 134 88
348.9213 -291.0787 4652.2837 101 132 87
353.1679 -291.5037 4659.0757 100 129 86
356.9051 -291.5037 4659.0757 97 126 80
360.6424 -291.5037 4659.0757 96 124 75
368.6550 -291.9298 4665.8872 95 122 73
372.3977 -291.9298 4665.8872 96 122 72
377.2434 -292.7859 4679.5698 96 122 68
379.8831 -291.9298 4665.8872 96 122 65
322.8319 -298.2891 4707.1782 153 182 139
326.6077 -298.2891 4707.1782 130 167 117
329.4118 -297.4118 4693.3335 126 168 121
333.6672 -297.8498 4700.2456 120 160 119
336.4464 -296.9750 4686.4414 110 149 107
339.7068 -296.5396 4679.5698 101 137 92
342.9576 -296.1054 4672.7188 98 129 81
345.6935 -295.2409 4659.0757 96 126 75
348.4135 -294.3814 4645.5122 94 122 71
352.1398 -294.3814 4645.5122 94 119 69
355.3488 -293.9535 4638.7598 95 120 70
359.0698 -293.9535 4638.7598 96 120 72
367.5802 -294.8105 4652.2837 97 123 73
371.8540 -295.2409 4659.0757 96 122 71
376.6911 -296.1054 4672.7188 92 117 60
379.3285 -295.2409 4659.0757 91 116 54
323.3087 -302.5111 4714.1309 153 183 144
327.5740 -302.9586 4721.1045 127 165 125
330.3835 -302.0649 4707.1782 117 157 116
334.1593 -302.0649 4707.1782 109 147 106
336.9412 -301.1765 4693.3335 102 138 93
340.2056 -300.7342 4686.4414 98 130 82
343.4604 -300.2933 4679.5698 96 124 73
346.7057 -299.8536 4672.7188 94 120 67
349.4307 -298.9781 4659.0757 92 118 62
353.1679 -298.9781 4659.0757 92 116 60
356.3849 -298.5423 4652.2837 91 115 60
359.5925 -298.1077 4645.5122 93 115 60
368.1168 -298.9781 4659.0757 96 120 65
372.3977 -299.4152 4665.8872 94 117 59
376.6911 -299.8536 4672.7188 95 118 57
379.8831 -299.4152 4665.8872 98 119 63
319.5273 -306.2924 4714.1309 150 184 136
323.7870 -306.7456 4721.1045 126 165 122
328.0593 -307.2000 4728.0991 115 153 114
330.8715 -306.2924 4714.1309 107 144 102
334.6529 -306.2924 4714.1309 100 134 90
336.9412 -304.9412 4693.3335 94 127 77
340.2056 -304.4934 4686.4414 93 123 69
343.9648 -304.4934 4686.4414 92 120 63
347.2141 -304.0469 4679.5698 93 120 63
349.9416 -303.1579 4665.8872 95 121 66
354.2021 -303.6018 4672.7188 95 121 68
357.9503 -303.6018 4672.7188 97 118 65
361.1696 -303.1579 4665.8872 96 117 59
363.3188 -301.8341 4645.5122 99 122 65
368.6550 -303.1579 4665.8872 101 122 65
372.3977 -303.1579 4665.8872 101 120 64
377.2434 -304.0469 4679.5698 99 117 63
380.4393 -303.6018 4672.7188 87 106 58
324.2667 -310.9926 4728.0991 111 149 105
328.5460 -311.4540 4735.1138 103 141 97
331.3610 -310.5325 4721.1045 98 133 88
335.1479 -310.5325 4721.1045 95 126 78
337.4374 -309.1606 4700.2456 93 122 68
340.2056 -308.2526 4686.4414 92 120 62
343.9648 -308.2526 4686.4414 92 120 62
347.2141 -307.8006 4679.5698 95 122 66
350.4539 -307.3499 4672.7188 98 123 68
354.7214 -307.8006 4679.5698 100 123 69
358.4751 -307.8006 4679.5698 101 122 68
361.6985 -307.3499 4672.7188 99 120 63
364.3796 -306.4526 4659.0757 98 118 61
369.1948 -307.3499 4672.7188 98 117 63
372.3977 -306.9006 4665.8872 95 113 62
377.2434 -307.8006 4679.5698 75 92 49
380.4393 -307.3499 4672.7188 54 70 33
334.6529 -313.8553 4714.1309 95 121 69
336.9412 -312.4706 4693.3335 93 117 61
340.2056 -312.0117 4686.4414 95 117 60
343.9648 -312.0117 4686.4414 95 117 61
347.2141 -311.5543 4679.5698 97 118 61
350.4539 -311.0981 4672.7188 97 119 63
354.7214 -311.5543 4679.5698 97 117 63
359.0015 -312.0117 4686.4414 97 117 61
361.6985 -311.0981 4672.7188 95 114 61
364.9123 -310.6433 4665.8872 95 115 60
369.1948 -311.0981 4672.7188 100 118 60
372.3977 -310.6433 4665.8872 75 91 45
377.2434 -311.5543 4679.5698 46 59 28
334.6529 -317.6366 4714.1309 94 115 60
349.4307 -313.9270 4659.0757 96 116 62
353.6842 -314.3860 4665.8872 93 111 60
358.4751 -315.3079 4679.5698 85 104 53
362.2288 -315.3079 4679.5698 80 99 51
365.4466 -314.8463 4672.7188 85 103 50
369.1948 -314.8463 4672.7188 95 114 50
362.2288 -319.0616 4679.5698 71 90 47
365.9824 -319.0616 4679.5698 74 91 46
134.2097 -364.5697 4994.4707 138 167 117
138.0000 -364.0000 4986.6670 126 156 100
142.0000 -364.0000 4986.6670 114 146 79
146.2285 -364.5697 4994.4707 93 119 52
150.0000 -364.0000 4986.6670 81 92 45
153.7598 -363.4322 4978.8872 72 54 25
158.0000 -364.0000 4986.6670 84 54 23
126.1972 -368.5759 4994.4707 147 176 115
130.0000 -368.0000 4986.6670 140 170 110
134.0000 -368.0000 4986.6670 122 153 92
137.5701 -366.8536 4971.1318 104 137 69
141.7785 -367.4259 4978.8872 94 122 56
145.5452 -366.8536 4971.1318 85 100 49
149.5327 -366.8536 4971.1318 71 63 28
153.5202 -366.8536 4971.1318 83 53 22
157.7535 -367.4259 4978.8872 130 95 49
162.2535 -368.5759 4994.4707 164 131 75
121.2422 -369.6895 4955.6938 162 189 140
125.4121 -370.2644 4963.4009 147 177 114
129.3935 -370.2644 4963.4009 132 162 95
133.3748 -370.2644 4963.4009 111 143 71
137.1429 -369.6895 4955.6938 94 125 54
141.1180 -369.6895 4955.6938 85 105 53
145.3188 -370.2644 4963.4009 76 74 37
149.0683 -369.6895 4955.6938 77 54 22
153.2815 -370.2644 4963.4009 140 108 62
157.5078 -370.8411 4971.1318 173 140 85
162.0000 -372.0000 4986.6670 177 145 90
117.2671 -373.6646 4955.6938 170 198 152
120.8669 -372.5078 4940.3511 164 192 142
125.0233 -373.0853 4948.0103 152 182 123
128.9922 -373.0853 4948.0103 127 158 92
133.1677 -373.6646 4955.6938 106 136 63
136.9302 -373.0853 4948.0103 89 111 53
140.8992 -373.0853 4948.0103 82 84 45
145.0932 -373.6646 4955.6938 84 61 29
149.0683 -373.6646 4955.6938 135 104 61
153.2815 -374.2458 4963.4009 177 144 91
157.5078 -374.8287 4971.1318 188 157 104
161.7473 -375.4135 4978.8872 171 141 88
116.9040 -376.4706 4940.3511 165 193 146
120.6801 -375.8888 4932.7153 156 186 133
124.8297 -376.4706 4940.3511 147 177 118
128.7926 -376.4706 4940.3511 135 159 93
132.9612 -377.0543 4948.0103 105 123 58
136.7183 -376.4706 4940.3511 87 96 49
140.8992 -377.0543 4948.0103 82 66 30
144.8682 -377.0543 4948.0103 144 114 69
148.8372 -377.0543 4948.0103 186 153 102
152.8062 -377.0543 4948.0103 186 155 102
157.0186 -377.6398 4955.6938 175 146 92
161.4953 -378.8162 4971.1318 128 95 50
166.2598 -380.5947 4994.4707 97 59 25
116.9040 -380.4334 4940.3511 154 183 135
120.6801 -379.8455 4932.7153 146 176 121
124.8297 -380.4334 4940.3511 159 184 123
128.7926 -380.4334 4940.3511 136 145 89
132.7554 -380.4334 4940.3511 101 102 54
136.7183 -380.4334 4940.3511 87 76 36
140.8992 -381.0233 4948.0103 115 87 42
144.6440 -380.4334 4940.3511 182 151 96
148.6068 -380.4334 4940.3511 185 152 97
152.8062 -381.0233 4948.0103 175 144 87
157.0186 -381.6150 4955.6938 127 92 45
161.4953 -382.8037 4971.1318 94 55 22
166.2598 -384.6010 4994.4707 96 56 25
116.9040 -384.3963 4940.3511 139 170 115
120.6801 -383.8022 4932.7153 137 168 106
124.8297 -384.3963 4940.3511 127 155 84
128.7926 -384.3963 4940.3511 99 115 53
132.9612 -384.9922 4948.0103 91 86 42
136.7183 -384.3963 4940.3511 101 72 32
140.6811 -384.3963 4940.3511 176 145 93
144.6440 -384.3963 4940.3511 194 165 111
148.3771 -383.8022 4932.7153 181 150 92
152.5697 -384.3963 4940.3511 141 106 57
156.7752 -384.9922 4948.0103 94 54 21
161.2442 -386.1898 4963.4009 92 52 22
166.2598 -388.6072 4994.4707 100 58 25
116.9040 -388.3592 4940.3511 122 155 90
120.6801 -387.7589 4932.7153 113 143 71
124.8297 -388.3592 4940.3511 94 118 57
128.7926 -388.3592 4940.3511 100 100 51
132.7554 -388.3592 4940.3511 104 77 36
136.5070 -387.7589 4932.7153 138 105 59
140.4637 -387.7589 4932.7153 199 169 116
144.4204 -387.7589 4932.7153 198 168 113
148.3771 -387.7589 4932.7153 157 125 69
152.3339 -387.7589 4932.7153 104 67 28
156.5325 -388.3592 4940.3511 91 51 20
161.2442 -390.1711 4963.4009 95 54 23
166.2598 -392.6135 4994.4707 98 56 24
112.9412 -392.3220 4940.3511 116 147 76
116.7234 -391.7156 4932.7153 102 136 61
120.4938 -391.1111 4925.1030 92 116 56
124.6368 -391.7156 4932.7153 97 101 54
128.5935 -391.7156 4932.7153 109 84 41
132.7554 -392.3220 4940.3511 124 89 42
136.5070 -391.7156 4932.7153 188 161 113
140.2469 -391.1111 4925.1030 197 168 116
144.1975 -391.1111 4925.1030 191 160 102
148.1481 -391.1111 4925.1030 120 85 37
152.3339 -391.7156 4932.7153 95 57 22
156.5325 -392.3220 4940.3511 94 55 24
160.9938 -393.5404 4955.6938 93 55 24
166.2598 -396.6198 4994.4707 100 61 27
105.1783 -396.8992 4948.0103 136 166 100
108.8099 -395.6724 4932.7153 115 146 72
112.7666 -395.6724 4932.7153 101 133 58
116.5432 -395.0618 4925.1030 89 117 53
120.4938 -395.0618 4925.1030 97 104 59
124.4445 -395.0618 4925.1030 108 85 46
128.3951 -395.0618 4925.1030 117 80 39
132.5502 -395.6724 4932.7153 138 102 54
136.2963 -395.0618 4925.1030 202 175 122
140.2469 -395.0618 4925.1030 194 166 111
143.9754 -394.4530 4917.5142 172 140 86
147.9199 -394.4530 4917.5142 103 66 26
152.0988 -395.0618 4925.1030 98 62 31
156.5325 -396.2849 4940.3511 96 60 29
161.2442 -398.1338 4963.4009 96 60 27
101.6822 -402.7415 4971.1318 154 184 121
104.6914 -399.0124 4925.1030 131 163 87
108.4746 -398.3976 4917.5142 109 138 57
112.4191 -398.3976 4917.5142 91 116 49
116.3636 -398.3976 4917.5142 104 112 64
120.3082 -398.3976 4917.5142 124 103 66
124.2527 -398.3976 4917.5142 125 87 50
128.1972 -398.3976 4917.5142 126 85 43
132.3457 -399.0124 4925.1030 176 143 93
136.2963 -399.0124 4925.1030 210 183 133
140.0308 -398.3976 4917.5142 191 162 106
143.9754 -398.3976 4917.5142 146 114 62
147.9199 -398.3976 4917.5142 103 67 29
151.8644 -398.3976 4917.5142 101 64 31
156.5325 -400.2477 4940.3511 100 63 30
161.2442 -402.1151 4963.4009 102 63 30
101.3665 -405.4659 4955.6938 159 187 120
104.8532 -403.5858 4932.7153 171 191 117
108.6420 -402.9630 4925.1030 125 137 67
112.5926 -402.9630 4925.1030 106 112 57
116.3636 -402.3421 4917.5142 143 123 86
120.3082 -402.3421 4917.5142 144 110 80
124.2527 -402.3421 4917.5142 132 93 57
128.1972 -402.3421 4917.5142 135 95 50
132.1418 -402.3421 4917.5142 209 181 129
136.0863 -402.3421 4917.5142 199 175 123
139.8154 -401.7231 4909.9487 184 155 98
143.7538 -401.7231 4909.9487 129 95 46
147.6923 -401.7231 4909.9487 108 71 33
151.8644 -402.3421 4917.5142 103 67 32
156.2906 -403.5858 4932.7153 104 64 30
161.4953 -406.7290 4971.1318 105 66 30
101.2093 -408.8062 4948.0103 159 185 106
104.6914 -406.9136 4925.1030 137 154 81
108.4746 -406.2866 4917.5142 114 120 62
112.4191 -406.2866 4917.5142 153 132 89
116.3636 -406.2866 4917.5142 167 130 98
120.1231 -405.6616 4909.9487 151 114 83
124.0615 -405.6616 4909.9487 137 99 64
127.8034 -405.0385 4902.4067 155 119 72
131.9385 -405.6616 4909.9487 227 204 155
135.8769 -405.6616 4909.9487 195 171 119
139.6006 -405.0385 4902.4067 163 132 78
143.5330 -405.0385 4902.4067 120 83 40
147.4654 -405.0385 4902.4067 113 75 36
151.6308 -405.6616 4909.9487 109 70 33
156.0494 -406.9136 4925.1030 109 67 32
101.0526 -412.1362 4940.3511 111 135 61
104.5301 -410.2311 4917.5142 106 118 59
108.3077 -409.6000 4909.9487 151 136 92
112.2462 -409.6000 4909.9487 177 141 108
116.1846 -409.6000 4909.9487 173 135 105
119.9386 -408.9709 4902.4067 157 121 93
123.6810 -408.3436 4894.8877 144 112 79
127.6074 -408.3436 4894.8877 194 166 118
131.7358 -408.9709 4902.4067 221 196 147
135.6682 -408.9709 4902.4067 181 152 96
139.3865 -408.3436 4894.8877 138 102 50
143.3129 -408.3436 4894.8877 120 80 37
147.0138 -407.7182 4887.3916 116 77 36
151.3979 -408.9709 4902.4067 115 75 36
155.8089 -410.2311 4917.5142 115 73 35
100.8965 -415.4560 4932.7153 104 119 62
104.3692 -413.5385 4909.9487 150 138 92
108.1413 -412.9033 4902.4067 179 147 111
112.0737 -412.9033 4902.4067 180 141 111
116.0062 -412.9033 4902.4067 174 141 111
119.7546 -412.2700 4894.8877 160 130 100
123.6810 -412.2700 4894.8877 167 139 103
127.4120 -411.6386 4887.3916 231 208 159
131.5338 -412.2700 4894.8877 206 181 126
135.4601 -412.2700 4894.8877 165 136 78
139.3865 -412.2700 4894.8877 125 88 39
143.0934 -411.6386 4887.3916 121 80 38
146.7890 -411.0092 4879.9185 119 81 37
151.3979 -412.9033 4902.4067 123 80 38
93.7072 -422.6792 4971.1318 96 125 61
96.9397 -419.4127 4932.7153 102 118 64
100.5855 -418.1202 4917.5142 149 136 92
104.2089 -416.8357 4902.4067 184 152 115
107.9755 -416.1964 4894.8877 185 150 116
111.9018 -416.1964 4894.8877 184 145 115
115.8282 -416.1964 4894.8877 175 143 113
119.5712 -415.5590 4887.3916 166 137 107
123.4916 -415.5590 4887.3916 202 178 138
127.4120 -415.5590 4887.3916 236 216 166
131.3323 -415.5590 4887.3916 195 169 112
135.4601 -416.1964 4894.8877 147 114 59
139.1731 -415.5590 4887.3916 123 84 38
142.8746 -414.9236 4879.9185 121 82 38
93.4162 -425.3416 4955.6938 103 117 66
96.7901 -422.7161 4925.1030 149 138 94
100.4308 -421.4154 4909.9487 184 148 114
104.0491 -420.1227 4894.8877 188 151 118
107.6453 -418.8380 4879.9185 186 152 119
111.7305 -419.4793 4887.3916 185 148 118
115.6508 -419.4793 4887.3916 180 145 115
119.3884 -418.8380 4879.9185 178 149 116
123.3028 -418.8380 4879.9185 232 209 167
127.2171 -418.8380 4879.9185 229 211 164
131.3323 -419.4793 4887.3916 185 159 104
135.2527 -419.4793 4887.3916 136 101 51
93.1269 -427.9877 4940.3511 152 137 93
96.6410 -426.0092 4917.5142 185 150 114
100.2765 -424.7005 4902.4067 186 148 116
103.7309 -422.7523 4879.9185 186 149 117
107.6453 -422.7523 4879.9185 185 150 116
111.5596 -422.7523 4879.9185 184 149 117
115.4740 -422.7523 4879.9185 183 148 117
119.2061 -422.1069 4872.4683 196 166 129
123.3028 -422.7523 4879.9185 246 225 183
93.1269 -431.9505 4940.3511 182 146 109
96.6410 -429.9538 4917.5142 187 146 111
100.2765 -428.6329 4902.4067 185 148 115
103.8897 -427.3201 4887.3916 186 150 118
107.8101 -427.3201 4887.3916 183 147 115
111.7305 -427.3201 4887.3916 183 148 116
115.4740 -426.6667 4879.9185 181 147 116
119.2061 -426.0153 4872.4683 214 186 148
92.8395 -434.5679 4925.1030 170 139 103
96.4923 -433.2308 4909.9487 172 136 99
100.2765 -432.5653 4902.4067 174 139 103
103.8897 -431.2404 4887.3916 176 141 107
107.6453 -430.5810 4879.9185 173 137 103
111.5596 -430.5810 4879.9185 175 139 105
115.4740 -430.5810 4879.9185 180 144 109
82.1283 -444.6949 4994.4707 132 140 99
92.6965 -437.8428 4917.5142 161 140 108
96.3441 -436.4977 4902.4067 160 135 101
100.1227 -435.8283 4894.8877 158 129 91
103.8897 -435.1608 4887.3916 156 126 87
107.6453 -434.4954 4879.9185 156 124 87
111.5596 -434.4954 4879.9185 157 123 87
-30.0000 -448.0000 4986.6670 187 211 173
-25.9190 -446.6044 4971.1318 185 210 171
-22.0344 -448.7011 4994.4707 187 212 177
-18.0000 -448.0000 4986.6670 188 213 182
38.0595 -448.7011 4994.4707 166 192 148
50.0783 -448.7011 4994.4707 159 187 126
54.0845 -448.7011 4994.4707 149 177 106
58.0908 -448.7011 4994.4707 134 161 79
62.0970 -448.7011 4994.4707 116 143 60
92.6965 -441.7874 4917.5142 166 137 102
96.4923 -441.1077 4909.9487 162 126 91
100.2765 -440.4301 4902.4067 155 122 85
103.8897 -439.0812 4887.3916 150 117 81
107.4809 -437.7405 4872.4683 146 112 77
111.5596 -438.4098 4879.9185 147 115 79
-33.9470 -451.2949 4978.8872 185 209 176
-29.9065 -450.5919 4971.1318 185 209 176
-25.8787 -449.8912 4963.4009 186 210 177
-22.0344 -452.7074 4994.4707 186 210 177
-17.9719 -451.2949 4978.8872 183 208 177
2.0031 -452.7074 4994.4707 185 208 183
22.0000 -452.0001 4986.6670 183 208 178
25.9190 -450.5919 4971.1318 180 205 174
29.9065 -450.5919 4971.1318 177 200 163
33.7888 -449.1926 4955.6938 166 189 144
37.7054 -448.4962 4948.0103 162 187 133
41.8040 -449.8912 4963.4009 158 185 125
45.8567 -450.5919 4971.1318 153 180 115
49.7667 -449.8912 4963.4009 156 183 110
53.7481 -449.8912 4963.4009 169 191 114
57.7294 -449.8912 4963.4009 146 156 83
61.9033 -451.2949 4978.8872 101 113 46
92.5538 -445.0461 4909.9487 180 146 104
100.1227 -443.6810 4894.8877 173 127 83
103.5725 -441.6489 4872.4683 166 122 79
107.1537 -440.3044 4857.6357 161 115 75
-34.0532 -456.7137 4994.4707 183 207 172
-30.0000 -456.0001 4986.6670 182 206 169
-26.0000 -456.0001 4986.6670 183 207 170
-18.0282 -456.7137 4994.4707 178 202 167
-2.0031 -456.7137 4994.4707 185 207 180
1.9938 -454.5794 4971.1318 187 209 181
5.9906 -455.2886 4978.8872 189 212 182
10.0156 -456.7137 4994.4707 188 212 182
14.0219 -456.7137 4994.4707 188 211 182
17.9160 -453.8725 4963.4009 184 207 177
21.8295 -452.4651 4948.0103 179 204 171
25.7985 -452.4651 4948.0103 173 199 163
29.7674 -452.4651 4948.0103 167 194 150
33.6842 -451.7647 4940.3511 162 186 135
37.5889 -451.0665 4932.7153 154 178 120
41.6099 -451.7647 4940.3511 148 174 109
45.6434 -452.4651 4948.0103 144 171 98
49.6124 -452.4651 4948.0103 151 177 97
53.5814 -452.4651 4948.0103 134 156 76
57.5504 -452.4651 4948.0103 104 118 51
61.7107 -453.8725 4963.4009 89 101 44
66.1033 -456.7137 4994.4707 91 106 56
82.0000 -456.0001 4986.6670 113 118 79
103.4146 -444.8781 4865.0410 183 130 85
106.8285 -442.8528 4842.8936 178 127 81
-45.8567 -458.5670 4971.1318 183 206 171
-42.0657 -460.7199 4994.4707 185 209 175
-38.0595 -460.7199 4994.4707 186 210 179
-33.9470 -459.2824 4978.8872 187 212 182
-29.9532 -459.2824 4978.8872 188 212 182
-25.9594 -459.2824 4978.8872 185 210 178
-22.0344 -460.7199 4994.4707 181 204 169
-17.9719 -459.2824 4978.8872 176 199 162
-14.0000 -460.0000 4986.6670 180 201 162
-10.0156 -460.7199 4994.4707 183 202 164
-6.0000 -460.0000 4986.6670 187 207 174
-1.9969 -459.2824 4978.8872 190 212 183
1.9907 -457.8539 4963.4009 192 215 187
5.9627 -457.1429 4955.6938 189 213 184
9.9533 -457.8539 4963.4009 186 210 180
13.9347 -457.8539 4963.4009 182 206 175
17.8605 -456.4341 4948.0103 176 201 165
21.7957 -455.7276 4940.3511 170 196 156
25.7187 -455.0232 4932.7153 165 192 147
29.6754 -455.0232 4932.7153 157 184 133
33.5802 -454.3210 4925.1030 149 175 118
37.4730 -453.6210 4917.5142 137 166 102
41.5456 -455.0232 4932.7153 131 160 86
45.5023 -455.0232 4932.7153 127 157 77
49.5356 -455.7276 4940.3511 105 132 57
53.4985 -455.7276 4940.3511 91 113 46
57.4613 -455.7276 4940.3511 91 106 49
61.5194 -456.4341 4948.0103 102 112 63
-50.0783 -464.7262 4994.4707 181 205 173
-45.9282 -463.2762 4978.8872 184 208 176
-38.0595 -464.7262 4994.4707 188 211 182
-33.9470 -463.2762 4978.8872 187 211 182
-30.0000 -464.0001 4986.6670 185 209 179
-26.0000 -464.0001 4986.6670 180 204 172
-22.0344 -464.7262 4994.4707 180 205 173
-17.9439 -462.5545 4971.1318 184 206 176
-13.9782 -463.2762 4978.8872 184 206 173
-9.9844 -463.2762 4978.8872 186 208 173
-5.9720 -461.8352 4963.4009 191 212 182
-1.9876 -461.1181 4955.6938 193 214 186
1.9845 -460.4031 4948.0103 189 213 182
5.9535 -460.4031 4948.0103 185 208 177
9.9225 -460.4031 4948.0103 179 204 170
13.8915 -460.4031 4948.0103 171 197 159
17.8053 -458.9799 4932.7153 162 190 143
21.7620 -458.9799 4932.7153 158 187 132
25.7187 -458.9799 4932.7153 155 184 125
29.6296 -458.2716 4925.1030 148 175 112
33.5802 -458.2716 4925.1030 134 161 92
37.4730 -457.5655 4917.5142 118 150 74
41.4815 -458.2716 4925.1030 110 141 66
45.5023 -458.9799 4932.7153 93 121 52
49.4590 -458.9799 4932.7153 86 109 46
53.4985 -459.6905 4940.3511 92 105 51
57.4613 -459.6905 4940.3511 107 115 66
61.4242 -459.6905 4940.3511 110 118 76
65.4884 -460.4031 4948.0103 93 108 73
-65.3870 -463.6533 4940.3511 186 210 181
-61.7107 -465.8165 4963.4009 183 208 178
-50.0000 -468.0001 4986.6670 185 208 180
-45.8567 -466.5421 4971.1318 185 209 179
-42.0000 -468.0001 4986.6670 187 210 181
-38.0000 -468.0001 4986.6670 185 207 177
-33.8941 -466.5421 4971.1318 184 206 172
-29.9065 -466.5421 4971.1318 180 201 165
-25.9190 -466.5421 4971.1318 181 204 173
-21.9657 -467.2699 4978.8872 186 208 179
-17.8882 -465.0932 4955.6938 191 212 183
-13.9130 -465.0932 4955.6938 189 211 181
-9.9225 -464.3721 4948.0103 190 213 182
-5.9443 -463.6533 4940.3511 191 214 184
-1.9784 -462.9367 4932.7153 187 210 178
1.9784 -462.9367 4932.7153 181 204 170
5.9259 -462.2223 4925.1030 176 200 163
9.8765 -462.2223 4925.1030 166 192 150
13.8485 -462.9367 4932.7153 157 185 135
17.7504 -461.5101 4917.5142 154 183 124
21.6949 -461.5101 4917.5142 152 182 114
25.6394 -461.5101 4917.5142 150 180 106
29.5840 -461.5101 4917.5142 137 167 85
33.5285 -461.5101 4917.5142 123 151 69
37.4154 -460.8000 4909.9487 107 134 61
41.4176 -461.5101 4917.5142 88 113 49
45.4321 -462.2223 4925.1030 86 106 49
49.3827 -462.2223 4925.1030 94 109 54
53.4158 -462.9367 4932.7153 117 123 75
57.3725 -462.9367 4932.7153 129 130 87
61.2346 -462.2223 4925.1030 104 111 76
-69.4574 -468.3411 4948.0103 186 210 181
-65.2859 -466.8934 4932.7153 183 207 179
-61.5194 -468.3411 4948.0103 181 206 176
-57.8193 -470.5296 4971.1318 182 206 176
-54.0000 -472.0000 4986.6670 183 206 177
-49.8442 -470.5296 4971.1318 185 208 179
-45.7143 -469.0684 4955.6938 185 208 179
-41.8692 -470.5296 4971.1318 185 207 176
-37.8227 -469.7979 4963.4009 184 204 169
-33.7888 -469.0684 4955.6938 181 199 160
-29.8137 -469.0684 4955.6938 183 204 164
-25.8385 -469.0684 4955.6938 189 209 177
-21.8974 -469.7979 4963.4009 190 210 180
-17.8605 -468.3411 4948.0103 193 215 184
-13.8700 -467.6161 4940.3511 192 215 187
-9.8918 -466.8934 4932.7153 191 214 186
-5.9351 -466.8934 4932.7153 189 212 182
-1.9723 -465.4546 4917.5142 181 206 174
1.9723 -465.4546 4917.5142 168 195 157
5.9077 -464.7385 4909.9487 156 184 137
9.8613 -465.4546 4917.5142 146 176 119
13.8059 -465.4546 4917.5142 143 173 108
17.7231 -464.7385 4909.9487 144 173 101
21.6283 -464.0246 4902.4067 149 180 102
25.5607 -464.0246 4902.4067 164 191 108
29.4931 -464.0246 4902.4067 167 184 102
33.4255 -464.0246 4902.4067 117 132 59
37.3579 -464.0246 4902.4067 93 110 51
41.3538 -464.7385 4909.9487 88 104 48
45.2923 -464.7385 4909.9487 106 115 63
49.3066 -465.4546 4917.5142 129 129 81
53.2512 -465.4546 4917.5142 136 133 89
57.2840 -466.1729 4925.1030 129 130 87
61.1402 -465.4546 4917.5142 110 115 75
-85.5988 -473.7792 4963.4009 185 196 160
-81.3643 -472.3101 4948.0103 186 207 174
-77.0370 -470.1235 4925.1030 183 207 171
-73.1994 -470.8501 4932.7153 185 209 179
-69.2427 -470.8501 4932.7153 184 208 179
-65.1852 -470.1235 4925.1030 183 207 177
-61.2346 -470.1235 4925.1030 183 207 178
-57.4613 -471.5789 4940.3511 184 208 179
-53.6646 -473.0435 4955.6938 185 207 178
-49.6124 -472.3101 4948.0103 186 208 180
-45.5728 -471.5789 4940.3511 187 209 181
-41.6099 -471.5789 4940.3511 183 204 173
-37.6471 -471.5789 4940.3511 184 203 169
-33.6842 -471.5789 4940.3511 192 209 176
-29.7214 -471.5789 4940.3511 194 211 178
-25.7585 -471.5789 4940.3511 194 212 178
-21.7620 -470.8501 4932.7153 195 214 182
-17.8053 -470.8501 4932.7153 194 216 187
-13.8485 -470.8501 4932.7153 193 216 188
-9.8613 -469.3991 4917.5142 189 211 183
-5.9168 -469.3991 4917.5142 180 203 172
-1.9692 -468.6769 4909.9487 162 189 150
1.9662 -467.9570 4902.4067 149 178 129
5.8896 -467.2393 4894.8877 135 166 105
9.8160 -467.2393 4894.8877 127 161 90
13.7634 -467.9570 4902.4067 131 164 89
17.6687 -467.2393 4894.8877 137 169 88
21.5620 -466.5238 4887.3916 152 178 94
25.5215 -467.2393 4894.8877 140 161 79
29.4479 -467.2393 4894.8877 115 134 66
33.3742 -467.2393 4894.8877 95 113 55
37.3006 -467.2393 4894.8877 95 109 55
41.2903 -467.9570 4902.4067 114 120 70
45.2923 -468.6769 4909.9487 132 132 86
49.3066 -469.3991 4917.5142 134 131 89
53.2512 -469.3991 4917.5142 134 130 91
57.2840 -470.1235 4925.1030 135 129 89
61.1402 -469.3991 4917.5142 126 125 85
-89.4410 -477.0187 4955.6938 175 192 145
-85.2012 -475.5418 4940.3511 182 202 158
-81.1128 -474.8068 4932.7153 176 199 152
-76.9183 -473.3436 4917.5142 181 205 166
-73.0864 -474.0741 4925.1030 183 207 176
-69.1358 -474.0741 4925.1030 183 207 177
-65.1852 -474.0741 4925.1030 184 207 178
-61.2346 -474.0741 4925.1030 186 209 180
-57.3725 -474.8068 4932.7153 186 210 180
-53.5814 -476.2791 4948.0103 186 209 179
-49.5356 -475.5418 4940.3511 185 208 179
-45.5023 -474.8068 4932.7153 180 203 174
-41.5456 -474.8068 4932.7153 182 203 171
-37.6471 -475.5418 4940.3511 190 208 175
-33.6322 -474.8068 4932.7153 196 213 180
-29.6754 -474.8068 4932.7153 195 213 181
-25.7187 -474.8068 4932.7153 194 214 184
-21.7620 -474.8068 4932.7153 195 217 188
-17.8053 -474.8068 4932.7153 192 215 187
-13.8272 -474.0741 4925.1030 188 211 182
-9.8462 -472.6154 4909.9487 179 202 170
-5.8986 -471.8894 4902.4067 163 191 148
-1.9632 -471.1656 4894.8877 149 179 125
1.9602 -470.4441 4887.3916 137 168 105
5.8626 -469.0077 4872.4683 129 161 88
9.7859 -469.7248 4879.9185 124 157 80
13.7213 -470.4441 4887.3916 124 157 76
17.5878 -469.0077 4872.4683 124 155 73
21.4634 -468.2928 4865.0410 109 136 60
25.4434 -469.7248 4879.9185 101 123 58
29.3578 -469.7248 4879.9185 99 116 60
33.3231 -470.4441 4887.3916 102 114 62
37.1865 -469.7248 4879.9185 126 128 83
41.1639 -470.4441 4887.3916 133 132 89
45.1534 -471.1656 4894.8877 132 131 88
49.2308 -472.6154 4909.9487 119 117 80
53.1692 -472.6154 4909.9487 122 120 86
57.1957 -473.3436 4917.5142 129 128 90
61.1402 -473.3436 4917.5142 100 107 73
-97.5428 -481.7419 4963.4009 173 190 137
-93.5614 -481.7419 4963.4009 178 198 148
-89.1641 -479.5047 4940.3511 179 202 154
-84.9383 -478.0247 4925.1030 181 204 162
-80.8629 -477.2881 4917.5142 181 206 171
-76.9183 -477.2881 4917.5142 183 206 176
-72.9738 -477.2881 4917.5142 185 207 178
-69.1358 -478.0247 4925.1030 184 209 180
-65.1852 -478.0247 4925.1030 185 209 181
-61.2346 -478.0247 4925.1030 186 210 181
-57.3725 -478.7636 4932.7153 182 206 176
-53.4985 -479.5047 4940.3511 181 203 173
-49.5356 -479.5047 4940.3511 181 202 173
-45.5023 -478.7636 4932.7153 185 206 174
-41.5456 -478.7636 4932.7153 191 210 178
-37.5889 -478.7636 4932.7153 190 209 178
-33.5802 -478.0247 4925.1030 195 216 186
-29.6296 -478.0247 4925.1030 194 216 188
-25.7187 -478.7636 4932.7153 191 215 186
-21.7284 -478.0247 4925.1030 189 212 182
-17.7778 -478.0247 4925.1030 186 207 174
-13.8059 -477.2881 4917.5142 175 200 159
-9.8310 -475.8218 4902.4067 162 189 140
-5.8806 -474.3645 4887.3916 152 181 121
-1.9572 -473.6392 4879.9185 143 174 104
1.9542 -472.9161 4872.4683 130 161 84
5.8537 -472.1952 4865.0410 118 153 69
9.7710 -472.9161 4872.4683 111 149 62
13.7213 -474.3645 4887.3916 102 138 58
17.6417 -474.3645 4887.3916 94 125 59
21.5291 -473.6392 4879.9185 96 120 61
25.4824 -474.3645 4887.3916 104 121 67
29.4028 -474.3645 4887.3916 95 108 64
33.3231 -474.3645 4887.3916 100 110 76
37.1865 -473.6392 4879.9185 102 111 79
41.1009 -473.6392 4879.9185 98 106 75
45.0842 -474.3645 4887.3916 94 102 71
49.0798 -475.0921 4894.8877 104 110 78
-97.5428 -485.7232 4963.4009 180 202 155
-93.4162 -484.9690 4955.6938 185 208 167
-89.1641 -483.4675 4940.3511 183 207 171
-84.9383 -481.9753 4925.1030 181 207 175
-80.8629 -481.2327 4917.5142 181 206 177
-76.9183 -481.2327 4917.5142 183 207 178
-72.9738 -481.2327 4917.5142 186 209 180
-69.1358 -481.9753 4925.1030 186 210 182
-65.1852 -481.9753 4925.1030 186 210 182
-61.2346 -481.9753 4925.1030 185 208 180
-57.2840 -481.9753 4925.1030 178 200 168
-53.4985 -483.4675 4940.3511 180 201 165
-49.4590 -482.7203 4932.7153 189 207 176
-45.4321 -481.9753 4925.1030 189 209 179
-41.4176 -481.2327 4917.5142 187 208 178
-37.5309 -481.9753 4925.1030 188 209 180
-33.5285 -481.2327 4917.5142 191 215 186
-29.5840 -481.2327 4917.5142 184 209 178
-25.6394 -481.2327 4917.5142 178 203 167
-21.6615 -480.4923 4909.9487 175 200 160
-17.7231 -480.4923 4909.9487 169 195 152
-13.7423 -479.0185 4894.8877 159 188 132
13.7003 -477.5535 4879.9185 87 116 55
17.6417 -478.2849 4887.3916 93 116 64
21.5620 -478.2849 4887.3916 107 125 75
25.5215 -479.0185 4894.8877 112 129 83
29.4028 -478.2849 4887.3916 94 112 73
33.3231 -478.2849 4887.3916 87 107 71
37.1865 -477.5535 4879.9185 92 110 72
41.1009 -477.5535 4879.9185 96 114 76
45.0842 -478.2849 4887.3916 98 116 78
-106.0000 -492.0001 4986.6670 181 203 152
-101.6822 -490.4673 4971.1318 183 205 162
-97.3913 -488.9441 4955.6938 183 208 171
-93.2713 -488.1860 4948.0103 183 208 175
-89.0263 -486.6770 4932.7153 182 206 176
-84.9383 -485.9260 4925.1030 182 206 177
-80.8629 -485.1772 4917.5142 183 208 179
-76.8000 -484.4308 4909.9487 185 209 180
-72.9738 -485.1772 4917.5142 186 210 182
-69.1358 -485.9260 4925.1030 188 212 184
-65.1852 -485.9260 4925.1030 186 209 181
-61.1402 -485.1772 4917.5142 177 199 165
-57.2840 -485.9260 4925.1030 176 197 158
-53.4158 -486.6770 4932.7153 189 208 174
-49.4590 -486.6770 4932.7153 192 210 180
-45.4321 -485.9260 4925.1030 187 209 179
-41.3538 -484.4308 4909.9487 186 210 180
-37.3579 -483.6866 4902.4067 188 211 180
-33.3742 -482.9448 4894.8877 182 204 168
-29.4479 -482.9448 4894.8877 166 191 145
-25.5215 -482.9448 4894.8877 160 186 136
-100.5855 -489.1217 4917.5142 185 209 170
-96.7901 -489.8766 4925.1030 184 209 175
-92.9830 -490.6337 4932.7153 184 207 176
-88.8889 -489.8766 4925.1030 183 207 177
-84.6769 -488.3692 4909.9487 184 208 178
-80.7385 -488.3692 4909.9487 186 210 181
-76.6820 -487.6191 4902.4067 187 212 184
-72.8615 -488.3692 4909.9487 187 211 184
-68.9231 -488.3692 4909.9487 182 205 175
-64.9846 -488.3692 4909.9487 181 201 165
-60.9524 -487.6191 4902.4067 188 206 169
-57.1077 -488.3692 4909.9487 187 207 173
-53.2512 -489.1217 4917.5142 188 211 181
-49.3066 -489.1217 4917.5142 190 212 184
-45.2923 -488.3692 4909.9487 187 211 180
-41.2270 -486.8712 4894.8877 182 206 174
-37.2435 -486.1256 4887.3916 170 194 154
-33.2214 -484.6412 4872.4683 155 183 131
-111.7305 -490.0460 4887.3916 182 203 155
-107.6453 -489.2967 4879.9185 182 204 156
-104.0491 -490.7975 4894.8877 184 208 168
-100.1227 -490.7975 4894.8877 184 208 175
-96.4923 -492.3077 4909.9487 183 208 177
-92.5538 -492.3077 4909.9487 184 210 179
-88.6154 -492.3077 4909.9487 186 210 181
-84.4172 -490.7975 4894.8877 185 207 176
-80.6144 -491.5515 4902.4067 186 207 177
-76.4472 -490.0460 4887.3916 187 210 181
-72.6380 -490.7975 4894.8877 176 199 164
-68.7117 -490.7975 4894.8877 174 195 154
-64.8848 -491.5515 4902.4067 184 203 163
-60.7657 -490.0460 4887.3916 188 207 172
-56.8453 -490.0460 4887.3916 190 211 181
-53.0876 -491.5515 4902.4067 190 212 183
-49.0798 -490.7975 4894.8877 188 210 179
-110.8815 -490.2128 4850.2534 180 202 157
-106.5053 -487.9879 4828.2402 185 210 174
-103.1003 -490.2128 4850.2534 184 209 179
-99.2097 -490.2128 4850.2534 186 209 180
-95.4642 -490.9590 4857.6357 186 210 182
-91.7073 -491.7074 4865.0410 188 213 184
-87.9389 -492.4580 4872.4683 190 215 186
-83.7747 -490.9590 4857.6357 189 213 183
-80.0000 -491.7074 4865.0410 184 205 174
-75.9817 -490.9590 4857.6357 174 194 156
-72.1951 -491.7074 4865.0410 175 195 151
-68.2927 -491.7074 4865.0410 181 201 161
-64.4886 -492.4580 4872.4683 189 211 179
-60.5802 -492.4580 4872.4683 190 212 183
-56.4992 -490.9590 4857.6357 191 212 184
-52.7634 -492.4580 4872.4683 184 206 174
-48.7805 -491.7074 4865.0410 173 197 156
-110.7132 -493.3536 4842.8936 178 202 157
-106.5053 -491.8608 4828.2402 186 209 177
-102.9439 -493.3536 4842.8936 187 212 181
-99.0592 -493.3536 4842.8936 188 212 183
-95.1745 -493.3536 4842.8936 191 215 187
-91.2898 -493.3536 4842.8936 192 216 188
-87.5380 -494.1034 4850.2534 190 212 184
-83.5205 -493.3536 4842.8936 182 201 168
-79.6358 -493.3536 4842.8936 174 194 152
-75.6364 -492.6061 4835.5557 178 199 154
-71.7576 -492.6061 4835.5557 184 204 166
-67.9818 -493.3536 4842.8936 190 212 181
-64.0971 -493.3536 4842.8936 190 214 185
-60.2124 -493.3536 4842.8936 187 209 178
-56.1573 -491.8608 4828.2402 177 199 161
-52.3636 -492.6061 4835.5557 169 194 147
-48.4115 -491.8608 4828.2402 161 187 131
-44.4042 -490.3771 4813.6753 150 180 111
-40.4211 -488.9023 4799.1982 151 184 104
-36.5165 -488.1682 4791.9922 154 182 97
-32.6237 -487.4363 4784.8076 141 163 77
-28.7425 -486.7067 4777.6450 122 151 59
-24.8729 -485.9791 4770.5034 99 135 46
-21.0463 -485.9791 4770.5034 86 120 44
-110.5455 -496.4849 4835.5557 185 209 178
-106.5053 -495.7338 4828.2402 186 211 180
-102.7879 -496.4849 4835.5557 189 214 184
-98.9091 -496.4849 4835.5557 192 215 186
-95.0303 -496.4849 4835.5557 194 215 188
-91.2898 -497.2383 4842.8936 184 204 171
-87.4052 -497.2383 4842.8936 168 190 149
-83.3939 -496.4849 4835.5557 168 190 144
-79.5152 -496.4849 4835.5557 179 199 157
-75.5219 -495.7338 4828.2402 190 210 175
-71.6490 -495.7338 4828.2402 194 215 187
-67.6737 -494.9849 4820.9468 192 213 184
-63.8067 -494.9849 4820.9468 180 200 161
-59.9396 -494.9849 4820.9468 167 190 143
-55.9879 -494.2383 4813.6753 157 184 130
-52.1267 -494.2383 4813.6753 154 184 124
-48.1928 -493.4940 4806.4258 160 189 125
-44.2042 -492.0121 4791.9922 158 189 116
-40.2395 -490.5390 4777.6450 174 197 119
-36.2985 -489.0747 4763.3833 162 168 97
-32.4776 -489.0747 4763.3833 123 126 53
-28.5714 -487.6191 4749.2065 102 123 50
-24.7251 -486.8946 4742.1499 83 112 44
-20.9212 -486.8946 4742.1499 85 109 50
-130.1366 -501.1230 4842.8936 183 203 149
-125.8699 -499.6067 4828.2402 183 205 158
-121.9970 -499.6067 4828.2402 186 210 171
-118.4826 -501.1230 4842.8936 190 211 180
-114.5979 -501.1230 4842.8936 191 212 183
-110.3782 -499.6067 4828.2402 191 213 184
-106.1840 -498.0996 4813.6753 192 216 186
-102.3228 -498.0996 4813.6753 192 215 187
-98.6103 -498.8520 4820.9468 183 203 169
-94.8865 -499.6067 4828.2402 172 193 151
-91.0136 -499.6067 4828.2402 172 193 145
-87.1407 -499.6067 4828.2402 170 191 140
-83.2678 -499.6067 4828.2402 175 198 152
-79.2749 -498.8520 4820.9468 191 214 180
-75.2941 -498.0996 4813.6753 193 214 184
-71.4329 -498.0996 4813.6753 184 204 170
-67.4699 -497.3494 4806.4258 171 193 148
-63.6145 -497.3494 4806.4258 154 182 126
-59.7590 -497.3494 4806.4258 148 177 118
-55.8196 -496.6015 4799.1982 146 177 113
-51.9699 -496.6015 4799.1982 141 174 101
-47.9760 -495.1125 4784.8076 143 175 94
-137.4887 -503.4796 4828.2402 175 199 144
-133.4139 -502.7191 4820.9468 181 203 152
-129.5468 -502.7191 4820.9468 185 207 166
-125.3012 -501.2049 4806.4258 188 210 176
-121.4458 -501.2049 4806.4258 189 212 183
-118.1241 -503.4796 4828.2402 191 214 185
-114.4242 -504.2425 4835.5557 191 213 184
-110.0453 -501.9608 4813.6753 191 214 185
-105.8647 -500.4511 4799.1982 192 215 187
-102.1687 -501.2049 4806.4258 188 211 175
-98.4615 -501.9608 4813.6753 170 192 142
-94.6003 -501.9608 4813.6753 172 193 142
-90.8761 -502.7191 4820.9468 181 200 156
-87.0091 -502.7191 4820.9468 186 208 167
-83.0166 -501.9608 4813.6753 192 215 182
-79.0361 -501.2049 4806.4258 187 208 176
-75.0677 -500.4511 4799.1982 172 196 152
-71.2180 -500.4511 4799.1982 159 186 132
-67.2673 -499.6997 4791.9922 144 174 110
-63.4234 -499.6997 4791.9922 137 169 98
-59.5796 -499.6997 4791.9922 132 166 87
-55.6522 -498.9506 4784.8076 128 164 78
-51.8141 -498.9506 4784.8076 125 164 71
-140.9352 -505.8220 4813.6753 177 197 143
-137.0739 -505.8220 4813.6753 181 204 157
-133.0121 -505.0602 4806.4258 185 209 171
-129.1566 -505.0602 4806.4258 189 210 179
-125.1128 -504.3008 4799.1982 191 212 183
-121.2632 -504.3008 4799.1982 192 214 186
-117.7677 -505.8220 4813.6753 193 216 187
-113.9065 -505.8220 4813.6753 195 218 189
-109.8795 -505.0602 4806.4258 191 214 183
-105.7057 -503.5436 4791.9922 184 204 167
-102.0150 -504.3008 4799.1982 179 199 152
-98.3133 -505.0602 4806.4258 170 191 137
-94.4578 -505.0602 4806.4258 186 207 164
-90.7391 -505.8220 4813.6753 193 212 178
-86.8778 -505.8220 4813.6753 187 208 175
-82.8916 -505.0602 4806.4258 175 198 155
-78.9173 -504.3008 4799.1982 164 190 137
-74.9550 -503.5436 4791.9922 153 181 120
-71.1111 -503.5436 4791.9922 145 176 107
-67.1664 -502.7886 4784.8076 142 173 98
-63.3283 -502.7886 4784.8076 132 165 85
-59.5796 -503.5436 4791.9922 125 163 75
-55.5689 -502.0360 4777.6450 114 156 61
-51.7365 -502.0360 4777.6450 99 141 50
-152.2892 -508.9157 4806.4258 176 194 142
-148.2105 -508.1504 4799.1982 176 197 143
-144.3609 -508.1504 4799.1982 176 198 147
-140.7229 -508.9157 4806.4258 180 202 157
-136.6617 -508.1504 4799.1982 186 209 172
-132.8120 -508.1504 4799.1982 190 211 180
-129.1566 -508.9157 4806.4258 194 214 183
-124.9249 -507.3875 4791.9922 194 215 184
-121.0811 -507.3875 4791.9922 195 216 187
-117.4135 -508.1504 4799.1982 194 215 186
-113.7349 -508.9157 4806.4258 185 207 172
-109.7143 -508.1504 4799.1982 177 197 150
-105.5472 -506.6267 4784.8076 176 195 141
-101.7091 -506.6267 4784.8076 180 199 151
-98.0180 -507.3875 4791.9922 191 211 171
-94.3158 -508.1504 4799.1982 190 208 174
-90.4662 -508.1504 4799.1982 182 201 162
-86.6165 -508.1504 4799.1982 169 192 142
-82.7669 -508.1504 4799.1982 160 188 128
-78.7988 -507.3875 4791.9922 157 187 120
-74.8426 -506.6267 4784.8076 160 190 115
-70.8982 -505.8683 4777.6450 155 183 99
-66.9656 -505.1121 4770.5034 140 168 75
-63.0448 -504.3583 4763.3833 128 158 64
-59.3124 -505.1121 4770.5034 105 141 51
-151.8318 -511.2313 4791.9922 170 193 139
-148.2105 -512.0001 4799.1982 172 195 145
-144.1441 -511.2313 4791.9922 184 206 165
-140.3003 -511.2313 4791.9922 188 210 175
-136.4565 -511.2313 4791.9922 191 211 182
-132.6126 -511.2313 4791.9922 193 214 184
-128.9624 -512.0001 4799.1982 195 216 185
-124.7376 -510.4648 4784.8076 194 214 184
-120.8996 -510.4648 4784.8076 191 210 176
-117.4135 -512.0001 4799.1982 180 199 152
-113.5639 -512.0001 4799.1982 173 194 136
-109.7143 -512.0001 4799.1982 179 199 145
-105.3892 -509.7007 4777.6450 183 205 159
-101.4051 -508.9388 4770.5034 193 213 177
-97.5785 -508.9388 4770.5034 193 211 177
-93.8922 -509.7007 4777.6450 180 199 156
-90.1949 -510.4648 4784.8076 168 193 139
-86.4865 -511.2313 4791.9922 154 184 120
-82.6426 -511.2313 4791.9922 154 186 113
-78.6807 -510.4648 4784.8076 166 195 118
-74.6188 -508.9388 4770.5034 190 212 136
-70.7922 -508.9388 4770.5034 168 184 104
-66.7660 -507.4218 4756.2842 129 150 63
-62.7638 -505.9139 4742.1499 97 128 47
-58.8724 -505.1632 4735.1138 81 116 41
-154.9776 -512.7653 4770.5034 158 185 129
-151.6042 -514.3029 4784.8076 163 190 140
-147.7661 -514.3029 4784.8076 174 198 157
-143.9280 -514.3029 4784.8076 190 212 179
-140.0900 -514.3029 4784.8076 192 212 184
-136.2519 -514.3029 4784.8076 193 213 185
-132.4138 -514.3029 4784.8076 193 214 185
-128.7688 -515.0751 4791.9922 192 211 180
-124.5509 -513.5330 4777.6450 186 204 163
-120.7186 -513.5330 4777.6450 177 197 144
-117.2373 -515.0751 4791.9922 178 197 142
-113.3934 -515.0751 4791.9922 185 203 156
-109.3853 -514.3029 4784.8076 191 209 171
-105.0746 -512.0001 4763.3833 190 209 174
-100.9524 -510.4762 4749.2065 182 202 162
-96.9985 -509.7177 4742.1499 174 195 148
-93.4724 -511.2370 4756.2842 157 182 127
-89.9253 -512.7653 4770.5034 149 179 115
-86.2276 -513.5330 4777.6450 143 175 104
-82.5187 -514.3029 4784.8076 150 183 105
-78.5629 -513.5330 4777.6450 154 181 105
-74.5075 -512.0001 4763.3833 153 176 102
-70.6866 -512.0001 4763.3833 107 133 53
-66.6667 -510.4762 4749.2065 89 120 46
-62.6706 -508.9615 4735.1138 85 116 49
-58.7852 -508.2075 4728.0991 84 114 48
-150.9254 -515.8209 4763.3833 174 197 155
-147.3244 -516.5919 4770.5034 182 204 170
-143.4978 -516.5919 4770.5034 193 213 185
-139.8802 -517.3653 4777.6450 192 214 185
-136.0479 -517.3653 4777.6450 188 210 179
-132.2156 -517.3653 4777.6450 185 205 169
-128.5757 -518.1409 4784.8076 181 199 153
-124.5509 -517.3653 4777.6450 178 198 145
-120.5381 -516.5919 4770.5034 186 205 161
-116.8862 -517.3653 4777.6450 194 214 178
-113.0539 -517.3653 4777.6450 198 216 185
-109.0583 -516.5919 4770.5034 187 206 173
-104.7619 -514.2858 4749.2065 175 196 154
-100.3550 -511.2426 4721.1045 159 183 130
-96.4254 -510.4875 4714.1309 143 172 107
-92.7811 -511.2426 4721.1045 141 172 99
-89.3908 -513.5216 4742.1499 142 174 99
-85.8420 -515.0522 4756.2842 132 164 88
-82.2720 -516.5919 4770.5034 120 152 76
-78.4454 -516.5919 4770.5034 109 141 62
-74.3964 -515.0522 4756.2842 92 125 51
-70.4762 -514.2858 4749.2065 80 114 45
-66.5676 -513.5216 4742.1499 80 111 47
-62.4852 -511.2426 4721.1045 84 112 49
-58.6982 -511.2426 4721.1045 101 122 62
-168.0236 -513.5104 4707.1782 172 193 146
-164.4904 -514.2689 4714.1309 171 194 145
-160.4720 -513.5104 4707.1782 178 202 160
-156.9276 -514.2689 4714.1309 184 206 172
-152.9204 -513.5104 4707.1782 179 201 166
-150.2526 -517.3254 4742.1499 176 198 162
-146.4487 -517.3254 4742.1499 185 206 174
-143.0701 -518.8674 4756.2842 187 207 176
-139.2549 -518.8674 4756.2842 180 201 164
-135.4397 -518.8674 4756.2842 173 195 150
-131.8209 -519.6418 4763.3833 177 197 147
-128.1913 -520.4186 4770.5034 185 203 159
-124.1791 -519.6418 4763.3833 189 209 174
-120.0000 -518.0953 4749.2065 191 212 182
-116.1905 -518.0953 4749.2065 192 213 184
-112.3810 -518.0953 4749.2065 184 206 170
-108.4101 -517.3254 4742.1499 166 190 144
-104.2963 -515.7927 4728.0991 150 179 119
-100.0590 -513.5104 4707.1782 136 169 94
-96.1414 -512.7541 4700.2456 130 164 84
-92.5074 -513.5104 4707.1782 129 163 83
-89.1259 -515.7927 4728.0991 111 145 64
-85.4599 -516.5579 4735.1138 93 126 50
-82.1493 -519.6418 4763.3833 89 123 50
-78.3284 -519.6418 4763.3833 81 117 47
-74.2857 -518.0953 4749.2065 78 112 43
-70.4762 -518.0953 4749.2065 83 113 47
-66.5676 -517.3254 4742.1499 90 115 53
-62.5778 -515.7927 4728.0991 116 132 75
-58.7852 -515.7927 4728.0991 159 172 127
-171.0426 -515.0074 4686.4414 171 192 145
-167.5294 -515.7647 4693.3335 176 198 155
-164.0059 -516.5243 4700.2456 181 203 167
-160.0000 -515.7647 4693.3335 183 207 176
-156.4654 -516.5243 4700.2456 187 209 180
-152.4706 -515.7647 4693.3335 189 209 178
-149.3649 -518.0502 4714.1309 187 206 170
-145.7988 -518.8166 4721.1045 177 196 153
-142.6449 -521.1293 4742.1499 174 192 145
-138.8410 -521.1293 4742.1499 172 192 142
-135.0372 -521.1293 4742.1499 183 202 158
-131.4286 -521.9048 4749.2065 191 210 175
-127.8092 -522.6826 4756.2842 193 214 183
-123.8095 -521.9048 4749.2065 189 211 179
-119.8217 -521.1293 4742.1499 186 206 169
-115.6741 -519.5852 4728.0991 181 201 155
-111.8815 -519.5852 4728.0991 175 197 139
-108.0889 -519.5852 4728.0991 160 185 116
-104.1420 -518.8166 4721.1045 140 170 92
-100.0590 -517.2862 4707.1782 117 152 66
-96.1414 -516.5243 4700.2456 109 146 58
-92.6440 -518.0502 4714.1309 95 132 50
-89.2582 -520.3561 4735.1138 86 121 46
-85.5869 -521.1293 4742.1499 79 112 41
-82.3952 -525.0300 4777.6450 80 112 46
-78.6807 -525.8171 4784.8076 79 111 44
-74.7305 -525.0300 4777.6450 84 111 48
-70.8982 -525.0300 4777.6450 105 123 64
-66.9656 -524.2452 4770.5034 145 144 88
-63.1390 -524.2452 4770.5034 194 181 128
-59.4903 -525.8171 4784.8076 200 187 143
-182.0528 -518.0059 4679.5698 172 192 141
-177.7778 -516.4913 4665.8872 167 190 138
-174.5455 -518.0059 4679.5698 170 192 145
-170.7918 -518.0059 4679.5698 177 199 159
-167.2834 -518.7665 4686.4414 180 202 168
-163.7647 -519.5294 4693.3335 181 204 173
-159.7651 -518.7665 4686.4414 183 204 172
-156.0059 -518.7665 4686.4414 186 204 170
-152.0235 -518.0059 4679.5698 179 196 156
-148.9249 -520.2946 4700.2456 172 190 141
-145.3687 -521.0620 4707.1782 165 184 126
-141.8021 -521.8316 4714.1309 166 186 129
-138.0207 -521.8316 4714.1309 187 206 166
-134.2393 -521.8316 4714.1309 198 217 190
-130.6509 -522.6036 4721.1045 194 215 187
-126.8639 -522.6036 4721.1045 188 209 175
-122.8951 -521.8316 4714.1309 183 204 161
-118.9381 -521.0620 4707.1782 177 200 142
-114.9926 -520.2946 4700.2456 180 202 133
-111.2224 -520.2946 4700.2456 191 210 134
-107.4521 -520.2946 4700.2456 152 168 84
-103.6819 -520.2946 4700.2456 125 152 64
-99.7647 -519.5294 4693.3335 97 129 48
-95.8590 -518.7665 4686.4414 91 122 52
-92.2353 -519.5294 4693.3335 85 116 52
-78.4454 -528.0718 4770.5034 91 112 53
-74.6188 -528.0718 4770.5034 119 129 70
-70.7922 -528.0718 4770.5034 175 164 107
-66.7660 -526.4977 4756.2842 212 191 139
-182.0528 -521.7595 4679.5698 167 191 145
-178.0381 -520.9957 4672.7188 172 196 154
-174.5455 -521.7595 4679.5698 175 199 160
-170.7918 -521.7595 4679.5698 179 200 167
-167.2834 -522.5257 4686.4414 181 202 170
-163.7647 -523.2942 4693.3335 186 205 169
-159.7651 -522.5257 4686.4414 183 199 159
-156.0059 -522.5257 4686.4414 173 191 143
-152.0235 -521.7595 4679.5698 167 187 133
-148.7059 -523.2942 4693.3335 169 188 132
-145.1546 -524.0648 4700.2456 182 199 151
-141.5929 -524.8378 4707.1782 193 212 176
-137.8171 -524.8378 4707.1782 194 215 186
-133.8439 -524.0648 4700.2456 191 212 181
-130.2655 -524.8378 4707.1782 184 204 163
-126.3034 -524.0648 4700.2456 172 196 139
-122.5331 -524.0648 4700.2456 171 195 126
-118.5882 -523.2942 4693.3335 175 199 125
-114.6549 -522.5257 4686.4414 181 204 123
-110.8957 -522.5257 4686.4414 165 185 105
-107.1366 -522.5257 4686.4414 115 140 61
-103.3774 -522.5257 4686.4414 92 125 50
-99.4721 -521.7595 4679.5698 86 120 52
-95.5783 -520.9957 4672.7188 91 123 57
-91.8302 -520.9957 4672.7188 85 113 50
-88.3407 -522.5257 4686.4414 85 111 48
-84.5815 -522.5257 4686.4414 90 114 54
-193.3138 -525.5132 4679.5698 163 183 130
-189.2826 -524.7438 4672.7188 165 186 135
-185.8065 -525.5132 4679.5698 166 189 139
-182.0528 -525.5132 4679.5698 172 195 151
-178.0381 -524.7438 4672.7188 172 195 155
-174.5455 -525.5132 4679.5698 175 197 159
-170.7918 -525.5132 4679.5698 180 199 162
-167.2834 -526.2849 4686.4414 180 197 158
-163.7647 -527.0588 4693.3335 178 195 151
-159.7651 -526.2849 4686.4414 170 190 140
-156.0059 -526.2849 4686.4414 169 190 138
-152.0235 -525.5132 4679.5698 174 193 144
-148.7059 -527.0588 4693.3335 188 207 167
-145.1546 -527.8351 4700.2456 196 216 187
-141.3844 -527.8351 4700.2456 194 215 188
-137.6142 -527.8351 4700.2456 192 211 177
-133.6471 -527.0588 4693.3335 179 200 156
-129.8824 -527.0588 4693.3335 159 187 124
-125.9324 -526.2849 4686.4414 152 183 110
-122.1733 -526.2849 4686.4414 149 181 98
-118.2405 -525.5132 4679.5698 147 178 96
-114.3192 -524.7438 4672.7188 126 156 79
-110.5710 -524.7438 4672.7188 105 136 63
-106.8229 -524.7438 4672.7188 90 123 53
-103.0747 -524.7438 4672.7188 84 118 50
-99.3265 -524.7438 4672.7188 87 120 55
-95.2993 -523.2117 4659.0757 91 119 59
-91.4286 -522.4490 4652.2837 90 113 54
-88.0820 -524.7438 4672.7188 99 118 60
-84.3338 -524.7438 4672.7188 125 133 73
-201.1160 -530.0441 4686.4414 164 181 135
-196.4912 -527.7194 4665.8872 153 174 118
-193.0308 -528.4920 4672.7188 152 175 120
-189.2826 -528.4920 4672.7188 162 187 138
-185.5344 -528.4920 4672.7188 173 196 156
-181.7863 -528.4920 4672.7188 173 195 158
-177.7778 -527.7194 4665.8872 177 197 158
-174.5455 -529.2669 4679.5698 180 198 158
-170.5417 -528.4920 4672.7188 177 194 153
-167.0381 -529.2669 4679.5698 171 189 143
-163.5242 -530.0441 4686.4414 167 186 138
-159.5308 -529.2669 4679.5698 168 187 137
-156.0059 -530.0441 4686.4414 180 199 154
-151.8009 -528.4920 4672.7188 194 213 180
-148.4875 -530.0441 4686.4414 197 217 191
-144.7283 -530.0441 4686.4414 194 213 186
-141.1765 -530.8235 4693.3335 180 200 162
-137.4118 -530.8235 4693.3335 159 185 130
-133.4508 -530.0441 4686.4414 147 178 108
-129.6916 -530.0441 4686.4414 136 171 88
-125.7478 -529.2669 4679.5698 121 158 74
-121.9941 -529.2669 4679.5698 103 140 59
-117.8948 -527.7194 4665.8872 94 133 62
-113.9854 -526.9490 4659.0757 92 128 62
-110.2482 -526.9490 4659.0757 89 124 57
-106.6667 -527.7194 4665.8872 88 119 54
-102.7737 -526.9490 4659.0757 86 115 54
-99.0365 -526.9490 4659.0757 89 116 55
-87.6968 -526.1808 4652.2837 135 142 96
-84.0876 -526.9490 4659.0757 182 168 119
-200.8211 -533.0206 4679.5698 157 178 127
-196.4912 -531.4620 4665.8872 155 176 124
-192.7486 -531.4620 4665.8872 168 190 144
-189.0059 -531.4620 4665.8872 170 193 155
-185.5344 -532.2402 4672.7188 172 194 157
-182.0528 -533.0206 4679.5698 172 194 154
-178.0381 -532.2402 4672.7188 175 193 152
-174.5455 -533.0206 4679.5698 177 194 153
-170.7918 -533.0206 4679.5698 171 190 144
-167.2834 -533.8032 4686.4414 162 182 130
-163.5242 -533.8032 4686.4414 172 191 144
-159.5308 -533.0206 4679.5698 184 203 165
-155.7771 -533.0206 4679.5698 196 215 187
-151.8009 -532.2402 4672.7188 198 218 192
-148.2698 -533.0206 4679.5698 187 205 171
-144.5161 -533.0206 4679.5698 174 192 141
-140.9692 -533.8032 4686.4414 163 187 118
-137.2100 -533.8032 4686.4414 135 168 83
-133.2551 -533.0206 4679.5698 123 160 75
-129.5015 -533.0206 4679.5698 106 142 67
-125.5637 -532.2402 4672.7188 92 128 59
-121.8155 -532.2402 4672.7188 88 123 59
-117.7226 -530.6862 4659.0757 85 121 59
-113.8192 -529.9126 4652.2837 86 120 60
-110.0875 -529.9126 4652.2837 85 116 56
-106.3557 -529.9126 4652.2837 88 115 55
-102.4745 -529.1412 4645.5122 92 117 60
-99.0365 -530.6862 4659.0757 97 119 65
-204.5748 -536.7742 4679.5698 161 182 136
-200.5271 -535.9883 4672.7188 159 182 138
-195.9184 -533.6443 4652.2837 164 188 145
-192.7486 -535.2047 4665.8872 166 190 151
-189.0059 -535.2047 4665.8872 168 191 155
-185.5344 -535.9883 4672.7188 175 195 161
-181.7863 -535.9883 4672.7188 174 193 154
-177.7778 -535.2047 4665.8872 168 188 144
-174.5455 -536.7742 4679.5698 161 181 136
-170.5417 -535.9883 4672.7188 170 190 144
-167.0381 -536.7742 4679.5698 181 199 158
-163.2845 -536.7742 4679.5698 190 209 176
-159.2972 -535.9883 4672.7188 197 216 190
-155.3216 -535.2047 4665.8872 195 213 186
-151.3577 -534.4234 4659.0757 189 207 162
-147.8363 -535.2047 4665.8872 170 182 115
-144.0936 -535.2047 4665.8872 155 167 86
-140.3509 -535.2047 4665.8872 134 163 80
-136.6082 -535.2047 4665.8872 106 141 61
-132.6715 -534.4234 4659.0757 91 130 59
-128.9343 -534.4234 4659.0757 84 123 58
-124.8326 -532.8676 4645.5122 83 120 58
-121.2828 -533.6443 4652.2837 84 119 61
-117.2093 -532.0930 4638.7598 84 116 58
-113.1594 -530.5507 4625.3140 84 113 55
-109.4493 -530.5507 4625.3140 88 115 58
-105.8926 -531.3208 4632.0273 94 120 63
-102.0290 -530.5507 4625.3140 109 127 75
-98.7482 -532.8676 4645.5122 133 144 105
-209.0174 -532.7168 4611.9463 171 188 148
-205.0217 -531.9481 4605.2910 165 184 143
-202.2029 -534.2609 4625.3140 163 185 144
-198.7809 -535.0363 4632.0273 162 186 145
-194.7826 -534.2609 4625.3140 163 186 147
-191.3498 -535.0363 4632.0273 168 188 149
-188.1805 -536.5939 4645.5122 171 188 149
-184.7230 -537.3761 4652.2837 163 181 142
-181.2555 -538.1606 4659.0757 156 175 132
-177.0015 -536.5939 4645.5122 156 176 130
-173.7810 -538.1606 4659.0757 171 190 147
-169.3023 -535.8140 4638.7598 187 204 171
-166.0641 -537.3761 4652.2837 194 210 184
-162.5694 -538.1606 4659.0757 195 213 186
-158.3697 -536.5939 4645.5122 184 203 166
-154.4186 -535.8140 4638.7598 181 202 145
-150.2609 -534.2609 4625.3140 190 211 139
-146.9768 -535.8140 4638.7598 157 177 96
-143.2558 -535.8140 4638.7598 116 144 65
-139.5349 -535.8140 4638.7598 97 133 62
-135.8140 -535.8140 4638.7598 90 126 60
-131.9013 -535.0363 4632.0273 86 124 61
-128.3721 -535.8140 4638.7598 85 119 62
-124.2899 -534.2609 4625.3140 82 115 56
-120.9302 -535.8140 4638.7598 83 114 55
-116.8696 -534.2609 4625.3140 87 114 58
-112.9957 -533.4877 4618.6206 94 117 62
-109.2909 -533.4877 4618.6206 107 125 70
-105.7391 -534.2609 4625.3140 141 151 98
-101.7341 -532.7168 4611.9463 188 193 148
-98.6047 -535.8140 4638.7598 192 195 166
-208.4150 -534.8704 4598.6553 168 190 154
-204.1380 -533.3334 4585.4409 168 190 153
-201.3276 -535.6422 4605.2910 168 190 152
-197.9191 -536.4162 4611.9463 170 190 153
-194.2197 -536.4162 4611.9463 174 192 157
-190.7960 -537.1925 4618.6206 181 197 161
-187.6343 -538.7518 4632.0273 169 184 144
-184.1861 -539.5349 4638.7598 162 179 135
-180.9913 -541.1078 4652.2837 169 187 143
-176.4877 -538.7518 4632.0273 184 201 162
-173.0233 -539.5349 4638.7598 196 210 181
-168.5673 -537.1925 4618.6206 192 208 180
-165.1015 -537.9710 4625.3140 186 203 172
-161.3913 -537.9710 4625.3140 189 207 169
-157.4530 -537.1925 4618.6206 170 193 135
-153.5260 -536.4162 4611.9463 155 182 111
-149.3948 -534.8704 4598.6553 123 155 77
-145.9163 -535.6422 4605.2910 103 138 61
-142.0173 -534.8704 4598.6553 93 129 63
-138.1295 -534.1007 4592.0386 91 127 65
-134.4460 -534.1007 4592.0386 88 123 66
-130.7626 -534.1007 4592.0386 86 119 64
-127.4459 -535.6422 4605.2910 88 116 63
-123.5735 -534.8704 4598.6553 87 114 59
-120.4052 -537.1925 4618.6206 93 118 63
-116.5318 -536.4162 4611.9463 101 123 68
-112.8324 -536.4162 4611.9463 122 139 88
-109.1330 -536.4162 4611.9463 170 181 136
-105.7391 -537.9710 4625.3140 212 215 177
-101.5873 -535.6422 4605.2910 216 217 180
-98.3188 -537.9710 4625.3140 218 219 184
-208.4150 -538.5591 4598.6553 176 196 166
-204.1380 -537.0115 4585.4409 178 197 165
-200.7482 -537.7842 4592.0386 170 189 154
-197.6335 -539.3362 4605.2910 158 178 140
-193.9394 -539.3362 4605.2910 168 184 148
-190.5202 -540.1157 4611.9463 188 203 168
-187.0912 -540.8973 4618.6206 183 198 163
-183.6522 -541.6812 4625.3140 187 203 170
-180.2032 -542.4674 4632.0273 188 204 175
-175.9769 -540.8973 4618.6206 188 203 173
-172.0231 -540.1157 4611.9463 195 210 177
-167.8386 -538.5591 4598.6553 182 199 157
-164.1499 -538.5591 4598.6553 159 182 128
-160.2302 -537.7842 4592.0386 146 172 116
-156.7723 -538.5591 4598.6553 130 156 99
-152.8633 -537.7842 4592.0386 105 134 71
-148.7518 -536.2410 4578.8618 88 122 52
-145.2874 -537.0115 4585.4409 91 125 61
-141.6092 -537.0115 4585.4409 90 122 65
-137.7331 -536.2410 4578.8618 91 120 67
-134.0603 -536.2410 4578.8618 90 119 66
-130.3874 -536.2410 4578.8618 95 120 68
-127.0791 -537.7842 4592.0386 97 121 70
-123.3957 -537.7842 4592.0386 102 124 71
-120.0577 -539.3362 4605.2910 114 135 84
-116.5318 -540.1157 4611.9463 135 160 115
-112.8324 -540.1157 4611.9463 179 199 159
-109.6081 -542.4674 4632.0273 197 210 176
-106.0465 -543.2559 4638.7598 187 204 173
-208.7157 -543.0303 4605.2910 191 207 178
-204.4317 -541.4677 4592.0386 182 197 166
-201.0375 -542.2479 4598.6553 173 189 154
-197.6335 -543.0303 4605.2910 174 193 155
-193.9394 -543.0303 4605.2910 182 202 168
-190.2453 -543.0303 4605.2910 188 207 179
-186.8208 -543.8151 4611.9463 189 203 176
-183.1214 -543.8151 4611.9463 189 205 171
-179.4220 -543.8151 4611.9463 175 193 150
-175.4690 -543.0303 4605.2910 163 185 132
-171.7749 -543.0303 4605.2910 157 181 130
-167.5971 -541.4677 4592.0386 142 168 115
-163.6782 -540.6897 4585.4409 113 145 84
-159.7704 -539.9139 4578.8618 98 134 70
-156.0976 -539.9139 4578.8618 108 139 80
-152.4247 -539.9139 4578.8618 106 131 72
-148.5387 -539.1404 4572.3018 98 125 62
-145.0789 -539.9139 4578.8618 89 119 61
-141.4060 -539.9139 4578.8618 90 118 64
-137.5358 -539.1404 4572.3018 97 123 71
-133.8682 -539.1404 4572.3018 101 125 76
-130.0143 -538.3691 4565.7607 110 128 78
-126.7145 -539.9139 4578.8618 131 144 91
-123.0416 -539.9139 4578.8618 163 176 128
-119.7122 -541.4677 4592.0386 157 183 144
-116.1960 -542.2479 4598.6553 153 188 153
-112.5072 -542.2479 4598.6553 163 193 160
-109.1330 -543.8151 4611.9463 196 212 179
-105.5861 -544.6021 4618.6206 190 206 171
-221.0740 -549.8984 4632.0273 186 205 178
-216.4162 -547.5145 4611.9463 182 202 175
-213.0246 -548.3069 4618.6206 180 197 170
-208.4150 -545.9366 4598.6553 178 194 166
-204.1380 -544.3679 4585.4409 181 199 171
-200.4598 -544.3679 4585.4409 186 206 181
-197.0648 -545.1511 4592.0386 189 210 185
-193.3813 -545.1511 4592.0386 185 206 178
-189.6979 -545.1511 4592.0386 186 201 166
-186.2824 -545.9366 4598.6553 185 196 150
-182.5937 -545.9366 4598.6553 186 201 151
-178.6475 -545.1511 4592.0386 152 176 118
-174.9640 -545.1511 4592.0386 121 151 87
-171.2806 -545.1511 4592.0386 102 136 73
-167.1162 -543.5869 4578.8618 93 131 68
-163.2092 -542.8080 4572.3018 89 126 66
-159.5415 -542.8080 4572.3018 88 124 66
-155.8739 -542.8080 4572.3018 92 123 70
-152.2063 -542.8080 4572.3018 96 123 71
-148.3262 -542.0315 4565.7607 94 120 68
-144.8711 -542.8080 4572.3018 94 120 65
-141.2034 -542.8080 4572.3018 104 125 76
-137.3391 -542.0315 4565.7607 112 131 84
-133.6767 -542.0315 4565.7607 123 140 92
-129.8286 -541.2571 4559.2383 173 184 139
-126.3519 -542.0315 4565.7607 214 216 174
-123.0416 -543.5869 4578.8618 205 213 176
-119.7122 -545.1511 4592.0386 182 202 166
-116.0288 -545.1511 4592.0386 180 204 168
-220.4342 -552.0117 4618.6206 175 195 168
-216.1039 -550.4185 4605.2910 171 193 166
-212.4098 -550.4185 4605.2910 177 199 172
-208.1151 -548.8346 4592.0386 185 207 181
-204.1380 -548.0460 4585.4409 189 210 187
-200.4598 -548.0460 4585.4409 188 210 188
-196.7816 -548.0460 4585.4409 184 207 180
-193.1035 -548.0460 4585.4409 186 211 168
-189.1535 -547.2597 4578.8618 196 218 155
-185.7471 -548.0460 4585.4409 154 176 90
-182.0690 -548.0460 4585.4409 121 150 68
-178.1349 -547.2597 4578.8618 96 134 62
-174.7127 -548.0460 4585.4409 85 125 58
-170.7891 -547.2597 4578.8618 84 121 61
-166.8768 -546.4756 4572.3018 85 122 66
-162.9757 -545.6939 4565.7607 85 120 66
-159.3133 -545.6939 4565.7607 87 118 67
-155.6509 -545.6939 4565.7607 92 119 70
-151.9886 -545.6939 4565.7607 100 122 74
-148.1143 -544.9143 4559.2383 107 125 76
-144.6638 -545.6939 4565.7607 115 131 80
-141.2034 -546.4756 4572.3018 130 147 100
-137.3391 -545.6939 4565.7607 165 187 143
-133.6767 -545.6939 4565.7607 172 195 155
-130.0143 -545.6939 4565.7607 172 192 161
-126.5330 -546.4756 4572.3018 214 222 191
-123.2184 -548.0460 4585.4409 222 225 189
-120.0577 -550.4185 4605.2910 225 226 190
-116.1960 -549.6254 4598.6553 222 224 188
-248.8392 -537.0630 4463.5898 195 212 177
-245.2588 -537.0630 4463.5898 187 207 177
-241.6783 -537.0630 4463.5898 189 207 180
-237.7654 -536.3129 4457.3560 183 202 172
-234.1900 -536.3129 4457.3560 173 193 159
-230.6145 -536.3129 4457.3560 174 194 159
-226.4067 -534.8190 4444.9399 177 196 160
-222.8412 -534.8190 4444.9399 174 193 157
-211.7986 -552.5181 4592.0386 189 209 188
-207.8161 -551.7242 4585.4409 188 209 189
-203.5530 -550.1432 4572.3018 182 205 183
-199.8854 -550.1432 4572.3018 178 202 171
-195.9371 -549.3563 4565.7607 173 198 150
-192.2747 -549.3563 4565.7607 160 189 120
-188.3429 -548.5715 4559.2383 135 167 89
-184.9499 -549.3563 4565.7607 106 140 62
-181.5473 -550.1432 4572.3018 89 125 55
-177.6252 -549.3563 4565.7607 82 119 55
-173.9628 -549.3563 4565.7607 83 119 59
-170.0572 -548.5715 4559.2383 85 117 63
-166.6381 -549.3563 4565.7607 84 117 64
-162.2792 -547.0086 4546.2490 88 116 67
-158.8588 -547.7889 4552.7344 97 119 72
-155.4286 -548.5715 4559.2383 109 126 78
-151.5549 -547.7889 4552.7344 125 135 82
-147.9030 -547.7889 4552.7344 153 151 97
-144.6638 -549.3563 4565.7607 181 172 120
-141.2034 -550.1432 4572.3018 170 173 132
-137.3391 -549.3563 4565.7607 182 204 173
-133.6767 -549.3563 4565.7607 194 216 184
-253.1276 -542.1599 4476.1104 195 211 182
-249.1877 -541.4006 4469.8413 189 209 181
-245.2588 -540.6434 4463.5898 184 204 176
-241.6783 -540.6434 4463.5898 178 197 165
-238.0979 -540.6434 4463.5898 173 194 157
-234.1900 -539.8883 4457.3560 167 189 148
-230.9371 -540.6434 4463.5898 165 188 147
-227.3567 -540.6434 4463.5898 162 185 146
-223.4637 -539.8883 4457.3560 161 183 147
-218.9708 -537.6357 4438.7578 171 192 159
-214.5559 -553.8109 4572.3018 188 210 190
-211.4943 -555.4023 4585.4409 184 207 185
-207.8161 -555.4023 4585.4409 174 200 171
-202.3932 -550.6553 4546.2490 161 190 151
-199.0300 -551.4409 4552.7344 144 175 124
-195.0997 -550.6553 4546.2490 122 155 90
-191.1807 -549.8721 4539.7822 105 141 71
-187.5391 -549.8721 4539.7822 94 131 65
-184.1596 -550.6553 4546.2490 87 125 62
-180.7703 -551.4409 4552.7344 84 121 58
-177.1184 -551.4409 4552.7344 83 119 61
-173.2194 -550.6553 4546.2490 84 117 63
-169.3315 -549.8721 4539.7822 82 112 59
-165.9259 -550.6553 4546.2490 91 115 64
-161.5887 -548.3121 4526.9033 105 123 71
-158.1818 -549.0909 4533.3335 128 135 84
-154.7653 -549.8721 4539.7822 165 158 103
-150.9091 -549.0909 4533.3335 198 177 120
-147.4822 -549.8721 4539.7822 210 182 127
-144.0456 -550.6553 4546.2490 216 187 133
-263.5294 -544.9860 4469.8413 191 199 169
-259.9440 -544.9860 4469.8413 189 203 176
-256.0000 -544.2238 4463.5898 194 210 182
-252.7731 -544.9860 4469.8413 188 204 177
-248.8392 -544.2238 4463.5898 179 197 165
-244.9162 -543.4637 4457.3560 170 191 152
-241.6783 -544.2238 4463.5898 166 189 146
-237.7654 -543.4637 4457.3560 160 181 139
-234.1900 -543.4637 4457.3560 149 172 130
-230.9371 -544.2238 4463.5898 155 177 136
-227.3567 -544.2238 4463.5898 157 178 141
-223.4637 -543.4637 4457.3560 171 192 160
-219.5816 -542.7057 4451.1392 187 205 181
-198.1818 -552.7273 4533.3335 100 137 76
-194.2695 -551.9433 4526.9033 93 131 69
-190.3683 -551.1616 4520.4912 88 126 66
-187.0071 -551.9433 4526.9033 86 123 65
-183.6364 -552.7273 4533.3335 84 120 62
-180.7703 -555.0928 4552.7344 84 118 63
-177.1184 -555.0928 4552.7344 84 115 63
-173.2194 -554.3021 4546.2490 87 115 66
-169.3315 -553.5135 4539.7822 92 115 63
-165.9259 -554.3021 4546.2490 120 127 77
-161.5887 -551.9433 4526.9033 158 140 96
-158.1818 -552.7273 4533.3335 201 171 123
-154.7653 -553.5135 4539.7822 215 184 130
-150.9091 -552.7273 4533.3335 219 184 129
-270.7003 -548.5715 4469.8413 219 225 191
-266.7413 -547.8042 4463.5898 196 209 175
-263.1609 -547.8042 4463.5898 191 209 179
-259.2179 -547.0391 4457.3560 190 208 181
-255.6425 -547.0391 4457.3560 184 200 170
-252.0671 -547.0391 4457.3560 178 195 159
-248.4917 -547.0391 4457.3560 174 192 151
-244.9162 -547.0391 4457.3560 165 185 144
-241.3408 -547.0391 4457.3560 154 175 134
-237.7654 -547.0391 4457.3560 152 174 130
-234.1900 -547.0391 4457.3560 154 175 133
-230.9371 -547.8042 4463.5898 166 185 146
-227.3567 -547.8042 4463.5898 180 198 164
-223.7762 -547.8042 4463.5898 185 202 169
-219.8883 -547.0391 4457.3560 174 187 145
-216.6154 -547.8042 4463.5898 180 201 157
-210.6329 -550.8862 4488.7017 129 165 109
-208.2037 -554.0029 4514.0972 109 146 86
-204.2938 -553.2203 4507.7212 98 136 77
-200.1127 -551.6620 4495.0234 93 131 74
-197.3409 -554.0029 4514.0972 90 128 70
-193.4463 -553.2203 4507.7212 87 124 67
-189.5628 -552.4401 4501.3638 85 121 64
-186.2147 -553.2203 4507.7212 87 119 63
-182.8571 -554.0029 4514.0972 90 119 67
-180.0000 -556.3636 4533.3335 89 117 66
-176.6145 -557.1551 4539.7822 91 115 64
-172.7273 -556.3636 4533.3335 104 121 73
-168.8511 -555.5745 4526.9033 137 130 84
-165.6899 -557.1551 4539.7822 184 149 107
-161.3598 -554.7875 4520.4912 211 170 122
-157.7337 -554.7875 4520.4912 219 183 130
-271.0800 -552.9313 4476.1104 191 208 176
-267.1149 -552.1569 4469.8413 191 211 182
-263.5294 -552.1569 4469.8413 186 205 175
-259.5804 -551.3846 4463.5898 183 201 168
-255.6425 -550.6146 4457.3560 177 196 159
-252.4196 -551.3846 4463.5898 165 185 143
-248.4917 -550.6146 4457.3560 162 182 140
-244.9162 -550.6146 4457.3560 157 177 134
-241.6783 -551.3846 4463.5898 152 173 129
-237.7654 -550.6146 4457.3560 162 183 143
-234.1900 -550.6146 4457.3560 175 194 157
-230.9371 -551.3846 4463.5898 186 204 172
-227.3567 -551.3846 4463.5898 193 215 182
-223.4637 -550.6146 4457.3560 200 222 168
-219.8883 -550.6146 4457.3560 162 188 103
-216.6154 -551.3846 4463.5898 130 161 81
-213.3333 -552.1569 4469.8413 110 146 78
-210.3371 -553.7079 4482.3970 100 136 73
-207.0324 -554.4867 4488.7017 97 131 71
-203.4318 -554.4867 4488.7017 92 128 72
-199.8312 -554.4867 4488.7017 88 126 71
-196.5070 -555.2676 4495.0234 88 123 67
-192.9014 -555.2676 4495.0234 87 120 67
-189.0296 -554.4867 4488.7017 87 120 66
-185.6901 -555.2676 4495.0234 90 119 67
-182.3414 -556.0508 4501.3638 95 119 71
-179.7447 -559.2057 4526.9033 100 120 72
-176.6145 -560.7966 4539.7822 118 126 79
-172.7273 -560.0001 4533.3335 161 136 95
-168.6119 -558.4136 4520.4912 201 156 115
-165.6899 -560.7966 4539.7822 219 180 129
-161.1315 -557.6238 4514.0972 221 186 129
-271.0800 -556.5218 4476.1104 190 210 181
-267.4895 -556.5218 4476.1104 184 203 170
-263.8990 -556.5218 4476.1104 180 198 162
-259.9440 -555.7423 4469.8413 170 189 149
-256.0000 -554.9651 4463.5898 154 176 129
-252.4196 -554.9651 4463.5898 142 165 114
-248.4917 -554.1900 4457.3560 150 171 124
-244.9162 -554.1900 4457.3560 162 180 138
-241.6783 -554.9651 4463.5898 174 191 153
-237.7654 -554.1900 4457.3560 183 201 168
-234.1900 -554.1900 4457.3560 190 209 181
-230.6145 -554.1900 4457.3560 190 213 181
-227.0391 -554.1900 4457.3560 186 214 162
-223.1520 -553.4171 4451.1392 159 188 115
-219.5816 -553.4171 4451.1392 118 153 76
-216.3129 -554.1900 4457.3560 101 139 70
-212.7375 -554.1900 4457.3560 98 134 72
-209.4546 -554.9651 4463.5898 95 129 69
-206.1625 -555.7423 4469.8413 94 127 70
-202.5770 -555.7423 4469.8413 90 124 71
-198.9916 -555.7423 4469.8413 88 122 69
-195.9551 -557.3033 4482.3970 88 119 66
-192.3596 -557.3033 4482.3970 90 118 68
-188.4993 -556.5218 4476.1104 93 120 71
-185.1685 -557.3033 4482.3970 97 119 73
-181.8284 -558.0873 4488.7017 111 125 78
-179.2362 -561.2448 4514.0972 152 147 103
-176.3636 -563.6364 4533.3335 193 158 124
-172.4823 -562.8369 4526.9033 201 149 118
-271.0800 -560.1122 4476.1104 184 203 172
-267.4895 -560.1122 4476.1104 178 196 158
-263.8990 -560.1122 4476.1104 166 187 144
-259.9440 -559.3278 4469.8413 150 173 125
-256.0000 -558.5455 4463.5898 145 168 116
-252.7731 -559.3278 4469.8413 151 174 124
-248.4917 -557.7654 4457.3560 170 188 145
-245.2588 -558.5455 4463.5898 183 199 165
-241.6783 -558.5455 4463.5898 190 208 180
-237.4338 -556.9875 4451.1392 187 210 183
-233.8633 -556.9875 4451.1392 176 202 169
-229.9722 -556.2117 4444.9399 154 185 131
-226.7225 -556.9875 4451.1392 130 162 94
-222.8412 -556.2117 4444.9399 112 144 77
-219.2758 -556.2117 4444.9399 101 137 71
-216.0112 -556.9875 4451.1392 95 131 70
-212.4407 -556.9875 4451.1392 93 127 71
-209.1620 -557.7654 4457.3560 93 125 71
-205.5866 -557.7654 4457.3560 91 123 72
-202.0112 -557.7654 4457.3560 91 123 71
-198.7133 -558.5455 4463.5898 90 120 67
-195.6802 -560.1122 4476.1104 87 112 61
-192.0898 -560.1122 4476.1104 96 117 67
-188.2353 -559.3278 4469.8413 106 122 75
-185.1685 -560.8989 4482.3970 133 135 91
-181.8284 -561.6878 4488.7017 196 187 149
-179.4901 -565.6658 4520.4912 227 205 174
-176.6145 -568.0797 4539.7822 207 163 134
-172.9730 -568.0797 4539.7822 205 151 120
-275.8310 -566.0845 4495.0234 183 203 175
-271.0800 -563.7027 4476.1104 176 197 162
-267.4895 -563.7027 4476.1104 168 189 148
-263.8990 -563.7027 4476.1104 161 181 137
-259.9440 -562.9131 4469.8413 160 179 135
-256.3586 -562.9131 4469.8413 167 185 143
-252.7731 -562.9131 4469.8413 179 197 158
-248.4917 -561.3408 4457.3560 187 205 174
-245.2588 -562.1259 4463.5898 189 209 183
-241.3408 -561.3408 4457.3560 177 202 172
-237.1031 -559.7772 4444.9399 148 178 136
-233.5376 -559.7772 4444.9399 119 154 94
-229.6523 -558.9987 4438.7578 106 142 76
-226.0918 -558.9987 4438.7578 100 134 71
-222.2222 -558.2223 4432.5928 95 129 68
-218.6667 -558.2223 4432.5928 94 128 68
-215.1111 -558.2223 4432.5928 92 127 70
-211.5556 -558.2223 4432.5928 93 126 71
-208.2893 -558.9987 4438.7578 94 124 72
-204.4445 -558.2223 4432.5928 93 123 74
-200.8889 -558.2223 4432.5928 94 123 74
-197.8830 -559.7772 4444.9399 96 121 70
-195.1329 -562.1259 4463.5898 103 122 67
-191.5525 -562.1259 4463.5898 130 135 83
-187.9720 -562.1259 4463.5898 165 141 100
-184.9088 -563.7027 4476.1104 197 149 119
-181.3184 -563.7027 4476.1104 221 179 155
-178.9831 -567.6837 4507.7212 232 200 173
-282.2472 -568.0899 4482.3970 185 206 181
-279.0436 -568.8890 4488.7017 186 205 178
-275.4431 -568.8890 4488.7017 179 199 168
-271.0800 -567.2932 4476.1104 169 190 153
-267.1149 -566.4987 4469.8413 161 181 139
-263.5294 -566.4987 4469.8413 162 180 137
-259.5804 -565.7063 4463.5898 174 190 152
-256.0000 -565.7063 4463.5898 185 202 169
-252.4196 -565.7063 4463.5898 190 209 180
-248.4917 -564.9163 4457.3560 177 202 172
-244.5746 -564.1284 4451.1392 150 180 138
-241.0042 -564.1284 4451.1392 121 154 100
-236.7733 -562.5592 4438.7578 105 139 78
-232.8889 -561.7778 4432.5928 98 132 71
-229.3333 -561.7778 4432.5928 92 127 67
-225.4646 -560.9987 4426.4448 89 125 66
-221.6067 -560.2216 4420.3140 91 125 65
-217.7594 -559.4468 4414.2002 91 125 69
-214.2186 -559.4468 4414.2002 92 125 73
-210.6777 -559.4468 4414.2002 95 124 74
-207.1369 -559.4468 4414.2002 96 124 75
-203.5961 -559.4468 4414.2002 98 125 76
-199.5034 -557.9034 4402.0229 104 125 76
-196.5145 -559.4468 4414.2002 125 140 90
-194.0473 -562.5592 4438.7578 174 183 134
-191.0181 -564.1284 4451.1392 211 211 169
-187.4477 -564.1284 4451.1392 200 171 135
-184.3916 -565.7063 4463.5898 209 155 129
-180.8112 -565.7063 4463.5898 217 160 137
-285.8427 -571.6854 4482.3970 185 205 181
-281.4566 -570.0840 4469.8413 183 203 178
-278.2609 -570.8836 4476.1104 179 199 169
-274.6704 -570.8836 4476.1104 171 192 156
-270.7003 -570.0840 4469.8413 166 185 147
-266.7413 -569.2867 4463.5898 166 184 143
-263.1609 -569.2867 4463.5898 172 185 137
-259.2179 -568.4917 4457.3560 171 189 124
-255.2859 -567.6988 4451.1392 167 192 137
-251.7155 -567.6988 4451.1392 145 174 123
-247.7995 -566.9081 4444.9399 119 153 98
-243.8943 -566.1197 4438.7578 107 141 82
-240.0000 -565.3334 4432.5928 102 135 78
-235.7895 -563.7673 4420.3140 96 130 71
-231.9226 -562.9875 4414.2002 92 125 69
-228.0663 -562.2100 4408.1030 88 124 66
-224.5304 -562.2100 4408.1030 90 125 68
-220.6897 -561.4344 4402.0229 91 123 69
-217.1586 -561.4344 4402.0229 88 120 66
-213.6276 -561.4344 4402.0229 92 122 72
-210.0966 -561.4344 4402.0229 98 124 76
-206.5655 -561.4344 4402.0229 102 125 77
-203.0345 -561.4344 4402.0229 118 136 86
-198.9546 -559.8900 4389.9131 159 173 121
-195.7025 -560.6612 4395.9595 194 209 166
-183.8773 -567.6988 4451.1392 223 194 156
-180.5587 -568.4917 4457.3560 221 175 140
-285.0420 -573.6695 4469.8413 186 205 179
-280.6704 -572.0671 4457.3560 180 199 170
-277.8712 -573.6695 4469.8413 176 194 161
-274.2857 -573.6695 4469.8413 174 192 155
-269.9442 -572.0671 4457.3560 179 197 161
-265.9972 -571.2692 4451.1392 190 209 171
-262.4268 -571.2692 4451.1392 194 216 153
-258.4958 -570.4736 4444.9399 143 173 85
-254.2222 -568.8890 4432.5928 120 155 78
-250.3190 -568.0999 4426.4448 108 143 78
-246.4266 -567.3130 4420.3140 101 136 76
-242.5450 -566.5284 4414.2002 97 132 75
-239.0042 -566.5284 4414.2002 94 128 75
-234.8138 -564.9655 4402.0229 92 127 74
-230.9642 -564.1873 4395.9595 93 126 73
-227.4380 -564.1873 4395.9595 92 125 72
-223.9118 -564.1873 4395.9595 93 124 72
-220.3857 -564.1873 4395.9595 90 120 68
-216.8595 -564.1873 4395.9595 91 118 65
-213.3333 -564.1873 4395.9595 99 124 74
-209.5186 -563.4114 4389.9131 114 131 84
-205.9973 -563.4114 4389.9131 148 160 113
-202.4759 -563.4114 4389.9131 197 207 164
-198.6813 -562.6374 4383.8828 215 226 188
-195.4333 -563.4114 4389.9131 212 225 188
-284.2458 -575.6425 4457.3560 182 200 171
-267.7009 -570.8588 4420.3140 191 212 175
-264.1551 -570.8588 4420.3140 192 215 165
-260.9709 -571.6505 4426.4448 145 175 101
-256.7082 -570.0692 4414.2002 109 144 63
-252.8177 -569.2817 4408.1030 101 136 68
-248.9379 -568.4966 4402.0229 98 133 74
-245.7458 -569.2817 4408.1030 94 129 76
-241.8759 -568.4966 4402.0229 92 127 74
-238.3448 -568.4966 4402.0229 93 125 74
-234.1678 -566.9326 4389.9131 93 125 75
-230.3297 -566.1539 4383.8828 94 124 75
-226.8132 -566.1539 4383.8828 95 123 74
-223.6039 -566.9326 4389.9131 95 121 73
-220.0826 -566.9326 4389.9131 95 119 70
-216.5612 -566.9326 4389.9131 106 125 75
-212.7473 -566.1539 4383.8828 136 148 97
-209.2308 -566.1539 4383.8828 192 195 145
-205.7143 -566.1539 4383.8828 228 230 190
-202.1978 -566.1539 4383.8828 232 236 201
-198.4088 -565.3773 4377.8691 232 236 203
-195.1648 -566.1539 4383.8828 226 232 199
-304.5161 -557.4194 4289.6060 194 218 184
-277.1862 -572.0276 4402.0229 188 204 174
-274.0332 -572.8177 4408.1030 187 206 174
-270.8714 -573.6100 4414.2002 175 199 162
-266.5931 -572.0276 4402.0229 156 184 138
-263.0621 -572.0276 4402.0229 144 170 120
-259.8895 -572.8177 4408.1030 115 145 86
-256.0000 -572.0276 4402.0229 101 133 72
-252.4690 -572.0276 4402.0229 90 123 63
-248.9379 -572.0276 4402.0229 92 126 72
-245.4069 -572.0276 4402.0229 92 125 75
-241.5427 -571.2397 4395.9595 91 124 75
-238.0165 -571.2397 4395.9595 93 124 76
-234.1678 -570.4540 4389.9131 94 124 76
-230.6465 -570.4540 4389.9131 96 123 76
-227.1252 -570.4540 4389.9131 99 122 75
-223.6039 -570.4540 4389.9131 104 124 77
-220.0826 -570.4540 4389.9131 119 135 87
-216.5612 -570.4540 4389.9131 158 168 118
-212.7473 -569.6703 4383.8828 197 203 160
-209.2308 -569.6703 4383.8828 205 213 173
-205.7143 -569.6703 4383.8828 204 214 179
-202.4759 -570.4540 4389.9131 203 217 183
-198.4088 -568.8889 4377.8691 207 219 186
-195.1648 -569.6703 4383.8828 219 226 195
-327.2825 -558.6078 4272.3784 230 235 202
-322.9907 -557.1161 4260.9702 223 231 196
-318.7217 -555.6326 4249.6230 227 233 197
-307.9570 -560.8602 4289.6060 204 220 182
-304.9260 -561.6151 4295.3794 175 195 154
-302.2942 -563.1309 4306.9727 176 196 163
-276.4237 -573.9753 4389.9131 176 198 160
-272.9023 -573.9753 4389.9131 147 175 129
-269.7521 -574.7658 4395.9595 122 154 102
-266.2259 -574.7658 4395.9595 107 142 88
-262.3384 -573.9753 4389.9131 101 133 80
-259.5310 -575.5587 4402.0229 96 129 75
-256.0000 -575.5587 4402.0229 93 126 72
-252.1212 -574.7658 4395.9595 89 120 62
-248.5950 -574.7658 4395.9595 89 120 65
-245.0689 -574.7658 4395.9595 91 123 73
-241.2105 -573.9753 4389.9131 90 121 71
-238.0165 -574.7658 4395.9595 93 122 73
-234.1678 -573.9753 4389.9131 95 122 74
-230.3297 -573.1868 4383.8828 100 125 76
-227.1252 -573.9753 4389.9131 113 133 83
-223.6039 -573.9753 4389.9131 144 161 111
-220.0826 -573.9753 4389.9131 184 203 156
-216.5612 -573.9753 4389.9131 197 217 178
-212.7473 -573.1868 4383.8828 201 217 181
-208.9438 -572.4006 4377.8691 213 222 185
-205.7143 -573.1868 4383.8828 223 228 189
-202.4759 -573.9753 4389.9131 215 224 185
-198.4088 -572.4006 4377.8691 208 221 186
-327.7212 -562.7882 4278.1055 230 233 203
-324.2896 -562.7882 4278.1055 233 233 204
-320.4284 -562.0349 4272.3784 221 213 185
-317.4263 -562.7882 4278.1055 232 228 198
-314.4161 -563.5437 4283.8481 232 234 202
-310.9799 -563.5437 4283.8481 212 220 187
-307.9570 -564.3011 4289.6060 187 201 164
-304.9260 -565.0607 4295.3794 175 193 157
-301.8868 -565.8221 4301.1680 177 197 170
-298.0350 -565.0607 4295.3794 174 196 171
-296.1841 -568.1191 4318.6289 174 196 170
-272.1536 -575.9122 4377.8691 108 141 86
-269.0110 -576.7033 4383.8828 100 133 80
-266.2259 -578.2921 4395.9595 95 128 78
-262.3384 -577.4966 4389.9131 93 125 77
-259.1736 -578.2921 4395.9595 93 125 76
-255.6474 -578.2921 4395.9595 93 125 76
-252.1212 -578.2921 4395.9595 92 123 73
-248.2531 -577.4966 4389.9131 91 121 71
-244.7318 -577.4966 4389.9131 92 121 72
-240.8791 -576.7033 4383.8828 89 116 67
-238.0165 -578.2921 4395.9595 97 121 72
-234.1678 -577.4966 4389.9131 108 129 81
-230.3297 -576.7033 4383.8828 136 152 104
-227.1252 -577.4966 4389.9131 181 198 154
-223.6039 -577.4966 4389.9131 202 222 182
-220.0826 -577.4966 4389.9131 203 220 183
-216.5612 -577.4966 4389.9131 212 222 185
-212.7473 -576.7033 4383.8828 233 236 200
-208.9438 -575.9122 4377.8691 230 230 196
-205.7143 -576.7033 4383.8828 233 235 200
-202.4759 -577.4966 4389.9131 237 237 203
-198.4088 -575.9122 4377.8691 222 228 191
-332.4900 -568.5062 4295.3794 216 199 169
-324.7249 -566.9799 4283.8481 221 212 170
-320.8579 -566.2198 4278.1055 185 183 131
-317.8524 -566.9799 4283.8481 196 207 161
-314.8387 -567.7420 4289.6060 181 198 156
-310.9799 -566.9799 4283.8481 166 187 149
-308.3715 -568.5062 4295.3794 165 186 151
-305.3369 -569.2722 4301.1680 169 190 158
-301.8868 -569.2722 4301.1680 171 192 161
-299.2433 -570.8109 4312.7930 161 179 146
-296.5854 -572.3577 4324.4805 165 180 148
-294.7139 -575.4769 4348.0474 176 198 165
-290.4348 -573.9130 4336.2319 180 199 169
-286.9565 -573.9130 4336.2319 179 199 166
-275.2877 -578.6301 4371.8721 100 133 83
-271.7808 -578.6301 4371.8721 94 127 77
-268.6420 -579.4239 4377.8691 92 125 76
-265.4945 -580.2198 4383.8828 91 124 76
-261.6187 -579.4239 4377.8691 91 123 76
-258.4615 -580.2198 4383.8828 91 122 75
-254.9451 -580.2198 4383.8828 93 123 75
-251.7744 -581.0179 4389.9131 94 123 76
-247.9121 -580.2198 4383.8828 94 122 75
-244.3956 -580.2198 4383.8828 97 122 74
-240.8791 -580.2198 4383.8828 103 124 75
-237.6891 -581.0179 4389.9131 133 148 96
-234.1678 -581.0179 4389.9131 182 191 142
-230.3297 -580.2198 4383.8828 216 221 178
-226.8132 -580.2198 4383.8828 228 232 193
-223.6039 -581.0179 4389.9131 228 233 196
-220.0826 -581.0179 4389.9131 223 230 195
-216.2637 -580.2198 4383.8828 220 229 197
-212.4554 -579.4239 4377.8691 224 231 201
-208.6575 -578.6301 4371.8721 229 235 204
-205.4321 -579.4239 4377.8691 223 230 197
-202.1978 -580.2198 4383.8828 212 224 189
-339.3809 -571.9516 4295.3794 227 212 179
-336.8421 -573.4953 4306.9727 227 214 180
-332.4900 -571.9516 4295.3794 224 212 175
-328.1611 -570.4162 4283.8481 224 213 176
-324.7249 -570.4162 4283.8481 224 222 173
-321.2886 -570.4162 4283.8481 192 204 134
-317.8524 -570.4162 4283.8481 153 173 106
-314.8387 -571.1828 4289.6060 144 165 116
-310.9799 -570.4162 4283.8481 151 174 135
-307.9570 -571.1828 4289.6060 160 183 146
-305.3369 -572.7224 4301.1680 166 188 156
-302.2942 -573.4953 4306.9727 170 193 162
-298.8394 -573.4953 4306.9727 175 196 153
-296.1841 -575.0474 4318.6289 172 195 118
-293.5143 -576.6079 4330.3481 156 183 108
-289.6477 -575.8265 4324.4805 149 174 117
-285.7916 -575.0474 4318.6289 130 158 100
-281.9152 -581.3406 4365.8916 104 137 85
-278.7945 -582.1370 4371.8721 95 129 79
-274.5355 -580.5465 4359.9272 88 121 71
-271.0383 -580.5465 4359.9272 89 122 72
-268.2740 -582.1370 4371.8721 90 122 74
-265.1303 -582.9355 4377.8691 89 120 72
-261.2603 -582.1370 4371.8721 89 118 71
-258.1070 -582.9355 4377.8691 93 122 75
-254.5953 -582.9355 4377.8691 96 124 77
-251.0837 -582.9355 4377.8691 97 123 77
-247.2329 -582.1370 4371.8721 103 125 79
-244.0604 -582.9355 4377.8691 120 136 89
-240.2192 -582.1370 4371.8721 159 172 126
-237.3627 -583.7363 4383.8828 209 219 180
-233.5254 -582.9355 4377.8691 213 220 190
-229.6986 -582.1370 4371.8721 211 219 188
-226.5021 -582.9355 4377.8691 214 220 190
-223.2967 -583.7363 4383.8828 213 219 188
-219.7802 -583.7363 4383.8828 210 220 187
-215.6712 -582.1370 4371.8721 208 223 190
-211.8742 -581.3406 4365.8916 206 223 189
-208.0874 -580.5465 4359.9272 207 221 189
-204.8701 -581.3406 4365.8916 223 230 199
-201.6438 -582.1370 4371.8721 223 231 195
-352.5645 -580.0814 4330.3481 217 228 194
-348.6179 -579.2954 4324.4805 223 231 197
-343.7517 -576.9501 4306.9727 231 233 198
-339.3809 -575.3971 4295.3794 233 236 201
-336.3882 -576.1725 4301.1680 233 236 201
-332.0430 -574.6237 4289.6060 229 234 197
-328.1611 -573.8524 4283.8481 225 233 193
-325.1613 -574.6237 4289.6060 212 227 175
-321.2886 -573.8524 4283.8481 168 191 131
-318.2796 -574.6237 4289.6060 141 167 117
-314.8387 -574.6237 4289.6060 141 165 126
-310.9799 -573.8524 4283.8481 151 175 141
-307.9570 -574.6237 4289.6060 161 185 153
-304.9260 -575.3971 4295.3794 167 190 160
-301.8868 -576.1725 4301.1680 173 195 162
-298.4367 -576.1725 4301.1680 191 214 162
-294.9865 -576.1725 4301.1680 165 194 111
-291.9298 -576.9501 4306.9727 123 154 73
-288.4750 -576.9501 4306.9727 115 145 81
-285.0203 -576.9501 4306.9727 105 136 77
-280.3810 -581.6599 4342.1318 93 123 74
-277.6535 -583.2469 4353.9790 84 116 67
-273.4150 -581.6599 4342.1318 85 118 67
-270.2997 -582.4524 4348.0474 89 120 74
-267.5410 -584.0438 4359.9272 90 119 73
-264.4049 -584.8427 4365.8916 90 118 73
-260.9029 -584.8427 4365.8916 94 121 74
-257.4008 -584.8427 4365.8916 97 122 77
-253.8988 -584.8427 4365.8916 102 125 78
-250.3967 -584.8427 4365.8916 117 135 84
-247.2329 -585.6439 4371.8721 158 162 112
-243.7260 -585.6439 4371.8721 206 200 154
-240.2192 -585.6439 4371.8721 219 212 172
-237.3627 -587.2527 4383.8828 223 212 173
-233.5254 -586.4472 4377.8691 225 214 172
-229.3844 -584.8427 4365.8916 228 217 176
-226.1918 -585.6439 4371.8721 229 220 178
-222.9904 -586.4472 4377.8691 229 222 179
-219.7802 -587.2527 4383.8828 222 219 179
-215.3762 -584.8427 4365.8916 216 220 183
-211.5847 -584.0438 4359.9272 214 224 187
-207.5204 -582.4524 4348.0474 210 223 187
-353.0435 -584.3478 4336.2319 231 231 201
-349.0909 -583.5550 4330.3481 227 225 194
-343.7517 -580.4048 4306.9727 226 219 190
-339.3809 -578.8426 4295.3794 228 221 193
-336.3882 -579.6227 4301.1680 227 224 194
-332.0430 -578.0646 4289.6060 224 226 194
-328.1611 -577.2886 4283.8481 207 219 180
-324.7249 -577.2886 4283.8481 170 191 143
-321.2886 -577.2886 4283.8481 149 174 133
-317.8524 -577.2886 4283.8481 145 170 135
-314.4161 -577.2886 4283.8481 147 172 139
-310.5630 -576.5148 4278.1055 152 176 146
-307.5436 -577.2886 4283.8481 159 182 153
-304.5161 -578.0646 4289.6060 169 193 158
-300.6712 -577.2886 4283.8481 178 202 154
-297.2349 -577.2886 4283.8481 160 189 122
-293.7987 -577.2886 4283.8481 129 159 85
-290.7527 -578.0646 4289.6060 107 140 69
-287.3119 -578.0646 4289.6060 99 134 73
-283.4900 -577.2886 4283.8481 95 128 75
-280.8076 -578.8426 4295.3794 88 120 68
-277.7359 -579.6227 4301.1680 75 108 54
-275.0270 -581.1893 4312.7930 75 106 55
-271.2011 -580.4048 4306.9727 85 117 69
-268.4709 -581.9756 4318.6289 89 120 74
-266.4490 -585.1429 4342.1318 91 119 72
-263.6835 -586.7394 4353.9790 90 116 69
-260.1910 -586.7394 4353.9790 100 123 78
-257.0492 -587.5410 4359.9272 113 132 85
-253.5519 -587.5410 4359.9272 145 160 111
-250.3967 -588.3448 4365.8916 190 200 158
-246.8947 -588.3448 4365.8916 215 220 183
-243.7260 -589.1507 4371.8721 220 223 185
-240.2192 -589.1507 4371.8721 218 219 183
-237.0370 -589.9589 4377.8691 221 219 182
-233.2055 -589.1507 4371.8721 223 220 179
-228.7585 -586.7394 4353.9790 222 221 179
-225.8824 -588.3448 4365.8916 221 224 184
-222.6849 -589.1507 4371.8721 221 224 187
-215.0820 -587.5410 4359.9272 218 226 190
-211.2960 -586.7394 4353.9790 218 226 190
-207.5204 -585.9401 4348.0474 221 228 192
-355.5556 -586.2330 4324.4805 237 221 192
-352.5645 -587.0285 4330.3481 236 219 189
-348.1462 -585.4398 4318.6289 235 217 186
-343.7517 -583.8597 4306.9727 234 212 183
-339.8383 -583.0728 4301.1680 233 213 183
-336.3882 -583.0728 4301.1680 230 217 181
-332.4900 -582.2881 4295.3794 195 199 154
-328.6022 -581.5054 4289.6060 154 173 127
-325.1613 -581.5054 4289.6060 144 170 131
-321.2886 -580.7249 4283.8481 146 171 139
-317.8524 -580.7249 4283.8481 149 173 141
-314.4161 -580.7249 4283.8481 154 179 147
-310.9799 -580.7249 4283.8481 159 183 151
-307.5436 -580.7249 4283.8481 165 189 153
-304.1074 -580.7249 4283.8481 169 195 153
-300.6712 -580.7249 4283.8481 146 174 119
-297.2349 -580.7249 4283.8481 115 147 81
-293.7987 -580.7249 4283.8481 106 139 76
-290.3624 -580.7249 4283.8481 97 131 72
-286.9262 -580.7249 4283.8481 91 126 73
-283.4900 -580.7249 4283.8481 86 121 70
-280.0537 -580.7249 4283.8481 78 111 57
-276.9893 -581.5054 4289.6060 71 103 48
-273.9166 -582.2881 4295.3794 82 111 61
-270.8356 -583.0728 4301.1680 89 117 70
-267.7463 -583.8597 4306.9727 93 119 73
-265.3658 -586.2330 4324.4805 99 121 75
-263.3242 -589.4279 4348.0474 109 127 79
-260.1910 -590.2319 4353.9790 136 151 103
-257.0492 -591.0383 4359.9272 184 197 153
-253.5519 -591.0383 4359.9272 217 228 189
-250.7397 -592.6575 4371.8721 223 233 196
-247.5720 -593.4705 4377.8691 220 230 196
-244.0604 -593.4705 4377.8691 217 228 195
-240.5487 -593.4705 4377.8691 218 227 195
-237.0370 -593.4705 4377.8691 221 229 198
-233.2055 -592.6575 4371.8721 218 227 195
-228.7585 -590.2319 4353.9790 217 225 194
-225.8824 -591.8468 4365.8916 226 233 201
-222.6849 -592.6575 4371.8721 231 235 202
-219.4787 -593.4705 4377.8691 230 235 201
-215.3762 -591.8468 4365.8916 226 233 199
-211.2960 -590.2319 4353.9790 222 231 197
-359.5115 -590.5020 4330.3481 229 235 203
-354.5946 -588.1082 4312.7930 224 232 198
-351.6103 -588.9040 4318.6289 223 230 196
-347.6757 -588.1082 4312.7930 224 230 193
-343.7517 -587.3145 4306.9727 227 228 191
-339.8383 -586.5229 4301.1680 219 225 187
-336.8421 -587.3145 4306.9727 181 194 150
-332.4900 -585.7336 4295.3794 136 158 108
-328.6022 -584.9463 4289.6060 136 162 121
-325.1613 -584.9463 4289.6060 142 166 134
-321.7205 -584.9463 4289.6060 149 173 142
-318.2796 -584.9463 4289.6060 157 180 149
-314.4161 -584.1611 4283.8481 165 187 154
-310.9799 -584.1611 4283.8481 167 192 154
-307.5436 -584.1611 4283.8481 154 182 139
-304.1074 -584.1611 4283.8481 134 162 117
-300.6712 -584.1611 4283.8481 123 151 100
-297.2349 -584.1611 4283.8481 102 131 75
-293.7987 -584.1611 4283.8481 93 125 73
-290.3624 -584.1611 4283.8481 95 127 76
-286.9262 -584.1611 4283.8481 82 112 59
-283.1099 -583.3781 4278.1055 76 106 49
-280.0537 -584.1611 4283.8481 79 106 50
-276.6175 -584.1611 4283.8481 86 114 61
-273.5484 -584.9463 4289.6060 94 121 72
-270.4711 -585.7336 4295.3794 98 122 75
-267.7463 -587.3145 4306.9727 106 125 81
-265.7259 -590.5020 4330.3481 129 143 98
-263.6835 -593.7244 4353.9790 179 186 144
-260.5465 -594.5355 4359.9272 215 218 183
-257.7534 -596.1644 4371.8721 216 222 193
-253.8988 -595.3489 4365.8916 214 223 193
-251.0837 -596.9822 4377.8691 219 225 193
-247.9121 -597.8022 4383.8828 220 225 191
-244.3956 -597.8022 4383.8828 218 224 188
-240.8791 -597.8022 4383.8828 218 222 185
391.8770 -669.5385 4909.9487 130 73 33
396.4253 -670.5701 4917.5142 128 74 35
-362.9851 -593.9756 4330.3481 224 231 198
-358.5386 -592.3681 4318.6289 221 231 198
-354.1161 -590.7692 4306.9727 219 229 194
-350.6613 -590.7692 4306.9727 223 229 196
-346.7386 -589.9731 4301.1680 229 234 202
-343.2884 -589.9731 4301.1680 225 231 197
-339.8383 -589.9731 4301.1680 179 193 151
-336.3882 -589.9731 4301.1680 131 154 102
-332.4900 -589.1791 4295.3794 129 154 107
-328.6022 -588.3871 4289.6060 138 163 128
-325.1613 -588.3871 4289.6060 145 170 138
-321.7205 -588.3871 4289.6060 156 180 148
-317.8524 -587.5974 4283.8481 171 193 157
-314.4161 -587.5974 4283.8481 162 188 148
-310.9799 -587.5974 4283.8481 143 172 127
-307.5436 -587.5974 4283.8481 123 153 105
-304.1074 -587.5974 4283.8481 100 131 81
-300.6712 -587.5974 4283.8481 92 123 74
-297.2349 -587.5974 4283.8481 96 126 75
-293.7987 -587.5974 4283.8481 93 124 73
-289.9732 -586.8097 4278.1055 100 128 77
-286.5416 -586.8097 4278.1055 81 110 51
-283.1099 -586.8097 4278.1055 80 110 51
-280.0537 -587.5974 4283.8481 89 116 63
-276.6175 -587.5974 4283.8481 96 122 73
-273.1812 -587.5974 4283.8481 105 126 78
-270.4711 -589.1791 4295.3794 126 141 93
-267.3855 -589.9731 4301.1680 168 177 133
-266.0870 -594.7827 4336.2319 206 212 176
-264.0437 -598.0328 4359.9272 223 225 198
-261.2603 -599.6713 4371.8721 224 226 199
-257.7534 -599.6713 4371.8721 219 222 196
-254.2466 -599.6713 4371.8721 218 217 190
-248.2531 -602.1458 4389.9131 229 218 178
-245.0689 -602.9752 4395.9595 229 218 176
-241.2105 -602.1458 4389.9131 230 217 172
378.8957 -671.4111 4894.8877 130 71 30
383.4102 -672.4424 4902.4067 130 71 31
387.3426 -672.4424 4902.4067 126 69 29
390.6749 -671.4111 4894.8877 128 74 33
395.2074 -672.4424 4902.4067 126 72 32
400.3698 -674.5146 4917.5142 132 79 39
-362.0027 -595.8323 4318.6289 238 220 192
-358.0541 -595.0270 4312.7930 235 215 187
-354.1161 -594.2241 4306.9727 229 201 174
-350.1887 -593.4232 4301.1680 227 200 170
-346.2719 -592.6246 4295.3794 212 204 169
-342.8264 -592.6246 4295.3794 167 181 133
-339.3809 -592.6246 4295.3794 133 155 106
-335.9354 -592.6246 4295.3794 129 153 109
-332.0430 -591.8280 4289.6060 136 161 122
-328.6022 -591.8280 4289.6060 144 168 135
-324.7249 -591.0336 4283.8481 155 179 145
-321.2886 -591.0336 4283.8481 158 186 146
-317.8524 -591.0336 4283.8481 147 177 134
-314.4161 -591.0336 4283.8481 126 158 113
-310.9799 -591.0336 4283.8481 110 143 94
-307.5436 -591.0336 4283.8481 101 131 78
-304.5161 -591.8280 4289.6060 85 116 61
-300.6712 -591.0336 4283.8481 79 111 56
-297.2349 -591.0336 4283.8481 83 115 62
-293.7987 -591.0336 4283.8481 88 118 68
-289.9732 -590.2413 4278.1055 93 119 70
-286.9262 -591.0336 4283.8481 89 113 59
-283.1099 -590.2413 4278.1055 95 121 69
-280.0537 -591.0336 4283.8481 105 126 77
-276.6175 -591.0336 4283.8481 123 139 90
-273.5484 -591.8280 4289.6060 162 172 123
-270.8356 -593.4232 4301.1680 201 209 167
-267.7463 -594.2241 4306.9727 221 229 193
-266.8120 -599.8911 4348.0474 222 231 197
-264.0437 -601.5301 4359.9272 219 230 197
-261.2603 -603.1781 4371.8721 216 227 193
-258.1070 -604.0055 4377.8691 221 228 197
-245.4069 -607.3380 4402.0229 228 232 195
369.3435 -672.2443 4872.4683 130 71 31
373.8227 -673.2722 4879.9185 128 67 27
377.7370 -673.2722 4879.9185 127 67 27
381.6514 -673.2722 4879.9185 125 65 27
386.1562 -674.3033 4887.3916 123 64 27
390.0766 -674.3033 4887.3916 123 66 28
394.6013 -675.3375 4894.8877 130 76 37
399.1398 -676.3748 4902.4067 126 73 32
404.9383 -679.5062 4925.1030 124 71 30
408.8889 -679.5062 4925.1030 122 68 29
414.1177 -681.6099 4940.3511 120 66 28
418.7287 -682.6667 4948.0103 117 67 28
424.0125 -684.7901 4963.4009 112 65 25
428.6605 -685.8568 4971.1318 109 64 27
-370.4348 -601.7391 4336.2319 235 213 178
-365.4669 -599.2964 4318.6289 237 214 185
-361.0257 -597.6788 4306.9727 238 219 187
-357.0890 -596.8734 4301.1680 234 211 177
-353.6388 -596.8734 4301.1680 229 200 168
-349.7174 -596.0701 4295.3794 212 196 156
-345.8065 -595.2689 4289.6060 162 176 121
-342.3656 -595.2689 4289.6060 133 153 103
-338.4698 -594.4698 4283.8481 128 150 107
-335.4839 -595.2689 4289.6060 135 158 118
-331.5974 -594.4698 4283.8481 150 173 132
-328.1611 -594.4698 4283.8481 167 194 145
-324.7249 -594.4698 4283.8481 156 185 136
-321.2886 -594.4698 4283.8481 133 163 116
-317.8524 -594.4698 4283.8481 115 146 98
-314.4161 -594.4698 4283.8481 101 133 86
-310.9799 -594.4698 4283.8481 94 126 77
-307.9570 -595.2689 4289.6060 92 122 71
-304.5161 -595.2689 4289.6060 87 118 66
-300.6712 -594.4698 4283.8481 85 117 65
-297.2349 -594.4698 4283.8481 87 117 65
-293.7987 -594.4698 4283.8481 91 117 65
-290.3624 -594.4698 4283.8481 99 121 67
-286.9262 -594.4698 4283.8481 108 128 75
-283.4900 -594.4698 4283.8481 129 145 91
-280.4301 -595.2689 4289.6060 175 183 128
-276.9893 -595.2689 4289.6060 220 223 176
-273.9166 -596.0701 4295.3794 232 231 195
-270.8356 -596.8734 4301.1680 233 234 200
-268.1081 -598.4865 4312.7930 231 236 200
-267.1760 -604.2019 4353.9790 222 231 195
-264.4049 -605.8550 4365.8916 217 229 192
-245.7458 -611.7127 4408.1030 238 240 209
-242.2099 -611.7127 4408.1030 237 239 207
372.6830 -675.1221 4865.0410 128 68 29
376.0122 -674.0944 4857.6357 126 68 29
380.4879 -675.1221 4865.0410 123 67 28
385.5658 -677.1865 4879.9185 122 65 27
389.4801 -677.1865 4879.9185 121 65 26
393.3945 -677.1865 4879.9185 122 65 25
398.5276 -679.2639 4894.8877 126 66 27
403.6923 -681.3539 4909.9487 122 64 25
407.6308 -681.3539 4909.9487 119 64 26
412.2034 -682.4037 4917.5142 114 61 24
416.7902 -683.4568 4925.1030 112 63 26
420.7408 -683.4568 4925.1030 111 68 27
426.0062 -685.5728 4940.3511 118 80 35
431.3044 -687.7020 4955.6938 130 100 51
435.2796 -687.7020 4955.6938 144 126 77
-369.4309 -603.5773 4324.4805 224 235 198
-364.9730 -601.9460 4312.7930 222 233 197
-360.5391 -600.3235 4301.1680 223 232 197
-357.0890 -600.3235 4301.1680 228 231 195
-353.1629 -599.5155 4295.3794 199 190 154
-349.2473 -598.7097 4289.6060 148 138 98
-345.3423 -597.9061 4283.8481 129 141 96
-341.9061 -597.9061 4283.8481 126 149 105
-338.4698 -597.9061 4283.8481 139 160 119
-335.4839 -598.7097 4289.6060 160 185 137
-331.5974 -597.9061 4283.8481 172 198 142
-327.7212 -597.1046 4278.1055 147 176 121
-324.2896 -597.1046 4278.1055 120 151 101
-320.8579 -597.1046 4278.1055 103 134 85
-317.4263 -597.1046 4278.1055 97 126 78
-313.9947 -597.1046 4278.1055 90 121 75
-310.5630 -597.1046 4278.1055 86 118 71
-307.5436 -597.9061 4283.8481 89 118 69
-304.1074 -597.9061 4283.8481 89 116 67
-300.6712 -597.9061 4283.8481 94 120 68
-297.2349 -597.9061 4283.8481 102 124 68
-293.7987 -597.9061 4283.8481 117 134 80
-289.9732 -597.1046 4278.1055 142 155 101
-286.9262 -597.9061 4283.8481 183 192 142
-283.1099 -597.1046 4278.1055 218 225 182
-280.0537 -597.9061 4283.8481 232 238 198
-276.6175 -597.9061 4283.8481 236 239 204
-273.5484 -598.7097 4289.6060 237 237 205
-270.4711 -599.5155 4295.3794 240 240 210
-268.1081 -601.9460 4312.7930 242 241 213
-267.5410 -608.5246 4359.9272 242 241 211
384.3903 -679.0245 4865.0410 114 61 26
388.2927 -679.0245 4865.0410 116 61 26
392.1952 -679.0245 4865.0410 115 60 26
397.3089 -681.1010 4879.9185 115 62 27
403.0722 -684.2397 4902.4067 113 62 27
407.0046 -684.2397 4902.4067 117 70 31
411.5692 -685.2923 4909.9487 124 82 38
415.5077 -685.2923 4909.9487 151 122 70
420.0925 -686.3482 4917.5142 183 164 111
424.6914 -687.4075 4925.1030 200 183 133
429.3045 -688.4699 4932.7153 201 186 136
432.5927 -687.4075 4925.1030 193 176 124
437.2180 -688.4699 4932.7153 180 171 120
441.8576 -689.5356 4940.3511 170 173 126
-372.8997 -607.0461 4324.4805 235 236 202
-369.4309 -607.0461 4324.4805 227 232 198
-364.9730 -605.4055 4312.7930 225 230 197
-360.5391 -603.7736 4301.1680 227 231 198
-356.6084 -602.9610 4295.3794 217 214 183
-353.1629 -602.9610 4295.3794 142 132 103
-349.7174 -602.9610 4295.3794 130 125 104
-345.3423 -601.3423 4283.8481 131 137 108
-341.9061 -601.3423 4283.8481 145 166 127
-338.4698 -601.3423 4283.8481 157 184 139
-335.0336 -601.3423 4283.8481 144 175 126
-331.1528 -600.5362 4278.1055 123 154 104
-327.2825 -599.7323 4272.3784 108 139 89
-324.2896 -600.5362 4278.1055 96 128 78
-320.8579 -600.5362 4278.1055 87 118 66
-317.4263 -600.5362 4278.1055 85 115 64
-313.9947 -600.5362 4278.1055 85 113 65
-310.5630 -600.5362 4278.1055 83 111 61
-307.5436 -601.3423 4283.8481 90 116 63
-304.1074 -601.3423 4283.8481 104 124 71
-300.2681 -600.5362 4278.1055 127 143 88
-297.2349 -601.3423 4283.8481 162 173 119
-293.7987 -601.3423 4283.8481 201 210 161
-289.9732 -600.5362 4278.1055 222 230 189
-286.9262 -601.3423 4283.8481 231 237 202
-283.4900 -601.3423 4283.8481 234 239 206
-280.8076 -602.9610 4295.3794 236 238 206
-276.9893 -602.1506 4289.6060 238 239 206
-273.5484 -602.1506 4289.6060 236 237 205
-270.8356 -603.7736 4301.1680 233 235 205
-268.8347 -607.0461 4324.4805 234 234 207
401.8377 -686.0643 4887.3916 150 134 86
405.1376 -685.0153 4879.9185 172 163 109
410.9370 -688.1721 4902.4067 186 177 123
414.8694 -688.1721 4902.4067 189 180 127
419.4462 -689.2308 4909.9487 194 181 130
424.0370 -690.2928 4917.5142 192 179 129
428.6420 -691.3580 4925.1030 184 175 124
431.9261 -690.2928 4917.5142 177 168 115
436.5432 -691.3580 4925.1030 182 168 111
440.4939 -691.3580 4925.1030 179 162 105
-365.4669 -609.6888 4318.6289 235 200 171
-360.5391 -607.2238 4301.1680 222 185 161
-356.6084 -606.4065 4295.3794 157 132 109
-352.6882 -605.5914 4289.6060 118 115 90
-349.2473 -605.5914 4289.6060 143 154 125
-345.3423 -604.7786 4283.8481 152 172 134
-341.9061 -604.7786 4283.8481 140 169 123
-338.0161 -603.9678 4278.1055 121 152 104
-334.5845 -603.9678 4278.1055 106 139 90
-330.7095 -603.1594 4272.3784 98 130 80
-326.8449 -602.3530 4266.6670 94 124 74
-323.4225 -602.3530 4266.6670 90 120 70
-320.4284 -603.1594 4272.3784 87 117 65
-317.0013 -603.1594 4272.3784 86 113 60
-313.1551 -602.3530 4266.6670 85 110 53
-310.1473 -603.1594 4272.3784 104 121 62
-307.1314 -603.9678 4278.1055 143 152 94
-303.6997 -603.9678 4278.1055 173 183 131
-300.2681 -603.9678 4278.1055 201 215 169
-296.8365 -603.9678 4278.1055 218 229 189
-293.4048 -603.9678 4278.1055 225 234 197
-289.5850 -603.1594 4272.3784 227 235 199
-286.5416 -603.9678 4278.1055 227 235 198
-283.4900 -604.7786 4283.8481 233 239 203
-280.8076 -606.4065 4295.3794 238 238 206
-277.3621 -606.4065 4295.3794 234 234 200
-274.2857 -607.2238 4301.1680 232 233 199
400.0001 -686.8293 4865.0410 194 198 155
403.9025 -686.8293 4865.0410 187 193 146
409.6784 -689.9847 4887.3916 184 191 143
414.2332 -691.0430 4894.8877 180 190 140
419.4462 -693.1693 4909.9487 178 187 135
423.3846 -693.1693 4909.9487 170 179 125
427.9815 -694.2373 4917.5142 171 182 126
431.9261 -694.2373 4917.5142 173 185 131
435.8706 -694.2373 4917.5142 171 183 131
439.8151 -694.2373 4917.5142 166 176 123
443.7596 -694.2373 4917.5142 161 171 119
-357.0890 -610.6739 4301.1680 141 141 101
-353.1629 -609.8520 4295.3794 149 167 124
-349.2473 -609.0323 4289.6060 138 165 119
-345.3423 -608.2148 4283.8481 121 149 102
-341.9061 -608.2148 4283.8481 107 137 88
-338.0161 -607.3995 4278.1055 98 128 78
-335.0336 -608.2148 4283.8481 87 117 66
-330.7095 -606.5864 4272.3784 86 115 61
-326.4086 -604.9667 4260.9702 89 117 64
-323.4225 -605.7755 4266.6670 90 118 65
-320.0000 -605.7755 4266.6670 91 117 62
-316.5776 -605.7755 4266.6670 104 123 66
-313.1551 -605.7755 4266.6670 146 154 97
-310.1473 -606.5864 4272.3784 216 216 169
-307.1314 -607.3995 4278.1055 236 236 195
-303.6997 -607.3995 4278.1055 225 229 186
-300.2681 -607.3995 4278.1055 216 227 186
-296.8365 -607.3995 4278.1055 212 229 189
-293.0121 -606.5864 4272.3784 216 232 195
-289.5850 -606.5864 4272.3784 228 239 204
-286.5416 -607.3995 4278.1055 230 237 202
-283.4900 -608.2148 4283.8481 221 232 194
-281.1860 -610.6739 4301.1680 220 232 194
-276.9893 -609.0323 4289.6060 229 236 197
398.7842 -688.6323 4850.2534 217 214 169
402.6748 -688.6323 4850.2534 209 208 165
408.4275 -691.7863 4872.4683 207 206 162
412.9664 -692.8441 4879.9185 210 208 161
418.8019 -696.0369 4902.4067 201 201 150
423.3846 -697.1077 4909.9487 188 193 144
427.3231 -697.1077 4909.9487 176 187 141
431.2615 -697.1077 4909.9487 164 176 129
435.2000 -697.1077 4909.9487 177 185 136
439.1385 -697.1077 4909.9487 188 191 142
443.0770 -697.1077 4909.9487 184 188 139
