ply
format ascii 1.0
element vertex 11350
property float x
property float y
property float z
property uchar red
property uchar green
property uchar blue
end_header
-143.6346 470.3079 3169.2817 204 171 139
-141.0924 470.3079 3169.2817 184 135 104
-138.8259 471.2438 3175.5889 190 144 104
-136.4144 471.7132 3178.7517 203 169 116
-134.5345 474.0741 3194.6614 203 169 111
-132.1042 474.5491 3197.8625 201 168 110
-129.6690 475.0251 3201.0701 203 173 121
-127.2289 475.5020 3204.2839 208 184 139
-124.9095 476.4588 3210.7312 211 191 151
-122.5807 477.4194 3217.2043 212 197 158
-120.0000 477.4194 3217.2043 217 206 166
-117.4194 477.4194 3217.2043 221 213 176
-114.8387 477.4194 3217.2043 209 198 158
-112.2581 477.4194 3217.2043 172 159 111
-109.5670 476.9386 3213.9646 151 152 108
-106.9889 476.9386 3213.9646 140 161 121
-104.4109 476.9386 3213.9646 161 187 151
-80.7517 635.7048 4283.8481 93 134 76
-77.2118 634.8525 4278.1055 90 130 70
-73.7802 634.8525 4278.1055 87 127 65
-70.3485 634.8525 4278.1055 88 127 64
-66.9169 634.8525 4278.1055 90 129 66
-143.6346 467.7657 3169.2817 193 158 127
-141.0924 467.7657 3169.2817 179 128 95
-138.8259 468.6966 3175.5889 196 153 109
-136.4144 469.1634 3178.7517 204 170 115
-134.5345 471.5115 3194.6614 202 168 111
-132.1042 471.9840 3197.8625 201 166 107
-129.6690 472.4574 3201.0701 208 179 122
-127.2289 472.9318 3204.2839 218 199 148
-124.9095 473.8834 3210.7312 214 199 148
-122.5807 474.8387 3217.2043 217 203 158
-120.0000 474.8387 3217.2043 220 209 167
-117.4194 474.8387 3217.2043 219 209 164
-114.8387 474.8387 3217.2043 204 184 134
-112.2581 474.8387 3217.2043 189 171 124
-109.6774 474.8387 3217.2043 159 164 127
-106.9889 474.3606 3213.9646 145 169 142
-104.4109 474.3606 3213.9646 169 195 163
-101.8328 474.3606 3213.9646 179 202 166
-84.9865 638.2656 4324.4805 107 147 98
-80.9690 633.9705 4295.3794 94 138 81
-77.3154 632.2685 4283.8481 90 132 71
-73.7802 631.4209 4278.1055 87 128 65
-70.3485 631.4209 4278.1055 86 126 61
-66.9169 631.4209 4278.1055 88 127 62
-63.5705 632.2685 4283.8481 91 130 64
-143.9204 466.1493 3175.5889 188 142 110
-141.2326 465.6859 3172.4321 180 123 93
-138.8259 466.1493 3175.5889 190 142 102
-136.2786 466.1493 3175.5889 204 166 114
-134.2657 468.0121 3188.2786 202 168 112
-132.1042 469.4189 3197.8625 200 166 107
-129.6690 469.8897 3201.0701 198 165 103
-127.4849 471.3079 3210.7312 204 174 117
-125.0353 471.7825 3213.9646 214 190 142
-122.5807 472.2581 3217.2043 221 205 159
-120.0000 472.2581 3217.2043 212 191 137
-117.4194 472.2581 3217.2043 204 182 130
-114.8387 472.2581 3217.2043 178 170 126
-112.2581 472.2581 3217.2043 154 169 137
-109.6774 472.2581 3217.2043 166 191 159
-107.0968 472.2581 3217.2043 165 190 155
-104.4109 471.7825 3213.9646 150 173 138
-101.8328 471.7825 3213.9646 162 179 150
-84.9865 634.7968 4324.4805 113 151 108
-80.9690 630.5250 4295.3794 98 141 88
-77.5236 630.5250 4295.3794 91 134 76
-73.8792 628.8323 4283.8481 88 131 68
-70.4430 628.8323 4283.8481 86 127 63
-67.0067 628.8323 4283.8481 86 125 60
-63.4853 627.9893 4278.1055 88 127 62
-60.2151 629.6775 4289.6060 93 130 67
-57.0811 633.0811 4312.7930 105 138 75
-53.6942 633.9377 4318.6289 116 145 82
-144.7848 466.3864 3194.6614 182 122 97
-141.3732 463.6021 3175.5889 186 129 108
-138.8259 463.6021 3175.5889 188 140 116
-136.5504 464.5265 3181.9209 188 136 104
-134.2657 465.4546 3188.2786 189 139 95
-132.1042 466.8538 3197.8625 195 154 101
-129.6690 467.3220 3201.0701 200 165 108
-127.4849 468.7324 3210.7312 204 172 116
-125.1613 469.6774 3217.2043 212 186 131
-122.5807 469.6774 3217.2043 207 181 126
-120.0000 469.6774 3217.2043 202 179 128
-117.4194 469.6774 3217.2043 170 171 129
-114.8387 469.6774 3217.2043 158 181 150
-112.2581 469.6774 3217.2043 167 193 160
-109.6774 469.6774 3217.2043 151 173 140
-107.0968 469.6774 3217.2043 162 177 151
-104.5161 469.6774 3217.2043 198 206 176
-101.8328 469.2045 3213.9646 206 208 171
-44.8220 267.4627 1832.0704 184 197 160
-85.1018 632.1846 4330.3481 128 155 120
-81.1876 628.7720 4306.9727 107 146 100
-77.5236 627.0795 4295.3794 95 137 82
-74.0781 627.0795 4295.3794 90 132 71
-70.6326 627.0795 4295.3794 87 128 65
-67.1871 627.0795 4295.3794 85 126 61
-63.6559 626.2366 4289.6060 86 127 62
-60.2151 626.2366 4289.6060 89 128 65
-57.0041 628.7720 4306.9727 95 132 68
-53.6216 629.6216 4312.7930 109 142 77
-50.2300 630.4736 4318.6289 131 154 89
-145.2209 465.2209 3204.2839 181 130 108
-141.3732 461.0547 3175.5889 197 153 126
-138.8259 461.0547 3175.5889 199 162 132
-136.5504 461.9741 3181.9209 188 143 117
-134.1317 462.4351 3185.0964 177 120 92
-131.7083 462.8972 3188.2786 179 127 89
-129.6690 464.7543 3201.0701 198 161 107
-127.2289 465.2209 3204.2839 202 171 113
-125.1613 467.0968 3217.2043 206 177 122
-122.5807 467.0968 3217.2043 201 178 126
-120.0000 467.0968 3217.2043 168 168 130
-117.4194 467.0968 3217.2043 164 189 158
-114.8387 467.0968 3217.2043 166 193 159
-112.2581 467.0968 3217.2043 162 181 152
-109.6774 467.0968 3217.2043 193 200 173
-107.0968 467.0968 3217.2043 212 215 178
-104.4109 466.6264 3213.9646 206 212 173
-101.8328 466.6264 3213.9646 170 188 147
-99.2548 466.6264 3213.9646 189 202 163
-46.2916 265.9931 1832.0704 166 193 160
-44.7963 265.8405 1831.0194 151 178 148
-43.3276 265.8405 1831.0194 147 171 137
-85.2174 629.5652 4336.2319 150 172 133
-81.4073 627.0095 4318.6289 113 150 107
-77.7328 625.3172 4306.9727 98 142 89
-74.0781 623.6340 4295.3794 92 134 77
-70.6326 623.6340 4295.3794 89 129 69
-67.1871 623.6340 4295.3794 86 126 64
-63.7416 623.6340 4295.3794 85 125 62
-60.3774 624.4744 4301.1680 86 127 62
-57.0811 626.1622 4312.7930 91 129 63
-53.6942 627.0095 4318.6289 101 136 71
-50.2300 627.0095 4318.6289 113 141 78
-46.7659 627.0095 4318.6289 128 151 87
-142.2222 461.2613 3194.6614 183 144 116
-138.8259 458.5075 3175.5889 199 157 128
-136.4144 458.9642 3178.7517 187 147 118
-133.9980 459.4218 3181.9209 175 129 103
-131.5768 459.8802 3185.0964 168 133 101
-129.0220 459.8802 3185.0964 176 157 110
-127.2289 462.6507 3204.2839 178 167 122
-124.6586 462.6507 3204.2839 178 174 133
-122.0884 462.6507 3204.2839 162 170 134
-119.6382 463.1156 3207.5042 161 187 157
-117.1831 463.5815 3210.7312 165 193 159
-114.6077 463.5815 3210.7312 166 186 156
-112.1450 464.0484 3213.9646 211 215 183
-109.5670 464.0484 3213.9646 208 211 173
-106.9889 464.0484 3213.9646 171 189 149
-104.4109 464.0484 3213.9646 162 188 150
-101.8328 464.0484 3213.9646 153 183 145
-99.2548 464.0484 3213.9646 191 205 167
-46.2651 264.3718 1831.0194 139 157 133
-44.7706 264.2202 1829.9695 146 169 140
-43.3028 264.2202 1829.9695 155 182 151
-41.8349 264.2202 1829.9695 155 181 150
-85.4496 627.7929 4348.0474 149 176 142
-81.7391 626.0870 4336.2319 122 156 119
-77.9432 623.5453 4318.6289 105 146 98
-74.2780 621.8624 4306.9727 96 137 82
-70.8232 621.8624 4306.9727 89 131 72
-67.2776 621.0243 4301.1680 86 127 65
-63.8275 621.0243 4301.1680 84 126 62
-60.4588 621.8624 4306.9727 84 125 62
-57.1583 623.5453 4318.6289 87 128 63
-53.6942 623.5453 4318.6289 92 131 67
-50.2300 623.5453 4318.6289 104 139 75
-46.7659 623.5453 4318.6289 111 141 77
-138.6879 455.5070 3172.4321 163 143 117
-136.2786 455.9603 3175.5889 151 149 121
-133.8645 456.4144 3178.7517 144 156 131
-131.4457 456.8694 3181.9209 141 162 131
-129.0220 457.3253 3185.0964 143 167 134
-126.4671 457.3253 3185.0964 147 174 144
-124.0360 457.7823 3188.2786 157 184 159
-121.7217 458.6987 3194.6614 164 192 164
-119.5181 460.0804 3204.2839 169 198 164
-116.9478 460.0804 3204.2839 159 180 152
-114.4925 460.5427 3207.5042 206 205 174
-112.0322 461.0061 3210.7312 220 215 177
-109.4567 461.0061 3210.7312 218 215 179
-106.8813 461.0061 3210.7312 190 200 165
-104.3058 461.0061 3210.7312 165 190 156
-101.8328 461.4704 3213.9646 176 197 162
-99.2548 461.4704 3213.9646 190 204 164
-46.2385 262.7523 1829.9695 179 184 168
-44.7706 262.7523 1829.9695 179 188 166
-43.3028 262.7523 1829.9695 147 162 137
-41.8349 262.7523 1829.9695 146 160 121
-87.1111 636.4445 4432.5928 152 171 124
-81.9619 624.3052 4348.0474 135 164 123
-78.2609 622.6087 4336.2319 110 151 106
-74.6811 621.7639 4330.3481 100 142 91
-71.0149 620.0812 4318.6289 90 135 78
-67.4595 619.2433 4312.7930 87 130 69
-64.0000 619.2433 4312.7930 85 126 64
-60.6225 620.0812 4318.6289 85 126 63
-57.2358 620.9214 4324.4805 86 127 63
-53.7669 620.9214 4324.4805 89 129 66
-50.2300 620.0812 4318.6289 96 133 69
-46.7027 619.2433 4312.7930 106 140 76
-43.2432 619.2433 4312.7930 116 142 82
-139.6597 456.1362 3194.6614 160 183 154
-136.4144 453.8646 3178.7517 168 192 159
-134.1317 454.7705 3185.0964 167 193 157
-131.5768 454.7705 3185.0964 167 190 151
-129.0220 454.7705 3185.0964 167 190 149
-126.5934 455.2248 3188.2786 170 194 157
-124.0360 455.2248 3188.2786 171 195 162
-121.7217 456.1362 3194.6614 169 193 161
-119.2786 456.5933 3197.8625 157 179 151
-116.9478 457.5101 3204.2839 203 210 183
-114.3775 457.5101 3204.2839 204 193 162
-111.9196 457.9699 3207.5042 217 205 171
-109.2370 457.5101 3204.2839 221 217 178
-106.6667 457.5101 3204.2839 218 218 178
-104.2010 457.9699 3207.5042 201 207 170
-101.7304 458.4306 3210.7312 189 201 165
-99.2548 458.8923 3213.9646 182 197 160
-46.2120 261.1347 1828.9208 191 194 171
-44.7450 261.1347 1828.9208 194 193 162
-43.2779 261.1347 1828.9208 181 173 132
-41.8109 261.1347 1828.9208 191 171 122
-40.3670 261.2844 1829.9695 193 169 117
-87.3538 634.6519 4444.9399 174 157 104
-83.0939 629.3923 4408.1030 155 164 118
-78.7962 623.3653 4365.8916 121 157 115
-74.9864 620.8175 4348.0474 104 146 98
-71.3044 619.1305 4336.2319 93 138 83
-67.6423 617.4526 4324.4805 88 132 71
-64.0866 616.6171 4318.6289 85 128 65
-60.7046 617.4526 4324.4805 84 126 62
-57.3134 618.2904 4330.3481 85 126 63
-53.8399 618.2904 4330.3481 87 127 64
-50.2981 617.4526 4324.4805 92 130 67
-46.7659 616.6171 4318.6289 102 137 74
-43.3018 616.6171 4318.6289 110 141 78
-137.0971 453.5736 3194.6614 164 186 149
-134.5345 453.5736 3194.6614 163 180 148
-131.9720 453.5736 3194.6614 165 174 142
-129.1509 452.6674 3188.2786 173 177 144
-126.5934 452.6674 3188.2786 186 192 164
-123.9122 452.2156 3185.0964 193 203 176
-121.4785 452.6674 3188.2786 201 209 182
-119.1592 453.5736 3194.6614 209 214 185
-116.8305 454.4835 3201.0701 222 223 188
-114.2628 454.4835 3201.0701 223 221 184
-111.8072 454.9398 3204.2839 211 213 174
-109.2370 454.9398 3204.2839 204 209 170
-106.6667 454.9398 3204.2839 214 216 176
-104.0964 454.9398 3204.2839 214 216 176
-101.5261 454.9398 3204.2839 186 197 160
-99.0553 455.3970 3207.5042 201 210 171
-47.6518 259.5189 1827.8733 164 169 156
-46.1591 259.3704 1826.8270 176 171 141
-44.6938 259.3704 1826.8270 195 174 124
-43.2532 259.5189 1827.8733 202 174 119
-41.7869 259.5189 1827.8733 203 175 117
-40.3207 259.5189 1827.8733 205 178 123
-95.6841 639.0974 4501.3638 210 190 142
-92.0733 639.0974 4501.3638 201 182 135
-87.1111 629.3334 4432.5928 195 171 122
-83.3241 627.5900 4420.3140 172 169 121
-79.2297 623.2738 4389.9131 134 163 120
-75.2941 619.8632 4365.8916 110 150 104
-71.4986 617.3297 4348.0474 96 140 86
-67.8261 615.6522 4336.2319 88 131 68
-64.3478 615.6522 4336.2319 86 128 64
-60.8696 615.6522 4336.2319 86 127 64
-57.3913 615.6522 4336.2319 86 127 62
-53.9130 615.6522 4336.2319 86 126 62
-50.3663 614.8168 4330.3481 90 128 64
-46.8293 613.9838 4324.4805 95 132 67
-43.3604 613.9838 4324.4805 106 139 75
-137.3721 451.9158 3201.0701 203 208 175
-134.6693 451.4630 3197.8625 214 214 176
-132.1042 451.4630 3197.8625 198 185 148
-129.4094 451.0110 3194.6614 195 168 138
-126.5934 450.1099 3188.2786 223 216 181
-123.9122 449.6607 3185.0964 225 224 187
-121.4785 450.1099 3188.2786 211 216 181
-119.1592 451.0110 3194.6614 188 202 165
-116.8305 451.9158 3201.0701 204 214 175
-114.3775 452.3695 3204.2839 218 220 182
-111.8072 452.3695 3204.2839 210 214 177
-109.1274 451.9158 3201.0701 166 188 152
-106.3464 451.0110 3194.6614 172 194 154
-103.3699 449.2124 3181.9209 202 210 170
-100.7171 448.7650 3178.7517 209 211 173
-99.0553 452.8242 3207.5042 194 201 163
-47.5157 257.3158 1822.6538 173 170 145
-46.0537 257.3158 1822.6538 193 172 123
-44.6682 257.7574 1825.7819 202 171 115
-43.2284 257.9050 1826.8270 206 175 117
-41.7630 257.9050 1826.8270 206 174 119
-40.2977 257.9050 1826.8270 207 179 127
-38.8323 257.9050 1826.8270 205 183 133
-90.6667 625.7778 4432.5928 209 194 144
-87.1111 625.7778 4432.5928 210 200 152
-83.5556 625.7778 4432.5928 190 190 147
-79.7784 624.0443 4420.3140 139 165 124
-75.3973 617.2055 4371.8721 119 158 114
-71.7921 616.3612 4365.8916 99 142 90
-68.0109 613.8420 4348.0474 87 131 70
-64.3478 612.1740 4336.2319 86 131 69
-60.8696 612.1740 4336.2319 85 128 65
-57.3913 612.1740 4336.2319 86 126 62
-53.9130 612.1740 4336.2319 85 126 62
-50.4348 612.1740 4336.2319 87 127 63
-46.8928 611.3433 4330.3481 91 130 65
-43.4193 611.3433 4330.3481 99 134 70
-137.5101 449.7992 3204.2839 220 217 178
-134.6693 448.8978 3197.8625 217 215 173
-132.1042 448.8978 3197.8625 214 212 170
-129.1509 447.5525 3188.2786 213 209 173
-126.4671 447.1058 3185.0964 217 217 180
-123.9122 447.1058 3185.0964 222 222 185
-121.3573 447.1058 3185.0964 210 217 184
-118.9211 447.5525 3188.2786 168 194 161
-116.5966 448.4485 3194.6614 164 194 161
-114.2628 449.3481 3201.0701 192 207 172
-111.5832 448.8978 3197.8625 213 218 181
-108.9089 448.4485 3194.6614 180 198 162
-105.9222 446.6601 3181.9209 154 186 151
-103.1642 445.7712 3175.5889 172 193 155
-100.6169 445.7712 3175.5889 203 209 168
-48.8661 255.2707 1818.4995 187 190 169
-47.3534 254.9801 1816.4296 176 171 142
-45.9226 255.1253 1817.4640 200 173 124
-44.5154 255.4162 1819.5364 206 175 120
-43.1543 256.0000 1823.6953 207 176 121
-41.7153 256.1464 1824.7380 205 175 120
-40.2746 256.2929 1825.7819 217 194 144
-38.8323 256.4396 1826.8270 213 199 149
-37.3669 256.4396 1826.8270 212 200 148
-87.1111 622.2223 4432.5928 210 200 150
-83.5556 622.2223 4432.5928 203 201 156
-79.8890 621.3593 4426.4448 145 168 124
-75.9172 617.9310 4402.0229 127 164 118
-71.8904 613.6987 4371.8721 109 150 104
-68.1967 612.0219 4359.9272 97 140 87
-64.5232 610.3543 4348.0474 89 134 77
-60.9524 609.5239 4342.1318 87 130 69
-57.3913 608.6957 4336.2319 86 127 64
-53.9130 608.6957 4336.2319 84 125 61
-50.4348 608.6957 4336.2319 85 125 62
-46.9565 608.6957 4336.2319 87 128 63
-43.4783 608.6957 4336.2319 93 131 66
-137.6482 447.6784 3207.5042 210 210 170
-134.9398 447.2289 3204.2839 194 201 159
-132.2367 446.7804 3201.0701 174 191 146
-129.1509 444.9951 3188.2786 166 188 148
-126.4671 444.5509 3185.0964 170 193 155
-123.9122 444.5509 3185.0964 181 201 163
-121.3573 444.5509 3185.0964 184 204 170
-119.0400 445.4401 3191.4668 169 197 164
-116.5966 445.8859 3194.6614 159 194 160
-114.3775 447.2289 3204.2839 169 197 165
-111.5832 446.3327 3197.8625 182 200 167
-108.9089 445.8859 3194.6614 174 197 161
-105.8167 443.6654 3178.7517 156 187 152
-103.0616 442.7833 3172.4321 159 187 151
-100.4171 442.3436 3169.2817 180 196 161
-48.8105 253.5231 1816.4296 186 188 169
-47.3265 253.3789 1815.3964 175 170 146
-45.8703 253.3789 1815.3964 194 172 128
-44.4394 253.5231 1816.4296 205 175 120
-43.0313 253.8120 1818.4995 204 172 113
-41.6914 254.5372 1823.6953 205 172 117
-40.2516 254.6827 1824.7380 205 175 118
-38.8323 254.9743 1826.8270 201 173 118
-37.3669 254.9743 1826.8270 205 182 131
-87.1111 618.6667 4432.5928 208 193 144
-83.6718 619.5272 4438.7578 208 198 152
-80.0000 618.6667 4432.5928 154 170 126
-76.3384 617.8086 4426.4448 127 164 112
-72.3862 614.4000 4402.0229 121 159 114
-68.3836 610.1918 4371.8721 104 148 99
-64.6995 608.5246 4359.9272 95 140 86
-60.9524 606.0409 4342.1318 89 133 73
-57.3913 605.2174 4336.2319 88 129 66
-53.9130 605.2174 4336.2319 84 125 61
-50.4348 605.2174 4336.2319 83 124 60
-46.9565 605.2174 4336.2319 84 126 60
-43.4783 605.2174 4336.2319 88 128 63
-40.0000 605.2174 4336.2319 96 132 68
-134.9398 444.6587 3204.2839 173 191 156
-131.9720 443.3234 3194.6614 157 183 150
-129.0220 441.9960 3185.0964 155 185 152
-126.2151 441.1156 3178.7517 165 191 160
-123.6653 441.1156 3178.7517 186 205 175
-121.1155 441.1156 3178.7517 195 211 179
-118.8024 441.9960 3185.0964 167 195 161
-116.4800 442.8800 3191.4668 156 190 157
-114.0340 443.3234 3194.6614 187 206 175
-111.3600 442.8800 3191.4668 207 214 179
-108.5828 441.9960 3185.0964 170 190 152
-105.7114 440.6767 3175.5889 157 187 151
-102.9593 439.8014 3169.2817 189 202 167
-100.3175 439.3651 3166.1377 213 214 174
-48.8383 252.2096 1817.4640 167 171 161
-47.3265 251.9227 1815.3964 169 172 159
-45.8442 251.7794 1814.3643 186 181 160
-44.3889 251.7794 1814.3643 189 172 137
-42.9824 252.0660 1816.4296 193 169 124
-41.5964 252.4972 1819.5364 200 171 117
-40.2286 253.0743 1823.6953 203 171 114
-38.8323 253.5089 1826.8270 211 187 133
-37.3669 253.5089 1826.8270 211 193 138
-35.9015 253.5089 1826.8270 201 182 121
-83.6718 615.9667 4438.7578 181 174 120
-80.1113 615.9667 4438.7578 150 171 128
-76.5508 615.9667 4438.7578 131 166 112
-72.7878 614.2580 4426.4448 133 167 114
-68.6658 609.1885 4389.9131 115 153 111
-64.7880 605.8550 4365.8916 102 145 95
-61.1187 604.2019 4353.9790 93 136 81
-57.4694 602.5579 4342.1318 89 131 70
-53.9130 601.7391 4336.2319 87 127 65
-50.4348 601.7391 4336.2319 83 123 60
-46.9565 601.7391 4336.2319 84 124 59
-43.4783 601.7391 4336.2319 86 125 60
-40.0000 601.7391 4336.2319 91 129 64
-36.5217 601.7391 4336.2319 100 136 70
-32.9539 600.1084 4324.4805 106 140 74
-29.4054 598.4865 4312.7930 142 158 96
-135.0754 442.5327 3207.5042 215 215 175
-131.7083 439.8802 3188.2786 211 213 178
-128.8933 439.0030 3181.9209 209 212 177
-126.0896 438.1294 3175.5889 215 217 179
-123.6653 438.5658 3178.7517 221 220 181
-121.1155 438.5658 3178.7517 197 208 172
-118.5657 438.5658 3178.7517 169 194 164
-116.2475 439.4411 3185.0964 186 204 176
-113.6926 439.4411 3185.0964 214 220 186
-111.1377 439.4411 3185.0964 196 205 168
-108.3665 438.5658 3178.7517 178 197 165
-105.7114 438.1294 3175.5889 198 208 172
-102.9593 437.2592 3169.2817 214 215 174
-100.4171 437.2592 3169.2817 219 215 175
-48.8661 250.8946 1818.4995 168 172 161
-47.3534 250.6090 1816.4296 186 188 173
-45.8703 250.4665 1815.3964 198 201 180
-44.4141 250.4665 1815.3964 192 194 175
-42.9824 250.6090 1816.4296 174 169 145
-41.5964 251.0376 1819.5364 191 170 123
-40.2746 251.8993 1825.7819 200 172 119
-38.8545 252.1879 1827.8733 197 172 118
-37.3669 252.0435 1826.8270 195 170 115
-35.9015 252.0435 1826.8270 179 164 114
-34.4362 252.0435 1826.8270 154 167 131
-80.2228 613.2592 4444.9399 153 184 144
-76.6574 613.2592 4444.9399 145 177 124
-72.9903 612.4062 4438.7578 154 181 121
-69.2372 610.7074 4426.4448 128 160 114
-65.1444 605.6672 4389.9131 107 147 102
-61.2022 601.5301 4359.9272 97 140 88
-57.5477 599.8911 4348.0474 89 133 74
-53.9864 599.0749 4342.1318 86 130 67
-50.4348 598.2609 4336.2319 83 125 61
-46.9565 598.2609 4336.2319 83 123 58
-43.4783 598.2609 4336.2319 83 125 59
-40.0000 598.2609 4336.2319 86 126 62
-36.5217 598.2609 4336.2319 94 131 65
-32.9539 596.6396 4324.4805 103 139 74
-29.4851 596.6396 4324.4805 115 142 78
-26.0163 596.6396 4324.4805 163 174 113
-131.5768 436.8862 3185.0964 217 208 167
-128.7650 436.0160 3178.7517 204 186 143
-126.0896 435.5821 3175.5889 221 214 174
-123.6653 436.0160 3178.7517 219 219 178
-121.1155 436.0160 3178.7517 192 203 168
-118.5657 436.0160 3178.7517 204 214 185
-116.0159 436.0160 3178.7517 221 222 186
-113.4661 436.0160 3178.7517 223 221 184
-110.9163 436.0160 3178.7517 215 215 177
-108.2587 435.5821 3175.5889 216 215 179
-105.6064 435.1491 3172.4321 217 214 174
-102.9593 434.7170 3169.2817 216 214 173
-100.4171 434.7170 3169.2817 201 207 168
-48.8940 249.5781 1819.5364 209 209 182
-47.3534 249.1520 1816.4296 183 185 169
-45.8703 249.0103 1815.3964 183 188 172
-44.3889 248.8687 1814.3643 176 182 164
-42.9579 249.0103 1815.3964 165 175 153
-41.5964 249.5781 1819.5364 166 173 137
-40.2977 250.5781 1826.8270 156 168 130
-38.8545 250.7217 1827.8733 151 166 131
-37.3883 250.7217 1827.8733 147 165 130
-35.9015 250.5781 1826.8270 142 163 130
-84.0224 611.3967 4457.3560 162 189 151
-81.2412 617.4330 4501.3638 145 172 129
-77.7401 618.3051 4507.7212 156 185 132
-73.2961 611.3967 4457.3560 174 196 129
-69.4298 608.8456 4438.7578 138 164 105
-65.6865 607.1567 4426.4448 115 153 108
-61.3699 599.6713 4371.8721 102 144 95
-57.6262 597.2169 4353.9790 93 136 81
-54.0599 596.4033 4348.0474 87 130 72
-50.5034 595.5919 4342.1318 84 126 66
-47.0204 595.5919 4342.1318 82 124 61
-43.5374 595.5919 4342.1318 83 124 59
-40.0544 595.5919 4342.1318 82 124 60
-36.5714 595.5919 4342.1318 87 128 63
-33.0435 594.7827 4336.2319 97 135 69
-29.4851 593.1708 4324.4805 107 140 76
-26.0516 593.9756 4330.3481 127 150 88
-22.6087 594.7827 4336.2319 169 179 127
-131.5768 434.3313 3185.0964 211 201 166
-128.7650 433.4662 3178.7517 200 177 149
-126.2151 433.4662 3178.7517 222 214 179
-123.6653 433.4662 3178.7517 220 218 177
-121.2363 433.8983 3181.9209 218 218 180
-118.6840 433.8983 3181.9209 224 223 186
-116.0159 433.4662 3178.7517 225 221 183
-113.4661 433.4662 3178.7517 211 199 158
-110.8060 433.0349 3175.5889 223 211 171
-108.2587 433.0349 3175.5889 218 216 176
-105.6064 432.6044 3172.4321 200 204 162
-102.9593 432.1748 3169.2817 182 195 152
-100.4171 432.1748 3169.2817 186 202 169
-48.8940 248.1186 1819.5364 198 182 148
-47.3265 247.5540 1815.3964 210 206 179
-45.8182 247.2728 1813.3334 168 182 158
-44.3636 247.2728 1813.3334 146 170 146
-42.9579 247.5540 1815.3964 148 177 151
-41.5727 247.9772 1818.4995 162 189 161
-40.2977 249.1128 1826.8270 168 195 163
-38.8545 249.2555 1827.8733 174 199 162
-37.3669 249.1128 1826.8270 172 197 160
-35.9221 249.2555 1827.8733 169 194 154
-74.7578 619.9431 4546.2490 171 197 124
-69.8182 608.6713 4463.5898 133 158 85
-65.8693 605.2852 4438.7578 124 158 112
-61.7080 599.4490 4395.9595 106 147 102
-57.7049 594.5355 4359.9272 97 141 89
-54.1337 593.7244 4353.9790 91 134 76
-50.5722 592.9156 4348.0474 87 128 68
-47.0204 592.1089 4342.1318 83 126 62
-43.5374 592.1089 4342.1318 82 123 60
-40.1090 592.9156 4348.0474 83 123 59
-36.6213 592.9156 4348.0474 85 126 62
-33.1335 592.9156 4348.0474 92 132 66
-29.5652 591.3044 4336.2319 104 139 74
-26.0870 591.3044 4336.2319 111 139 76
-22.6087 591.3044 4336.2319 154 166 105
-131.5768 431.7765 3185.0964 174 188 149
-128.7650 430.9164 3178.7517 184 196 156
-126.2151 430.9164 3178.7517 188 199 157
-123.7886 431.3460 3181.9209 185 195 152
-121.3573 431.7765 3185.0964 183 193 148
-118.6840 431.3460 3181.9209 187 196 154
-116.0159 430.9164 3178.7517 217 218 180
-113.4661 430.9164 3178.7517 201 183 155
-110.8060 430.4876 3175.5889 222 208 177
-108.1511 430.0596 3172.4321 199 202 164
-105.5015 429.6326 3169.2817 161 184 144
-102.9593 429.6326 3169.2817 158 185 147
-100.4171 429.6326 3169.2817 192 208 171
-48.7827 246.0979 1815.3964 207 205 172
-47.2727 245.8182 1813.3334 172 184 152
-45.8182 245.8182 1813.3334 155 182 151
-44.3636 245.8182 1813.3334 169 197 164
-42.9091 245.8182 1813.3334 172 198 163
-41.5490 246.3781 1817.4640 162 187 153
-40.2746 247.5057 1825.7819 155 178 146
-38.8101 247.5057 1825.7819 158 176 146
-37.3455 247.5057 1825.7819 155 174 147
-80.7038 634.3695 4679.5698 154 176 128
-74.9714 618.0572 4559.2383 151 183 115
-70.5085 611.0734 4507.7212 124 153 76
-66.2378 605.0909 4463.5898 118 152 94
-61.9640 598.3956 4414.2002 114 154 110
-57.7049 591.0383 4359.9272 101 145 97
-54.2077 591.0383 4359.9272 92 137 82
-50.6412 590.2319 4353.9790 87 131 73
-47.0845 589.4279 4348.0474 84 127 65
-43.5967 589.4279 4348.0474 84 125 61
-40.1637 590.2319 4353.9790 83 123 59
-36.7213 591.0383 4359.9272 86 125 60
-33.1787 590.2319 4353.9790 90 128 63
-29.6458 589.4279 4348.0474 96 134 68
-26.0870 587.8261 4336.2319 106 140 77
-22.6087 587.8261 4336.2319 120 145 82
-131.3148 428.3666 3178.7517 158 183 148
-128.6368 427.9403 3175.5889 153 180 147
-126.2151 428.3666 3178.7517 151 177 145
-123.7886 428.7936 3181.9209 149 176 144
-121.3573 429.2216 3185.0964 151 179 147
-118.6840 428.7936 3181.9209 143 170 140
-116.0159 428.3666 3178.7517 181 195 161
-113.4661 428.3666 3178.7517 221 222 187
-110.6958 427.5150 3172.4321 221 220 182
-108.0437 427.0904 3169.2817 199 203 165
-105.5015 427.0904 3169.2817 196 206 170
-102.9593 427.0904 3169.2817 173 190 156
-100.4171 427.0904 3169.2817 166 190 154
-50.2675 244.7809 1816.4296 199 207 168
-48.7273 244.3636 1813.3334 159 179 147
-47.2727 244.3636 1813.3334 167 194 164
-45.7922 244.2249 1812.3037 166 192 157
-44.3636 244.3636 1813.3334 152 175 145
-42.9335 244.5026 1814.3643 173 187 162
-41.5490 244.9203 1817.4640 192 199 173
-40.2516 245.9005 1824.7380 198 204 176
-38.7879 245.9005 1824.7380 218 218 187
-37.3242 245.9005 1824.7380 219 218 184
-35.8605 245.9005 1824.7380 209 208 167
-81.9048 640.0001 4749.2065 176 184 137
-76.2791 625.1163 4638.7598 134 167 108
-72.4528 624.2091 4632.0273 112 147 72
-67.8510 616.1605 4572.3018 104 138 73
-62.6573 601.5106 4463.5898 121 156 111
-58.4232 594.8548 4414.2002 107 148 105
-54.2077 587.5410 4359.9272 97 142 91
-50.7104 587.5410 4359.9272 89 134 76
-47.1487 586.7394 4353.9790 86 130 68
-43.6562 586.7394 4353.9790 85 126 65
-40.2186 587.5410 4359.9272 83 123 61
-36.7213 587.5410 4359.9272 85 123 61
-33.2240 587.5410 4359.9272 89 126 63
-29.6862 586.7394 4353.9790 91 129 65
-26.1580 585.9401 4348.0474 101 137 72
-22.6395 585.1429 4342.1318 108 140 75
-131.0537 424.9702 3172.4321 159 170 123
-128.5090 424.9702 3172.4321 163 174 127
-126.0896 425.3930 3175.5889 160 173 123
-123.6653 425.8168 3178.7517 159 172 122
-121.2363 426.2413 3181.9209 160 181 139
-118.6840 426.2413 3181.9209 175 201 165
-116.0159 425.8168 3178.7517 154 178 146
-113.2406 424.9702 3172.4321 189 203 166
-110.5859 424.5482 3169.2817 216 219 179
-108.0437 424.5482 3169.2817 220 217 179
-105.3968 424.1270 3166.1377 219 216 177
-102.8572 424.1270 3166.1377 200 206 168
-100.3175 424.1270 3166.1377 167 187 154
-50.1818 242.9091 1813.3334 161 184 151
-48.7273 242.9091 1813.3334 171 198 167
-47.2727 242.9091 1813.3334 158 182 151
-45.8182 242.9091 1813.3334 176 190 164
-44.3636 242.9091 1813.3334 212 216 186
-42.9335 243.0472 1814.3643 222 221 186
-41.5253 243.3239 1816.4296 205 205 174
-40.2516 244.4368 1824.7380 197 199 175
-38.7879 244.4368 1824.7380 222 223 188
-37.3242 244.4368 1824.7380 222 220 180
-35.8605 244.4368 1824.7380 207 206 164
-91.9878 653.7003 4879.9185 170 181 134
-88.0734 653.7003 4879.9185 191 194 147
-83.3939 647.7576 4835.5557 185 190 142
-78.5629 640.0001 4777.6450 132 164 108
-75.4079 645.8007 4820.9468 108 146 77
-50.7104 584.0438 4359.9272 93 138 84
-47.2131 584.0438 4359.9272 88 132 72
-43.7158 584.0438 4359.9272 87 128 66
-29.7674 584.8427 4365.8916 88 128 62
-26.1937 583.2469 4353.9790 95 132 66
-22.6703 582.4524 4348.0474 104 140 73
-130.9236 422.0060 3169.2817 196 170 121
-128.3813 422.0060 3169.2817 196 175 128
-125.9642 422.4255 3172.4321 195 174 126
-123.6653 423.2670 3178.7517 196 174 122
-121.1155 423.2670 3178.7517 168 162 116
-118.5657 423.2670 3178.7517 172 192 153
-115.9005 422.8458 3175.5889 178 203 170
-113.2406 422.4255 3172.4321 153 177 147
-110.5859 422.0060 3169.2817 173 190 153
-107.9365 421.5873 3166.1377 208 213 171
-105.3968 421.5873 3166.1377 217 216 174
-102.8572 421.5873 3166.1377 216 214 174
-100.3175 421.5873 3166.1377 202 206 169
-97.7778 421.5873 3166.1377 218 219 184
-51.7245 241.8668 1816.4296 164 185 153
-50.2104 241.5918 1814.3643 171 198 167
-48.7273 241.4546 1813.3334 160 182 152
-47.2727 241.4546 1813.3334 201 210 180
-45.8182 241.4546 1813.3334 222 223 186
-44.3889 241.5918 1814.3643 223 222 185
-42.9579 241.7292 1815.3964 224 222 184
-41.5490 242.0046 1817.4640 222 222 185
-40.2516 242.9731 1824.7380 222 222 186
-38.8101 243.1121 1825.7819 225 222 186
-37.3242 242.9731 1824.7380 222 217 178
-35.8605 242.9731 1824.7380 213 209 167
-91.9878 649.7859 4879.9185 171 182 139
-88.0734 649.7859 4879.9185 147 172 124
-83.6474 645.8359 4850.2534 161 180 133
-79.6358 644.8559 4842.8936 135 166 116
-75.7511 644.8559 4842.8936 112 152 87
-47.2777 581.3406 4365.8916 89 134 77
-26.2654 581.3406 4365.8916 90 128 63
-22.7633 581.3406 4365.8916 100 136 70
-130.7937 419.0476 3166.1377 208 178 122
-128.2540 419.0476 3166.1377 221 203 154
-125.8391 419.4638 3169.2817 219 205 164
-123.4195 419.8807 3172.4321 211 191 147
-120.9950 420.2985 3175.5889 197 177 131
-118.4478 420.2985 3175.5889 160 160 120
-115.7853 419.8807 3172.4321 168 191 153
-113.2406 419.8807 3172.4321 175 201 168
-110.5859 419.4638 3169.2817 157 184 154
-108.0437 419.4638 3169.2817 149 171 139
-105.3968 419.0476 3166.1377 176 190 149
-102.8572 419.0476 3166.1377 199 207 163
-100.3175 419.0476 3166.1377 211 213 172
-97.7778 419.0476 3166.1377 214 216 176
-51.9314 241.3714 1823.6953 173 201 168
-50.2389 240.2731 1815.3964 161 183 154
-48.7550 240.1364 1814.3643 206 214 184
-47.2996 240.1364 1814.3643 224 223 186
-45.8703 240.2731 1815.3964 221 221 183
-44.4141 240.2731 1815.3964 205 212 173
-43.0068 240.5467 1817.4640 192 206 168
-41.6914 241.3714 1823.6953 182 202 165
-40.2746 241.6476 1825.7819 182 202 165
-38.8101 241.6476 1825.7819 200 211 173
-37.3242 241.5095 1824.7380 205 208 168
-35.8605 241.5095 1824.7380 200 203 160
-91.9878 645.8716 4879.9185 180 191 146
-88.0734 645.8716 4879.9185 147 170 126
-83.7747 642.9224 4857.6357 140 167 125
-79.7568 641.9453 4850.2534 137 169 123
-76.0976 643.9025 4865.0410 118 157 96
-130.7937 416.5080 3166.1377 208 174 121
-128.2540 416.5080 3166.1377 206 177 122
-125.7143 416.5080 3166.1377 212 190 139
-123.2969 416.9216 3169.2817 219 205 157
-120.8748 417.3360 3172.4321 220 208 163
-118.3300 417.3360 3172.4321 197 184 139
-115.7853 417.3360 3172.4321 155 157 116
-113.2406 417.3360 3172.4321 163 185 145
-110.6958 417.3360 3172.4321 177 203 166
-108.1511 417.3360 3172.4321 170 197 161
-105.5015 416.9216 3169.2817 157 181 149
-102.8572 416.5080 3166.1377 147 171 137
-100.3175 416.5080 3166.1377 149 172 135
-97.7778 416.5080 3166.1377 157 179 147
-51.9908 240.1831 1825.7819 154 180 146
-50.4686 239.9086 1823.6953 199 210 178
-49.0057 239.9086 1823.6953 224 225 190
-47.5429 239.9086 1823.6953 222 222 187
-46.0800 239.9086 1823.6953 192 201 169
-44.6171 239.9086 1823.6953 167 193 162
-43.1296 239.7716 1822.6538 160 193 163
-41.6914 239.9086 1823.6953 159 192 162
-40.2516 240.0458 1824.7380 171 198 169
-38.8101 240.1831 1825.7819 197 210 180
-37.3242 240.0458 1824.7380 200 208 174
-35.8605 240.0458 1824.7380 177 192 154
-84.1590 641.9572 4879.9185 164 181 140
-80.0000 640.0001 4865.0410 151 175 133
-77.5155 651.9255 4955.6938 123 162 104
-130.7937 413.9683 3166.1377 223 203 161
-128.2540 413.9683 3166.1377 218 204 160
-125.7143 413.9683 3166.1377 218 207 163
-123.1746 413.9683 3166.1377 218 207 164
-120.7547 414.3794 3169.2817 219 205 163
-118.3300 414.7913 3172.4321 216 201 153
-115.7853 414.7913 3172.4321 198 176 126
-113.3532 415.2040 3175.5889 165 161 119
-110.9163 415.6176 3178.7517 153 172 134
-108.3665 415.6176 3178.7517 177 199 162
-105.6064 414.7913 3172.4321 181 203 164
-103.0616 414.7913 3172.4321 179 200 162
-100.5169 414.7913 3172.4321 175 196 159
-52.0504 238.9920 1827.8733 146 174 144
-50.5552 238.8552 1826.8270 185 199 166
-49.0618 238.7185 1825.7819 222 224 188
-47.5429 238.4457 1823.6953 225 223 188
-46.0800 238.4457 1823.6953 220 222 187
-44.6171 238.4457 1823.6953 211 217 187
-43.1296 238.3096 1822.6538 205 213 184
-41.6676 238.3096 1822.6538 206 213 183
-40.2286 238.4457 1823.6953 216 220 186
-38.7657 238.4457 1823.6953 223 221 184
-37.2390 238.0377 1820.5743 203 206 167
-35.7787 238.0377 1820.5743 163 183 143
-34.3575 238.3096 1822.6538 154 176 138
-81.7446 649.9689 4971.1318 176 187 142
-78.1221 653.0204 4994.4707 130 165 111
-128.2540 411.4286 3166.1377 208 183 127
-125.5897 411.0208 3162.9998 212 193 143
-123.1746 411.4286 3166.1377 216 201 155
-120.6349 411.4286 3166.1377 215 200 150
-118.3300 412.2466 3172.4321 203 184 130
-115.7853 412.2466 3172.4321 183 172 124
-113.3532 412.6568 3175.5889 159 171 135
-110.9163 413.0677 3178.7517 152 179 152
-108.3665 413.0677 3178.7517 173 198 167
-105.7114 412.6568 3175.5889 181 203 166
-103.0616 412.2466 3172.4321 179 201 161
-100.5169 412.2466 3172.4321 178 198 155
-52.0504 237.5258 1827.8733 172 199 168
-50.5552 237.3898 1826.8270 147 174 143
-49.0899 237.3898 1826.8270 193 207 173
-47.5973 237.2540 1825.7819 223 223 187
-46.0800 236.9829 1823.6953 227 225 187
-44.5408 236.5773 1820.5743 226 224 188
-43.0804 236.5773 1820.5743 217 215 181
-41.5727 236.3077 1818.4995 193 194 164
-40.1140 236.3077 1818.4995 221 220 187
-38.6553 236.3077 1818.4995 224 222 184
-37.1331 235.9045 1815.3964 198 201 165
-35.6566 235.7703 1814.3643 194 201 164
-34.2013 235.7703 1814.3643 203 204 163
-125.5897 408.4837 3162.9998 219 202 154
-123.1746 408.8889 3166.1377 207 184 129
-120.6349 408.8889 3166.1377 195 174 119
-118.0953 408.8889 3166.1377 167 166 124
-115.5556 408.8889 3166.1377 155 176 142
-113.1281 409.2950 3169.2817 174 200 168
-110.8060 410.1095 3175.5889 180 205 171
-108.2587 410.1095 3175.5889 171 197 160
-105.5015 409.2950 3169.2817 161 184 151
-102.8572 408.8889 3166.1377 154 173 143
-100.3175 408.8889 3166.1377 158 172 140
-52.0802 236.1949 1828.9208 182 207 173
-50.5842 236.0596 1827.8733 170 196 167
-49.0899 235.9245 1826.8270 152 177 150
-47.5973 235.7895 1825.7819 179 194 160
-46.0274 235.2511 1821.6134 212 217 179
-44.4900 234.8490 1818.4995 223 223 187
-43.0068 234.7153 1817.4640 213 213 181
-41.5017 234.4483 1815.3964 200 201 174
-40.0455 234.4483 1815.3964 223 221 187
-38.5674 234.3150 1814.3643 224 221 183
-37.0909 234.1818 1813.3334 217 215 172
-35.6364 234.1818 1813.3334 217 211 167
-34.1818 234.1818 1813.3334 211 205 160
-32.7459 234.3150 1814.3643 214 207 160
-118.0953 406.3492 3166.1377 163 185 152
-115.4410 405.9465 3162.9998 177 200 165
-112.6805 405.1434 3156.7427 174 198 161
-110.3667 405.9465 3162.9998 161 182 151
-107.8295 405.9465 3162.9998 171 186 160
-105.2924 405.9465 3162.9998 194 205 177
-102.7552 405.9465 3162.9998 200 208 177
-100.2180 405.9465 3162.9998 212 206 175
-97.7778 406.3492 3166.1377 182 158 133
-52.0802 234.7278 1828.9208 185 208 174
-50.5552 234.4591 1826.8270 183 207 175
-49.0618 234.3250 1825.7819 177 203 172
-47.5429 234.0572 1823.6953 158 185 156
-45.9749 233.5234 1819.5364 148 171 143
-44.4141 232.9921 1815.3964 165 184 150
-42.9091 232.7273 1813.3334 183 195 156
-41.4545 232.7273 1813.3334 195 205 165
-40.0000 232.7273 1813.3334 202 211 172
-38.5455 232.7273 1813.3334 198 207 167
-37.0909 232.7273 1813.3334 202 205 162
-35.6364 232.7273 1813.3334 206 204 163
-34.1818 232.7273 1813.3334 178 177 144
-32.7273 232.7273 1813.3334 208 205 162
-115.2127 402.6113 3156.7427 153 176 143
-112.6805 402.6113 3156.7427 175 191 162
-110.1484 402.6113 3156.7427 206 212 182
-107.4037 401.8164 3150.5100 217 220 184
-104.8766 401.8164 3150.5100 189 204 168
-102.3495 401.8164 3150.5100 187 203 171
-99.8223 401.8164 3150.5100 219 221 188
-97.5842 403.0099 3159.8682 220 216 182
-52.0802 233.2608 1828.9208 162 180 151
-50.4974 232.7273 1824.7380 174 198 168
-49.0057 232.5943 1823.6953 176 202 171
-47.4074 231.9316 1818.4995 178 204 171
-45.8964 231.6676 1816.4296 176 202 171
-44.3636 231.2727 1813.3334 164 191 162
-42.9091 231.2727 1813.3334 152 181 152
-41.4310 231.1414 1812.3037 152 180 152
-40.0000 231.2727 1813.3334 160 188 158
-38.5455 231.2727 1813.3334 160 187 156
-37.0699 231.1414 1812.3037 149 169 132
-35.6161 231.1414 1812.3037 200 204 161
-34.1818 231.2727 1813.3334 206 204 163
-32.7273 231.2727 1813.3334 213 208 164
-112.6805 400.0792 3156.7427 207 213 180
-109.9309 399.2892 3150.5100 189 203 167
-107.2978 398.8955 3147.4031 187 205 167
-104.6700 398.5025 3144.3022 164 192 156
-102.1478 398.5025 3144.3022 182 204 171
-99.5276 398.1103 3141.2075 217 222 186
-97.2952 399.2892 3150.5100 204 210 173
-51.9611 231.2636 1824.7380 187 175 149
-50.3248 230.4729 1818.4995 161 169 153
-48.8105 230.2106 1816.4296 147 165 149
-47.3534 230.2106 1816.4296 152 175 153
-45.8182 229.8182 1813.3334 164 188 155
-44.3636 229.8182 1813.3334 172 194 154
-42.8847 229.6877 1812.3037 174 197 156
-41.4310 229.6877 1812.3037 174 196 156
-39.9773 229.6877 1812.3037 173 197 159
-38.5236 229.6877 1812.3037 175 202 166
-37.0699 229.6877 1812.3037 152 178 142
-35.6161 229.6877 1812.3037 155 170 129
-34.1624 229.6877 1812.3037 206 207 160
-32.7273 229.8182 1813.3334 215 209 164
-31.2727 229.8182 1813.3334 209 205 158
-113.0159 398.7302 3166.1377 221 221 186
-110.0395 397.1542 3153.6233 191 205 171
-107.2978 396.3708 3147.4031 166 192 157
-104.6700 395.9803 3144.3022 171 197 163
-102.1478 395.9803 3144.3022 202 215 181
-99.4297 395.2016 3138.1187 185 201 164
-96.9125 395.2016 3138.1187 167 195 162
-51.7835 229.0143 1818.4995 199 191 170
-50.2104 228.4935 1814.3643 178 179 166
-48.8105 228.7536 1816.4296 192 197 184
-47.2996 228.4935 1814.3643 172 180 167
-45.8182 228.3636 1813.3334 152 158 138
-44.3636 228.3636 1813.3334 155 156 117
-42.8847 228.2340 1812.3037 155 156 114
-41.4310 228.2340 1812.3037 157 159 116
-39.9546 228.1044 1811.2751 148 157 119
-38.5017 228.1044 1811.2751 168 193 157
-37.0488 228.1044 1811.2751 171 198 158
-35.5959 228.1044 1811.2751 146 170 129
-34.1624 228.2340 1812.3037 156 170 125
-32.7273 228.3636 1813.3334 203 205 155
-31.2727 228.3636 1813.3334 212 208 160
-113.0159 396.1905 3166.1377 227 224 187
-110.3667 395.7979 3162.9998 224 221 184
-107.5099 394.6245 3153.6233 195 203 168
-104.9802 394.6245 3153.6233 181 199 163
-102.2485 393.8462 3147.4031 192 205 169
-99.6256 393.4582 3144.3022 179 198 166
-97.1035 393.4582 3144.3022 191 209 178
-51.6657 227.0381 1814.3643 175 180 167
-50.1818 226.9091 1813.3334 177 183 171
-48.7550 227.0381 1814.3643 207 210 191
-47.2727 226.9091 1813.3334 193 195 173
-45.8182 226.9091 1813.3334 183 175 145
-44.3636 226.9091 1813.3334 202 175 129
-42.8847 226.7803 1812.3037 203 175 123
-41.4075 226.6516 1811.2751 205 176 125
-39.9546 226.6516 1811.2751 193 174 126
-38.5017 226.6516 1811.2751 157 166 125
-37.0488 226.6516 1811.2751 172 196 154
-35.5959 226.6516 1811.2751 166 189 143
-34.1624 226.7803 1812.3037 145 167 125
-32.7273 226.9091 1813.3334 146 161 117
-31.2727 226.9091 1813.3334 193 198 149
-110.3667 393.2607 3162.9998 225 223 184
-107.6162 392.4827 3156.7427 216 217 179
-104.9802 392.0949 3153.6233 175 192 155
-102.4506 392.0949 3153.6233 195 208 171
-99.8223 391.7078 3150.5100 216 219 182
-97.2952 391.7078 3150.5100 204 207 177
-53.0909 225.4546 1813.3334 175 180 172
-51.6070 225.3265 1812.3037 173 180 169
-50.1818 225.4546 1813.3334 174 181 171
-48.7273 225.4546 1813.3334 176 180 164
-47.2727 225.4546 1813.3334 182 176 148
-45.8182 225.4546 1813.3334 197 178 131
-44.3636 225.4546 1813.3334 208 177 123
-42.8847 225.3265 1812.3037 212 184 133
-41.4310 225.3265 1812.3037 215 192 149
-39.9546 225.1987 1811.2751 210 185 139
-38.5017 225.1987 1811.2751 185 169 122
-37.0488 225.1987 1811.2751 147 155 111
-35.5959 225.1987 1811.2751 160 179 133
-34.1624 225.3265 1812.3037 167 187 142
-32.7273 225.4546 1813.3334 154 174 132
-31.2905 225.5827 1814.3643 136 154 113
-29.8691 225.8395 1816.4296 163 175 130
-107.8295 390.7235 3162.9998 221 221 180
-105.0841 389.9506 3156.7427 205 211 173
-102.4506 389.5652 3153.6233 183 196 161
-99.9210 389.5652 3153.6233 191 202 167
-94.2100 386.8891 3131.9595 177 181 170
-53.0608 223.8728 1812.3037 180 185 175
-51.6070 223.8728 1812.3037 175 181 171
-50.1533 223.8728 1812.3037 173 175 162
-48.7273 224.0000 1813.3334 187 177 145
-47.2727 224.0000 1813.3334 204 179 129
-45.8182 224.0000 1813.3334 210 181 125
-44.3636 224.0000 1813.3334 211 180 125
-42.9091 224.0000 1813.3334 212 184 129
-41.4310 223.8728 1812.3037 223 204 156
-39.9773 223.8728 1812.3037 224 214 171
-38.5236 223.8728 1812.3037 217 203 163
-37.0699 223.8728 1812.3037 187 169 123
-35.6161 223.8728 1812.3037 150 147 97
-34.1818 224.0000 1813.3334 153 168 116
-32.7459 224.1273 1814.3643 168 187 137
-31.3083 224.2549 1815.3964 167 188 143
-29.8691 224.3825 1816.4296 153 175 135
-99.9210 387.0356 3153.6233 179 189 157
-94.0255 383.6239 3125.8245 181 187 172
-53.0608 222.4191 1812.3037 205 209 187
-51.6070 222.4191 1812.3037 198 201 178
-50.1533 222.4191 1812.3037 182 174 147
-48.7273 222.5455 1813.3334 204 179 133
-47.2727 222.5455 1813.3334 210 180 126
-45.8182 222.5455 1813.3334 211 179 123
-44.3636 222.5455 1813.3334 211 182 130
-42.9091 222.5455 1813.3334 215 193 148
-41.4545 222.5455 1813.3334 220 203 165
-40.0000 222.5455 1813.3334 221 211 171
-38.5455 222.5455 1813.3334 220 209 167
-37.0909 222.5455 1813.3334 211 194 147
-35.6364 222.5455 1813.3334 196 174 122
-34.1818 222.5455 1813.3334 172 154 99
-32.7273 222.5455 1813.3334 151 149 95
-31.3083 222.7987 1815.3964 154 166 112
-29.8861 223.0524 1817.4640 166 183 132
-23.1755 545.5154 4444.9399 85 130 70
-19.6100 545.5154 4444.9399 82 126 63
-99.6256 383.3695 3144.3022 170 185 156
-97.1035 383.3695 3144.3022 168 178 160
-94.0255 381.1166 3125.8245 194 199 178
-53.0608 220.9654 1812.3037 206 210 184
-51.6070 220.9654 1812.3037 192 195 171
-50.1533 220.9654 1812.3037 192 179 143
-48.7273 221.0909 1813.3334 208 181 129
-47.2727 221.0909 1813.3334 213 182 128
-45.8182 221.0909 1813.3334 213 182 127
-44.3889 221.2166 1814.3643 214 189 137
-42.9335 221.2166 1814.3643 226 212 166
-41.4781 221.2166 1814.3643 223 211 165
-40.0227 221.2166 1814.3643 219 205 159
-38.5674 221.2166 1814.3643 215 198 152
-37.1120 221.2166 1814.3643 207 184 131
-35.6364 221.0909 1813.3334 199 169 108
-34.1818 221.0909 1813.3334 194 163 101
-32.7273 221.0909 1813.3334 179 159 103
-31.2727 221.0909 1813.3334 145 147 98
-29.8861 221.5945 1817.4640 120 139 96
-23.1755 541.9499 4444.9399 85 129 70
-19.6100 541.9499 4444.9399 82 127 64
14.0219 608.9515 4994.4707 118 147 88
18.0282 608.9515 4994.4707 147 169 115
-102.1478 380.8473 3144.3022 220 220 183
-99.2346 379.3523 3131.9595 198 200 170
-96.8173 379.7250 3135.0361 175 179 162
-94.0255 378.6092 3125.8245 179 182 166
-53.0608 219.5117 1812.3037 197 199 178
-51.6070 219.5117 1812.3037 184 186 167
-50.1533 219.5117 1812.3037 184 177 150
-48.6996 219.5117 1812.3037 202 178 134
-47.2727 219.6364 1813.3334 211 180 128
-45.8182 219.6364 1813.3334 210 180 125
-44.3889 219.7612 1814.3643 214 184 129
-42.9579 219.8862 1815.3964 212 185 132
-41.5017 219.8862 1815.3964 220 199 154
-40.0455 219.8862 1815.3964 227 214 174
-38.5674 219.7612 1814.3643 215 198 148
-37.1120 219.7612 1814.3643 199 173 119
-35.6364 219.6364 1813.3334 182 164 112
-34.1818 219.6364 1813.3334 151 151 106
-32.7087 219.5117 1812.3037 137 153 114
-31.2727 219.6364 1813.3334 141 163 127
-23.2078 539.1353 4451.1392 91 135 83
-19.6100 538.3845 4444.9399 86 131 74
18.0282 604.9453 4994.4707 131 158 100
-103.9530 375.7339 3122.7659 222 223 182
-101.7468 376.8401 3131.9595 215 216 178
-99.0402 376.1019 3125.8245 195 203 168
-96.7223 376.8401 3131.9595 171 179 159
-51.6070 218.0579 1812.3037 169 175 165
-50.1533 218.0579 1812.3037 173 177 165
-48.6996 218.0579 1812.3037 182 176 154
-47.2727 218.1818 1813.3334 192 175 139
-45.8182 218.1818 1813.3334 203 179 133
-44.3889 218.3059 1814.3643 210 183 130
-42.9579 218.4301 1815.3964 213 187 135
-41.5017 218.4301 1815.3964 221 200 149
-40.0455 218.4301 1815.3964 210 187 135
-38.5674 218.3059 1814.3643 197 180 130
-37.1120 218.3059 1814.3643 156 159 119
-35.6364 218.1818 1813.3334 147 167 131
-34.1624 218.0579 1812.3037 159 183 142
-32.7087 218.0579 1812.3037 163 187 143
-31.2550 218.0579 1812.3037 159 183 137
-23.2402 536.3129 4457.3560 99 144 97
-19.6648 536.3129 4457.3560 91 136 83
-16.0894 536.3129 4457.3560 87 131 75
18.0282 600.9390 4994.4707 122 148 88
22.0344 600.9390 4994.4707 159 174 120
-103.9530 373.2290 3122.7659 202 209 171
-101.7468 374.3278 3131.9595 198 209 175
-98.9433 373.2290 3122.7659 213 218 184
-96.6275 373.9608 3128.8889 214 214 182
-51.6070 216.6042 1812.3037 170 175 167
-50.1533 216.6042 1812.3037 173 179 170
-48.6996 216.6042 1812.3037 193 195 182
-47.2727 216.7273 1813.3334 187 187 172
-45.8182 216.7273 1813.3334 190 181 153
-44.3889 216.8505 1814.3643 206 183 132
-42.9579 216.9738 1815.3964 212 185 133
-41.5017 216.9738 1815.3964 211 184 132
-40.0227 216.8505 1814.3643 200 181 132
-38.5674 216.8505 1814.3643 163 172 135
-37.0909 216.7273 1813.3334 164 189 155
-35.6161 216.6042 1812.3037 167 191 150
-34.1430 216.4813 1811.2751 152 174 131
-32.6901 216.4813 1811.2751 148 164 127
-31.2372 216.4813 1811.2751 159 172 135
-23.3053 534.2297 4469.8413 102 147 104
-19.6648 532.7375 4457.3560 94 141 93
-16.1119 533.4825 4463.5898 88 133 78
-12.5490 534.2297 4469.8413 87 129 73
-8.9510 533.4825 4463.5898 85 127 67
-5.3706 533.4825 4463.5898 83 124 62
-1.7902 533.4825 4463.5898 83 123 59
18.0282 596.9327 4994.4707 109 138 77
22.0344 596.9327 4994.4707 162 174 119
-51.6070 215.1505 1812.3037 201 202 179
-50.1533 215.1505 1812.3037 177 180 168
-48.6996 215.1505 1812.3037 198 200 183
-47.2727 215.2727 1813.3334 194 198 177
-45.8182 215.2727 1813.3334 184 180 150
-44.3889 215.3951 1814.3643 199 182 137
-42.9335 215.3951 1814.3643 194 185 138
-41.4781 215.3951 1814.3643 181 183 143
-40.0000 215.2727 1813.3334 159 176 144
-38.5455 215.2727 1813.3334 170 197 164
-37.0909 215.2727 1813.3334 167 192 155
-35.5959 215.0284 1811.2751 154 172 136
-34.1237 214.9064 1810.2477 187 194 157
-32.6901 215.0284 1811.2751 208 207 167
-31.2372 215.0284 1811.2751 180 188 145
-29.7843 215.0284 1811.2751 178 189 141
-19.7199 530.6443 4469.8413 99 144 98
-16.1119 529.9022 4463.5898 91 135 83
-12.5490 530.6443 4469.8413 88 130 74
-8.9636 530.6443 4469.8413 86 128 69
-5.3706 529.9022 4463.5898 83 126 64
-1.7927 530.6443 4469.8413 83 124 61
18.0282 592.9265 4994.4707 99 135 71
22.0344 592.9265 4994.4707 120 147 85
26.0000 592.0001 4986.6670 143 159 111
-51.6070 213.6968 1812.3037 215 200 174
-50.1533 213.6968 1812.3037 179 185 168
-48.6996 213.6968 1812.3037 180 188 172
-47.2727 213.8182 1813.3334 172 186 165
-45.8182 213.8182 1813.3334 158 180 152
-44.3889 213.9397 1814.3643 153 177 147
-42.9335 213.9397 1814.3643 161 187 161
-41.4781 213.9397 1814.3643 171 198 173
-40.0455 214.0614 1815.3964 176 205 175
-34.1237 213.4543 1810.2477 199 198 158
-32.6901 213.5755 1811.2751 214 209 166
-31.2372 213.5755 1811.2751 194 196 153
-29.7843 213.5755 1811.2751 153 174 130
-16.2942 532.2773 4514.0972 95 140 90
-12.6197 530.0282 4495.0234 89 132 78
-9.0141 530.0282 4495.0234 85 129 73
-5.3857 527.7981 4476.1104 84 127 67
-1.8003 529.2827 4488.7017 84 125 63
18.0282 588.9202 4994.4707 98 134 71
22.0000 588.0001 4986.6670 107 135 73
25.9594 587.0827 4978.8872 141 156 105
29.8137 584.3479 4955.6938 144 148 114
-51.6070 212.2431 1812.3037 212 212 176
-50.1249 212.1226 1811.2751 173 189 160
-48.6720 212.1226 1811.2751 152 177 152
-47.2727 212.3637 1813.3334 157 187 160
-45.8182 212.3637 1813.3334 169 200 170
-44.3636 212.3637 1813.3334 178 206 175
-42.9335 212.4844 1814.3643 179 208 175
-41.4781 212.4844 1814.3643 180 208 175
-40.0455 212.6053 1815.3964 175 203 169
-34.1430 212.1226 1811.2751 199 198 158
-32.6901 212.1226 1811.2751 212 208 164
-31.2372 212.1226 1811.2751 211 206 160
-12.7092 530.1561 4526.9033 91 135 84
-9.0523 528.6563 4514.0972 88 130 75
-5.4085 526.4225 4495.0234 86 128 69
-1.8028 526.4225 4495.0234 85 126 65
1.8054 527.1651 4501.3638 83 124 61
18.0282 584.9140 4994.4707 97 136 70
21.8974 581.2753 4963.4009 102 135 73
25.7985 579.4729 4948.0103 121 146 91
29.7214 578.5759 4940.3511 140 149 110
33.6842 578.5759 4940.3511 147 149 117
-51.5778 210.6697 1811.2751 159 182 150
-50.0397 210.3116 1808.1964 166 195 164
-48.5892 210.3116 1808.1964 177 205 174
-47.2191 210.6697 1811.2751 179 205 172
-45.8182 210.9091 1813.3334 172 200 165
-44.3636 210.9091 1813.3334 163 189 159
-42.9091 210.9091 1813.3334 168 190 166
-41.4545 210.9091 1813.3334 179 195 171
-40.0000 210.9091 1813.3334 182 196 170
-32.6901 210.6697 1811.2751 208 206 158
-9.0780 526.5249 4526.9033 88 132 78
-5.4314 525.0353 4514.0972 88 130 72
-1.8054 523.5544 4501.3638 86 128 67
1.8054 523.5544 4501.3638 84 125 62
5.4314 525.0353 4514.0972 81 122 59
17.9719 579.0952 4978.8872 93 132 68
21.7620 573.7250 4932.7153 99 134 72
25.5215 569.3252 4894.8877 107 139 79
29.3130 566.7176 4872.4683 142 157 108
33.2214 566.7176 4872.4683 146 149 115
37.6471 574.6130 4940.3511 142 143 114
-51.4901 208.8612 1808.1964 176 204 170
-49.8420 208.0361 1801.0535 177 204 168
-48.5617 208.7429 1807.1726 167 194 160
-47.1388 208.8612 1808.1964 164 187 157
-45.7402 209.0981 1810.2477 178 195 172
-44.3636 209.4546 1813.3334 178 190 172
-42.9091 209.4546 1813.3334 218 223 197
-41.4545 209.4546 1813.3334 223 227 194
-40.0000 209.4546 1813.3334 216 221 185
-38.5455 209.4546 1813.3334 202 211 174
-32.6716 209.0981 1810.2477 176 189 143
-31.2195 209.0981 1810.2477 195 200 149
-5.4468 522.8937 4526.9033 87 130 74
-1.8105 521.4144 4514.0972 86 128 69
1.8105 521.4144 4514.0972 84 125 64
5.4314 521.4144 4514.0972 82 123 61
9.0652 522.1530 4520.4912 83 124 61
13.8272 568.8889 4925.1030 84 126 62
17.7778 568.8889 4925.1030 89 129 65
21.5951 565.3988 4894.8877 98 134 71
25.3659 561.9512 4865.0410 101 135 73
29.2237 561.0959 4857.6357 129 149 91
33.1202 561.0959 4857.6357 178 180 130
37.1298 562.8092 4872.4683 156 155 120
-51.2289 206.3585 1799.0229 171 197 161
-49.7858 206.3585 1799.0229 152 178 146
-48.3973 206.5914 1801.0535 179 194 168
-47.1121 207.2933 1807.1726 217 220 190
-45.7143 207.5284 1809.2216 222 224 190
-44.2881 207.6461 1810.2477 217 220 189
-42.9091 208.0000 1813.3334 226 227 194
-41.4545 208.0000 1813.3334 225 225 190
-39.9773 207.8819 1812.3037 211 218 183
-38.5236 207.8819 1812.3037 171 193 159
-37.0488 207.7639 1811.2751 157 184 146
-32.6161 207.2933 1807.1726 165 181 138
-31.1665 207.2933 1807.1726 160 180 134
-29.7169 207.2933 1807.1726 190 198 148
-1.8156 519.2625 4526.9033 85 129 67
1.8130 518.5270 4520.4912 83 127 64
5.4314 517.7935 4514.0972 82 124 63
9.0652 518.5270 4520.4912 82 123 62
12.7092 519.2625 4526.9033 84 125 64
17.5610 558.0488 4865.0410 87 127 65
21.4307 557.1995 4857.6357 96 133 68
25.2504 555.5084 4842.8936 97 134 72
29.0909 554.6667 4835.5557 109 138 77
33.0197 555.5084 4842.8936 163 172 114
37.0732 558.0488 4865.0410 197 190 136
-51.2289 204.9155 1799.0229 163 183 152
-49.7858 204.9155 1799.0229 208 216 185
-48.3700 205.0310 1800.0376 223 224 188
-47.0855 205.7272 1806.1498 225 224 188
-45.7143 206.0771 1809.2216 216 222 185
-44.2881 206.1940 1810.2477 204 216 179
-42.9091 206.5455 1813.3334 196 212 176
-41.4545 206.5455 1813.3334 203 215 179
-39.9773 206.4282 1812.3037 208 218 180
-38.5017 206.3110 1811.2751 189 204 170
-37.0488 206.3110 1811.2751 156 185 148
-34.0850 205.9603 1808.1964 176 194 152
-32.6346 205.9603 1808.1964 168 186 145
-31.1665 205.8437 1807.1726 152 176 132
-29.7169 205.8437 1807.1726 166 184 136
-28.1875 205.2626 1802.0704 184 191 142
-26.7269 205.1467 1801.0535 169 180 132
-25.3537 205.7272 1806.1498 169 162 115
-23.9185 205.8437 1807.1726 168 123 85
-1.8182 516.3637 4533.3335 83 127 66
1.8156 515.6312 4526.9033 84 128 66
5.4391 514.9009 4520.4912 82 125 63
9.0780 515.6312 4526.9033 81 123 60
12.7092 515.6312 4526.9033 84 124 62
16.4337 518.5735 4552.7344 87 125 63
21.1411 545.8259 4791.9922 91 130 64
25.0602 547.4699 4806.4258 98 134 71
28.8288 545.8259 4791.9922 102 134 74
32.7711 547.4699 4806.4258 129 147 89
36.9044 551.6237 4842.8936 164 145 93
-51.2578 203.5871 1800.0376 212 219 188
-49.8139 203.5871 1800.0376 224 225 188
-48.3973 203.7020 1801.0535 217 220 182
-47.0855 204.2784 1806.1498 195 209 173
-45.7143 204.6259 1809.2216 174 200 166
-44.2881 204.7419 1810.2477 168 199 168
-42.9091 205.0909 1813.3334 166 198 167
-41.4545 205.0909 1813.3334 180 203 174
-39.9773 204.9745 1812.3037 200 213 182
-38.5236 204.9745 1812.3037 187 202 168
-37.0488 204.8581 1811.2751 155 184 147
-28.1875 203.8171 1802.0704 170 183 138
-26.7269 203.7020 1801.0535 172 180 136
-25.3537 204.2784 1806.1498 154 141 101
-23.9185 204.3941 1807.1726 170 118 87
-5.4701 514.1881 4546.2490 89 133 81
-1.8182 512.7273 4533.3335 86 129 74
1.8156 512.0001 4526.9033 86 129 71
5.4468 512.0001 4526.9033 85 127 67
9.0780 512.0001 4526.9033 83 125 62
12.7273 512.7273 4533.3335 83 124 61
16.3869 513.4567 4539.7822 85 125 63
20.8902 535.5490 4735.1138 88 127 64
24.9475 541.1694 4784.8076 96 134 70
28.5714 537.1429 4749.2065 99 134 72
32.3810 537.1429 4749.2065 111 138 80
36.1905 537.1429 4749.2065 161 166 113
-49.8420 202.2573 1801.0535 224 225 187
-48.5342 202.8297 1806.1498 218 221 186
-47.1388 203.0595 1808.1964 205 214 182
-45.7402 203.2899 1810.2477 194 211 182
-44.3636 203.6364 1813.3334 193 211 182
-42.9091 203.6364 1813.3334 204 216 187
-41.4545 203.6364 1813.3334 219 224 193
-40.0000 203.6364 1813.3334 219 224 189
-9.1298 511.2697 4552.7344 103 147 104
-5.4701 510.5414 4546.2490 97 141 94
-1.8182 509.0909 4533.3335 89 133 80
1.8182 509.0909 4533.3335 87 131 74
5.4545 509.0909 4533.3335 85 129 69
9.0909 509.0909 4533.3335 83 127 65
12.7273 509.0909 4533.3335 83 125 62
16.3636 509.0909 4533.3335 84 125 62
20.1143 512.0001 4559.2383 85 126 63
24.6519 530.9630 4728.0991 92 131 68
28.4444 530.9630 4728.0991 98 134 71
32.2370 530.9630 4728.0991 102 134 73
36.0296 530.9630 4728.0991 121 145 87
40.0000 533.3334 4749.2065 132 151 101
-5.4701 506.8946 4546.2490 102 145 101
-1.8208 506.1736 4539.7822 92 136 86
1.8182 505.4546 4533.3335 88 132 77
5.4545 505.4546 4533.3335 88 130 73
9.0909 505.4546 4533.3335 86 128 68
12.7273 505.4546 4533.3335 83 125 63
16.3636 505.4546 4533.3335 84 125 63
20.0570 506.8946 4546.2490 84 125 63
23.8054 509.0701 4565.7607 87 127 65
27.9883 518.7172 4652.2837 95 134 70
32.0471 524.0648 4700.2456 96 133 70
35.8174 524.0648 4700.2456 106 138 77
39.7633 526.3905 4721.1045 142 165 109
-5.4779 503.9658 4552.7344 106 147 106
-1.8208 502.5320 4539.7822 98 141 94
1.8182 501.8182 4533.3335 89 133 80
5.4545 501.8182 4533.3335 89 131 76
9.0909 501.8182 4533.3335 87 129 71
12.7273 501.8182 4533.3335 83 126 64
16.3636 501.8182 4533.3335 83 124 62
20.0285 502.5320 4539.7822 84 124 62
23.7714 504.6857 4559.2383 86 126 63
27.5466 506.8580 4578.8618 91 130 67
31.6279 513.4884 4638.7598 97 133 68
35.3488 513.4884 4638.7598 99 134 71
39.3558 517.2475 4672.7188 120 148 86
-1.8208 498.8905 4539.7822 102 145 100
1.8182 498.1819 4533.3335 91 136 85
5.4545 498.1819 4533.3335 89 132 78
9.0909 498.1819 4533.3335 88 130 73
12.7273 498.1819 4533.3335 85 126 67
16.3636 498.1819 4533.3335 83 124 62
20.0285 498.8905 4539.7822 83 124 61
23.7714 501.0286 4559.2383 85 126 62
27.5072 502.4642 4572.3018 88 127 63
31.5362 508.2899 4625.3140 95 132 67
35.2975 509.0276 4632.0273 97 132 70
39.0698 509.7675 4638.7598 107 138 76
-1.8208 495.2490 4539.7822 104 147 106
1.8208 495.2490 4539.7822 94 140 92
5.4545 494.5455 4533.3335 90 133 80
9.0909 494.5455 4533.3335 88 130 75
12.7273 494.5455 4533.3335 87 128 70
16.3636 494.5455 4533.3335 83 125 64
20.0285 495.2490 4539.7822 82 124 61
23.7375 496.6620 4552.7344 83 124 61
27.4678 498.0830 4565.7607 85 126 63
31.3997 502.3954 4605.2910 91 129 67
35.3488 506.0465 4638.7598 97 131 71
39.0698 506.0465 4638.7598 102 135 74
-45.4566 194.8140 1799.0229 169 191 151
-44.0135 194.8140 1799.0229 170 191 151
-42.5705 194.8140 1799.0229 168 188 147
-41.1274 194.8140 1799.0229 163 181 140
-39.6843 194.8140 1799.0229 162 186 145
-32.4507 194.7042 1798.0094 193 199 159
-30.9910 194.5946 1796.9971 162 183 143
-29.5496 194.5946 1796.9971 151 176 133
-28.1081 194.5946 1796.9971 180 191 146
-26.6667 194.5946 1796.9971 192 199 153
-25.2252 194.5946 1796.9971 159 181 143
-23.8375 195.0339 1801.0535 153 181 145
1.8208 491.6075 4539.7822 99 144 97
5.4623 491.6075 4539.7822 91 135 82
9.0909 490.9091 4533.3335 88 131 75
12.7273 490.9091 4533.3335 87 129 70
16.3869 491.6075 4539.7822 83 125 63
20.0570 492.3077 4546.2490 82 124 61
23.7375 493.0100 4552.7344 83 124 61
27.4678 494.4206 4565.7607 84 125 62
31.3997 498.7013 4605.2910 88 127 65
35.3488 502.3256 4638.7598 95 131 69
39.0698 502.3256 4638.7598 98 132 70
-45.4566 193.3709 1799.0229 180 170 123
-43.9887 193.2620 1798.0094 181 173 126
-42.5465 193.2620 1798.0094 188 174 126
-41.0811 193.1532 1796.9971 186 172 125
-39.6396 193.1532 1796.9971 151 159 115
-38.1982 193.1532 1796.9971 169 195 155
-36.7568 193.1532 1796.9971 153 179 142
-35.3153 193.1532 1796.9971 152 171 132
-33.8739 193.1532 1796.9971 205 210 170
-32.4324 193.1532 1796.9971 205 206 167
-30.9910 193.1532 1796.9971 202 206 167
-29.5496 193.1532 1796.9971 181 190 149
-28.1081 193.1532 1796.9971 160 176 134
-26.6667 193.1532 1796.9971 195 200 158
-25.2252 193.1532 1796.9971 199 204 168
-23.7838 193.1532 1796.9971 190 201 164
-22.3928 193.5892 1801.0535 189 201 163
1.8286 490.0572 4559.2383 103 147 101
5.4701 488.6610 4546.2490 94 138 86
9.1168 488.6610 4546.2490 88 132 78
12.7635 488.6610 4546.2490 86 130 74
16.4103 488.6610 4546.2490 84 126 67
20.0570 488.6610 4546.2490 83 124 62
23.7375 489.3581 4552.7344 82 123 61
27.4678 490.7582 4565.7607 83 124 61
31.3997 495.0072 4605.2910 86 125 63
35.3488 498.6047 4638.7598 92 130 68
39.0698 498.6047 4638.7598 96 132 69
42.9781 500.7884 4659.0757 103 136 74
-45.4310 191.8197 1798.0094 212 183 130
-43.9640 191.7117 1796.9971 216 192 146
-42.5225 191.7117 1796.9971 209 187 139
-41.0811 191.7117 1796.9971 200 176 125
-39.6396 191.7117 1796.9971 162 152 103
-38.1982 191.7117 1796.9971 162 184 141
-36.7568 191.7117 1796.9971 166 192 152
-35.2954 191.6038 1795.9858 139 166 127
-33.8548 191.6038 1795.9858 163 180 142
-32.4142 191.6038 1795.9858 206 209 168
-30.9736 191.6038 1795.9858 212 212 168
-29.5496 191.7117 1796.9971 205 207 165
-28.1081 191.7117 1796.9971 181 192 153
-26.6667 191.7117 1796.9971 175 182 150
-25.2252 191.7117 1796.9971 197 200 165
-23.7838 191.7117 1796.9971 198 204 163
-22.3423 191.7117 1796.9971 155 170 134
5.4857 486.4000 4559.2383 97 142 92
9.1298 485.7062 4552.7344 88 133 81
12.7817 485.7062 4552.7344 86 130 74
16.4337 485.7062 4552.7344 85 128 68
20.0856 485.7062 4552.7344 83 125 63
23.7714 486.4000 4559.2383 81 123 60
27.4678 487.0959 4565.7607 83 124 61
31.3997 491.3131 4605.2910 85 125 63
35.2464 493.4493 4625.3140 89 128 67
39.0698 494.8838 4638.7598 96 131 68
42.9155 496.3266 4652.2837 98 133 72
-43.9887 190.3775 1798.0094 216 196 144
-42.5225 190.2703 1796.9971 221 210 164
-41.0811 190.2703 1796.9971 215 205 164
-39.6396 190.2703 1796.9971 191 182 134
-38.1982 190.2703 1796.9971 146 154 109
-36.7361 190.1632 1795.9858 157 181 136
-35.2954 190.1632 1795.9858 162 191 149
-33.8358 190.0563 1794.9757 145 173 137
-32.3960 190.0563 1794.9757 152 172 135
-30.9736 190.1632 1795.9858 183 197 154
-29.5496 190.2703 1796.9971 202 209 166
-28.1081 190.2703 1796.9971 205 209 168
-26.6667 190.2703 1796.9971 202 205 161
-25.2252 190.2703 1796.9971 191 197 153
-23.7838 190.2703 1796.9971 149 167 127
-22.3423 190.2703 1796.9971 160 185 146
-20.9245 190.4848 1799.0229 171 196 156
5.4936 483.4335 4565.7607 99 144 96
9.1429 482.7429 4559.2383 88 134 82
12.7817 482.0542 4552.7344 85 129 72
16.4337 482.0542 4552.7344 85 128 68
20.0856 482.0542 4552.7344 82 126 66
23.7714 482.7429 4559.2383 81 124 64
27.4678 483.4335 4565.7607 82 124 61
31.3545 486.9165 4598.6553 83 124 62
35.1954 489.0305 4618.6206 86 126 64
38.9565 489.7391 4625.3140 93 130 68
42.7286 490.4500 4632.0273 96 131 71
-43.9887 188.9352 1798.0094 215 198 156
-42.5225 188.8288 1796.9971 216 202 159
-41.0811 188.8288 1796.9971 216 208 165
-39.6396 188.8288 1796.9971 211 203 159
-38.1982 188.8288 1796.9971 183 173 126
-36.7568 188.8288 1796.9971 149 153 108
-35.2954 188.7226 1795.9858 143 161 118
-33.8548 188.7226 1795.9858 155 180 140
-32.4142 188.7226 1795.9858 156 185 147
-30.9910 188.8288 1796.9971 154 181 148
-29.5496 188.8288 1796.9971 150 175 142
-28.1081 188.8288 1796.9971 144 169 133
-26.6667 188.8288 1796.9971 141 166 129
-25.2252 188.8288 1796.9971 137 164 127
-23.7838 188.8288 1796.9971 158 184 145
-22.3423 188.8288 1796.9971 171 194 152
-20.9009 188.8288 1796.9971 163 189 148
9.1429 479.0857 4559.2383 89 135 81
12.7817 478.4023 4552.7344 83 126 68
16.4337 478.4023 4552.7344 86 127 70
20.0856 478.4023 4552.7344 85 127 70
23.7714 479.0857 4559.2383 82 123 65
27.4678 479.7711 4565.7607 83 124 61
31.3545 483.2277 4598.6553 84 123 62
35.0938 483.9250 4605.2910 85 125 64
38.9001 485.3257 4618.6206 90 128 67
42.6049 485.3257 4618.6206 95 131 70
46.3097 485.3257 4618.6206 97 132 73
-42.5465 187.4930 1798.0094 212 194 140
-41.0811 187.3874 1796.9971 212 197 146
-39.6396 187.3874 1796.9971 213 200 152
-38.1982 187.3874 1796.9971 207 193 142
-36.7568 187.3874 1796.9971 193 178 128
-35.3153 187.3874 1796.9971 166 168 127
-33.8739 187.3874 1796.9971 135 158 128
-32.4324 187.3874 1796.9971 136 165 137
-30.9910 187.3874 1796.9971 168 196 161
-29.5496 187.3874 1796.9971 175 200 161
-28.1081 187.3874 1796.9971 168 193 152
-26.6667 187.3874 1796.9971 164 190 147
-25.2252 187.3874 1796.9971 166 192 149
-23.7704 187.2820 1795.9858 171 195 152
-22.3298 187.2820 1795.9858 162 187 145
-20.8891 187.2820 1795.9858 153 175 136
9.1298 474.7504 4552.7344 93 140 89
12.7817 474.7504 4552.7344 87 132 78
16.4337 474.7504 4552.7344 86 129 74
20.0856 474.7504 4552.7344 85 128 71
23.7375 474.7504 4552.7344 83 124 66
27.4678 476.1087 4565.7607 83 123 62
31.3094 478.8489 4592.0386 82 123 62
35.0432 479.5389 4598.6553 83 124 64
38.7879 480.2309 4605.2910 87 126 66
42.4820 480.2309 4605.2910 94 131 70
46.1760 480.2309 4605.2910 95 132 71
49.8701 480.2309 4605.2910 102 136 77
-42.5225 185.9460 1796.9971 217 200 156
-41.0811 185.9460 1796.9971 219 207 164
-39.6396 185.9460 1796.9971 207 192 142
-38.1982 185.9460 1796.9971 181 176 127
-36.7568 185.9460 1796.9971 162 173 137
-35.3153 185.9460 1796.9971 155 181 150
-33.8739 185.9460 1796.9971 164 195 163
-32.4507 186.0507 1798.0094 164 193 158
-31.0085 186.0507 1798.0094 160 185 148
-29.5496 185.9460 1796.9971 155 176 143
-28.1081 185.9460 1796.9971 150 170 136
-26.6667 185.9460 1796.9971 142 162 124
-25.2110 185.8413 1795.9858 155 177 134
-23.7704 185.8413 1795.9858 175 197 155
-22.3172 185.7368 1794.9757 164 188 147
-20.8774 185.7368 1794.9757 147 170 131
9.1559 472.4464 4565.7607 99 145 100
12.7817 471.0985 4552.7344 91 136 87
16.4337 471.0985 4552.7344 86 130 77
20.0856 471.0985 4552.7344 86 127 74
23.7714 471.7715 4559.2383 84 125 70
27.4678 472.4464 4565.7607 83 123 63
31.3094 475.1655 4592.0386 82 123 62
35.0432 475.8502 4598.6553 84 124 65
38.7879 476.5368 4605.2910 85 124 65
42.4820 476.5368 4605.2910 91 128 68
46.1095 475.8502 4598.6553 95 131 71
49.7983 475.8502 4598.6553 99 134 75
-42.5225 184.5045 1796.9971 214 196 144
-41.0811 184.5045 1796.9971 202 182 125
-39.6396 184.5045 1796.9971 170 165 117
-38.1982 184.5045 1796.9971 152 175 140
-36.7568 184.5045 1796.9971 167 197 165
-35.3352 184.6085 1798.0094 167 194 159
-33.8930 184.6085 1798.0094 162 183 153
-32.4507 184.6085 1798.0094 179 194 165
-31.0085 184.6085 1798.0094 198 205 175
-29.5496 184.5045 1796.9971 192 203 167
-28.1081 184.5045 1796.9971 170 186 149
-26.6517 184.4007 1795.9858 161 169 136
-25.2110 184.4007 1795.9858 156 166 126
-23.7570 184.2970 1794.9757 155 176 133
-22.3172 184.2970 1794.9757 169 195 154
-20.8774 184.2970 1794.9757 154 180 146
9.2086 471.4821 4592.0386 105 148 106
12.8183 468.7840 4565.7607 96 140 93
16.4571 468.1143 4559.2383 88 131 78
20.1143 468.1143 4559.2383 86 128 73
23.8054 468.7840 4565.7607 84 126 69
27.5072 469.4556 4572.3018 83 124 65
31.3094 471.4821 4592.0386 82 123 63
35.0938 472.8427 4605.2910 83 123 63
38.7879 472.8427 4605.2910 84 123 64
42.5434 473.5261 4611.9463 88 125 66
46.1760 472.8427 4605.2910 95 130 70
49.7983 472.1614 4598.6553 97 133 73
53.5642 472.8427 4605.2910 103 132 72
-42.5225 183.0631 1796.9971 196 181 130
-41.0811 183.0631 1796.9971 176 169 122
-39.6396 183.0631 1796.9971 152 170 133
-38.1982 183.0631 1796.9971 171 199 166
-36.7568 183.0631 1796.9971 159 184 150
-35.3352 183.1662 1798.0094 185 199 170
-33.8739 183.0631 1796.9971 202 212 180
-32.4324 183.0631 1796.9971 199 210 172
-30.9910 183.0631 1796.9971 201 212 171
-29.5496 183.0631 1796.9971 163 184 142
-28.0923 182.9601 1795.9858 164 183 139
-26.6517 182.9601 1795.9858 197 198 150
-25.2110 182.9601 1795.9858 198 197 149
-23.7570 182.8572 1794.9757 159 170 128
-22.3047 182.7544 1793.9667 163 186 146
-20.8657 182.7544 1793.9667 168 195 156
9.2219 468.4727 4598.6553 108 151 110
12.8921 467.7986 4592.0386 101 145 99
16.5043 465.7880 4572.3018 90 134 82
20.1719 465.7880 4572.3018 87 129 75
23.8395 465.7880 4572.3018 85 128 71
27.6259 467.7986 4592.0386 84 125 66
31.3997 469.1486 4605.2910 82 123 63
35.1445 469.8266 4611.9463 82 123 63
38.8439 469.8266 4611.9463 83 123 64
42.6049 470.5066 4618.6206 86 124 65
46.3097 470.5066 4618.6206 93 129 69
49.9422 469.8266 4611.9463 97 131 71
53.7193 470.5066 4618.6206 102 134 76
-41.0811 181.6216 1796.9971 148 175 144
-39.6396 181.6216 1796.9971 167 197 167
-38.1982 181.6216 1796.9971 162 186 157
-36.7568 181.6216 1796.9971 198 207 178
-35.3153 181.6216 1796.9971 219 221 183
-33.8739 181.6216 1796.9971 212 219 182
-32.4324 181.6216 1796.9971 174 193 162
-30.9910 181.6216 1796.9971 160 187 152
-29.5329 181.5194 1795.9858 156 181 139
-28.0923 181.5194 1795.9858 185 192 146
-26.6517 181.5194 1795.9858 203 202 152
-25.2110 181.5194 1795.9858 206 205 155
-23.7570 181.4173 1794.9757 200 200 155
-22.3047 181.3154 1793.9667 155 168 132
-20.8539 181.2135 1792.9589 158 184 147
-19.4157 181.2135 1792.9589 164 191 151
9.2486 466.1272 4611.9463 112 153 115
12.9480 466.1272 4611.9463 104 147 106
16.5755 464.1151 4592.0386 95 138 91
20.2590 464.1151 4592.0386 88 131 79
23.9424 464.1151 4592.0386 86 129 75
27.7056 465.4546 4605.2910 85 126 69
31.4451 466.1272 4611.9463 82 123 63
35.1954 466.8018 4618.6206 82 122 63
38.9001 466.8018 4618.6206 82 122 63
42.6667 467.4783 4625.3140 84 124 66
46.3768 467.4783 4625.3140 89 127 68
50.0870 467.4783 4625.3140 94 131 71
53.8752 468.1568 4632.0273 99 132 76
57.7584 469.5197 4645.5122 110 138 81
-41.0811 180.1802 1796.9971 181 208 177
-39.6396 180.1802 1796.9971 168 192 163
-38.1982 180.1802 1796.9971 189 202 176
-36.7568 180.1802 1796.9971 194 196 169
-35.3153 180.1802 1796.9971 217 217 180
-33.8739 180.1802 1796.9971 221 221 184
-32.4324 180.1802 1796.9971 209 214 179
-30.9736 180.0788 1795.9858 182 196 158
-29.5329 180.0788 1795.9858 189 198 155
-28.0765 179.9775 1794.9757 194 195 145
-26.6517 180.0788 1795.9858 170 181 131
-25.2110 180.0788 1795.9858 166 181 133
-23.7704 180.0788 1795.9858 187 194 152
-22.3047 179.8763 1793.9667 167 171 142
-20.8539 179.7753 1792.9589 164 175 148
-19.4048 179.6743 1791.9521 154 172 133
9.2888 464.4413 4632.0273 116 155 120
12.9855 463.7681 4625.3140 105 149 109
16.6474 462.4278 4611.9463 98 141 96
20.3175 461.7605 4605.2910 90 132 83
24.0115 461.7605 4605.2910 87 130 76
27.7858 463.0970 4618.6206 85 127 72
31.4906 463.0970 4618.6206 84 124 67
35.2464 463.7681 4625.3140 83 123 65
38.9565 463.7681 4625.3140 82 122 64
42.6667 463.7681 4625.3140 84 123 65
46.4441 464.4413 4632.0273 87 125 67
50.1597 464.4413 4632.0273 93 131 71
53.8752 464.4413 4632.0273 95 131 72
57.7584 465.7933 4645.5122 103 134 78
-39.6396 178.7388 1796.9971 199 210 182
-38.1982 178.7388 1796.9971 215 219 186
-36.7568 178.7388 1796.9971 213 214 181
-35.3153 178.7388 1796.9971 219 219 182
-33.8548 178.6382 1795.9858 221 222 183
-32.4142 178.6382 1795.9858 219 219 180
-30.9736 178.6382 1795.9858 200 204 165
-29.5329 178.6382 1795.9858 179 190 144
-28.0765 178.5377 1794.9757 168 181 132
-26.6517 178.6382 1795.9858 157 176 132
-25.2110 178.6382 1795.9858 169 184 141
-23.7704 178.6382 1795.9858 202 204 160
-22.3047 178.4373 1793.9667 206 205 165
-20.8539 178.3371 1792.9589 212 209 170
-19.4157 178.3371 1792.9589 160 149 111
13.0044 460.7257 4632.0273 107 151 113
16.6957 460.0580 4625.3140 100 144 101
20.3763 459.3922 4618.6206 91 135 87
24.0810 459.3922 4618.6206 88 130 78
27.8261 460.0580 4625.3140 85 128 73
31.5362 460.0580 4625.3140 84 125 69
35.2464 460.0580 4625.3140 83 123 65
38.9565 460.0580 4625.3140 82 122 63
42.6667 460.0580 4625.3140 83 123 64
46.4441 460.7257 4632.0273 85 124 65
50.1597 460.7257 4632.0273 92 129 70
53.8752 460.7257 4632.0273 94 131 71
57.7584 462.0670 4645.5122 98 132 75
-38.1982 177.2973 1796.9971 217 221 184
-36.7568 177.2973 1796.9971 221 222 185
-35.3153 177.2973 1796.9971 210 215 178
-33.8548 177.1975 1795.9858 210 217 180
-32.4142 177.1975 1795.9858 215 218 179
-29.5329 177.1975 1795.9858 170 181 137
-28.0765 177.0979 1794.9757 189 196 148
-26.6367 177.0979 1794.9757 201 199 150
-25.2110 177.1975 1795.9858 206 202 153
-23.7704 177.1975 1795.9858 210 204 154
-22.3298 177.1975 1795.9858 209 199 152
-20.8891 177.1975 1795.9858 190 166 120
13.0233 457.6744 4638.7598 111 154 117
16.7199 457.0102 4632.0273 103 147 105
20.4058 456.3478 4625.3140 94 139 92
24.1159 456.3478 4625.3140 88 131 80
27.8261 456.3478 4625.3140 85 128 75
31.5362 456.3478 4625.3140 83 126 70
35.2464 456.3478 4625.3140 82 123 66
38.9565 456.3478 4625.3140 82 121 65
42.6667 456.3478 4625.3140 82 121 65
46.4441 457.0102 4632.0273 84 123 65
50.1597 457.0102 4632.0273 88 126 68
53.9535 457.6744 4638.7598 93 131 71
57.6744 457.6744 4638.7598 96 131 74
61.4847 458.3407 4645.5122 106 136 79
-28.0449 175.4607 1792.9589 182 188 141
-26.6217 175.5593 1793.9667 200 199 149
-25.2110 175.7569 1795.9858 205 198 148
13.0422 454.6143 4645.5122 116 157 122
16.7442 453.9535 4638.7598 104 149 109
20.4354 453.2946 4632.0273 96 141 96
24.1509 453.2946 4632.0273 89 132 82
27.8665 453.2946 4632.0273 85 128 75
31.5820 453.2946 4632.0273 85 126 73
35.2975 453.2946 4632.0273 84 124 69
39.0131 453.2946 4632.0273 82 121 66
42.7286 453.2946 4632.0273 82 121 65
46.4441 453.2946 4632.0273 83 123 66
50.1597 453.2946 4632.0273 86 125 68
53.9535 453.9535 4638.7598 92 131 70
57.6744 453.9535 4638.7598 94 131 73
61.4847 454.6143 4645.5122 102 133 77
-29.4335 173.7297 1789.9421 201 202 155
-27.9821 173.6323 1788.9387 192 195 145
-26.5620 173.7297 1789.9421 179 185 137
-25.1685 174.0225 1792.9589 175 163 116
13.0803 452.2044 4659.0757 123 160 126
16.7686 450.8880 4645.5122 108 150 112
20.4651 450.2326 4638.7598 98 143 99
24.1860 450.2326 4638.7598 87 133 84
27.9070 450.2326 4638.7598 83 128 75
31.6279 450.2326 4638.7598 85 127 74
35.3488 450.2326 4638.7598 85 125 71
39.0131 449.5791 4632.0273 83 123 67
42.7286 449.5791 4632.0273 82 122 66
46.4441 449.5791 4632.0273 83 122 66
50.2326 450.2326 4638.7598 86 124 68
53.9535 450.2326 4638.7598 90 129 71
57.6744 450.2326 4638.7598 93 131 72
61.4847 450.8880 4645.5122 99 132 74
65.4971 452.8656 4665.8872 106 137 79
-36.5305 171.9082 1785.9355 168 199 171
-35.0783 171.8121 1784.9366 182 207 178
-33.6277 171.7160 1783.9390 187 207 177
-32.1968 171.7160 1783.9390 161 191 158
-30.7658 171.7160 1783.9390 156 186 149
-29.3677 171.9082 1785.9355 171 187 146
-27.9351 171.9082 1785.9355 174 185 141
-26.5025 171.9082 1785.9355 177 182 141
-25.0559 171.8121 1784.9366 159 132 98
-23.6110 171.7160 1783.9390 166 110 80
-22.1676 171.6201 1782.9423 167 107 75
16.8175 448.4672 4659.0757 113 153 117
20.4949 447.1616 4645.5122 101 146 105
24.1860 446.5117 4638.7598 94 138 95
27.9070 446.5117 4638.7598 88 132 82
31.6279 446.5117 4638.7598 88 129 77
35.3488 446.5117 4638.7598 86 126 73
39.0698 446.5117 4638.7598 84 124 70
42.7286 445.8636 4632.0273 82 123 69
46.5116 446.5117 4638.7598 82 123 68
50.2326 446.5117 4638.7598 84 124 68
53.9535 446.5117 4638.7598 88 125 69
57.6744 446.5117 4638.7598 94 130 71
61.4847 447.1616 4645.5122 95 130 73
65.4015 448.4672 4659.0757 101 134 76
69.2398 449.1228 4665.8872 114 143 87
-36.5101 170.3803 1784.9366 205 221 190
-35.0587 170.2851 1783.9390 215 224 192
-33.6089 170.1899 1782.9423 190 207 173
-32.1788 170.1899 1782.9423 155 187 152
-30.7486 170.1899 1782.9423 161 189 156
-29.3348 170.2851 1783.9390 202 210 173
-27.9039 170.2851 1783.9390 206 206 167
-26.4877 170.3803 1784.9366 195 191 151
-25.0279 170.1899 1782.9423 161 125 91
-23.5978 170.1899 1782.9423 167 110 77
-22.1552 170.0949 1781.9468 176 122 89
-20.7374 170.1899 1782.9423 190 149 112
16.8175 444.7299 4659.0757 118 158 124
20.4949 443.4353 4645.5122 107 150 112
24.1860 442.7907 4638.7598 100 143 101
27.9070 442.7907 4638.7598 92 135 86
31.6279 442.7907 4638.7598 88 131 79
35.3488 442.7907 4638.7598 85 128 74
39.0698 442.7907 4638.7598 86 125 72
42.7907 442.7907 4638.7598 85 123 70
46.5116 442.7907 4638.7598 84 123 68
50.2326 442.7907 4638.7598 85 123 67
53.9535 442.7907 4638.7598 86 124 66
57.6744 442.7907 4638.7598 91 129 69
61.4847 443.4353 4645.5122 93 131 72
65.4015 444.7299 4659.0757 98 132 75
69.1387 444.7299 4659.0757 108 138 80
-36.5101 168.9486 1784.9366 221 227 194
-35.0587 168.8541 1783.9390 206 216 182
-33.6089 168.7598 1782.9423 168 195 161
-32.1788 168.7598 1782.9423 165 193 159
-30.7314 168.6656 1781.9468 193 207 174
-29.3184 168.7598 1782.9423 208 211 173
-27.8883 168.7598 1782.9423 196 202 158
-26.4581 168.7598 1782.9423 184 192 149
-25.0140 168.6656 1781.9468 163 144 109
-23.5714 168.5714 1780.9524 167 113 84
-22.1429 168.5714 1780.9524 170 115 83
-20.7259 168.6656 1781.9468 189 147 110
20.5248 440.3499 4652.2837 113 153 117
24.2213 439.7089 4645.5122 104 147 106
27.9070 439.0698 4638.7598 94 138 91
31.6279 439.0698 4638.7598 89 132 80
35.3488 439.0698 4638.7598 88 130 77
39.0698 439.0698 4638.7598 87 127 74
42.7907 439.0698 4638.7598 85 125 69
46.5116 439.0698 4638.7598 84 123 66
50.2326 439.0698 4638.7598 83 123 66
53.9535 439.0698 4638.7598 85 124 65
57.6744 439.0698 4638.7598 88 127 67
61.4847 439.7089 4645.5122 92 130 71
65.4015 440.9927 4659.0757 94 132 72
69.1387 440.9927 4659.0757 100 133 73
72.9825 441.6375 4665.8872 126 147 86
-35.0587 167.4232 1783.9390 204 214 180
-33.6089 167.3296 1782.9423 199 211 179
-32.1608 167.2362 1781.9468 211 217 182
-30.7314 167.2362 1781.9468 196 203 162
-29.3021 167.2362 1781.9468 168 186 144
-27.8727 167.2362 1781.9468 185 199 161
-26.4433 167.2362 1781.9468 201 205 167
-25.0000 167.1429 1780.9524 200 192 154
-23.5714 167.1429 1780.9524 175 139 107
-22.1429 167.1429 1780.9524 172 117 89
-20.7143 167.1429 1780.9524 171 116 81
-19.2857 167.1429 1780.9524 169 111 77
20.5547 437.2555 4659.0757 118 156 123
24.2213 435.9826 4645.5122 107 150 111
27.9476 435.9826 4645.5122 99 142 98
31.6740 435.9826 4645.5122 91 133 84
35.4003 435.9826 4645.5122 91 131 82
39.0698 435.3488 4638.7598 88 127 75
42.7907 435.3488 4638.7598 84 124 69
46.5116 435.3488 4638.7598 83 123 66
50.2326 435.3488 4638.7598 83 122 67
53.9535 435.3488 4638.7598 84 123 66
57.6744 435.3488 4638.7598 85 125 65
61.4847 435.9826 4645.5122 90 129 69
65.4015 437.2555 4659.0757 94 129 71
69.2398 437.8948 4665.8872 99 133 74
72.9825 437.8948 4665.8872 115 140 82
-35.0587 165.9922 1783.9390 222 224 190
-33.6089 165.8994 1782.9423 217 220 184
-32.1608 165.8068 1781.9468 205 211 171
-30.7314 165.8068 1781.9468 175 190 152
-29.3021 165.8068 1781.9468 182 198 162
-27.8571 165.7143 1780.9524 199 206 167
-26.4286 165.7143 1780.9524 209 210 167
-25.0000 165.7143 1780.9524 210 209 164
-23.5714 165.7143 1780.9524 203 194 152
-22.1429 165.7143 1780.9524 182 150 116
-20.7143 165.7143 1780.9524 172 122 94
-19.2857 165.7143 1780.9524 169 112 83
-17.8571 165.7143 1780.9524 176 124 98
20.5547 433.5182 4659.0757 121 160 127
24.2566 432.8863 4652.2837 109 153 115
27.9476 432.2563 4645.5122 101 145 104
31.6740 432.2563 4645.5122 92 136 88
35.4003 432.2563 4645.5122 90 132 81
39.0698 431.6279 4638.7598 88 128 76
42.7907 431.6279 4638.7598 85 125 72
46.5116 431.6279 4638.7598 83 123 68
50.2326 431.6279 4638.7598 83 122 65
53.9535 431.6279 4638.7598 83 122 65
57.6744 431.6279 4638.7598 83 123 64
61.4847 432.2563 4645.5122 87 127 67
65.4015 433.5182 4659.0757 92 129 70
69.2398 434.1521 4665.8872 95 131 72
73.0893 434.7878 4672.7188 104 136 79
77.2901 437.3491 4700.2456 143 160 101
-33.5902 164.3774 1781.9468 180 198 158
-32.1608 164.3774 1781.9468 162 188 150
-30.7143 164.2857 1780.9524 175 195 156
-29.2857 164.2857 1780.9524 207 211 173
-27.8571 164.2857 1780.9524 197 203 163
-26.4286 164.2857 1780.9524 178 190 148
-25.0000 164.2857 1780.9524 188 197 153
-23.5714 164.2857 1780.9524 201 201 155
-22.1305 164.1941 1779.9591 195 191 149
-20.7143 164.2857 1780.9524 200 183 149
-19.2857 164.2857 1780.9524 172 132 100
-17.8571 164.2857 1780.9524 188 143 110
-16.4286 164.2857 1780.9524 198 165 133
24.2566 429.1545 4652.2837 112 155 119
27.9883 429.1545 4652.2837 105 148 110
31.6740 428.5298 4645.5122 96 139 94
35.4003 428.5298 4645.5122 91 132 84
39.0698 427.9070 4638.7598 89 129 78
42.7907 427.9070 4638.7598 86 126 73
46.5116 427.9070 4638.7598 84 123 67
50.2326 427.9070 4638.7598 83 121 63
53.9535 427.9070 4638.7598 82 121 63
57.6744 427.9070 4638.7598 81 122 64
61.4847 428.5298 4645.5122 86 125 65
65.4015 429.7810 4659.0757 93 129 70
69.3411 431.0396 4672.7188 92 129 71
73.1965 431.6715 4679.5698 99 134 77
77.2901 433.5788 4700.2456 119 144 85
-33.6089 163.0391 1782.9423 180 200 166
-32.1429 162.8571 1780.9524 166 191 158
-30.7143 162.8571 1780.9524 154 183 144
-29.2857 162.8571 1780.9524 195 207 167
-27.8571 162.8571 1780.9524 209 209 170
-26.4286 162.8571 1780.9524 178 189 149
-25.0000 162.8571 1780.9524 152 173 133
-23.5583 162.7663 1779.9591 175 187 148
-22.1305 162.7663 1779.9591 181 182 147
-20.7143 162.8571 1780.9524 209 206 168
-19.2857 162.8571 1780.9524 178 153 118
-17.8571 162.8571 1780.9524 166 126 94
-16.4286 162.8571 1780.9524 167 145 114
24.2920 426.0438 4659.0757 116 156 121
27.9883 425.4227 4652.2837 108 150 113
31.7201 425.4227 4652.2837 100 143 99
35.4003 424.8035 4645.5122 91 134 86
39.1266 424.8035 4645.5122 88 130 79
42.7907 424.1861 4638.7598 86 128 75
46.5116 424.1861 4638.7598 83 123 69
50.2326 424.1861 4638.7598 82 121 65
53.9535 424.1861 4638.7598 82 121 65
57.7584 424.8035 4645.5122 81 122 66
61.5743 425.4227 4652.2837 84 123 64
65.4015 426.0438 4659.0757 91 128 69
69.3411 427.2914 4672.7188 92 128 70
73.1965 427.9179 4679.5698 96 132 76
77.4041 430.4425 4707.1782 106 137 82
-32.1429 161.4286 1780.9524 192 201 165
-30.7143 161.4286 1780.9524 152 179 142
-29.2857 161.4286 1780.9524 177 197 158
-27.8416 161.3385 1779.9591 210 209 169
-26.4138 161.3385 1779.9591 207 207 164
-24.9861 161.3385 1779.9591 193 196 155
-23.5583 161.3385 1779.9591 196 199 155
-22.1305 161.3385 1779.9591 207 209 166
-20.7027 161.3385 1779.9591 193 198 158
-19.2857 161.4286 1780.9524 146 156 119
-17.8571 161.4286 1780.9524 133 147 117
-16.4286 161.4286 1780.9524 149 174 142
24.3275 422.9240 4665.8872 117 158 122
28.0292 422.3066 4659.0757 108 151 113
31.7201 421.6910 4652.2837 101 145 103
35.4519 421.6910 4652.2837 92 136 88
39.1266 421.0772 4645.5122 87 132 79
42.8530 421.0772 4645.5122 85 128 74
46.5793 421.0772 4645.5122 83 123 70
50.3057 421.0772 4645.5122 81 120 65
54.0320 421.0772 4645.5122 81 120 64
57.7584 421.0772 4645.5122 81 121 65
61.5743 421.6910 4652.2837 82 123 65
65.4015 422.3066 4659.0757 86 126 66
69.3411 423.5433 4672.7188 90 130 69
73.1965 424.1642 4679.5698 93 130 71
77.4041 426.6667 4707.1782 101 135 77
81.4201 427.9290 4721.1045 121 148 94
-32.1429 160.0000 1780.9524 210 213 172
-30.7143 160.0000 1780.9524 175 190 152
-29.2694 159.9108 1779.9591 176 194 156
-27.8416 159.9108 1779.9591 197 199 160
-26.4138 159.9108 1779.9591 188 189 151
-24.9861 159.9108 1779.9591 207 207 166
-23.5583 159.9108 1779.9591 198 202 157
-22.1305 159.9108 1779.9591 158 172 132
-20.7027 159.9108 1779.9591 141 165 129
-19.2857 160.0000 1780.9524 156 183 145
-17.8571 160.0000 1780.9524 167 192 152
-16.4286 160.0000 1780.9524 168 196 154
24.3631 419.7951 4672.7188 121 160 125
28.0292 418.5694 4659.0757 109 151 114
31.7201 417.9592 4652.2837 103 146 104
35.4519 417.9592 4652.2837 92 137 89
39.1266 417.3509 4645.5122 85 129 74
42.8530 417.3509 4645.5122 84 126 72
46.5793 417.3509 4645.5122 83 124 71
50.3057 417.3509 4645.5122 82 122 68
54.0320 417.3509 4645.5122 81 121 66
57.7584 417.3509 4645.5122 81 121 64
61.5743 417.9592 4652.2837 82 122 65
65.3061 417.9592 4652.2837 85 124 66
69.2398 419.1813 4665.8872 91 129 70
73.0893 419.7951 4672.7188 93 129 71
77.1765 421.6471 4693.3335 97 133 75
81.0604 422.2681 4700.2456 114 141 85
85.2071 424.1420 4721.1045 170 183 127
-32.1429 158.5714 1780.9524 212 213 171
-30.7143 158.5714 1780.9524 207 209 169
-29.2857 158.5714 1780.9524 202 207 167
-27.8416 158.4830 1779.9591 194 195 159
-26.4138 158.4830 1779.9591 188 192 158
-24.9861 158.4830 1779.9591 194 202 162
-23.5452 158.3947 1778.9669 146 165 128
-22.1182 158.3947 1778.9669 149 178 142
-20.7027 158.4830 1779.9591 161 189 149
-19.2857 158.5714 1780.9524 163 190 146
-17.8571 158.5714 1780.9524 158 185 144
-16.4377 158.6600 1781.9468 145 171 131
28.0292 414.8322 4659.0757 111 153 117
31.7201 414.2274 4652.2837 103 148 108
35.4519 414.2274 4652.2837 93 139 91
39.1837 414.2274 4652.2837 84 129 75
42.8530 413.6245 4645.5122 85 128 73
46.5793 413.6245 4645.5122 85 126 73
50.3057 413.6245 4645.5122 82 123 69
54.1108 414.2274 4652.2837 81 121 66
57.8426 414.2274 4652.2837 81 121 64
61.5743 414.2274 4652.2837 82 122 64
65.3061 414.2274 4652.2837 83 123 64
69.1387 414.8322 4659.0757 89 128 67
73.0893 416.0469 4672.7188 90 128 68
76.9501 416.6569 4679.5698 95 130 72
81.0604 418.4978 4700.2456 105 136 78
84.9558 419.1151 4707.1782 130 155 101
88.7316 419.1151 4707.1782 141 168 117
-30.7143 157.1429 1780.9524 181 193 151
-29.2857 157.1429 1780.9524 192 202 158
-27.8416 157.0552 1779.9591 196 203 158
-26.4138 157.0552 1779.9591 188 198 158
-24.9721 156.9677 1778.9669 147 167 132
-23.5320 156.8802 1777.9760 159 187 151
-22.1059 156.8802 1777.9760 164 191 151
-20.6912 156.9677 1778.9669 154 179 138
-19.2857 157.1429 1780.9524 139 161 123
-17.8671 157.2306 1781.9468 169 181 148
28.0292 411.0949 4659.0757 115 156 121
31.7201 410.4956 4652.2837 106 151 112
35.4519 410.4956 4652.2837 98 144 100
39.1837 410.4956 4652.2837 90 135 86
42.9155 410.4956 4652.2837 88 130 78
46.6472 410.4956 4652.2837 87 128 76
50.3790 410.4956 4652.2837 83 124 71
54.1108 410.4956 4652.2837 80 121 68
57.8426 410.4956 4652.2837 81 120 66
61.5743 410.4956 4652.2837 81 120 64
65.3061 410.4956 4652.2837 82 122 63
69.1387 411.0949 4659.0757 87 126 66
72.9825 411.6960 4665.8872 90 128 70
76.8375 412.2987 4672.7188 91 130 71
81.1799 415.3393 4707.1782 99 134 74
84.9558 415.3393 4707.1782 120 145 90
88.7316 415.3393 4707.1782 174 186 134
-30.7143 155.7143 1780.9524 150 175 144
-29.2694 155.6275 1779.9591 146 172 140
-27.8261 155.5407 1778.9669 147 173 141
-26.3697 155.3675 1776.9860 146 172 140
-24.9166 155.1947 1775.0093 159 185 149
-23.4797 155.1084 1774.0227 164 191 152
-22.0567 155.1084 1774.0227 148 173 132
-20.6452 155.1947 1775.0093 151 166 131
-19.2535 155.4541 1777.9760 196 200 161
-17.8571 155.7143 1780.9524 211 211 168
28.1113 408.5506 4672.7188 122 160 126
31.7664 407.3577 4659.0757 110 154 116
35.5037 407.3577 4659.0757 103 148 108
39.1837 406.7639 4652.2837 94 139 92
42.9155 406.7639 4652.2837 88 132 79
46.6472 406.7639 4652.2837 86 129 76
50.3790 406.7639 4652.2837 83 125 73
54.1108 406.7639 4652.2837 81 121 69
57.9270 407.3577 4659.0757 80 120 67
61.6642 407.3577 4659.0757 81 121 65
65.4015 407.3577 4659.0757 83 122 64
69.2398 407.9533 4665.8872 85 124 67
72.9825 407.9533 4665.8872 89 128 69
76.9501 409.1496 4679.5698 90 128 70
81.1799 411.5635 4707.1782 97 131 73
84.9558 411.5635 4707.1782 111 137 79
88.7316 411.5635 4707.1782 178 185 128
-30.6972 154.1997 1779.9591 179 204 171
-29.1718 153.6854 1774.0227 173 199 162
-27.7488 153.6854 1774.0227 169 195 155
-26.2528 153.2594 1769.1057 169 195 153
-24.8199 153.1745 1768.1256 168 194 154
-23.3887 153.0897 1767.1466 147 173 135
-21.9712 153.0897 1767.1466 169 184 149
-20.5651 153.1745 1768.1256 206 207 165
-19.1893 153.5147 1772.0526 212 209 163
-17.8075 153.8564 1775.9971 206 206 161
31.8594 404.8024 4672.7188 115 156 119
35.6076 404.8024 4672.7188 108 151 113
39.3558 404.8024 4672.7188 98 143 97
43.0409 404.2106 4665.8872 89 133 82
46.7836 404.2106 4665.8872 86 129 78
50.5263 404.2106 4665.8872 84 126 73
54.2690 404.2106 4665.8872 82 123 69
58.0117 404.2106 4665.8872 80 121 67
61.7544 404.2106 4665.8872 81 121 64
65.4971 404.2106 4665.8872 82 121 63
69.3411 404.8024 4672.7188 82 122 63
73.0893 404.8024 4672.7188 88 127 66
77.4041 407.7877 4707.1782 89 127 67
81.2999 408.3900 4714.1309 93 129 69
85.0812 408.3900 4714.1309 97 131 70
88.7316 407.7877 4707.1782 129 152 91
-30.6118 152.3471 1775.0093 178 205 172
-29.1718 152.2624 1774.0227 172 199 161
-27.6718 151.8404 1769.1057 169 196 156
-26.2237 151.6722 1767.1466 167 195 156
-24.7788 151.5044 1765.1918 163 190 152
-23.3628 151.5044 1765.1918 132 158 120
-21.9469 151.5044 1765.1918 186 198 156
-20.5423 151.5883 1766.1687 208 207 164
-19.1468 151.7562 1768.1256 211 208 163
-17.7482 151.9246 1770.0869 206 206 164
-16.3829 152.4318 1775.9971 181 190 149
35.7122 402.2320 4686.4414 110 154 115
39.4135 401.6422 4679.5698 101 146 101
43.1672 401.6422 4679.5698 90 135 86
46.9208 401.6422 4679.5698 87 130 79
50.6003 401.0542 4672.7188 85 128 76
54.3485 401.0542 4672.7188 84 124 71
58.0966 401.0542 4672.7188 81 122 68
61.8448 401.0542 4672.7188 81 120 66
65.5930 401.0542 4672.7188 82 121 64
69.4428 401.6422 4679.5698 83 123 62
73.5199 403.4168 4700.2456 86 125 64
77.7482 405.8074 4728.0991 88 126 67
81.5407 405.8074 4728.0991 90 128 69
85.3333 405.8074 4728.0991 96 132 72
89.1259 405.8074 4728.0991 113 141 79
-29.0909 150.4213 1769.1057 151 182 145
-27.6259 150.1716 1766.1687 147 174 138
-26.1947 150.0885 1765.1918 150 178 142
-24.7788 150.0885 1765.1918 164 194 155
-23.3628 150.0885 1765.1918 152 182 145
-21.9469 150.0885 1765.1918 141 164 126
-20.5310 150.0885 1765.1918 193 200 158
-19.1150 150.0885 1765.1918 210 208 163
-17.7187 150.2547 1767.1466 211 208 162
-16.3283 150.5047 1770.0869 206 205 157
36.0831 402.6113 4735.1138 112 154 118
39.5876 399.6466 4700.2456 106 149 109
43.3579 399.6466 4700.2456 95 138 91
47.0588 399.0588 4693.3335 88 132 81
50.6745 397.8886 4679.5698 86 129 77
54.4282 397.8886 4679.5698 84 126 73
58.1818 397.8886 4679.5698 82 122 68
61.9355 397.8886 4679.5698 81 120 66
65.6891 397.8886 4679.5698 81 120 64
69.7496 399.6466 4700.2456 81 122 62
73.7371 400.8272 4714.1309 82 124 63
77.8635 402.6113 4735.1138 87 126 66
81.7831 403.2095 4742.1499 88 126 68
85.4599 402.6113 4735.1138 94 130 72
89.3908 403.2095 4742.1499 104 135 75
95.0303 411.1516 4835.5557 134 158 99
-29.0426 148.7549 1766.1687 173 188 162
-27.6106 148.6726 1765.1918 184 194 167
-26.1947 148.6726 1765.1918 179 189 160
-24.7788 148.6726 1765.1918 152 173 137
-23.3628 148.6726 1765.1918 168 195 156
-21.9469 148.6726 1765.1918 153 180 142
-20.5196 148.5904 1764.2159 138 160 123
-19.1150 148.6726 1765.1918 183 193 150
-17.6991 148.6726 1765.1918 205 205 160
-16.2832 148.6726 1765.1918 209 205 160
36.1367 399.4057 4742.1499 113 155 119
39.8222 398.2223 4728.0991 107 151 112
43.4860 397.0458 4714.1309 98 141 96
47.1976 396.4602 4707.1782 90 134 83
50.9735 396.4602 4707.1782 87 130 77
54.7493 396.4602 4707.1782 84 127 73
58.5251 396.4602 4707.1782 81 123 67
62.2091 395.8763 4700.2456 81 120 65
65.9794 395.8763 4700.2456 81 120 64
69.9557 397.0458 4714.1309 81 121 63
73.9556 398.2223 4728.0991 80 122 60
78.0952 400.0000 4749.2065 85 125 63
81.9048 400.0000 4749.2065 86 124 64
85.7143 400.0000 4749.2065 92 128 70
89.5238 400.0000 4749.2065 100 132 74
93.4724 400.5961 4756.2842 115 144 88
-29.0426 147.3382 1766.1687 185 198 168
-27.6106 147.2566 1765.1918 205 207 176
-26.1947 147.2566 1765.1918 213 215 178
-24.7788 147.2566 1765.1918 179 186 152
-23.3628 147.2566 1765.1918 150 171 135
-21.9348 147.1752 1764.2159 163 189 149
-20.5196 147.1752 1764.2159 153 180 140
-19.1045 147.1752 1764.2159 132 157 121
-17.6893 147.1752 1764.2159 154 168 128
-16.2832 147.2566 1765.1918 192 199 153
-14.8673 147.2566 1765.1918 206 204 158
36.1905 396.1905 4749.2065 113 155 119
39.9406 395.6018 4742.1499 107 151 113
43.6148 394.4297 4728.0991 99 143 100
47.2674 393.2644 4714.1309 91 135 86
51.0487 393.2644 4714.1309 88 131 80
54.7493 392.6844 4707.1782 85 127 75
58.5251 392.6844 4707.1782 82 123 70
62.3009 392.6844 4707.1782 81 120 67
66.1743 393.2644 4714.1309 81 120 66
70.0592 393.8462 4721.1045 80 120 65
74.2857 396.1905 4749.2065 80 120 62
78.0952 396.1905 4749.2065 84 124 64
82.0268 396.7809 4756.2842 86 126 66
85.8420 396.7809 4756.2842 89 127 68
89.6572 396.7809 4756.2842 96 131 73
93.4724 396.7809 4756.2842 110 139 81
98.7595 402.7837 4828.2402 157 172 118
-27.6106 145.8407 1765.1918 215 215 177
-26.1947 145.8407 1765.1918 214 214 175
-24.7788 145.8407 1765.1918 208 210 174
-23.3628 145.8407 1765.1918 178 185 152
-21.9469 145.8407 1765.1918 146 164 129
-20.5196 145.7601 1764.2159 156 179 138
-19.1045 145.7601 1764.2159 156 181 139
-17.6893 145.7601 1764.2159 141 166 128
-16.2832 145.8407 1765.1918 133 155 118
-14.8673 145.8407 1765.1918 154 170 127
36.2444 392.9658 4756.2842 118 157 121
40.0000 392.3810 4749.2065 108 151 114
43.6795 391.2166 4735.1138 100 144 102
47.3373 390.0592 4721.1045 91 136 88
51.0487 389.4830 4714.1309 89 132 83
54.8301 389.4830 4714.1309 86 128 77
58.6115 389.4830 4714.1309 83 125 72
62.3929 389.4830 4714.1309 81 121 68
66.1743 389.4830 4714.1309 81 120 65
70.0592 390.0592 4721.1045 80 120 64
74.2857 392.3810 4749.2065 80 120 63
78.0952 392.3810 4749.2065 83 123 63
82.0268 392.9658 4756.2842 86 126 66
85.8420 392.9658 4756.2842 88 127 67
89.6572 392.9658 4756.2842 95 130 72
93.4724 392.9658 4756.2842 105 136 76
98.7595 398.9108 4828.2402 153 166 107
-27.6106 144.4248 1765.1918 207 212 173
-26.1947 144.4248 1765.1918 194 197 164
-24.7788 144.4248 1765.1918 180 185 158
-23.3628 144.4248 1765.1918 210 212 178
-21.9348 144.3450 1764.2159 179 174 138
-20.5196 144.3450 1764.2159 137 130 96
-19.1045 144.3450 1764.2159 141 149 111
-17.6893 144.3450 1764.2159 154 170 127
-16.2832 144.4248 1765.1918 156 178 136
-14.8673 144.4248 1765.1918 143 170 130
36.2444 389.1505 4756.2842 122 160 125
40.0000 388.5714 4749.2065 111 153 116
43.7444 387.9941 4742.1499 103 147 106
47.3373 386.2722 4721.1045 90 133 87
51.1243 386.2722 4721.1045 87 130 80
54.8301 385.7016 4714.1309 85 128 74
58.6115 385.7016 4714.1309 83 125 72
62.3929 385.7016 4714.1309 80 122 68
66.2722 386.2722 4721.1045 80 120 66
70.1630 386.8445 4728.0991 81 120 64
74.2857 388.5714 4749.2065 81 121 63
78.0952 388.5714 4749.2065 81 121 62
82.0268 389.1505 4756.2842 86 126 66
85.8420 389.1505 4756.2842 87 126 66
89.6572 389.1505 4756.2842 92 130 70
93.4724 389.1505 4756.2842 100 135 76
-27.6106 143.0089 1765.1918 184 201 168
-26.1947 143.0089 1765.1918 212 214 179
-24.7788 143.0089 1765.1918 212 211 175
-23.3499 142.9298 1764.2159 212 204 166
-21.9348 142.9298 1764.2159 179 148 113
-20.5196 142.9298 1764.2159 170 123 93
-19.1045 142.9298 1764.2159 152 126 99
-17.6991 143.0089 1765.1918 130 118 87
-16.2832 143.0089 1765.1918 134 138 98
-14.8755 143.0880 1766.1687 148 165 120
36.2444 385.3353 4756.2842 124 163 128
40.0596 385.3353 4756.2842 113 155 118
43.8095 384.7619 4749.2065 107 151 112
47.4074 383.0519 4728.0991 96 140 96
51.1243 382.4852 4721.1045 86 132 81
54.9112 382.4852 4721.1045 85 128 75
58.6982 382.4852 4721.1045 84 126 72
62.4852 382.4852 4721.1045 81 123 68
66.2722 382.4852 4721.1045 81 122 66
70.1630 383.0519 4728.0991 81 120 64
74.1753 384.1902 4742.1499 82 121 64
78.0952 384.7619 4749.2065 82 122 63
81.9048 384.7619 4749.2065 85 125 65
85.7143 384.7619 4749.2065 87 126 65
89.5238 384.7619 4749.2065 90 128 71
93.4724 385.3353 4756.2842 98 133 74
-27.6106 141.5929 1765.1918 213 216 181
-26.1802 141.5146 1764.2159 207 193 156
-24.7651 141.5146 1764.2159 193 160 124
-23.3499 141.5146 1764.2159 185 141 107
-21.9348 141.5146 1764.2159 177 125 95
-20.5196 141.5146 1764.2159 178 131 102
-19.1045 141.5146 1764.2159 187 154 120
-17.6991 141.5929 1765.1918 166 127 94
-16.2832 141.5929 1765.1918 149 109 74
36.2985 382.0896 4763.3833 127 165 130
40.0596 381.5201 4756.2842 115 158 121
43.8748 381.5201 4756.2842 109 153 114
47.4777 379.8220 4735.1138 100 145 102
51.2000 379.2593 4728.0991 90 136 86
54.9112 378.6982 4721.1045 87 131 80
58.6982 378.6982 4721.1045 85 128 75
62.4852 378.6982 4721.1045 82 124 70
66.3704 379.2593 4728.0991 80 122 67
70.1630 379.2593 4728.0991 80 121 65
74.1753 380.3864 4742.1499 80 121 65
78.0952 380.9524 4749.2065 81 121 65
81.9048 380.9524 4749.2065 84 124 65
85.7143 380.9524 4749.2065 87 127 67
89.5238 380.9524 4749.2065 89 128 69
93.3333 380.9524 4749.2065 95 131 74
97.2876 381.5201 4756.2842 104 136 78
-26.1802 140.0995 1764.2159 182 134 104
-24.7651 140.0995 1764.2159 184 128 102
-23.3499 140.0995 1764.2159 181 123 97
-21.9348 140.0995 1764.2159 176 118 90
-20.5196 140.0995 1764.2159 183 136 105
-19.1045 140.0995 1764.2159 186 147 112
-17.6991 140.1770 1765.1918 167 119 84
-16.2832 140.1770 1765.1918 166 117 78
36.4072 379.4012 4777.6450 131 167 134
40.1194 378.2687 4763.3833 119 159 123
43.8748 377.7049 4756.2842 113 155 116
47.6191 377.1429 4749.2065 105 149 107
51.2000 375.4667 4728.0991 94 139 90
54.9926 375.4667 4728.0991 89 132 82
58.7852 375.4667 4728.0991 86 129 75
62.5778 375.4667 4728.0991 82 125 70
66.3704 375.4667 4728.0991 81 123 65
70.1630 375.4667 4728.0991 80 121 63
74.1753 376.5825 4742.1499 81 121 64
78.0952 377.1429 4749.2065 80 121 63
81.9048 377.1429 4749.2065 81 123 62
85.7143 377.1429 4749.2065 88 127 65
89.5238 377.1429 4749.2065 87 126 66
93.3333 377.1429 4749.2065 91 129 70
97.1429 377.1429 4749.2065 97 131 71
100.9524 377.1429 4749.2065 116 144 85
-23.3370 138.6078 1763.2413 194 152 130
-21.9227 138.6078 1763.2413 174 122 95
-20.4970 138.5312 1762.2677 170 114 83
-19.0939 138.6078 1763.2413 173 122 85
-17.6893 138.6844 1764.2159 179 138 88
-16.2832 138.7611 1765.1918 186 148 91
36.4618 376.1320 4784.8076 134 170 137
40.1794 375.0075 4770.5034 122 161 126
43.9403 374.4478 4763.3833 114 157 119
47.6191 373.3334 4749.2065 107 152 110
51.2760 372.2255 4735.1138 96 141 94
55.0742 372.2255 4735.1138 89 133 83
58.7852 371.6741 4728.0991 86 129 78
62.5778 371.6741 4728.0991 84 125 74
66.3704 371.6741 4728.0991 83 123 69
70.2671 372.2255 4735.1138 81 121 66
74.1753 372.7786 4742.1499 81 120 66
78.0952 373.3334 4749.2065 81 121 64
81.9048 373.3334 4749.2065 82 122 63
85.7143 373.3334 4749.2065 87 124 65
89.5238 373.3334 4749.2065 87 125 66
93.3333 373.3334 4749.2065 90 128 70
97.1429 373.3334 4749.2065 96 131 72
100.8024 372.7786 4742.1499 106 136 78
104.6063 372.7786 4742.1499 123 146 92
-23.3113 137.0419 1761.2952 198 164 137
-21.8623 136.8154 1758.3839 175 129 99
-20.4405 136.7401 1757.4156 173 124 87
-19.0413 136.8154 1758.3839 189 150 98
-17.6796 137.1934 1763.2413 190 155 96
36.5714 373.4135 4799.1982 137 172 139
40.2395 371.7366 4777.6450 126 163 130
44.0060 371.1809 4770.5034 116 158 121
47.6900 370.0745 4756.2842 110 153 114
51.3522 368.9748 4742.1499 98 142 98
55.0742 368.4273 4735.1138 89 135 85
58.8724 368.4273 4735.1138 86 131 80
62.5778 367.8815 4728.0991 85 127 75
66.4688 368.4273 4735.1138 83 123 71
70.2671 368.4273 4735.1138 81 121 68
74.1753 368.9748 4742.1499 81 120 66
78.0952 369.5238 4749.2065 81 120 64
81.9048 369.5238 4749.2065 81 121 63
85.7143 369.5238 4749.2065 85 124 65
89.5238 369.5238 4749.2065 87 126 66
93.3333 369.5238 4749.2065 88 127 67
97.1429 369.5238 4749.2065 94 132 71
100.9524 369.5238 4749.2065 102 135 75
104.6063 368.9748 4742.1499 139 158 105
-23.2088 135.0330 1753.5531 195 166 137
-21.8142 135.1072 1754.5172 171 123 93
-20.3956 135.0330 1753.5531 176 131 88
-18.9786 134.9588 1752.5902 191 155 96
-17.5728 134.9588 1752.5902 192 159 97
40.2999 368.4558 4784.8076 128 164 132
44.0719 367.9042 4777.6450 118 159 122
47.8326 367.3543 4770.5034 112 155 117
51.5052 366.2593 4756.2842 102 145 102
55.1560 365.1709 4742.1499 92 137 88
58.9599 365.1709 4742.1499 88 132 82
62.6706 364.6291 4735.1138 86 128 77
66.4688 364.6291 4735.1138 84 125 72
70.3715 365.1709 4742.1499 82 122 68
74.1753 365.1709 4742.1499 81 120 65
78.0952 365.7143 4749.2065 80 120 64
81.9048 365.7143 4749.2065 80 122 63
85.7143 365.7143 4749.2065 83 123 63
89.6572 366.2593 4756.2842 86 126 66
93.4724 366.2593 4756.2842 87 127 68
97.1429 365.7143 4749.2065 91 131 69
100.9524 365.7143 4749.2065 100 135 75
104.7619 365.7143 4749.2065 122 146 88
109.0583 367.3543 4770.5034 180 186 129
-24.6289 133.6998 1754.5172 202 164 136
-23.2088 133.6264 1753.5531 188 148 116
-21.8022 133.6264 1753.5531 172 117 87
-20.3844 133.5530 1752.5902 172 123 82
-18.9682 133.4797 1751.6283 188 151 95
-17.5535 133.4065 1750.6675 191 157 97
-16.1669 133.5530 1752.5902 191 156 97
40.6657 367.9274 4828.2402 129 166 135
44.1379 364.6177 4784.8076 118 160 124
47.9042 364.0719 4777.6450 112 155 118
51.6592 363.5277 4770.5034 103 147 105
55.3204 362.4441 4756.2842 93 138 91
59.0476 361.9048 4749.2065 89 133 84
62.8571 361.9048 4749.2065 87 129 78
66.6667 361.9048 4749.2065 85 127 74
70.4762 361.9048 4749.2065 83 123 68
74.2857 361.9048 4749.2065 81 120 65
78.0952 361.9048 4749.2065 80 120 63
81.9048 361.9048 4749.2065 80 122 63
85.8420 362.4441 4756.2842 82 121 63
89.6572 362.4441 4756.2842 87 125 66
93.6119 362.9851 4763.3833 86 126 66
97.4328 362.9851 4763.3833 91 129 69
101.2537 362.9851 4763.3833 97 133 74
105.2317 363.5277 4770.5034 108 138 80
109.0583 363.5277 4770.5034 157 171 106
-26.1369 132.8035 1761.2952 187 134 109
-24.6425 132.3652 1755.4823 185 129 103
-23.2088 132.2198 1753.5531 181 124 97
-21.7902 132.1472 1752.5902 176 118 92
-20.3732 132.0746 1751.6283 173 119 90
-18.9578 132.0022 1750.6675 175 127 89
-17.5439 131.9298 1749.7076 186 144 97
-16.1404 131.9298 1749.7076 191 153 98
40.7273 364.6061 4835.5557 132 169 137
44.2042 361.3214 4791.9922 120 161 126
47.9760 360.7796 4784.8076 113 155 119
51.7365 360.2396 4777.6450 106 149 110
55.3204 358.6289 4756.2842 96 140 94
59.1356 358.6289 4756.2842 91 135 85
62.8571 358.0952 4749.2065 88 131 80
66.6667 358.0952 4749.2065 86 127 76
70.4762 358.0952 4749.2065 83 123 71
74.2857 358.0952 4749.2065 80 121 66
78.0952 358.0952 4749.2065 79 120 63
81.9048 358.0952 4749.2065 80 121 63
85.7143 358.0952 4749.2065 81 122 64
89.6572 358.6289 4756.2842 85 125 64
93.6119 359.1642 4763.3833 86 127 65
97.4328 359.1642 4763.3833 90 128 70
101.2537 359.1642 4763.3833 95 131 73
105.0746 359.1642 4763.3833 103 136 79
108.8955 359.1642 4763.3833 122 146 88
112.8849 359.7010 4770.5034 181 186 128
-26.1369 131.3907 1761.2952 198 169 143
-24.6696 131.1013 1757.4156 190 145 121
-23.2216 130.8851 1754.5172 183 131 108
-21.7902 130.7414 1752.5902 187 139 113
-20.3732 130.6696 1751.6283 199 166 137
-18.9474 130.5263 1749.7076 185 147 118
-17.5439 130.5263 1749.7076 173 122 93
-16.1404 130.5263 1749.7076 173 121 87
40.7273 360.7273 4835.5557 136 171 139
44.2042 357.4775 4791.9922 123 163 129
47.9760 356.9415 4784.8076 114 157 121
51.7365 356.4072 4777.6450 107 151 112
55.4858 355.8745 4770.5034 98 143 97
59.1356 354.8137 4756.2842 91 136 85
62.9508 354.8137 4756.2842 89 132 81
66.6667 354.2857 4749.2065 86 128 77
70.4762 354.2857 4749.2065 83 124 71
74.2857 354.2857 4749.2065 81 121 64
78.0952 354.2857 4749.2065 81 120 63
81.9048 354.2857 4749.2065 81 120 63
85.7143 354.2857 4749.2065 82 121 63
89.6572 354.8137 4756.2842 84 124 63
93.4724 354.8137 4756.2842 87 127 66
97.4328 355.3433 4763.3833 88 127 68
101.2537 355.3433 4763.3833 93 130 72
105.2317 355.8745 4770.5034 101 134 77
108.7332 354.8137 4756.2842 112 140 82
112.5484 354.8137 4756.2842 165 172 117
-24.6832 129.7631 1758.3839 201 196 167
-23.2343 129.5490 1755.4823 204 187 159
-21.7902 129.3355 1752.5902 189 157 131
-20.3620 129.1936 1750.6675 183 138 111
-18.9474 129.1228 1749.7076 200 166 137
-17.5439 129.1228 1749.7076 172 126 97
44.2707 354.1655 4799.1982 127 164 131
47.9760 353.1035 4784.8076 116 157 121
51.8141 353.1035 4784.8076 110 153 115
55.5689 352.5749 4777.6450 98 143 98
59.2239 351.5224 4763.3833 92 135 86
62.9508 350.9985 4756.2842 90 132 81
66.7660 350.9985 4756.2842 87 128 76
70.4762 350.4762 4749.2065 84 124 71
74.2857 350.4762 4749.2065 81 122 66
78.0952 350.4762 4749.2065 80 121 64
81.9048 350.4762 4749.2065 80 121 64
85.7143 350.4762 4749.2065 81 121 64
89.6572 350.9985 4756.2842 84 123 65
93.4724 350.9985 4756.2842 88 127 66
97.4328 351.5224 4763.3833 87 127 67
101.2537 351.5224 4763.3833 94 129 72
105.0746 351.5224 4763.3833 99 133 76
108.7332 350.9985 4756.2842 107 137 79
112.5484 350.9985 4756.2842 133 140 83
-23.2343 128.1408 1755.4823 215 215 176
-21.7902 127.9297 1752.5902 197 184 151
-20.3620 127.7894 1750.6675 169 136 107
-18.9474 127.7193 1749.7076 166 138 110
-17.5439 127.7193 1749.7076 150 135 107
44.6061 352.9697 4835.5557 129 166 132
48.1203 350.3158 4799.1982 117 159 121
51.8141 349.2654 4784.8076 112 155 117
55.5689 348.7426 4777.6450 102 147 103
59.3124 348.2213 4770.5034 92 137 87
63.0448 347.7015 4763.3833 89 132 79
66.7660 347.1833 4756.2842 87 129 75
70.5812 347.1833 4756.2842 84 127 70
74.2857 346.6667 4749.2065 80 123 65
78.0952 346.6667 4749.2065 80 121 64
81.9048 346.6667 4749.2065 80 121 63
85.7143 346.6667 4749.2065 81 122 63
89.6572 347.1833 4756.2842 83 122 65
93.4724 347.1833 4756.2842 86 126 67
97.2876 347.1833 4756.2842 86 126 66
101.1028 347.1833 4756.2842 90 128 70
104.9180 347.1833 4756.2842 96 132 74
108.5714 346.6667 4749.2065 103 137 77
112.2140 346.1516 4742.1499 119 134 77
-20.3620 126.3851 1750.6675 139 157 129
-18.9474 126.3158 1749.7076 146 169 140
44.8097 350.6849 4857.6357 133 169 135
48.4115 348.5628 4828.2402 121 162 124
51.9699 346.4662 4799.1982 115 158 121
55.5689 344.9102 4777.6450 107 151 109
59.3124 344.3947 4770.5034 94 139 91
63.1390 344.3947 4770.5034 88 133 81
66.8657 343.8806 4763.3833 86 130 77
70.5812 343.3681 4756.2842 84 128 73
74.3964 343.3681 4756.2842 81 124 66
78.0952 342.8572 4749.2065 81 121 67
81.9048 342.8572 4749.2065 81 120 66
85.7143 342.8572 4749.2065 82 121 65
89.6572 343.3681 4756.2842 83 122 64
93.4724 343.3681 4756.2842 85 124 66
97.2876 343.3681 4756.2842 86 126 66
101.1028 343.3681 4756.2842 89 128 66
104.9180 343.3681 4756.2842 93 131 71
108.5714 342.8572 4749.2065 100 135 76
111.8815 341.3333 4728.0991 113 135 80
115.6741 341.3333 4728.0991 151 124 79
-20.3509 124.9123 1749.7076 164 195 156
-18.9370 124.8438 1748.7489 166 194 157
-17.5342 124.8438 1748.7489 161 187 149
41.1639 348.9127 4887.3916 142 177 139
44.8097 346.7885 4857.6357 135 171 138
48.4849 345.2122 4835.5557 124 163 128
52.1267 343.6501 4813.6753 117 160 124
55.6522 341.5892 4784.8076 110 153 113
59.3124 340.5681 4770.5034 99 143 95
63.1390 340.5681 4770.5034 89 134 81
66.8657 340.0597 4763.3833 87 131 77
70.6866 340.0597 4763.3833 86 128 74
74.3964 339.5529 4756.2842 83 125 71
78.2116 339.5529 4756.2842 82 122 68
82.0268 339.5529 4756.2842 81 121 66
85.8420 339.5529 4756.2842 82 122 65
89.7911 340.0597 4763.3833 82 122 65
93.6119 340.0597 4763.3833 84 124 65
97.5785 340.5681 4770.5034 87 127 66
101.4051 340.5681 4770.5034 87 127 65
105.0746 340.0597 4763.3833 91 131 70
108.5714 339.0476 4749.2065 97 133 73
111.8815 337.5408 4728.0991 104 132 72
113.9854 332.6132 4659.0757 141 132 80
117.7226 332.6132 4659.0757 164 113 70
-20.2731 123.0366 1743.0184 154 178 137
-18.8646 122.9694 1742.0670 156 175 142
-17.4768 123.0366 1743.0184 179 191 159
41.1639 344.9924 4887.3916 140 175 134
44.8781 343.4147 4865.0410 137 173 140
48.7062 342.8919 4857.6357 126 165 131
52.3636 341.3333 4835.5557 119 161 125
56.0725 340.3021 4820.9468 110 154 113
59.4903 337.7511 4784.8076 100 145 97
63.1390 336.7414 4770.5034 91 135 83
66.9656 336.7414 4770.5034 89 132 79
70.6866 336.2388 4763.3833 86 129 75
74.5075 336.2388 4763.3833 84 125 73
78.3284 336.2388 4763.3833 83 124 68
82.1493 336.2388 4763.3833 83 123 65
86.0987 336.7414 4770.5034 83 122 65
90.0599 337.2455 4777.6450 82 123 64
93.8922 337.2455 4777.6450 84 124 64
97.7246 337.2455 4777.6450 87 126 66
101.5569 337.2455 4777.6450 86 125 66
105.3892 337.2455 4777.6450 89 128 68
108.8955 336.2388 4763.3833 95 131 70
112.3810 335.2381 4749.2065 99 131 71
115.6741 333.7482 4728.0991 121 131 76
121.8127 340.3021 4820.9468 156 116 68
-20.2731 121.6385 1743.0184 180 188 152
-18.8646 121.5721 1742.0670 207 209 171
-17.4768 121.6385 1743.0184 215 215 177
41.2270 341.5951 4894.8877 134 170 126
45.0153 340.5505 4879.9185 139 174 142
48.7805 339.5122 4865.0410 128 166 132
52.5228 338.4803 4850.2534 121 162 126
56.2424 337.4546 4835.5557 113 156 116
59.9396 336.4351 4820.9468 100 146 99
63.8067 336.4351 4820.9468 92 137 86
67.5716 335.9276 4813.6753 90 133 81
71.4329 335.9276 4813.6753 86 130 76
75.1807 335.4217 4806.4258 85 126 73
79.0361 335.4217 4806.4258 83 125 69
83.0166 335.9276 4813.6753 82 122 65
86.8778 335.9276 4813.6753 82 121 64
90.8761 336.4351 4820.9468 83 123 64
95.0303 337.4546 4835.5557 83 123 64
98.9091 337.4546 4835.5557 86 125 66
102.6324 336.9441 4828.2402 85 125 65
106.1840 335.9276 4813.6753 88 126 67
110.0453 335.9276 4813.6753 93 130 69
113.9065 335.9276 4813.6753 97 133 72
117.9456 336.4351 4820.9468 112 135 78
122.3672 337.9666 4842.8936 141 120 68
45.0842 337.1516 4887.3916 143 176 143
48.7805 335.6098 4865.0410 131 168 134
52.6829 335.6098 4865.0410 122 163 127
56.4134 334.5897 4850.2534 114 158 119
60.0303 333.0711 4828.2402 102 147 103
63.9032 333.0711 4828.2402 93 139 90
67.6737 332.5680 4820.9468 90 134 82
71.5408 332.5680 4820.9468 87 130 77
75.2941 332.0664 4813.6753 86 127 75
79.1554 332.0664 4813.6753 84 125 70
83.0166 332.0664 4813.6753 82 123 67
87.0091 332.5680 4820.9468 81 121 65
91.1515 333.5758 4835.5557 83 123 65
95.1745 334.0820 4842.8936 82 122 64
98.9091 333.5758 4835.5557 85 125 65
102.7879 333.5758 4835.5557 86 125 65
106.5053 333.0711 4828.2402 87 125 66
110.3782 333.0711 4828.2402 92 128 69
114.0786 332.5680 4820.9468 96 132 73
118.1241 333.0711 4828.2402 105 135 76
122.5532 334.5897 4850.2534 131 130 75
126.8293 335.6098 4865.0410 169 136 73
45.0842 333.2313 4887.3916 145 178 144
48.7805 331.7074 4865.0410 134 170 137
52.6829 331.7074 4865.0410 123 164 129
56.4992 331.2025 4857.6357 116 159 121
60.0303 329.1982 4828.2402 105 149 106
63.9032 329.1982 4828.2402 96 141 92
67.7761 329.1982 4828.2402 91 135 83
71.5408 328.7009 4820.9468 89 132 80
75.4079 328.7009 4820.9468 86 130 75
79.1554 328.2051 4813.6753 85 126 70
83.1420 328.7009 4820.9468 82 124 66
87.0091 328.7009 4820.9468 80 122 65
91.1515 329.6970 4835.5557 82 123 64
95.1745 330.1973 4842.8936 80 122 63
99.0592 330.1973 4842.8936 83 124 63
102.9439 330.1973 4842.8936 85 126 64
106.6667 329.6970 4835.5557 84 125 65
110.3782 329.1982 4828.2402 89 128 68
114.2512 329.1982 4828.2402 95 130 72
118.4826 330.1973 4842.8936 100 134 76
122.5532 330.6991 4850.2534 117 141 81
126.8293 331.7074 4865.0410 170 175 105
45.0842 329.3109 4887.3916 146 180 143
48.7805 327.8049 4865.0410 137 172 139
52.6829 327.8049 4865.0410 125 164 130
56.5854 327.8049 4865.0410 118 161 123
60.1212 325.8182 4835.5557 109 152 110
63.9032 325.3253 4828.2402 99 143 95
67.7761 325.3253 4828.2402 93 137 85
71.6490 325.3253 4828.2402 90 134 81
75.4079 324.8339 4820.9468 86 130 75
79.2749 324.8339 4820.9468 85 127 71
83.1420 324.8339 4820.9468 83 124 67
87.0091 324.8339 4820.9468 82 122 64
91.1515 325.8182 4835.5557 82 122 64
95.1745 326.3126 4842.8936 81 122 62
99.0592 326.3126 4842.8936 83 123 61
102.9439 326.3126 4842.8936 85 125 63
106.8285 326.3126 4842.8936 85 125 64
110.5455 325.8182 4835.5557 87 127 67
114.4242 325.8182 4835.5557 93 131 72
118.4826 326.3126 4842.8936 96 134 74
122.5532 326.8085 4850.2534 106 139 76
126.6362 327.3059 4857.6357 131 148 87
45.0842 325.3905 4887.3916 144 178 139
48.8550 324.3970 4872.4683 139 173 139
52.6829 323.9025 4865.0410 127 165 131
56.5854 323.9025 4865.0410 118 161 123
60.3040 322.9179 4850.2534 110 155 115
63.9032 321.4524 4828.2402 100 146 99
67.7761 321.4524 4828.2402 91 139 86
71.6490 321.4524 4828.2402 90 135 83
75.4079 320.9668 4820.9468 86 130 76
79.2749 320.9668 4820.9468 85 127 73
83.1420 320.9668 4820.9468 83 125 68
87.0091 320.9668 4820.9468 81 122 64
91.1515 321.9394 4835.5557 81 121 63
95.0303 321.9394 4835.5557 81 122 61
99.0592 322.4279 4842.8936 82 122 61
102.9439 322.4279 4842.8936 86 126 64
106.8285 322.4279 4842.8936 86 125 63
110.7132 322.4279 4842.8936 88 126 67
114.5979 322.4279 4842.8936 91 129 70
118.6626 322.9179 4850.2534 96 132 72
122.5532 322.9179 4850.2534 102 136 75
126.6362 323.4095 4857.6357 113 138 78
41.6099 324.9536 4940.3511 102 138 77
45.0842 321.4702 4887.3916 141 174 130
48.8550 320.4886 4872.4683 140 176 140
52.7634 320.4886 4872.4683 129 168 132
56.5854 320.0000 4865.0410 119 161 123
60.3957 319.5129 4857.6357 113 156 117
64.0000 318.0606 4835.5557 104 148 103
67.7761 317.5794 4828.2402 94 140 89
71.6490 317.5794 4828.2402 91 136 83
75.4079 317.0997 4820.9468 87 130 77
79.2749 317.0997 4820.9468 86 127 74
83.1420 317.0997 4820.9468 84 125 68
87.0091 317.0997 4820.9468 81 122 65
91.1515 318.0606 4835.5557 81 122 64
95.0303 318.0606 4835.5557 81 123 63
99.0592 318.5433 4842.8936 82 123 63
102.9439 318.5433 4842.8936 86 125 64
106.8285 318.5433 4842.8936 86 125 64
110.7132 318.5433 4842.8936 87 127 66
114.7720 319.0274 4850.2534 90 130 69
118.6626 319.0274 4850.2534 94 133 72
122.5532 319.0274 4850.2534 99 136 75
126.4438 319.0274 4850.2534 108 139 80
130.3344 319.0274 4850.2534 122 148 94
41.6099 320.9907 4940.3511 101 136 74
45.0842 317.5498 4887.3916 135 168 121
48.9297 317.0642 4879.9185 143 177 143
52.7634 316.5802 4872.4683 132 169 134
56.5854 316.0976 4865.0410 122 164 127
60.4878 316.0976 4865.0410 116 158 119
64.0971 314.6586 4842.8936 107 150 104
67.8788 314.1818 4835.5557 96 142 90
71.6490 313.7065 4828.2402 91 137 83
75.5219 313.7065 4828.2402 87 131 77
79.2749 313.2326 4820.9468 85 128 73
83.1420 313.2326 4820.9468 83 125 68
87.1407 313.7065 4828.2402 82 123 65
91.1515 314.1818 4835.5557 81 123 63
95.0303 314.1818 4835.5557 82 123 62
99.0592 314.6586 4842.8936 82 123 63
102.9439 314.6586 4842.8936 84 124 63
106.8285 314.6586 4842.8936 87 127 66
110.7132 314.6586 4842.8936 87 127 66
114.7720 315.1368 4850.2534 90 129 69
118.8432 315.6165 4857.6357 93 132 73
122.7397 315.6165 4857.6357 96 134 75
126.4438 315.1368 4850.2534 106 138 78
130.3344 315.1368 4850.2534 134 160 103
41.6099 317.0279 4940.3511 99 135 72
45.1534 314.1104 4894.8877 127 161 110
48.9297 313.1498 4879.9185 145 179 144
52.7634 312.6718 4872.4683 135 172 136
56.5854 312.1952 4865.0410 126 165 130
60.4878 312.1952 4865.0410 119 160 122
64.0971 310.7739 4842.8936 109 151 107
67.9818 310.7739 4842.8936 98 142 92
71.7576 310.3030 4835.5557 93 138 84
75.5219 309.8336 4828.2402 90 133 79
79.3949 309.8336 4828.2402 87 129 73
83.2678 309.8336 4828.2402 85 127 69
87.1407 309.8336 4828.2402 83 124 66
91.1515 310.3030 4835.5557 80 123 64
95.0303 310.3030 4835.5557 82 123 62
99.0592 310.7739 4842.8936 83 123 63
102.9439 310.7739 4842.8936 84 124 63
106.8285 310.7739 4842.8936 88 127 66
110.7132 310.7739 4842.8936 87 127 67
114.9467 311.7200 4857.6357 90 128 69
119.0244 312.1952 4865.0410 93 131 72
122.9268 312.1952 4865.0410 97 132 75
126.6362 311.7200 4857.6357 104 136 77
130.5327 311.7200 4857.6357 125 146 92
134.8397 312.6718 4872.4683 155 165 118
45.2227 310.6606 4902.4067 120 154 100
49.0046 309.7090 4887.3916 146 180 143
52.8440 309.2355 4879.9185 137 173 138
56.6718 308.7634 4872.4683 128 167 131
60.4878 308.2927 4865.0410 121 163 124
64.1945 307.3557 4850.2534 112 155 111
67.9818 306.8893 4842.8936 99 144 94
71.8665 306.8893 4842.8936 93 138 84
75.6364 306.4243 4835.5557 90 135 81
79.3949 305.9607 4828.2402 87 130 75
83.2678 305.9607 4828.2402 85 128 72
87.1407 305.9607 4828.2402 83 125 69
91.1515 306.4243 4835.5557 82 123 65
95.0303 306.4243 4835.5557 82 124 66
99.0592 306.8893 4842.8936 83 124 66
102.7879 306.4243 4835.5557 85 125 66
106.8285 306.8893 4842.8936 88 127 66
110.7132 306.8893 4842.8936 87 126 66
114.5979 306.8893 4842.8936 88 126 68
119.0244 308.2927 4865.0410 91 129 69
122.9268 308.2927 4865.0410 95 131 72
126.8293 308.2927 4865.0410 100 135 76
130.7317 308.2927 4865.0410 132 152 94
134.8397 308.7634 4872.4683 198 198 143
49.0798 306.2577 4894.8877 148 181 141
52.9250 305.7887 4887.3916 139 175 139
56.7584 305.3211 4879.9185 131 169 133
60.5802 304.8550 4872.4683 123 165 126
64.3903 304.3903 4865.0410 113 157 114
68.0851 303.4651 4850.2534 101 146 98
71.8665 303.0046 4842.8936 94 139 86
75.7511 303.0046 4842.8936 92 136 82
79.5152 302.5455 4835.5557 88 131 77
83.3939 302.5455 4835.5557 85 128 72
87.2727 302.5455 4835.5557 84 126 69
91.1515 302.5455 4835.5557 83 124 65
95.0303 302.5455 4835.5557 83 124 64
99.0592 303.0046 4842.8936 83 124 64
102.9439 303.0046 4842.8936 83 123 62
106.8285 303.0046 4842.8936 86 127 64
110.7132 303.0046 4842.8936 87 127 66
114.5979 303.0046 4842.8936 87 126 67
119.0244 304.3903 4865.0410 89 128 69
122.9268 304.3903 4865.0410 92 130 71
126.8293 304.3903 4865.0410 95 134 71
130.9313 304.8550 4872.4683 112 137 75
135.0459 305.3211 4879.9185 184 190 132
138.9603 305.3211 4879.9185 194 192 140
53.0061 302.3313 4894.8877 140 176 141
56.8453 301.8683 4887.3916 132 170 133
60.6728 301.4067 4879.9185 124 166 127
64.3903 300.4878 4865.0410 115 159 117
68.0851 299.5745 4850.2534 103 148 101
71.9757 299.5745 4850.2534 95 140 88
75.7511 299.1199 4842.8936 93 137 83
79.5152 298.6667 4835.5557 90 134 79
83.3939 298.6667 4835.5557 85 129 72
87.2727 298.6667 4835.5557 82 124 65
91.1515 298.6667 4835.5557 79 119 57
95.1745 299.1199 4842.8936 80 119 56
99.0592 299.1199 4842.8936 81 120 58
102.9439 299.1199 4842.8936 81 120 57
106.8285 299.1199 4842.8936 83 122 60
110.7132 299.1199 4842.8936 88 126 66
114.9467 300.0304 4857.6357 87 125 66
119.0244 300.4878 4865.0410 89 126 68
123.1145 300.9466 4872.4683 91 128 69
127.2171 301.4067 4879.9185 90 129 67
131.1315 301.4067 4879.9185 100 133 71
135.0459 301.4067 4879.9185 134 157 98
139.1731 301.8683 4887.3916 141 163 111
53.0876 298.8633 4902.4067 141 177 141
56.8453 297.9479 4887.3916 132 171 135
60.6728 297.4924 4879.9185 125 167 129
64.4886 297.0382 4872.4683 117 160 120
68.1887 296.1339 4857.6357 106 150 104
71.9757 295.6839 4850.2534 94 141 88
75.8663 295.6839 4850.2534 94 138 85
79.6358 295.2352 4842.8936 96 138 85
83.3939 294.7879 4835.5557 91 131 75
87.4052 295.2352 4842.8936 76 117 57
91.2898 295.2352 4842.8936 73 113 52
95.1745 295.2352 4842.8936 77 117 55
99.2097 295.6839 4850.2534 80 120 58
103.1003 295.6839 4850.2534 80 120 57
106.9909 295.6839 4850.2534 81 122 59
110.8815 295.6839 4850.2534 88 127 65
114.9467 296.1339 4857.6357 85 125 63
119.0244 296.5854 4865.0410 85 125 65
123.1145 297.0382 4872.4683 89 126 68
127.2171 297.4924 4879.9185 90 128 68
131.1315 297.4924 4879.9185 97 132 71
135.0459 297.4924 4879.9185 117 146 87
139.1731 297.9479 4887.3916 148 168 119
53.2512 295.8398 4917.5142 144 179 143
56.9325 294.4785 4894.8877 135 173 137
60.7657 294.0276 4887.3916 127 167 129
64.5872 293.5780 4879.9185 120 162 122
68.2927 292.6830 4865.0410 109 152 108
72.0852 292.2375 4857.6357 97 142 92
75.8663 291.7933 4850.2534 95 139 87
79.7568 291.7933 4850.2534 96 137 86
83.5205 291.3506 4842.8936 91 132 79
87.4052 291.3506 4842.8936 88 130 74
91.2898 291.3506 4842.8936 84 125 69
95.3192 291.7933 4850.2534 82 123 67
99.2097 291.7933 4850.2534 81 121 61
103.1003 291.7933 4850.2534 80 121 59
106.9909 291.7933 4850.2534 81 122 59
111.0502 292.2375 4857.6357 86 127 62
114.9467 292.2375 4857.6357 84 124 62
119.0244 292.6830 4865.0410 84 124 64
123.1145 293.1298 4872.4683 87 126 67
127.2171 293.5780 4879.9185 89 127 68
131.1315 293.5780 4879.9185 94 130 70
135.0459 293.5780 4879.9185 106 138 77
138.9603 293.5780 4879.9185 162 175 115
53.5814 293.7054 4948.0103 146 180 144
57.0200 290.9985 4902.4067 136 174 139
60.8589 290.5522 4894.8877 128 168 131
64.7853 290.5522 4894.8877 121 163 123
68.5015 289.6636 4879.9185 111 154 110
72.1951 288.7805 4865.0410 99 145 95
76.0976 288.7805 4865.0410 93 139 87
79.8782 288.3409 4857.6357 92 136 83
83.7747 288.3409 4857.6357 87 131 78
87.5380 287.9027 4850.2534 86 129 73
91.4286 287.9027 4850.2534 84 126 69
95.3192 287.9027 4850.2534 82 124 68
99.3607 288.3409 4857.6357 81 122 63
103.2572 288.3409 4857.6357 80 120 58
107.1537 288.3409 4857.6357 81 122 59
111.0502 288.3409 4857.6357 85 125 62
115.1220 288.7805 4865.0410 84 124 62
119.0244 288.7805 4865.0410 83 124 63
122.9268 288.7805 4865.0410 86 125 66
127.0229 289.2214 4872.4683 88 127 69
130.9313 289.2214 4872.4683 91 129 71
134.8397 289.2214 4872.4683 99 134 74
138.7481 289.2214 4872.4683 122 148 83
142.6565 289.2214 4872.4683 168 180 104
161.7047 288.3409 4857.6357 159 175 125
165.6012 288.3409 4857.6357 190 194 141
169.7561 288.7805 4865.0410 197 197 144
173.9237 289.2214 4872.4683 160 174 125
178.1040 289.6636 4879.9185 158 177 129
182.0184 289.6636 4879.9185 187 193 143
185.9327 289.6636 4879.9185 206 201 150
53.6646 290.1864 4955.6938 149 181 144
57.1957 287.9507 4917.5142 137 175 139
60.9524 287.0661 4902.4067 128 168 131
64.7853 286.6258 4894.8877 121 163 123
68.7117 286.6258 4894.8877 112 156 112
72.4159 285.7493 4879.9185 101 147 98
76.0976 284.8781 4865.0410 94 140 87
80.0000 284.8781 4865.0410 92 137 84
83.9025 284.8781 4865.0410 88 132 78
87.8049 284.8781 4865.0410 86 129 74
91.7073 284.8781 4865.0410 85 127 71
95.6098 284.8781 4865.0410 83 124 67
99.3607 284.4445 4857.6357 82 122 64
103.2572 284.4445 4857.6357 78 118 55
107.1537 284.4445 4857.6357 80 121 57
111.0502 284.4445 4857.6357 84 124 62
115.1220 284.8781 4865.0410 85 126 62
119.0244 284.8781 4865.0410 83 124 62
122.9268 284.8781 4865.0410 85 125 64
127.0229 285.3130 4872.4683 88 127 69
130.9313 285.3130 4872.4683 92 130 71
134.8397 285.3130 4872.4683 96 133 73
138.5366 284.8781 4865.0410 106 139 77
142.4390 284.8781 4865.0410 131 148 84
146.3415 284.8781 4865.0410 190 186 128
158.0488 284.8781 4865.0410 184 187 135
161.7047 284.4445 4857.6357 203 199 146
165.8537 284.8781 4865.0410 206 202 146
169.7561 284.8781 4865.0410 194 193 138
173.6586 284.8781 4865.0410 187 191 139
177.5610 284.8781 4865.0410 204 201 150
181.7405 285.3130 4872.4683 208 202 150
185.3659 284.8781 4865.0410 206 202 149
189.5573 285.3130 4872.4683 193 194 142
53.9158 287.5507 4978.8872 149 183 141
57.4613 285.3251 4940.3511 139 177 140
61.1402 284.0062 4917.5142 129 169 132
64.9846 283.5692 4909.9487 121 163 123
68.8172 283.1337 4902.4067 115 158 117
72.5268 282.2665 4887.3916 104 149 101
76.2137 281.4046 4872.4683 96 141 88
80.1221 281.4046 4872.4683 93 138 86
83.9025 280.9756 4865.0410 89 133 79
87.8049 280.9756 4865.0410 88 130 74
91.7073 280.9756 4865.0410 88 128 73
95.6098 280.9756 4865.0410 84 124 70
99.5122 280.9756 4865.0410 82 122 64
103.2572 280.5480 4857.6357 79 118 57
107.1537 280.5480 4857.6357 79 120 57
111.0502 280.5480 4857.6357 83 123 60
115.1220 280.9756 4865.0410 88 126 63
119.0244 280.9756 4865.0410 84 123 62
122.9268 280.9756 4865.0410 85 124 64
127.0229 281.4046 4872.4683 88 126 67
130.9313 281.4046 4872.4683 91 128 70
134.8397 281.4046 4872.4683 95 132 72
138.5366 280.9756 4865.0410 102 136 75
142.4390 280.9756 4865.0410 125 148 87
146.3415 280.9756 4865.0410 180 185 129
150.2439 280.9756 4865.0410 191 193 136
153.9117 280.5480 4857.6357 197 193 137
157.8082 280.5480 4857.6357 203 196 140
161.7047 280.5480 4857.6357 206 199 143
165.8537 280.9756 4865.0410 205 196 139
169.7561 280.9756 4865.0410 204 195 137
173.6586 280.9756 4865.0410 209 202 148
177.5610 280.9756 4865.0410 208 202 148
181.4634 280.9756 4865.0410 198 197 144
185.3659 280.9756 4865.0410 180 187 137
670.4763 237.2201 4107.4219 144 171 126
671.1795 236.3077 4091.6240 158 182 134
671.8774 235.4023 4075.9473 174 196 147
674.2857 235.1021 4070.7483 166 197 146
674.9683 234.2059 4055.2310 150 185 135
677.3605 233.9086 4050.0847 140 178 128
54.0000 284.0000 4986.6670 146 180 136
57.6398 282.2361 4955.6938 141 176 142
61.4242 281.3622 4940.3511 131 171 135
65.0847 280.0616 4917.5142 122 164 125
68.8172 279.2012 4902.4067 118 160 119
72.5268 278.3461 4887.3916 107 151 104
76.3303 277.9205 4879.9185 96 143 89
80.1221 277.4962 4872.4683 92 139 86
84.0305 277.4962 4872.4683 89 134 81
87.8049 277.0732 4865.0410 88 131 75
91.7073 277.0732 4865.0410 86 128 73
95.6098 277.0732 4865.0410 83 125 69
99.5122 277.0732 4865.0410 81 123 66
103.2572 276.6515 4857.6357 81 122 61
107.1537 276.6515 4857.6357 74 115 52
111.0502 276.6515 4857.6357 77 118 54
115.1220 277.0732 4865.0410 84 124 60
119.0244 277.0732 4865.0410 82 123 60
122.9268 277.0732 4865.0410 83 123 63
126.8293 277.0732 4865.0410 86 125 66
130.9313 277.4962 4872.4683 90 128 70
134.8397 277.4962 4872.4683 94 131 72
138.5366 277.0732 4865.0410 97 134 74
142.4390 277.0732 4865.0410 108 140 81
146.3415 277.0732 4865.0410 126 150 100
150.2439 277.0732 4865.0410 129 148 100
153.9117 276.6515 4857.6357 138 152 101
157.8082 276.6515 4857.6357 150 159 104
161.7047 276.6515 4857.6357 192 190 134
165.8537 277.0732 4865.0410 183 161 108
169.7561 277.0732 4865.0410 187 157 105
177.5610 277.0732 4865.0410 171 179 127
181.7405 277.4962 4872.4683 145 166 117
185.0837 276.6515 4857.6357 155 174 124
674.3007 237.5948 4171.8521 168 177 131
667.1815 233.9254 4107.4219 157 177 131
667.8975 233.0257 4091.6240 154 183 135
668.6079 232.1328 4075.9473 153 188 139
671.0204 231.8367 4070.7483 150 188 139
671.7154 230.9530 4055.2310 144 182 136
674.1117 230.6599 4050.0847 137 176 132
675.6456 230.0760 4039.8313 134 173 131
679.7465 230.3676 4044.9514 132 173 131
57.8193 279.1277 4971.1318 143 178 142
61.6149 278.2609 4955.6938 134 174 137
65.3870 277.3994 4940.3511 126 168 129
68.8172 275.2688 4902.4067 119 162 123
72.6380 274.8466 4894.8877 109 153 108
76.3303 274.0061 4879.9185 96 143 91
80.1221 273.5878 4872.4683 93 139 86
84.0305 273.5878 4872.4683 90 135 81
87.8049 273.1708 4865.0410 86 131 75
91.7073 273.1708 4865.0410 85 128 72
95.6098 273.1708 4865.0410 82 126 68
99.5122 273.1708 4865.0410 80 124 66
103.2572 272.7549 4857.6357 80 124 66
107.1537 272.7549 4857.6357 75 117 55
111.0502 272.7549 4857.6357 71 112 46
115.1220 273.1708 4865.0410 82 123 57
119.0244 273.1708 4865.0410 83 122 59
122.9268 273.1708 4865.0410 82 121 60
126.8293 273.1708 4865.0410 85 125 66
130.7317 273.1708 4865.0410 88 127 68
134.6342 273.1708 4865.0410 92 130 71
138.5366 273.1708 4865.0410 97 133 73
142.4390 273.1708 4865.0410 107 137 78
146.3415 273.1708 4865.0410 131 152 96
150.2439 273.1708 4865.0410 138 157 100
153.9117 272.7549 4857.6357 140 159 108
157.5684 272.3405 4850.2534 129 151 104
161.2140 271.9272 4842.8936 148 161 109
165.6012 272.7549 4857.6357 197 192 140
671.8325 234.5550 4177.3125 189 197 141
670.7933 233.0299 4150.1519 175 193 140
667.1815 230.6306 4107.4219 158 188 137
667.8975 229.7436 4091.6240 146 182 134
668.6079 228.8634 4075.9473 139 177 134
670.1656 228.2803 4065.5627 137 176 135
670.8630 227.4112 4050.0847 137 176 135
672.4051 226.8354 4039.8313 133 173 134
672.2419 225.6927 4019.4795 134 172 135
676.3178 225.9773 4024.5483 134 172 135
54.0845 276.4319 4994.4707 134 169 119
58.0000 276.0000 4986.6670 144 179 143
61.6149 274.2857 4955.6938 136 175 139
65.4884 273.8605 4948.0103 128 170 130
68.9231 271.7539 4909.9487 120 163 123
72.6380 270.9203 4894.8877 109 155 109
76.3303 270.0918 4879.9185 98 145 94
80.2447 270.0918 4879.9185 94 139 86
84.0305 269.6794 4872.4683 91 135 81
87.8049 269.2683 4865.0410 87 131 77
91.7073 269.2683 4865.0410 85 130 74
95.6098 269.2683 4865.0410 84 127 71
99.5122 269.2683 4865.0410 82 125 68
103.2572 268.8585 4857.6357 82 123 66
107.3171 269.2683 4865.0410 78 116 54
111.0502 268.8585 4857.6357 75 113 48
115.1220 269.2683 4865.0410 84 122 60
119.0244 269.2683 4865.0410 86 124 65
122.9268 269.2683 4865.0410 84 123 65
126.8293 269.2683 4865.0410 84 124 67
130.7317 269.2683 4865.0410 88 127 69
134.6342 269.2683 4865.0410 92 129 72
138.5366 269.2683 4865.0410 97 132 71
142.4390 269.2683 4865.0410 101 131 68
146.3415 269.2683 4865.0410 144 145 84
150.2439 269.2683 4865.0410 155 142 81
153.6778 268.4499 4850.2534 141 138 80
157.3293 268.0425 4842.8936 145 161 108
160.7262 267.2315 4828.2402 131 151 103
164.3505 266.8278 4820.9468 169 179 124
668.4818 231.2042 4177.3125 171 197 143
668.3334 230.0000 4155.5557 157 189 138
663.8868 227.3359 4107.4219 146 183 136
662.0690 225.5939 4075.9473 139 177 135
663.6433 225.0191 4065.5627 136 174 135
665.2097 224.4473 4055.2310 136 174 136
666.7681 223.8783 4044.9514 136 175 137
668.3186 223.3123 4034.7241 136 174 136
667.3367 221.9096 4009.3804 135 173 136
667.2001 220.8000 3989.3335 134 171 136
670.4001 220.8000 3989.3335 135 172 137
58.0908 272.4257 4994.4707 146 181 143
61.7107 270.7310 4963.4009 138 176 140
65.5901 270.3106 4955.6938 130 171 131
69.3498 269.4737 4940.3511 121 164 122
72.7496 267.4040 4902.4067 111 155 110
76.4472 266.5850 4887.3916 100 146 96
80.2447 266.1774 4879.9185 93 140 87
84.0305 265.7710 4872.4683 89 136 83
87.8049 265.3659 4865.0410 85 132 78
91.7073 265.3659 4865.0410 85 130 74
95.6098 265.3659 4865.0410 86 128 72
99.5122 265.3659 4865.0410 83 125 65
103.4146 265.3659 4865.0410 81 122 62
107.3171 265.3659 4865.0410 79 118 54
111.2195 265.3659 4865.0410 78 117 53
115.1220 265.3659 4865.0410 84 124 63
119.0244 265.3659 4865.0410 86 126 67
122.9268 265.3659 4865.0410 84 123 65
126.8293 265.3659 4865.0410 84 124 67
130.7317 265.3659 4865.0410 87 126 70
134.6342 265.3659 4865.0410 91 129 73
138.7481 265.7710 4872.4683 95 130 71
142.4390 265.3659 4865.0410 98 129 65
146.3415 265.3659 4865.0410 149 158 99
150.2439 265.3659 4865.0410 185 168 109
153.6778 264.5593 4850.2534 170 147 86
157.0909 263.7576 4835.5557 136 139 81
160.4834 262.9607 4820.9468 148 168 117
163.1185 260.9895 4784.8076 135 156 105
165.4681 258.6627 4742.1499 165 174 121
652.3871 224.6194 4118.0215 158 192 142
650.6531 222.8937 4086.3850 147 184 136
652.2606 222.3244 4075.9473 142 179 135
655.5300 222.3244 4075.9473 139 178 136
657.9592 222.0408 4070.7483 139 178 138
658.7040 221.1944 4055.2310 138 176 139
660.2789 220.6337 4044.9514 138 174 139
661.8458 220.0759 4034.7241 138 175 139
660.0753 218.4191 4004.3499 137 175 138
659.9750 217.3284 3984.3530 137 175 138
659.8758 216.2485 3964.5549 136 173 139
660.5941 215.4456 3949.8352 136 173 139
666.2360 216.2485 3964.5549 139 174 141
62.0000 268.0000 4986.6670 138 177 140
65.6921 266.7496 4963.4009 132 173 133
69.5652 266.3354 4955.6938 122 163 123
72.7496 263.4716 4902.4067 112 157 112
76.4472 262.6646 4887.3916 101 148 97
80.2447 262.2630 4879.9185 95 141 89
84.1590 262.2630 4879.9185 92 137 84
87.9389 261.8626 4872.4683 88 132 79
91.7073 261.4634 4865.0410 86 130 74
95.6098 261.4634 4865.0410 84 128 72
99.5122 261.4634 4865.0410 82 125 67
103.4146 261.4634 4865.0410 83 124 66
107.3171 261.4634 4865.0410 81 124 64
111.2195 261.4634 4865.0410 81 122 60
115.1220 261.4634 4865.0410 84 124 65
119.0244 261.4634 4865.0410 86 127 67
122.9268 261.4634 4865.0410 84 124 64
126.8293 261.4634 4865.0410 84 125 67
130.7317 261.4634 4865.0410 87 126 71
134.6342 261.4634 4865.0410 90 128 71
138.7481 261.8626 4872.4683 92 130 70
142.8746 262.2630 4879.9185 94 128 67
150.4733 261.8626 4872.4683 185 178 117
154.1464 261.4634 4865.0410 190 174 115
157.5684 260.6687 4850.2534 156 146 89
160.7262 259.4857 4828.2402 138 151 94
163.1185 257.1515 4784.8076 154 174 123
165.4681 254.8589 4742.1499 137 157 108
649.9225 221.6021 4123.3423 156 191 146
649.0373 220.1797 4096.8765 145 184 139
650.6531 219.6159 4086.3850 139 179 136
651.4286 218.7755 4070.7483 139 175 137
653.0280 218.2188 4060.3904 140 176 139
654.6193 217.6650 4050.0847 140 177 141
657.0342 217.3891 4044.9514 139 177 140
658.6094 216.8395 4034.7241 139 174 140
655.2191 214.6684 3994.3264 139 175 142
654.3284 213.3333 3969.4861 140 176 141
655.0682 212.5403 3954.7295 140 176 141
654.9939 211.4920 3935.2241 141 176 143
655.7248 210.7125 3920.7207 145 178 147
658.8698 210.7125 3920.7207 152 182 151
62.0000 264.0000 4986.6670 140 178 140
65.8970 263.5882 4978.8872 132 173 135
69.6734 262.7683 4963.4009 123 165 125
72.8615 259.9385 4909.9487 114 158 115
76.5644 259.1411 4894.8877 103 149 101
80.3675 258.7443 4887.3916 95 142 91
84.1590 258.3486 4879.9185 92 139 86
87.9389 257.9542 4872.4683 90 134 81
91.8473 257.9542 4872.4683 88 131 77
95.6098 257.5610 4865.0410 85 129 74
99.5122 257.5610 4865.0410 84 126 69
103.4146 257.5610 4865.0410 82 125 69
107.3171 257.5610 4865.0410 82 125 68
111.2195 257.5610 4865.0410 79 121 59
115.1220 257.5610 4865.0410 83 123 62
119.0244 257.5610 4865.0410 88 128 67
122.9268 257.5610 4865.0410 85 125 65
126.8293 257.5610 4865.0410 85 125 67
130.9313 257.9542 4872.4683 86 126 69
135.0459 258.3486 4879.9185 89 128 70
139.1731 258.7443 4887.3916 92 129 71
635.0260 218.8601 4134.0244 138 164 117
635.8710 218.0129 4118.0215 149 181 134
640.0001 218.2946 4123.3423 158 191 145
643.3076 218.2946 4123.3423 155 190 145
646.6151 218.2946 4123.3423 150 186 144
645.7510 216.8935 4096.8765 146 183 143
647.3752 216.3380 4086.3850 143 180 141
648.1633 215.5102 4070.7483 140 176 139
649.7711 214.9618 4060.3904 139 175 139
650.5450 214.1445 4044.9514 140 176 140
653.7896 214.1445 4044.9514 141 177 141
655.3730 213.6030 4034.7241 142 178 141
652.0151 211.4643 3994.3264 143 178 143
650.3354 209.8882 3964.5549 144 178 144
650.2843 208.8504 3944.9526 147 179 147
651.8373 208.3354 3935.2241 150 182 150
652.5799 207.5676 3920.7207 157 187 156
654.9203 207.3129 3915.9102 162 191 160
658.0614 207.3129 3915.9102 165 193 163
662.0148 207.5676 3920.7207 166 194 163
62.0000 260.0000 4986.6670 142 178 143
65.8970 259.5944 4978.8872 135 174 138
69.7819 259.1900 4971.1318 125 167 128
72.9738 256.3944 4917.5142 116 161 119
76.5644 255.2147 4894.8877 105 151 105
80.3675 254.8239 4887.3916 97 144 93
84.1590 254.4342 4879.9185 93 140 87
88.0734 254.4342 4879.9185 90 136 85
91.8473 254.0458 4872.4683 88 132 81
95.7557 254.0458 4872.4683 85 130 77
99.5122 253.6586 4865.0410 82 125 68
103.4146 253.6586 4865.0410 79 121 62
107.3171 253.6586 4865.0410 81 123 64
111.2195 253.6586 4865.0410 78 119 57
115.1220 253.6586 4865.0410 83 123 61
119.0244 253.6586 4865.0410 87 127 67
122.9268 253.6586 4865.0410 86 127 67
127.0229 254.0458 4872.4683 84 125 67
131.1315 254.4342 4879.9185 86 126 69
135.2527 254.8239 4887.3916 88 128 71
139.3865 255.2147 4894.8877 90 129 71
145.3188 258.7870 4963.4009 93 130 71
632.4902 216.9492 4160.9736 179 197 145
631.7099 215.5441 4134.0244 175 197 150
631.7526 214.4330 4112.7148 163 193 146
632.6060 213.6072 4096.8765 154 189 145
635.8922 213.6072 4096.8765 149 185 143
639.1785 213.6072 4096.8765 147 184 144
642.4648 213.6072 4096.8765 146 183 142
644.0973 213.0602 4086.3850 144 181 142
644.0765 211.9745 4065.5627 142 179 142
645.6926 211.4358 4055.2310 140 177 140
647.3004 210.8999 4044.9514 140 176 140
648.9001 210.3666 4034.7241 140 176 140
649.6726 209.5718 4019.4795 142 178 142
648.0001 208.0000 3989.3335 146 179 144
647.1553 206.7081 3964.5549 151 182 150
647.1199 205.6860 3944.9526 157 186 156
648.6807 205.1788 3935.2241 164 191 162
650.2338 204.6741 3925.5435 167 195 164
651.7792 204.1718 3915.9102 170 197 166
654.9203 204.1718 3915.9102 169 196 165
658.0614 204.1718 3915.9102 167 193 160
661.2025 204.1718 3915.9102 159 190 147
665.1597 204.4226 3920.7207 148 184 131
62.0970 256.4006 4994.4707 144 180 145
65.8970 255.6006 4978.8872 136 175 138
69.8908 255.6006 4978.8872 127 168 128
73.4264 254.0155 4948.0103 118 163 121
76.6820 251.6744 4902.4067 108 153 107
80.3675 250.9035 4887.3916 100 147 95
84.2879 250.9035 4887.3916 94 141 87
88.0734 250.5199 4879.9185 91 137 87
91.9878 250.5199 4879.9185 88 134 82
95.7557 250.1374 4872.4683 86 131 78
99.6641 250.1374 4872.4683 84 128 74
103.4146 249.7561 4865.0410 83 128 72
107.3171 249.7561 4865.0410 84 127 71
111.2195 249.7561 4865.0410 83 125 68
115.1220 249.7561 4865.0410 84 125 68
119.2061 250.1374 4872.4683 86 126 68
123.1145 250.1374 4872.4683 88 127 67
127.2171 250.5199 4879.9185 84 125 66
131.3323 250.9035 4887.3916 85 126 69
135.4601 251.2884 4894.8877 88 127 70
139.8154 252.0616 4909.9487 89 128 71
144.4204 253.2303 4932.7153 92 130 72
149.5327 255.2025 4971.1318 95 132 72
153.5202 255.2025 4971.1318 108 138 77
157.5078 255.2025 4971.1318 148 163 91
161.4953 255.2025 4971.1318 186 188 97
629.1526 213.6115 4160.9736 164 196 139
631.6667 213.3333 4155.5557 161 194 141
631.7099 212.2280 4134.0244 155 190 143
629.3196 210.3209 4096.8765 150 186 142
630.9860 209.7823 4086.3850 147 184 142
632.6437 209.2465 4075.9473 145 183 142
637.5416 209.7823 4086.3850 145 182 143
639.1827 209.2465 4075.9473 144 181 142
640.0001 208.4479 4060.3904 144 180 141
641.6244 207.9188 4050.0847 142 179 141
644.0558 207.6553 4044.9514 142 179 142
645.6638 207.1302 4034.7241 142 178 141
644.0151 205.5709 4004.3499 145 179 144
644.8000 204.8000 3989.3335 150 183 149
644.7762 203.7811 3969.4861 160 189 157
645.5515 203.0236 3954.7295 169 195 166
646.3210 202.2716 3940.0825 172 197 167
648.6807 202.0222 3935.2241 172 196 165
650.2338 201.5252 3925.5435 169 195 163
651.7792 201.0307 3915.9102 164 194 159
654.9203 201.0307 3915.9102 159 190 150
658.0614 201.0307 3915.9102 148 182 132
661.2025 201.0307 3915.9102 134 172 115
665.1597 201.2776 3920.7207 125 165 103
62.0970 252.3944 4994.4707 147 182 147
66.0000 252.0000 4986.6670 138 176 141
69.8908 251.6069 4978.8872 129 170 131
73.6547 250.8243 4963.4009 122 164 123
76.6820 247.7420 4902.4067 111 157 111
80.4908 247.3620 4894.8877 103 149 98
84.2879 246.9832 4887.3916 96 143 91
88.2083 246.9832 4887.3916 92 138 89
92.1286 246.9832 4887.3916 89 135 83
96.0490 246.9832 4887.3916 87 133 78
99.8165 246.6055 4879.9185 86 131 77
103.7309 246.6055 4879.9185 86 129 76
107.6453 246.6055 4879.9185 85 128 75
111.5596 246.6055 4879.9185 85 128 73
115.4740 246.6055 4879.9185 84 126 70
119.3884 246.6055 4879.9185 86 126 68
123.3028 246.6055 4879.9185 90 128 67
127.2171 246.6055 4879.9185 85 125 65
131.3323 246.9832 4887.3916 84 125 67
135.4601 247.3620 4894.8877 87 127 69
139.8154 248.1231 4909.9487 89 128 70
144.4204 249.2736 4932.7153 91 129 72
149.3002 250.8243 4963.4009 96 131 74
153.5202 251.2150 4971.1318 100 135 75
157.5078 251.2150 4971.1318 111 142 76
161.4953 251.2150 4971.1318 130 153 81
166.0000 252.0000 4986.6670 117 135 80
629.0383 212.4901 4204.8311 168 198 149
627.4510 210.8235 4171.8521 154 190 140
629.1526 210.2738 4160.9736 148 185 138
630.8453 209.7269 4150.1519 148 185 141
630.8926 208.6417 4128.6763 148 185 143
628.5129 206.7692 4091.6240 147 183 140
628.5715 205.7143 4070.7483 146 183 140
631.8368 205.7143 4070.7483 146 183 140
635.1021 205.7143 4070.7483 145 182 141
636.7430 205.1909 4060.3904 145 181 141
636.7595 204.1519 4039.8313 146 180 141
639.1909 203.8938 4034.7241 148 181 144
640.0001 203.1234 4019.4795 151 183 146
639.1990 201.8523 3994.3264 153 184 149
640.0001 201.0973 3979.3850 160 189 156
641.5921 200.5970 3969.4861 169 196 165
642.3792 199.8513 3954.7295 173 198 168
644.7525 199.6040 3949.8352 171 196 165
645.5240 198.8656 3935.2241 168 194 160
647.8818 198.6207 3930.3777 166 194 158
650.2338 198.3764 3925.5435 160 191 150
651.7792 197.8896 3915.9102 147 183 131
654.9203 197.8896 3915.9102 134 174 114
657.2549 197.6471 3911.1113 133 169 108
660.3922 197.6471 3911.1113 124 157 98
664.3436 197.8896 3915.9102 109 145 85
66.0000 248.0000 4986.6670 140 177 143
70.0000 248.0000 4986.6670 130 171 133
73.8846 247.6131 4978.8872 123 165 125
76.8000 244.1846 4909.9487 113 159 115
80.4908 243.4356 4894.8877 104 151 101
84.4172 243.4356 4894.8877 96 144 92
88.3436 243.4356 4894.8877 92 140 89
92.2699 243.4356 4894.8877 90 136 85
96.1963 243.4356 4894.8877 88 134 82
99.9694 243.0628 4887.3916 86 131 77
103.8897 243.0628 4887.3916 86 129 76
107.6453 242.6911 4879.9185 86 129 76
111.5596 242.6911 4879.9185 86 129 74
115.4740 242.6911 4879.9185 86 127 72
119.3884 242.6911 4879.9185 86 126 70
123.3028 242.6911 4879.9185 89 128 69
127.2171 242.6911 4879.9185 87 127 67
131.3323 243.0628 4887.3916 85 125 68
135.4601 243.4356 4894.8877 86 126 69
139.8154 244.1846 4909.9487 88 128 70
144.4204 245.3169 4932.7153 91 130 71
149.3002 246.8429 4963.4009 95 132 72
153.5202 247.2274 4971.1318 98 134 74
157.5078 247.2274 4971.1318 105 138 76
162.0000 248.0000 4986.6670 120 148 89
166.0000 248.0000 4986.6670 145 166 115
614.8691 207.7487 4177.3125 143 174 131
619.0302 208.0210 4182.7871 161 192 145
623.2021 208.2940 4188.2764 161 194 146
625.7405 208.0210 4182.7871 153 190 142
626.6319 207.2063 4166.4058 149 186 140
628.3334 206.6667 4155.5557 147 184 139
630.0261 206.1299 4144.7622 147 184 140
630.8926 205.3299 4128.6763 147 184 140
628.5129 203.4872 4091.6240 147 184 140
626.9720 201.9339 4060.3904 147 182 140
628.6295 201.4213 4050.0847 148 183 142
631.8782 201.4213 4050.0847 148 184 143
633.5190 200.9114 4039.8313 149 183 144
635.1516 200.4040 4029.6296 153 185 148
635.9749 199.6478 4014.4236 159 189 154
635.2000 198.4000 3989.3335 166 194 161
636.0150 197.6588 3974.4294 171 197 166
636.0347 196.6791 3954.7295 173 198 168
639.2070 196.6791 3954.7295 171 198 165
641.5842 196.4357 3949.8352 169 195 160
643.1606 195.9506 3940.0825 170 195 156
645.5240 195.7090 3935.2241 167 195 151
647.8818 195.4680 3930.3777 151 185 133
650.2338 195.2276 3925.5435 131 171 110
651.7792 194.7485 3915.9102 123 162 100
654.1177 194.5098 3911.1113 121 157 96
657.2549 194.5098 3911.1113 116 152 93
659.5839 194.2717 3906.3240 98 134 76
663.5295 194.5098 3911.1113 88 125 65
70.0000 244.0000 4986.6670 132 173 135
73.8846 243.6194 4978.8872 122 166 127
77.1561 241.3601 4932.7153 115 160 117
80.6144 239.8771 4902.4067 105 151 103
84.4172 239.5092 4894.8877 97 145 93
88.3436 239.5092 4894.8877 93 142 90
92.2699 239.5092 4894.8877 91 138 88
96.1963 239.5092 4894.8877 89 135 85
100.1227 239.5092 4894.8877 88 133 80
103.8897 239.1424 4887.3916 87 130 77
107.8101 239.1424 4887.3916 86 129 76
111.5596 238.7768 4879.9185 87 129 76
115.4740 238.7768 4879.9185 86 128 73
119.3884 238.7768 4879.9185 85 126 70
123.3028 238.7768 4879.9185 87 128 69
127.2171 238.7768 4879.9185 88 128 68
131.3323 239.1424 4887.3916 86 125 67
135.4601 239.5092 4894.8877 86 125 69
139.8154 240.2462 4909.9487 88 127 71
144.4204 241.3601 4932.7153 90 128 71
149.5327 243.2399 4971.1318 92 131 74
153.7598 243.6194 4978.8872 96 134 74
158.0000 244.0000 4986.6670 102 136 75
162.0000 244.0000 4986.6670 124 152 96
611.5183 204.3979 4177.3125 165 190 147
614.0654 204.1307 4171.8521 158 192 147
617.4118 204.1307 4171.8521 154 190 145
620.7582 204.1307 4171.8521 150 188 141
623.2899 203.8642 4166.4058 147 185 139
625.0001 203.3333 4155.5557 146 182 138
626.7014 202.8052 4144.7622 146 182 138
627.5809 202.0181 4128.6763 145 182 138
629.2645 201.4968 4118.0215 147 183 140
625.3062 199.1837 4070.7483 148 183 140
625.3807 198.1726 4050.0847 150 183 142
627.0380 197.6709 4039.8313 151 184 143
627.1033 196.6751 4019.4795 154 185 147
630.3275 196.6751 4019.4795 161 190 155
632.7548 196.4277 4014.4236 169 196 163
632.0001 195.2000 3989.3335 173 199 168
632.8270 194.4708 3974.4294 172 198 167
632.8625 193.5068 3954.7295 170 195 162
636.0347 193.5068 3954.7295 171 192 146
638.4159 193.2673 3949.8352 180 203 146
641.5842 193.2673 3949.8352 183 206 146
643.1606 192.7901 3940.0825 176 202 141
645.5240 192.5524 3935.2241 145 180 119
647.8818 192.3153 3930.3777 121 158 98
650.2338 192.0787 3925.5435 114 152 92
651.7792 191.6074 3915.9102 105 143 84
654.1177 191.3726 3911.1113 96 130 72
656.4504 191.1383 3906.3240 88 123 64
658.7776 190.9047 3901.5486 86 119 59
662.7173 191.1383 3906.3240 87 117 58
74.0000 240.0000 4986.6670 126 168 129
77.6361 238.8803 4963.4009 115 161 118
80.8629 236.6718 4917.5142 105 154 106
84.5469 235.9447 4902.4067 98 147 96
88.4793 235.9447 4902.4067 95 142 92
92.4117 235.9447 4902.4067 92 139 90
96.3441 235.9447 4902.4067 90 137 86
100.1227 235.5828 4894.8877 88 134 82
104.0491 235.5828 4894.8877 88 131 80
107.8101 235.2221 4887.3916 86 130 77
111.7305 235.2221 4887.3916 87 130 76
115.4740 234.8624 4879.9185 86 128 74
119.3884 234.8624 4879.9185 85 126 69
123.3028 234.8624 4879.9185 86 127 68
127.2171 234.8624 4879.9185 89 128 67
131.3323 235.2221 4887.3916 86 125 65
135.4601 235.5828 4894.8877 85 125 66
139.6006 235.9447 4902.4067 86 126 70
144.4204 237.4034 4932.7153 89 127 70
149.7660 239.6256 4978.8872 92 130 72
154.0000 240.0000 4986.6670 96 133 73
158.0000 240.0000 4986.6670 101 134 73
614.0541 207.5676 4312.7930 196 211 150
617.5135 207.5676 4312.7930 192 204 148
609.9218 200.5222 4166.4058 155 188 143
612.4642 200.2608 4160.9736 151 187 143
615.8019 200.2608 4160.9736 150 187 142
619.1396 200.2608 4160.9736 148 186 139
621.6667 200.0000 4155.5557 146 184 138
623.3767 199.4805 4144.7622 146 182 138
624.2692 198.7064 4128.6763 148 182 139
625.9613 198.1935 4118.0215 148 182 138
624.4303 196.6709 4086.3850 148 184 140
622.9225 195.1716 4055.2310 151 185 143
623.7975 194.4304 4039.8313 155 186 146
623.8792 193.4509 4019.4795 162 190 154
627.1033 193.4509 4019.4795 169 196 163
629.5346 193.2076 4014.4236 173 199 167
631.1669 192.7227 4004.3499 172 198 166
632.0001 192.0000 3989.3335 167 194 163
632.8270 191.2827 3974.4294 165 193 158
632.0793 190.0990 3949.8352 174 199 155
635.2476 190.0990 3949.8352 182 203 134
638.4159 190.0990 3949.8352 170 193 105
641.5842 190.0990 3949.8352 151 181 103
643.1606 189.6297 3940.0825 127 162 97
645.5240 189.3958 3935.2241 106 146 85
647.8818 189.1626 3930.3777 97 136 77
649.4349 188.6978 3920.7207 90 129 69
650.9805 188.2353 3911.1113 86 123 63
653.3171 188.0049 3906.3240 87 118 59
655.6479 187.7751 3901.5486 85 116 55
657.1708 187.3171 3892.0327 87 117 55
661.0989 187.5458 3896.7849 93 120 60
74.1158 236.3694 4994.4707 128 169 132
78.0000 236.0000 4986.6670 118 163 122
81.2384 233.8081 4940.3511 109 156 110
84.8074 232.7273 4917.5142 101 149 100
88.6154 232.3692 4909.9487 97 143 93
92.5538 232.3692 4909.9487 94 139 90
96.3441 232.0123 4902.4067 92 137 86
100.2765 232.0123 4902.4067 90 135 82
104.2089 232.0123 4902.4067 90 133 81
107.9755 231.6565 4894.8877 89 130 78
111.7305 231.3017 4887.3916 88 130 77
115.6508 231.3017 4887.3916 87 129 74
119.3884 230.9480 4879.9185 85 126 69
123.3028 230.9480 4879.9185 84 126 66
127.4120 231.3017 4887.3916 89 129 69
131.3323 231.3017 4887.3916 86 125 66
135.4601 231.6565 4894.8877 84 125 67
139.6006 232.0123 4902.4067 85 126 68
144.4204 233.4467 4932.7153 88 127 70
150.0000 236.0000 4986.6670 90 129 70
154.2410 236.3694 4994.4707 94 131 72
609.9330 202.7383 4283.8481 168 198 142
612.5469 202.4665 4278.1055 165 195 141
620.1349 203.8327 4306.9727 161 192 142
607.3726 197.4379 4171.8521 154 188 143
608.3334 196.6667 4155.5557 151 188 142
611.6667 196.6667 4155.5557 149 186 140
615.0000 196.6667 4155.5557 148 186 139
618.3334 196.6667 4155.5557 148 185 139
619.2478 195.9014 4139.3862 148 184 138
620.9573 195.3946 4128.6763 149 184 140
622.6581 194.8903 4118.0215 149 183 139
621.1524 193.3931 4086.3850 151 184 141
619.6697 191.9187 4055.2310 154 186 145
621.3435 191.4322 4044.9514 160 190 151
623.0089 190.9482 4034.7241 170 196 161
623.8792 190.2267 4019.4795 175 200 167
627.1033 190.2267 4019.4795 174 199 168
629.5346 189.9874 4014.4236 169 195 163
631.1669 189.5107 4004.3499 164 192 155
632.0001 188.8000 3989.3335 159 190 148
632.8270 188.0947 3974.4294 161 193 140
633.6477 187.3945 3959.6362 163 194 134
636.0347 187.1623 3954.7295 138 172 106
639.2070 187.1623 3954.7295 114 150 78
642.3792 187.1623 3954.7295 102 140 70
643.1606 186.4692 3940.0825 94 134 67
645.5240 186.2392 3935.2241 89 128 64
647.8818 186.0099 3930.3777 85 122 59
648.6381 185.3252 3915.9102 83 118 54
650.9805 185.0981 3911.1113 85 116 55
652.5184 184.6455 3901.5486 87 116 55
654.8474 184.4200 3896.7849 92 120 60
657.1708 184.1951 3892.0327 100 126 67
660.2927 184.1951 3892.0327 105 133 71
78.1221 232.3631 4994.4707 122 165 125
81.7446 231.2773 4971.1318 112 157 114
85.2012 229.8452 4940.3511 103 150 102
89.0263 229.4900 4932.7153 97 144 94
92.9830 229.4900 4932.7153 94 141 91
96.9397 229.4900 4932.7153 92 138 87
100.5855 228.7827 4917.5142 91 135 84
104.3692 228.4308 4909.9487 90 133 80
108.1413 228.0799 4902.4067 88 131 78
111.9018 227.7301 4894.8877 87 130 76
115.8282 227.7301 4894.8877 87 130 75
119.5712 227.3813 4887.3916 85 127 72
123.4916 227.3813 4887.3916 84 126 67
127.4120 227.3813 4887.3916 89 130 69
131.5338 227.7301 4894.8877 86 126 67
135.4601 227.7301 4894.8877 84 126 67
139.8154 228.4308 4909.9487 85 125 67
144.4204 229.4900 4932.7153 87 126 69
150.2348 232.3631 4994.4707 89 128 70
606.4967 199.3020 4283.8481 161 194 143
606.6756 198.2377 4260.9702 153 190 138
607.6596 197.4468 4243.9717 153 189 140
609.4430 196.9231 4232.7144 154 190 143
605.6094 194.6003 4182.7871 153 189 142
605.0001 193.3333 4155.5557 152 188 142
608.3334 193.3333 4155.5557 150 186 140
610.0780 192.8312 4144.7622 150 186 139
612.6071 192.5811 4139.3862 150 186 140
615.9274 192.5811 4139.3862 151 187 140
616.8476 191.8347 4123.3423 153 186 141
616.1746 190.6033 4096.8765 155 187 143
615.5103 189.3878 4070.7483 156 188 147
616.4168 188.6658 4055.2310 160 191 152
618.0989 188.1876 4044.9514 167 195 159
619.7725 187.7118 4034.7241 174 201 167
620.6550 187.0025 4019.4795 175 202 170
623.8792 187.0025 4019.4795 170 197 163
626.3145 186.7673 4014.4236 163 194 157
628.7438 186.5327 4009.3804 159 190 148
631.1669 186.2986 4004.3499 154 187 137
632.0001 185.6000 3989.3335 140 178 120
634.4070 185.3683 3984.3530 125 167 105
636.0150 184.9066 3974.4294 115 156 95
637.6149 184.4472 3964.5549 101 142 77
640.7950 184.4472 3964.5549 91 131 63
642.3792 183.9901 3954.7295 87 124 59
644.7525 183.7624 3949.8352 85 121 58
645.5240 183.0826 3935.2241 84 118 56
647.0850 182.6322 3925.5435 84 117 53
648.6381 182.1841 3915.9102 87 117 55
650.1837 181.7381 3906.3240 92 119 59
651.7216 181.2943 3896.7849 101 125 67
654.8474 181.2943 3896.7849 111 134 76
657.9732 181.2943 3896.7849 116 145 76
78.1221 228.3568 4994.4707 124 168 127
82.0000 228.0000 4986.6670 114 159 116
85.7321 227.2897 4971.1318 105 151 104
89.5801 226.9362 4963.4009 98 146 95
93.5614 226.9362 4963.4009 96 143 93
97.3913 226.5839 4955.6938 93 140 89
101.2093 226.2326 4948.0103 93 137 85
105.0155 225.8824 4940.3511 91 135 82
108.8099 225.5332 4932.7153 87 132 79
112.2462 224.4923 4909.9487 85 130 77
116.1846 224.4923 4909.9487 87 130 77
119.9386 224.1475 4902.4067 86 128 73
123.8710 224.1475 4902.4067 84 127 68
127.8034 224.1475 4902.4067 88 129 68
131.9385 224.4923 4909.9487 87 126 67
135.8769 224.4923 4909.9487 84 125 66
140.4637 225.5332 4932.7153 85 124 66
145.5452 227.2897 4971.1318 86 125 67
606.4967 195.8658 4283.8481 153 190 141
604.2554 194.0426 4243.9717 151 188 141
604.4445 193.0159 4221.5171 154 188 143
607.0278 192.7609 4215.9404 154 188 143
604.8168 190.9948 4177.3125 152 187 142
605.0001 190.0000 4155.5557 153 187 142
605.9663 189.2607 4139.3862 153 187 141
607.7103 188.7710 4128.6763 154 188 141
609.4451 188.2839 4118.0215 155 188 144
611.9588 188.0412 4112.7148 155 189 145
608.9796 186.1225 4070.7483 160 191 150
608.3651 184.9430 4044.9514 166 194 155
608.5247 184.0101 4024.5483 170 198 159
610.9824 183.7784 4019.4795 172 199 162
614.2065 183.7784 4019.4795 176 202 168
616.6541 183.5472 4014.4236 176 201 167
619.0955 183.3166 4009.3804 168 196 160
622.3116 183.3166 4009.3804 162 193 151
625.5277 183.3166 4009.3804 154 190 136
627.9549 183.0866 4004.3499 140 181 120
630.3760 182.8571 3999.3318 123 165 105
632.0001 182.4000 3989.3335 111 154 95
634.4070 182.1723 3984.3530 98 141 83
636.8080 181.9452 3979.3850 89 130 68
639.2031 181.7186 3974.4294 85 125 60
642.3911 181.7186 3974.4294 83 120 56
643.9752 181.2671 3964.5549 83 118 53
645.5515 180.8179 3954.7295 85 116 52
646.3210 180.1482 3940.0825 86 116 53
647.8818 179.7044 3930.3777 92 120 58
648.6381 179.0430 3915.9102 101 126 67
649.3888 178.3863 3901.5486 116 136 82
651.7216 178.1685 3896.7849 124 145 89
654.8474 178.1685 3896.7849 122 150 84
86.0000 224.0000 4986.6670 107 153 106
90.0000 224.0000 4986.6670 101 148 97
94.0000 224.0000 4986.6670 97 144 94
98.0000 224.0000 4986.6670 93 141 90
101.8409 223.6506 4978.8872 92 138 86
105.6698 223.3022 4971.1318 91 135 82
109.3168 222.6087 4955.6938 88 132 79
112.9412 221.9195 4940.3511 86 130 77
116.9040 221.9195 4940.3511 88 131 77
120.6801 221.5765 4932.7153 86 128 75
124.6368 221.5765 4932.7153 84 126 70
128.5935 221.5765 4932.7153 87 127 68
132.7554 221.9195 4940.3511 88 127 68
136.9302 222.2636 4948.0103 84 124 66
141.5576 223.3022 4971.1318 84 124 67
146.0000 224.0000 4986.6670 84 125 68
600.8511 190.6383 4243.9717 151 188 141
601.0583 189.6297 4221.5171 153 188 143
603.6461 189.3791 4215.9404 153 188 143
601.4660 187.6440 4177.3125 153 188 142
601.6667 186.6667 4155.5557 154 188 143
602.6460 185.9404 4139.3862 155 188 145
602.8387 184.9807 4118.0215 157 189 146
606.1420 184.9807 4118.0215 159 191 147
605.5385 183.7949 4091.6240 164 193 152
605.7143 182.8571 4070.7483 167 197 156
605.1204 181.6984 4044.9514 171 200 159
605.2964 180.7819 4024.5483 172 199 162
606.2312 180.1005 4009.3804 174 200 162
609.4473 180.1005 4009.3804 176 201 163
612.6633 180.1005 4009.3804 175 201 163
615.1067 179.8745 4004.3499 172 200 155
618.3188 179.8745 4004.3499 163 195 142
621.5308 179.8745 4004.3499 145 184 122
624.7429 179.8745 4004.3499 124 166 105
627.1680 179.6491 3999.3318 110 153 95
629.5870 179.4243 3994.3264 100 141 83
632.0001 179.2000 3989.3335 90 131 71
635.2000 179.2000 3989.3335 84 124 63
637.6030 178.9763 3984.3530 82 118 56
640.0001 178.7531 3979.3850 82 116 53
643.1921 178.7531 3979.3850 83 115 51
645.5791 178.5305 3974.4294 85 114 51
647.1553 178.0870 3964.5549 89 117 53
648.7237 177.6456 3954.7295 99 125 63
648.6807 176.7694 3935.2241 113 136 83
648.6381 175.9019 3915.9102 134 153 107
649.3888 175.2567 3901.5486 141 160 109
652.5184 175.2567 3901.5486 136 162 95
86.1346 220.3443 4994.4707 109 155 108
90.1409 220.3443 4994.4707 102 149 99
94.1471 220.3443 4994.4707 99 145 96
98.0000 220.0000 4986.6670 95 141 91
102.0000 220.0000 4986.6670 92 138 87
105.8346 219.6568 4978.8872 91 135 84
109.6573 219.3147 4971.1318 90 132 80
113.2919 218.6336 4955.6938 87 130 77
117.0853 218.2946 4948.0103 87 131 76
121.0543 218.2946 4948.0103 86 129 75
125.0233 218.2946 4948.0103 85 126 70
128.9922 218.2946 4948.0103 86 126 67
132.9612 218.2946 4948.0103 89 128 68
137.5701 219.3147 4971.1318 85 124 65
142.0000 220.0000 4986.6670 84 124 66
592.1887 184.5347 4182.7871 154 188 142
595.5439 184.5347 4182.7871 155 188 143
597.3334 184.0523 4171.8521 155 190 145
598.3334 183.3333 4155.5557 156 190 145
598.5493 182.3834 4134.0244 158 190 146
599.5355 181.6774 4118.0215 160 190 149
602.8387 181.6774 4118.0215 165 194 155
602.2564 180.5128 4091.6240 170 197 161
602.4490 179.5918 4070.7483 173 199 162
602.6396 178.6802 4050.0847 174 200 163
603.5905 178.0025 4034.7241 174 200 163
603.0151 176.8844 4009.3804 175 198 158
605.4706 176.6625 4004.3499 176 198 146
608.6826 176.6625 4004.3499 181 205 147
611.8947 176.6625 4004.3499 180 205 143
615.1067 176.6625 4004.3499 162 193 128
617.5439 176.4411 3999.3318 133 171 106
621.5308 176.6625 4004.3499 112 154 92
623.9600 176.4411 3999.3318 101 142 82
627.1680 176.4411 3999.3318 91 132 72
629.5870 176.2203 3994.3264 87 126 65
632.0001 176.0000 3989.3335 85 121 61
635.2000 176.0000 3989.3335 83 117 57
638.4001 176.0000 3989.3335 84 115 54
641.6000 176.0000 3989.3335 86 115 56
644.8000 176.0000 3989.3335 90 119 57
647.1910 175.7803 3984.3530 99 125 66
648.7672 175.3425 3974.4294 113 136 83
650.3354 174.9068 3964.5549 129 150 106
648.6807 173.6128 3935.2241 134 149 105
651.8373 173.6128 3935.2241 153 167 108
651.7792 172.7608 3915.9102 154 177 104
102.0000 216.0000 4986.6670 92 139 88
106.0000 216.0000 4986.6670 91 137 85
109.8284 215.6630 4978.8872 89 134 81
113.4681 214.9922 4963.4009 87 131 78
117.2671 214.6584 4955.6938 86 130 76
121.0543 214.3256 4948.0103 86 130 76
125.0233 214.3256 4948.0103 85 127 71
128.9922 214.3256 4948.0103 84 126 66
133.1677 214.6584 4955.6938 88 128 68
137.5701 215.3271 4971.1318 85 124 65
142.0000 216.0000 4986.6670 84 123 65
146.2285 216.3380 4994.4707 85 123 64
580.1559 179.5325 4144.7622 154 188 142
584.2393 179.7659 4150.1519 154 189 142
587.5683 179.7659 4150.1519 156 188 144
590.8973 179.7659 4150.1519 159 191 146
592.6849 179.2996 4139.3862 159 192 147
595.2332 179.0674 4134.0244 160 192 150
597.7750 178.8357 4128.6763 166 195 153
599.5355 178.3742 4118.0215 171 198 160
602.0619 178.1443 4112.7148 173 199 162
601.4853 177.0039 4086.3850 173 199 161
601.6816 176.1019 4065.5627 173 199 161
601.8758 175.2091 4044.9514 172 199 161
602.0681 174.3254 4024.5483 173 199 157
603.0151 173.6684 4009.3804 180 204 149
605.4706 173.4505 4004.3499 174 196 110
608.6826 173.4505 4004.3499 161 186 95
611.8947 173.4505 4004.3499 136 167 85
615.1067 173.4505 4004.3499 114 153 84
617.5439 173.2331 3999.3318 102 143 82
621.5308 173.4505 4004.3499 93 133 73
623.9600 173.2331 3999.3318 89 125 64
627.1680 173.2331 3999.3318 87 124 61
629.5870 173.0163 3994.3264 87 123 61
632.7910 173.0163 3994.3264 88 120 60
635.2000 172.8000 3989.3335 88 119 60
638.4001 172.8000 3989.3335 94 122 62
641.6000 172.8000 3989.3335 101 126 68
644.8000 172.8000 3989.3335 113 136 80
648.0001 172.8000 3989.3335 128 151 104
651.2001 172.8000 3989.3335 136 159 121
652.7681 172.3691 3979.3850 143 163 122
655.1432 172.1544 3974.4294 159 175 114
102.1596 212.3318 4994.4707 93 140 89
106.0000 212.0000 4986.6670 92 138 86
110.0000 212.0000 4986.6670 90 134 82
113.6449 211.3396 4971.1318 89 132 79
117.4495 211.0109 4963.4009 87 130 77
121.2422 210.6833 4955.6938 87 129 76
125.0233 210.3566 4948.0103 85 127 71
128.9922 210.3566 4948.0103 83 126 66
133.3748 211.0109 4963.4009 86 127 66
137.5701 211.3396 4971.1318 85 124 64
141.7785 211.6693 4978.8872 83 123 64
146.0000 212.0000 4986.6670 83 124 63
150.2348 212.3318 4994.4707 84 124 64
154.2410 212.3318 4994.4707 86 126 66
577.1577 175.2972 4123.3423 156 189 144
580.4651 175.2972 4123.3423 158 191 146
583.7727 175.2972 4123.3423 159 191 146
589.3645 175.9793 4139.3862 162 193 150
591.9172 175.7513 4134.0244 167 196 156
594.4631 175.5239 4128.6763 171 199 161
596.2323 175.0710 4118.0215 173 199 162
599.5355 175.0710 4118.0215 173 199 161
598.9744 173.9487 4091.6240 172 198 161
599.9489 173.2823 4075.9473 170 197 157
601.6816 172.8408 4065.5627 168 197 156
603.4053 172.4015 4055.2310 166 196 152
605.1204 171.9645 4044.9514 168 200 147
605.2964 171.0971 4024.5483 155 190 126
606.2312 170.4523 4009.3804 120 157 82
609.4473 170.4523 4009.3804 105 143 65
612.6633 170.4523 4009.3804 96 134 62
615.8794 170.4523 4009.3804 91 130 62
619.0955 170.4523 4009.3804 90 126 63
623.0944 170.6667 4014.4236 90 124 64
626.3145 170.6667 4014.4236 92 124 65
628.7438 170.4523 4009.3804 94 124 68
631.1669 170.2384 4004.3499 95 125 70
633.5840 170.0251 3999.3318 97 124 70
636.7921 170.0251 3999.3318 106 129 74
639.1990 169.8123 3994.3264 129 146 95
642.4031 169.8123 3994.3264 144 160 112
645.6071 169.8123 3994.3264 137 157 116
648.8111 169.8123 3994.3264 138 160 125
652.0151 169.8123 3994.3264 143 161 124
98.1534 208.3255 4994.4707 98 145 94
102.0000 208.0000 4986.6670 95 142 90
106.0000 208.0000 4986.6670 92 139 86
110.0000 208.0000 4986.6670 90 135 83
113.6449 207.3520 4971.1318 88 132 79
117.4495 207.0296 4963.4009 86 130 75
121.2422 206.7081 4955.6938 87 129 75
125.2174 206.7081 4955.6938 87 127 73
129.1926 206.7081 4955.6938 83 126 68
133.3748 207.0296 4963.4009 85 126 66
137.5701 207.3520 4971.1318 86 126 65
141.7785 207.6755 4978.8872 82 123 61
146.0000 208.0000 4986.6670 82 124 61
150.0000 208.0000 4986.6670 83 124 64
154.0000 208.0000 4986.6670 85 125 65
158.2473 208.3255 4994.4707 88 127 66
579.6547 176.7862 4238.3354 152 188 140
578.4453 175.3887 4204.8311 152 189 143
577.2549 174.0131 4171.8521 154 190 145
576.8312 172.8831 4144.7622 157 191 145
577.1577 171.9897 4123.3423 158 190 146
577.4808 171.1054 4102.1426 161 192 150
580.7713 171.1054 4102.1426 166 196 154
584.0618 171.1054 4102.1426 172 200 159
587.3522 171.1054 4102.1426 175 201 162
590.6427 171.1054 4102.1426 173 199 162
593.1708 170.8858 4096.8765 172 199 160
595.6923 170.6667 4091.6240 171 198 158
597.4425 170.2302 4081.1594 168 197 157
599.9489 170.0128 4075.9473 162 194 149
602.4490 169.7959 4070.7483 156 193 139
604.1731 169.3639 4060.3904 150 190 130
605.8884 168.9340 4050.0847 138 179 116
608.3651 168.7199 4044.9514 113 155 91
611.6096 168.7199 4044.9514 95 136 67
614.8543 168.7199 4044.9514 89 128 61
618.8833 168.9340 4050.0847 88 123 60
622.1320 168.9340 4050.0847 91 123 63
625.3807 168.9340 4050.0847 94 124 67
629.4282 169.1487 4055.2310 97 126 70
632.6811 169.1487 4055.2310 98 126 72
635.1270 168.9340 4050.0847 100 127 72
638.3757 168.9340 4050.0847 107 131 77
640.0001 168.5063 4039.8313 130 146 95
642.4274 168.2933 4034.7241 167 177 131
643.2242 167.6574 4019.4795 173 182 143
646.4484 167.6574 4019.4795 143 161 124
649.6726 167.6574 4019.4795 137 161 128
652.8968 167.6574 4019.4795 138 158 118
94.1471 204.3193 4994.4707 102 148 99
98.0000 204.0000 4986.6670 99 145 96
102.0000 204.0000 4986.6670 96 143 93
106.0000 204.0000 4986.6670 91 139 87
110.0000 204.0000 4986.6670 90 135 83
113.6449 203.3645 4971.1318 88 132 78
117.4495 203.0482 4963.4009 86 130 75
121.4308 203.0482 4963.4009 86 129 74
125.2174 202.7329 4955.6938 85 128 73
129.1926 202.7329 4955.6938 83 126 69
133.3748 203.0482 4963.4009 84 125 65
137.5701 203.3645 4971.1318 88 127 66
141.7785 203.6818 4978.8872 83 123 62
146.0000 204.0000 4986.6670 82 123 61
150.0000 204.0000 4986.6670 82 123 62
154.0000 204.0000 4986.6670 82 123 63
158.2473 204.3193 4994.4707 85 126 64
575.0725 172.0158 4204.8311 155 189 143
573.9086 170.6667 4171.8521 157 190 145
575.0001 170.0000 4155.5557 158 192 146
573.8502 168.6822 4123.3423 160 193 147
573.4532 167.5995 4096.8765 164 195 154
574.5269 166.9565 4081.1594 169 198 160
577.0626 166.7433 4075.9473 172 199 159
581.0742 166.9565 4081.1594 174 200 162
585.0961 167.1703 4086.3850 173 199 162
589.1282 167.3846 4091.6240 173 199 160
592.4103 167.3846 4091.6240 172 198 157
594.9296 167.1703 4086.3850 167 196 149
597.4425 166.9565 4081.1594 160 194 141
599.1837 166.5306 4070.7483 149 189 128
602.4490 166.5306 4070.7483 134 177 115
604.9427 166.3185 4065.5627 118 162 102
606.6582 165.8958 4055.2310 105 147 87
608.3651 165.4753 4044.9514 93 134 69
611.6096 165.4753 4044.9514 89 128 63
614.8543 165.4753 4044.9514 92 127 66
618.8833 165.6853 4050.0847 95 127 69
622.1320 165.6853 4050.0847 97 127 71
625.3807 165.6853 4050.0847 98 127 72
629.4282 165.8958 4055.2310 101 127 71
632.6811 165.8958 4055.2310 107 130 76
635.9340 165.8958 4055.2310 128 145 91
639.1868 165.8958 4055.2310 169 177 130
643.2571 166.1069 4060.3904 196 199 158
644.8731 165.6853 4050.0847 174 182 145
648.1218 165.6853 4050.0847 143 164 129
90.1409 200.3130 4994.4707 110 154 108
94.0000 200.0000 4986.6670 103 148 100
98.0000 200.0000 4986.6670 98 145 97
102.0000 200.0000 4986.6670 95 143 92
106.0000 200.0000 4986.6670 92 139 87
110.0000 200.0000 4986.6670 90 135 83
113.6449 199.3770 4971.1318 88 133 79
117.4495 199.0669 4963.4009 87 130 76
121.4308 199.0669 4963.4009 86 129 74
125.4121 199.0669 4963.4009 85 129 73
129.3935 199.0669 4963.4009 83 127 69
133.3748 199.0669 4963.4009 83 125 65
137.5701 199.3770 4971.1318 88 127 66
141.7785 199.6880 4978.8872 84 124 62
146.0000 200.0000 4986.6670 82 123 61
150.0000 200.0000 4986.6670 81 122 61
154.2410 200.3130 4994.4707 82 123 62
158.2473 200.3130 4994.4707 84 125 63
575.0725 168.6430 4204.8311 158 191 145
572.4120 166.8840 4160.9736 161 192 147
574.2523 166.4500 4150.1519 164 194 152
574.5925 165.5886 4128.6763 170 199 158
573.4532 164.3132 4096.8765 172 200 160
573.7932 163.4738 4075.9473 172 198 159
577.0626 163.4738 4075.9473 173 200 160
580.3321 163.4738 4075.9473 174 199 160
584.3478 163.6829 4081.1594 176 201 160
588.3739 163.8925 4086.3850 175 201 154
590.8951 163.6829 4081.1594 171 200 146
594.1688 163.6829 4081.1594 159 195 133
596.6794 163.4738 4075.9473 140 181 115
599.1837 163.2653 4070.7483 122 164 103
601.6816 163.0573 4065.5627 107 149 91
604.1731 162.8499 4060.3904 95 134 75
606.6582 162.6430 4055.2310 90 128 66
608.3651 162.2307 4044.9514 91 125 65
610.8354 162.0253 4039.8313 96 128 70
613.2997 161.8205 4034.7241 98 128 72
616.5361 161.8205 4034.7241 99 128 73
619.7725 161.8205 4034.7241 100 128 76
623.7975 162.0253 4039.8313 102 129 77
627.8328 162.2307 4044.9514 117 137 83
631.0773 162.2307 4044.9514 162 172 120
635.9340 162.6430 4055.2310 195 198 154
640.0001 162.8499 4060.3904 199 201 161
644.8980 163.2653 4070.7483 168 178 141
94.0000 196.0000 4986.6670 102 149 101
98.0000 196.0000 4986.6670 98 145 97
102.0000 196.0000 4986.6670 96 143 95
106.0000 196.0000 4986.6670 92 140 88
110.0000 196.0000 4986.6670 89 136 84
113.8222 195.6942 4978.8872 86 133 80
117.6324 195.3894 4971.1318 85 131 77
121.4308 195.0855 4963.4009 85 129 75
125.4121 195.0855 4963.4009 85 129 74
129.3935 195.0855 4963.4009 83 127 70
133.3748 195.0855 4963.4009 82 125 64
137.7847 195.6942 4978.8872 86 127 64
142.0000 196.0000 4986.6670 84 124 62
146.0000 196.0000 4986.6670 82 123 60
150.2348 196.3067 4994.4707 81 122 61
154.2410 196.3067 4994.4707 81 122 62
569.0743 163.5463 4160.9736 162 194 149
570.9233 163.1209 4150.1519 169 198 157
573.5066 162.9091 4144.7622 171 199 161
574.5925 162.2769 4128.6763 172 199 159
573.4532 161.0270 4096.8765 172 199 161
573.7932 160.2044 4075.9473 173 199 161
576.3265 160.0000 4070.7483 179 202 158
580.3321 160.2044 4075.9473 188 208 153
583.6016 160.2044 4075.9473 187 207 144
587.6215 160.4092 4081.1594 177 202 133
590.8951 160.4092 4081.1594 156 188 118
593.4100 160.2044 4075.9473 128 166 102
596.6794 160.2044 4075.9473 108 149 88
599.1837 160.0000 4070.7483 97 138 77
602.4490 160.0000 4070.7483 90 129 69
604.9427 159.7962 4065.5627 87 124 63
606.6582 159.3901 4055.2310 91 124 65
607.5950 158.7848 4039.8313 97 126 70
610.0632 158.5841 4034.7241 97 128 72
613.2997 158.5841 4034.7241 97 128 73
614.2065 157.9849 4019.4795 102 129 76
616.6541 157.7862 4014.4236 113 136 82
619.8743 157.7862 4014.4236 130 150 103
623.0944 157.7862 4014.4236 133 149 104
627.1033 157.9849 4019.4795 190 196 151
634.3220 158.9861 4044.9514 194 196 156
110.1721 192.3005 4994.4707 90 137 83
114.0000 192.0000 4986.6670 88 133 80
117.8159 191.7005 4978.8872 85 131 76
121.6199 191.4019 4971.1318 84 129 74
125.6075 191.4019 4971.1318 85 130 73
129.5950 191.4019 4971.1318 84 128 70
133.5826 191.4019 4971.1318 82 126 63
137.7847 191.7005 4978.8872 84 127 63
142.0000 192.0000 4986.6670 84 125 61
146.0000 192.0000 4986.6670 82 123 60
150.2348 192.3005 4994.4707 81 123 60
566.6761 173.8048 4514.0972 165 199 143
570.2971 173.8048 4514.0972 159 195 142
573.9180 173.8048 4514.0972 155 192 143
573.6171 163.4043 4243.9717 162 193 148
567.9582 160.8377 4177.3125 164 194 151
568.3334 160.0000 4155.5557 169 198 157
570.9233 159.7919 4150.1519 172 199 161
573.5066 159.5844 4144.7622 172 198 162
574.5925 158.9651 4128.6763 173 199 160
573.4532 157.7407 4096.8765 173 199 160
573.7932 156.9349 4075.9473 175 202 158
576.3265 156.7347 4070.7483 184 207 146
579.5919 156.7347 4070.7483 173 194 109
582.8572 156.7347 4070.7483 149 174 84
586.8710 156.9349 4075.9473 123 156 71
590.1405 156.9349 4075.9473 104 142 68
593.4100 156.9349 4075.9473 95 135 69
596.6794 156.9349 4075.9473 89 129 67
599.1837 156.7347 4070.7483 87 125 65
602.4490 156.7347 4070.7483 90 125 67
605.7143 156.7347 4070.7483 94 125 69
607.4301 156.3359 4060.3904 96 126 69
609.9111 156.1373 4055.2310 98 126 71
610.8354 155.5443 4039.8313 101 128 72
611.7529 154.9559 4024.5483 106 131 76
613.4340 154.5660 4014.4236 118 141 88
613.5670 153.7923 3994.3264 150 170 117
618.3188 154.1782 4004.3499 161 177 131
623.0944 154.5660 4014.4236 144 159 110
627.1033 154.7607 4019.4795 155 171 124
114.1784 188.2942 4994.4707 88 134 81
118.0000 188.0000 4986.6670 87 131 78
122.0000 188.0000 4986.6670 86 130 75
125.8034 187.7067 4978.8872 86 130 74
129.5950 187.4143 4971.1318 84 129 72
133.7910 187.7067 4978.8872 83 126 67
138.0000 188.0000 4986.6670 84 127 63
142.0000 188.0000 4986.6670 86 127 63
146.0000 188.0000 4986.6670 82 124 61
150.2348 188.2942 4994.4707 82 123 61
556.7553 168.2797 4463.5898 161 197 147
558.7727 167.8103 4451.1392 154 193 142
562.3431 167.8103 4451.1392 153 191 143
564.3394 167.3436 4438.7578 153 191 143
565.5402 166.6482 4420.3140 152 190 141
562.0794 164.5965 4365.8916 150 187 139
561.7391 163.4783 4336.2319 149 186 137
564.4504 163.2564 4330.3481 148 185 134
566.3870 162.8146 4318.6289 150 187 136
569.0811 162.5946 4312.7930 154 190 139
570.9973 162.1563 4301.1680 157 192 143
569.0788 160.6409 4260.9702 162 194 149
567.9471 159.3643 4227.1084 166 197 154
565.3473 157.6933 4182.7871 167 196 155
566.4752 157.0757 4166.4058 169 197 156
568.3334 156.6667 4155.5557 172 200 160
570.9233 156.4630 4150.1519 173 200 163
574.2523 156.4630 4150.1519 172 198 161
575.3369 155.8549 4134.0244 170 198 156
574.1903 154.6530 4102.1426 167 197 150
576.0000 154.2564 4091.6240 166 199 138
577.0626 153.6654 4075.9473 148 183 112
579.5919 153.4694 4070.7483 112 148 71
582.8572 153.4694 4070.7483 95 133 54
587.6215 153.8619 4081.1594 91 128 55
590.8951 153.8619 4081.1594 88 125 57
594.1688 153.8619 4081.1594 88 124 60
596.6794 153.6654 4075.9473 89 124 64
599.9489 153.6654 4075.9473 91 125 67
602.4490 153.4694 4070.7483 94 125 71
605.7143 153.4694 4070.7483 95 125 70
608.9796 153.4694 4070.7483 99 126 70
611.4650 153.2739 4065.5627 109 133 77
613.1640 152.8844 4055.2310 138 152 100
613.2997 152.1113 4034.7241 155 155 114
610.3630 150.5882 3994.3264 133 127 90
612.8000 150.4000 3989.3335 144 159 114
616.7710 150.5882 3994.3264 160 181 134
118.1847 184.2880 4994.4707 87 133 78
122.0000 184.0000 4986.6670 86 131 76
126.0000 184.0000 4986.6670 86 131 73
129.7972 183.7130 4978.8872 85 130 72
134.0000 184.0000 4986.6670 83 128 67
138.0000 184.0000 4986.6670 82 127 64
142.0000 184.0000 4986.6670 86 129 65
146.2285 184.2880 4994.4707 83 125 61
551.6318 164.2399 4451.1392 158 194 146
555.2023 164.2399 4451.1392 153 192 142
557.2184 163.7831 4438.7578 151 191 141
560.0001 163.5556 4432.5928 152 191 141
561.9944 163.1025 4420.3140 151 189 140
558.5773 161.0944 4365.8916 149 188 137
558.2609 160.0000 4336.2319 148 187 137
560.9769 159.7829 4330.3481 148 187 138
562.9229 159.3505 4318.6289 150 188 137
564.0970 158.7062 4301.1680 155 191 142
566.7834 158.4926 4295.3794 160 194 148
565.6609 157.2230 4260.9702 165 198 155
563.8096 155.7672 4221.5171 167 198 157
561.9921 154.3381 4182.7871 168 197 157
563.1332 153.7337 4166.4058 169 197 158
565.0001 153.3333 4155.5557 173 199 160
568.3334 153.3333 4155.5557 173 200 161
571.6667 153.3333 4155.5557 171 199 158
574.2523 153.1340 4150.1519 164 195 148
576.8312 152.9351 4144.7622 155 192 136
577.9043 152.3415 4128.6763 146 187 123
577.4808 151.3625 4102.1426 128 171 106
580.0257 151.1682 4096.8765 107 149 86
583.3120 151.1682 4096.8765 93 134 69
586.5982 151.1682 4096.8765 87 124 59
590.6427 151.3625 4102.1426 86 121 56
594.6976 151.5573 4107.4219 88 122 60
600.3101 152.1447 4123.3423 89 123 63
603.6176 152.1447 4123.3423 91 124 65
606.9251 152.1447 4123.3423 95 125 68
611.8135 152.5389 4134.0244 97 125 70
615.1296 152.5389 4134.0244 107 133 77
617.6456 152.3415 4128.6763 128 149 97
620.1551 152.1447 4123.3423 141 160 112
623.4626 152.1447 4123.3423 181 189 141
614.0759 149.0633 4039.8313 191 181 141
609.6000 147.2000 3989.3335 167 143 108
612.0350 147.0162 3984.3530 152 154 114
122.1909 180.2817 4994.4707 85 132 77
126.0000 180.0000 4986.6670 85 132 76
130.0000 180.0000 4986.6670 85 131 74
134.0000 180.0000 4986.6670 83 129 69
138.0000 180.0000 4986.6670 81 128 64
142.0000 180.0000 4986.6670 85 129 64
146.2285 180.2817 4994.4707 82 126 61
546.5369 160.2225 4438.7578 153 192 144
550.0974 160.2225 4438.7578 152 190 140
552.8889 160.0000 4432.5928 150 189 139
555.6727 159.7781 4426.4448 149 189 139
558.4488 159.5568 4420.3140 149 187 138
559.6689 158.8966 4402.0229 149 187 136
555.5375 156.7347 4342.1318 149 187 135
557.5034 156.3094 4330.3481 151 189 138
559.4587 155.8863 4318.6289 153 189 141
559.8924 155.0471 4295.3794 160 193 147
557.3370 153.3955 4249.6230 165 197 153
559.2563 152.9881 4238.3354 166 197 156
558.9446 151.9789 4210.3784 164 195 154
558.6370 150.9830 4182.7871 167 196 155
559.0613 150.1956 4160.9736 170 198 158
561.6667 150.0000 4155.5557 171 197 155
565.0001 150.0000 4155.5557 171 199 152
568.3334 150.0000 4155.5557 168 198 149
571.6667 150.0000 4155.5557 162 195 139
575.0001 150.0000 4155.5557 147 187 123
577.5814 149.8049 4150.1519 129 173 106
579.4034 149.4164 4139.3862 112 156 94
581.2161 149.0298 4128.6763 99 142 84
582.2681 148.4536 4112.7148 92 133 76
584.8134 148.2626 4107.4219 87 125 66
588.1082 148.2626 4107.4219 87 123 62
593.6951 148.8372 4123.3423 87 121 60
598.5493 149.2228 4134.0244 90 121 62
602.6460 149.4164 4139.3862 92 122 65
608.3334 150.0000 4155.5557 95 124 68
613.2637 150.3917 4166.4058 106 129 74
618.2199 150.7854 4177.3125 119 142 89
621.5707 150.7854 4177.3125 146 168 120
624.1047 150.5882 4171.8521 152 173 133
627.4510 150.5882 4171.8521 136 165 125
126.1972 176.2755 4994.4707 87 132 77
130.0000 176.0000 4986.6670 86 132 76
134.0000 176.0000 4986.6670 85 130 72
138.0000 176.0000 4986.6670 83 128 66
142.0000 176.0000 4986.6670 86 128 66
146.2285 176.2755 4994.4707 85 127 63
544.1808 159.0961 4507.7212 162 192 147
537.1746 156.0111 4420.3140 156 192 146
540.7202 156.0111 4420.3140 152 190 142
544.2659 156.0111 4420.3140 150 189 140
547.8116 156.0111 4420.3140 148 187 137
551.3574 156.0111 4420.3140 148 186 137
553.3702 155.5801 4408.1030 149 187 139
556.1379 155.3655 4402.0229 149 187 139
553.5607 153.6699 4353.9790 150 188 138
554.0298 152.8358 4330.3481 152 188 139
555.2433 152.2162 4312.7930 158 192 145
557.1968 151.8059 4301.1680 164 196 153
553.9282 149.9867 4249.6230 167 198 156
553.6509 148.9947 4221.5171 165 196 154
550.4837 147.2418 4171.8521 164 195 155
553.1071 147.0496 4166.4058 167 196 157
555.0000 146.6667 4155.5557 171 199 157
558.3334 146.6667 4155.5557 172 199 152
561.6667 146.6667 4155.5557 167 196 138
565.0001 146.6667 4155.5557 163 196 130
568.3334 146.6667 4155.5557 154 193 123
571.6667 146.6667 4155.5557 135 179 109
575.0001 146.6667 4155.5557 117 161 99
578.3334 146.6667 4155.5557 104 146 90
580.1559 146.2857 4144.7622 95 135 81
581.9690 145.9068 4134.0244 90 128 70
584.5278 145.7180 4128.6763 89 124 65
587.8397 145.7180 4128.6763 85 120 60
591.1514 145.7180 4128.6763 87 119 59
596.0052 146.0960 4139.3862 89 120 60
600.8843 146.4760 4150.1519 93 122 64
605.7888 146.8579 4160.9736 101 125 69
609.9218 147.0496 4166.4058 119 133 78
616.4829 147.8215 4188.2764 166 171 119
621.4738 148.2105 4199.2983 168 178 131
624.8421 148.2105 4199.2983 141 166 123
626.5617 147.8215 4188.2764 139 169 129
629.9213 147.8215 4188.2764 151 177 137
126.1972 172.2692 4994.4707 88 132 76
130.0000 172.0000 4986.6670 88 133 76
134.0000 172.0000 4986.6670 86 131 74
138.0000 172.0000 4986.6670 84 128 68
142.0000 172.0000 4986.6670 85 129 66
146.2285 172.2692 4994.4707 86 129 64
540.5650 155.4802 4507.7212 159 194 147
535.1111 152.8889 4432.5928 154 192 144
536.4316 152.2545 4414.2002 151 190 140
539.9724 152.2545 4414.2002 148 187 138
543.5132 152.2545 4414.2002 147 186 138
546.2983 152.0442 4408.1030 148 186 137
549.8342 152.0442 4408.1030 148 186 137
551.0867 151.4168 4389.9131 149 187 137
550.0682 150.1774 4353.9790 151 188 139
551.3044 149.5652 4336.2319 155 190 142
551.7838 148.7568 4312.7930 163 196 151
553.0014 148.1561 4295.3794 167 198 155
551.9893 146.9693 4260.9702 166 197 155
550.2646 145.6085 4221.5171 165 196 154
547.1373 143.8954 4171.8521 166 196 155
548.3334 143.3333 4155.5557 169 198 158
551.6667 143.3333 4155.5557 173 201 158
555.0000 143.3333 4155.5557 179 204 155
558.3334 143.3333 4155.5557 180 205 145
561.6667 143.3333 4155.5557 174 202 133
565.0001 143.3333 4155.5557 153 189 115
568.3334 143.3333 4155.5557 124 166 96
571.6667 143.3333 4155.5557 105 149 87
575.0001 143.3333 4155.5557 100 142 87
578.3334 143.3333 4155.5557 96 134 82
580.9103 143.1470 4150.1519 93 130 76
583.4806 142.9611 4144.7622 93 126 70
585.2850 142.5907 4134.0244 92 123 66
588.6011 142.5907 4134.0244 88 119 63
592.6849 142.7756 4139.3862 90 119 62
597.5553 143.1470 4150.1519 95 122 65
602.4512 143.5202 4160.9736 110 132 76
606.5797 143.7076 4166.4058 144 149 98
613.1234 144.4619 4188.2764 161 147 98
619.7362 145.2243 4210.3784 200 191 140
624.7620 145.6085 4221.5171 195 194 147
628.1483 145.6085 4221.5171 171 180 136
630.7002 145.4161 4215.9404 150 173 130
634.0820 145.4161 4215.9404 180 195 152
130.2034 168.2629 4994.4707 87 134 77
134.0000 168.0000 4986.6670 87 133 76
138.0000 168.0000 4986.6670 85 129 70
142.0000 168.0000 4986.6670 84 130 66
146.2285 168.2629 4994.4707 88 131 65
540.5650 151.8644 4507.7212 153 191 141
533.6288 148.9197 4420.3140 152 190 141
536.4316 148.7137 4414.2002 149 187 139
539.2265 148.5083 4408.1030 147 186 138
542.7625 148.5083 4408.1030 147 185 138
545.5449 148.3035 4402.0229 149 187 138
547.5654 147.8955 4389.9131 152 188 140
546.5757 146.6849 4353.9790 154 190 143
547.8261 146.0870 4336.2319 157 191 146
548.3243 145.2973 4312.7930 164 196 153
550.2965 144.9057 4301.1680 167 197 156
550.7775 144.1287 4278.1055 166 196 155
549.0571 142.7888 4238.3354 166 196 156
548.8127 141.8470 4210.3784 168 197 157
545.0001 140.0000 4155.5557 170 200 157
548.3334 140.0000 4155.5557 174 203 156
551.6667 140.0000 4155.5557 183 208 149
555.0000 140.0000 4155.5557 188 208 136
558.3334 140.0000 4155.5557 175 197 120
561.6667 140.0000 4155.5557 138 172 93
565.0001 140.0000 4155.5557 109 149 77
568.3334 140.0000 4155.5557 97 137 74
571.6667 140.0000 4155.5557 92 132 74
575.0001 140.0000 4155.5557 90 130 73
578.3334 140.0000 4155.5557 90 127 71
581.6667 140.0000 4155.5557 94 125 70
583.4806 139.6364 4144.7622 92 122 67
586.8052 139.6364 4144.7622 91 120 64
590.1299 139.6364 4144.7622 93 121 65
594.2263 139.8179 4150.1519 101 126 71
598.3334 140.0000 4155.5557 130 146 92
603.2377 140.3656 4166.4058 175 179 126
607.3726 140.5490 4171.8521 195 194 144
616.3589 141.8470 4210.3784 194 190 141
621.3757 142.2222 4221.5171 198 195 145
626.4191 142.5995 4232.7144 200 196 147
629.8143 142.5995 4232.7144 196 196 148
632.3709 142.4106 4227.1084 168 179 136
635.7617 142.4106 4227.1084 161 181 138
130.2034 164.2567 4994.4707 89 135 78
134.0000 164.0000 4986.6670 88 134 75
138.0000 164.0000 4986.6670 88 131 72
142.0000 164.0000 4986.6670 85 130 67
146.2285 164.2567 4994.4707 88 131 66
538.2841 147.6231 4488.7017 152 190 142
533.6288 145.3740 4420.3140 149 188 140
536.4316 145.1729 4414.2002 148 186 139
538.4828 144.7724 4402.0229 148 186 139
541.2672 144.5730 4395.9595 149 188 140
544.0441 144.3741 4389.9131 152 189 143
543.8252 143.3880 4359.9272 159 194 150
544.3478 142.6087 4336.2319 164 195 154
544.8649 141.8378 4312.7930 161 191 149
546.8464 141.4555 4301.1680 166 197 155
548.0806 140.8859 4283.8481 168 197 156
547.1106 139.7603 4249.6230 168 198 157
547.6027 139.0199 4227.1084 167 198 157
548.0897 138.2872 4204.8311 168 199 156
545.0001 136.6667 4155.5557 170 202 149
548.3334 136.6667 4155.5557 173 204 140
551.6667 136.6667 4155.5557 165 196 116
555.0000 136.6667 4155.5557 139 167 79
558.3334 136.6667 4155.5557 110 144 61
561.6667 136.6667 4155.5557 95 135 60
565.0001 136.6667 4155.5557 89 128 61
568.3334 136.6667 4155.5557 87 123 62
571.6667 136.6667 4155.5557 87 122 63
575.0001 136.6667 4155.5557 88 121 63
578.3334 136.6667 4155.5557 89 121 62
580.1559 136.3117 4144.7622 90 120 62
583.4806 136.3117 4144.7622 93 122 66
586.8052 136.3117 4144.7622 99 125 69
590.1299 136.3117 4144.7622 122 139 83
594.2263 136.4890 4150.1519 155 167 116
599.1135 136.8449 4160.9736 161 175 127
604.0262 137.2026 4171.8521 183 189 140
130.2034 160.2504 4994.4707 89 135 78
134.2097 160.2504 4994.4707 88 135 77
138.0000 160.0000 4986.6670 87 133 74
142.2222 160.2504 4994.4707 85 131 69
146.2285 160.2504 4994.4707 88 131 67
535.2728 143.2168 4463.5898 151 186 141
532.8907 141.6321 4414.2002 149 185 140
534.9518 141.2414 4402.0229 149 186 140
537.0014 140.8528 4389.9131 152 188 141
539.0398 140.4664 4377.8691 157 192 148
540.3279 139.8907 4359.9272 164 196 156
540.1357 138.9417 4330.3481 166 197 158
541.4055 138.3784 4312.7930 165 196 156
543.3962 138.0054 4301.1680 165 196 155
545.3764 137.6344 4289.6060 168 197 157
545.1536 136.7156 4260.9702 169 198 158
545.6573 135.9894 4238.3354 168 198 156
546.8784 135.4498 4221.5171 164 198 149
548.0897 134.9144 4204.8311 161 197 140
546.4230 133.6815 4166.4058 155 195 128
548.3334 133.3333 4155.5557 136 179 106
551.6667 133.3333 4155.5557 113 155 83
555.0000 133.3333 4155.5557 97 137 68
558.3334 133.3333 4155.5557 91 129 63
561.6667 133.3333 4155.5557 88 125 61
565.0001 133.3333 4155.5557 87 122 61
568.3334 133.3333 4155.5557 87 120 60
571.6667 133.3333 4155.5557 88 119 59
575.0001 133.3333 4155.5557 88 120 62
577.5814 133.1600 4150.1519 91 121 65
579.4034 132.8145 4139.3862 96 123 68
581.9690 132.6425 4134.0244 106 131 76
583.0194 132.1290 4118.0215 141 157 103
584.0618 131.6196 4102.1426 181 186 134
593.4546 132.9870 4144.7622 190 192 143
600.6798 133.8562 4171.8521 156 172 128
134.2097 156.2441 4994.4707 89 135 78
138.2160 156.2441 4994.4707 87 133 75
142.2222 156.2441 4994.4707 87 131 71
533.7797 139.2469 4451.1392 150 187 140
532.8907 138.0913 4414.2002 151 188 140
533.4801 137.3315 4389.9131 153 189 144
532.6058 136.2074 4353.9790 161 194 152
534.6395 135.8367 4342.1318 165 197 157
536.6622 135.4681 4330.3481 165 196 157
537.2200 134.7368 4306.9727 166 196 158
539.2194 134.3742 4295.3794 168 197 160
541.9355 134.1936 4289.6060 167 197 157
541.7357 133.2977 4260.9702 165 197 153
542.9788 132.7660 4243.9717 164 198 148
544.2120 132.2384 4227.1084 159 196 139
546.8784 132.0635 4221.5171 152 194 129
548.8127 131.7151 4210.3784 135 181 112
547.8535 130.6806 4177.3125 115 161 94
549.7651 130.3394 4166.4058 103 147 86
553.1071 130.3394 4166.4058 93 136 77
556.4492 130.3394 4166.4058 88 129 69
559.0613 130.1695 4160.9736 87 123 63
562.3990 130.1695 4160.9736 86 122 61
565.0001 130.0000 4155.5557 86 121 61
568.3334 130.0000 4155.5557 87 120 62
571.6667 130.0000 4155.5557 90 121 63
574.2523 129.8310 4150.1519 95 123 67
576.0831 129.4942 4139.3862 102 128 74
577.9043 129.1591 4128.6763 112 140 87
577.4808 128.3291 4102.1426 124 153 104
577.8005 127.6726 4081.1594 139 165 117
581.0742 127.6726 4081.1594 148 169 123
584.3478 127.6726 4081.1594 149 169 122
588.3739 127.8361 4086.3850 139 165 119
531.5556 135.1111 4432.5928 152 189 143
532.1547 134.3647 4408.1030 159 194 149
529.1132 132.7149 4353.9790 164 197 155
529.7150 131.9946 4330.3481 165 196 156
529.5957 131.1051 4301.1680 165 196 158
531.6130 130.7527 4289.6060 167 197 159
532.9050 130.2276 4272.3784 168 198 159
534.8998 129.8799 4260.9702 167 195 153
537.6000 129.7067 4255.2891 160 192 140
539.5745 129.3617 4243.9717 157 194 134
541.5385 129.0186 4232.7144 155 195 130
543.4921 128.6773 4221.5171 144 188 119
546.8784 128.6773 4221.5171 116 162 92
548.8127 128.3377 4210.3784 100 146 81
548.5714 127.4967 4182.7871 94 137 81
551.2042 127.3298 4177.3125 90 131 77
554.5551 127.3298 4177.3125 86 126 67
557.1765 127.1634 4171.8521 86 122 62
559.7911 126.9974 4166.4058 87 120 60
562.3990 126.8318 4160.9736 86 120 61
565.7366 126.8318 4160.9736 89 120 62
568.3334 126.6667 4155.5557 92 121 65
570.9233 126.5020 4150.1519 102 127 70
573.5066 126.3377 4144.7622 129 145 89
575.3369 126.0104 4134.0244 160 169 117
571.9847 124.5583 4086.3850 154 168 119
572.3312 123.9236 4065.5627 152 170 124
573.4011 123.4518 4050.0847 170 181 136
576.6498 123.4518 4050.0847 175 185 139
579.8985 123.4518 4050.0847 143 164 120
583.8882 123.6087 4055.2310 131 161 117
529.7175 133.7853 4507.7212 151 187 141
529.3500 131.0097 4414.2002 164 195 154
529.9588 130.2889 4389.9131 166 197 156
526.2415 128.5210 4330.3481 167 197 157
526.1456 127.6550 4301.1680 167 197 159
525.3477 126.6310 4266.6670 167 198 161
528.0641 126.4620 4260.9702 169 199 159
530.0667 126.1252 4249.6230 167 199 152
532.7660 125.9575 4243.9717 164 197 140
536.1702 125.9575 4243.9717 165 199 133
539.5745 125.9575 4243.9717 157 195 125
542.2576 125.7902 4238.3354 130 173 104
544.2120 125.4570 4227.1084 104 150 84
546.8784 125.2910 4221.5171 91 137 77
549.5377 125.1255 4215.9404 87 130 71
551.4625 124.7958 4204.8311 85 124 67
551.9266 124.1415 4182.7871 85 122 63
555.2818 124.1415 4182.7871 85 120 59
557.9058 123.9791 4177.3125 86 118 59
560.5229 123.8170 4171.8521 87 119 60
563.8693 123.8170 4171.8521 91 120 62
566.4752 123.6554 4166.4058 97 124 66
568.3334 123.3333 4155.5557 116 136 78
571.6667 123.3333 4155.5557 161 168 111
574.2523 123.1730 4150.1519 190 188 133
575.3369 122.6943 4134.0244 197 192 140
571.9847 121.2804 4086.3850 197 193 140
569.4297 120.0507 4044.9514 198 194 145
572.6743 120.0507 4044.9514 198 195 147
575.9189 120.0507 4044.9514 167 177 131
579.8985 120.2031 4050.0847 140 165 120
583.8882 120.3558 4055.2310 151 172 128
527.4825 129.6203 4488.7017 154 188 142
527.3743 128.7151 4457.3560 159 192 148
525.8092 127.4689 4414.2002 164 196 155
526.4374 126.7675 4389.9131 164 195 156
523.4783 125.2174 4336.2319 165 197 158
522.6954 124.2049 4301.1680 168 198 161
521.9252 123.2086 4266.6670 168 198 158
523.9467 122.8800 4255.2891 172 201 156
526.6578 122.7164 4249.6230 176 203 152
529.3618 122.5532 4243.9717 179 205 144
532.7660 122.5532 4243.9717 176 205 136
536.1702 122.5532 4243.9717 149 185 111
539.5745 122.5532 4243.9717 111 156 84
542.9788 122.5532 4243.9717 93 139 75
545.6573 122.3904 4238.3354 90 133 74
548.3289 122.2281 4232.7144 85 126 70
550.9934 122.0662 4227.1084 80 119 58
552.9195 121.7437 4215.9404 79 115 51
554.8353 121.4229 4204.8311 82 116 51
558.2083 121.4229 4204.8311 85 117 54
561.5811 121.4229 4204.8311 88 119 58
564.9539 121.4229 4204.8311 93 122 64
566.0892 120.9449 4188.2764 105 130 73
567.9582 120.6283 4177.3125 122 144 89
571.3089 120.6283 4177.3125 126 143 91
587.7376 123.3735 4272.3784 176 181 125
520.8889 124.4445 4432.5928 162 192 151
515.8470 122.4044 4359.9272 164 195 154
517.2245 121.9048 4342.1318 165 196 157
520.0001 121.7391 4336.2319 167 197 161
521.3532 121.2449 4318.6289 169 198 161
521.2903 120.4301 4289.6060 168 197 157
520.5334 119.4667 4255.2891 169 200 151
523.2490 119.3076 4249.6230 178 204 144
525.9575 119.1489 4243.9717 181 200 130
529.3618 119.1489 4243.9717 162 184 107
532.7660 119.1489 4243.9717 123 156 78
536.1702 119.1489 4243.9717 96 137 64
539.5745 119.1489 4243.9717 86 130 63
542.9788 119.1489 4243.9717 84 125 63
546.3830 119.1489 4243.9717 84 122 62
549.0571 118.9907 4238.3354 83 119 61
551.7241 118.8329 4232.7144 82 116 56
554.3842 118.6755 4227.1084 82 115 53
557.0371 118.5185 4221.5171 85 117 55
560.4233 118.5185 4221.5171 92 120 61
563.8096 118.5185 4221.5171 107 130 72
568.7003 118.8329 4232.7144 132 146 94
571.3378 118.6755 4227.1084 133 149 99
574.7285 118.6755 4227.1084 150 170 118
512.3497 118.9071 4359.9272 165 195 158
513.7415 118.4218 4342.1318 167 196 160
516.5217 118.2609 4336.2319 168 197 162
517.8890 117.7808 4318.6289 165 197 158
519.9460 117.4629 4306.9727 162 196 149
521.2903 116.9893 4289.6060 161 197 139
520.5334 116.0533 4255.2891 165 201 135
523.2490 115.8988 4249.6230 151 184 113
525.9575 115.7447 4243.9717 119 153 77
529.3618 115.7447 4243.9717 96 133 57
532.7660 115.7447 4243.9717 88 128 58
536.1702 115.7447 4243.9717 84 124 59
539.5745 115.7447 4243.9717 82 121 59
542.9788 115.7447 4243.9717 82 119 58
546.3830 115.7447 4243.9717 85 120 58
549.7873 115.7447 4243.9717 86 119 59
552.4568 115.5910 4238.3354 85 118 57
554.3842 115.2848 4227.1084 89 119 59
557.0371 115.1323 4221.5171 99 126 66
560.4233 115.1323 4221.5171 128 146 91
566.0558 115.5910 4238.3354 169 174 125
570.2128 115.7447 4243.9717 171 173 128
573.6171 115.7447 4243.9717 163 168 122
599.3370 120.2210 4408.1030 136 148 101
509.5486 115.5677 4365.8916 167 196 159
510.2585 114.9388 4342.1318 168 197 161
513.0435 114.7826 4336.2319 166 196 157
515.8209 114.6269 4330.3481 162 196 151
517.8890 114.3167 4318.6289 158 195 140
519.9460 114.0081 4306.9727 154 193 127
521.9920 113.7012 4295.3794 146 188 115
521.2283 112.7904 4260.9702 126 170 96
523.9467 112.6400 4255.2891 102 147 80
526.6578 112.4900 4249.6230 90 134 69
530.0667 112.4900 4249.6230 85 126 63
533.4754 112.4900 4249.6230 83 123 61
536.8842 112.4900 4249.6230 83 121 58
540.2930 112.4900 4249.6230 84 120 57
542.9788 112.3404 4243.9717 85 120 58
546.3830 112.3404 4243.9717 86 119 57
549.0571 112.1912 4238.3354 87 117 55
550.9934 111.8941 4227.1084 93 122 59
553.6509 111.7460 4221.5171 105 131 72
557.0371 111.7460 4221.5171 126 149 93
560.4233 111.7460 4221.5171 161 173 120
566.8085 112.3404 4243.9717 180 183 135
572.4967 112.7904 4260.9702 164 165 123
598.2802 117.1706 4426.4448 188 182 135
600.1660 116.8465 4414.2002 149 131 93
506.7756 111.4558 4342.1318 169 197 159
509.5652 111.3044 4336.2319 164 196 154
513.0435 111.3044 4336.2319 159 195 143
515.1219 111.0027 4324.4805 155 195 133
517.8890 110.8525 4318.6289 149 192 123
519.9460 110.5533 4306.9727 129 175 101
521.9920 110.2557 4295.3794 103 151 83
522.6238 109.6653 4272.3784 92 138 76
524.6462 109.3725 4260.9702 86 129 72
528.0641 109.3725 4260.9702 83 125 67
530.7734 109.2267 4255.2891 82 122 62
534.1867 109.2267 4255.2891 83 121 60
537.6000 109.2267 4255.2891 85 119 58
541.0134 109.2267 4255.2891 87 120 59
542.9788 108.9362 4243.9717 87 119 56
545.6573 108.7915 4238.3354 86 116 51
546.8784 108.3598 4221.5171 93 122 55
548.8127 108.0739 4210.3784 127 146 86
548.5714 107.3657 4182.7871 145 162 109
548.3334 106.6667 4155.5557 149 166 113
556.0105 107.5066 4188.2764 175 182 129
569.0788 109.3725 4260.9702 193 191 139
600.1660 113.3057 4414.2002 159 117 81
603.7068 113.3057 4414.2002 158 118 81
503.2926 107.9728 4342.1318 164 196 150
506.0870 107.8261 4336.2319 164 197 145
509.5652 107.8261 4336.2319 160 196 136
512.3474 107.6798 4330.3481 156 195 126
515.1219 107.5339 4324.4805 138 183 109
518.5908 107.5339 4324.4805 112 161 91
520.6487 107.2432 4312.7930 96 143 79
522.6954 106.9542 4301.1680 88 134 75
523.3244 106.3807 4278.1055 83 126 70
526.0508 106.2383 4272.3784 82 121 65
528.7701 106.0963 4266.6670 82 120 60
532.1926 106.0963 4266.6670 85 120 59
535.6151 106.0963 4266.6670 87 120 60
537.6000 105.8133 4255.2891 87 120 61
541.0134 105.8133 4255.2891 91 120 61
542.9788 105.5319 4243.9717 93 119 58
544.2120 105.1126 4227.1084 120 140 80
545.4354 104.6966 4210.3784 149 161 106
545.9318 104.1470 4188.2764 166 174 120
545.0001 103.3333 4155.5557 190 189 135
547.6204 103.1990 4150.1519 191 188 135
550.9493 103.1990 4150.1519 184 171 123
495.6522 104.3478 4336.2319 169 198 155
498.4532 104.2062 4330.3481 168 198 146
502.6087 104.3478 4336.2319 171 204 142
506.0870 104.3478 4336.2319 173 206 140
508.8738 104.2062 4330.3481 155 193 124
512.3474 104.2062 4330.3481 122 167 96
515.8209 104.2062 4330.3481 100 149 81
518.5908 104.0650 4324.4805 90 136 76
522.0596 104.0650 4324.4805 85 129 72
524.1082 103.7838 4312.7930 82 124 66
526.1456 103.5040 4301.1680 80 120 63
526.7560 102.9491 4278.1055 81 119 59
530.1877 102.9491 4278.1055 83 118 59
532.9050 102.8112 4272.3784 86 120 62
536.3320 102.8112 4272.3784 90 122 65
539.0375 102.6738 4266.6670 95 125 68
541.0134 102.4000 4255.2891 117 137 83
542.9788 102.1277 4243.9717 128 149 98
544.2120 101.7219 4227.1084 139 160 107
545.4354 101.3193 4210.3784 174 183 132
545.9318 100.7874 4188.2764 158 168 116
545.0001 100.0000 4155.5557 178 183 130
547.6204 99.8700 4150.1519 182 168 121
549.5201 99.6109 4139.3862 158 115 78
496.3636 105.4546 4533.3335 168 197 160
499.2908 105.3050 4526.9033 171 198 163
500.0847 104.7109 4501.3638 170 198 165
499.4686 103.8322 4463.5898 168 198 163
493.3882 101.8381 4377.8691 166 197 157
492.1739 100.8696 4336.2319 168 199 153
494.9797 100.7327 4330.3481 179 206 148
498.4532 100.7327 4330.3481 188 211 146
501.9267 100.7327 4330.3481 178 204 136
505.4002 100.7327 4330.3481 144 179 109
508.8738 100.7327 4330.3481 108 153 86
512.3474 100.7327 4330.3481 93 140 76
515.8209 100.7327 4330.3481 85 132 71
519.2944 100.7327 4330.3481 81 124 67
522.7679 100.7327 4330.3481 80 120 63
525.5285 100.5962 4324.4805 80 118 59
527.5676 100.3243 4312.7930 83 118 60
530.3104 100.1889 4306.9727 84 119 60
531.6130 99.7850 4289.6060 88 121 63
533.6193 99.5174 4278.1055 94 124 68
536.3320 99.3842 4272.3784 101 128 73
539.0375 99.2514 4266.6670 112 140 86
541.0134 98.9867 4255.2891 138 161 110
542.9788 98.7234 4243.9717 142 164 117
544.9337 98.4615 4232.7144 134 159 110
546.8784 98.2011 4221.5171 152 171 120
548.8127 97.9420 4210.3784 161 174 124
552.1900 97.9420 4210.3784 148 160 113
548.3334 96.6667 4155.5557 146 124 84
549.5201 96.2905 4139.3862 157 104 69
549.2784 95.6701 4112.7148 163 111 74
492.7273 101.8182 4533.3335 171 198 164
494.2574 101.3861 4514.0972 172 199 166
495.7747 100.9577 4495.0234 171 198 165
495.1956 100.1117 4457.3560 167 197 160
489.8766 98.3265 4377.8691 162 196 151
490.0273 97.6567 4348.0474 163 198 144
492.1739 97.3913 4336.2319 176 207 143
494.9797 97.2592 4330.3481 176 198 123
498.4532 97.2592 4330.3481 151 176 96
501.9267 97.2592 4330.3481 113 148 72
505.4002 97.2592 4330.3481 93 136 64
508.8738 97.2592 4330.3481 85 129 65
512.3474 97.2592 4330.3481 82 125 64
516.5217 97.3913 4336.2319 81 121 61
520.0001 97.3913 4336.2319 82 119 59
523.4783 97.3913 4336.2319 83 117 59
526.9565 97.3913 4336.2319 84 118 61
528.9973 97.1274 4324.4805 87 120 62
531.0271 96.8649 4312.7930 92 123 67
533.7652 96.7341 4306.9727 106 130 75
535.0538 96.3441 4289.6060 125 146 94
536.3320 95.9572 4272.3784 121 149 100
539.0375 95.8289 4266.6670 126 152 105
540.2930 95.4461 4249.6230 157 172 122
542.9788 95.3192 4243.9717 166 176 129
544.9337 95.0663 4232.7144 137 158 112
548.3289 95.0663 4232.7144 141 163 112
489.9435 97.6271 4507.7212 172 199 166
492.1690 97.3521 4495.0234 169 199 163
492.3077 96.6713 4463.5898 163 196 154
492.4445 96.0000 4432.5928 157 194 144
489.8766 94.8148 4377.8691 156 195 135
490.0273 94.1689 4348.0474 157 198 128
492.8436 94.0408 4342.1318 145 187 114
495.6522 93.9130 4336.2319 116 156 85
499.1305 93.9130 4336.2319 95 137 67
502.6087 93.9130 4336.2319 85 129 63
506.0870 93.9130 4336.2319 81 123 59
509.5652 93.9130 4336.2319 80 121 59
513.0435 93.9130 4336.2319 80 118 59
516.5217 93.9130 4336.2319 82 117 59
520.0001 93.9130 4336.2319 83 117 58
523.4783 93.9130 4336.2319 86 118 60
526.9565 93.9130 4336.2319 90 121 64
530.4348 93.9130 4336.2319 102 127 71
533.1886 93.7856 4330.3481 132 147 91
535.2098 93.5318 4318.6289 174 179 126
537.2200 93.2794 4306.9727 169 177 127
538.4946 92.9032 4289.6060 137 158 110
539.0375 92.4064 4266.6670 155 170 119
540.2930 92.0373 4249.6230 184 187 135
542.9788 91.9149 4243.9717 149 162 114
546.3830 91.9149 4243.9717 133 155 107
488.5634 93.7465 4495.0234 166 197 158
489.4118 93.2213 4469.8413 158 195 145
489.5689 92.5730 4438.7578 152 195 132
491.0804 92.1884 4420.3140 152 195 125
490.5494 91.4286 4383.8828 140 185 110
490.6958 90.8049 4353.9790 116 165 91
493.5150 90.6812 4348.0474 99 146 81
496.3266 90.5578 4342.1318 88 133 73
499.8096 90.5578 4342.1318 82 126 65
502.6087 90.4348 4336.2319 79 120 61
506.0870 90.4348 4336.2319 80 118 57
509.5652 90.4348 4336.2319 81 117 57
513.0435 90.4348 4336.2319 81 116 58
516.5217 90.4348 4336.2319 84 117 60
520.0001 90.4348 4336.2319 87 120 63
523.4783 90.4348 4336.2319 96 124 68
526.9565 90.4348 4336.2319 113 132 80
530.4348 90.4348 4336.2319 145 153 103
533.9131 90.4348 4336.2319 190 189 137
536.6622 90.3121 4330.3481 198 193 141
538.6740 90.0677 4318.6289 191 189 136
82.1283 100.1565 4994.4707 123 159 104
86.1346 100.1565 4994.4707 125 161 108
486.5077 89.7616 4476.1104 155 194 135
486.6853 89.1365 4444.9399 153 195 128
488.2109 88.7656 4426.4448 144 190 115
490.4012 88.5201 4414.2002 122 171 95
490.5494 87.9121 4383.8828 101 151 82
491.3661 87.4317 4359.9272 90 137 74
494.1883 87.3124 4353.9790 85 129 70
497.6808 87.3124 4353.9790 82 123 65
500.4905 87.1935 4348.0474 79 119 60
503.9783 87.1935 4348.0474 79 116 60
506.7756 87.0748 4342.1318 81 117 59
510.2585 87.0748 4342.1318 83 116 60
513.7415 87.0748 4342.1318 85 118 63
516.5217 86.9565 4336.2319 89 120 66
520.0001 86.9565 4336.2319 96 126 72
523.4783 86.9565 4336.2319 125 146 94
526.9565 86.9565 4336.2319 171 177 129
530.4348 86.9565 4336.2319 183 184 136
533.9131 86.9565 4336.2319 193 192 141
537.3913 86.9565 4336.2319 195 192 141
482.2409 86.0504 4469.8413 159 197 133
483.7936 85.6904 4451.1392 153 196 124
485.3334 85.3333 4432.5928 133 180 103
488.2109 85.2150 4426.4448 107 156 83
491.0804 85.0970 4420.3140 92 141 76
493.2597 84.8619 4408.1030 86 132 72
494.0660 84.3956 4383.8828 82 125 66
494.8634 83.9344 4359.9272 79 120 60
498.3607 83.9344 4359.9272 79 117 56
501.8579 83.9344 4359.9272 80 117 58
504.6657 83.8199 4353.9790 81 116 60
508.1583 83.8199 4353.9790 85 117 61
511.6508 83.8199 4353.9790 89 120 63
514.4415 83.7057 4348.0474 94 123 69
517.2245 83.5918 4342.1318 106 131 82
520.7075 83.5918 4342.1318 130 154 108
523.4783 83.4783 4336.2319 121 145 103
526.2415 83.3650 4330.3481 123 143 100
528.9973 83.2520 4324.4805 132 149 105
533.1886 83.3650 4330.3481 136 152 107
468.5554 82.5807 4476.1104 167 196 152
472.1459 82.5807 4476.1104 171 201 148
475.0701 82.4650 4469.8413 170 202 140
478.6555 82.4650 4469.8413 172 203 138
480.2232 82.1199 4451.1392 154 191 121
482.4479 81.8915 4438.7578 120 165 92
485.3334 81.7778 4432.5928 97 146 77
488.2109 81.6644 4426.4448 86 134 70
491.7615 81.6644 4426.4448 82 126 66
493.9420 81.4385 4414.2002 81 121 62
496.7956 81.3260 4408.1030 81 117 57
499.6414 81.2138 4402.0229 81 116 56
503.1724 81.2138 4402.0229 82 116 58
506.0055 81.1019 4395.9595 83 116 60
509.5317 81.1019 4395.9595 86 118 63
512.3522 80.9904 4389.9131 94 122 70
515.8735 80.9904 4389.9131 112 130 82
518.6813 80.8791 4383.8828 147 156 111
522.1978 80.8791 4383.8828 137 147 110
523.5568 80.5472 4365.8916 118 135 96
523.4783 80.0000 4336.2319 131 150 101
460.0000 80.0000 4533.3335 178 203 170
463.6364 80.0000 4533.3335 176 202 169
464.6328 79.5480 4507.7212 169 199 161
464.9650 78.9902 4476.1104 166 196 149
467.8992 78.8796 4469.8413 173 202 144
471.4846 78.8796 4469.8413 181 207 139
473.7431 78.6592 4457.3560 172 199 127
475.9889 78.4401 4444.9399 138 172 97
478.8874 78.3310 4438.7578 105 148 76
481.7778 78.2222 4432.5928 90 136 68
485.3334 78.2222 4432.5928 83 128 63
488.8889 78.2222 4432.5928 79 122 59
491.7615 78.1137 4426.4448 79 118 60
495.3121 78.1137 4426.4448 80 116 57
498.1718 78.0055 4420.3140 81 116 57
501.0235 77.8977 4414.2002 81 118 58
503.8674 77.7901 4408.1030 84 118 61
507.4034 77.7901 4408.1030 91 121 66
510.9392 77.7901 4408.1030 106 128 80
513.0579 77.5758 4395.9595 127 141 102
515.8735 77.4691 4389.9131 146 150 120
519.3948 77.4691 4389.9131 168 168 130
455.3283 82.0763 4872.4683 128 153 109
457.8387 81.8265 4857.6357 162 188 146
463.1451 82.0763 4872.4683 174 200 163
456.3637 76.3636 4533.3335 178 204 173
460.0000 76.3636 4533.3335 173 201 167
461.0169 75.9322 4507.7212 166 197 156
462.0225 75.5056 4482.3970 161 195 144
464.9650 75.3997 4476.1104 168 202 140
467.2448 75.1888 4463.5898 169 196 122
470.1676 75.0838 4457.3560 144 171 86
472.4235 74.8747 4444.9399 108 140 60
475.3269 74.7705 4438.7578 89 129 53
478.8874 74.7705 4438.7578 84 125 57
481.7778 74.6667 4432.5928 80 119 55
485.3334 74.6667 4432.5928 77 116 52
488.8889 74.6667 4432.5928 77 114 52
492.4445 74.6667 4432.5928 80 115 55
496.0000 74.6667 4432.5928 81 115 56
498.8627 74.5631 4426.4448 84 117 58
501.7175 74.4598 4420.3140 88 119 61
505.2632 74.4598 4420.3140 98 125 71
508.8089 74.4598 4420.3140 128 144 101
511.6460 74.3568 4414.2002 149 156 125
514.4752 74.2541 4408.1030 142 146 121
516.5840 74.0496 4395.9595 143 143 116
520.1102 74.0496 4395.9595 158 151 107
457.8387 77.9300 4857.6357 173 201 163
453.3713 72.8307 4539.7822 177 204 172
456.3637 72.7273 4533.3335 170 200 163
459.3475 72.6241 4526.9033 161 195 149
461.0169 72.3164 4507.7212 156 194 138
463.3239 72.1127 4495.0234 155 196 130
464.9650 71.8093 4476.1104 146 188 115
467.2448 71.6084 4463.5898 115 158 85
470.1676 71.5084 4457.3560 94 135 64
473.0823 71.4087 4451.1392 85 126 59
475.9889 71.3092 4444.9399 81 121 55
478.8874 71.2100 4438.7578 79 118 53
482.4479 71.2100 4438.7578 78 114 52
486.0084 71.2100 4438.7578 78 112 49
489.5689 71.2100 4438.7578 81 113 51
493.1294 71.2100 4438.7578 83 114 55
496.6899 71.2100 4438.7578 86 116 58
499.5556 71.1111 4432.5928 97 123 66
503.1111 71.1111 4432.5928 121 141 90
506.6667 71.1111 4432.5928 132 147 110
510.2223 71.1111 4432.5928 152 158 129
513.0652 71.0125 4426.4448 177 178 142
515.1868 70.8160 4414.2002 157 156 124
518.7275 70.8160 4414.2002 146 137 96
455.3283 74.2595 4872.4683 172 200 165
456.4492 73.8088 4842.8936 171 201 166
463.1451 74.2595 4872.4683 171 200 164
464.2185 73.8088 4842.8936 171 201 166
451.0129 69.3866 4552.7344 176 203 168
453.3713 69.1892 4539.7822 169 199 157
456.3637 69.0909 4533.3335 162 197 145
459.3475 68.9929 4526.9033 160 197 138
461.6690 68.7977 4514.0972 151 193 125
463.9775 68.6037 4501.3638 124 170 98
466.9296 68.5070 4495.0234 99 148 78
469.8735 68.4107 4488.7017 86 133 68
473.4740 68.4107 4488.7017 82 126 63
477.0746 68.4107 4488.7017 81 120 59
480.0000 68.3146 4482.3970 79 116 54
483.5955 68.3146 4482.3970 79 114 52
486.5077 68.2188 4476.1104 80 113 52
489.4118 68.1233 4469.8413 79 111 50
492.9972 68.1233 4469.8413 84 114 53
496.5826 68.1233 4469.8413 95 121 62
500.1681 68.1233 4469.8413 118 137 83
507.3061 68.6037 4501.3638 144 160 110
512.3621 68.7977 4514.0972 152 167 126
515.9831 68.7977 4514.0972 139 148 119
519.6040 68.7977 4514.0972 166 170 136
517.3707 68.0280 4463.5898 173 172 136
520.9510 68.0280 4463.5898 151 149 114
454.3807 69.6073 4820.9468 172 202 166
448.7574 68.1657 4721.1045 174 202 167
447.2515 67.3684 4665.8872 178 205 171
448.3721 66.9767 4638.7598 182 207 175
449.4798 66.5896 4611.9463 179 206 172
448.0000 65.8286 4559.2383 174 203 166
451.0129 65.7347 4552.7344 171 202 154
452.7273 65.4545 4533.3335 170 202 144
456.3637 65.4545 4533.3335 171 205 142
459.3475 65.3617 4526.9033 154 192 126
461.6690 65.1768 4514.0972 115 160 89
465.2900 65.1768 4514.0972 90 138 71
467.5882 64.9930 4501.3638 83 127 66
470.5352 64.9014 4495.0234 80 121 61
474.1408 64.9014 4495.0234 77 117 56
477.7465 64.9014 4495.0234 79 116 55
481.3521 64.9014 4495.0234 79 113 53
484.2757 64.8101 4488.7017 80 112 53
487.8763 64.8101 4488.7017 84 113 53
491.4768 64.8101 4488.7017 89 117 57
495.0774 64.8101 4488.7017 110 132 75
497.2791 64.6283 4476.1104 160 169 116
502.9859 64.9014 4495.0234 193 194 145
508.7411 65.1768 4514.0972 197 196 148
513.8156 65.3617 4526.9033 180 183 140
518.1818 65.4545 4533.3335 143 148 121
519.6040 65.1768 4514.0972 156 158 126
443.6578 64.1888 4707.1782 177 205 170
443.5088 63.6257 4665.8872 181 206 174
444.6512 63.2558 4638.7598 182 206 176
445.7804 62.8902 4611.9463 176 203 168
447.5396 62.6187 4592.0386 168 199 156
448.0000 62.1714 4559.2383 175 205 153
450.3704 61.9943 4546.2490 179 206 145
452.7273 61.8182 4533.3335 178 204 137
456.3637 61.8182 4533.3335 146 179 110
459.3475 61.7305 4526.9033 107 149 79
462.3230 61.6431 4520.4912 88 132 68
465.2900 61.5559 4514.0972 81 123 61
468.9109 61.5559 4514.0972 77 119 57
472.5319 61.5559 4514.0972 78 116 57
476.1528 61.5559 4514.0972 80 115 55
479.7737 61.5559 4514.0972 80 114 54
483.3947 61.5559 4514.0972 81 112 54
487.0156 61.5559 4514.0972 86 114 56
489.9435 61.4689 4507.7212 99 122 63
492.8632 61.3822 4501.3638 136 149 94
495.7747 61.2958 4495.0234 184 186 136
497.2791 61.0379 4476.1104 201 200 152
506.5532 61.7305 4526.9033 201 200 152
432.9136 59.9707 4672.7188 173 202 165
436.0234 59.8830 4665.8872 180 206 173
439.7661 59.8830 4665.8872 182 207 176
440.9303 59.5349 4638.7598 182 208 175
442.7208 59.2764 4618.6206 174 202 167
445.1371 59.1053 4605.2910 161 193 147
446.2554 58.7661 4578.8618 167 200 143
446.7237 58.3476 4546.2490 175 200 131
449.0909 58.1818 4533.3335 162 185 105
452.7273 58.1818 4533.3335 118 149 70
455.7164 58.0993 4526.9033 92 132 57
459.3475 58.0993 4526.9033 84 125 57
462.9788 58.0993 4526.9033 79 121 57
465.9490 58.0170 4520.4912 77 118 55
469.5751 58.0170 4520.4912 77 116 55
473.2012 58.0170 4520.4912 80 116 56
477.5036 58.0993 4526.9033 82 115 56
481.8182 58.1818 4533.3335 83 115 58
485.4546 58.1818 4533.3335 90 118 61
489.0910 58.1818 4533.3335 115 133 76
492.7273 58.1818 4533.3335 165 172 119
495.6596 58.0993 4526.9033 197 197 148
499.2908 58.0993 4526.9033 202 199 153
432.9136 56.2226 4672.7188 182 208 173
435.3869 56.0584 4659.0757 183 208 178
437.2093 55.8140 4638.7598 181 207 175
439.6522 55.6522 4625.3140 172 201 163
441.4430 55.4113 4605.2910 161 195 149
443.2184 55.1724 4585.4409 160 198 140
444.3429 54.8572 4559.2383 157 196 126
445.4546 54.5455 4533.3335 131 170 96
449.0909 54.5455 4533.3335 99 138 66
452.7273 54.5455 4533.3335 84 123 54
455.7164 54.4681 4526.9033 81 119 53
459.3475 54.4681 4526.9033 80 117 53
462.9788 54.4681 4526.9033 79 116 54
466.6100 54.4681 4526.9033 80 115 55
470.2412 54.4681 4526.9033 80 115 56
473.8724 54.4681 4526.9033 82 116 58
478.1819 54.5455 4533.3335 85 117 60
481.8182 54.5455 4533.3335 97 123 66
485.4546 54.5455 4533.3335 130 138 84
489.0910 54.5455 4533.3335 180 175 121
492.7273 54.5455 4533.3335 201 198 151
432.3304 52.8614 4707.1782 184 208 173
431.6497 52.3212 4659.0757 184 209 176
433.4884 52.0930 4638.7598 179 206 172
436.5748 52.0174 4632.0273 170 200 159
438.3815 51.7919 4611.9463 162 197 145
440.8069 51.6427 4598.6553 160 198 139
441.9485 51.3467 4572.3018 148 191 123
443.7090 51.1270 4552.7344 116 162 89
446.0882 50.9815 4539.7822 93 138 69
449.0909 50.9091 4533.3335 84 126 62
452.7273 50.9091 4533.3335 80 120 56
456.3637 50.9091 4533.3335 80 117 55
460.0000 50.9091 4533.3335 79 116 54
463.6364 50.9091 4533.3335 81 116 55
467.2728 50.9091 4533.3335 81 115 56
470.2412 50.8369 4526.9033 82 116 58
473.8724 50.8369 4526.9033 88 119 62
478.1819 50.9091 4533.3335 100 126 69
481.8182 50.9091 4533.3335 150 160 106
485.4546 50.9091 4533.3335 169 154 107
489.0910 50.9091 4533.3335 181 160 110
432.4325 49.9700 4791.9922 181 207 171
430.4593 49.3037 4728.0991 184 209 176
431.6937 49.0133 4700.2456 184 209 177
431.0204 48.5131 4652.2837 179 207 171
433.4884 48.3721 4638.7598 171 202 156
435.9420 48.2319 4625.3140 167 199 145
438.3815 48.0925 4611.9463 163 200 140
440.8069 47.9539 4598.6553 142 185 116
441.9485 47.6791 4572.3018 106 152 82
443.7090 47.4750 4552.7344 86 131 68
446.7237 47.4074 4546.2490 80 122 61
449.7298 47.3400 4539.7822 79 118 57
453.3713 47.3400 4539.7822 79 116 55
457.0129 47.3400 4539.7822 80 116 55
460.6544 47.3400 4539.7822 81 114 57
464.2959 47.3400 4539.7822 83 114 59
467.2728 47.2727 4533.3335 86 116 60
470.9091 47.2727 4533.3335 91 120 63
473.8724 47.2057 4526.9033 113 137 81
478.1819 47.2727 4533.3335 136 156 107
481.8182 47.2727 4533.3335 139 153 104
486.1451 47.3400 4539.7822 187 187 135
428.5886 46.1261 4791.9922 181 207 166
428.5715 45.7143 4749.2065 185 210 176
429.1876 45.3767 4714.1309 183 208 177
430.4259 45.1101 4686.4414 180 207 169
429.7675 44.6512 4638.7598 176 205 159
432.8593 44.5864 4632.0273 175 205 150
434.6821 44.3931 4611.9463 171 204 144
437.7489 44.3290 4605.2910 139 178 114
440.8069 44.2651 4598.6553 101 146 79
441.9485 44.0115 4572.3018 84 128 64
444.9786 43.9485 4565.7607 81 120 58
448.0000 43.8857 4559.2383 79 116 54
451.6572 43.8857 4559.2383 78 115 53
455.3143 43.8857 4559.2383 81 116 56
459.6281 43.9485 4565.7607 81 115 57
463.2905 43.9485 4565.7607 82 116 59
466.9528 43.9485 4565.7607 87 118 60
468.6040 43.7607 4546.2490 106 125 66
470.9091 43.6364 4533.3335 131 133 75
474.5455 43.6364 4533.3335 130 135 79
478.1819 43.6364 4533.3335 148 165 115
424.7448 42.2823 4791.9922 183 209 169
425.3950 41.9672 4756.2842 186 211 178
426.6667 41.7185 4728.0991 182 208 174
429.1876 41.5953 4714.1309 178 205 168
429.7947 41.2903 4679.5698 177 206 158
429.7675 40.9302 4638.7598 180 207 152
432.2319 40.8116 4625.3140 171 199 138
434.6821 40.6936 4611.9463 129 165 100
438.3815 40.6936 4611.9463 96 139 72
440.8069 40.5764 4598.6553 83 126 60
443.8561 40.5180 4592.0386 79 117 55
445.6161 40.3438 4572.3018 78 114 51
449.2837 40.3438 4572.3018 80 115 52
453.6012 40.4017 4578.8618 83 115 55
457.2740 40.4017 4578.8618 83 115 58
461.6092 40.4598 4585.4409 84 117 59
463.9542 40.3438 4572.3018 93 119 61
466.9528 40.2861 4565.7607 124 137 79
470.6152 40.2861 4565.7607 171 165 109
473.6000 40.2286 4559.2383 175 153 95
422.8055 38.6124 4813.6753 188 212 179
422.8401 38.2661 4770.5034 186 210 178
424.1308 38.0386 4742.1499 178 205 169
426.0355 37.8698 4721.1045 168 198 154
427.9234 37.7025 4700.2456 178 205 153
428.5380 37.4269 4665.8872 184 206 140
429.7675 37.2093 4638.7598 159 182 109
432.2319 37.1015 4625.3140 110 143 69
435.3112 37.0478 4618.6206 86 127 56
438.3815 36.9942 4611.9463 80 120 52
442.0809 36.9942 4611.9463 76 117 47
445.1371 36.9408 4605.2910 78 113 48
448.1845 36.8876 4598.6553 80 113 51
451.8732 36.8876 4598.6553 81 115 54
455.5620 36.8876 4598.6553 84 115 57
459.2507 36.8876 4598.6553 87 117 60
462.9395 36.8876 4598.6553 99 122 63
465.2874 36.7816 4585.4409 137 135 72
467.6218 36.6762 4572.3018 174 153 89
471.2894 36.6762 4572.3018 191 176 117
420.2118 34.8563 4828.2402 188 212 181
421.5338 34.6466 4799.1982 186 210 179
421.5797 34.3368 4756.2842 178 204 169
422.2485 34.0828 4721.1045 165 197 151
424.1532 33.9323 4700.2456 162 198 143
425.4173 33.7335 4672.7188 159 191 126
426.0465 33.4884 4638.7598 128 158 80
428.5217 33.3913 4625.3140 94 128 49
432.2319 33.3913 4625.3140 81 118 43
435.9420 33.3913 4625.3140 76 114 42
439.0160 33.3430 4618.6206 74 111 41
442.7208 33.3430 4618.6206 77 111 43
445.7804 33.2948 4611.9463 80 111 48
449.4798 33.2948 4611.9463 78 113 51
453.1792 33.2948 4611.9463 84 114 56
456.2194 33.2468 4605.2910 90 118 59
459.9135 33.2468 4605.2910 113 126 66
463.6075 33.2468 4605.2910 155 142 79
467.3016 33.2468 4605.2910 181 155 92
470.9957 33.2468 4605.2910 184 158 98
418.8737 31.1720 4857.6357 188 213 182
419.5771 30.9366 4820.9468 185 210 178
419.6407 30.6587 4777.6450 179 204 168
419.7033 30.3858 4735.1138 168 199 154
420.3829 30.1620 4700.2456 160 197 142
421.6692 29.9854 4672.7188 148 188 122
423.5569 29.8542 4652.2837 117 158 88
426.0465 29.7674 4638.7598 89 131 61
429.1437 29.7242 4632.0273 78 119 50
432.2319 29.6812 4625.3140 75 113 44
435.9420 29.6812 4625.3140 74 110 43
439.6522 29.6812 4625.3140 73 110 44
443.3623 29.6812 4625.3140 75 110 46
446.4255 29.6382 4618.6206 78 112 51
450.1302 29.6382 4618.6206 84 114 55
453.1792 29.5954 4611.9463 94 119 61
456.8787 29.5954 4611.9463 126 132 72
460.5781 29.5954 4611.9463 168 148 84
464.2775 29.5954 4611.9463 183 155 92
467.9769 29.5954 4611.9463 190 169 108
414.9772 27.2755 4857.6357 188 212 183
416.3389 27.1104 4828.2402 185 209 177
418.9442 27.0287 4813.6753 179 206 167
417.7646 26.7064 4756.2842 173 202 156
418.4615 26.5089 4721.1045 167 202 148
419.1483 26.3142 4686.4414 149 189 125
420.4380 26.1606 4659.0757 110 153 82
422.9404 26.0844 4645.5122 86 129 63
426.0465 26.0465 4638.7598 77 120 56
429.7675 26.0465 4638.7598 74 113 51
433.4884 26.0465 4638.7598 74 110 47
437.2093 26.0465 4638.7598 75 110 46
440.9303 26.0465 4638.7598 77 111 49
444.6512 26.0465 4638.7598 80 113 53
448.3721 26.0465 4638.7598 83 116 57
452.0930 26.0465 4638.7598 97 117 63
455.1525 26.0087 4632.0273 126 114 63
458.2029 25.9710 4625.3140 169 136 77
461.2446 25.9334 4618.6206 183 150 84
464.9494 25.9334 4618.6206 185 152 86
409.0520 23.4862 4879.9185 189 214 183
411.0807 23.3790 4857.6357 188 213 181
413.0909 23.2727 4835.5557 183 209 174
415.7100 23.2024 4820.9468 180 207 165
417.0571 23.0631 4791.9922 175 204 153
415.2889 22.7556 4728.0991 175 204 147
416.6127 22.6215 4700.2456 151 186 125
417.9210 22.4890 4672.7188 105 146 79
419.8251 22.3907 4652.2837 84 126 61
423.5569 22.3907 4652.2837 77 117 54
426.6667 22.3581 4645.5122 74 114 51
429.7675 22.3256 4638.7598 76 113 52
433.4884 22.3256 4638.7598 76 112 51
437.2093 22.3256 4638.7598 78 112 51
440.9303 22.3256 4638.7598 83 114 55
444.6512 22.3256 4638.7598 89 117 61
448.3721 22.3256 4638.7598 107 117 66
452.0930 22.3256 4638.7598 133 105 65
455.1525 22.2932 4632.0273 151 98 62
459.5349 22.3256 4638.7598 162 109 67
462.5835 22.2932 4632.0273 174 130 73
403.6923 19.6923 4909.9487 188 213 183
405.1376 19.5719 4879.9185 190 214 184
407.1842 19.4825 4857.6357 187 212 181
409.2122 19.3939 4835.5557 181 207 172
411.8429 19.3353 4820.9468 178 206 164
413.2132 19.2192 4791.9922 180 204 150
412.1068 18.9911 4735.1138 175 199 133
412.8424 18.8513 4700.2456 137 166 94
416.0000 18.8235 4693.3335 98 133 60
418.5337 18.7683 4679.5698 84 123 54
421.0527 18.7135 4665.8872 79 119 55
423.5569 18.6589 4652.2837 77 116 54
427.9125 18.6861 4659.0757 77 115 53
431.6497 18.6861 4659.0757 79 114 54
435.3869 18.6861 4659.0757 81 113 56
438.4839 18.6589 4652.2837 84 116 58
442.2158 18.6589 4652.2837 96 122 66
444.6512 18.6047 4638.7598 126 133 83
448.3721 18.6047 4638.7598 145 113 73
452.0930 18.6047 4638.7598 154 104 69
455.8140 18.6047 4638.7598 177 139 98
399.7538 15.7538 4909.9487 190 214 183
401.8377 15.6815 4887.3916 189 213 184
403.9025 15.6098 4865.0410 185 210 179
405.3333 15.5152 4835.5557 179 206 169
407.3605 15.4449 4813.6753 172 203 159
408.1437 15.3293 4777.6450 167 198 142
408.3086 15.1929 4735.1138 159 184 110
410.8876 15.1479 4721.1045 118 147 67
414.0620 15.1256 4714.1309 90 125 49
416.6127 15.0810 4700.2456 81 119 48
418.5337 15.0147 4679.5698 81 117 52
422.2874 15.0147 4679.5698 80 116 55
426.0411 15.0147 4679.5698 82 117 58
429.7947 15.0147 4679.5698 81 116 58
433.5484 15.0147 4679.5698 83 115 58
437.3021 15.0147 4679.5698 88 117 61
439.7661 14.9708 4665.8872 99 125 69
442.8613 14.9489 4659.0757 140 152 101
445.9475 14.9271 4652.2837 168 166 120
449.0248 14.9054 4645.5122 172 148 108
452.0930 14.8837 4638.7598 149 99 66
397.6507 11.8702 4932.7153 190 215 183
399.1398 11.7972 4902.4067 190 213 183
400.0001 11.7073 4865.0410 183 207 175
402.0638 11.6540 4842.8936 170 200 155
403.4993 11.5837 4813.6753 167 200 152
404.3114 11.4970 4777.6450 159 196 141
405.7143 11.4286 4749.2065 136 177 112
407.7037 11.3778 4728.0991 104 144 77
410.8876 11.3609 4721.1045 88 126 57
414.6746 11.3609 4721.1045 82 119 51
418.4615 11.3609 4721.1045 81 116 53
422.2485 11.3609 4721.1045 81 117 56
426.0355 11.3609 4721.1045 81 117 59
429.1876 11.3442 4714.1309 82 116 60
432.9690 11.3442 4714.1309 84 116 60
436.7504 11.3442 4714.1309 92 119 62
440.5318 11.3442 4714.1309 119 137 82
444.3131 11.3442 4714.1309 136 151 99
447.4337 11.3274 4707.1782 158 165 116
451.2095 11.3274 4707.1782 165 164 118
394.0000 8.0000 4986.6670 188 214 181
395.5280 7.9503 4955.6938 189 214 184
397.0370 7.9012 4925.1030 187 213 182
397.9173 7.8407 4887.3916 183 208 177
399.3912 7.7930 4857.6357 170 199 155
400.2417 7.7341 4820.9468 165 198 144
401.0795 7.6762 4784.8076 160 197 141
401.9048 7.6190 4749.2065 130 173 109
404.5104 7.5964 4735.1138 98 142 79
407.7037 7.5852 4728.0991 84 125 67
410.8876 7.5740 4721.1045 81 118 57
414.6746 7.5740 4721.1045 80 116 54
418.4615 7.5740 4721.1045 82 116 57
422.2485 7.5740 4721.1045 83 117 62
426.0355 7.5740 4721.1045 83 116 63
429.1876 7.5628 4714.1309 86 117 63
432.9690 7.5628 4714.1309 100 124 70
436.7504 7.5628 4714.1309 145 154 98
441.8371 7.5852 4728.0991 180 178 124
390.0000 4.0000 4986.6670 189 214 183
392.1618 3.9813 4963.4009 190 214 185
394.3034 3.9628 4940.3511 187 211 181
395.8154 3.9385 4909.9487 183 209 176
396.0976 3.9024 4865.0410 179 205 166
396.9743 3.8729 4828.2402 176 204 154
397.8379 3.8438 4791.9922 171 202 149
398.6885 3.8152 4756.2842 132 170 109
401.3076 3.8039 4742.1499 95 137 73
404.5104 3.7982 4735.1138 83 123 64
407.7037 3.7926 4728.0991 79 116 56
410.8876 3.7870 4721.1045 79 115 54
414.6746 3.7870 4721.1045 81 115 57
418.4615 3.7870 4721.1045 82 116 61
422.2485 3.7870 4721.1045 85 117 64
425.4062 3.7814 4714.1309 92 119 66
425.4173 3.7482 4672.7188 114 133 78
429.1655 3.7482 4672.7188 154 162 108
436.7504 3.7814 4714.1309 168 167 118
386.6041 -0.0000 4994.4707 189 214 182
388.7850 -0.0000 4971.1318 189 213 183
390.9457 -0.0000 4948.0103 185 209 179
394.3034 -0.0000 4940.3511 179 206 171
393.3945 -0.0000 4879.9185 179 205 159
393.6970 -0.0000 4835.5557 180 204 151
395.1808 -0.0000 4806.4258 175 200 139
396.0538 -0.0000 4770.5034 125 157 90
398.0953 -0.0000 4749.2065 93 132 66
401.9048 -0.0000 4749.2065 83 122 60
404.5104 -0.0000 4735.1138 81 116 57
408.3086 -0.0000 4735.1138 80 115 55
411.4963 -0.0000 4728.0991 81 116 57
414.6746 -0.0000 4721.1045 82 116 60
418.4615 -0.0000 4721.1045 84 117 63
421.6248 -0.0000 4714.1309 92 120 66
422.9075 -0.0000 4686.4414 129 145 89
424.7953 -0.0000 4665.8872 171 171 117
429.1655 -0.0000 4672.7188 183 178 125
382.5978 -4.0063 4994.4707 190 215 182
384.7975 -3.9875 4971.1318 189 213 183
386.9767 -3.9690 4948.0103 183 209 178
390.3406 -3.9628 4940.3511 176 203 165
390.0766 -3.9204 4887.3916 167 196 145
390.4098 -3.8847 4842.8936 176 200 129
391.9156 -3.8612 4813.6753 166 187 109
392.8144 -3.8323 4777.6450 113 142 68
394.8733 -3.8152 4756.2842 90 124 56
398.0953 -3.8095 4749.2065 83 119 56
401.9048 -3.8095 4749.2065 80 117 57
405.1115 -3.8039 4742.1499 79 116 57
408.3086 -3.7982 4735.1138 81 116 58
411.4963 -3.7926 4728.0991 84 116 61
414.6746 -3.7870 4721.1045 87 117 65
417.8434 -3.7814 4714.1309 97 124 74
420.3829 -3.7703 4700.2456 102 125 78
424.1532 -3.7703 4700.2456 105 121 77
381.4041 -7.9875 4978.8872 186 211 180
383.0078 -7.9380 4948.0103 181 207 175
385.7805 -7.9134 4932.7153 174 203 164
386.1562 -7.8407 4887.3916 159 193 142
386.5251 -7.7693 4842.8936 145 183 116
388.0543 -7.7225 4813.6753 132 166 90
390.1502 -7.6877 4791.9922 104 135 63
392.2272 -7.6532 4770.5034 90 124 57
394.8733 -7.6304 4756.2842 84 120 58
398.0953 -7.6190 4749.2065 80 116 57
401.9048 -7.6190 4749.2065 82 114 57
405.7143 -7.6190 4749.2065 82 115 57
408.9153 -7.6077 4742.1499 84 116 61
411.4963 -7.5852 4728.0991 91 118 66
414.0620 -7.5628 4714.1309 100 121 68
417.8434 -7.5628 4714.1309 119 136 85
420.3829 -7.5405 4700.2456 130 149 97
378.0000 -12.0000 4986.6670 183 209 176
379.6273 -11.9255 4955.6938 176 204 164
381.8238 -11.8702 4932.7153 172 203 160
382.2359 -11.7611 4887.3916 157 194 143
383.2219 -11.6717 4850.2534 142 184 119
384.7734 -11.6012 4820.9468 117 161 94
388.0543 -11.5837 4813.6753 91 133 70
390.1502 -11.5315 4791.9922 83 122 60
392.2272 -11.4798 4770.5034 81 117 54
395.4627 -11.4627 4763.3833 81 116 56
398.6885 -11.4456 4756.2842 81 116 58
401.9048 -11.4286 4749.2065 82 115 56
405.7143 -11.4286 4749.2065 87 116 59
408.9153 -11.4116 4742.1499 96 120 64
411.4963 -11.3778 4728.0991 122 125 70
414.0620 -11.3442 4714.1309 131 122 67
417.8434 -11.3442 4714.1309 102 105 60
376.8224 -15.9502 4971.1318 174 202 161
378.4521 -15.8514 4940.3511 167 198 148
378.3155 -15.6815 4887.3916 165 199 150
379.3313 -15.5623 4850.2534 149 188 133
381.4826 -15.4917 4828.2402 111 154 90
384.7734 -15.4683 4820.9468 86 129 68
388.0543 -15.4449 4813.6753 79 118 60
390.1502 -15.3754 4791.9922 79 115 57
392.8144 -15.3293 4777.6450 81 114 59
395.4627 -15.2836 4763.3833 81 116 60
399.2836 -15.2836 4763.3833 83 116 60
401.9048 -15.2381 4749.2065 86 115 60
405.7143 -15.2381 4749.2065 96 119 65
408.9153 -15.2155 4742.1499 114 122 70
411.4963 -15.1704 4728.0991 111 115 64
414.6746 -15.1479 4721.1045 108 120 74
374.0000 -20.0000 4986.6670 177 205 166
375.0698 -19.8450 4948.0103 171 201 151
375.5453 -19.6621 4902.4067 176 204 148
376.0122 -19.4825 4857.6357 161 193 139
378.1819 -19.3939 4835.5557 113 150 90
381.4826 -19.3646 4828.2402 87 127 67
384.7734 -19.3353 4820.9468 79 117 59
388.0543 -19.3062 4813.6753 78 114 55
390.1502 -19.2192 4791.9922 79 115 57
392.8144 -19.1617 4777.6450 82 115 60
395.4627 -19.1045 4763.3833 84 115 61
399.2836 -19.1045 4763.3833 87 115 62
402.5037 -19.0760 4756.2842 93 115 64
405.7143 -19.0476 4749.2065 93 111 65
408.9153 -19.0193 4742.1499 105 124 79
412.1068 -18.9911 4735.1138 121 141 93
416.5231 -19.0193 4742.1499 131 150 100
371.6771 -23.8509 4955.6938 172 202 152
373.9104 -23.7403 4932.7153 176 200 132
373.2519 -23.4504 4872.4683 152 178 105
375.4408 -23.3435 4850.2534 104 137 69
378.7557 -23.3080 4842.8936 87 123 60
381.4826 -23.2375 4828.2402 78 116 56
385.3556 -23.2375 4828.2402 79 115 57
388.6405 -23.2024 4820.9468 81 114 57
390.1502 -23.0631 4791.9922 82 115 60
392.2272 -22.9596 4770.5034 85 115 64
395.4627 -22.9254 4763.3833 89 115 63
398.6885 -22.8912 4756.2842 95 113 63
401.9048 -22.8571 4749.2065 96 115 70
405.7143 -22.8571 4749.2065 120 142 93
408.9153 -22.8232 4742.1499 126 146 95
412.7192 -22.8232 4742.1499 112 132 84
368.2737 -27.8694 4963.4009 160 196 145
369.9536 -27.6971 4932.7153 149 181 115
371.0430 -27.4847 4894.8877 130 157 79
373.2519 -27.3588 4872.4683 96 130 57
376.5854 -27.3171 4865.0410 86 121 58
378.7557 -27.1927 4842.8936 82 117 57
382.6404 -27.1927 4842.8936 81 114 58
385.9394 -27.1515 4835.5557 82 114 59
389.2285 -27.1104 4828.2402 82 115 61
390.7369 -26.9474 4799.1982 85 115 64
392.8144 -26.8264 4777.6450 94 121 71
395.4627 -26.7463 4763.3833 97 124 75
398.6885 -26.7064 4756.2842 98 121 76
401.9048 -26.6667 4749.2065 122 144 94
405.7143 -26.6667 4749.2065 119 140 93
409.5239 -26.6667 4749.2065 107 124 79
364.8598 -31.9003 4971.1318 151 191 139
365.9969 -31.6538 4932.7153 126 170 103
367.6805 -31.4593 4902.4067 99 142 74
371.0430 -31.4110 4894.8877 88 127 65
374.3951 -31.3629 4887.3916 83 120 60
376.5854 -31.2195 4865.0410 81 116 59
380.4879 -31.2195 4865.0410 81 114 61
384.3903 -31.2195 4865.0410 82 114 63
388.2927 -31.2195 4865.0410 84 114 64
391.5982 -31.1720 4857.6357 87 115 65
394.8936 -31.1246 4850.2534 103 127 77
398.7842 -31.1246 4850.2534 123 145 96
360.8723 -35.8879 4971.1318 162 196 145
363.7267 -35.7764 4955.6938 121 162 104
366.5635 -35.6656 4940.3511 94 137 75
368.8136 -35.5008 4917.5142 84 124 69
371.6129 -35.3917 4902.4067 80 117 64
374.9694 -35.3374 4894.8877 81 114 61
378.3155 -35.2833 4887.3916 83 114 63
382.2359 -35.2833 4887.3916 85 114 64
385.5658 -35.2294 4879.9185 86 114 64
388.8855 -35.1756 4872.4683 87 115 66
392.7939 -35.1756 4872.4683 98 123 76
396.7023 -35.1756 4872.4683 110 129 83
358.0000 -40.0000 4986.6670 153 182 116
360.8723 -39.8754 4971.1318 112 148 83
363.7267 -39.7516 4955.6938 94 133 73
367.1318 -39.6899 4948.0103 85 124 69
370.5263 -39.6285 4940.3511 81 116 63
374.4892 -39.6285 4940.3511 80 114 62
377.2840 -39.5062 4925.1030 84 114 64
381.2346 -39.5062 4925.1030 85 114 65
384.5917 -39.4453 4917.5142 88 114 66
387.9385 -39.3846 4909.9487 95 116 69
391.8770 -39.3846 4909.9487 113 126 81
354.5540 -44.0689 4994.4707 133 160 79
357.4415 -43.9314 4978.8872 98 129 59
361.4353 -43.9314 4978.8872 89 124 58
364.8598 -43.8629 4971.1318 84 120 60
367.7019 -43.7267 4955.6938 79 117 61
371.6771 -43.7267 4955.6938 81 114 63
375.0698 -43.6589 4948.0103 82 114 63
378.4521 -43.5913 4940.3511 85 113 64
382.4149 -43.5913 4940.3511 93 116 68
386.3777 -43.5913 4940.3511 126 138 88
391.5528 -43.7267 4955.6938 159 160 108
134.6622 -34.0199 3534.2932 133 153 98
140.2938 -34.7119 3606.1770 137 158 99
143.1864 -34.7119 3606.1770 131 154 90
147.0762 -34.9488 3630.7927 130 156 90
350.5478 -48.0751 4994.4707 104 143 84
354.0000 -48.0000 4986.6670 90 128 70
357.4415 -47.9251 4978.8872 85 121 61
361.4353 -47.9251 4978.8872 82 117 59
365.4290 -47.9251 4978.8872 80 114 59
368.8474 -47.8505 4971.1318 81 114 61
372.2551 -47.7761 4963.4009 82 113 63
375.6522 -47.7019 4955.6938 85 114 67
380.2177 -47.7761 4963.4009 88 112 66
384.1991 -47.7761 4963.4009 136 145 95
143.1864 -37.6045 3606.1770 124 147 91
146.9091 -37.8182 3626.6667 125 147 91
151.3662 -38.2090 3664.1409 133 154 94
155.0173 -38.3852 3681.0459 140 160 99
350.0000 -52.0000 4986.6670 83 124 73
354.0000 -52.0000 4986.6670 78 117 63
357.4415 -51.9189 4978.8872 76 111 56
361.4353 -51.9189 4978.8872 79 110 57
366.0000 -52.0000 4986.6670 80 111 61
369.4228 -51.9189 4978.8872 82 111 61
373.4166 -51.9189 4978.8872 90 118 68
376.8224 -51.8380 4971.1318 104 130 83
382.0000 -52.0000 4986.6670 94 113 69
95.2381 -35.5556 3166.1377 175 191 132
97.8749 -35.5909 3169.2817 163 180 123
100.4171 -35.5909 3169.2817 157 173 118
102.9593 -35.5909 3169.2817 150 164 112
105.6064 -35.6262 3172.4321 146 160 107
141.8971 -40.9600 3647.3906 120 141 91
144.0000 -40.7273 3626.6667 122 142 90
147.7486 -40.9600 3647.3906 121 142 87
151.3662 -41.1481 3664.1409 124 144 89
155.0173 -41.3379 3681.0459 129 149 94
158.3353 -41.4335 3689.5569 129 150 95
161.6686 -41.5295 3698.1074 126 149 92
346.5415 -56.0876 4994.4707 81 120 68
350.0000 -56.0000 4986.6670 76 114 62
353.4478 -55.9126 4978.8872 73 109 55
357.4415 -55.9126 4978.8872 75 106 51
361.4353 -55.9126 4978.8872 79 108 58
366.0000 -56.0000 4986.6670 87 114 64
369.4228 -55.9126 4978.8872 96 116 70
374.0000 -56.0000 4986.6670 103 125 78
378.0000 -56.0000 4986.6670 120 144 97
85.8309 -37.3178 3101.5227 184 200 146
88.7500 -37.5000 3116.6667 179 192 134
91.3392 -37.5367 3119.7134 165 176 117
94.4882 -37.7953 3141.2075 149 160 100
97.5842 -38.0198 3159.8682 145 159 103
100.3175 -38.0952 3166.1377 144 160 110
102.8572 -38.0952 3166.1377 144 159 110
105.1881 -38.0198 3159.8682 141 155 105
107.7228 -38.0198 3159.8682 140 154 104
112.4849 -38.7879 3223.7039 138 151 102
116.2449 -39.1837 3256.5986 133 147 101
135.7143 -42.8571 3561.9048 121 141 93
141.7352 -43.8356 3643.2268 120 140 91
144.8229 -43.8857 3647.3906 122 141 90
148.4271 -44.0873 3664.1409 121 141 87
151.8894 -44.2396 3676.8049 125 143 91
155.1963 -44.3418 3685.2964 127 145 93
158.5185 -44.4444 3693.8271 123 144 91
161.6686 -44.4959 3698.1074 124 146 93
165.2093 -44.6512 3711.0078 122 145 90
346.5415 -60.0939 4994.4707 78 110 56
350.0000 -60.0000 4986.6670 77 108 56
353.4478 -59.9064 4978.8872 76 106 55
357.4415 -59.9064 4978.8872 79 106 56
361.4353 -59.9064 4978.8872 89 111 62
365.4290 -59.9064 4978.8872 139 141 94
369.4228 -59.9064 4978.8872 140 125 82
373.4166 -59.9064 4978.8872 127 128 87
73.1086 -38.3521 2988.2646 175 178 130
76.1473 -38.6780 3013.6606 186 193 148
79.3136 -39.0467 3042.3896 184 196 148
83.2621 -39.7670 3098.5115 169 182 129
85.7476 -39.7670 3098.5115 157 169 113
88.3188 -39.8056 3101.5227 151 163 108
91.2500 -40.0000 3116.6667 145 158 104
93.8416 -40.0391 3119.7134 139 151 99
97.0079 -40.3150 3141.2075 138 150 100
99.6256 -40.3547 3144.3022 136 151 106
102.1478 -40.3547 3144.3022 132 149 101
104.6700 -40.3547 3144.3022 130 148 99
107.7228 -40.5545 3159.8682 128 145 99
135.7143 -45.7143 3561.9048 116 137 88
138.5714 -45.7143 3561.9048 117 138 88
144.8229 -46.8114 3647.3906 118 140 88
148.4271 -47.0264 3664.1409 119 141 89
152.2402 -47.2979 3685.2964 122 143 90
155.5556 -47.4074 3693.8271 125 144 93
158.5185 -47.4074 3693.8271 124 143 92
161.8562 -47.5174 3702.3977 124 145 93
165.9813 -47.8505 3728.3491 120 143 90
177.4724 -50.2577 3915.9102 120 141 88
346.0000 -64.0000 4986.6670 77 108 56
349.4540 -63.9002 4978.8872 78 106 56
352.8972 -63.8006 4971.1318 80 108 61
355.7764 -63.6025 4955.6938 80 107 64
359.7516 -63.6025 4955.6938 95 113 63
365.4290 -63.9002 4978.8872 161 162 112
369.4228 -63.9002 4978.8872 159 148 102
66.1654 -40.9023 2999.4988 169 193 143
68.1233 -40.6349 2979.8943 169 191 142
70.4478 -40.5970 2977.1145 183 198 151
72.9720 -40.6729 2982.6792 187 198 153
75.3645 -40.6729 2982.6792 173 185 137
78.5647 -41.0954 3013.6606 156 169 115
81.5985 -41.4082 3036.6001 142 158 104
84.9231 -41.8462 3068.7180 136 153 104
88.2330 -42.2524 3098.5115 133 151 106
91.2500 -42.5000 3116.6667 132 149 103
93.8416 -42.5415 3119.7134 130 146 100
96.9125 -42.7925 3138.1187 129 145 98
99.6256 -42.8769 3144.3022 128 144 100
102.1478 -42.8769 3144.3022 126 143 99
104.6700 -42.8769 3144.3022 126 142 98
114.5263 -45.8105 3359.4387 124 140 94
117.9661 -46.1017 3380.7910 124 141 93
120.6780 -46.1017 3380.7910 125 141 96
132.7090 -48.5173 3557.9338 115 136 90
135.7143 -48.5714 3561.9048 112 134 87
138.5714 -48.5714 3561.9048 112 134 87
144.6575 -49.6804 3643.2268 114 136 88
148.7687 -50.0806 3672.5740 116 138 90
152.5926 -50.3704 3693.8271 121 141 91
155.5556 -50.3704 3693.8271 124 142 92
158.7022 -50.4287 3698.1074 122 142 91
162.0441 -50.5459 3706.6978 123 143 92
166.1754 -50.9006 3732.7097 121 141 90
177.2549 -53.3333 3911.1113 120 141 89
181.0578 -53.5301 3925.5435 119 142 89
184.2067 -53.5301 3925.5435 115 139 84
189.2174 -54.0621 3964.5549 123 146 91
192.8767 -54.1968 3974.4294 140 161 100
196.0648 -54.1968 3974.4294 153 173 100
346.0000 -68.0000 4986.6670 77 107 60
349.4540 -67.8939 4978.8872 83 112 70
351.8013 -67.5776 4955.6938 86 116 80
355.2248 -67.4729 4948.0103 86 115 77
359.7516 -67.5776 4955.6938 113 129 80
63.4612 -43.1057 2985.4695 202 211 146
65.6716 -42.9851 2977.1145 187 203 149
68.0597 -42.9851 2977.1145 187 203 155
70.4478 -42.9851 2977.1145 178 191 144
72.8358 -42.9851 2977.1145 158 172 123
75.3645 -43.0654 2982.6792 141 159 108
78.3428 -43.3898 3005.1477 144 161 108
81.4435 -43.7607 3030.8325 139 155 103
84.0343 -43.8440 3036.6001 127 145 98
86.7176 -43.9695 3045.2927 125 143 100
90.8949 -44.8249 3104.5396 123 143 100
93.8416 -45.0440 3119.7134 126 143 98
97.1992 -45.4438 3147.4031 124 139 93
105.6635 -48.1505 3334.8660 120 137 93
108.9076 -48.4034 3352.3811 119 138 93
111.8316 -48.5053 3359.4387 120 137 93
115.0106 -48.7104 3373.6436 121 137 92
117.9661 -48.8136 3380.7910 126 141 94
120.6780 -48.8136 3380.7910 128 143 98
123.5207 -48.8653 3384.3762 120 139 94
126.3694 -48.9172 3387.9690 115 137 91
135.4120 -51.3140 3553.9719 113 135 89
138.5714 -51.4286 3561.9048 111 136 89
144.6575 -52.6027 3643.2268 113 137 90
148.7687 -53.0265 3672.5740 116 139 91
152.5926 -53.3333 3693.8271 118 141 91
155.5556 -53.3333 3693.8271 119 141 91
158.8863 -53.4571 3702.3977 119 141 89
162.0441 -53.5192 3706.6978 118 141 89
167.1530 -54.2118 3754.6667 117 139 89
177.0379 -56.4015 3906.3240 116 138 87
180.6135 -56.5399 3915.9102 117 140 87
184.2067 -56.6790 3925.5435 116 140 86
187.8175 -56.8187 3935.2241 119 142 90
192.1588 -57.1712 3959.6362 124 147 95
195.5777 -57.2422 3964.5549 126 150 93
198.7578 -57.2422 3964.5549 127 157 95
346.5415 -72.1127 4994.4707 85 118 83
350.0000 -72.0000 4986.6670 90 121 88
352.8972 -71.7757 4971.1318 92 122 89
355.2248 -71.4419 4948.0103 96 123 83
55.3450 -44.7470 2936.0320 183 202 143
57.6471 -44.7059 2933.3335 181 182 115
60.6128 -45.1625 2963.2932 205 215 154
63.1070 -45.2465 2968.8064 196 214 159
65.5493 -45.2886 2971.5706 183 199 149
67.9963 -45.3308 2974.3398 168 182 132
70.4478 -45.3731 2977.1145 148 164 112
72.8358 -45.3731 2977.1145 134 152 103
75.3645 -45.4579 2982.6792 127 147 100
78.2691 -45.7573 3002.3206 134 152 105
81.2891 -46.1043 3025.0869 134 151 103
83.8746 -46.1918 3030.8325 122 141 95
86.5524 -46.3238 3039.4922 120 140 92
89.2455 -46.4565 3048.2012 121 139 94
94.6746 -47.9684 3147.4031 121 138 94
109.1368 -51.2000 3359.4387 118 137 92
111.8316 -51.2000 3359.4387 119 137 92
115.0106 -51.4165 3373.6436 122 139 94
117.9661 -51.5254 3380.7910 130 143 96
120.6780 -51.5254 3380.7910 127 143 98
123.6518 -51.6348 3387.9690 120 140 95
126.6383 -51.7447 3395.1775 115 137 92
135.2614 -54.1046 3550.0186 115 137 91
138.2628 -54.1648 3553.9719 116 138 92
144.6575 -55.5251 3643.2268 116 138 92
149.1119 -56.1015 3681.0459 118 141 94
152.5926 -56.2963 3693.8271 118 141 93
155.7358 -56.3615 3698.1074 117 140 91
158.8863 -56.4269 3702.3977 117 140 90
162.2326 -56.5581 3711.0078 115 139 89
167.3498 -57.2909 3759.0891 115 139 88
176.6056 -59.3895 3896.7849 113 138 87
180.3922 -59.6078 3911.1113 113 137 85
183.9803 -59.7543 3920.7207 113 137 86
187.5862 -59.9015 3930.3777 117 141 91
191.9207 -60.2726 3954.7295 120 143 92
195.0929 -60.2726 3954.7295 123 146 91
198.2652 -60.2726 3954.7295 121 151 100
350.5478 -76.1189 4994.4707 87 119 85
36.0400 -46.5032 2898.6982 182 207 151
52.9412 -47.0588 2933.3335 184 207 150
55.2941 -47.0588 2933.3335 173 186 126
57.6471 -47.0588 2933.3335 186 192 133
60.0000 -47.0588 2933.3335 190 204 153
62.5253 -47.1889 2941.4441 170 187 137
65.4275 -47.5836 2966.0471 152 169 118
67.8698 -47.6279 2968.8064 138 157 107
70.3821 -47.7167 2974.3398 130 149 103
72.7679 -47.7167 2974.3398 126 146 101
75.2239 -47.7612 2977.1145 124 143 100
78.0488 -48.0300 2993.8713 121 142 97
81.2891 -48.5308 3025.0869 119 140 94
83.8746 -48.6230 3030.8325 115 136 92
86.5524 -48.7619 3039.4922 117 137 91
89.2455 -48.9016 3048.2012 122 139 92
105.6635 -53.5005 3334.8660 121 138 94
108.4519 -53.5565 3338.3542 120 138 94
111.8316 -53.8947 3359.4387 121 139 94
115.2542 -54.2373 3380.7910 126 142 96
118.0912 -54.2948 3384.3762 132 146 100
120.9342 -54.3524 3387.9690 124 141 96
123.9149 -54.4681 3395.1775 119 139 94
131.2459 -56.4498 3518.7065 116 137 91
135.2614 -56.9522 3550.0186 116 139 92
138.4169 -57.0792 3557.9338 117 140 94
144.6575 -58.4475 3643.2268 119 141 96
149.1119 -59.0542 3681.0459 121 142 97
152.5926 -59.2593 3693.8271 119 142 94
155.7358 -59.3279 3698.1074 117 141 91
158.8863 -59.3968 3702.3977 116 139 91
162.2326 -59.5349 3711.0078 114 138 90
167.5472 -60.3774 3763.5222 113 138 87
176.6056 -62.5153 3896.7849 113 137 86
180.1714 -62.6683 3906.3240 112 136 86
183.5294 -62.7451 3911.1113 113 137 87
187.5862 -63.0542 3930.3777 113 137 89
191.9207 -63.4449 3954.7295 116 140 90
195.0929 -63.4449 3954.7295 118 142 89
198.5112 -63.5236 3959.6362 118 142 88
33.9305 -49.1408 2917.2456 185 208 155
36.0400 -48.8283 2898.6982 186 209 157
38.3651 -48.8283 2898.6982 187 210 157
40.6903 -48.8283 2898.6982 188 210 156
42.7823 -48.5637 2882.9871 189 210 158
50.6814 -49.5028 2938.7356 192 213 161
52.9412 -49.4118 2933.3335 195 216 165
55.2433 -49.3664 2930.6399 201 218 162
57.5941 -49.3664 2930.6399 184 195 129
59.9449 -49.3664 2930.6399 161 178 116
62.3529 -49.4118 2933.3335 142 162 107
64.9446 -49.5941 2944.1575 135 153 105
67.5556 -49.7778 2955.0618 129 149 103
70.0557 -49.8701 2960.5442 125 146 101
72.5651 -49.9628 2966.0471 122 143 97
75.1538 -50.1025 2974.3398 119 139 94
78.0488 -50.4315 2993.8713 115 137 93
81.2891 -50.9573 3025.0869 113 134 90
83.8746 -51.0541 3030.8325 113 133 88
86.7176 -51.2977 3045.2927 121 140 94
89.6737 -51.5931 3062.8279 123 140 93
99.7921 -55.8836 3317.5330 123 139 92
102.8810 -56.1169 3331.3850 125 142 95
105.6635 -56.1756 3334.8660 125 142 96
108.4519 -56.2343 3338.3542 124 142 96
112.1859 -56.7687 3370.0811 127 143 95
115.3765 -57.0095 3384.3762 135 149 101
118.3422 -57.1307 3391.5693 131 146 102
121.3206 -57.2524 3398.7932 121 141 96
127.5794 -58.8828 3495.5825 115 139 91
131.2459 -59.2723 3518.7065 115 138 92
135.5630 -59.9331 3557.9338 118 140 94
138.7263 -60.0670 3565.8845 120 143 96
144.8229 -61.4400 3647.3906 123 144 98
149.1119 -62.0069 3681.0459 124 144 98
152.4162 -62.1503 3689.5569 119 142 95
155.5556 -62.2222 3693.8271 116 140 92
158.7022 -62.2943 3698.1074 113 139 91
162.0441 -62.4390 3706.6978 112 138 90
167.5472 -63.3962 3763.5222 112 137 88
176.8215 -65.7213 3901.5486 112 136 87
180.3922 -65.8824 3911.1113 111 137 86
183.9803 -66.0442 3920.7207 111 138 86
188.7485 -66.6171 3954.7295 112 137 86
193.6000 -67.2000 3989.3335 112 137 87
197.2932 -67.3684 3999.3318 115 140 87
36.2706 -51.4808 2917.2456 193 213 164
38.3651 -51.1535 2898.6982 193 212 159
40.4697 -50.8762 2882.9871 190 209 156
42.4373 -50.4660 2859.7373 189 208 155
44.7312 -50.4660 2859.7373 184 203 151
48.2353 -51.7647 2933.3335 187 208 158
50.6814 -51.8600 2938.7356 187 210 161
52.9412 -51.7647 2933.3335 186 207 155
55.2433 -51.7172 2930.6399 181 201 135
57.5413 -51.6697 2927.9512 163 184 110
59.8899 -51.6697 2927.9512 142 161 101
62.2385 -51.6697 2927.9512 130 151 101
64.7654 -51.8123 2936.0320 127 148 100
67.3063 -51.9557 2944.1575 125 143 98
69.9907 -52.1965 2957.8005 119 140 95
72.5651 -52.3420 2966.0471 118 137 92
75.0838 -52.4395 2971.5706 116 135 90
77.9026 -52.7341 2988.2646 114 135 90
81.2891 -53.3839 3025.0869 114 136 90
83.9544 -53.5361 3033.7136 117 137 90
86.8004 -53.7918 3048.2012 118 139 93
97.0301 -58.4839 3314.0879 121 140 94
100.2088 -58.7891 3331.3850 122 140 95
102.9885 -58.8506 3334.8660 123 141 96
105.7741 -58.9121 3338.3542 123 141 95
109.4826 -59.4720 3370.0811 126 144 95
112.6617 -59.7243 3384.3762 133 149 100
115.7447 -59.9149 3395.1775 138 153 108
118.5943 -59.9787 3398.7932 132 148 104
122.7586 -60.6897 3439.0806 120 141 96
127.8595 -61.8222 3503.2566 116 140 92
131.9734 -62.4390 3538.2114 118 141 94
135.7143 -62.8571 3561.9048 122 143 97
139.5056 -63.2809 3585.9177 124 144 98
144.8229 -64.3657 3647.3906 125 145 99
148.7687 -64.8101 3672.5740 125 144 98
152.0646 -64.9596 3681.0459 121 142 93
155.3757 -65.1098 3689.5569 118 141 91
158.7022 -65.2607 3698.1074 114 139 89
161.8562 -65.3364 3702.3977 113 138 89
167.5472 -66.4151 3763.5222 113 137 87
176.8215 -68.8509 3901.5486 112 136 87
180.3922 -69.0196 3911.1113 112 138 89
183.9803 -69.1892 3920.7207 112 138 89
190.4000 -70.4000 3989.3335 113 137 87
194.0852 -70.5764 3999.3318 112 137 87
199.0392 -71.2010 4034.7241 112 139 87
212.2193 -73.5248 4166.4058 118 141 88
40.6903 -53.4787 2898.6982 180 206 147
42.3614 -52.6655 2854.6213 174 197 137
44.6113 -52.6184 2852.0703 151 164 98
47.0251 -52.7599 2859.7373 175 192 128
50.5882 -54.1177 2933.3335 164 188 131
52.8926 -54.0680 2930.6399 146 169 110
55.0412 -53.8701 2919.9148 134 160 99
57.3309 -53.8208 2917.2456 131 155 96
59.7255 -53.8701 2919.9148 128 150 96
62.0677 -53.8701 2919.9148 126 146 96
64.6465 -54.0680 2930.6399 123 144 94
67.1823 -54.2173 2938.7356 118 139 92
69.9907 -54.5690 2957.8005 116 138 91
72.6326 -54.7721 2968.8064 117 138 91
75.0838 -54.8231 2971.5706 119 138 91
78.0488 -55.2345 2993.8713 119 138 92
81.4435 -55.9164 3030.8325 118 138 92
84.2748 -56.1832 3045.2927 118 138 90
101.9108 -62.5053 3387.9690 120 142 95
104.1861 -62.2410 3373.6436 122 142 95
106.8922 -62.2410 3373.6436 126 144 96
109.9470 -62.4390 3384.3762 133 148 101
113.1417 -62.7050 3398.7932 137 151 105
116.2393 -62.9060 3409.6868 139 152 107
120.0000 -63.4483 3439.0806 132 149 102
124.2312 -64.2094 3480.3345 120 142 93
127.8595 -64.6323 3503.2566 118 141 94
131.9734 -65.2772 3538.2114 122 143 98
136.3229 -66.0090 3577.8774 125 144 100
140.7710 -66.7574 3618.4431 126 145 99
144.8229 -67.2914 3647.3906 124 145 96
148.5977 -67.6782 3668.3525 123 144 93
151.7146 -67.7561 3672.5740 120 142 91
155.0173 -67.9123 3681.0459 117 140 89
158.3353 -68.0694 3689.5569 115 139 89
161.8562 -68.3063 3702.3977 113 137 89
167.7450 -69.5159 3767.9656 112 137 89
176.8215 -71.9804 3901.5486 113 137 87
180.3922 -72.1569 3911.1113 113 137 88
183.9803 -72.3342 3920.7207 113 137 89
190.6383 -73.6921 3994.3264 113 137 87
194.5729 -73.9699 4009.3804 112 138 87
199.5437 -74.6261 4044.9514 111 138 86
206.4516 -75.9742 4118.0215 114 139 87
211.6667 -76.6667 4155.5557 117 141 89
216.4089 -77.1691 4182.7871 117 140 83
220.0525 -77.2703 4188.2764 119 142 86
40.0000 -54.8572 2849.5239 179 200 122
42.2857 -54.8572 2849.5239 181 203 126
44.5714 -54.8572 2849.5239 182 197 118
46.8990 -54.9062 2852.0703 155 175 98
49.3190 -55.0538 2859.7373 133 157 93
52.4113 -55.9054 2903.9734 125 150 93
54.9909 -56.1609 2917.2456 120 147 93
57.3309 -56.1609 2917.2456 121 146 93
59.7255 -56.2123 2919.9148 122 145 95
62.0677 -56.2123 2919.9148 120 141 92
64.6465 -56.4187 2930.6399 118 139 88
67.1823 -56.5746 2938.7356 117 138 88
70.1859 -57.1004 2966.0471 119 139 89
72.7002 -57.2067 2971.5706 122 140 91
75.1538 -57.2600 2974.3398 123 141 92
94.3311 -69.6599 3618.4431 122 140 90
97.0136 -69.5023 3610.2566 122 139 90
99.9095 -69.5023 3610.2566 127 144 93
107.7159 -67.1476 3487.9419 127 147 99
107.6890 -65.4313 3398.7932 134 150 103
110.4153 -65.4313 3398.7932 138 153 107
114.4828 -66.2069 3439.0806 136 152 106
117.8765 -66.5655 3457.7104 133 150 104
121.4395 -67.0011 3480.3345 124 145 98
125.0494 -67.4424 3503.2566 121 144 96
128.4234 -67.7398 3518.7065 121 144 95
133.1544 -68.7248 3569.8733 124 146 99
137.5566 -69.5023 3610.2566 127 147 100
141.0909 -69.8182 3626.6667 125 146 98
144.6575 -70.1370 3643.2268 121 145 95
148.0871 -70.3780 3655.7466 119 144 94
151.5402 -70.6207 3668.3525 118 142 91
154.6606 -70.7020 3672.5740 117 141 90
157.9700 -70.8651 3681.0459 115 139 89
164.5283 -72.4528 3763.5222 114 138 89
176.6056 -75.0183 3896.7849 113 139 90
180.8354 -75.4791 3920.7207 112 138 89
183.9803 -75.4791 3920.7207 112 138 89
193.0545 -77.8707 4044.9514 112 137 89
198.5641 -78.7692 4091.6240 111 138 88
201.8462 -78.7692 4091.6240 111 138 86
207.2539 -79.5855 4134.0244 113 138 87
212.2193 -80.2089 4166.4058 114 139 87
216.6929 -80.6299 4188.2764 115 141 87
220.6316 -80.8421 4199.2983 116 140 88
40.0000 -57.1429 2849.5239 144 171 100
42.2480 -57.0919 2846.9819 174 201 130
44.5714 -57.1429 2849.5239 163 186 107
46.8990 -57.1939 2852.0703 130 159 84
49.3190 -57.3477 2859.7373 119 149 83
51.7520 -57.5022 2867.4453 117 145 87
54.7905 -58.2878 2906.6182 116 143 89
57.3309 -58.5009 2917.2456 119 142 89
59.7255 -58.5544 2919.9148 119 140 89
62.1815 -58.6618 2925.2673 118 138 87
64.8251 -58.9319 2938.7356 121 141 88
67.6809 -59.3692 2960.5442 124 143 93
70.3821 -59.6459 2974.3398 128 147 99
72.8358 -59.7015 2977.1145 139 157 109
91.6364 -72.7273 3626.6667 142 158 112
95.3036 -73.3104 3655.7466 139 152 103
97.4546 -72.7273 3626.6667 136 150 98
100.1361 -72.5624 3618.4431 136 152 100
102.8054 -72.3982 3610.2566 134 149 98
110.0000 -71.4286 3561.9048 140 155 105
110.8772 -70.1754 3499.4153 140 156 109
113.6842 -70.1754 3499.4153 137 152 108
116.6191 -70.2525 3503.2566 134 151 106
119.5604 -70.3297 3507.1062 125 145 99
122.5083 -70.4071 3510.9646 120 144 96
125.6009 -70.5623 3518.7065 123 145 96
130.1453 -71.5084 3565.8845 127 147 100
134.3567 -72.2348 3602.1069 129 148 102
138.0250 -72.6447 3622.5503 128 146 100
141.0909 -72.7273 3626.6667 126 146 97
144.4926 -72.9761 3639.0728 121 145 95
147.5799 -73.0594 3643.2268 120 143 94
150.6743 -73.1429 3647.3906 118 142 90
153.9519 -73.3104 3655.7466 117 141 91
157.7880 -73.7327 3676.8049 116 140 91
167.0898 -76.6467 3822.1160 115 140 90
173.2683 -78.0488 3892.0327 114 139 91
176.3903 -78.0488 3892.0327 114 139 91
179.7314 -78.1441 3896.7849 113 139 90
183.5294 -78.4314 3911.1113 112 139 89
193.0545 -81.1153 4044.9514 112 138 89
198.5641 -82.0513 4091.6240 113 138 88
201.8462 -82.0513 4091.6240 113 138 87
206.1856 -82.4742 4112.7148 113 138 86
213.0537 -83.8794 4182.7871 113 138 85
216.6929 -83.9895 4188.2764 114 138 86
60.7657 -101.9296 4887.3916 107 141 83
63.8067 -100.5438 4820.9468 121 147 87
40.0000 -59.4286 2849.5239 154 181 114
42.2480 -59.3756 2846.9819 137 168 95
44.5714 -59.4286 2849.5239 123 154 82
46.9830 -59.5882 2857.1770 117 147 82
49.4519 -59.8023 2867.4453 115 142 82
52.4590 -60.6193 2906.6182 116 139 84
54.9909 -60.8410 2917.2456 115 140 83
57.3834 -60.8966 2919.9148 118 141 87
59.9449 -61.1203 2930.6399 123 143 91
62.4678 -61.2891 2938.7356 132 150 101
65.2456 -61.6867 2957.8005 148 166 123
67.9963 -62.0317 2974.3398 151 173 137
70.4478 -62.0896 2977.1145 144 169 138
72.9038 -62.1475 2979.8943 144 169 140
95.3036 -76.2429 3655.7466 148 168 136
97.4546 -75.6364 3626.6667 149 165 125
100.2497 -75.5505 3622.5503 148 159 113
102.8054 -75.2941 3610.2566 141 153 102
105.4628 -75.1242 3602.1069 139 154 102
108.3522 -75.1242 3602.1069 141 156 105
110.6173 -74.7026 3581.8931 138 151 102
112.8571 -74.2857 3561.9048 142 155 107
115.3281 -74.0378 3550.0186 142 157 109
118.1758 -74.0378 3550.0186 128 147 99
121.0234 -74.0378 3550.0186 122 145 96
124.1472 -74.2029 3557.9338 123 145 97
127.2849 -74.3687 3565.8845 126 145 99
131.4673 -75.1242 3602.1069 129 148 101
135.1192 -75.5505 3622.5503 129 148 99
138.1818 -75.6364 3626.6667 126 147 97
141.4123 -75.8087 3634.9280 124 146 95
144.4926 -75.8951 3639.0728 121 145 94
147.7486 -76.0686 3647.3906 119 143 94
150.6743 -76.0686 3647.3906 118 142 90
153.9519 -76.2429 3655.7466 117 141 89
164.0240 -79.7126 3822.1160 116 140 90
167.6923 -80.0000 3835.8975 117 141 91
170.7692 -80.0000 3835.8975 116 141 90
176.3903 -81.1707 3892.0327 115 140 90
179.7314 -81.2698 3896.7849 114 139 88
183.3048 -81.4688 3906.3240 114 138 88
187.1253 -81.7690 3920.7207 112 138 88
190.5043 -81.8696 3925.5435 113 138 88
193.6532 -81.8696 3925.5435 113 137 86
196.3190 -81.6687 3915.9102 112 137 86
210.5700 -86.2176 4134.0244 111 136 86
217.2632 -87.5790 4199.2983 110 136 84
50.0000 -108.0000 4986.6670 91 130 68
53.5814 -107.1628 4948.0103 92 129 69
56.9325 -106.0123 4894.8877 93 129 70
60.4878 -105.3659 4865.0410 111 140 76
64.0971 -104.8862 4842.8936 144 162 86
67.9818 -104.8862 4842.8936 138 162 82
71.5408 -104.4109 4820.9468 119 150 78
55.3450 -63.5879 2936.0320 134 153 91
57.7001 -63.5879 2936.0320 124 145 89
60.1659 -63.7051 2941.4441 138 162 118
62.9314 -64.1187 2960.5442 165 191 156
65.6104 -64.4175 2974.3398 171 194 166
68.1233 -64.5378 2979.8943 166 188 164
70.5135 -64.5378 2979.8943 151 176 152
96.7442 -80.3721 3711.0078 139 164 138
97.8996 -78.9041 3643.2268 140 163 132
100.3636 -78.5455 3626.6667 140 160 121
103.0386 -78.3673 3618.4431 135 153 108
105.4628 -78.0135 3602.1069 133 151 103
108.3522 -78.0135 3602.1069 134 152 102
110.7416 -77.6629 3585.9177 138 154 105
113.1096 -77.3154 3569.8733 137 153 104
115.8436 -77.2290 3565.8845 127 146 98
118.7039 -77.2290 3565.8845 124 145 97
121.8365 -77.4020 3573.8708 124 146 98
124.8431 -77.4888 3577.8774 127 147 100
128.7232 -78.1017 3606.1770 128 148 101
132.6651 -78.7244 3634.9280 127 147 97
136.8276 -79.4483 3668.3525 125 146 96
139.7701 -79.4483 3668.3525 124 146 95
142.7126 -79.4483 3668.3525 123 146 94
145.9908 -79.6313 3676.8049 121 144 93
149.6296 -80.0000 3693.8271 120 143 94
152.5926 -80.0000 3693.8271 118 141 91
156.0976 -80.2787 3706.6978 117 140 90
165.4106 -83.4783 3854.4285 117 141 91
168.5024 -83.4783 3854.4285 117 141 92
171.8017 -83.5792 3859.0891 116 141 91
176.3903 -84.2927 3892.0327 115 141 91
179.9511 -84.4988 3901.5486 115 139 89
183.5294 -84.7059 3911.1113 114 139 89
186.6667 -84.7059 3911.1113 112 138 90
190.5043 -85.0185 3925.5435 113 138 90
193.6532 -85.0185 3925.5435 113 138 88
196.3190 -84.8098 3915.9102 112 137 85
199.4601 -84.8098 3915.9102 112 137 84
204.8635 -85.7568 3959.6362 111 135 85
208.2981 -85.8634 3964.5549 111 135 85
209.6552 -85.1232 3930.3777 111 136 84
212.0246 -84.8098 3915.9102 114 138 85
215.1657 -84.8098 3915.9102 111 133 81
218.3068 -84.8098 3915.9102 68 91 44
221.1765 -84.7059 3911.1113 69 95 50
53.5814 -111.1318 4948.0103 88 123 63
56.9325 -109.9387 4894.8877 94 125 67
60.4878 -109.2683 4865.0410 124 151 85
64.1945 -108.9362 4850.2534 131 158 78
68.0851 -108.9362 4850.2534 117 146 71
81.0336 -92.6098 4123.3423 116 134 77
82.0101 -90.0503 4009.3804 127 146 98
85.0125 -89.8246 3999.3318 171 191 155
88.1101 -89.7122 3994.3264 170 194 165
91.2000 -89.6000 3989.3335 163 188 160
94.4000 -89.6000 3989.3335 157 180 155
99.4896 -83.1555 3702.3977 137 161 131
100.8219 -81.8265 3643.2268 136 158 123
103.2727 -81.4546 3626.6667 137 155 115
105.9410 -81.2698 3618.4431 138 154 108
108.8435 -81.2698 3618.4431 139 154 102
111.4932 -81.0860 3610.2566 134 149 96
114.0023 -80.8117 3598.0459 126 144 92
116.8884 -80.8117 3598.0459 125 146 95
119.9097 -80.9029 3602.1069 126 146 98
122.9379 -80.9943 3606.1770 129 147 102
126.2585 -81.2698 3618.4431 129 148 102
130.1943 -81.9200 3647.3906 127 147 100
133.8851 -82.3908 3668.3525 124 145 96
137.3011 -82.6759 3681.0459 121 145 95
140.2538 -82.6759 3681.0459 120 144 93
143.5376 -82.8671 3689.5569 120 144 93
146.6667 -82.9630 3693.8271 120 144 92
149.8030 -83.0591 3698.1074 120 143 94
153.1243 -83.2520 3706.6978 119 142 92
162.3189 -86.5701 3854.4285 117 141 91
165.6106 -86.6747 3859.0891 118 142 93
168.7062 -86.6747 3859.0891 117 141 92
172.0097 -86.7797 3863.7612 116 141 90
176.8215 -87.6284 3901.5486 116 140 91
180.3922 -87.8431 3911.1113 116 140 91
183.9803 -88.0590 3920.7207 115 140 89
188.5149 -88.7129 3949.8352 113 139 90
191.6832 -88.7129 3949.8352 113 138 90
194.8515 -88.7129 3949.8352 113 138 86
197.0443 -88.2759 3930.3777 112 136 85
200.6914 -88.4938 3940.0825 112 136 85
204.8635 -88.9330 3959.6362 110 136 84
208.2981 -89.0435 3964.5549 109 135 82
209.6552 -88.2759 3930.3777 110 135 84
212.0246 -87.9509 3915.9102 111 136 84
215.1657 -87.9509 3915.9102 100 124 74
218.3068 -87.9509 3915.9102 64 89 41
221.1765 -87.8431 3911.1113 103 131 85
54.0845 -116.1815 4994.4707 92 126 68
57.5504 -115.1008 4948.0103 104 124 69
60.7657 -113.6907 4887.3916 112 116 59
64.3903 -113.1707 4865.0410 120 138 63
68.2927 -113.1707 4865.0410 125 147 75
85.3333 -93.3837 4014.4236 196 212 163
88.5535 -93.3837 4014.4236 173 195 163
91.5433 -93.1493 4004.3499 161 186 160
94.6366 -93.0326 3999.3318 152 177 150
97.4782 -92.6842 3984.3530 148 174 148
99.5556 -91.6543 3940.0825 147 172 145
101.8360 -90.8690 3906.3240 143 167 139
101.3712 -87.7541 3772.4194 139 162 133
102.4594 -86.1253 3702.3977 137 159 127
103.8629 -84.8457 3647.3906 134 155 116
106.6667 -84.7489 3643.2268 129 150 101
109.5890 -84.7489 3643.2268 129 148 94
112.5114 -84.7489 3643.2268 128 147 94
115.0398 -84.4596 3630.7927 126 146 95
117.9522 -84.4596 3630.7927 127 146 95
121.0023 -84.5558 3634.9280 128 147 97
124.0593 -84.6522 3639.0728 129 148 98
129.3380 -86.2253 3706.6978 127 148 97
133.2398 -86.8304 3732.7097 124 146 95
136.3935 -86.9321 3737.0806 123 144 94
139.3911 -86.9321 3737.0806 120 143 93
142.7230 -87.1362 3745.8530 120 143 92
146.0706 -87.3412 3754.6667 119 143 91
149.0824 -87.3412 3754.6667 120 143 91
152.6328 -87.6505 3767.9656 120 144 91
157.3270 -88.5919 3808.4329 120 145 93
162.3189 -89.6618 3854.4285 119 144 94
165.8111 -89.8789 3863.7612 118 143 95
168.9104 -89.8789 3863.7612 117 141 93
173.6919 -90.7579 3901.5486 116 141 90
177.2549 -90.9804 3911.1113 116 140 90
181.5043 -91.5413 3935.2241 117 141 92
185.8065 -92.1092 3959.6362 116 141 92
190.1623 -92.6842 3984.3530 114 140 90
193.3583 -92.6842 3984.3530 113 139 88
196.5543 -92.6842 3984.3530 111 138 86
199.5013 -92.5686 3979.3850 110 136 86
202.6933 -92.5686 3979.3850 110 136 85
206.9173 -93.0326 3999.3318 110 136 83
210.1253 -93.0326 3999.3318 108 134 81
212.0050 -92.4533 3974.4294 109 133 82
214.9254 -92.3383 3969.4861 110 135 83
218.1095 -92.3383 3969.4861 104 128 78
222.4000 -92.8000 3989.3335 89 112 65
64.6861 -117.6110 4887.3916 126 136 78
82.6329 -97.2152 4039.8313 171 173 129
85.3333 -96.6038 4014.4236 180 194 152
88.5535 -96.6038 4014.4236 173 197 165
91.5433 -96.3614 4004.3499 163 187 159
94.4000 -96.0000 3989.3335 151 177 150
97.4782 -95.8802 3984.3530 144 170 142
99.9257 -95.1673 3954.7295 144 169 141
102.5894 -94.6979 3935.2241 144 167 139
103.8257 -92.9782 3863.7612 143 165 136
105.0178 -91.3199 3794.8474 140 162 130
106.9177 -90.3529 3754.6667 137 158 120
109.8002 -90.2468 3750.2546 132 152 108
112.8085 -90.2468 3750.2546 130 150 101
115.8167 -90.2468 3750.2546 128 148 96
118.8249 -90.2468 3750.2546 128 147 94
121.8331 -90.2468 3750.2546 129 147 94
125.1355 -90.4594 3759.0891 126 144 94
128.1508 -90.4594 3759.0891 124 143 92
131.3208 -90.5660 3763.5222 123 144 91
134.4982 -90.6730 3767.9656 122 144 92
137.6832 -90.7802 3772.4194 122 143 94
140.7092 -90.7802 3772.4194 120 143 95
143.7352 -90.7802 3772.4194 120 143 93
147.1090 -90.9953 3781.3586 120 143 93
150.1422 -90.9953 3781.3586 119 143 92
154.2721 -91.6468 3808.4329 119 145 93
159.2271 -92.7536 3854.4285 122 145 96
163.5037 -93.4307 3882.5630 120 145 96
167.0244 -93.6585 3892.0327 118 144 95
170.5623 -93.8875 3901.5486 118 143 94
174.5455 -94.3489 3920.7207 117 141 90
178.3477 -94.6979 3935.2241 118 142 91
182.6303 -95.2854 3959.6362 118 142 92
187.2000 -96.0000 3989.3335 118 142 91
190.6383 -96.1202 3994.3264 116 140 90
194.0852 -96.2406 3999.3318 114 139 87
197.2932 -96.2406 3999.3318 112 138 87
200.5013 -96.2406 3999.3318 110 136 87
204.9937 -96.8474 4024.5483 108 135 85
215.5614 -100.2611 4166.4058 108 134 82
219.1896 -100.3922 4171.8521 109 134 81
225.1852 -101.5873 4221.5171 107 131 80
230.0932 -102.2637 4249.6230 108 133 85
85.8734 -100.4557 4039.8313 129 139 97
88.7768 -100.0757 4024.5483 157 178 145
91.7736 -99.8239 4014.4236 166 188 158
94.7553 -99.5734 4004.3499 153 178 149
97.8446 -99.4486 3999.3318 144 170 143
99.9257 -98.3395 3954.7295 140 166 138
102.3370 -97.6138 3925.5435 139 163 135
104.4580 -96.6626 3887.2920 137 160 129
106.4096 -95.6145 3845.1406 133 157 121
108.0618 -94.3639 3794.8474 131 154 113
111.1058 -94.3639 3794.8474 130 151 106
114.0143 -94.2518 3790.3406 129 148 100
117.0546 -94.2518 3790.3406 128 147 95
120.0950 -94.2518 3790.3406 127 146 93
123.7232 -94.7017 3808.4329 126 145 92
127.3861 -95.1559 3826.6987 124 143 91
130.4556 -95.1559 3826.6987 121 141 89
133.8462 -95.3846 3835.8975 120 141 88
136.9231 -95.3846 3835.8975 120 141 89
140.0000 -95.3846 3835.8975 121 142 91
143.2491 -95.4994 3840.5134 120 143 92
146.5060 -95.6145 3845.1406 120 144 92
149.9517 -95.8454 3854.4285 120 144 95
153.0435 -95.8454 3854.4285 120 144 95
156.7030 -96.1939 3868.4446 120 145 95
161.3709 -97.1359 3906.3240 122 145 95
164.9080 -97.3742 3915.9102 121 145 94
169.0864 -97.9753 3940.0825 120 144 94
173.1017 -98.4615 3959.6362 121 144 95
176.2779 -98.4615 3959.6362 119 143 93
180.8000 -99.2000 3989.3335 119 142 94
184.6926 -99.5734 4004.3499 119 142 93
188.6146 -99.9496 4019.4795 117 142 91
192.0807 -100.0757 4024.5483 115 140 88
195.0630 -99.9496 4019.4795 113 139 87
198.5372 -100.0757 4024.5483 111 138 86
205.6555 -102.0052 4102.1426 108 136 84
212.2193 -103.6031 4166.4058 106 134 81
217.5494 -104.5586 4204.8311 104 132 79
222.6826 -105.3918 4238.3354 105 131 78
226.9867 -105.8133 4255.2891 106 131 78
233.1984 -107.0985 4306.9727 109 134 84
92.4715 -103.8276 4044.9514 169 190 156
94.9937 -103.0440 4014.4236 158 182 152
97.9674 -102.7855 4004.3499 145 170 141
101.0526 -102.6566 3999.3318 139 165 135
103.0979 -101.5118 3954.7295 137 161 131
105.3563 -100.6388 3920.7207 135 159 126
107.5761 -99.7808 3887.2920 132 156 121
109.7585 -98.9372 3854.4285 129 153 113
112.8503 -98.9372 3854.4285 126 148 105
115.9420 -98.9372 3854.4285 124 144 96
119.0338 -98.9372 3854.4285 122 143 92
124.0736 -100.5153 3915.9102 124 144 92
127.0588 -100.3922 3911.1113 124 144 92
130.0367 -100.2693 3906.3240 123 143 91
132.8449 -100.0244 3896.7849 121 142 89
135.9707 -100.0244 3896.7849 119 142 89
139.2665 -100.1467 3901.5486 118 141 88
142.3961 -100.1467 3901.5486 119 142 88
145.5257 -100.1467 3901.5486 120 143 90
149.0196 -100.3922 3911.1113 121 144 92
152.3436 -100.5153 3915.9102 121 145 95
155.4847 -100.5153 3915.9102 121 145 95
159.0160 -100.7626 3925.5435 121 144 94
162.5647 -101.0111 3935.2241 119 143 92
166.3366 -101.3861 3949.8352 120 144 92
170.9863 -102.2722 3984.3530 121 145 95
174.4000 -102.4000 3989.3335 122 144 96
177.8223 -102.5282 3994.3264 122 145 96
181.7086 -102.9146 4009.3804 120 143 94
185.8586 -103.4343 4029.6296 118 142 91
190.5344 -104.2239 4060.3904 117 141 89
194.0382 -104.3567 4065.5627 114 139 87
198.0563 -104.7570 4081.1594 112 138 86
202.3651 -105.2956 4102.1426 110 136 84
206.9858 -105.9767 4128.6763 108 134 82
213.6137 -107.6478 4193.7803 105 132 79
218.4127 -108.3598 4221.5171 102 129 75
223.5733 -109.2267 4255.2891 104 130 76
228.5101 -109.9597 4283.8481 108 134 80
235.7435 -111.7599 4353.9790 109 134 83
242.2099 -113.1492 4408.1030 110 134 84
96.6965 -108.1690 4086.3850 163 186 155
98.8354 -106.9367 4039.8313 150 174 145
101.5617 -106.3980 4019.4795 140 165 135
104.5226 -106.1307 4009.3804 134 158 127
106.4020 -104.8139 3959.6362 132 156 122
108.6347 -103.9115 3925.5435 130 155 117
111.1002 -103.2763 3901.5486 126 152 110
114.2298 -103.2763 3901.5486 122 146 99
117.3594 -103.2763 3901.5486 119 144 91
121.0811 -103.7838 3920.7207 121 145 91
124.5320 -104.0394 3930.3777 122 144 92
127.6847 -104.0394 3930.3777 124 143 92
130.1961 -103.5294 3911.1113 123 143 90
133.3333 -103.5294 3911.1113 121 141 90
136.4706 -103.5294 3911.1113 118 141 88
139.7791 -103.6564 3915.9102 117 140 87
142.9203 -103.6564 3915.9102 116 138 85
146.2408 -103.7838 3920.7207 118 140 87
149.3858 -103.7838 3920.7207 120 142 89
152.7183 -103.9115 3925.5435 121 144 91
155.8672 -103.9115 3925.5435 121 144 92
159.6049 -104.2963 3940.0825 122 144 92
163.9801 -105.0746 3969.4861 122 142 91
168.0000 -105.6000 3989.3335 122 143 90
171.8444 -105.9975 4004.3499 123 145 93
175.4969 -106.2642 4014.4236 124 145 94
178.9421 -106.3980 4019.4795 123 145 94
183.7865 -107.3444 4055.2310 119 143 93
187.7551 -107.7551 4070.7483 117 141 90
191.2644 -107.8927 4075.9473 116 139 87
195.0320 -108.1690 4086.3850 113 138 85
199.0746 -108.5861 4102.1426 111 137 85
203.6740 -109.2885 4128.6763 110 135 83
208.8773 -110.2872 4166.4058 106 133 80
215.0265 -111.7460 4221.5171 104 130 78
219.5745 -112.3404 4243.9717 104 129 76
223.8718 -112.7904 4260.9702 106 130 78
229.7436 -114.0081 4306.9727 107 133 80
236.3885 -115.5677 4365.8916 109 133 82
241.8759 -116.5241 4402.0229 109 133 83
246.0858 -116.8465 4414.2002 106 131 79
250.6667 -117.3333 4432.5928 99 123 71
96.8205 -111.5898 4091.6240 163 189 156
99.9744 -111.4469 4086.3850 156 180 149
102.9885 -111.1622 4075.9473 142 167 135
105.7179 -110.5972 4055.2310 135 159 126
107.7387 -109.3467 4009.3804 128 154 117
109.7143 -108.1242 3964.5549 125 152 110
112.0592 -107.3243 3935.2241 123 149 108
114.9324 -107.0603 3925.5435 121 146 100
118.0812 -107.0603 3925.5435 119 144 93
122.4348 -108.1242 3964.5549 118 141 87
125.6149 -108.1242 3964.5549 118 138 84
128.7950 -108.1242 3964.5549 120 140 85
131.1605 -107.4568 3940.0825 120 140 84
134.3210 -107.4568 3940.0825 117 139 83
137.4815 -107.4568 3940.0825 116 138 82
140.8158 -107.5896 3944.9526 114 136 80
144.3371 -107.8563 3954.7295 114 133 78
147.6923 -107.9901 3959.6362 113 134 78
151.2438 -108.2587 3969.4861 115 137 81
155.2000 -108.8000 3989.3335 116 140 83
158.5983 -108.9362 3994.3264 115 139 83
162.2083 -109.2095 4004.3499 115 138 83
165.4203 -109.2095 4004.3499 113 139 84
168.8442 -109.3467 4009.3804 116 140 85
172.4937 -109.6222 4019.4795 120 142 88
176.6076 -110.1772 4039.8313 122 143 90
180.5337 -110.5972 4055.2310 118 141 87
184.7254 -111.1622 4075.9473 117 140 87
188.7180 -111.5898 4091.6240 115 139 86
192.2465 -111.7330 4096.8765 113 138 84
197.0505 -112.6003 4128.6763 111 137 82
201.4044 -113.1860 4150.1519 110 136 81
205.5353 -113.6292 4166.4058 109 134 79
211.6402 -115.1323 4221.5171 105 132 77
216.1702 -115.7447 4243.9717 104 130 76
220.1600 -116.0533 4255.2891 104 130 76
224.4712 -116.5194 4272.3784 105 131 77
230.9905 -118.1004 4330.3481 105 132 77
236.3885 -119.0698 4365.8916 107 133 80
241.8759 -120.0552 4402.0229 106 131 77
246.0858 -120.3873 4414.2002 105 129 74
250.6667 -120.8889 4432.5928 107 131 72
100.1026 -114.8718 4091.6240 156 183 150
103.2522 -114.7247 4086.3850 145 172 140
106.5301 -114.7247 4086.3850 134 160 125
109.2484 -114.1401 4065.5627 126 153 113
111.2343 -112.8464 4019.4795 122 151 107
113.7422 -112.1402 3994.3264 120 148 103
116.3636 -111.5816 3974.4294 119 146 99
119.5517 -111.5816 3974.4294 117 143 93
123.5088 -112.2807 3999.3318 116 140 86
126.7168 -112.2807 3999.3318 115 137 81
129.6000 -112.0000 3989.3335 117 136 80
132.3039 -111.5816 3974.4294 118 135 76
135.4919 -111.5816 3974.4294 118 134 74
138.8529 -111.7207 3979.3850 114 132 73
142.4000 -112.0000 3989.3335 111 130 72
145.6000 -112.0000 3989.3335 109 129 72
148.9862 -112.1402 3994.3264 105 127 69
152.5722 -112.4216 4004.3499 102 127 68
156.1761 -112.7044 4014.4236 104 130 70
159.3962 -112.7044 4014.4236 104 130 70
162.8212 -112.8464 4019.4795 107 133 73
166.0453 -112.8464 4019.4795 110 134 77
169.2695 -112.8464 4019.4795 113 137 81
173.5868 -113.5615 4044.9514 115 138 82
177.9592 -114.2857 4070.7483 116 139 83
181.6880 -114.5780 4081.1594 113 137 82
185.4359 -114.8718 4091.6240 111 136 80
189.4466 -115.3153 4107.4219 112 137 81
194.7464 -116.5150 4150.1519 111 136 80
198.8512 -116.9713 4166.4058 110 135 79
204.0580 -118.0501 4204.8311 109 134 79
208.2540 -118.5185 4221.5171 106 132 78
212.7660 -119.1489 4243.9717 104 131 77
216.7467 -119.4667 4255.2891 103 130 76
220.7487 -119.7861 4266.6670 103 130 77
225.0739 -120.2685 4283.8481 103 130 77
230.9905 -121.5740 4330.3481 105 131 78
235.7435 -122.2374 4353.9790 105 131 77
241.2105 -123.2462 4389.9131 101 128 72
246.7684 -124.2718 4426.4448 103 129 74
105.2742 -120.3133 4166.4058 147 174 141
108.0520 -119.6883 4144.7622 135 162 124
110.6581 -118.9161 4118.0215 125 152 109
113.2308 -118.1539 4091.6240 120 147 102
115.6234 -117.2519 4060.3904 119 147 98
118.2785 -116.6582 4039.8313 117 145 94
121.5190 -116.6582 4039.8313 114 142 87
125.7143 -117.5510 4070.7483 112 138 79
129.1443 -117.7011 4075.9473 111 134 72
132.2449 -117.5510 4070.7483 113 132 71
134.3110 -116.5107 4034.7241 116 132 71
137.5474 -116.5107 4034.7241 116 132 70
140.9620 -116.6582 4039.8313 106 125 63
144.3853 -116.8061 4044.9514 102 123 60
147.8173 -116.9543 4050.0847 101 123 60
151.2579 -117.1029 4055.2310 99 123 61
154.7074 -117.2519 4060.3904 98 123 62
158.1656 -117.4013 4065.5627 100 126 65
161.4268 -117.4013 4065.5627 103 129 68
164.6879 -117.4013 4065.5627 108 133 74
167.9491 -117.4013 4065.5627 112 137 79
171.2102 -117.4013 4065.5627 111 138 80
174.9170 -117.7011 4075.9473 112 138 81
178.6428 -118.0026 4086.3850 114 139 84
182.3877 -118.3055 4096.8765 114 139 83
186.8734 -119.0698 4123.3423 110 136 78
191.6667 -120.0000 4155.5557 107 133 76
196.2778 -120.7864 4182.7871 104 132 73
200.6851 -121.4229 4204.8311 103 131 73
205.1391 -122.0662 4227.1084 105 132 75
209.3617 -122.5532 4243.9717 106 132 76
213.3333 -122.8800 4255.2891 106 132 77
217.0360 -123.0441 4260.9702 103 130 75
221.0442 -123.3735 4272.3784 104 130 76
225.6797 -124.0377 4295.3794 101 128 74
230.9905 -125.0475 4330.3481 104 131 77
235.7435 -125.7299 4353.9790 103 130 76
241.2105 -126.7675 4389.9131 101 128 75
103.8298 -125.9575 4243.9717 161 187 152
107.2340 -125.9575 4243.9717 146 173 139
109.0433 -124.1415 4182.7871 137 164 125
111.9582 -123.6554 4166.4058 127 153 111
115.0000 -123.3333 4155.5557 120 147 100
117.7202 -122.6943 4134.0244 116 146 95
120.7235 -122.3773 4123.3423 115 144 90
124.0310 -122.3773 4123.3423 114 143 86
128.8366 -123.8170 4171.8521 111 140 80
132.3560 -123.9791 4177.3125 109 136 71
134.8245 -123.1730 4150.1519 104 129 63
136.9072 -122.0619 4112.7148 102 124 60
140.2062 -122.0619 4112.7148 101 121 58
143.5052 -122.0619 4112.7148 99 121 55
146.8041 -122.0619 4112.7148 97 120 54
150.1031 -122.0619 4112.7148 96 121 56
153.4021 -122.0619 4112.7148 96 121 57
156.4994 -121.9048 4107.4219 96 121 58
159.7941 -121.9048 4107.4219 98 124 61
162.8792 -121.7481 4102.1426 102 128 66
166.1697 -121.7481 4102.1426 107 131 72
169.4602 -121.7481 4102.1426 108 134 75
172.7507 -121.7481 4102.1426 109 135 76
176.2677 -121.9048 4107.4219 109 135 78
180.4916 -122.5356 4128.6763 110 136 79
184.5195 -123.0130 4144.7622 111 137 79
188.5789 -123.4941 4160.9736 108 135 76
192.9227 -124.1415 4182.7871 105 130 72
197.5726 -124.9604 4210.3784 103 130 72
202.0159 -125.6234 4232.7144 101 129 71
206.2317 -126.1252 4249.6230 106 132 75
209.9200 -126.2933 4255.2891 109 133 78
213.6181 -126.4620 4260.9702 105 132 77
217.6171 -126.8005 4272.3784 102 130 74
222.2342 -127.4832 4295.3794 102 129 74
226.9012 -128.1732 4318.6289 102 129 74
231.3044 -128.6956 4336.2319 103 131 77
236.3885 -129.5759 4365.8916 105 130 77
243.8943 -131.7385 4438.7578 106 131 81
105.7995 -131.8157 4324.4805 162 189 153
107.2340 -129.3617 4243.9717 148 175 142
110.6383 -129.3617 4243.9717 138 165 127
113.1398 -128.3377 4210.3784 127 155 112
116.3636 -128.1687 4204.8311 120 149 102
118.9529 -127.3298 4177.3125 117 146 95
122.1438 -127.1634 4171.8521 115 145 89
126.3158 -128.0000 4199.2983 112 142 84
130.5431 -128.8477 4227.1084 109 139 79
133.7566 -128.6773 4221.5171 106 134 71
136.7810 -128.3377 4210.3784 104 131 65
138.3333 -126.6667 4155.5557 99 125 61
141.4825 -126.5020 4150.1519 97 120 56
145.0000 -126.6667 4155.5557 97 120 55
148.3333 -126.6667 4155.5557 96 119 54
151.4695 -126.5020 4150.1519 96 120 55
154.7984 -126.5020 4150.1519 95 121 56
157.9221 -126.3377 4144.7622 96 121 57
161.0376 -126.1738 4139.3862 97 122 58
164.3580 -126.1738 4139.3862 98 125 60
167.6783 -126.1738 4139.3862 98 127 64
170.9987 -126.1738 4139.3862 101 128 66
174.5455 -126.3377 4144.7622 105 131 70
178.1014 -126.5020 4150.1519 105 131 73
182.1410 -126.9974 4166.4058 104 132 74
185.7255 -127.1634 4171.8521 105 132 74
189.8163 -127.6640 4188.2764 108 134 74
195.4847 -129.1899 4238.3354 106 132 71
199.4141 -129.5340 4249.6230 106 131 73
203.3645 -129.8799 4260.9702 106 132 76
207.6139 -130.4021 4278.1055 107 132 77
211.6129 -130.7527 4289.6060 107 132 75
215.6334 -131.1051 4301.1680 105 131 74
219.9729 -131.6374 4318.6289 104 130 73
223.4371 -131.6374 4318.6289 103 129 72
227.8261 -132.1739 4336.2319 105 130 75
232.5683 -132.8962 4359.9272 104 130 76
239.6671 -134.9237 4426.4448 106 131 81
246.2921 -136.6292 4482.3970 107 131 82
106.0870 -135.6522 4336.2319 167 190 145
109.2683 -135.2845 4324.4805 156 182 146
112.7371 -135.2845 4324.4805 139 168 132
115.5795 -134.5553 4301.1680 130 157 117
118.3914 -133.8338 4278.1055 121 150 103
121.3351 -133.2977 4260.9702 116 147 94
124.7530 -133.2977 4260.9702 113 145 88
128.1709 -133.2977 4260.9702 110 143 84
131.4133 -133.1200 4255.2891 107 139 79
134.6472 -132.9427 4249.6230 107 136 74
137.3245 -132.2384 4227.1084 103 131 66
140.1583 -131.7151 4210.3784 102 127 62
143.5356 -131.7151 4210.3784 99 124 58
147.1070 -131.8891 4215.9404 96 122 54
150.4888 -131.8891 4215.9404 95 121 55
154.2782 -132.2384 4227.1084 95 120 55
157.6689 -132.2384 4227.1084 97 122 58
161.0596 -132.2384 4227.1084 97 123 59
164.2328 -132.0635 4221.5171 96 123 58
167.3976 -131.8891 4215.9404 95 123 57
170.7794 -131.8891 4215.9404 96 122 59
174.6225 -132.2384 4227.1084 97 125 62
178.0133 -132.2384 4227.1084 100 127 64
181.6446 -132.4138 4232.7144 101 128 67
185.5319 -132.7660 4243.9717 100 129 67
188.9362 -132.7660 4243.9717 100 129 68
192.8533 -133.1200 4255.2891 105 132 72
197.0549 -133.6546 4272.3784 108 133 74
200.7507 -133.8338 4278.1055 108 133 75
205.5601 -134.7368 4306.9727 108 133 76
210.4348 -135.6522 4336.2319 106 131 74
214.2041 -135.8367 4342.1318 104 129 72
217.6871 -135.8367 4342.1318 103 130 72
221.7735 -136.2074 4353.9790 103 129 73
225.2660 -136.2074 4353.9790 104 130 74
229.0711 -136.3934 4359.9272 104 130 75
236.1165 -138.4743 4426.4448 105 129 77
241.0042 -139.2469 4451.1392 107 131 79
246.9859 -140.6197 4495.0234 106 131 80
252.3688 -141.6170 4526.9033 101 127 77
110.0136 -139.6999 4353.9790 170 195 152
113.3515 -139.5095 4348.0474 149 175 144
116.6803 -139.3197 4342.1318 135 163 125
120.0000 -139.1304 4336.2319 125 154 109
123.1436 -138.7534 4324.4805 119 149 100
126.2703 -138.3784 4312.7930 114 144 91
129.5547 -138.1916 4306.9727 110 142 84
133.0095 -138.1916 4306.9727 108 140 79
135.5496 -137.2654 4278.1055 106 136 73
138.2400 -136.5333 4255.2891 101 131 67
141.2766 -136.1702 4243.9717 98 126 60
144.6809 -136.1702 4243.9717 96 124 55
148.6782 -136.7156 4260.9702 93 120 52
152.5034 -137.0817 4272.3784 94 119 53
156.3490 -137.4497 4283.8481 92 118 52
160.0000 -137.6344 4289.6060 93 118 52
163.4409 -137.6344 4289.6060 95 119 54
166.6577 -137.4497 4283.8481 94 120 54
170.0940 -137.4497 4283.8481 94 120 54
173.7634 -137.6344 4289.6060 94 120 55
177.4428 -137.8197 4295.3794 95 123 58
181.1321 -138.0054 4301.1680 96 125 61
184.5822 -138.0054 4301.1680 98 126 65
188.0323 -138.0054 4301.1680 99 127 66
191.4825 -138.0054 4301.1680 101 129 69
195.4595 -138.3784 4312.7930 105 132 72
199.7286 -138.9417 4330.3481 112 137 79
203.4783 -139.1304 4336.2319 113 136 79
207.5204 -139.5095 4348.0474 109 133 76
211.8742 -140.0821 4365.8916 104 130 72
215.6712 -140.2740 4371.8721 101 127 68
219.1781 -140.2740 4371.8721 99 127 68
222.9904 -140.4664 4377.8691 102 130 72
228.3817 -141.6321 4414.2002 103 130 74
232.5659 -142.0250 4426.4448 104 131 77
237.1031 -142.6184 4444.9399 106 131 79
242.0168 -143.4174 4469.8413 106 131 80
246.9859 -144.2254 4495.0234 104 129 80
250.5916 -144.2254 4495.0234 98 124 76
256.7283 -145.6615 4539.7822 93 118 68
430.1887 -120.7547 3763.5222 135 151 104
113.5061 -143.1924 4353.9790 158 185 152
116.9986 -143.1924 4353.9790 144 171 140
120.3270 -142.9973 4348.0474 132 161 123
123.6463 -142.8027 4342.1318 124 153 111
127.1293 -142.8027 4342.1318 119 148 101
130.4348 -142.6087 4336.2319 114 145 91
133.7314 -142.4152 4330.3481 111 141 83
136.6487 -141.8378 4312.7930 107 137 75
139.7305 -141.4555 4301.1680 103 134 70
143.1806 -141.4555 4301.1680 98 128 63
146.6307 -141.4555 4301.1680 94 123 56
150.0809 -141.4555 4301.1680 93 119 53
153.7382 -141.6464 4306.9727 91 117 51
157.6184 -142.0298 4318.6289 89 116 49
161.0826 -142.0298 4318.6289 89 115 48
164.5467 -142.0298 4318.6289 90 117 50
168.0108 -142.0298 4318.6289 92 120 52
171.4750 -142.0298 4318.6289 93 120 54
174.9391 -142.0298 4318.6289 94 120 54
178.4033 -142.0298 4318.6289 95 122 56
181.8674 -142.0298 4318.6289 94 123 59
185.3315 -142.0298 4318.6289 98 127 62
188.7957 -142.0298 4318.6289 102 129 66
192.2598 -142.0298 4318.6289 105 131 70
196.2551 -142.4152 4330.3481 110 136 78
200.0000 -142.6087 4336.2319 116 140 83
204.0327 -142.9973 4348.0474 116 139 83
208.3721 -143.5842 4365.8916 110 135 78
212.1644 -143.7808 4371.8721 104 131 72
216.5612 -144.3741 4389.9131 101 128 69
220.6897 -144.7724 4402.0229 104 131 73
225.1524 -145.3740 4420.3140 106 132 78
229.0153 -145.5756 4426.4448 107 133 80
233.2128 -145.9805 4438.7578 109 134 82
237.1031 -146.1839 4444.9399 106 130 79
241.0042 -146.3877 4451.1392 102 127 77
245.6022 -147.0028 4469.8413 100 125 75
250.5916 -147.8310 4495.0234 94 120 68
256.0000 -148.8794 4526.9033 88 111 62
424.1510 -123.7736 3763.5222 167 189 149
426.6667 -123.6278 3759.0891 144 171 124
430.1887 -123.7736 3763.5222 125 152 97
433.2076 -123.7736 3763.5222 116 136 78
437.2577 -124.0662 3772.4194 129 145 89
116.3636 -150.3776 4463.5898 169 194 149
117.8022 -147.6923 4383.8828 147 176 142
121.9889 -148.5083 4408.1030 140 168 136
124.6639 -147.4897 4377.8691 132 161 125
128.0000 -147.2877 4371.8721 126 154 113
130.9686 -146.6849 4353.9790 121 149 103
134.2779 -146.4850 4348.0474 116 146 94
137.3913 -146.0870 4336.2319 111 142 83
140.6784 -145.8887 4330.3481 107 138 77
143.9566 -145.6911 4324.4805 103 133 68
147.4255 -145.6911 4324.4805 99 128 61
150.8943 -145.6911 4324.4805 96 124 56
154.3631 -145.6911 4324.4805 91 118 51
158.0461 -145.8887 4330.3481 88 115 48
161.5197 -145.8887 4330.3481 88 115 48
164.9932 -145.8887 4330.3481 89 115 49
168.2385 -145.6911 4324.4805 94 120 54
171.7073 -145.6911 4324.4805 93 121 54
175.1761 -145.6911 4324.4805 94 121 55
178.6450 -145.6911 4324.4805 97 123 57
182.1138 -145.6911 4324.4805 99 125 60
185.5827 -145.6911 4324.4805 104 130 68
189.0515 -145.6911 4324.4805 110 134 76
192.7816 -145.8887 4330.3481 113 137 80
196.5218 -146.0870 4336.2319 115 139 84
200.5450 -146.4850 4348.0474 114 139 84
204.3111 -146.6849 4353.9790 114 139 83
208.6575 -147.2877 4371.8721 108 132 75
213.0399 -147.8955 4389.9131 107 129 72
217.4586 -148.5083 4408.1030 110 134 77
221.6067 -148.9197 4420.3140 110 136 80
225.7778 -149.3333 4432.5928 111 136 82
229.6523 -149.5410 4438.7578 109 133 82
233.2128 -149.5410 4438.7578 106 131 79
237.1031 -149.7493 4444.9399 100 125 72
240.3338 -149.5410 4438.7578 95 122 68
244.5746 -149.9582 4451.1392 93 121 68
249.1877 -150.5882 4469.8413 90 116 66
422.1277 -127.0922 3772.4194 168 194 157
424.1510 -126.7925 3763.5222 151 181 139
427.1698 -126.7925 3763.5222 137 168 116
430.1887 -126.7925 3763.5222 131 156 96
433.2076 -126.7925 3763.5222 122 139 75
437.2577 -127.0922 3772.4194 146 158 99
114.8718 -156.8091 4546.2490 184 203 140
117.5141 -155.4802 4507.7212 172 197 148
119.9441 -153.9581 4463.5898 155 181 144
122.8373 -153.1015 4438.7578 145 171 140
126.3978 -153.1015 4438.7578 139 167 138
129.0608 -152.0442 4408.1030 135 162 128
131.5069 -150.7945 4371.8721 130 157 118
134.6448 -150.3825 4359.9272 123 152 107
137.7657 -149.9728 4348.0474 117 148 97
141.0612 -149.7687 4342.1318 112 143 87
144.3478 -149.5652 4336.2319 107 138 76
147.8261 -149.5652 4336.2319 102 132 66
151.3044 -149.5652 4336.2319 98 128 61
154.7826 -149.5652 4336.2319 94 123 56
158.2609 -149.5652 4336.2319 90 119 52
161.7391 -149.5652 4336.2319 89 117 51
165.2174 -149.5652 4336.2319 90 116 51
168.6957 -149.5652 4336.2319 94 120 54
172.1739 -149.5652 4336.2319 98 125 59
175.6522 -149.5652 4336.2319 100 126 62
178.8874 -149.3623 4330.3481 103 129 66
182.3609 -149.3623 4330.3481 108 133 71
186.0870 -149.5652 4336.2319 114 138 80
189.5652 -149.5652 4336.2319 118 141 87
193.0435 -149.5652 4336.2319 117 141 87
197.0572 -149.9728 4348.0474 115 140 87
200.8186 -150.1774 4353.9790 114 139 86
204.8701 -150.5882 4365.8916 115 139 84
209.5186 -151.4168 4389.9131 112 135 82
214.2186 -152.2545 4414.2002 111 135 83
218.0610 -152.4654 4420.3140 111 135 84
222.2222 -152.8889 4432.5928 110 134 82
226.0918 -153.1015 4438.7578 107 132 79
229.9722 -153.3148 4444.9399 103 129 75
233.2128 -153.1015 4438.7578 97 124 68
236.4445 -152.8889 4432.5928 92 120 63
240.0000 -152.8889 4432.5928 91 117 61
244.2340 -153.3148 4444.9399 91 116 65
420.5931 -130.5813 3785.8442 173 197 163
422.6273 -130.2722 3776.8838 158 188 145
424.1510 -129.8113 3763.5222 134 167 116
427.1698 -129.8113 3763.5222 123 155 98
430.1887 -129.8113 3763.5222 130 149 90
433.2076 -129.8113 3763.5222 129 135 77
436.7415 -129.9646 3767.9656 175 176 118
114.7084 -160.2276 4539.7822 165 192 132
117.6803 -159.3211 4514.0972 175 195 137
121.1299 -159.0961 4507.7212 171 193 145
123.6975 -157.7591 4469.8413 149 173 137
126.9274 -157.3185 4457.3560 142 169 137
129.9583 -156.6620 4438.7578 137 166 135
133.1484 -156.2275 4426.4448 133 162 129
135.9448 -155.3655 4402.0229 129 157 120
138.9011 -154.7253 4383.8828 124 153 111
142.0274 -154.3014 4371.8721 120 149 104
145.1366 -153.8798 4359.9272 115 144 93
148.4311 -153.6699 4353.9790 109 138 81
151.9236 -153.6699 4353.9790 104 134 73
155.4161 -153.6699 4353.9790 102 131 68
159.1257 -153.8798 4359.9272 98 126 62
162.8454 -154.0903 4365.8916 97 124 59
166.3475 -154.0903 4365.8916 96 122 57
169.8495 -154.0903 4365.8916 99 124 61
173.3516 -154.0903 4365.8916 106 131 69
176.8536 -154.0903 4365.8916 111 135 75
179.8636 -153.6699 4353.9790 111 137 80
183.3561 -153.6699 4353.9790 115 140 84
186.8486 -153.6699 4353.9790 117 142 86
190.3411 -153.6699 4353.9790 117 142 88
193.8336 -153.6699 4353.9790 115 141 87
197.5956 -153.8798 4359.9272 114 140 87
201.3680 -154.0903 4365.8916 113 139 85
205.9973 -154.9381 4389.9131 112 138 84
210.6777 -155.7953 4414.2002 112 137 84
215.1111 -156.4445 4432.5928 109 134 83
218.6667 -156.4445 4432.5928 106 131 80
222.5313 -156.6620 4438.7578 103 128 74
226.4067 -156.8802 4444.9399 100 126 70
230.9371 -157.5385 4463.5898 95 122 67
234.5175 -157.5385 4463.5898 91 118 63
237.4338 -157.0990 4451.1392 90 117 61
240.0000 -156.4445 4432.5928 90 115 61
422.0624 -135.0600 3826.6987 170 196 163
422.5983 -134.2551 3803.8936 171 199 154
423.6299 -133.6180 3785.8442 162 194 137
425.6569 -133.3018 3776.8838 121 158 101
427.6742 -132.9870 3767.9656 104 137 79
430.1887 -132.8302 3763.5222 104 131 70
433.7191 -132.9870 3767.9656 127 140 81
436.7415 -132.9870 3767.9656 187 185 129
118.3499 -163.8692 4539.7822 152 184 117
121.8182 -163.6364 4533.3335 156 188 130
124.7458 -162.7119 4507.7212 149 180 138
126.9274 -160.8939 4457.3560 143 170 135
130.1393 -160.4457 4444.9399 140 166 132
133.3333 -160.0000 4432.5928 137 163 131
136.6990 -159.7781 4426.4448 132 160 129
140.0554 -159.5568 4420.3140 128 156 120
143.8003 -159.7781 4426.4448 125 153 113
147.3509 -159.7781 4426.4448 123 151 107
150.4841 -159.3361 4414.2002 120 149 101
154.0249 -159.3361 4414.2002 116 144 92
157.3481 -159.1160 4408.1030 112 140 83
160.6621 -158.8966 4402.0229 111 138 79
164.1931 -158.8966 4402.0229 109 134 74
167.9558 -159.1160 4408.1030 108 132 73
171.4917 -159.1160 4408.1030 110 134 76
175.2697 -159.3361 4414.2002 112 136 79
178.8105 -159.3361 4414.2002 115 139 82
182.0995 -159.1160 4408.1030 115 139 85
185.6354 -159.1160 4408.1030 116 140 85
189.1713 -159.1160 4408.1030 116 140 87
192.7072 -159.1160 4408.1030 115 139 87
196.2431 -159.1160 4408.1030 113 139 86
199.7790 -159.1160 4408.1030 112 138 83
203.3149 -159.1160 4408.1030 110 135 81
207.1369 -159.3361 4414.2002 108 133 79
211.5556 -160.0000 4432.5928 108 132 78
215.1111 -160.0000 4432.5928 104 129 74
218.6667 -160.0000 4432.5928 98 126 69
222.5313 -160.2225 4438.7578 95 123 66
226.4067 -160.4457 4444.9399 94 122 65
232.8914 -162.4824 4501.3638 93 120 65
236.5021 -162.4824 4501.3638 91 117 64
421.0121 -138.7952 3845.1406 168 196 164
422.0624 -138.1295 3826.6987 161 191 152
423.1026 -137.4702 3808.4329 158 188 139
424.1330 -136.8171 3790.3406 143 174 122
426.6667 -136.6548 3785.8442 109 143 87
428.6864 -136.3314 3776.8838 99 129 70
431.2057 -136.1702 3772.4194 102 127 67
433.7191 -136.0095 3767.9656 118 135 81
128.3616 -166.3277 4507.7212 137 171 127
130.5028 -164.4693 4457.3560 140 166 134
133.8912 -164.2399 4451.1392 138 162 127
136.8889 -163.5556 4432.5928 133 160 125
140.4445 -163.5556 4432.5928 128 157 124
144.0000 -163.5556 4432.5928 125 155 118
147.5556 -163.5556 4432.5928 122 151 113
150.9015 -163.3287 4426.4448 119 150 108
154.2382 -163.1025 4420.3140 119 148 102
157.5657 -162.8769 4414.2002 116 144 92
161.1065 -162.8769 4414.2002 114 140 84
164.6473 -162.8769 4414.2002 112 137 80
168.4211 -163.1025 4420.3140 111 136 79
172.4445 -163.5556 4432.5928 111 137 81
176.0000 -163.5556 4432.5928 112 138 82
179.5556 -163.5556 4432.5928 114 138 83
183.1111 -163.5556 4432.5928 113 138 83
186.4078 -163.3287 4426.4448 111 137 83
189.6953 -163.1025 4420.3140 112 137 84
193.2410 -163.1025 4420.3140 111 136 82
196.7867 -163.1025 4420.3140 109 135 80
200.3324 -163.1025 4420.3140 106 133 77
204.1609 -163.3287 4426.4448 103 130 75
208.0000 -163.5556 4432.5928 101 127 72
211.5556 -163.5556 4432.5928 101 127 70
215.4103 -163.7831 4438.7578 100 126 70
218.9708 -163.7831 4438.7578 97 124 68
222.8412 -164.0112 4444.9399 95 122 67
420.4606 -142.7394 3868.4446 169 198 164
421.0121 -141.8795 3845.1406 160 191 150
423.0769 -141.5385 3835.8975 156 187 144
425.1319 -141.1991 3826.6987 134 165 120
426.1575 -140.5251 3808.4329 110 142 89
427.1734 -139.8575 3790.3406 109 139 83
429.7034 -139.6916 3785.8442 109 132 76
431.7160 -139.3610 3776.8838 123 142 86
435.7770 -139.6916 3785.8442 137 158 107
143.2295 -170.4249 4520.4912 132 159 124
145.6180 -168.9888 4482.3970 129 156 120
148.5874 -168.2797 4463.5898 125 153 114
152.1678 -168.2797 4463.5898 121 150 109
155.5307 -168.0447 4457.3560 119 148 105
158.8842 -167.8103 4451.1392 116 144 96
162.4547 -167.8103 4451.1392 111 140 87
166.0251 -167.8103 4451.1392 110 137 83
170.0699 -168.2797 4463.5898 108 136 81
174.3820 -168.9888 4482.3970 108 135 80
178.4789 -169.4648 4495.0234 109 136 81
182.0845 -169.4648 4495.0234 111 136 83
185.4290 -169.2265 4488.7017 112 138 84
188.7641 -168.9888 4482.3970 110 136 82
192.3596 -168.9888 4482.3970 108 134 79
195.4062 -168.5154 4469.8413 107 131 76
198.7133 -168.2797 4463.5898 105 129 73
200.8889 -167.1111 4432.5928 102 128 71
204.1609 -166.8793 4426.4448 100 128 70
208.0000 -167.1111 4432.5928 99 127 70
212.7375 -168.0447 4457.3560 99 126 69
216.9188 -168.5154 4469.8413 100 127 73
398.8837 -186.5426 4948.0103 144 116 59
399.1398 -184.8233 4902.4067 145 115 59
403.0722 -184.8233 4902.4067 150 127 70
407.0046 -184.8233 4902.4067 161 145 89
418.0000 -188.0000 4986.6670 156 141 88
422.6605 -188.2942 4994.4707 122 115 65
421.4443 -147.2705 3906.3240 175 203 166
419.9516 -145.6659 3863.7612 171 202 157
421.5199 -145.1387 3849.7791 145 176 133
423.5861 -144.7894 3840.5134 125 158 112
426.1539 -144.6154 3835.8975 107 142 91
428.2015 -144.2686 3826.6987 100 132 78
429.2124 -143.5800 3808.4329 111 139 80
431.2381 -143.2381 3799.3652 117 138 80
434.2858 -143.2381 3799.3652 125 144 93
148.1143 -175.5429 4559.2383 129 157 124
150.6951 -174.2979 4526.9033 125 154 118
154.5455 -174.5455 4533.3335 123 152 113
158.1818 -174.5455 4533.3335 121 149 109
161.1315 -173.8048 4514.0972 115 145 100
164.7525 -173.8048 4514.0972 109 140 90
168.3734 -173.8048 4514.0972 109 138 87
172.2380 -174.0510 4520.4912 106 134 81
176.1135 -174.2979 4526.9033 101 130 74
180.0000 -174.5455 4533.3335 99 128 70
183.6364 -174.5455 4533.3335 103 130 75
187.0071 -174.2979 4526.9033 107 133 79
190.0990 -173.8048 4514.0972 108 134 79
193.4463 -173.5593 4507.7212 105 132 77
195.9551 -172.5843 4482.3970 104 130 75
198.9916 -172.1008 4469.8413 102 129 73
202.2937 -171.8602 4463.5898 102 129 73
205.8741 -171.8602 4463.5898 103 129 74
209.7479 -172.1008 4469.8413 102 128 76
385.9394 -186.1818 4835.5557 145 113 56
389.8182 -186.1818 4835.5557 144 116 59
395.4947 -187.0320 4857.6357 155 137 80
400.0001 -187.3171 4865.0410 159 145 91
403.9025 -187.3171 4865.0410 161 146 90
409.6784 -188.1777 4887.3916 161 145 88
421.4057 -151.5166 3935.2241 171 197 164
420.4152 -150.0366 3896.7849 162 194 154
419.9516 -148.7651 3863.7612 153 186 145
421.5199 -148.2268 3849.7791 120 154 112
423.5861 -147.8700 3840.5134 102 138 88
426.6667 -147.8700 3840.5134 93 128 74
429.2308 -147.6923 3835.8975 95 125 68
432.3077 -147.6923 3835.8975 113 135 77
435.3846 -147.6923 3835.8975 130 143 94
149.3948 -180.7493 4598.6553 126 158 116
151.7714 -179.2000 4559.2383 125 156 117
155.6509 -179.4564 4565.7607 122 152 115
159.3133 -179.4564 4565.7607 120 149 111
162.7429 -179.2000 4559.2383 116 146 103
165.9259 -178.6895 4546.2490 111 142 95
169.5727 -178.6895 4546.2490 108 138 87
173.7143 -179.2000 4559.2383 106 135 80
177.6252 -179.4564 4565.7607 102 131 76
181.2876 -179.4564 4565.7607 100 129 74
184.9499 -179.4564 4565.7607 100 128 74
188.6123 -179.4564 4565.7607 100 129 75
192.0000 -179.2000 4559.2383 100 129 74
195.3780 -178.9444 4552.7344 100 128 74
197.6204 -177.6771 4520.4912 101 129 75
201.2465 -177.6771 4520.4912 101 129 76
377.4851 -187.7845 4777.6450 142 113 58
384.7734 -189.4864 4820.9468 148 116 58
389.2285 -189.7731 4828.2402 148 116 59
393.6970 -190.0606 4835.5557 149 124 67
398.1791 -190.3490 4842.8936 155 135 79
403.2877 -190.9285 4857.6357 157 139 84
408.4275 -191.5115 4872.4683 160 143 87
418.2491 -154.6732 3935.2241 167 196 161
418.8236 -153.7255 3911.1113 158 190 155
420.4152 -153.1624 3896.7849 146 176 144
419.9516 -151.8644 3863.7612 126 159 126
421.5199 -151.3148 3849.7791 105 139 98
424.0964 -151.1325 3845.1406 100 133 83
426.6667 -150.9507 3840.5134 95 124 72
429.7473 -150.9507 3840.5134 105 128 74
432.8279 -150.9507 3840.5134 123 137 90
149.6104 -184.7042 4605.2910 150 175 120
153.0836 -184.4380 4598.6553 150 175 123
156.7723 -184.4380 4598.6553 140 167 123
160.4611 -184.4380 4598.6553 123 153 114
164.6243 -184.9711 4611.9463 116 148 109
168.3237 -184.9711 4611.9463 112 143 99
172.0231 -184.9711 4611.9463 108 137 89
175.9769 -185.2388 4618.6206 106 135 81
179.9420 -185.5072 4625.3140 103 131 76
183.6522 -185.5072 4625.3140 100 128 74
187.6343 -185.7765 4632.0273 99 126 73
191.3498 -185.7765 4632.0273 98 127 76
194.7826 -185.5072 4625.3140 97 127 74
198.4928 -185.5072 4625.3140 97 126 73
375.2381 -190.4762 4749.2065 121 112 77
380.7474 -191.3304 4770.5034 130 111 65
389.2285 -193.6460 4828.2402 141 112 57
394.2944 -194.2337 4842.8936 147 116 61
398.1791 -194.2337 4842.8936 151 127 69
402.6748 -194.5289 4850.2534 164 146 92
416.3265 -163.2653 4070.7483 175 200 154
418.5242 -162.8499 4060.3904 174 202 160
420.1775 -162.2307 4044.9514 183 209 164
419.6985 -160.8040 4009.3804 172 199 156
417.6675 -158.8089 3959.6362 164 194 156
418.2491 -157.8298 3935.2241 156 188 153
419.3374 -157.0552 3915.9102 141 174 142
420.9291 -156.4792 3901.5486 123 156 124
421.4824 -155.5286 3877.8455 110 139 101
422.5393 -154.7763 3859.0891 100 129 84
424.6080 -154.4029 3849.7791 97 126 75
427.6960 -154.4029 3849.7791 109 132 78
430.7841 -154.4029 3849.7791 121 135 88
145.9163 -188.3983 4605.2910 108 150 106
149.6104 -188.3983 4605.2910 112 151 106
153.0836 -188.1268 4598.6553 117 155 107
156.7723 -188.1268 4598.6553 119 155 109
160.4611 -188.1268 4598.6553 115 152 107
164.6243 -188.6705 4611.9463 108 146 103
168.3237 -188.6705 4611.9463 109 145 102
172.5217 -189.2174 4625.3140 109 142 97
177.0015 -190.0437 4645.5122 107 138 88
181.2555 -190.5986 4659.0757 104 134 83
184.9927 -190.5986 4659.0757 102 131 79
189.0059 -190.8772 4665.8872 99 128 76
192.7486 -190.8772 4665.8872 98 126 74
196.4912 -190.8772 4665.8872 99 128 75
207.5152 -197.8182 4835.5557 106 131 76
382.8572 -194.2857 4749.2065 129 110 67
394.2944 -198.1184 4842.8936 145 115 59
398.1791 -198.1184 4842.8936 153 127 68
413.0612 -166.5306 4070.7483 168 193 148
415.2672 -166.1069 4060.3904 170 198 161
416.9328 -165.4753 4044.9514 172 201 161
416.4824 -164.0201 4009.3804 173 203 158
417.6000 -163.2000 3989.3335 155 188 148
417.6675 -161.9851 3959.6362 148 181 148
418.2491 -160.9865 3935.2241 138 169 139
419.8526 -160.3931 3920.7207 121 153 122
421.9608 -160.0000 3911.1113 104 137 98
422.5092 -159.0256 3887.2920 96 127 79
423.5637 -158.2546 3868.4446 94 122 70
425.6348 -157.8718 3859.0891 96 121 65
428.7303 -157.8718 3859.0891 115 132 83
142.8406 -192.9275 4625.3140 108 154 111
145.4964 -191.5396 4592.0386 107 154 108
148.7518 -190.9900 4578.8618 107 155 106
152.8633 -191.5396 4592.0386 108 155 105
156.9986 -192.0923 4605.2910 107 153 105
160.9249 -192.3699 4611.9463 105 151 102
164.8625 -192.6483 4618.6206 104 149 100
185.0373 -198.3905 4756.2842 103 143 94
188.8525 -198.3905 4756.2842 100 138 87
192.9552 -198.6866 4763.3833 100 133 80
197.0703 -198.9836 4770.5034 97 127 68
203.6364 -201.6970 4835.5557 99 127 63
398.7842 -202.3100 4850.2534 147 117 59
410.8440 -170.2302 4081.1594 166 195 149
412.5351 -169.5796 4065.5627 167 197 158
414.2132 -168.9340 4050.0847 163 194 157
415.8787 -168.2933 4034.7241 155 188 151
414.9187 -166.6083 3994.3264 147 181 146
416.5586 -165.9850 3979.3850 137 171 139
417.6675 -165.1613 3959.6362 126 161 131
418.2491 -164.1431 3935.2241 116 149 116
420.3690 -163.7393 3925.5435 105 137 98
422.9976 -163.5381 3920.7207 98 128 82
425.0981 -163.1373 3911.1113 96 122 70
425.6273 -162.1437 3887.2920 103 125 69
426.6667 -161.3576 3868.4446 115 131 83
432.9182 -162.5397 3896.7849 128 136 100
142.8406 -196.6377 4625.3140 118 161 118
145.4964 -195.2230 4592.0386 117 162 116
148.7518 -194.6628 4578.8618 116 163 115
409.6659 -174.3959 4102.1426 167 196 157
410.3193 -173.2823 4075.9473 161 193 156
412.0102 -172.6209 4060.3904 154 188 154
413.6882 -171.9645 4044.9514 148 183 150
414.3073 -170.8816 4019.4795 143 178 146
414.9187 -169.8123 3994.3264 134 168 138
416.5586 -169.1771 3979.3850 121 154 124
417.6675 -168.3375 3959.6362 109 142 107
420.3222 -168.1289 3954.7295 98 131 89
421.4057 -167.2996 3935.2241 94 124 76
424.0394 -167.0936 3930.3777 97 122 69
427.7189 -167.2996 3935.2241 114 131 74
408.4755 -178.6047 4123.3423 159 191 159
409.6659 -177.6864 4102.1426 151 185 153
410.3193 -176.5517 4075.9473 144 179 147
412.0102 -175.8779 4060.3904 140 174 144
413.6882 -175.2091 4044.9514 135 167 138
413.7862 -173.8868 4014.4236 127 160 129
414.9187 -173.0163 3994.3264 114 149 114
417.0787 -172.5843 3984.3530 103 136 98
419.2279 -172.1544 3974.4294 98 127 83
420.8437 -171.5137 3959.6362 94 121 70
421.9260 -170.6667 3940.0825 100 123 67
426.6667 -171.3011 3954.7295 122 136 77
401.3419 -181.6774 4118.0215 150 185 153
404.1237 -181.4433 4112.7148 147 182 151
407.4227 -181.4433 4112.7148 141 176 148
409.6659 -180.9769 4102.1426 136 172 144
409.7959 -179.5918 4070.7483 131 166 140
412.0102 -179.1349 4060.3904 125 160 131
413.6882 -178.4538 4044.9514 116 151 120
414.3073 -177.3300 4019.4795 107 141 105
415.9599 -176.6625 4004.3499 100 132 90
418.1227 -176.2203 3994.3264 97 126 79
420.8000 -176.0000 3989.3335 94 121 70
422.9427 -175.5611 3979.3850 99 120 63
424.0199 -174.6898 3959.6362 131 144 82
429.3267 -175.5611 3979.3850 176 179 121
399.5855 -185.6995 4134.0244 137 171 143
399.7944 -184.2674 4102.1426 138 172 145
402.5674 -184.0308 4096.8765 136 170 145
406.3754 -184.2674 4102.1426 131 166 141
409.1400 -184.0308 4096.8765 124 159 134
409.7959 -182.8571 4070.7483 116 151 125
412.0102 -182.3919 4060.3904 109 143 112
413.6882 -181.6984 4044.9514 102 135 99
415.8787 -181.2390 4034.7241 96 127 85
417.0063 -180.3271 4014.4236 93 121 73
419.1719 -179.8745 4004.3499 95 120 66
421.8546 -179.6491 3999.3318 106 125 68
424.5307 -179.4243 3994.3264 141 150 88
427.2000 -179.2000 3989.3335 185 183 124
400.9436 -191.2451 4182.7871 124 162 136
399.5855 -189.0156 4134.0244 124 161 136
398.7693 -187.0769 4091.6240 125 160 137
402.0513 -187.0769 4091.6240 124 158 138
405.8537 -187.3171 4096.8765 117 152 127
409.1400 -187.3171 4096.8765 108 142 112
409.7959 -186.1225 4070.7483 101 134 98
413.0612 -186.1225 4070.7483 97 128 86
414.7395 -185.4130 4055.2310 93 123 76
416.9328 -184.9430 4044.9514 93 119 69
419.1151 -184.4754 4034.7241 96 118 65
421.8182 -184.2424 4029.6296 110 123 68
425.0505 -184.2424 4029.6296 144 139 83
430.4569 -185.1777 4050.0847 188 183 127
397.7205 -201.4654 4330.3481 132 170 137
399.5676 -200.6487 4312.7930 127 166 138
403.0270 -200.6487 4312.7930 123 161 136
405.9379 -200.3779 4306.9727 121 159 133
403.9415 -197.7097 4249.6230 118 157 131
400.4189 -194.3456 4177.3125 116 155 130
400.1038 -192.5811 4139.3862 115 153 130
399.2812 -190.6033 4096.8765 115 150 128
402.5674 -190.6033 4096.8765 112 147 124
405.8537 -190.6033 4096.8765 109 142 112
409.1400 -190.6033 4096.8765 102 132 95
410.3193 -189.6296 4075.9473 100 127 84
413.0612 -189.3878 4070.7483 102 127 80
416.3265 -189.3878 4070.7483 99 122 71
417.9924 -188.6658 4055.2310 99 121 64
420.1775 -188.1876 4044.9514 126 139 82
423.4221 -188.1876 4044.9514 171 171 116
427.7510 -188.6658 4055.2310 185 176 123
394.2469 -204.9389 4330.3481 123 163 130
394.5088 -203.2840 4295.3794 121 161 133
394.7664 -201.6555 4260.9702 118 157 132
397.1239 -201.1185 4249.6230 116 155 129
400.5327 -201.1185 4249.6230 114 153 127
401.2699 -199.7884 4221.5171 111 150 124
399.8954 -197.4379 4171.8521 108 145 120
401.1444 -196.4109 4150.1519 108 144 117
401.8605 -195.1421 4123.3423 107 140 110
404.1237 -194.6392 4112.7148 101 132 98
407.4227 -194.6392 4112.7148 102 130 90
410.7217 -194.6392 4112.7148 98 124 80
412.9564 -194.1388 4102.1426 100 123 73
413.5888 -192.8991 4075.9473 107 128 74
416.3265 -192.6531 4070.7483 117 136 83
419.5919 -192.6531 4070.7483 129 148 96
421.2453 -191.9187 4055.2310 131 144 95
424.4981 -191.9187 4055.2310 185 185 133
389.1892 -207.5676 4312.7930 118 159 127
387.9306 -205.0734 4260.9702 116 156 128
389.7872 -204.2553 4243.9717 115 155 131
391.6292 -203.4437 4227.1084 113 153 128
393.4565 -202.6385 4210.3784 109 148 122
396.8338 -202.6385 4210.3784 106 144 117
398.1102 -201.5748 4188.2764 105 140 112
399.3734 -200.5222 4166.4058 101 133 102
401.6667 -200.0000 4155.5557 99 129 90
403.4242 -199.2218 4139.3862 100 127 82
406.2177 -198.9637 4134.0244 99 124 76
409.5337 -198.9637 4134.0244 97 121 71
412.3157 -198.7064 4128.6763 99 122 71
415.6274 -198.7064 4128.6763 104 125 71
418.3980 -198.4496 4123.3423 111 130 75
421.7055 -198.4496 4123.3423 117 133 80
425.0130 -198.4496 4123.3423 140 161 110
374.7594 -208.7701 4266.6670 147 179 145
376.6711 -207.9361 4249.6230 155 181 159
379.5745 -207.6596 4243.9717 136 168 145
382.9787 -207.6596 4243.9717 113 152 126
386.3830 -207.6596 4243.9717 109 149 122
388.2384 -206.8345 4227.1084 110 150 124
390.0792 -206.0158 4210.3784 110 149 124
391.9054 -205.2037 4193.7803 107 142 115
394.7507 -204.9344 4188.2764 101 134 102
397.5885 -204.6658 4182.7871 99 130 94
398.8527 -203.5984 4160.9736 95 124 84
401.6667 -203.3333 4155.5557 94 122 73
404.4734 -203.0689 4150.1519 94 120 66
407.2728 -202.8052 4144.7622 96 119 63
410.5974 -202.8052 4144.7622 98 120 60
413.9221 -202.8052 4144.7622 110 128 68
418.3334 -203.3333 4155.5557 117 132 74
421.6667 -203.3333 4155.5557 142 142 82
371.3369 -212.1925 4266.6670 115 158 119
373.2624 -211.3449 4249.6230 120 160 128
376.1702 -211.0638 4243.9717 143 174 152
379.5745 -211.0638 4243.9717 120 153 128
382.9787 -211.0638 4243.9717 107 145 115
384.8477 -210.2252 4227.1084 103 141 111
387.2127 -209.6698 4215.9404 104 141 113
388.5414 -208.5677 4193.7803 105 143 115
391.3911 -208.2940 4188.2764 103 138 108
394.2333 -208.0210 4182.7871 95 127 90
397.0681 -207.7487 4177.3125 93 124 79
398.8527 -206.9361 4160.9736 91 122 72
401.6667 -206.6667 4155.5557 91 120 66
405.0000 -206.6667 4155.5557 93 120 63
407.8024 -206.3979 4150.1519 91 117 59
411.1314 -206.3979 4150.1519 100 122 62
415.0000 -206.6667 4155.5557 116 131 73
419.9739 -207.4771 4171.8521 143 141 81
329.5591 -229.4168 4539.7822 104 126 83
332.7273 -229.0909 4533.3335 146 153 105
335.8866 -228.7660 4526.9033 159 157 110
340.0000 -229.0909 4533.3335 158 157 109
358.3287 -224.6240 4444.9399 161 157 110
360.8889 -224.0000 4432.5928 151 149 106
364.4445 -224.0000 4432.5928 133 134 95
371.3369 -215.6150 4266.6670 110 153 118
373.2624 -214.7537 4249.6230 110 151 120
376.1702 -214.4681 4243.9717 108 147 117
379.5745 -214.4681 4243.9717 103 143 110
382.4701 -214.1833 4238.3354 101 140 107
384.8477 -213.6159 4227.1084 97 136 103
387.2127 -213.0515 4215.9404 94 130 96
388.5414 -211.9317 4193.7803 97 134 99
391.9054 -211.9317 4193.7803 99 133 98
394.2333 -211.3761 4182.7871 96 127 86
397.0681 -211.0995 4177.3125 91 122 73
399.3734 -210.5483 4166.4058 88 120 64
401.6667 -210.0000 4155.5557 92 121 63
405.0000 -210.0000 4155.5557 97 124 65
408.3333 -210.0000 4155.5557 99 123 63
411.6667 -210.0000 4155.5557 110 127 68
416.6275 -210.8235 4171.8521 148 151 94
331.3154 -231.7398 4514.0972 142 148 103
334.9364 -231.7398 4514.0972 115 130 88
346.6667 -227.5556 4432.5928 103 114 76
356.3435 -226.9252 4420.3140 135 144 88
359.3914 -226.6114 4414.2002 159 170 115
362.9323 -226.6114 4414.2002 149 165 119
368.0000 -227.5556 4432.5928 146 170 128
372.0724 -227.8721 4438.7578 129 164 127
376.6806 -228.5077 4451.1392 113 157 123
380.2511 -228.5077 4451.1392 110 155 120
380.1105 -226.2983 4408.1030 108 153 118
371.8340 -219.3307 4272.3784 107 150 117
374.7594 -219.0375 4266.6670 106 147 114
376.6711 -218.1625 4249.6230 104 143 113
379.5745 -217.8723 4243.9717 97 136 101
382.9787 -217.8723 4243.9717 97 134 98
385.8698 -217.5830 4238.3354 96 131 96
387.7249 -216.7196 4221.5171 95 127 89
390.5945 -216.4333 4215.9404 92 125 84
391.9054 -215.2957 4193.7803 93 126 80
395.2694 -215.2957 4193.7803 94 124 74
397.5885 -214.7313 4182.7871 90 118 63
400.4189 -214.4503 4177.3125 90 118 59
402.7155 -213.8904 4166.4058 99 124 64
406.0575 -213.8904 4166.4058 106 128 70
409.9347 -214.1700 4171.8521 112 129 71
416.5481 -215.8630 4204.8311 142 137 79
329.0909 -236.3637 4533.3335 132 141 97
330.3809 -234.6968 4501.3638 129 140 98
331.1888 -232.7273 4463.5898 107 127 85
336.1798 -233.7079 4482.3970 110 129 86
343.1111 -231.1111 4432.5928 147 132 90
342.8571 -228.5714 4383.8828 119 119 86
344.4809 -227.3224 4359.9272 100 111 79
346.5579 -226.3946 4342.1318 110 129 88
350.9959 -227.0123 4353.9790 131 162 109
354.9727 -227.3224 4359.9272 151 186 140
358.9603 -227.6334 4365.8916 141 177 141
364.9587 -229.2011 4395.9595 122 164 130
370.0139 -230.1521 4414.2002 112 157 123
374.0721 -230.4709 4420.3140 106 151 117
376.5746 -229.8342 4408.1030 107 149 118
378.0220 -228.5714 4383.8828 105 148 115
372.8322 -223.3557 4283.8481 104 145 113
375.2610 -222.7577 4272.3784 102 142 111
378.1819 -222.4599 4266.6670 101 140 108
381.0948 -222.1629 4260.9702 100 139 103
383.4887 -221.5713 4249.6230 98 133 98
386.3830 -221.2766 4243.9717 96 129 89
389.2696 -220.9827 4238.3354 95 125 80
391.6292 -220.3974 4227.1084 96 126 79
393.9763 -219.8151 4215.9404 95 126 75
396.3110 -219.2359 4204.8311 92 122 67
398.6334 -218.6597 4193.7803 92 120 62
400.9436 -218.0865 4182.7871 94 119 60
404.2988 -218.0865 4182.7871 103 123 66
407.6540 -218.0865 4182.7871 116 127 74
413.7203 -219.5251 4210.3784 149 135 80
326.7701 -238.3075 4501.3638 135 141 98
327.6084 -236.3077 4463.5898 136 145 101
329.3463 -234.9931 4438.7578 147 150 105
333.3705 -235.3204 4444.9399 149 151 105
339.3407 -232.0879 4383.8828 135 134 101
340.9836 -230.8197 4359.9272 115 117 90
342.6087 -229.5652 4336.2319 132 137 102
346.0869 -229.5652 4336.2319 124 135 97
350.0409 -229.8776 4342.1318 129 161 120
353.5238 -229.8776 4342.1318 124 167 126
358.4700 -230.8197 4359.9272 117 161 124
362.4624 -231.1354 4365.8916 113 158 125
366.9684 -231.7696 4377.8691 109 153 123
370.4801 -231.7696 4377.8691 104 149 117
373.9918 -231.7696 4377.8691 102 146 113
375.9563 -230.8197 4359.9272 100 143 110
375.3514 -228.3243 4312.7930 100 141 108
376.2685 -226.7920 4283.8481 100 138 105
378.6881 -226.1847 4272.3784 98 133 99
381.6043 -225.8824 4266.6670 101 133 94
384.5127 -225.5808 4260.9702 100 130 90
386.8975 -224.9801 4249.6230 97 126 81
389.7872 -224.6809 4243.9717 94 123 73
392.6693 -224.3825 4238.3354 94 124 71
395.5438 -224.0849 4232.7144 100 127 73
397.8836 -223.4921 4221.5171 97 126 68
400.2111 -222.9024 4210.3784 102 126 69
401.9974 -222.0237 4193.7803 108 128 72
404.8294 -221.7323 4188.2764 122 126 75
410.3430 -222.9024 4210.3784 142 114 73
415.9151 -224.0849 4232.7144 154 102 64
327.6084 -239.8881 4463.5898 136 143 97
328.4328 -237.8918 4426.4448 148 152 106
331.9834 -237.8918 4426.4448 157 155 111
335.0692 -237.5623 4420.3140 132 132 96
336.7493 -236.2534 4395.9595 112 114 87
339.3407 -235.6044 4383.8828 110 112 90
340.9836 -234.3170 4359.9272 115 117 92
344.0109 -233.9973 4353.9790 138 143 110
346.5579 -233.3606 4342.1318 134 156 118
350.0409 -233.3606 4342.1318 124 162 126
353.5238 -233.3606 4342.1318 116 159 124
358.4700 -234.3170 4359.9272 112 156 122
362.4624 -234.6375 4365.8916 109 153 124
366.9684 -235.2812 4377.8691 107 150 121
370.4801 -235.2812 4377.8691 103 146 116
373.9918 -235.2812 4377.8691 99 141 108
375.9563 -234.3170 4359.9272 96 135 100
378.4196 -233.6785 4348.0474 97 132 96
378.8109 -231.7838 4312.7930 96 127 90
379.7047 -230.2282 4283.8481 96 126 85
382.1151 -229.6118 4272.3784 95 124 78
385.0268 -229.3048 4266.6670 95 123 73
387.9306 -228.9987 4260.9702 95 121 69
390.3063 -228.3888 4249.6230 95 120 64
393.1915 -228.0851 4243.9717 99 122 66
396.5958 -228.0851 4243.9717 100 123 66
399.4688 -227.7822 4238.3354 101 123 66
401.2699 -226.8783 4221.5171 107 125 68
404.1216 -226.5786 4215.9404 124 127 76
407.5033 -226.5786 4215.9404 154 125 82
412.5199 -227.4801 4232.7144 173 135 97
330.3809 -245.5289 4501.3638 150 155 110
328.8889 -241.7778 4432.5928 140 146 101
332.4445 -241.7778 4432.5928 127 133 93
336.0000 -241.7778 4432.5928 107 111 76
339.5556 -241.7778 4432.5928 134 136 98
339.8075 -239.4498 4389.9131 129 134 98
342.8571 -239.1209 4383.8828 120 134 100
344.4809 -237.8142 4359.9272 135 161 129
347.9781 -237.8142 4359.9272 122 160 126
351.9562 -238.1395 4365.8916 112 156 121
355.4583 -238.1395 4365.8916 110 154 121
358.9603 -238.1395 4365.8916 108 152 119
365.9669 -240.4420 4408.1030 107 150 118
369.5028 -240.4420 4408.1030 105 146 117
373.0387 -240.4420 4408.1030 103 143 113
376.5746 -240.4420 4408.1030 97 136 103
379.0634 -239.7796 4395.9595 91 125 88
379.4536 -237.8142 4359.9272 89 121 76
381.9074 -237.1662 4348.0474 91 121 73
384.3478 -236.5218 4336.2319 94 122 73
384.1723 -234.2934 4295.3794 95 122 73
385.5422 -233.0388 4272.3784 94 122 71
388.4492 -232.7273 4266.6670 94 121 68
391.3485 -232.4166 4260.9702 98 123 67
394.7664 -232.4166 4260.9702 102 122 66
398.1843 -232.4166 4260.9702 98 121 67
401.6021 -232.4166 4260.9702 102 125 68
405.0201 -232.4166 4260.9702 128 140 86
408.4379 -232.4166 4260.9702 157 146 103
411.8558 -232.4166 4260.9702 140 107 72
415.2737 -232.4166 4260.9702 138 106 73
338.3497 -247.0490 4463.5898 119 130 88
341.9301 -247.0490 4463.5898 152 174 116
343.1111 -245.3334 4432.5928 141 175 121
346.1859 -244.9931 4426.4448 126 164 121
348.7690 -244.3154 4414.2002 115 160 122
352.3098 -244.3154 4414.2002 108 154 117
355.8506 -244.3154 4414.2002 105 150 115
359.8892 -244.6537 4420.3140 104 147 112
363.4349 -244.6537 4420.3140 105 146 113
367.4896 -244.9931 4426.4448 104 144 112
371.0402 -244.9931 4426.4448 102 142 109
374.5909 -244.9931 4426.4448 100 138 105
378.1415 -244.9931 4426.4448 99 134 100
380.6363 -244.3154 4414.2002 98 129 91
383.1172 -243.6414 4402.0229 96 125 80
386.1157 -243.3058 4395.9595 93 123 73
389.6419 -243.3058 4395.9595 92 120 67
392.6273 -242.9711 4389.9131 93 120 65
396.1486 -242.9711 4389.9131 92 119 64
399.6699 -242.9711 4389.9131 94 119 64
403.7466 -243.3058 4395.9595 96 120 64
408.3978 -243.9779 4408.1030 100 121 65
414.2223 -245.3334 4432.5928 101 124 67
417.7778 -245.3334 4432.5928 104 125 72
419.0055 -243.9779 4408.1030 114 132 87
415.6522 -240.0000 4336.2319 111 127 84
419.1304 -240.0000 4336.2319 118 132 86
345.7992 -253.4654 4514.0972 134 172 124
345.5105 -250.6294 4463.5898 123 167 121
348.6034 -250.2793 4457.3560 114 158 117
351.6876 -249.9303 4451.1392 109 154 117
354.2699 -249.2351 4438.7578 104 148 112
357.8304 -249.2351 4438.7578 101 145 108
361.3908 -249.2351 4438.7578 100 143 108
365.4597 -249.5822 4444.9399 100 140 107
368.5119 -249.2351 4438.7578 101 140 105
371.5556 -248.8889 4432.5928 101 138 104
375.1111 -248.8889 4432.5928 101 135 100
378.6667 -248.8889 4432.5928 99 131 92
381.6921 -248.5437 4426.4448 96 125 81
383.1172 -247.1724 4402.0229 94 122 73
386.1157 -246.8320 4395.9595 95 122 70
389.6419 -246.8320 4395.9595 93 121 65
392.6273 -246.4924 4389.9131 93 121 62
396.1486 -246.4924 4389.9131 95 123 64
399.6699 -246.4924 4389.9131 98 123 64
403.7466 -246.8320 4395.9595 99 121 60
408.3978 -247.5138 4408.1030 99 119 59
414.2223 -248.8889 4432.5928 97 118 62
417.7778 -248.8889 4432.5928 102 127 76
420.7490 -248.5437 4426.4448 125 148 101
421.9586 -247.1724 4402.0229 140 161 113
424.3191 -246.4924 4389.9131 146 165 118
345.1070 -259.2867 4552.7344 144 164 126
346.7802 -257.8156 4526.9033 125 162 124
348.4344 -256.3611 4501.3638 114 157 113
351.0549 -255.6400 4488.7017 107 150 109
353.6606 -254.9229 4476.1104 104 147 110
356.2518 -254.2098 4463.5898 100 142 105
359.3297 -253.8548 4457.3560 98 139 100
362.3989 -253.5007 4451.1392 97 137 99
365.9693 -253.5007 4451.1392 97 132 94
369.0251 -253.1477 4444.9399 97 128 89
372.5906 -253.1477 4444.9399 97 128 87
375.1111 -252.4445 4432.5928 95 124 82
378.6667 -252.4445 4432.5928 95 122 75
382.2223 -252.4445 4432.5928 97 122 70
383.1172 -250.7034 4402.0229 97 121 66
386.6483 -250.7034 4402.0229 95 118 61
389.6419 -250.3581 4395.9595 94 118 58
391.5501 -249.3279 4377.8691 94 119 57
393.9809 -248.6457 4365.8916 96 120 59
396.3984 -247.9673 4353.9790 98 120 59
399.8909 -247.9673 4353.9790 99 119 57
407.2727 -250.3581 4395.9595 95 116 57
412.5035 -251.3970 4414.2002 99 122 71
417.1984 -252.0943 4426.4448 137 159 106
420.1662 -251.7451 4420.3140 144 165 117
423.7119 -251.7451 4420.3140 139 160 114
335.1073 -263.6910 4565.7607 143 148 99
338.7697 -263.6910 4565.7607 132 141 96
342.4321 -263.6910 4565.7607 139 164 125
346.0944 -263.6910 4565.7607 122 159 126
348.7589 -262.9387 4552.7344 113 156 119
350.4114 -261.4468 4526.9033 108 150 109
353.0410 -260.7072 4514.0972 102 143 103
355.1549 -259.6057 4495.0234 101 139 99
358.2560 -259.2405 4488.7017 99 135 95
359.8322 -257.7902 4463.5898 95 128 86
362.9051 -257.4302 4457.3560 92 123 78
366.4805 -257.4302 4457.3560 93 121 72
369.5398 -257.0712 4451.1392 94 119 68
373.1102 -257.0712 4451.1392 95 120 68
376.1560 -256.7131 4444.9399 95 118 65
378.6667 -256.0000 4432.5928 96 117 61
382.2223 -256.0000 4432.5928 97 116 58
385.7778 -256.0000 4432.5928 94 114 54
386.6483 -254.2345 4402.0229 93 113 51
388.5714 -253.1868 4383.8828 95 115 52
391.0137 -252.4931 4371.8721 98 117 54
393.9809 -252.1478 4365.8916 100 120 58
396.3984 -251.4598 4353.9790 101 121 61
399.8909 -251.4598 4353.9790 102 122 65
408.3978 -254.5856 4408.1030 98 121 71
413.0748 -255.2909 4420.3140 100 120 67
417.1984 -255.6450 4426.4448 118 138 85
420.7490 -255.6450 4426.4448 123 140 95
330.9715 -266.9715 4559.2383 131 153 116
334.1512 -266.5906 4552.7344 144 168 123
337.8032 -266.5906 4552.7344 147 176 136
341.4551 -266.5906 4552.7344 124 162 128
345.6000 -266.9715 4559.2383 109 152 117
348.7589 -266.5906 4552.7344 106 148 108
351.4083 -265.8322 4539.7822 100 142 100
354.5455 -265.4546 4533.3335 97 136 95
357.1671 -264.7025 4520.4912 97 131 89
359.7740 -263.9548 4507.7212 95 127 83
361.8566 -262.8411 4488.7017 92 122 74
363.9216 -261.7367 4469.8413 91 117 68
367.5070 -261.7367 4469.8413 93 117 65
370.5735 -261.3706 4463.5898 97 120 68
374.1539 -261.3706 4463.5898 96 121 69
377.7343 -261.3706 4463.5898 93 116 62
381.3147 -261.3706 4463.5898 95 116 58
384.3576 -261.0056 4457.3560 96 117 55
387.3919 -260.6416 4451.1392 95 117 53
389.8748 -259.9166 4438.7578 96 117 54
390.1793 -257.7655 4402.0229 97 117 56
393.1680 -257.4105 4395.9595 99 119 59
330.9715 -270.6286 4559.2383 149 175 128
334.1512 -270.2425 4552.7344 165 197 157
337.8032 -270.2425 4552.7344 149 179 152
342.4321 -271.0157 4565.7607 116 156 123
346.0944 -271.0157 4565.7607 109 150 113
349.7568 -271.0157 4565.7607 102 144 102
352.4109 -270.2425 4552.7344 96 136 94
355.0498 -269.4737 4539.7822 94 130 87
358.1818 -269.0909 4533.3335 92 123 79
360.7932 -268.3286 4520.4912 91 120 74
363.3898 -267.5706 4507.7212 91 118 71
365.9718 -266.8169 4495.0234 91 115 66
369.0577 -266.4417 4488.7017 91 114 62
372.1349 -266.0674 4482.3970 90 116 60
375.7303 -266.0674 4482.3970 89 115 57
379.3258 -266.0674 4482.3970 90 114 54
382.9214 -266.0674 4482.3970 93 117 56
386.5169 -266.0674 4482.3970 92 116 53
390.1124 -266.0674 4482.3970 92 115 52
332.0580 -278.2609 4625.3140 131 165 134
331.4449 -274.6781 4565.7607 130 170 125
334.6286 -274.2857 4559.2383 126 168 125
337.8032 -273.8944 4552.7344 123 161 126
342.4321 -274.6781 4565.7607 111 151 114
346.0944 -274.6781 4565.7607 105 147 107
349.7568 -274.6781 4565.7607 101 140 98
352.9143 -274.2857 4559.2383 96 131 88
355.5556 -273.5043 4546.2490 92 124 76
358.6914 -273.1152 4539.7822 90 118 69
361.8182 -272.7273 4533.3335 90 117 68
364.9362 -272.3405 4526.9033 90 117 68
367.0056 -271.1865 4507.7212 90 115 66
369.5775 -270.4225 4495.0234 89 115 61
372.6583 -270.0422 4488.7017 86 114 55
376.2588 -270.0422 4488.7017 87 115 54
379.8594 -270.0422 4488.7017 91 117 55
383.4600 -270.0422 4488.7017 91 116 54
387.6057 -270.4225 4495.0234 89 115 54
327.0073 -284.0292 4659.0757 140 168 136
330.2624 -283.6152 4652.2837 137 168 137
333.0233 -282.7907 4638.7598 137 173 139
334.7977 -281.1561 4611.9463 125 166 125
336.5518 -279.5403 4585.4409 117 160 116
339.2550 -278.7393 4572.3018 113 152 114
343.4147 -279.1392 4578.8618 109 147 110
348.0864 -279.9425 4592.0386 103 142 101
351.7698 -279.9425 4592.0386 99 136 93
353.4192 -278.3405 4565.7607 96 128 83
356.5714 -277.9429 4559.2383 92 121 73
359.7147 -277.5464 4552.7344 91 119 69
362.8490 -277.1510 4546.2490 90 118 68
366.4958 -277.1510 4546.2490 89 117 65
369.0909 -276.3636 4533.3335 88 116 62
372.7273 -276.3636 4533.3335 86 115 58
374.7666 -275.1909 4514.0972 84 113 52
377.8531 -274.8023 4507.7212 85 114 52
380.9309 -274.4147 4501.3638 89 115 51
384.0000 -274.0282 4495.0234 87 111 47
393.1429 -277.9429 4559.2383 91 113 51
323.7427 -288.1872 4665.8872 150 175 131
327.0073 -287.7664 4659.0757 155 186 141
330.7445 -287.7664 4659.0757 149 184 144
333.5080 -286.9287 4645.5122 129 168 132
336.7442 -286.5116 4638.7598 118 159 121
340.4651 -286.5116 4638.7598 110 150 109
343.1884 -285.6812 4625.3140 105 143 101
346.8986 -285.6812 4625.3140 104 140 99
350.6087 -285.6812 4625.3140 102 137 96
353.8061 -285.2678 4618.6206 98 132 87
355.9654 -284.0346 4598.6553 95 125 75
359.6542 -284.0346 4598.6553 92 121 69
362.8202 -283.6259 4592.0386 92 120 68
366.5036 -283.6259 4592.0386 91 119 66
370.1871 -283.6259 4592.0386 91 119 64
373.8705 -283.6259 4592.0386 92 121 66
377.5540 -283.6259 4592.0386 90 118 62
381.2375 -283.6259 4592.0386 90 118 58
384.3678 -283.2184 4585.4409 88 116 56
388.0460 -283.2184 4585.4409 90 115 53
390.6017 -282.4069 4572.3018 93 115 53
321.9048 -297.1429 4749.2065 148 170 132
322.8319 -294.5133 4707.1782 135 155 102
324.6921 -292.7859 4679.5698 149 178 112
327.4854 -291.9298 4665.8872 145 186 132
331.2281 -291.9298 4665.8872 128 171 126
334.4818 -291.5037 4659.0757 118 160 120
338.2190 -291.5037 4659.0757 110 150 111
340.9608 -290.6550 4645.5122 102 139 97
344.1861 -290.2326 4638.7598 99 134 88
347.9070 -290.2326 4638.7598 101 132 87
351.6279 -290.2326 4638.7598 100 129 86
355.3488 -290.2326 4638.7598 97 126 80
358.0290 -289.3913 4625.3140 96 124 75
360.6937 -288.5549 4611.9463 94 122 72
363.8672 -288.1385 4605.2910 95 122 73
367.5613 -288.1385 4605.2910 96 122 72
370.7205 -287.7234 4598.6553 96 122 68
374.4092 -287.7234 4598.6553 96 122 65
378.0980 -287.7234 4598.6553 95 120 61
381.7868 -287.7234 4598.6553 99 121 62
386.0318 -288.1385 4605.2910 97 120 60
318.0953 -300.9524 4749.2065 158 184 153
320.0000 -299.1716 4721.1045 160 186 155
322.8319 -298.2891 4707.1782 153 182 139
324.6921 -296.5396 4679.5698 130 167 117
328.4458 -296.5396 4679.5698 126 168 121
331.2281 -295.6725 4665.8872 120 160 119
334.9708 -295.6725 4665.8872 110 149 107
338.7135 -295.6725 4665.8872 101 137 92
341.9562 -295.2409 4659.0757 98 129 81
345.1895 -294.8105 4652.2837 96 126 75
348.9213 -294.8105 4652.2837 94 122 71
352.6531 -294.8105 4652.2837 94 119 69
355.8661 -294.3814 4645.5122 95 120 70
359.0698 -293.9535 4638.7598 96 120 72
362.2642 -293.5269 4632.0273 97 122 73
365.4493 -293.1015 4625.3140 97 123 73
368.6252 -292.6773 4618.6206 96 122 71
372.3300 -292.6773 4618.6206 92 117 60
376.0348 -292.6773 4618.6206 91 116 54
379.1908 -292.2544 4611.9463 96 119 58
382.8902 -292.2544 4611.9463 98 119 60
312.8036 -307.0465 4784.8076 156 181 147
315.2239 -305.6717 4763.3833 168 189 153
318.0953 -304.7619 4749.2065 178 201 159
321.9048 -304.7619 4749.2065 176 203 158
323.7870 -302.9586 4721.1045 153 183 144
327.0901 -302.5111 4714.1309 127 165 125
330.3835 -302.0649 4707.1782 117 157 116
332.1994 -300.2933 4679.5698 109 147 106
335.9531 -300.2933 4679.5698 102 138 93
339.7068 -300.2933 4679.5698 98 130 82
342.9576 -299.8536 4672.7188 96 124 73
346.1989 -299.4152 4665.8872 94 120 67
349.9416 -299.4152 4665.8872 92 118 62
353.6842 -299.4152 4665.8872 92 116 60
356.9051 -298.9781 4659.0757 91 115 60
359.5925 -298.1077 4645.5122 93 115 60
362.7907 -297.6744 4638.7598 96 119 65
366.5117 -297.6744 4638.7598 96 120 65
369.6953 -297.2424 4632.0273 94 117 59
373.4108 -297.2424 4632.0273 95 118 57
377.1263 -297.2424 4632.0273 98 119 63
381.3954 -297.6744 4638.7598 96 117 61
385.1163 -297.6744 4638.7598 91 111 59
308.9655 -310.8846 4784.8076 155 179 145
311.4030 -309.4926 4763.3833 165 189 144
315.2239 -309.4926 4763.3833 186 210 157
318.0953 -308.5714 4749.2065 181 210 159
321.9048 -308.5714 4749.2065 150 184 136
325.7143 -308.5714 4749.2065 126 165 122
329.0342 -308.1130 4742.1499 115 153 114
331.8519 -307.2000 4728.0991 107 144 102
335.1479 -306.7456 4721.1045 100 134 90
338.4343 -306.2924 4714.1309 94 127 77
342.2157 -306.2924 4714.1309 93 123 69
344.9779 -305.3903 4700.2456 92 120 63
348.2353 -304.9412 4693.3335 93 120 63
350.9677 -304.0469 4679.5698 95 121 66
354.7214 -304.0469 4679.5698 95 121 68
357.9503 -303.6018 4672.7188 97 118 65
361.1696 -303.1579 4665.8872 96 117 59
364.9123 -303.1579 4665.8872 99 122 65
368.6550 -303.1579 4665.8872 101 122 65
310.4851 -328.5133 4994.4707 156 183 152
313.0218 -326.9782 4971.1318 153 180 144
310.2439 -320.0000 4865.0410 160 188 150
308.5030 -314.2515 4777.6450 151 172 127
311.4030 -313.3135 4763.3833 156 176 116
315.2239 -313.3135 4763.3833 153 183 126
319.0448 -313.3135 4763.3833 135 171 122
322.3845 -312.8465 4756.2842 121 159 113
326.1997 -312.8465 4756.2842 111 149 105
329.5238 -312.3810 4749.2065 103 141 97
332.8381 -311.9168 4742.1499 98 133 88
336.1424 -311.4540 4735.1138 95 126 78
339.4371 -310.9926 4728.0991 93 122 68
342.7219 -310.5325 4721.1045 92 120 62
345.9970 -310.0739 4714.1309 92 120 62
349.7784 -310.0739 4714.1309 95 122 66
353.0384 -309.6165 4707.1782 98 123 68
356.8142 -309.6165 4707.1782 100 123 69
360.5900 -309.6165 4707.1782 101 122 68
363.8292 -309.1606 4700.2456 99 120 63
367.5994 -309.1606 4700.2456 98 118 61
302.0000 -332.0000 4986.6670 157 189 159
305.5226 -331.4821 4978.8872 157 189 162
309.0343 -330.9657 4971.1318 156 188 155
312.0497 -329.9379 4955.6938 161 192 146
310.2439 -323.9025 4865.0410 162 195 138
308.5030 -318.0839 4777.6450 166 197 144
311.8685 -317.6084 4770.5034 163 190 151
315.6951 -317.6084 4770.5034 126 158 115
319.0448 -317.1343 4763.3833 112 149 103
322.8657 -317.1343 4763.3833 108 145 100
326.1997 -316.6617 4756.2842 104 136 93
330.0149 -316.6617 4756.2842 98 129 84
333.3333 -316.1905 4749.2065 96 124 76
336.6419 -315.7207 4742.1499 95 121 69
339.9407 -315.2522 4735.1138 93 117 61
343.2297 -314.7852 4728.0991 95 117 60
347.0222 -314.7852 4728.0991 95 117 61
350.2959 -314.3195 4721.1045 97 118 61
354.0829 -314.3195 4721.1045 97 119 63
357.8698 -314.3195 4721.1045 97 117 63
361.6568 -314.3195 4721.1045 97 117 61
364.9040 -313.8553 4714.1309 95 114 61
369.2308 -314.3195 4721.1045 95 115 60
294.4601 -336.5258 4994.4707 154 186 146
298.0000 -336.0000 4986.6670 157 191 156
301.5289 -335.4758 4978.8872 157 192 159
305.0468 -334.9533 4971.1318 155 186 150
308.0746 -333.9131 4955.6938 157 183 131
311.5659 -333.3954 4948.0103 171 202 135
310.2439 -327.8049 4865.0410 151 188 119
312.7163 -326.3126 4842.8936 141 176 129
312.3354 -321.9162 4777.6450 144 174 146
316.1677 -321.9162 4777.6450 120 150 120
320.0000 -321.9162 4777.6450 102 138 97
323.8324 -321.9162 4777.6450 98 131 86
327.6647 -321.9162 4777.6450 97 125 79
331.0015 -321.4350 4770.5034 96 121 73
334.3284 -320.9552 4763.3833 95 118 67
337.6453 -320.4769 4756.2842 94 115 60
340.9524 -320.0000 4749.2065 93 114 56
344.7619 -320.0000 4749.2065 93 114 56
348.0535 -319.5245 4742.1499 95 116 59
351.8574 -319.5245 4742.1499 97 118 62
355.1335 -319.0505 4735.1138 96 116 62
358.9318 -319.0505 4735.1138 93 111 60
362.7300 -319.0505 4735.1138 85 104 53
365.9852 -318.5778 4728.0991 80 99 51
371.4286 -320.0000 4749.2065 85 103 50
290.4539 -340.5321 4994.4707 159 189 143
294.0000 -340.0000 4986.6670 166 197 155
297.5351 -339.4696 4978.8872 163 197 152
301.0592 -338.9408 4971.1318 156 191 143
304.0994 -337.8882 4955.6938 137 168 115
308.0746 -337.8882 4955.6938 136 159 99
309.6456 -335.2851 4917.5142 137 168 110
311.6692 -333.2313 4887.3916 125 162 116
314.1464 -331.7074 4865.0410 115 152 117
316.6009 -330.1973 4842.8936 107 143 111
320.4856 -330.1973 4842.8936 102 135 100
323.8788 -329.6970 4835.5557 96 126 86
327.7576 -329.6970 4835.5557 94 120 73
330.6345 -328.7009 4820.9468 94 117 63
333.4940 -327.7108 4806.4258 94 115 61
336.3364 -326.7267 4791.9922 94 113 60
339.6702 -326.2369 4784.8076 95 114 60
342.9940 -325.7485 4777.6450 94 114 59
346.8264 -325.7485 4777.6450 91 110 59
350.6587 -325.7485 4777.6450 85 103 55
353.9612 -325.2616 4770.5034 80 100 50
357.7878 -325.2616 4770.5034 78 99 51
361.6144 -325.2616 4770.5034 79 99 51
365.4410 -325.2616 4770.5034 77 96 50
368.7165 -324.7762 4763.3833 71 90 47
375.9036 -327.7108 4806.4258 74 91 46
290.4539 -344.5384 4994.4707 152 175 123
294.0000 -344.0000 4986.6670 173 198 141
298.0000 -344.0000 4986.6670 154 189 130
301.5289 -343.4633 4978.8872 133 173 114
304.0994 -341.8634 4955.6938 122 161 112
308.0746 -341.8634 4955.6938 118 154 116
311.5659 -341.3333 4948.0103 112 148 112
313.1077 -338.7077 4909.9487 107 143 108
315.5896 -337.1516 4887.3916 104 136 102
318.5344 -336.1222 4872.4683 100 127 91
322.4427 -336.1222 4872.4683 95 122 80
325.8537 -335.6098 4865.0410 95 117 71
329.7561 -335.6098 4865.0410 94 113 64
333.1507 -335.0990 4857.6357 91 108 60
336.0243 -334.0820 4842.8936 88 103 56
338.8805 -333.0711 4828.2402 81 95 51
342.2357 -332.5680 4820.9468 70 81 44
344.5414 -331.0677 4799.1982 56 67 34
348.3910 -331.0677 4799.1982 49 59 30
353.8369 -332.5680 4820.9468 51 62 32
357.7039 -332.5680 4820.9468 61 75 38
362.1180 -333.0711 4828.2402 67 84 40
365.9909 -333.0711 4828.2402 70 89 43
369.8639 -333.0711 4828.2402 75 93 46
374.3030 -333.5758 4835.5557 75 89 46
298.4664 -348.5446 4994.4707 113 144 96
170.2661 -364.5697 4994.4707 168 135 81
174.0000 -364.0000 4986.6670 172 142 93
178.2786 -364.5697 4994.4707 160 131 81
162.0000 -368.0000 4986.6670 164 131 75
166.0000 -368.0000 4986.6670 172 142 88
169.7348 -367.4259 4978.8872 170 143 94
174.0000 -368.0000 4986.6670 146 117 71
178.0000 -368.0000 4986.6670 115 81 41
150.2348 -372.5822 4994.4707 77 54 22
154.0000 -372.0000 4986.6670 140 108 62
158.0000 -372.0000 4986.6670 173 140 85
161.7473 -371.4197 4978.8872 177 145 90
165.7410 -371.4197 4978.8872 173 144 90
169.7348 -371.4197 4978.8872 144 113 67
173.7286 -371.4197 4978.8872 106 71 33
178.0000 -372.0000 4986.6670 98 58 25
146.0000 -376.0000 4986.6670 84 61 29
150.0000 -376.0000 4986.6670 135 104 61
153.7598 -375.4135 4978.8872 177 144 91
157.7535 -375.4135 4978.8872 188 157 104
161.7473 -375.4135 4978.8872 171 141 88
165.7410 -375.4135 4978.8872 136 104 57
169.7348 -375.4135 4978.8872 101 64 27
174.0000 -376.0000 4986.6670 96 56 24
178.2786 -376.5884 4994.4707 99 58 25
142.0000 -380.0001 4986.6670 82 66 30
145.7722 -379.4072 4978.8872 144 114 69
149.5327 -378.8162 4971.1318 186 153 102
153.7598 -379.4072 4978.8872 186 155 102
157.7535 -379.4072 4978.8872 175 146 92
161.7473 -379.4072 4978.8872 128 95 50
166.0000 -380.0001 4986.6670 97 59 25
170.0000 -380.0001 4986.6670 95 57 25
174.0000 -380.0001 4986.6670 98 58 25
178.2786 -380.5947 4994.4707 102 59 27
134.2097 -384.6010 4994.4707 101 102 54
137.7847 -383.4010 4978.8872 87 76 36
141.5576 -382.8037 4971.1318 115 87 42
145.5452 -382.8037 4971.1318 182 151 96
149.5327 -382.8037 4971.1318 185 152 97
153.5202 -382.8037 4971.1318 175 144 87
157.7535 -383.4010 4978.8872 127 92 45
162.0000 -384.0000 4986.6670 94 55 22
166.0000 -384.0000 4986.6670 96 56 25
170.0000 -384.0000 4986.6670 98 55 24
174.2723 -384.6010 4994.4707 98 57 24
130.0000 -388.0000 4986.6670 99 115 53
133.5826 -386.7913 4971.1318 91 86 42
137.3562 -386.1898 4963.4009 101 72 32
141.3375 -386.1898 4963.4009 176 145 93
145.3188 -386.1898 4963.4009 194 165 111
149.5327 -386.7913 4971.1318 181 150 92
153.5202 -386.7913 4971.1318 141 106 57
158.0000 -388.0000 4986.6670 94 54 21
162.0000 -388.0000 4986.6670 92 52 22
166.2598 -388.6072 4994.4707 100 58 25
125.6075 -390.7788 4971.1318 94 118 57
129.1926 -389.5652 4955.6938 100 100 51
132.7554 -388.3592 4940.3511 104 77 36
136.7183 -388.3592 4940.3511 138 105 59
140.8992 -388.9612 4948.0103 199 169 116
144.8682 -388.9612 4948.0103 198 168 113
149.3002 -390.1711 4963.4009 157 125 69
153.7598 -391.3885 4978.8872 104 67 28
158.0000 -392.0001 4986.6670 91 51 20
162.2535 -392.6135 4994.4707 95 54 23
121.6199 -394.7664 4971.1318 92 116 56
124.6368 -391.7156 4932.7153 97 101 54
127.4120 -388.1164 4887.3916 109 84 41
131.1315 -387.5229 4879.9185 124 89 42
135.0459 -387.5229 4879.9185 188 161 113
139.6006 -389.3088 4902.4067 197 168 116
144.6440 -392.3220 4940.3511 191 160 102
148.8372 -392.9302 4948.0103 120 85 37
153.7598 -395.3822 4978.8872 95 57 22
158.2473 -396.6198 4994.4707 94 55 24
118.0000 -400.0000 4986.6670 89 117 53
120.6801 -395.6724 4932.7153 97 104 59
123.4916 -392.0368 4887.3916 108 85 46
126.8293 -390.2439 4865.0410 117 80 39
130.7317 -390.2439 4865.0410 138 102 54
134.8397 -390.8397 4872.4683 202 175 122
138.9603 -391.4373 4879.9185 194 166 111
143.7538 -393.8462 4909.9487 172 140 86
148.6068 -396.2849 4940.3511 103 66 26
154.0000 -400.0000 4986.6670 98 62 31
117.6324 -402.7415 4971.1318 104 112 64
120.1231 -397.7846 4909.9487 124 103 66
122.9268 -394.1464 4865.0410 125 87 50
126.4438 -392.9484 4850.2534 126 85 43
130.5327 -393.5464 4857.6357 176 143 93
134.6342 -394.1464 4865.0410 210 183 133
138.9603 -395.3517 4879.9185 191 162 106
143.7538 -397.7846 4909.9487 146 114 62
149.3002 -402.1151 4963.4009 103 67 29
117.2671 -405.4659 4955.6938 143 123 86
119.3884 -399.2661 4879.9185 144 110 80
122.3672 -396.2368 4842.8936 132 93 57
126.2519 -396.2368 4842.8936 135 95 50
130.3344 -396.8389 4850.2534 209 181 129
134.6342 -398.0488 4865.0410 199 175 123
138.9603 -399.2661 4879.9185 184 155 98
143.7538 -401.7231 4909.9487 129 95 46
150.0000 -408.0000 4986.6670 108 71 33
117.2671 -409.4410 4955.6938 167 130 98
119.0244 -401.9513 4865.0410 151 114 83
122.3672 -400.1214 4842.8936 137 99 64
126.2519 -400.1214 4842.8936 155 119 72
130.5327 -401.3394 4857.6357 227 204 155
134.6342 -401.9513 4865.0410 195 171 119
139.1731 -403.7979 4887.3916 163 132 78
144.8682 -408.8062 4948.0103 120 83 40
117.0853 -412.7752 4948.0103 173 135 105
119.0244 -405.8537 4865.0410 157 121 93
122.7397 -405.2359 4857.6357 144 112 79
126.6362 -405.2359 4857.6357 194 166 118
130.7317 -405.8537 4865.0410 221 196 147
135.0459 -407.0948 4879.9185 181 152 96
139.3865 -408.3436 4894.8877 138 102 50
146.0000 -416.0001 4986.6670 120 80 37
114.1784 -420.6573 4994.4707 180 141 111
116.5432 -414.8148 4925.1030 174 141 111
119.0244 -409.7561 4865.0410 160 130 100
122.9268 -409.7561 4865.0410 167 139 103
126.8293 -409.7561 4865.0410 231 208 159
130.9313 -410.3817 4872.4683 206 181 126
135.2527 -411.6386 4887.3916 165 136 78
139.8154 -413.5385 4909.9487 125 88 39
110.1721 -424.6635 4994.4707 185 150 116
113.1163 -420.7132 4948.0103 184 145 115
115.6508 -415.5590 4887.3916 175 143 113
119.0244 -413.6586 4865.0410 166 137 107
122.9268 -413.6586 4865.0410 202 178 138
126.8293 -413.6586 4865.0410 236 216 166
131.1315 -414.9236 4879.9185 195 169 112
135.4601 -416.1964 4894.8877 147 114 59
106.1659 -428.6698 4994.4707 188 151 118
109.3168 -425.3416 4955.6938 186 152 119
112.5926 -422.7161 4925.1030 185 148 118
115.2977 -418.1985 4872.4683 180 145 115
119.0244 -417.5610 4865.0410 178 149 116
122.9268 -417.5610 4865.0410 232 209 167
126.8293 -417.5610 4865.0410 229 211 164
131.1315 -418.8380 4879.9185 185 159 104
135.4601 -420.1227 4894.8877 136 101 51
106.0000 -432.0001 4986.6670 186 149 117
108.9783 -427.9877 4940.3511 185 150 116
111.9018 -424.0491 4894.8877 184 149 117
115.1220 -421.4635 4865.0410 183 148 117
119.0244 -421.4635 4865.0410 196 166 129
122.9268 -421.4635 4865.0410 246 225 183
126.8293 -421.4635 4865.0410 215 196 150
130.9313 -422.1069 4872.4683 174 147 95
135.4601 -424.0491 4894.8877 133 96 51
105.6698 -434.6418 4971.1318 186 150 118
108.8099 -431.2829 4932.7153 183 147 115
111.5596 -426.6667 4879.9185 183 148 116
115.1220 -425.3659 4865.0410 181 147 116
119.0244 -425.3659 4865.0410 214 186 148
122.9268 -425.3659 4865.0410 241 219 173
126.8293 -425.3659 4865.0410 197 173 123
130.9313 -426.0153 4872.4683 163 134 88
101.8409 -439.3136 4978.8872 174 139 103
105.0155 -435.9134 4940.3511 176 141 107
108.3077 -433.2308 4909.9487 173 137 103
111.2195 -429.2683 4865.0410 175 139 105
115.1220 -429.2683 4865.0410 180 144 109
119.0244 -429.2683 4865.0410 225 198 157
122.9268 -429.2683 4865.0410 234 212 168
126.8293 -429.2683 4865.0410 184 160 113
130.9313 -429.9237 4872.4683 160 134 97
101.8409 -443.3074 4978.8872 158 129 91
105.0155 -439.8762 4940.3511 156 126 87
107.6453 -434.4954 4879.9185 156 124 87
111.2195 -433.1708 4865.0410 157 123 87
115.1220 -433.1708 4865.0410 170 136 96
119.0244 -433.1708 4865.0410 237 212 169
122.9268 -433.1708 4865.0410 221 199 156
126.8293 -433.1708 4865.0410 171 143 97
131.1315 -434.4954 4879.9185 156 124 86
50.0783 -448.7011 4994.4707 159 187 126
54.0000 -448.0000 4986.6670 149 177 106
58.0908 -448.7011 4994.4707 134 161 79
104.8532 -443.1530 4932.7153 150 117 81
106.9909 -435.7447 4850.2534 146 112 77
111.0502 -436.4079 4857.6357 147 115 79
115.1220 -437.0732 4865.0410 182 156 115
119.0244 -437.0732 4865.0410 244 225 185
122.9268 -437.0732 4865.0410 199 175 133
126.8293 -437.0732 4865.0410 155 125 79
131.1315 -438.4098 4879.9185 146 111 73
2.0031 -452.7074 4994.4707 185 208 183
6.0094 -452.7074 4994.4707 186 209 183
10.0156 -452.7074 4994.4707 188 212 183
46.0720 -452.7074 4994.4707 153 180 115
50.0000 -452.0001 4986.6670 156 183 110
54.0000 -452.0001 4986.6670 169 191 114
58.0000 -452.0001 4986.6670 146 156 83
62.0000 -452.0001 4986.6670 101 113 46
66.1033 -452.7074 4994.4707 85 103 44
102.9439 -438.9682 4842.8936 166 122 79
106.8285 -438.9682 4842.8936 161 115 75
110.8815 -439.6353 4850.2534 156 114 72
115.1220 -440.9756 4865.0410 210 182 139
119.0244 -440.9756 4865.0410 236 215 175
122.9268 -440.9756 4865.0410 181 153 108
126.8293 -440.9756 4865.0410 148 113 74
-10.0156 -456.7137 4994.4707 183 206 177
-6.0094 -456.7137 4994.4707 185 208 179
-2.0000 -456.0001 4986.6670 185 207 180
2.0000 -456.0001 4986.6670 187 209 181
6.0000 -456.0001 4986.6670 189 212 182
10.0000 -456.0001 4986.6670 188 212 182
14.0219 -456.7137 4994.4707 188 211 182
34.0532 -456.7137 4994.4707 162 186 135
38.0595 -456.7137 4994.4707 154 178 120
42.0000 -456.0001 4986.6670 148 174 109
45.9282 -455.2886 4978.8872 144 171 98
49.8442 -454.5794 4971.1318 151 177 97
53.8318 -454.5794 4971.1318 134 156 76
57.9095 -455.2886 4978.8872 104 118 51
62.0000 -456.0001 4986.6670 89 101 44
66.0000 -456.0001 4986.6670 91 106 56
70.0000 -456.0001 4986.6670 108 121 79
102.9439 -442.8528 4842.8936 183 130 85
106.8285 -442.8528 4842.8936 178 127 81
110.8815 -443.5258 4850.2534 180 135 89
115.1220 -444.8781 4865.0410 236 212 169
119.0244 -444.8781 4865.0410 216 192 149
122.9268 -444.8781 4865.0410 169 135 91
126.8293 -444.8781 4865.0410 156 113 75
-22.0344 -460.7199 4994.4707 181 204 169
-18.0282 -460.7199 4994.4707 176 199 162
-14.0000 -460.0000 4986.6670 180 201 162
-10.0000 -460.0000 4986.6670 183 202 164
-6.0000 -460.0000 4986.6670 187 207 174
-1.9938 -458.5670 4971.1318 190 212 183
1.9938 -458.5670 4971.1318 192 215 187
5.9906 -459.2824 4978.8872 189 213 184
10.0000 -460.0000 4986.6670 186 210 180
14.0000 -460.0000 4986.6670 182 206 175
18.0282 -460.7199 4994.4707 176 201 165
22.0344 -460.7199 4994.4707 170 196 156
26.0407 -460.7199 4994.4707 165 192 147
30.0000 -460.0000 4986.6670 157 184 133
34.0000 -460.0000 4986.6670 149 175 118
38.0000 -460.0000 4986.6670 137 166 102
41.9345 -459.2824 4978.8872 131 160 86
45.8567 -458.5670 4971.1318 127 157 77
49.8442 -458.5670 4971.1318 105 132 57
53.8318 -458.5670 4971.1318 91 113 46
57.8193 -458.5670 4971.1318 91 106 49
61.9033 -459.2824 4978.8872 102 112 63
65.8970 -459.2824 4978.8872 100 114 72
70.0000 -460.0000 4986.6670 86 105 69
74.0000 -460.0000 4986.6670 99 113 78
103.4146 -448.7805 4865.0410 187 135 90
106.9909 -447.4164 4850.2534 185 132 87
111.0502 -448.0974 4857.6357 202 161 115
115.1220 -448.7805 4865.0410 237 212 172
119.0244 -448.7805 4865.0410 196 165 121
122.9268 -448.7805 4865.0410 171 128 82
126.8293 -448.7805 4865.0410 175 125 84
-26.0000 -464.0001 4986.6670 180 204 172
-22.0000 -464.0001 4986.6670 180 205 173
-18.0000 -464.0001 4986.6670 184 206 176
-13.9782 -463.2762 4978.8872 184 206 173
-9.9533 -461.8352 4963.4009 186 208 173
-5.9720 -461.8352 4963.4009 191 212 182
-1.9876 -461.1181 4955.6938 193 214 186
1.9876 -461.1181 4955.6938 189 213 182
5.9627 -461.1181 4955.6938 185 208 177
9.9225 -460.4031 4948.0103 179 204 170
13.8915 -460.4031 4948.0103 171 197 159
17.8605 -460.4031 4948.0103 162 190 143
21.8295 -460.4031 4948.0103 158 187 132
25.7985 -460.4031 4948.0103 155 184 125
29.7674 -460.4031 4948.0103 148 175 112
33.7364 -460.4031 4948.0103 134 161 92
37.7054 -460.4031 4948.0103 118 150 74
41.6744 -460.4031 4948.0103 110 141 66
45.6434 -460.4031 4948.0103 93 121 52
49.6894 -461.1181 4955.6938 86 109 46
53.6646 -461.1181 4955.6938 92 105 51
57.8193 -462.5545 4971.1318 107 115 66
61.9033 -463.2762 4978.8872 110 118 76
65.8970 -463.2762 4978.8872 93 108 73
70.0000 -464.0001 4986.6670 82 100 65
74.0000 -464.0001 4986.6670 105 116 76
103.7309 -454.0673 4879.9185 190 138 92
107.3171 -452.6830 4865.0410 190 136 89
111.2195 -452.6830 4865.0410 220 184 140
114.9467 -451.9939 4857.6357 231 204 164
118.8432 -451.9939 4857.6357 182 145 100
122.7397 -451.9939 4857.6357 175 129 84
-34.0532 -468.7324 4994.4707 184 206 172
-30.0000 -468.0001 4986.6670 180 201 165
-25.9594 -467.2699 4978.8872 181 204 173
-21.9315 -466.5421 4971.1318 186 208 179
-17.8882 -465.0932 4955.6938 191 212 183
-13.8915 -464.3721 4948.0103 189 211 181
-9.9225 -464.3721 4948.0103 190 213 182
-5.9535 -464.3721 4948.0103 191 214 184
-1.9845 -464.3721 4948.0103 187 210 178
1.9814 -463.6533 4940.3511 181 204 170
5.9443 -463.6533 4940.3511 176 200 163
9.8918 -462.9367 4932.7153 166 192 150
13.7634 -460.0922 4902.4067 157 185 135
17.6417 -458.6830 4887.3916 154 183 124
21.5291 -457.9817 4879.9185 152 182 114
25.4434 -457.9817 4879.9185 150 180 106
29.4028 -458.6830 4887.3916 137 167 85
33.4255 -460.0922 4902.4067 123 151 69
37.4154 -460.8000 4909.9487 107 134 61
41.5456 -462.9367 4932.7153 88 113 49
45.5728 -463.6533 4940.3511 86 106 49
49.5356 -463.6533 4940.3511 94 109 54
53.5814 -464.3721 4948.0103 117 123 75
57.6398 -465.0932 4955.6938 129 130 87
61.9033 -467.2699 4978.8872 104 111 76
66.0000 -468.0001 4986.6670 86 102 66
70.1096 -468.7324 4994.4707 102 112 73
104.3692 -460.8000 4909.9487 192 138 93
107.6453 -457.9817 4879.9185 194 141 95
111.2195 -456.5854 4865.0410 234 200 160
114.9467 -455.8904 4857.6357 216 185 145
118.6626 -455.1976 4850.2534 178 136 89
122.5532 -455.1976 4850.2534 177 127 84
-42.0657 -472.7387 4994.4707 185 207 176
-38.0000 -472.0000 4986.6670 184 204 169
-33.9470 -471.2637 4978.8872 181 199 160
-29.8600 -469.7979 4963.4009 183 204 164
-25.7985 -468.3411 4948.0103 189 209 177
-21.8295 -468.3411 4948.0103 190 210 180
-17.8328 -467.6161 4940.3511 193 215 184
-13.8485 -466.8934 4932.7153 192 215 187
-9.9071 -467.6161 4940.3511 191 214 186
-5.9443 -467.6161 4940.3511 189 212 182
-1.9814 -467.6161 4940.3511 181 206 174
1.9814 -467.6161 4940.3511 168 195 157
5.9351 -466.8934 4932.7153 156 184 137
9.8310 -464.0246 4902.4067 146 176 119
13.7003 -461.8960 4879.9185 143 173 108
17.5878 -461.1909 4872.4683 144 173 101
21.4634 -460.4878 4865.0410 149 180 102
25.3659 -460.4878 4865.0410 164 191 108
29.3130 -461.1909 4872.4683 167 184 102
33.3231 -462.6034 4887.3916 117 132 59
37.3006 -463.3129 4894.8877 93 110 51
41.3538 -464.7385 4909.9487 88 104 48
45.5023 -466.8934 4932.7153 106 115 63
49.5356 -467.6161 4940.3511 129 129 81
53.4985 -467.6161 4940.3511 136 133 89
57.5504 -468.3411 4948.0103 129 130 87
61.9033 -471.2637 4978.8872 110 115 75
66.1033 -472.7387 4994.4707 120 124 83
107.9755 -463.3129 4894.8877 200 153 107
111.3893 -461.1909 4872.4683 237 207 169
115.2977 -461.1909 4872.4683 201 168 126
118.8432 -459.7869 4857.6357 178 134 88
-54.0000 -476.0001 4986.6670 185 207 178
-50.0000 -476.0001 4986.6670 186 208 180
-46.0000 -476.0001 4986.6670 187 209 181
-41.9345 -475.2574 4978.8872 183 204 173
-37.8816 -474.5172 4971.1318 184 203 169
-33.8414 -473.7792 4963.4009 192 209 176
-29.7674 -472.3101 4948.0103 194 211 178
-25.7585 -471.5789 4940.3511 194 212 178
-21.7620 -470.8501 4932.7153 195 214 182
-17.8053 -470.8501 4932.7153 194 216 187
-13.8485 -470.8501 4932.7153 193 216 188
-9.8918 -470.8501 4932.7153 189 211 183
-5.9351 -470.8501 4932.7153 180 203 172
-1.9784 -470.8501 4932.7153 162 189 150
1.9784 -470.8501 4932.7153 149 178 129
5.8986 -467.9570 4902.4067 135 166 105
9.7859 -465.8104 4879.9185 127 161 90
13.6585 -464.3903 4865.0410 131 164 89
17.5342 -463.6834 4857.6357 137 169 88
21.4307 -463.6834 4857.6357 152 178 94
25.3272 -463.6834 4857.6357 140 161 79
29.2683 -464.3903 4865.0410 115 134 66
33.2214 -465.0993 4872.4683 95 113 55
37.2435 -466.5238 4887.3916 95 109 55
41.2270 -467.2393 4894.8877 114 120 70
45.2227 -467.9570 4902.4067 132 132 86
49.4590 -470.8501 4932.7153 134 131 89
53.4985 -471.5789 4940.3511 134 130 91
57.4613 -471.5789 4940.3511 135 129 89
61.4242 -471.5789 4940.3511 126 125 85
66.1033 -476.7449 4994.4707 107 113 76
-69.7819 -478.5047 4971.1318 183 207 177
-66.0000 -480.0001 4986.6670 184 207 178
-62.0000 -480.0001 4986.6670 186 209 180
-58.0000 -480.0001 4986.6670 186 210 180
-53.9158 -479.2512 4978.8872 186 209 179
-49.8442 -478.5047 4971.1318 185 208 179
-45.7854 -477.7605 4963.4009 180 203 174
-41.7391 -477.0187 4955.6938 182 203 171
-37.7640 -477.0187 4955.6938 190 208 175
-33.6842 -475.5418 4940.3511 196 213 180
-29.6754 -474.8068 4932.7153 195 213 181
-25.6790 -474.0741 4925.1030 194 214 184
-21.7284 -474.0741 4925.1030 195 217 188
-17.6959 -471.8894 4902.4067 192 215 187
-13.7634 -471.8894 4902.4067 188 211 182
-9.8310 -471.8894 4902.4067 179 202 170
-5.8986 -471.8894 4902.4067 163 191 148
-1.9662 -471.8894 4902.4067 149 179 125
1.9602 -470.4441 4887.3916 137 168 105
5.8537 -468.2928 4865.0410 129 161 88
9.7561 -468.2928 4865.0410 124 157 80
13.6377 -467.5800 4857.6357 124 157 76
17.5342 -467.5800 4857.6357 124 155 73
21.4307 -467.5800 4857.6357 109 136 60
25.3272 -467.5800 4857.6357 101 123 58
29.2237 -467.5800 4857.6357 99 116 60
33.1707 -468.2928 4865.0410 102 114 62
37.1865 -469.7248 4879.9185 126 128 83
41.2270 -471.1656 4894.8877 133 132 89
45.2227 -471.8894 4902.4067 132 131 88
49.5356 -475.5418 4940.3511 119 117 80
53.4985 -475.5418 4940.3511 122 120 86
57.4613 -475.5418 4940.3511 129 128 90
61.7107 -477.7605 4963.4009 100 107 73
-81.4907 -480.9938 4955.6938 181 206 171
-77.6361 -481.7419 4963.4009 183 206 176
-73.6547 -481.7419 4963.4009 185 207 178
-69.6734 -481.7419 4963.4009 184 209 180
-65.5901 -480.9938 4955.6938 185 209 181
-61.6149 -480.9938 4955.6938 186 210 181
-57.5504 -480.2481 4948.0103 182 206 176
-53.5814 -480.2481 4948.0103 181 203 173
-49.5356 -479.5047 4940.3511 181 202 173
-45.5728 -479.5047 4940.3511 185 206 174
-41.5456 -478.7636 4932.7153 191 210 178
-37.5889 -478.7636 4932.7153 190 209 178
-33.5802 -478.0247 4925.1030 195 216 186
-29.4479 -475.0921 4894.8877 194 216 188
-25.4824 -474.3645 4887.3916 191 215 186
-21.5291 -473.6392 4879.9185 189 212 182
-17.5610 -472.1952 4865.0410 186 207 174
-13.6585 -472.1952 4865.0410 175 200 159
-9.7710 -472.9161 4872.4683 162 189 140
-5.8626 -472.9161 4872.4683 152 181 121
-1.9542 -472.9161 4872.4683 143 174 104
1.9512 -472.1952 4865.0410 130 161 84
5.8537 -472.1952 4865.0410 118 153 69
9.7412 -471.4764 4857.6357 111 149 62
13.6170 -470.7599 4850.2534 102 138 58
17.5076 -470.7599 4850.2534 94 125 59
21.3982 -470.7599 4850.2534 96 120 61
25.3272 -471.4764 4857.6357 104 121 67
29.2683 -472.1952 4865.0410 95 108 64
33.2722 -473.6392 4879.9185 100 110 76
37.3579 -475.8218 4902.4067 102 111 79
41.2903 -475.8218 4902.4067 98 106 75
-85.4658 -484.9690 4955.6938 181 207 175
-81.4907 -484.9690 4955.6938 181 206 177
-77.6361 -485.7232 4963.4009 183 207 178
-73.5404 -484.9690 4955.6938 186 209 180
-69.4574 -484.2171 4948.0103 186 210 182
-65.3870 -483.4675 4940.3511 186 210 182
-61.3292 -482.7203 4932.7153 185 208 180
-57.2840 -481.9753 4925.1030 178 200 168
-53.3333 -481.9753 4925.1030 180 201 165
-49.3066 -481.2327 4917.5142 189 207 176
-45.2227 -479.7543 4902.4067 189 209 179
-41.2903 -479.7543 4902.4067 187 208 178
-37.3006 -479.0185 4894.8877 188 209 180
-33.3231 -478.2849 4887.3916 191 215 186
-29.3578 -477.5535 4879.9185 184 209 178
-25.3659 -476.0976 4865.0410 178 203 167
-21.4634 -476.0976 4865.0410 175 200 160
-17.5610 -476.0976 4865.0410 169 195 152
-13.6377 -475.3729 4857.6357 159 188 132
-9.7412 -475.3729 4857.6357 152 182 114
-5.8447 -475.3729 4857.6357 151 182 105
-1.9482 -475.3729 4857.6357 140 169 88
1.9453 -474.6505 4850.2534 123 153 64
5.8359 -474.6505 4850.2534 104 140 54
9.7264 -474.6505 4850.2534 89 123 49
13.5964 -473.9302 4842.8936 87 116 55
17.4810 -473.9302 4842.8936 93 116 64
21.3982 -474.6505 4850.2534 107 125 75
-102.1596 -492.7700 4994.4707 183 205 162
-97.5428 -489.7046 4963.4009 183 208 171
-93.5614 -489.7046 4963.4009 183 208 175
-89.4410 -488.9441 4955.6938 182 206 176
-85.4658 -488.9441 4955.6938 182 206 177
-81.2384 -487.4304 4940.3511 183 208 179
-77.2755 -487.4304 4940.3511 185 209 180
-73.3127 -487.4304 4940.3511 186 210 182
-69.2427 -486.6770 4932.7153 188 212 184
-64.9846 -484.4308 4909.9487 186 209 181
-60.9524 -483.6866 4902.4067 177 199 165
-56.8453 -482.2053 4887.3916 176 197 158
-52.9250 -482.2053 4887.3916 189 208 174
-48.9297 -481.4679 4879.9185 192 210 180
-45.0153 -481.4679 4879.9185 187 209 179
-41.1009 -481.4679 4879.9185 186 210 180
-37.1865 -481.4679 4879.9185 188 211 180
-33.2214 -480.7329 4872.4683 182 204 168
-29.2683 -480.0001 4865.0410 166 191 145
-25.3659 -480.0001 4865.0410 160 186 136
-21.4634 -480.0001 4865.0410 154 183 129
-17.5076 -478.5411 4850.2534 147 178 116
-13.5964 -477.8149 4842.8936 148 179 108
-9.6970 -477.0910 4835.5557 157 185 110
-5.8182 -477.0910 4835.5557 169 187 114
-1.9394 -477.0910 4835.5557 147 147 78
1.9394 -477.0910 4835.5557 115 128 55
5.8182 -477.0910 4835.5557 84 113 45
9.7117 -477.8149 4842.8936 84 108 50
13.5964 -477.8149 4842.8936 91 110 59
17.4810 -477.8149 4842.8936 98 115 72
-102.0000 -496.0000 4986.6670 185 209 170
-97.5428 -493.6859 4963.4009 184 209 175
-93.5614 -493.6859 4963.4009 184 207 176
-89.4410 -492.9193 4955.6938 183 207 177
-85.4658 -492.9193 4955.6938 184 208 178
-81.2384 -491.3932 4940.3511 186 210 181
-77.1561 -490.6337 4932.7153 187 212 184
-72.8615 -488.3692 4909.9487 187 211 184
-68.7117 -486.8712 4894.8877 182 205 175
-64.5872 -485.3823 4879.9185 181 201 165
-60.5802 -484.6412 4872.4683 188 206 169
-56.5854 -483.9025 4865.0410 187 207 173
-52.6829 -483.9025 4865.0410 188 211 181
-48.7805 -483.9025 4865.0410 190 212 184
-44.8781 -483.9025 4865.0410 187 211 180
-40.9756 -483.9025 4865.0410 182 206 174
-37.0732 -483.9025 4865.0410 170 194 154
-33.1707 -483.9025 4865.0410 155 183 131
-29.1793 -482.4316 4850.2534 148 177 118
-25.2504 -481.6996 4842.8936 146 176 112
-21.3333 -480.9697 4835.5557 140 171 101
-17.4018 -479.5166 4820.9468 137 169 90
-13.5143 -478.7934 4813.6753 143 171 87
-9.6386 -478.0723 4806.4258 157 181 98
-5.7658 -476.6367 4791.9922 139 158 80
-1.9248 -477.3534 4799.1982 103 117 50
1.9277 -478.0723 4806.4258 86 106 43
5.7831 -478.0723 4806.4258 82 102 44
9.6677 -479.5166 4820.9468 95 111 63
13.5347 -479.5166 4820.9468 109 121 90
17.4810 -481.6996 4842.8936 112 123 101
-113.6449 -498.4424 4971.1318 182 203 155
-105.6698 -498.4424 4971.1318 184 208 168
-101.3665 -496.8945 4955.6938 184 208 175
-97.2403 -496.1241 4948.0103 183 208 177
-93.2713 -496.1241 4948.0103 184 210 179
-89.3023 -496.1241 4948.0103 186 210 181
-85.2012 -495.3561 4940.3511 185 207 176
-80.8629 -493.0663 4917.5142 186 207 177
-76.5644 -490.7975 4894.8877 187 210 181
-72.4159 -489.2967 4879.9185 176 199 164
-68.3969 -488.5497 4872.4683 174 195 154
-64.3903 -487.8049 4865.0410 184 203 163
-60.4878 -487.8049 4865.0410 188 207 172
-56.5854 -487.8049 4865.0410 190 211 181
-52.6829 -487.8049 4865.0410 190 212 183
-48.7805 -487.8049 4865.0410 188 210 179
-44.8781 -487.8049 4865.0410 174 198 162
-40.9756 -487.8049 4865.0410 157 185 139
-37.0732 -487.8049 4865.0410 147 177 121
-33.0699 -486.3222 4850.2534 142 173 107
-29.0909 -484.8485 4835.5557 135 165 91
-25.1740 -484.1150 4828.2402 133 164 87
-21.2689 -483.3837 4820.9468 132 163 82
-17.3756 -482.6546 4813.6753 131 161 75
-13.4535 -480.4805 4791.9922 127 155 70
-9.6096 -480.4805 4791.9922 107 133 58
-5.7658 -480.4805 4791.9922 87 113 44
-1.9248 -481.2030 4799.1982 84 105 42
1.9277 -481.9278 4806.4258 89 107 51
5.7831 -481.9278 4806.4258 107 123 83
9.6386 -481.9278 4806.4258 121 133 111
13.5347 -483.3837 4820.9468 116 127 116
17.4281 -484.1150 4828.2402 115 122 111
-116.7234 -498.5472 4932.7153 171 196 147
-112.9412 -499.3189 4940.3511 180 202 157
-108.9783 -499.3189 4940.3511 185 210 174
-104.6914 -497.7778 4925.1030 184 209 179
-100.5855 -497.0108 4917.5142 186 209 180
-96.4923 -496.2462 4909.9487 186 210 182
-92.5538 -496.2462 4909.9487 188 213 184
-88.6154 -496.2462 4909.9487 190 215 186
-84.4172 -494.7240 4894.8877 189 213 183
-80.1221 -492.4580 4872.4683 184 205 174
-76.0976 -491.7074 4865.0410 174 194 156
-72.1951 -491.7074 4865.0410 175 195 151
-68.2927 -491.7074 4865.0410 181 201 161
-64.2922 -490.9590 4857.6357 189 211 179
-60.3957 -490.9590 4857.6357 190 212 183
-56.4134 -490.2128 4850.2534 191 212 184
-52.5228 -490.2128 4850.2534 184 206 174
-48.5584 -489.4689 4842.8936 173 197 156
-44.6061 -488.7273 4835.5557 150 179 123
-40.7273 -488.7273 4835.5557 139 172 103
-36.8485 -488.7273 4835.5557 138 171 96
-32.9198 -487.9879 4828.2402 137 168 87
-28.9593 -486.5158 4813.6753 129 161 76
-25.0602 -485.7831 4806.4258 124 157 72
-21.1411 -484.3243 4791.9922 122 156 76
-17.2455 -482.8743 4777.6450 101 135 58
-13.4132 -482.8743 4777.6450 85 117 45
-9.5952 -483.5982 4784.8076 80 108 44
-5.7571 -483.5982 4784.8076 89 109 52
9.6677 -487.2508 4820.9468 119 129 124
13.5347 -487.2508 4820.9468 116 126 123
-130.0000 -508.0000 4986.6670 177 198 148
-125.2174 -504.8448 4955.6938 177 198 147
-120.4938 -501.7284 4925.1030 172 196 143
-116.5432 -501.7284 4925.1030 167 191 136
-112.4191 -500.9554 4917.5142 178 202 157
-108.1413 -499.4163 4902.4067 186 209 177
-103.8897 -497.8867 4887.3916 187 212 181
-99.8165 -497.1254 4879.9185 188 212 183
-95.9021 -497.1254 4879.9185 191 215 187
-91.8473 -496.3665 4872.4683 192 216 188
-87.9389 -496.3665 4872.4683 190 212 184
-83.9025 -495.6098 4865.0410 182 201 168
-80.0000 -495.6098 4865.0410 174 194 152
-75.9817 -494.8554 4857.6357 178 199 154
-71.9757 -494.1034 4850.2534 184 204 166
-68.0851 -494.1034 4850.2534 190 212 181
-64.0971 -493.3536 4842.8936 190 214 185
-60.1212 -492.6061 4835.5557 187 209 178
-56.1573 -491.8608 4828.2402 177 199 161
-52.1267 -490.3771 4813.6753 169 194 147
-47.9760 -487.4363 4784.8076 161 187 131
-44.0719 -486.7067 4777.6450 150 180 111
-40.1794 -485.9791 4770.5034 151 184 104
-36.3528 -485.9791 4770.5034 154 182 97
-32.5262 -485.9791 4770.5034 141 163 77
-28.6996 -485.9791 4770.5034 122 151 59
-24.8358 -485.2538 4763.3833 99 135 46
-21.0149 -485.2538 4763.3833 86 120 44
-17.1684 -484.5305 4756.2842 83 112 46
-13.3532 -484.5305 4756.2842 87 109 49
-9.5522 -485.2538 4763.3833 97 114 60
-129.3935 -509.6112 4963.4009 179 199 147
-125.2174 -508.8199 4955.6938 182 202 153
-120.4938 -505.6790 4925.1030 180 202 157
-116.3636 -504.8999 4917.5142 188 212 175
-111.9018 -502.5767 4894.8877 185 209 178
-107.4809 -500.2748 4872.4683 186 211 180
-103.4146 -499.5122 4865.0410 189 214 184
-99.5122 -499.5122 4865.0410 192 215 186
-95.6098 -499.5122 4865.0410 194 215 188
-91.7073 -499.5122 4865.0410 184 204 171
-87.8049 -499.5122 4865.0410 168 190 149
-83.7747 -498.7519 4857.6357 168 190 144
-79.7568 -497.9940 4850.2534 179 199 157
-75.7511 -497.2383 4842.8936 190 210 175
-71.8665 -497.2383 4842.8936 194 215 187
-67.9818 -497.2383 4842.8936 192 213 184
-64.0000 -496.4849 4835.5557 180 200 161
-59.9396 -494.9849 4820.9468 167 190 143
-55.9879 -494.2383 4813.6753 157 184 130
-51.8141 -491.2744 4784.8076 154 184 124
-47.8326 -489.8057 4770.5034 160 189 125
-43.8748 -488.3458 4756.2842 158 189 116
-40.0000 -487.6191 4749.2065 174 197 119
-36.1905 -487.6191 4749.2065 162 168 97
-32.4292 -488.3458 4756.2842 123 126 53
-28.6140 -488.3458 4756.2842 102 123 50
-24.7988 -488.3458 4756.2842 83 112 44
-20.9524 -487.6191 4749.2065 85 109 50
-17.1429 -487.6191 4749.2065 96 114 57
-13.3333 -487.6191 4749.2065 111 125 79
-9.5380 -488.3458 4756.2842 136 147 123
-133.3748 -513.5925 4963.4009 183 203 149
-128.1972 -508.8444 4917.5142 183 205 158
-123.6810 -506.5031 4894.8877 186 210 171
-119.3884 -504.9542 4879.9185 190 211 180
-115.2977 -504.1832 4872.4683 191 212 183
-111.2195 -503.4147 4865.0410 191 213 184
-107.3171 -503.4147 4865.0410 192 216 186
-103.4146 -503.4147 4865.0410 192 215 187
-99.3607 -502.6484 4857.6357 183 203 169
-95.4642 -502.6484 4857.6357 172 193 151
-91.4286 -501.8845 4850.2534 172 193 145
-87.4052 -501.1230 4842.8936 170 191 140
-83.3939 -500.3637 4835.5557 175 198 152
-79.5152 -500.3637 4835.5557 191 214 180
-75.5219 -499.6067 4828.2402 193 214 184
-71.6490 -499.6067 4828.2402 184 204 170
-67.7761 -499.6067 4828.2402 171 193 148
-63.8067 -498.8520 4820.9468 154 182 126
-59.8492 -498.0996 4813.6753 148 177 118
-55.6522 -495.1125 4784.8076 146 177 113
-51.5821 -492.8956 4763.3833 141 174 101
-47.6191 -491.4286 4749.2065 143 175 94
-43.8095 -491.4286 4749.2065 160 189 107
-40.0000 -491.4286 4749.2065 157 179 99
-36.1905 -491.4286 4749.2065 112 135 58
-32.3810 -491.4286 4749.2065 91 115 45
-28.5714 -491.4286 4749.2065 85 112 46
-24.7619 -491.4286 4749.2065 90 110 47
-20.9524 -491.4286 4749.2065 107 116 62
-17.1429 -491.4286 4749.2065 126 127 92
-13.3333 -491.4286 4749.2065 130 134 121
-9.5380 -492.1610 4756.2842 135 140 139
-137.7847 -519.1888 4978.8872 181 203 152
-132.1418 -512.7889 4917.5142 185 207 166
-127.2171 -508.8685 4879.9185 188 210 176
-122.9268 -507.3171 4865.0410 189 212 183
-118.8432 -506.5449 4857.6357 191 214 185
-114.9467 -506.5449 4857.6357 191 213 184
-111.0502 -506.5449 4857.6357 191 214 185
-106.9909 -505.7751 4850.2534 192 215 187
-103.1003 -505.7751 4850.2534 188 211 175
-99.0592 -505.0077 4842.8936 170 192 142
-95.0303 -504.2425 4835.5557 172 193 142
-91.1515 -504.2425 4835.5557 181 200 156
-87.1407 -503.4796 4828.2402 186 208 167
-83.1420 -502.7191 4820.9468 192 215 182
-79.2749 -502.7191 4820.9468 187 208 176
-75.4079 -502.7191 4820.9468 172 196 152
-71.5408 -502.7191 4820.9468 159 186 132
-67.6737 -502.7191 4820.9468 144 174 110
-63.7104 -501.9608 4813.6753 137 169 98
-59.4903 -498.9506 4784.8076 132 166 87
-55.3204 -495.9762 4756.2842 128 164 78
-51.4286 -495.2382 4749.2065 125 164 71
-47.5483 -494.5023 4742.1499 128 163 72
-43.7444 -494.5023 4742.1499 112 146 60
-39.9406 -494.5023 4742.1499 93 126 47
-36.1367 -494.5023 4742.1499 85 115 45
-32.3328 -494.5023 4742.1499 85 111 47
-28.5290 -494.5023 4742.1499 100 117 59
-24.7251 -494.5023 4742.1499 135 139 93
-20.9212 -494.5023 4742.1499 152 129 99
-17.1429 -495.2382 4749.2065 156 114 97
-13.3333 -495.2382 4749.2065 170 138 123
-141.7785 -523.1826 4978.8872 181 204 157
-135.8769 -515.9385 4909.9487 185 209 171
-130.7317 -511.2196 4865.0410 189 210 179
-126.2519 -508.8923 4842.8936 191 212 183
-121.9970 -507.3526 4828.2402 192 214 186
-118.1241 -507.3526 4828.2402 193 216 187
-114.2512 -507.3526 4828.2402 195 218 189
-110.2115 -506.5861 4820.9468 191 214 183
-106.3444 -506.5861 4820.9468 184 204 167
-102.4773 -506.5861 4820.9468 179 199 152
-98.4615 -505.8220 4813.6753 170 191 137
-94.4578 -505.0602 4806.4258 186 207 164
-90.3303 -503.5436 4791.9922 193 212 178
-86.3568 -502.7886 4784.8076 187 208 175
-82.2720 -501.2855 4770.5034 175 198 155
-78.3284 -500.5373 4763.3833 164 190 137
-74.5075 -500.5373 4763.3833 153 181 120
-70.5812 -499.7914 4756.2842 145 176 107
-66.7660 -499.7914 4756.2842 142 173 98
-62.9508 -499.7914 4756.2842 132 165 85
-59.0476 -499.0477 4749.2065 125 163 75
-55.1560 -498.3061 4742.1499 114 156 61
-51.3522 -498.3061 4742.1499 99 141 50
-47.5483 -498.3061 4742.1499 87 126 45
-43.7444 -498.3061 4742.1499 84 117 45
-39.9406 -498.3061 4742.1499 91 118 52
-36.1367 -498.3061 4742.1499 96 118 56
-32.3328 -498.3061 4742.1499 115 121 69
-28.5290 -498.3061 4742.1499 143 126 91
-24.7251 -498.3061 4742.1499 156 120 103
-20.9212 -498.3061 4742.1499 159 110 97
-158.0488 -515.1220 4865.0410 185 199 154
-154.1464 -515.1220 4865.0410 176 194 142
-150.7034 -516.6973 4879.9185 176 197 143
-146.7890 -516.6973 4879.9185 176 198 147
-142.6565 -515.9084 4872.4683 180 202 157
-138.7481 -515.9084 4872.4683 186 209 172
-134.6342 -515.1220 4865.0410 190 211 180
-129.9394 -512.0001 4835.5557 194 214 183
-125.6798 -510.4532 4820.9468 194 215 184
-121.8127 -510.4532 4820.9468 195 216 187
-117.9456 -510.4532 4820.9468 194 215 186
-114.0786 -510.4532 4820.9468 185 207 172
-109.7143 -508.1504 4799.1982 177 197 150
-105.7057 -507.3875 4791.9922 176 195 141
-101.7091 -506.6267 4784.8076 180 199 151
-97.7246 -505.8683 4777.6450 191 211 171
-93.6119 -504.3583 4763.3833 190 208 174
-89.5238 -502.8572 4749.2065 182 201 162
-85.7143 -502.8572 4749.2065 169 192 142
-81.7831 -502.1100 4742.1499 160 188 128
-77.9792 -502.1100 4742.1499 157 187 120
-74.1753 -502.1100 4742.1499 160 190 115
-70.3715 -502.1100 4742.1499 155 183 99
-66.6667 -502.8572 4749.2065 140 168 75
-62.8571 -502.8572 4749.2065 128 158 64
-58.9599 -502.1100 4742.1499 105 141 51
-55.1560 -502.1100 4742.1499 90 128 48
-51.3522 -502.1100 4742.1499 83 119 45
-47.4777 -501.3650 4735.1138 85 117 50
-43.6795 -501.3650 4735.1138 90 117 55
-39.8813 -501.3650 4735.1138 111 127 68
-36.0831 -501.3650 4735.1138 142 142 95
-158.0488 -519.0244 4865.0410 173 194 139
-153.9117 -518.2344 4857.6357 170 193 139
-149.7872 -517.4468 4850.2534 172 195 145
-145.8967 -517.4468 4850.2534 184 206 165
-141.5758 -515.8788 4835.5557 188 210 175
-137.6970 -515.8788 4835.5557 191 211 182
-133.6157 -515.0984 4828.2402 193 214 184
-129.3514 -513.5445 4813.6753 195 216 185
-125.3012 -512.7711 4806.4258 194 214 184
-120.8996 -510.4648 4784.8076 191 210 176
-117.0615 -510.4648 4784.8076 180 199 152
-113.0539 -509.7007 4777.6450 173 194 136
-108.8955 -508.1792 4763.3833 179 199 145
-105.0746 -508.1792 4763.3833 183 205 159
-101.1028 -507.4218 4756.2842 193 213 177
-97.2876 -507.4218 4756.2842 193 211 177
-93.3333 -506.6667 4749.2065 180 199 156
-89.3908 -505.9139 4742.1499 168 193 139
-85.4599 -505.1632 4735.1138 154 184 120
-81.4201 -503.6686 4721.1045 154 186 113
-77.6331 -503.6686 4721.1045 166 195 118
-73.8462 -503.6686 4721.1045 190 212 136
-70.0592 -503.6686 4721.1045 168 184 104
-66.3704 -504.4149 4728.0991 129 150 63
-62.5778 -504.4149 4728.0991 97 128 47
-58.7852 -504.4149 4728.0991 81 116 41
-54.9926 -504.4149 4728.0991 84 115 47
-51.2760 -505.1632 4735.1138 90 118 56
-47.4777 -505.1632 4735.1138 98 121 64
-43.7444 -505.9139 4742.1499 122 141 92
-39.9406 -505.9139 4742.1499 163 174 139
-157.5684 -521.3374 4850.2534 158 185 129
-153.2121 -519.7576 4835.5557 163 190 140
-149.1074 -518.9713 4828.2402 174 198 157
-145.2345 -518.9713 4828.2402 190 212 179
-140.9352 -517.4058 4813.6753 192 212 184
-136.6617 -515.8497 4799.1982 193 213 185
-132.4138 -514.3029 4784.8076 193 214 185
-128.3832 -513.5330 4777.6450 192 211 180
-124.3647 -512.7653 4770.5034 186 204 163
-120.1788 -511.2370 4756.2842 177 197 144
-116.3636 -511.2370 4756.2842 178 197 142
-112.3810 -510.4762 4749.2065 185 203 156
-108.5714 -510.4762 4749.2065 191 209 171
-104.6063 -509.7177 4742.1499 190 209 174
-100.8024 -509.7177 4742.1499 182 202 162
-96.8546 -508.9615 4735.1138 174 195 148
-92.7811 -507.4556 4721.1045 157 182 127
-88.8626 -506.7061 4714.1309 149 179 115
-84.9558 -505.9587 4707.1782 143 175 104
-80.7038 -502.9912 4679.5698 150 183 105
-76.9501 -502.9912 4679.5698 154 181 105
-73.1965 -502.9912 4679.5698 153 176 102
-69.5448 -503.7298 4686.4414 107 133 53
-65.9794 -505.2136 4700.2456 89 120 46
-62.3009 -505.9587 4707.1782 85 116 49
-58.5251 -505.9587 4707.1782 84 114 48
-54.7493 -505.9587 4707.1782 92 117 57
-50.9735 -505.9587 4707.1782 106 128 74
-47.1976 -505.9587 4707.1782 136 160 118
-43.6795 -508.9615 4735.1138 154 180 151
-160.9697 -523.6364 4835.5557 170 195 145
-156.8533 -522.8442 4828.2402 171 195 150
-152.7493 -522.0544 4820.9468 174 197 155
-148.8822 -522.0544 4820.9468 182 204 170
-144.5783 -520.4820 4806.4258 193 213 185
-139.8802 -517.3653 4777.6450 192 214 185
-136.0479 -517.3653 4777.6450 188 210 179
-131.8209 -515.8209 4763.3833 185 205 169
-127.6191 -514.2858 4749.2065 181 199 153
-123.8095 -514.2858 4749.2065 178 198 145
-119.8217 -513.5216 4742.1499 186 205 161
-116.0178 -513.5216 4742.1499 194 214 178
-112.0475 -512.7597 4735.1138 198 216 185
-108.0889 -512.0001 4728.0991 187 206 173
-104.1420 -511.2426 4721.1045 175 196 154
-100.3550 -511.2426 4721.1045 159 183 130
-96.4254 -510.4875 4714.1309 143 172 107
-92.5074 -509.7346 4707.1782 141 172 99
-88.6009 -508.9839 4700.2456 142 174 99
-84.4575 -506.7449 4679.5698 132 164 88
-80.4678 -505.2632 4665.8872 120 152 76
-76.7252 -505.2632 4665.8872 109 141 62
-73.0893 -506.0030 4672.7188 92 125 51
-69.3411 -506.0030 4672.7188 80 114 45
-65.8824 -508.2353 4693.3335 80 111 47
-62.3009 -509.7346 4707.1782 84 112 49
-58.5251 -509.7346 4707.1782 101 122 62
-54.7493 -509.7346 4707.1782 122 143 94
-50.8984 -508.9839 4700.2456 135 164 130
-47.1281 -508.9839 4700.2456 159 185 157
-167.2072 -522.7628 4791.9922 171 194 145
-163.3634 -522.7628 4791.9922 178 202 160
-159.5195 -522.7628 4791.9922 184 206 172
-155.4423 -521.9790 4784.8076 179 201 166
-151.1510 -520.4186 4770.5034 176 198 162
-147.3244 -520.4186 4770.5034 185 206 174
-143.2836 -519.6418 4763.3833 187 207 176
-139.0476 -518.0953 4749.2065 180 201 164
-135.2381 -518.0953 4749.2065 173 195 150
-131.4286 -518.0953 4749.2065 177 197 147
-127.2404 -516.5579 4735.1138 185 203 159
-123.2593 -515.7927 4728.0991 189 209 174
-119.1137 -514.2689 4714.1309 191 212 182
-115.1623 -513.5104 4707.1782 192 213 184
-111.2224 -512.7541 4700.2456 184 206 170
-107.4521 -512.7541 4700.2456 166 190 144
-103.5294 -512.0001 4693.3335 150 179 119
-99.6182 -511.2481 4686.4414 136 169 94
-95.8590 -511.2481 4686.4414 130 164 84
-91.9648 -510.4985 4679.5698 129 163 83
-88.0820 -509.7512 4672.7188 111 145 64
-84.2105 -509.0059 4665.8872 93 126 50
-80.4678 -509.0059 4665.8872 89 123 50
-76.7252 -509.0059 4665.8872 81 117 47
-72.9825 -509.0059 4665.8872 78 112 43
-69.3411 -509.7512 4672.7188 83 113 47
-65.8824 -512.0001 4693.3335 90 115 53
-62.3929 -514.2689 4714.1309 116 132 75
-58.6115 -514.2689 4714.1309 159 172 127
-54.8301 -514.2689 4714.1309 150 176 144
-50.9735 -513.5104 4707.1782 148 177 149
-169.5238 -521.9048 4749.2065 176 198 155
-165.9613 -522.6826 4756.2842 181 203 167
-162.1461 -522.6826 4756.2842 183 207 176
-158.5672 -523.4627 4763.3833 187 209 180
-154.5157 -522.6826 4756.2842 189 209 178
-150.4762 -521.9048 4749.2065 187 206 170
-146.6667 -521.9048 4749.2065 177 196 153
-142.6449 -521.1293 4742.1499 174 192 145
-138.4297 -519.5852 4728.0991 172 192 142
-134.6371 -519.5852 4728.0991 183 202 158
-130.6509 -518.8166 4721.1045 191 210 175
-126.6765 -518.0502 4714.1309 193 214 183
-122.7139 -517.2862 4707.1782 189 211 179
-118.7629 -516.5243 4700.2456 186 206 169
-114.4868 -514.2522 4679.5698 181 201 155
-110.4094 -512.7486 4665.8872 175 197 139
-106.5110 -512.0001 4659.0757 160 185 116
-102.6239 -511.2537 4652.2837 140 170 92
-98.8921 -511.2537 4652.2837 117 152 66
-95.1604 -511.2537 4652.2837 109 146 58
-91.4286 -511.2537 4652.2837 95 132 50
-87.8248 -512.0001 4659.0757 86 121 46
-84.0876 -512.0001 4659.0757 79 112 41
-80.3504 -512.0001 4659.0757 80 112 46
-76.7252 -512.7486 4665.8872 79 111 44
-72.9825 -512.7486 4665.8872 84 111 48
-69.3411 -513.4993 4672.7188 105 123 64
-66.1743 -518.0502 4714.1309 145 144 88
-62.4852 -518.8166 4721.1045 194 181 128
-58.7852 -519.5852 4728.0991 200 187 143
-55.0742 -520.3561 4735.1138 177 176 139
-186.1469 -529.6552 4784.8076 172 192 141
-181.4926 -527.2836 4763.3833 167 190 138
-177.1429 -525.7143 4749.2065 170 192 145
-172.8190 -524.1543 4735.1138 177 199 159
-169.5238 -525.7143 4749.2065 180 202 168
-165.7143 -525.7143 4749.2065 181 204 173
-161.9048 -525.7143 4749.2065 183 204 172
-158.0953 -525.7143 4749.2065 186 204 170
-154.0565 -524.9332 4742.1499 179 196 156
-150.0297 -524.1543 4735.1138 172 190 141
-146.0148 -523.3779 4728.0991 165 184 126
-141.8021 -521.8316 4714.1309 166 186 129
-137.8171 -521.0620 4707.1782 187 206 166
-134.0413 -521.0620 4707.1782 198 217 190
-130.0736 -520.2946 4700.2456 194 215 187
-126.3034 -520.2946 4700.2456 188 209 175
-122.3530 -519.5294 4693.3335 183 204 161
-117.8948 -516.4913 4665.8872 177 200 142
-113.8192 -514.9854 4652.2837 180 202 133
-109.7674 -513.4884 4638.7598 191 210 134
-106.0465 -513.4884 4638.7598 152 168 84
-102.3256 -513.4884 4638.7598 125 152 64
-98.6047 -513.4884 4638.7598 97 129 48
-95.0218 -514.2358 4645.5122 91 122 52
-91.2955 -514.2358 4645.5122 85 116 52
-87.5692 -514.2358 4645.5122 83 114 49
-83.8428 -514.2358 4645.5122 81 110 45
-80.1165 -514.2358 4645.5122 85 111 49
-76.3901 -514.2358 4645.5122 91 112 53
-72.7697 -514.9854 4652.2837 119 129 70
-69.3411 -517.2475 4672.7188 175 164 107
-65.8824 -519.5294 4693.3335 212 191 139
-62.6706 -524.1543 4735.1138 224 206 156
-59.1356 -526.4977 4756.2842 216 198 145
-193.8231 -533.4933 4784.8076 177 197 147
-189.7006 -532.6947 4777.6450 168 190 139
-185.0373 -530.3130 4756.2842 167 191 145
-180.6835 -528.7371 4742.1499 172 196 154
-176.3556 -527.1704 4728.0991 175 199 160
-172.3077 -526.3905 4721.1045 179 200 167
-168.5207 -526.3905 4721.1045 181 202 170
-165.2226 -527.9525 4735.1138 186 205 169
-161.1852 -527.1704 4728.0991 183 199 159
-156.9276 -525.6130 4714.1309 173 191 143
-152.9204 -524.8378 4707.1782 167 187 133
-148.9249 -524.0648 4700.2456 169 188 132
-144.7283 -522.5257 4686.4414 182 199 151
-140.5564 -520.9957 4672.7188 193 212 176
-136.6082 -520.2339 4665.8872 194 215 186
-132.6715 -519.4745 4659.0757 191 212 181
-128.7464 -518.7172 4652.2837 184 204 163
-125.0146 -518.7172 4652.2837 172 196 139
-121.2828 -518.7172 4652.2837 171 195 126
-117.3799 -517.9622 4645.5122 175 199 125
-113.4884 -517.2094 4638.7598 181 204 123
-109.6081 -516.4587 4632.0273 165 185 105
-105.8926 -516.4587 4632.0273 115 140 61
-102.3256 -517.2094 4638.7598 92 125 50
-98.6047 -517.2094 4638.7598 86 120 52
-94.8837 -517.2094 4638.7598 91 123 57
-91.1628 -517.2094 4638.7598 85 113 50
-87.5692 -517.9622 4645.5122 85 111 48
-83.8428 -517.9622 4645.5122 90 114 54
-80.0000 -517.2094 4638.7598 104 119 60
-76.2791 -517.2094 4638.7598 144 142 80
-72.5581 -517.2094 4638.7598 191 169 108
-69.0379 -518.7172 4652.2837 209 179 120
-65.8824 -523.2942 4693.3335 212 183 126
-200.0000 -533.3334 4749.2065 172 187 140
-196.1905 -533.3334 4749.2065 163 183 130
-192.6677 -534.1282 4756.2842 165 186 135
-188.8525 -534.1282 4756.2842 166 189 139
-184.4874 -532.5410 4742.1499 172 195 151
-180.1482 -530.9630 4728.0991 172 195 155
-175.8346 -529.3944 4714.1309 175 197 159
-172.0532 -529.3944 4714.1309 180 199 162
-168.0236 -528.6136 4707.1782 180 197 158
-164.2478 -528.6136 4707.1782 178 195 151
-160.2357 -527.8351 4700.2456 170 190 140
-156.2353 -527.0588 4693.3335 169 190 138
-151.5790 -523.9766 4665.8872 174 193 144
-147.6205 -523.2117 4659.0757 188 207 167
-143.4644 -521.6885 4645.5122 196 216 187
-139.7380 -521.6885 4645.5122 194 215 188
-136.0117 -521.6885 4645.5122 192 211 177
-132.2853 -521.6885 4645.5122 179 200 156
-128.5590 -521.6885 4645.5122 159 187 124
-124.8326 -521.6885 4645.5122 152 183 110
-120.9302 -520.9302 4638.7598 149 181 98
-117.2093 -520.9302 4638.7598 147 178 96
-113.3237 -520.1742 4632.0273 126 156 79
-109.6081 -520.1742 4632.0273 105 136 63
-105.8926 -520.1742 4632.0273 90 123 53
-102.1771 -520.1742 4632.0273 84 118 50
-98.4615 -520.1742 4632.0273 87 120 55
-94.8837 -520.9302 4638.7598 91 119 59
-91.1628 -520.9302 4638.7598 90 113 54
-87.4419 -520.9302 4638.7598 99 118 60
-83.7209 -520.9302 4638.7598 125 133 73
-79.8839 -520.1742 4632.0273 175 161 105
-76.0580 -519.4203 4625.3140 206 179 123
-72.1387 -517.9191 4611.9463 208 177 122
-68.8372 -520.9302 4638.7598 210 179 127
-211.4286 -537.1429 4749.2065 199 209 178
-207.6191 -537.1429 4749.2065 185 199 160
-203.8095 -537.1429 4749.2065 164 181 135
-199.7029 -536.3448 4742.1499 153 174 118
-195.8990 -536.3448 4742.1499 152 175 120
-192.0951 -536.3448 4742.1499 162 187 138
-188.0119 -535.5490 4735.1138 173 196 156
-183.9408 -534.7556 4728.0991 173 195 158
-179.6160 -533.1758 4714.1309 177 197 158
-175.3167 -531.6053 4700.2456 180 198 158
-171.5464 -531.6053 4700.2456 177 194 153
-167.0381 -529.2669 4679.5698 171 189 143
-163.2845 -529.2669 4679.5698 167 186 138
-158.8321 -526.9490 4659.0757 168 187 137
-154.8688 -526.1808 4652.2837 180 199 154
-150.6977 -524.6512 4638.7598 194 213 180
-146.9768 -524.6512 4638.7598 197 217 191
-143.2558 -524.6512 4638.7598 194 213 186
-139.5349 -524.6512 4638.7598 180 200 162
-135.8140 -524.6512 4638.7598 159 185 130
-132.0930 -524.6512 4638.7598 147 178 108
-128.3721 -524.6512 4638.7598 136 171 88
-124.6512 -524.6512 4638.7598 121 158 74
-120.9302 -524.6512 4638.7598 103 140 59
-117.0392 -523.8898 4632.0273 94 133 62
-113.3237 -523.8898 4632.0273 92 128 62
-109.6081 -523.8898 4632.0273 89 124 57
-105.8926 -523.8898 4632.0273 88 119 54
-102.1771 -523.8898 4632.0273 86 115 54
-98.6047 -524.6512 4638.7598 89 116 55
-94.8837 -524.6512 4638.7598 94 117 62
-91.1628 -524.6512 4638.7598 104 122 71
-87.4419 -524.6512 4638.7598 135 142 96
-83.7209 -524.6512 4638.7598 182 168 119
-79.8839 -523.8898 4632.0273 203 177 124
-76.0580 -523.1304 4625.3140 206 177 125
-72.1387 -521.6185 4611.9463 206 176 124
-211.4286 -540.9524 4749.2065 170 188 146
-207.6191 -540.9524 4749.2065 166 184 137
-203.2048 -539.3472 4735.1138 157 178 127
-199.1111 -538.5482 4728.0991 155 176 124
-195.0296 -537.7515 4721.1045 168 190 144
-190.9601 -536.9572 4714.1309 170 193 155
-186.6274 -535.3756 4700.2456 172 194 157
-182.8571 -535.3756 4700.2456 172 194 154
-178.5609 -533.8032 4686.4414 175 193 152
-174.2899 -532.2402 4672.7188 177 194 153
-170.0438 -530.6862 4659.0757 171 190 144
-166.3066 -530.6862 4659.0757 162 182 130
-162.0961 -529.1412 4645.5122 172 191 144
-158.1395 -528.3721 4638.7598 184 203 165
-154.1945 -527.6053 4632.0273 196 215 187
-150.2609 -526.8406 4625.3140 198 218 192
-146.5507 -526.8406 4625.3140 187 205 171
-142.8406 -526.8406 4625.3140 174 192 141
-139.1304 -526.8406 4625.3140 163 187 118
-135.4203 -526.8406 4625.3140 135 168 83
-131.7101 -526.8406 4625.3140 123 160 75
-128.1858 -527.6053 4632.0273 106 142 67
-124.4703 -527.6053 4632.0273 92 128 59
-120.7547 -527.6053 4632.0273 88 123 59
-117.0392 -527.6053 4632.0273 85 121 59
-113.3237 -527.6053 4632.0273 86 120 60
-109.7674 -528.3721 4638.7598 85 116 56
-106.0465 -528.3721 4638.7598 88 115 55
-102.3256 -528.3721 4638.7598 92 117 60
-98.6047 -528.3721 4638.7598 97 119 65
-94.8837 -528.3721 4638.7598 112 131 84
-91.1628 -528.3721 4638.7598 145 156 127
-87.4419 -528.3721 4638.7598 163 169 153
-83.9650 -529.9126 4652.2837 173 169 144
-215.8806 -546.3881 4763.3833 175 192 151
-211.4286 -544.7620 4749.2065 164 183 137
-207.0030 -543.1454 4735.1138 161 182 136
-202.6036 -541.5385 4721.1045 159 182 138
-198.2301 -539.9410 4707.1782 164 188 145
-194.1679 -539.1458 4700.2456 166 190 151
-190.3977 -539.1458 4700.2456 168 191 155
-185.5344 -535.9883 4672.7188 175 195 161
-181.5205 -535.2047 4665.8872 174 193 154
-177.2595 -533.6443 4652.2837 168 188 144
-173.2751 -532.8676 4645.5122 161 181 136
-169.3023 -532.0930 4638.7598 170 190 144
-165.5814 -532.0930 4638.7598 181 199 158
-161.6255 -531.3208 4632.0273 190 209 176
-157.4530 -529.7830 4618.6206 197 216 190
-153.5260 -529.0174 4611.9463 195 213 186
-149.8266 -529.0174 4611.9463 189 207 162
-146.1272 -529.0174 4611.9463 170 182 115
-142.4278 -529.0174 4611.9463 155 167 86
-138.7283 -529.0174 4611.9463 134 163 80
-135.0289 -529.0174 4611.9463 106 141 61
-131.3295 -529.0174 4611.9463 91 130 59
-127.8148 -529.7830 4618.6206 84 123 58
-124.1100 -529.7830 4618.6206 83 120 58
-120.7547 -531.3208 4632.0273 84 119 61
-117.0392 -531.3208 4632.0273 84 116 58
-113.4884 -532.0930 4638.7598 84 113 55
-109.7674 -532.0930 4638.7598 88 115 58
-106.0465 -532.0930 4638.7598 94 120 63
-102.3256 -532.0930 4638.7598 109 127 75
-98.6047 -532.0930 4638.7598 133 144 105
-94.8837 -532.0930 4638.7598 161 169 148
-91.1628 -532.0930 4638.7598 168 175 164
-87.6968 -533.6443 4652.2837 168 174 165
-232.2039 -552.6837 4784.8076 185 197 141
-229.0526 -554.3459 4799.1982 181 196 151
-225.2030 -554.3459 4799.1982 182 197 156
-221.3534 -554.3459 4799.1982 183 196 159
-213.6485 -544.5200 4714.1309 171 188 148
-209.8671 -544.5200 4714.1309 165 184 143
-205.7817 -543.7169 4707.1782 163 185 144
-200.8211 -540.5279 4679.5698 162 186 145
-196.4912 -538.9474 4665.8872 163 186 147
-192.7486 -538.9474 4665.8872 168 188 149
-188.7299 -538.1606 4659.0757 171 188 149
-184.4542 -536.5939 4645.5122 163 181 142
-180.7278 -536.5939 4645.5122 156 175 132
-176.7442 -535.8140 4638.7598 156 176 130
-172.5217 -534.2609 4625.3140 171 190 147
-168.3237 -532.7168 4611.9463 187 204 171
-164.6243 -532.7168 4611.9463 194 210 184
-160.4611 -531.1816 4598.6553 195 213 186
-156.7723 -531.1816 4598.6553 184 203 166
-152.8633 -530.4173 4592.0386 181 202 145
-149.1799 -530.4173 4592.0386 190 211 139
-145.4964 -530.4173 4592.0386 157 177 96
-141.8130 -530.4173 4592.0386 116 144 65
-138.5281 -531.9481 4605.2910 97 133 62
-134.8341 -531.9481 4605.2910 90 126 60
-131.3295 -532.7168 4611.9463 86 124 61
-127.8148 -533.4877 4618.6206 85 119 62
-124.1100 -533.4877 4618.6206 82 115 56
-120.5797 -534.2609 4625.3140 83 114 55
-117.0392 -535.0363 4632.0273 87 114 58
-113.4884 -535.8140 4638.7598 94 117 62
-109.7674 -535.8140 4638.7598 107 125 70
-106.0465 -535.8140 4638.7598 141 151 98
-102.3256 -535.8140 4638.7598 188 193 148
-98.6047 -535.8140 4638.7598 192 195 166
-94.8837 -535.8140 4638.7598 179 184 167
-91.1628 -535.8140 4638.7598 171 177 164
-231.1894 -545.0807 4686.4414 209 210 164
-229.4519 -549.9260 4728.0991 192 205 164
-228.3658 -556.5218 4784.8076 189 203 164
-223.5224 -554.0299 4763.3833 184 200 166
-217.4298 -548.3013 4714.1309 176 195 161
-211.7716 -543.4847 4672.7188 168 190 154
-208.0235 -543.4847 4672.7188 168 190 153
-203.6788 -541.8979 4659.0757 168 190 152
-199.0698 -539.5349 4638.7598 170 190 153
-195.3488 -539.5349 4638.7598 174 192 157
-191.6279 -539.5349 4638.7598 181 197 161
-187.9070 -539.5349 4638.7598 169 184 144
-183.9187 -538.7518 4632.0273 162 179 135
-180.2032 -538.7518 4632.0273 169 187 143
-175.9769 -537.1925 4618.6206 184 201 162
-171.7749 -535.6422 4605.2910 196 210 181
-167.5971 -534.1007 4592.0386 192 208 180
-163.9137 -534.1007 4592.0386 186 203 172
-159.7704 -532.5682 4578.8618 189 207 169
-155.4286 -530.2858 4559.2383 170 193 135
-151.7714 -530.2858 4559.2383 155 182 111
-148.1143 -530.2858 4559.2383 123 155 77
-144.4572 -530.2858 4559.2383 103 138 61
-141.8130 -534.1007 4592.0386 93 129 63
-138.1295 -534.1007 4592.0386 91 127 65
-134.8341 -535.6422 4605.2910 88 123 66
-131.3295 -536.4162 4611.9463 86 119 64
-127.8148 -537.1925 4618.6206 88 116 63
-124.1100 -537.1925 4618.6206 87 114 59
-120.7547 -538.7518 4632.0273 93 118 63
-117.2093 -539.5349 4638.7598 101 123 68
-113.4884 -539.5349 4638.7598 122 139 88
-109.7674 -539.5349 4638.7598 170 181 136
-106.0465 -539.5349 4638.7598 212 215 177
-102.3256 -539.5349 4638.7598 216 217 180
-98.6047 -539.5349 4638.7598 218 219 184
-94.7460 -538.7518 4632.0273 211 214 182
-232.8994 -552.8994 4721.1045 198 211 177
-227.4303 -548.8400 4686.4414 188 204 172
-225.3255 -552.8994 4721.1045 182 201 170
-221.2112 -552.0828 4714.1309 177 197 168
-215.5198 -547.2328 4672.7188 176 196 167
-210.5386 -544.0466 4645.5122 176 196 166
-206.8122 -544.0466 4645.5122 178 197 165
-202.7907 -543.2559 4638.7598 170 189 154
-198.4928 -541.6812 4625.3140 158 178 140
-194.7826 -541.6812 4625.3140 168 184 148
-191.0725 -541.6812 4625.3140 188 203 168
-187.0912 -540.8973 4618.6206 183 198 163
-183.1214 -540.1157 4611.9463 187 203 170
-179.4220 -540.1157 4611.9463 188 204 175
-175.2162 -538.5591 4598.6553 188 203 173
-171.0345 -537.0115 4585.4409 195 210 177
-166.6381 -534.7067 4565.7607 182 199 157
-162.7429 -533.9429 4559.2383 159 182 128
-158.6325 -532.4217 4546.2490 146 172 116
-154.7653 -531.6644 4539.7822 130 156 99
-151.1238 -531.6644 4539.7822 105 134 71
-147.6923 -532.4217 4546.2490 88 122 52
-144.2511 -533.1812 4552.7344 91 125 61
-140.8000 -533.9429 4559.2383 90 122 65
-138.1295 -537.7842 4592.0386 91 120 67
-134.8341 -539.3362 4605.2910 90 119 66
-131.5195 -540.8973 4618.6206 95 120 68
-128.0000 -541.6812 4625.3140 97 121 70
-124.6512 -543.2559 4638.7598 102 124 71
-120.9302 -543.2559 4638.7598 114 135 84
-117.2093 -543.2559 4638.7598 135 160 115
-113.6536 -544.0466 4645.5122 179 199 159
-109.9272 -544.0466 4645.5122 197 210 176
-106.2009 -544.0466 4645.5122 187 204 173
-102.3256 -543.2559 4638.7598 188 204 173
-98.6047 -543.2559 4638.7598 201 210 179
-236.6864 -556.6864 4721.1045 193 209 181
-230.8504 -551.7889 4679.5698 186 203 175
-225.1163 -546.9767 4638.7598 182 200 170
-220.4342 -544.6021 4618.6206 180 200 171
-216.4162 -543.8151 4611.9463 181 200 172
-212.7168 -543.8151 4611.9463 189 206 179
-208.7157 -543.0303 4605.2910 191 207 178
-204.7262 -542.2479 4598.6553 182 197 166
-201.0375 -542.2479 4598.6553 173 189 154
-197.3487 -542.2479 4598.6553 174 193 155
-193.6600 -542.2479 4598.6553 182 202 168
-189.9712 -542.2479 4598.6553 188 207 179
-186.0144 -541.4677 4592.0386 189 203 176
-182.0690 -540.6897 4585.4409 189 205 171
-178.3908 -540.6897 4585.4409 175 193 150
-173.9628 -538.3691 4565.7607 163 185 132
-169.8146 -536.8331 4552.7344 157 181 130
-165.9259 -536.0684 4546.2490 142 168 115
-162.0484 -535.3059 4539.7822 113 145 84
-158.1818 -534.5455 4533.3335 98 134 70
-154.5455 -534.5455 4533.3335 108 139 80
-151.1238 -535.3059 4539.7822 106 131 72
-147.4822 -535.3059 4539.7822 98 125 62
-144.2511 -536.8331 4552.7344 89 119 61
-140.8000 -537.6000 4559.2383 90 118 64
-138.1295 -541.4677 4592.0386 97 123 71
-135.0289 -543.8151 4611.9463 101 125 76
-131.5195 -544.6021 4618.6206 110 128 78
-128.0000 -545.3913 4625.3140 131 144 91
-124.6512 -546.9767 4638.7598 163 176 128
-120.9302 -546.9767 4638.7598 157 183 144
-117.2093 -546.9767 4638.7598 153 188 153
-113.6536 -547.7730 4645.5122 163 193 160
-110.0875 -548.5714 4652.2837 196 212 179
-106.3557 -548.5714 4652.2837 190 206 171
-264.8943 -572.3263 4820.9468 206 183 126
-261.0272 -572.3263 4820.9468 208 193 144
-257.1602 -572.3263 4820.9468 203 204 166
-252.5301 -570.6024 4806.4258 195 207 177
-244.9852 -562.1365 4735.1138 192 208 182
-240.4734 -560.4734 4721.1045 188 205 178
-233.9181 -553.9182 4665.8872 183 201 175
-228.1739 -549.1014 4625.3140 181 199 171
-223.4921 -546.7244 4605.2910 183 201 172
-219.1655 -545.1511 4592.0386 186 205 178
-214.8637 -543.5869 4578.8618 182 202 175
-210.8882 -542.8080 4572.3018 180 197 170
-206.9242 -542.0315 4565.7607 178 194 166
-203.2618 -542.0315 4565.7607 181 199 171
-199.5994 -542.0315 4565.7607 186 206 181
-195.3780 -540.4850 4552.7344 189 210 185
-191.4530 -539.7151 4546.2490 185 206 178
-187.8063 -539.7151 4546.2490 186 201 166
-183.6364 -538.1819 4533.3335 185 196 150
-180.0000 -538.1819 4533.3335 186 201 151
-176.3636 -538.1819 4533.3335 152 176 118
-172.7273 -538.1819 4533.3335 121 151 87
-169.0909 -538.1819 4533.3335 102 136 73
-165.4546 -538.1819 4533.3335 93 131 68
-161.8182 -538.1819 4533.3335 89 126 66
-158.1818 -538.1819 4533.3335 88 124 66
-154.5455 -538.1819 4533.3335 92 123 70
-150.9091 -538.1819 4533.3335 96 123 71
-147.4822 -538.9474 4539.7822 94 120 68
-143.8407 -538.9474 4539.7822 94 120 65
-140.8000 -541.2571 4559.2383 104 125 76
-138.1295 -545.1511 4592.0386 112 131 84
-134.6398 -545.9366 4598.6553 123 140 92
-131.3295 -547.5145 4611.9463 173 184 139
-127.8148 -548.3069 4618.6206 214 216 174
-124.1100 -548.3069 4618.6206 205 213 176
-120.4052 -548.3069 4618.6206 182 202 166
-117.2093 -550.6977 4638.7598 180 204 168
-113.9854 -553.1095 4659.0757 164 195 160
-110.2482 -553.1095 4659.0757 171 198 166
-261.0272 -576.1934 4820.9468 191 206 170
-256.3856 -574.4579 4806.4258 188 207 179
-248.4148 -565.0963 4728.0991 186 206 179
-243.1812 -561.7674 4700.2456 184 202 175
-237.6608 -557.6609 4665.8872 181 198 167
-231.8841 -552.8116 4625.3140 176 193 159
-226.5324 -548.8346 4592.0386 169 188 152
-221.8911 -546.4756 4572.3018 179 199 168
-217.9113 -545.6939 4565.7607 175 195 168
-213.3333 -543.3619 4546.2490 171 193 166
-209.3884 -542.5890 4539.7822 177 199 172
-205.4546 -541.8182 4533.3335 185 207 181
-201.8182 -541.8182 4533.3335 189 210 187
-198.1818 -541.8182 4533.3335 188 210 188
-194.5455 -541.8182 4533.3335 184 207 180
-190.9091 -541.8182 4533.3335 186 211 168
-187.2727 -541.8182 4533.3335 196 218 155
-183.3759 -541.0497 4526.9033 154 176 90
-179.7447 -541.0497 4526.9033 121 150 68
-176.1135 -541.0497 4526.9033 96 134 62
-172.4823 -541.0497 4526.9033 85 125 58
-168.8511 -541.0497 4526.9033 84 121 61
-165.2199 -541.0497 4526.9033 85 122 66
-161.8182 -541.8182 4533.3335 85 120 66
-158.1818 -541.8182 4533.3335 87 118 67
-154.5455 -541.8182 4533.3335 92 119 70
-150.9091 -541.8182 4533.3335 100 122 74
-147.2727 -541.8182 4533.3335 107 125 76
-143.6364 -541.8182 4533.3335 115 131 80
-140.1992 -542.5890 4539.7822 130 147 100
-137.1429 -544.9143 4559.2383 165 187 143
-134.4460 -548.8346 4592.0386 172 195 155
-130.9510 -549.6254 4598.6553 172 192 161
-127.6301 -551.2139 4611.9463 214 222 191
-124.1100 -552.0117 4618.6206 222 225 189
-120.4052 -552.0117 4618.6206 225 226 190
-260.2410 -578.3133 4806.4258 189 207 180
-251.4623 -567.2083 4714.1309 183 202 172
-245.5051 -562.2255 4672.7188 173 193 159
-238.9581 -555.7164 4618.6206 174 194 159
-234.2363 -553.3141 4598.6553 177 196 160
-230.2158 -552.5181 4592.0386 174 193 157
-225.2361 -549.3563 4565.7607 169 189 154
-220.0000 -545.4546 4533.3335 169 191 160
-216.0568 -544.6809 4526.9033 174 197 168
-211.8246 -543.1400 4514.0972 182 204 179
-207.6164 -541.6080 4501.3638 189 209 188
-204.0057 -541.6080 4501.3638 188 209 189
-200.3949 -541.6080 4501.3638 182 205 183
-196.7842 -541.6080 4501.3638 178 202 171
-193.1735 -541.6080 4501.3638 173 198 150
-189.5628 -541.6080 4501.3638 160 189 120
-185.9521 -541.6080 4501.3638 135 167 89
-182.3414 -541.6080 4501.3638 106 140 62
-178.7306 -541.6080 4501.3638 89 125 55
-175.1199 -541.6080 4501.3638 82 119 55
-171.7514 -542.3729 4507.7212 83 119 59
-168.3734 -543.1400 4514.0972 85 117 63
-164.9858 -543.9094 4520.4912 84 117 64
-161.5887 -544.6809 4526.9033 88 116 67
-157.9575 -544.6809 4526.9033 97 119 72
-154.3262 -544.6809 4526.9033 109 126 78
-150.9091 -545.4546 4533.3335 125 135 82
-147.2727 -545.4546 4533.3335 153 151 97
-143.6364 -545.4546 4533.3335 181 172 120
-140.0000 -545.4546 4533.3335 170 173 132
-136.5576 -546.2305 4539.7822 182 204 173
-133.4857 -548.5715 4559.2383 194 216 184
-130.9510 -553.3141 4598.6553 177 203 169
-245.4546 -549.0909 4533.3335 178 197 165
-241.8182 -549.0909 4533.3335 173 194 157
-239.5429 -552.2286 4559.2383 167 189 148
-235.8857 -552.2286 4559.2383 165 188 147
-232.2286 -552.2286 4559.2383 162 185 146
-227.5960 -549.8721 4539.7822 161 183 147
-223.6364 -549.0909 4533.3335 171 192 159
-219.0665 -546.7610 4514.0972 182 201 174
-215.4456 -546.7610 4514.0972 187 209 185
-210.9296 -544.4507 4495.0234 188 210 190
-207.3239 -544.4507 4495.0234 184 207 185
-204.0057 -545.2187 4501.3638 174 200 171
-200.3949 -545.2187 4501.3638 161 190 151
-196.7842 -545.2187 4501.3638 144 175 124
-192.9014 -544.4507 4495.0234 122 155 90
-189.2958 -544.4507 4495.0234 105 141 71
-185.6901 -544.4507 4495.0234 94 131 65
-182.0845 -544.4507 4495.0234 87 125 62
-178.4789 -544.4507 4495.0234 84 121 58
-175.1199 -545.2187 4501.3638 83 119 61
-171.5092 -545.2187 4501.3638 84 117 63
-168.1356 -545.9887 4507.7212 82 112 59
-164.7525 -546.7610 4514.0972 91 115 64
-161.1315 -546.7610 4514.0972 105 123 71
-157.7337 -547.5355 4520.4912 128 135 84
-154.3262 -548.3121 4526.9033 165 158 103
-150.6951 -548.3121 4526.9033 198 177 120
-147.2727 -549.0909 4533.3335 210 182 127
-143.6364 -549.0909 4533.3335 216 187 133
-140.0000 -549.0909 4533.3335 205 182 130
-137.1429 -552.2286 4559.2383 170 173 136
-258.8968 -550.3819 4514.0972 194 210 182
-255.6374 -551.1616 4520.4912 188 204 177
-252.0113 -551.1616 4520.4912 179 197 165
-248.7376 -551.9433 4526.9033 170 191 152
-245.1064 -551.9433 4526.9033 166 189 146
-241.4752 -551.9433 4526.9033 160 181 139
-237.5071 -551.1616 4520.4912 149 172 130
-233.5502 -550.3819 4514.0972 155 177 136
-229.9293 -550.3819 4514.0972 157 178 141
-225.6700 -548.8294 4501.3638 171 192 160
-221.4346 -547.2855 4488.7017 187 205 181
-217.8340 -547.2855 4488.7017 190 210 188
-214.2335 -547.2855 4488.7017 186 208 185
-209.4546 -544.2238 4463.5898 176 201 173
-205.8741 -544.2238 4463.5898 159 188 151
-202.0112 -543.4637 4457.3560 133 168 119
-198.1590 -542.7057 4451.1392 112 148 92
-194.5886 -542.7057 4451.1392 100 137 76
-191.0181 -542.7057 4451.1392 93 131 69
-187.4477 -542.7057 4451.1392 88 126 66
-184.1341 -543.4637 4457.3560 86 123 65
-180.5587 -543.4637 4457.3560 84 120 62
-177.2308 -544.2238 4463.5898 84 118 63
-173.8936 -544.9860 4469.8413 84 115 63
-170.3081 -544.9860 4469.8413 87 115 66
-166.7227 -544.9860 4469.8413 92 115 63
-163.3661 -545.7504 4476.1104 120 127 77
-159.7756 -545.7504 4476.1104 158 140 96
-156.4045 -546.5168 4482.3970 201 171 123
-154.1077 -551.1616 4520.4912 215 184 130
-258.5311 -553.2203 4507.7212 184 200 170
-254.9153 -553.2203 4507.7212 178 195 159
-251.6549 -554.0029 4514.0972 174 192 151
-248.3853 -554.7875 4520.4912 165 185 144
-244.4130 -554.0029 4514.0972 154 175 134
-240.1129 -552.4401 4501.3638 152 174 130
-236.5021 -552.4401 4501.3638 154 175 133
-231.5849 -549.3408 4476.1104 166 185 146
-227.6751 -548.5715 4469.8413 180 198 164
-223.4637 -547.0391 4457.3560 185 202 169
-219.2758 -545.5154 4444.9399 174 187 145
-215.7103 -545.5154 4444.9399 180 201 157
-212.1449 -545.5154 4444.9399 157 186 138
-208.2893 -544.7567 4438.7578 129 165 109
-204.7288 -544.7567 4438.7578 109 146 86
-201.1683 -544.7567 4438.7578 98 136 77
-197.6078 -544.7567 4438.7578 93 131 74
-194.0473 -544.7567 4438.7578 90 128 70
-190.7521 -545.5154 4444.9399 87 124 67
-187.4477 -546.2762 4451.1392 85 121 64
-183.8773 -546.2762 4451.1392 87 119 63
-180.5587 -547.0391 4457.3560 90 119 67
-176.9833 -547.0391 4457.3560 89 117 66
-173.4078 -547.0391 4457.3560 91 115 64
-169.8324 -547.0391 4457.3560 104 121 73
-165.7939 -545.5154 4444.9399 137 130 84
-162.9091 -547.8042 4463.5898 184 149 107
-159.7756 -549.3408 4476.1104 211 170 122
-156.4045 -550.1124 4482.3970 219 183 130
-267.2727 -560.0001 4533.3335 186 205 175
-262.1469 -556.8362 4507.7212 183 201 168
-257.8028 -555.2676 4495.0234 177 196 159
-253.4832 -553.7079 4482.3970 165 185 143
-250.5916 -555.2676 4495.0234 162 182 140
-246.9859 -555.2676 4495.0234 157 177 134
-243.3803 -555.2676 4495.0234 152 173 129
-239.1011 -553.7079 4482.3970 162 183 143
-234.8459 -552.1569 4469.8413 175 194 157
-229.9722 -549.0808 4444.9399 186 204 172
-226.0918 -548.3171 4438.7578 193 215 182
-222.2222 -547.5556 4432.5928 200 222 168
-218.6667 -547.5556 4432.5928 162 188 103
-215.4103 -548.3171 4438.7578 130 161 81
-211.8498 -548.3171 4438.7578 110 146 78
-208.2893 -548.3171 4438.7578 100 136 73
-204.7288 -548.3171 4438.7578 97 131 71
-201.1683 -548.3171 4438.7578 92 128 72
-197.6078 -548.3171 4438.7578 88 126 71
-194.0473 -548.3171 4438.7578 88 123 67
-190.7521 -549.0808 4444.9399 87 120 67
-187.4477 -549.8466 4451.1392 87 120 66
-184.1341 -550.6146 4457.3560 90 119 67
-180.5587 -550.6146 4457.3560 95 119 71
-176.9833 -550.6146 4457.3560 100 120 72
-173.4078 -550.6146 4457.3560 118 126 79
-169.3593 -549.0808 4444.9399 161 136 95
-165.5633 -548.3171 4438.7578 201 156 115
-162.2284 -549.0808 4444.9399 219 180 129
-308.5030 -594.0120 4777.6450 214 224 185
-270.1417 -562.0397 4520.4912 184 203 170
-265.7627 -560.4520 4507.7212 180 198 162
-261.7772 -559.6616 4501.3638 170 189 149
-256.3586 -555.7423 4469.8413 154 176 129
-252.4196 -554.9651 4463.5898 142 165 114
-249.1877 -555.7423 4469.8413 150 171 124
-245.6022 -555.7423 4469.8413 162 180 138
-241.0042 -553.4171 4451.1392 174 191 153
-236.7733 -551.8776 4438.7578 183 201 168
-232.8889 -551.1111 4432.5928 190 209 181
-229.0153 -550.3467 4426.4448 190 213 181
-225.4646 -550.3467 4426.4448 186 214 162
-221.9140 -550.3467 4426.4448 159 188 115
-218.6667 -551.1111 4432.5928 118 153 76
-215.1111 -551.1111 4432.5928 101 139 70
-211.5556 -551.1111 4432.5928 98 134 72
-208.2893 -551.8776 4438.7578 95 129 69
-204.4445 -551.1111 4432.5928 94 127 70
-201.4485 -552.6463 4444.9399 90 124 71
-197.8830 -552.6463 4444.9399 88 122 69
-194.3176 -552.6463 4444.9399 88 119 66
-191.0181 -553.4171 4451.1392 90 118 68
-187.4477 -553.4171 4451.1392 93 120 71
-184.3916 -554.9651 4463.5898 97 119 73
-181.0644 -555.7423 4469.8413 111 125 78
-178.2279 -558.0873 4488.7017 152 147 103
-174.8732 -558.8732 4495.0234 193 158 124
-169.8324 -554.1900 4457.3560 201 149 118
-166.2570 -554.1900 4457.3560 220 176 132
-306.2110 -593.4027 4742.1499 221 227 197
-304.6707 -597.8444 4777.6450 218 226 190
-298.6033 -593.4027 4742.1499 195 209 171
-273.7677 -565.6658 4520.4912 184 203 172
-270.1417 -565.6658 4520.4912 178 196 158
-265.7627 -564.0678 4507.7212 166 187 144
-261.0408 -561.6878 4488.7017 150 173 125
-256.0000 -558.5455 4463.5898 145 168 116
-251.0153 -555.4382 4438.7578 151 174 124
-247.4548 -555.4382 4438.7578 170 188 145
-243.5556 -554.6667 4432.5928 183 199 165
-240.0000 -554.6667 4432.5928 190 208 180
-236.1165 -553.8974 4426.4448 187 210 183
-232.5659 -553.8974 4426.4448 176 202 169
-228.6981 -553.1302 4420.3140 154 185 131
-225.1524 -553.1302 4420.3140 130 162 94
-221.9140 -553.8974 4426.4448 112 144 77
-218.6667 -554.6667 4432.5928 101 137 71
-215.1111 -554.6667 4432.5928 95 131 70
-211.8498 -555.4382 4438.7578 93 127 71
-208.2893 -555.4382 4438.7578 93 125 71
-205.0139 -556.2117 4444.9399 91 123 72
-201.7294 -556.9875 4451.1392 91 123 71
-198.1590 -556.9875 4451.1392 90 120 67
-194.5886 -556.9875 4451.1392 87 112 61
-191.0181 -556.9875 4451.1392 96 117 67
-188.2353 -559.3278 4469.8413 106 122 75
-184.6499 -559.3278 4469.8413 133 135 91
-182.0845 -562.4789 4495.0234 196 187 149
-178.7306 -563.2723 4501.3638 227 205 174
-306.2110 -597.2066 4742.1499 189 208 175
-304.6707 -601.6767 4777.6450 195 212 182
-297.2781 -594.5562 4721.1045 190 209 181
-283.8341 -574.9929 4565.7607 187 207 181
-278.1818 -570.9091 4533.3335 183 203 175
-273.7677 -569.2918 4520.4912 176 197 162
-269.3785 -567.6837 4507.7212 168 189 148
-264.6414 -565.2884 4488.7017 161 181 137
-259.9440 -562.9131 4469.8413 160 179 135
-254.5758 -558.9987 4438.7578 167 185 143
-250.6667 -558.2223 4432.5928 179 197 158
-246.7684 -557.4480 4426.4448 187 205 174
-243.2178 -557.4480 4426.4448 189 209 183
-239.3352 -556.6760 4420.3140 177 202 172
-235.7895 -556.6760 4420.3140 148 178 136
-231.9226 -555.9060 4414.2002 119 154 94
-228.6981 -556.6760 4420.3140 106 142 76
-225.1524 -556.6760 4420.3140 100 134 71
-221.6067 -556.6760 4420.3140 95 129 68
-218.6667 -558.2223 4432.5928 94 128 68
-215.4103 -558.9987 4438.7578 92 127 70
-211.8498 -558.9987 4438.7578 93 126 71
-209.1620 -561.3408 4457.3560 94 124 72
-205.5866 -561.3408 4457.3560 93 123 74
-202.5770 -562.9131 4469.8413 94 123 74
-198.7133 -562.1259 4463.5898 96 121 70
-194.8604 -561.3408 4457.3560 103 122 67
-191.2849 -561.3408 4457.3560 130 135 83
-188.2353 -562.9131 4469.8413 165 141 100
-184.6499 -562.9131 4469.8413 197 149 119
-296.7852 -575.3628 4539.7822 187 209 178
-293.5613 -576.1824 4546.2490 187 207 179
-301.0651 -598.3432 4721.1045 187 207 182
-290.4046 -584.5087 4611.9463 185 206 181
-283.8341 -578.6553 4565.7607 186 205 178
-278.1818 -574.5455 4533.3335 179 199 168
-272.9944 -571.2994 4507.7212 169 190 153
-268.2419 -568.8890 4488.7017 161 181 139
-263.5294 -566.4987 4469.8413 162 180 137
-258.1363 -562.5592 4438.7578 174 190 152
-254.2222 -561.7778 4432.5928 185 202 169
-249.9723 -560.2216 4420.3140 190 209 180
-246.0858 -559.4468 4414.2002 177 202 172
-242.5450 -559.4468 4414.2002 150 180 138
-239.0042 -559.4468 4414.2002 121 154 100
-235.4634 -559.4468 4414.2002 105 139 78
-232.2438 -560.2216 4420.3140 98 132 71
-228.6981 -560.2216 4420.3140 92 127 67
-225.1524 -560.2216 4420.3140 89 125 66
-222.2222 -561.7778 4432.5928 91 125 65
-218.6667 -561.7778 4432.5928 91 125 69
-215.4103 -562.5592 4438.7578 92 125 73
-212.7375 -564.9163 4457.3560 95 124 74
-209.4546 -565.7063 4463.5898 96 124 75
-205.8741 -565.7063 4463.5898 98 125 76
-202.5770 -566.4987 4469.8413 104 125 76
-198.7133 -565.7063 4463.5898 125 140 90
-194.8604 -564.9163 4457.3560 174 183 134
-191.2849 -564.9163 4457.3560 211 211 169
-188.2353 -566.4987 4469.8413 200 171 135
-306.8369 -577.3618 4526.9033 191 199 137
-303.2057 -577.3618 4526.9033 183 199 153
-299.5745 -577.3618 4526.9033 181 199 168
-296.3637 -578.1818 4533.3335 184 204 177
-293.1437 -579.0043 4539.7822 187 207 181
-289.5022 -579.0043 4539.7822 185 205 181
-285.4546 -578.1818 4533.3335 183 203 178
-281.4185 -577.3618 4526.9033 179 199 169
-275.8310 -573.2958 4495.0234 171 192 156
-270.7003 -570.0840 4469.8413 166 185 147
-266.3687 -568.4917 4457.3560 166 184 143
-261.6968 -566.1197 4438.7578 172 185 137
-257.4203 -564.5493 4426.4448 171 189 124
-253.5180 -563.7673 4420.3140 167 192 137
-249.6266 -562.9875 4414.2002 145 174 123
-246.0858 -562.9875 4414.2002 119 153 98
-242.5450 -562.9875 4414.2002 107 141 82
-239.0042 -562.9875 4414.2002 102 135 78
-235.4634 -562.9875 4414.2002 96 130 71
-231.9226 -562.9875 4414.2002 92 125 69
-228.6981 -563.7673 4420.3140 88 124 66
-225.1524 -563.7673 4420.3140 90 125 68
-221.9140 -564.5493 4426.4448 91 123 69
-218.6667 -565.3334 4432.5928 88 120 66
-215.4103 -566.1197 4438.7578 92 122 72
-212.4407 -567.6988 4451.1392 98 124 76
-209.1620 -568.4917 4457.3560 102 125 77
-205.5866 -568.4917 4457.3560 118 136 86
-202.0112 -568.4917 4457.3560 159 173 121
-198.4358 -568.4917 4457.3560 194 209 166
-194.8604 -568.4917 4457.3560 212 224 185
-191.0181 -567.6988 4451.1392 225 229 190
-188.4993 -570.8836 4476.1104 227 220 179
-306.8369 -580.9929 4526.9033 180 196 142
-303.2057 -580.9929 4526.9033 176 193 154
-299.5745 -580.9929 4526.9033 183 203 173
-295.9433 -580.9929 4526.9033 186 205 182
-291.4852 -579.3494 4514.0972 185 204 179
-287.8642 -579.3494 4514.0972 186 205 179
-283.8418 -578.5311 4507.7212 180 199 170
-279.0436 -576.0901 4488.7017 176 194 161
-272.3783 -569.6802 4438.7578 174 192 155
-268.0721 -568.0999 4426.4448 179 197 161
-263.7898 -566.5284 4414.2002 190 209 171
-259.5310 -564.9655 4402.0229 194 216 153
-256.0000 -564.9655 4402.0229 143 173 85
-252.4690 -564.9655 4402.0229 120 155 78
-248.9379 -564.9655 4402.0229 108 143 78
-245.7458 -565.7458 4408.1030 101 136 76
-242.2099 -565.7458 4408.1030 97 132 75
-238.6740 -565.7458 4408.1030 94 128 75
-235.4634 -566.5284 4414.2002 92 127 74
-231.9226 -566.5284 4414.2002 93 126 73
-228.6981 -567.3130 4420.3140 92 125 72
-225.1524 -567.3130 4420.3140 93 124 72
-221.9140 -568.0999 4426.4448 90 120 68
-218.6667 -568.8890 4432.5928 91 118 65
-215.4103 -569.6802 4438.7578 99 124 74
-212.1449 -570.4736 4444.9399 114 131 84
-208.8703 -571.2692 4451.1392 148 160 113
-205.0139 -570.4736 4444.9399 197 207 164
-201.4485 -570.4736 4444.9399 215 226 188
-197.6078 -569.6802 4438.7578 212 225 188
-194.3176 -570.4736 4444.9399 223 228 193
-191.0181 -571.2692 4451.1392 225 227 191
-310.0284 -583.7961 4520.4912 186 202 156
-304.2476 -579.6906 4488.7017 184 201 167
-300.6470 -579.6906 4488.7017 182 202 174
-297.0464 -579.6906 4488.7017 183 205 179
-293.4459 -579.6906 4488.7017 183 203 178
-289.4382 -578.8765 4482.3970 183 203 177
-285.0420 -577.2549 4469.8413 182 200 171
-280.2790 -574.8396 4451.1392 179 195 162
-275.5556 -572.4445 4432.5928 177 194 159
-269.7521 -567.7135 4395.9595 184 201 169
-265.1303 -565.3773 4377.8691 191 212 175
-260.9029 -563.8304 4365.8916 192 215 165
-256.6985 -562.2920 4353.9790 145 175 101
-253.2060 -562.2920 4353.9790 109 144 63
-250.3967 -563.8304 4365.8916 101 136 68
-247.9121 -566.1539 4383.8828 98 133 74
-245.0689 -567.7135 4395.9595 94 129 76
-241.8759 -568.4966 4402.0229 92 127 74
-238.6740 -569.2817 4408.1030 93 125 74
-235.4634 -570.0692 4414.2002 93 125 75
-231.9226 -570.0692 4414.2002 94 124 75
-228.6981 -570.8588 4420.3140 95 123 74
-225.1524 -570.8588 4420.3140 95 121 73
-221.6067 -570.8588 4420.3140 95 119 70
-218.3634 -571.6505 4426.4448 106 125 75
-215.1111 -572.4445 4432.5928 136 148 97
-211.5556 -572.4445 4432.5928 192 195 145
-208.2893 -573.2407 4438.7578 228 230 190
-204.4445 -572.4445 4432.5928 232 236 201
-200.8889 -572.4445 4432.5928 232 236 203
-197.3334 -572.4445 4432.5928 226 232 199
-193.7778 -572.4445 4432.5928 221 229 195
-192.0898 -578.0645 4476.1104 225 230 195
-307.8481 -583.2912 4488.7017 179 199 170
-301.2814 -577.6045 4444.9399 182 202 177
-296.8889 -576.0000 4432.5928 181 203 177
-293.3333 -576.0000 4432.5928 181 202 176
-289.3759 -575.2011 4426.4448 181 201 174
-285.0346 -573.6100 4414.2002 182 201 173
-281.4938 -573.6100 4414.2002 187 203 174
-277.5691 -572.8177 4408.1030 188 204 174
-273.2782 -571.2397 4395.9595 187 206 174
-268.2740 -568.1096 4371.8721 175 199 162
-264.0437 -566.5574 4359.9272 156 184 138
-259.8365 -565.0137 4348.0474 144 170 120
-256.0000 -564.2450 4342.1318 115 145 86
-252.8611 -565.0137 4348.0474 101 133 72
-249.7135 -565.7845 4353.9790 90 123 63
-246.8947 -567.3325 4365.8916 92 126 72
-244.3956 -569.6703 4383.8828 92 125 75
-241.8759 -572.0276 4402.0229 91 124 75
-238.6740 -572.8177 4408.1030 93 124 76
-235.7895 -574.4045 4420.3140 94 124 76
-232.2438 -574.4045 4420.3140 96 123 76
-228.6981 -574.4045 4420.3140 99 122 75
-225.1524 -574.4045 4420.3140 104 124 77
-221.6067 -574.4045 4420.3140 119 135 87
-218.0610 -574.4045 4420.3140 158 168 118
-214.5152 -574.4045 4420.3140 197 203 160
-210.6777 -573.6100 4414.2002 205 213 173
-207.4238 -574.4045 4420.3140 204 214 179
-204.4445 -576.0000 4432.5928 203 217 183
-200.8889 -576.0000 4432.5928 207 219 186
-197.3334 -576.0000 4432.5928 219 226 195
-193.7778 -576.0000 4432.5928 220 230 198
-304.8468 -581.1700 4444.9399 178 200 175
-297.1429 -573.1868 4383.8828 178 201 177
-292.4214 -570.8345 4365.8916 179 201 175
-288.1310 -569.2769 4353.9790 180 202 175
-284.6385 -569.2769 4353.9790 184 202 174
-280.3810 -567.7280 4342.1318 189 205 177
-276.8980 -567.7280 4342.1318 189 206 175
-273.7875 -568.5014 4348.0474 176 198 160
-270.2997 -568.5014 4348.0474 147 175 129
-266.0870 -566.9565 4336.2319 122 154 102
-262.6087 -566.9565 4336.2319 107 142 88
-259.1305 -566.9565 4336.2319 101 133 80
-256.0000 -567.7280 4342.1318 96 129 75
-252.5170 -567.7280 4342.1318 93 126 72
-249.7135 -569.2769 4353.9790 89 120 62
-246.8947 -570.8345 4365.8916 89 120 65
-244.3956 -573.1868 4383.8828 91 123 73
-242.2099 -576.3536 4408.1030 90 121 71
-239.3352 -577.9502 4420.3140 93 122 73
-235.7895 -577.9502 4420.3140 95 122 74
-232.5659 -578.7518 4426.4448 100 125 76
-229.0153 -578.7518 4426.4448 113 133 83
-225.1524 -577.9502 4420.3140 144 161 111
-221.6067 -577.9502 4420.3140 184 203 156
-218.0610 -577.9502 4420.3140 197 217 178
-214.2186 -577.1508 4414.2002 201 217 181
-210.6777 -577.1508 4414.2002 213 222 185
-207.1369 -577.1508 4414.2002 223 228 189
-204.1609 -578.7518 4426.4448 215 224 185
-300.6593 -576.7033 4383.8828 174 196 170
-294.3130 -571.2109 4342.1318 177 199 173
-290.4348 -570.4348 4336.2319 180 200 174
-286.5672 -569.6608 4330.3481 184 202 175
-283.0936 -569.6608 4330.3481 191 206 178
-279.6201 -569.6608 4330.3481 185 203 169
-276.5218 -570.4348 4336.2319 156 180 138
-273.0435 -570.4348 4336.2319 126 157 106
-269.5652 -570.4348 4336.2319 108 141 86
-266.0870 -570.4348 4336.2319 100 133 80
-262.6087 -570.4348 4336.2319 95 128 78
-259.1305 -570.4348 4336.2319 93 125 77
-256.0000 -571.2109 4342.1318 93 125 76
-252.8611 -571.9891 4348.0474 93 125 76
-249.7135 -572.7695 4353.9790 92 123 73
-247.2329 -575.1233 4371.8721 91 121 71
-244.7318 -577.4966 4389.9131 92 121 72
-242.5450 -580.6916 4414.2002 89 116 67
-239.3352 -581.4958 4420.3140 97 121 72
-235.7895 -581.4958 4420.3140 108 129 81
-232.5659 -582.3024 4426.4448 136 152 104
-229.0153 -582.3024 4426.4448 181 198 154
-225.1524 -581.4958 4420.3140 202 222 182
-221.6067 -581.4958 4420.3140 203 220 183
-218.0610 -581.4958 4420.3140 212 222 185
-214.2186 -580.6916 4414.2002 233 236 200
-210.6777 -580.6916 4414.2002 230 230 196
-207.1369 -580.6916 4414.2002 233 235 200
-297.7960 -574.6939 4342.1318 165 180 148
-293.5143 -573.1343 4330.3481 176 198 165
-289.2558 -571.5833 4318.6289 180 199 169
-285.7916 -571.5833 4318.6289 179 199 166
-282.3275 -571.5833 4318.6289 156 180 140
-278.8633 -571.5833 4318.6289 133 160 114
-275.3992 -571.5833 4318.6289 112 144 94
-272.6730 -573.1343 4330.3481 100 133 83
-269.5652 -573.9130 4336.2319 94 127 77
-266.0870 -573.9130 4336.2319 92 125 76
-262.6087 -573.9130 4336.2319 91 124 76
-259.4830 -574.6939 4342.1318 91 123 76
-256.3488 -575.4769 4348.0474 91 122 75
-253.2060 -576.2620 4353.9790 93 123 75
-250.0547 -577.0492 4359.9272 94 123 76
-247.5720 -579.4239 4377.8691 94 122 75
-244.7318 -581.0179 4389.9131 97 122 74
-242.2099 -583.4254 4408.1030 103 124 75
-239.0042 -584.2324 4414.2002 133 148 96
-235.7895 -585.0416 4420.3140 182 191 142
-232.2438 -585.0416 4420.3140 216 221 178
-228.6981 -585.0416 4420.3140 228 232 193
-225.1524 -585.0416 4420.3140 228 233 196
-220.9945 -583.4254 4408.1030 223 230 195
-217.4586 -583.4254 4408.1030 220 229 197
-213.9226 -583.4254 4408.1030 224 231 201
-296.9878 -576.6079 4330.3481 172 195 118
-291.5364 -572.7224 4301.1680 156 183 108
-288.0863 -572.7224 4301.1680 149 174 117
-284.6361 -572.7224 4301.1680 130 158 100
-281.1860 -572.7224 4301.1680 114 144 88
-277.7359 -572.7224 4301.1680 104 137 85
-274.2857 -572.7224 4301.1680 95 129 79
-271.9351 -575.0474 4318.6289 88 121 71
-269.1995 -576.6079 4330.3481 89 122 72
-266.0870 -577.3914 4336.2319 90 122 74
-262.9660 -578.1769 4342.1318 89 120 72
-259.8365 -578.9646 4348.0474 89 118 71
-256.6985 -579.7545 4353.9790 93 122 75
-253.5519 -580.5465 4359.9272 96 124 77
-250.3967 -581.3406 4365.8916 97 123 77
-248.2531 -584.5392 4389.9131 103 125 79
-245.0689 -585.3444 4395.9595 120 136 89
-242.2099 -586.9614 4408.1030 159 172 126
-238.6740 -586.9614 4408.1030 209 219 180
-235.1381 -586.9614 4408.1030 213 220 190
-231.9226 -587.7732 4414.2002 211 219 188
-228.3817 -587.7732 4414.2002 214 220 190
-224.5304 -586.9614 4408.1030 213 219 188
-220.9945 -586.9614 4408.1030 210 220 187
-217.4586 -586.9614 4408.1030 208 223 190
-294.9865 -576.1725 4301.1680 165 194 111
-291.5364 -576.1725 4301.1680 123 154 73
-288.0863 -576.1725 4301.1680 115 145 81
-284.6361 -576.1725 4301.1680 105 136 77
-281.1860 -576.1725 4301.1680 98 128 72
-277.7359 -576.1725 4301.1680 93 123 74
-274.2857 -576.1725 4301.1680 84 116 67
-270.8356 -576.1725 4301.1680 85 118 67
-268.4709 -578.5115 4318.6289 89 120 74
-266.0870 -580.8696 4336.2319 90 119 73
-262.9660 -581.6599 4342.1318 90 118 73
-260.1910 -583.2469 4353.9790 94 121 74
-257.0492 -584.0438 4359.9272 97 122 77
-253.5519 -584.0438 4359.9272 102 125 78
-250.3967 -584.8427 4365.8916 117 135 84
-248.2531 -588.0606 4389.9131 158 162 112
-245.0689 -588.8705 4395.9595 206 200 154
-241.5427 -588.8705 4395.9595 219 212 172
-238.6740 -590.4973 4408.1030 223 212 173
-235.1381 -590.4973 4408.1030 225 214 172
-231.6022 -590.4973 4408.1030 228 217 176
-228.0663 -590.4973 4408.1030 229 220 178
-224.5304 -590.4973 4408.1030 229 222 179
-220.3857 -588.8705 4395.9595 222 219 179
-217.4586 -590.4973 4408.1030 216 220 183
-294.9865 -579.6227 4301.1680 129 159 85
-291.5364 -579.6227 4301.1680 107 140 69
-288.0863 -579.6227 4301.1680 99 134 73
-284.6361 -579.6227 4301.1680 95 128 75
-281.1860 -579.6227 4301.1680 88 120 68
-277.7359 -579.6227 4301.1680 75 108 54
-274.2857 -579.6227 4301.1680 75 106 55
-270.8356 -579.6227 4301.1680 85 117 69
-268.8347 -582.7643 4324.4805 89 120 74
-266.0870 -584.3478 4336.2319 91 119 72
-262.9660 -585.1429 4342.1318 90 116 69
-260.1910 -586.7394 4353.9790 100 123 78
-257.0492 -587.5410 4359.9272 113 132 85
-253.5519 -587.5410 4359.9272 145 160 111
-250.7397 -589.1507 4371.8721 190 200 158
-247.9121 -590.7692 4383.8828 215 220 183
-244.7318 -591.5818 4389.9131 220 223 185
-241.2105 -591.5818 4389.9131 218 219 183
-238.0165 -592.3967 4395.9595 221 219 182
-234.8138 -593.2138 4402.0229 223 220 179
-231.6022 -594.0331 4408.1030 222 221 179
-228.0663 -594.0331 4408.1030 221 224 184
-224.5304 -594.0331 4408.1030 221 224 187
-220.9945 -594.0331 4408.1030 222 225 190
-294.9865 -583.0728 4301.1680 106 139 76
-290.3624 -580.7249 4283.8481 97 131 72
-287.6985 -582.2881 4295.3794 91 126 73
-284.2531 -582.2881 4295.3794 86 121 70
-281.1860 -583.0728 4301.1680 78 111 57
-277.7359 -583.0728 4301.1680 71 103 48
-274.2857 -583.0728 4301.1680 82 111 61
-271.2011 -583.8597 4306.9727 89 117 70
-268.8347 -586.2330 4324.4805 93 119 73
-266.0870 -587.8261 4336.2319 99 121 75
-263.3242 -589.4279 4348.0474 109 127 79
-260.1910 -590.2319 4353.9790 136 151 103
-257.0492 -591.0383 4359.9272 184 197 153
-253.5519 -591.0383 4359.9272 217 228 189
-250.7397 -592.6575 4371.8721 223 233 196
-247.9121 -594.2857 4383.8828 220 230 196
-244.7318 -595.1032 4389.9131 217 228 195
-241.2105 -595.1032 4389.9131 218 227 195
-237.6891 -595.1032 4389.9131 221 229 198
-234.4904 -595.9229 4395.9595 218 227 195
-293.0121 -582.5970 4272.3784 93 125 73
-289.5850 -582.5970 4272.3784 95 127 76
-287.3119 -584.9463 4289.6060 82 112 59
-284.2531 -585.7336 4295.3794 76 106 49
-281.1860 -586.5229 4301.1680 79 106 50
-277.7359 -586.5229 4301.1680 86 114 61
-274.6559 -587.3145 4306.9727 94 121 72
-272.3035 -589.7019 4324.4805 98 122 75
-269.5652 -591.3044 4336.2319 106 125 81
-266.4490 -592.1089 4342.1318 129 143 98
-263.6835 -593.7244 4353.9790 179 186 144
-260.1910 -593.7244 4353.9790 215 218 183
-257.0492 -594.5355 4359.9272 216 222 193
-253.5519 -594.5355 4359.9272 214 223 193
-250.7397 -596.1644 4371.8721 219 225 193
-248.2531 -598.6246 4389.9131 220 225 191
-244.7318 -598.6246 4389.9131 218 224 188
-241.2105 -598.6246 4389.9131 218 222 185
-237.6891 -598.6246 4389.9131 219 220 182
-293.0121 -586.0241 4272.3784 93 124 73
-289.5850 -586.0241 4272.3784 100 128 77
-287.3119 -588.3871 4289.6060 81 110 51
-284.6361 -589.9731 4301.1680 80 110 51
-281.9460 -591.5676 4312.7930 89 116 63
-279.2412 -593.1708 4324.4805 96 122 73
-276.1465 -593.9756 4330.3481 105 126 78
-273.0435 -594.7827 4336.2319 126 141 93
-269.9320 -595.5919 4342.1318 168 177 133
-266.8120 -596.4033 4348.0474 206 212 176
-263.6835 -597.2169 4353.9790 223 225 198
-260.5465 -598.0328 4359.9272 224 226 199
-257.0492 -598.0328 4359.9272 219 222 196
-253.8988 -598.8509 4365.8916 218 217 190
-251.4286 -601.3187 4383.8828 224 217 180
-248.5950 -602.9752 4395.9595 229 218 178
-245.0689 -602.9752 4395.9595 229 218 176
-241.5427 -602.9752 4395.9595 230 217 172
-293.0121 -589.4511 4272.3784 88 118 68
-289.5850 -589.4511 4272.3784 93 119 70
-287.6985 -592.6246 4295.3794 89 113 59
-285.4054 -595.0270 4312.7930 95 121 69
-282.3275 -595.8323 4318.6289 105 126 77
-279.6201 -597.4491 4330.3481 123 139 90
-276.5218 -598.2609 4336.2319 162 172 123
-273.4150 -599.0749 4342.1318 201 209 167
-269.9320 -599.0749 4342.1318 221 229 193
-266.8120 -599.8911 4348.0474 222 231 197
-263.6835 -600.7094 4353.9790 219 230 197
-260.1910 -600.7094 4353.9790 216 227 193
-257.0492 -601.5301 4359.9272 221 228 197
-253.8988 -602.3530 4365.8916 223 228 196
-252.1212 -606.5013 4395.9595 227 231 196
-248.5950 -606.5013 4395.9595 228 232 196
-245.0689 -606.5013 4395.9595 228 232 195
-293.7987 -594.4698 4283.8481 91 117 65
-290.3624 -594.4698 4283.8481 99 121 67
-288.0863 -596.8734 4301.1680 108 128 75
-285.4054 -598.4865 4312.7930 129 145 91
-282.7100 -600.1084 4324.4805 175 183 128
-279.6201 -600.9227 4330.3481 220 223 176
-276.5218 -601.7391 4336.2319 232 231 195
-273.0435 -601.7391 4336.2319 233 234 200
-269.9320 -602.5579 4342.1318 231 236 200
-266.4490 -602.5579 4342.1318 222 231 195
-263.3242 -603.3788 4348.0474 217 229 192
-260.1910 -604.2019 4353.9790 211 224 189
-257.0492 -605.0274 4359.9272 218 229 196
-255.6474 -610.0276 4395.9595 230 236 204
-252.4690 -610.8690 4402.0229 236 239 207
-248.9379 -610.8690 4402.0229 239 240 209
-246.7684 -614.2580 4426.4448 238 240 209
-294.9865 -600.3235 4301.1680 117 134 80
-291.5364 -600.3235 4301.1680 142 155 101
-288.4750 -601.1337 4306.9727 183 192 142
-285.7916 -602.7606 4318.6289 218 225 182
-282.3275 -602.7606 4318.6289 232 238 198
-279.2412 -603.5773 4324.4805 236 239 204
-276.5218 -605.2174 4336.2319 237 237 205
-273.0435 -605.2174 4336.2319 240 240 210
-269.9320 -606.0409 4342.1318 242 241 213
-266.8120 -606.8665 4348.0474 242 241 211
-263.3242 -606.8665 4348.0474 237 237 206
-260.1910 -607.6945 4353.9790 229 231 200
-259.1736 -613.5537 4395.9595 224 228 196
-257.4203 -617.8086 4426.4448 225 228 195
-253.8696 -617.8086 4426.4448 225 226 194
-250.3190 -617.8086 4426.4448 224 224 192
-294.9865 -603.7736 4301.1680 201 210 161
-291.5364 -603.7736 4301.1680 222 230 189
-288.4750 -604.5884 4306.9727 231 237 202
-285.7916 -606.2247 4318.6289 234 239 206
-282.3275 -606.2247 4318.6289 236 238 206
-279.2412 -607.0461 4324.4805 238 239 206
-276.5218 -608.6957 4336.2319 236 237 205
-273.4150 -609.5239 4342.1318 233 235 205
388.7850 -697.8193 4971.1318 91 56 28
392.7726 -697.8193 4971.1318 94 57 25
397.3791 -698.9080 4978.8872 91 57 23
401.3729 -698.9080 4978.8872 95 66 29
405.3666 -698.9080 4978.8872 117 96 52
410.0001 -700.0001 4986.6670 150 134 86
414.6479 -701.0955 4994.4707 172 163 109
-295.3846 -608.0432 4306.9727 225 234 197
-291.5364 -607.2238 4301.1680 227 235 199
-288.4750 -608.0432 4306.9727 227 235 198
-285.7916 -609.6888 4318.6289 233 239 203
-282.7100 -610.5149 4324.4805 238 238 206
-279.2412 -610.5149 4324.4805 234 234 200
379.4778 -692.1045 4902.4067 137 132 100
383.4102 -692.1045 4902.4067 142 136 99
387.3426 -692.1045 4902.4067 159 150 104
393.6940 -696.3834 4932.7153 169 168 119
398.8837 -698.5427 4948.0103 179 183 136
402.8527 -698.5427 4948.0103 191 195 150
408.0871 -700.7155 4963.4009 194 198 155
413.3541 -702.9017 4978.8872 187 193 146
417.3479 -702.9017 4978.8872 184 191 143
422.0001 -704.0001 4986.6670 180 190 140
426.6667 -705.1018 4994.4707 178 187 135
-291.9298 -611.4980 4306.9727 228 239 204
-289.2558 -613.1530 4318.6289 230 237 202
372.1157 -689.6804 4857.6357 198 201 166
376.5854 -690.7318 4865.0410 192 199 165
381.0687 -691.7863 4872.4683 182 193 156
384.9771 -691.7863 4872.4683 204 208 167
390.0766 -693.9051 4887.3916 220 217 172
395.2074 -696.0369 4902.4067 220 214 167
401.6075 -700.3401 4932.7153 217 212 167
406.1920 -701.4242 4940.3511 217 214 169
411.4286 -703.6025 4955.6938 209 208 165
415.4037 -703.6025 4955.6938 207 206 162
420.0311 -704.6968 4963.4009 210 208 161
424.6729 -705.7944 4971.1318 201 201 150
429.3292 -706.8955 4978.8872 188 193 144
434.0001 -708.0001 4986.6670 176 187 141
438.0001 -708.0001 4986.6670 164 176 129
442.0000 -708.0001 4986.6670 177 185 136
682.0001 -708.0001 4986.6670 174 183 141
686.0001 -708.0001 4986.6670 172 183 143
687.8505 -705.7944 4971.1318 171 184 144
692.9174 -706.8955 4978.8872 171 186 145
698.0001 -708.0001 4986.6670 170 184 145
702.0001 -708.0001 4986.6670 165 181 143
362.6667 -690.4243 4835.5557 213 210 171
366.5455 -690.4243 4835.5557 224 219 174
370.9864 -691.4720 4842.8936 224 222 175
376.0122 -693.5769 4857.6357 209 210 164
380.4879 -694.6342 4865.0410 189 197 152
384.3903 -694.6342 4865.0410 180 193 148
388.2927 -694.6342 4865.0410 196 201 155
392.7939 -695.6947 4872.4683 216 213 166
397.3089 -696.7584 4879.9185 207 206 158
403.0722 -699.9693 4902.4067 188 196 149
408.8889 -703.2099 4925.1030 175 189 145
412.8395 -703.2099 4925.1030 169 184 141
416.7902 -703.2099 4925.1030 194 201 157
421.3911 -704.2968 4932.7153 213 211 165
425.3478 -704.2968 4932.7153 212 210 163
429.9691 -705.3871 4940.3511 195 199 151
434.6046 -706.4806 4948.0103 202 203 155
438.5736 -706.4806 4948.0103 215 210 162
444.6106 -709.7819 4971.1318 213 207 161
449.2980 -710.8893 4978.8872 216 209 161
454.7105 -713.1143 4994.4707 210 206 158
675.0548 -713.1143 4994.4707 198 184 131
678.0001 -712.0001 4986.6670 190 183 130
680.9360 -710.8893 4978.8872 185 188 139
683.8630 -709.7819 4971.1318 180 192 146
686.7808 -708.6782 4963.4009 183 197 155
691.8380 -709.7819 4971.1318 188 202 161
695.8256 -709.7819 4971.1318 190 202 162
700.9048 -710.8893 4978.8872 182 198 160
706.0001 -712.0001 4986.6670 189 202 161
710.0001 -712.0001 4986.6670 211 215 172
715.1174 -713.1143 4994.4707 208 209 169
719.1237 -713.1143 4994.4707 209 208 167
150.2348 -717.1205 4994.4707 222 220 192
342.4814 -684.9627 4770.5034 215 219 179
347.3463 -687.0165 4784.8076 225 227 183
351.1844 -687.0165 4784.8076 222 224 178
355.0225 -687.0165 4784.8076 221 223 176
361.5710 -692.2055 4820.9468 218 219 171
365.9909 -693.2527 4828.2402 220 218 168
369.8639 -693.2527 4828.2402 229 222 173
374.8710 -695.3566 4842.8936 229 221 172
379.3313 -696.4135 4850.2534 218 210 164
383.2219 -696.4135 4850.2534 201 198 152
387.7017 -697.4734 4857.6357 186 195 147
392.1952 -698.5366 4865.0410 190 198 151
396.0976 -698.5366 4865.0410 210 210 164
401.2233 -700.6728 4879.9185 218 214 166
405.7581 -701.7458 4887.3916 209 210 160
409.6784 -701.7458 4887.3916 196 204 152
413.5988 -701.7458 4887.3916 187 199 147
417.5192 -701.7458 4887.3916 189 198 151
422.0859 -702.8221 4894.8877 201 206 158
426.6667 -703.9017 4902.4067 200 205 156
431.2615 -704.9846 4909.9487 182 192 146
436.5432 -707.1605 4925.1030 187 196 151
441.1747 -708.2535 4932.7153 201 202 158
445.1314 -708.2535 4932.7153 200 199 154
450.4807 -710.4496 4948.0103 209 207 160
455.8632 -712.6594 4963.4009 211 208 162
461.2793 -714.8831 4978.8872 184 191 146
466.0000 -716.0001 4986.6670 171 187 141
671.0485 -717.1205 4994.4707 184 185 137
674.0001 -716.0001 4986.6670 185 193 143
676.9423 -714.8831 4978.8872 189 200 153
678.8181 -712.6594 4963.4009 195 205 161
682.7994 -712.6594 4963.4009 205 212 169
686.7808 -712.6594 4963.4009 199 209 167
690.7621 -712.6594 4963.4009 197 208 169
695.8256 -713.7695 4971.1318 186 202 165
699.8131 -713.7695 4971.1318 194 208 168
703.8006 -713.7695 4971.1318 208 215 174
707.7881 -713.7695 4971.1318 204 210 174
711.7758 -713.7695 4971.1318 197 205 169
715.7633 -713.7695 4971.1318 207 213 172
718.6315 -712.6594 4963.4009 225 223 182
721.4907 -711.5529 4955.6938 216 212 177
724.3411 -710.4496 4948.0103 212 204 174
720.4908 -702.8221 4894.8877 221 207 177
723.3079 -701.7458 4887.3916 210 177 151
726.1162 -700.6728 4879.9185 202 153 129
728.9161 -699.6031 4872.4683 210 168 136
732.8245 -699.6031 4872.4683 216 187 154
736.7328 -699.6031 4872.4683 208 174 144
740.6413 -699.6031 4872.4683 205 165 131
783.3130 -702.8221 4894.8877 200 204 162
786.0337 -701.7458 4887.3916 196 202 164
791.1657 -702.8221 4894.8877 190 199 160
-258.4038 -721.1268 4994.4707 235 236 202
-254.0000 -720.0001 4986.6670 231 232 200
-250.0000 -720.0001 4986.6670 222 224 192
-246.0000 -720.0001 4986.6670 225 229 194
-242.0000 -720.0001 4986.6670 231 231 195
-238.0000 -720.0001 4986.6670 220 226 188
-234.0000 -720.0001 4986.6670 208 219 182
-194.3036 -721.1268 4994.4707 210 190 160
-190.2973 -721.1268 4994.4707 205 185 157
-186.2911 -721.1268 4994.4707 199 190 160
-42.0000 -720.0001 4986.6670 218 216 177
-38.0000 -720.0001 4986.6670 219 219 181
6.0094 -721.1268 4994.4707 214 225 188
10.0000 -720.0001 4986.6670 216 225 187
13.9782 -718.8768 4978.8872 220 225 188
17.9719 -718.8768 4978.8872 221 224 187
21.9657 -718.8768 4978.8872 218 220 184
25.9594 -718.8768 4978.8872 211 215 181
30.0000 -720.0001 4986.6670 206 217 181
34.0000 -720.0001 4986.6670 202 215 180
38.0595 -721.1268 4994.4707 205 216 181
70.1096 -721.1268 4994.4707 234 229 190
74.1158 -721.1268 4994.4707 232 232 194
78.1221 -721.1268 4994.4707 219 225 188
133.7910 -718.8768 4978.8872 220 225 193
137.5701 -717.7570 4971.1318 219 221 194
141.3375 -716.6408 4963.4009 213 217 193
145.3188 -716.6408 4963.4009 209 217 196
149.0683 -715.5280 4955.6938 207 216 194
152.8062 -714.4186 4948.0103 198 206 181
155.8089 -710.0154 4917.5142 197 205 179
159.5077 -708.9231 4909.9487 190 197 169
163.1951 -707.8341 4902.4067 188 192 160
167.3846 -708.9231 4909.9487 186 189 155
242.3787 -721.1268 4994.4707 192 203 178
246.0000 -720.0001 4986.6670 201 210 181
250.0000 -720.0001 4986.6670 203 205 175
254.0000 -720.0001 4986.6670 200 202 166
258.4038 -721.1268 4994.4707 194 197 157
262.4100 -721.1268 4994.4707 189 193 153
266.4163 -721.1268 4994.4707 181 191 152
270.4225 -721.1268 4994.4707 187 195 159
274.0000 -720.0001 4986.6670 202 205 175
278.0000 -720.0001 4986.6670 206 206 179
292.5182 -670.7424 4645.5122 203 206 170
296.2446 -670.7424 4645.5122 199 203 165
301.2866 -673.6843 4665.8872 203 207 169
305.0293 -673.6843 4665.8872 211 212 176
308.7719 -673.6843 4665.8872 211 213 180
312.9722 -674.6707 4672.7188 204 212 179
316.7204 -674.6707 4672.7188 209 217 180
321.8824 -677.6471 4693.3335 219 223 183
326.6077 -679.6461 4707.1782 215 223 182
330.8715 -680.6500 4714.1309 202 217 176
335.1479 -681.6568 4721.1045 191 211 171
339.4371 -682.6667 4728.0991 196 212 172
344.7619 -685.7144 4749.2065 214 221 179
348.5715 -685.7144 4749.2065 218 220 175
352.3810 -685.7144 4749.2065 215 218 173
358.3234 -689.8204 4777.6450 217 217 174
362.1557 -689.8204 4777.6450 221 218 172
365.9881 -689.8204 4777.6450 225 220 173
370.9310 -691.8920 4791.9922 225 218 171
374.7748 -691.8920 4791.9922 223 213 168
379.1880 -692.9324 4799.1982 219 206 161
383.6145 -693.9760 4806.4258 213 208 165
389.2285 -697.1256 4828.2402 194 198 155
393.1014 -697.1256 4828.2402 189 196 153
398.7842 -700.3040 4850.2534 195 201 157
403.9025 -702.4391 4865.0410 209 210 165
407.8049 -702.4391 4865.0410 219 215 171
411.7073 -702.4391 4865.0410 221 215 168
416.2443 -703.5115 4872.4683 221 217 168
420.1527 -703.5115 4872.4683 221 217 167
424.0611 -703.5115 4872.4683 219 214 165
427.9695 -703.5115 4872.4683 200 205 156
432.5382 -704.5872 4879.9185 178 194 145
437.1210 -705.6662 4887.3916 184 196 148
442.3963 -707.8341 4902.4067 200 206 160
448.3951 -711.1111 4925.1030 192 199 153
454.4496 -714.4186 4948.0103 189 197 152
459.1305 -715.5280 4955.6938 195 202 156
463.8258 -716.6408 4963.4009 190 196 148
469.2668 -718.8768 4978.8872 200 203 155
474.0001 -720.0001 4986.6670 200 202 155
654.0001 -720.0001 4986.6670 206 189 135
658.0001 -720.0001 4986.6670 200 190 139
659.9377 -717.7570 4971.1318 182 180 132
663.9252 -717.7570 4971.1318 183 194 144
665.8386 -715.5280 4955.6938 184 200 154
669.8137 -715.5280 4955.6938 188 200 157
671.7028 -713.3127 4940.3511 214 218 172
675.6657 -713.3127 4940.3511 223 223 180
676.4869 -710.0154 4917.5142 222 222 182
679.3846 -708.9231 4909.9487 225 224 181
683.3231 -708.9231 4909.9487 223 223 182
687.2616 -708.9231 4909.9487 203 212 172
691.2000 -708.9231 4909.9487 200 211 172
695.1385 -708.9231 4909.9487 209 218 177
699.0769 -708.9231 4909.9487 210 218 178
703.0154 -708.9231 4909.9487 215 221 181
706.9539 -708.9231 4909.9487 222 222 181
709.8004 -707.8341 4902.4067 221 207 175
713.7328 -707.8341 4902.4067 209 177 154
715.4671 -705.6662 4887.3916 204 157 135
717.1909 -703.5115 4872.4683 204 151 125
720.0001 -702.4391 4865.0410 205 150 123
723.9025 -702.4391 4865.0410 206 150 123
727.8049 -702.4391 4865.0410 209 158 130
731.7074 -702.4391 4865.0410 208 159 132
735.6099 -702.4391 4865.0410 208 164 128
739.5123 -702.4391 4865.0410 216 178 130
743.4147 -702.4391 4865.0410 219 186 133
749.6025 -704.5872 4879.9185 219 188 132
755.8282 -706.7485 4894.8877 220 188 134
759.7546 -706.7485 4894.8877 220 192 136
763.6810 -706.7485 4894.8877 225 201 148
766.4319 -705.6662 4887.3916 226 207 157
775.1002 -710.0154 4917.5142 224 207 160
771.9084 -703.5115 4872.4683 224 211 167
775.8168 -703.5115 4872.4683 222 214 171
779.7252 -703.5115 4872.4683 213 209 169
782.4391 -702.4391 4865.0410 196 198 159
786.3416 -702.4391 4865.0410 183 193 152
790.2440 -702.4391 4865.0410 195 206 165
-290.4539 -725.1331 4994.4707 222 229 196
-262.4100 -725.1331 4994.4707 211 221 185
-258.0000 -724.0001 4986.6670 212 221 187
-254.0000 -724.0001 4986.6670 221 227 192
-249.6100 -722.8705 4978.8872 226 231 194
-245.6162 -722.8705 4978.8872 215 223 186
-241.6225 -722.8705 4978.8872 210 221 183
-237.6287 -722.8705 4978.8872 213 223 186
-233.6350 -722.8705 4978.8872 217 224 187
-230.0000 -724.0001 4986.6670 216 225 187
-226.0000 -724.0001 4986.6670 220 226 189
-222.0000 -724.0001 4986.6670 228 226 189
-218.0000 -724.0001 4986.6670 227 217 182
-214.0000 -724.0001 4986.6670 226 207 176
-210.0000 -724.0001 4986.6670 224 200 172
-206.0000 -724.0001 4986.6670 222 198 170
-202.0000 -724.0001 4986.6670 228 204 175
-198.0000 -724.0001 4986.6670 226 197 171
-194.0000 -724.0001 4986.6670 222 187 160
-190.0000 -724.0001 4986.6670 225 193 164
-186.0000 -724.0001 4986.6670 228 201 167
-182.0000 -724.0001 4986.6670 226 199 162
-178.0000 -724.0001 4986.6670 222 195 158
-154.0000 -724.0001 4986.6670 231 223 180
-150.0000 -724.0001 4986.6670 232 223 182
-146.2285 -725.1331 4994.4707 231 223 182
-58.0908 -725.1331 4994.4707 227 231 195
-54.0845 -725.1331 4994.4707 222 227 190
-50.0000 -724.0001 4986.6670 217 223 184
-46.0000 -724.0001 4986.6670 220 226 188
-41.9345 -722.8705 4978.8872 223 228 191
-37.8816 -721.7446 4971.1318 228 233 195
-33.8941 -721.7446 4971.1318 229 235 200
-29.9532 -722.8705 4978.8872 226 233 201
-10.0156 -725.1331 4994.4707 228 232 201
-6.0094 -725.1331 4994.4707 223 227 193
-2.0000 -724.0001 4986.6670 221 225 189
1.9938 -721.7446 4971.1318 220 225 191
5.9627 -719.5032 4955.6938 223 229 194
9.9379 -719.5032 4955.6938 224 230 194
13.8700 -717.2756 4940.3511 226 225 190
17.8328 -717.2756 4940.3511 219 203 171
21.8295 -718.3876 4948.0103 220 191 163
25.8385 -719.5032 4955.6938 222 194 167
29.8137 -719.5032 4955.6938 227 207 179
33.8941 -721.7446 4971.1318 228 214 184
37.9407 -722.8705 4978.8872 223 206 177
42.0000 -724.0001 4986.6670 217 198 171
46.0000 -724.0001 4986.6670 219 202 174
50.0000 -724.0001 4986.6670 221 205 177
54.0000 -724.0001 4986.6670 219 203 176
58.0000 -724.0001 4986.6670 222 206 178
62.0000 -724.0001 4986.6670 226 213 181
65.8970 -722.8705 4978.8872 227 215 180
69.6734 -720.6221 4963.4009 225 211 176
73.6547 -720.6221 4963.4009 224 214 179
77.6361 -720.6221 4963.4009 221 212 177
81.7446 -721.7446 4971.1318 217 210 175
86.1346 -725.1331 4994.4707 212 208 173
129.7972 -722.8705 4978.8872 214 225 199
133.1677 -719.5032 4955.6938 214 223 199
136.9302 -718.3876 4948.0103 202 212 189
140.4637 -716.1670 4932.7153 201 213 189
143.7538 -712.8616 4909.9487 203 217 193
147.6923 -712.8616 4909.9487 199 214 188
151.1656 -710.6749 4894.8877 196 210 183
154.8545 -709.5865 4887.3916 190 203 176
158.2901 -707.4199 4872.4683 194 204 172
161.9512 -706.3416 4865.0410 200 204 169
165.8537 -706.3416 4865.0410 205 206 167
170.2752 -708.5016 4879.9185 209 208 167
177.4455 -721.7446 4971.1318 207 206 164
181.7161 -722.8705 4978.8872 202 203 160
185.7098 -722.8705 4978.8872 202 202 159
189.7036 -722.8705 4978.8872 207 207 163
193.6974 -722.8705 4978.8872 209 209 166
197.6911 -722.8705 4978.8872 210 211 168
201.6849 -722.8705 4978.8872 211 212 173
205.3583 -721.7446 4971.1318 211 214 177
209.3458 -721.7446 4971.1318 210 214 179
213.3333 -721.7446 4971.1318 210 213 180
216.3101 -718.3876 4948.0103 214 215 182
221.3084 -721.7446 4971.1318 214 214 180
225.2959 -721.7446 4971.1318 207 210 178
229.2835 -721.7446 4971.1318 197 204 172
232.5466 -719.5032 4955.6938 195 202 168
236.5218 -719.5032 4955.6938 201 205 168
239.7523 -717.2756 4940.3511 202 204 169
244.4721 -719.5032 4955.6938 200 203 166
248.4472 -719.5032 4955.6938 203 201 165
252.8150 -720.6221 4963.4009 209 196 161
257.1963 -721.7446 4971.1318 213 195 159
261.1838 -721.7446 4971.1318 213 198 162
265.1714 -721.7446 4971.1318 215 204 169
268.3230 -719.5032 4955.6938 215 208 175
272.2982 -719.5032 4955.6938 205 188 162
276.2733 -719.5032 4955.6938 199 173 150
282.0000 -724.0001 4986.6670 201 181 155
273.4884 -673.4884 4638.7598 196 177 149
276.4058 -671.5363 4625.3140 201 191 156
279.7106 -670.5645 4618.6206 203 197 159
284.2381 -672.5109 4632.0273 203 199 161
288.3721 -673.4884 4638.7598 209 210 172
292.0930 -673.4884 4638.7598 212 215 176
296.2446 -674.4688 4645.5122 218 222 178
299.9709 -674.4688 4645.5122 223 226 182
304.5840 -676.4380 4659.0757 213 222 182
308.3212 -676.4380 4659.0757 192 211 170
312.5146 -677.4269 4665.8872 190 210 169
316.2573 -677.4269 4665.8872 205 218 174
320.4685 -678.4188 4672.7188 230 234 188
324.6921 -679.4135 4679.5698 225 229 185
329.4118 -681.4118 4693.3335 209 220 177
334.1593 -683.4219 4707.1782 210 221 176
338.9349 -685.4438 4721.1045 221 225 178
343.2297 -686.4594 4728.0991 233 230 182
347.0222 -686.4594 4728.0991 232 228 181
350.8148 -686.4594 4728.0991 226 223 177
355.6613 -688.4993 4742.1499 220 219 172
360.0000 -689.5239 4749.2065 207 208 164
363.8095 -689.5239 4749.2065 196 197 160
367.6191 -689.5239 4749.2065 197 195 163
371.9821 -690.5515 4756.2842 202 197 164
375.7973 -690.5515 4756.2842 202 198 164
380.1791 -691.5822 4763.3833 195 194 162
385.7271 -694.6927 4784.8076 198 197 162
389.5652 -694.6927 4784.8076 203 201 163
396.3746 -699.9396 4820.9468 198 199 157
402.0638 -703.1260 4842.8936 193 197 154
405.9485 -703.1260 4842.8936 193 195 152
410.4560 -704.1946 4850.2534 193 194 152
414.9772 -705.2664 4857.6357 202 203 161
418.8737 -705.2664 4857.6357 212 212 169
422.7702 -705.2664 4857.6357 217 214 170
426.6667 -705.2664 4857.6357 216 215 170
431.2196 -706.3416 4865.0410 213 213 166
435.1220 -706.3416 4865.0410 210 211 162
439.6947 -707.4199 4872.4683 212 211 162
445.6442 -710.6749 4894.8877 215 213 165
451.6487 -713.9600 4917.5142 196 203 156
457.7090 -717.2756 4940.3511 180 194 149
462.3876 -718.3876 4948.0103 189 200 154
466.3566 -718.3876 4948.0103 200 206 157
471.7885 -720.6221 4963.4009 208 208 160
476.5109 -721.7446 4971.1318 211 209 161
481.2481 -722.8705 4978.8872 215 211 163
486.0001 -724.0001 4986.6670 220 212 166
490.0000 -724.0001 4986.6670 212 199 162
494.0001 -724.0001 4986.6670 210 197 159
498.0001 -724.0001 4986.6670 209 199 157
619.0980 -720.6221 4963.4009 191 192 160
623.0793 -720.6221 4963.4009 183 190 159
626.0870 -719.5032 4955.6938 179 189 155
630.0622 -719.5032 4955.6938 178 188 152
634.0374 -719.5032 4955.6938 177 188 151
638.0125 -719.5032 4955.6938 180 188 147
641.9876 -719.5032 4955.6938 186 192 144
643.9629 -717.2756 4940.3511 189 195 147
646.9243 -716.1670 4932.7153 189 197 151
650.8810 -716.1670 4932.7153 190 199 154
654.8378 -716.1670 4932.7153 192 202 156
658.7945 -716.1670 4932.7153 194 205 163
659.6923 -712.8616 4909.9487 193 203 161
662.6115 -711.7665 4902.4067 213 217 175
665.5215 -710.6749 4894.8877 217 217 179
668.4227 -709.5865 4887.3916 210 213 177
671.3150 -708.5016 4879.9185 207 213 179
675.2294 -708.5016 4879.9185 202 212 176
679.1438 -708.5016 4879.9185 191 207 172
683.0581 -708.5016 4879.9185 190 208 173
686.9725 -708.5016 4879.9185 200 215 179
690.8869 -708.5016 4879.9185 205 216 179
695.8652 -709.5865 4887.3916 203 213 175
699.7856 -709.5865 4887.3916 199 209 170
702.6300 -708.5016 4879.9185 201 203 167
706.5444 -708.5016 4879.9185 199 167 139
710.4587 -708.5016 4879.9185 205 152 125
712.1952 -706.3416 4865.0410 205 152 121
716.0976 -706.3416 4865.0410 212 171 138
720.0001 -706.3416 4865.0410 219 189 157
723.9025 -706.3416 4865.0410 216 182 153
727.8049 -706.3416 4865.0410 204 156 129
731.7074 -706.3416 4865.0410 207 159 125
734.4901 -705.2664 4857.6357 218 180 133
737.2645 -704.1946 4850.2534 217 186 133
740.0305 -703.1260 4842.8936 219 187 137
743.9151 -703.1260 4842.8936 218 187 136
747.7997 -703.1260 4842.8936 219 187 134
750.5455 -702.0606 4835.5557 220 190 136
752.1450 -699.9396 4820.9468 221 194 144
750.3448 -694.6927 4784.8076 220 194 147
753.0540 -693.6528 4777.6450 222 197 149
756.8863 -693.6528 4777.6450 223 206 161
760.7186 -693.6528 4777.6450 211 195 157
764.5510 -693.6528 4777.6450 188 185 142
770.6907 -695.7358 4791.9922 185 196 152
774.5346 -695.7358 4791.9922 185 203 164
778.3785 -695.7358 4791.9922 183 200 163
794.1464 -706.3416 4865.0410 207 214 174
792.8359 -691.5822 4763.3833 187 205 171
794.2858 -689.5239 4749.2065 189 203 168
798.0953 -689.5239 4749.2065 202 209 172
-260.9409 -562.0266 3849.7791 236 239 204
-257.8529 -562.0266 3849.7791 238 239 206
-254.7648 -562.0266 3849.7791 241 239 206
-251.9807 -562.7054 3854.4285 239 239 208
-239.0362 -561.3494 3845.1406 230 229 196
-235.6679 -560.6739 3840.5134 220 223 190
-232.5872 -560.6739 3840.5134 213 219 185
-229.2308 -560.0000 3835.8975 212 219 186
-226.1539 -560.0000 3835.8975 210 217 183
-290.0000 -728.0001 4986.6670 211 214 179
-286.4476 -729.1393 4994.4707 213 214 179
-282.4413 -729.1393 4994.4707 214 216 179
-274.4288 -729.1393 4994.4707 216 216 180
-270.4225 -729.1393 4994.4707 214 215 179
-266.4163 -729.1393 4994.4707 205 213 177
-262.0000 -728.0001 4986.6670 208 221 184
-258.0000 -728.0001 4986.6670 208 218 181
-253.6038 -726.8643 4978.8872 219 222 189
-248.8336 -724.6035 4963.4009 227 226 191
-244.8523 -724.6035 4963.4009 229 229 189
-240.4969 -723.4783 4955.6938 228 228 186
-236.5218 -723.4783 4955.6938 224 226 185
-232.5466 -723.4783 4955.6938 216 223 184
-228.9269 -724.6035 4963.4009 219 227 189
-225.2959 -725.7321 4971.1318 225 229 190
-221.3084 -725.7321 4971.1318 228 227 189
-217.3209 -725.7321 4971.1318 225 217 178
-213.3333 -725.7321 4971.1318 223 204 168
-209.3458 -725.7321 4971.1318 223 202 169
-205.6786 -726.8643 4978.8872 227 209 178
-201.6849 -726.8643 4978.8872 228 212 182
-198.0000 -728.0001 4986.6670 227 210 179
-194.0000 -728.0001 4986.6670 227 206 173
-190.0000 -728.0001 4986.6670 230 211 176
-186.0000 -728.0001 4986.6670 232 216 177
-181.1509 -724.6035 4963.4009 230 214 174
-177.1695 -724.6035 4963.4009 231 214 175
-174.0000 -728.0001 4986.6670 230 214 175
-153.4446 -707.0107 4842.8936 231 225 184
-149.5600 -707.0107 4842.8936 229 226 187
-145.6753 -707.0107 4842.8936 225 224 186
-142.2222 -709.1629 4857.6357 223 225 185
-138.3257 -709.1629 4857.6357 223 225 187
-134.8397 -711.3283 4872.4683 222 225 188
-131.1315 -712.4160 4879.9185 219 223 184
-127.6074 -714.6013 4894.8877 219 225 187
-123.6810 -714.6013 4894.8877 220 227 191
-107.9755 -714.6013 4894.8877 225 233 198
-104.0491 -714.6013 4894.8877 231 236 202
-99.6641 -711.3283 4872.4683 232 234 202
-95.6098 -710.2440 4865.0410 230 232 198
-91.7073 -710.2440 4865.0410 232 234 199
-87.9389 -711.3283 4872.4683 238 238 204
-84.2879 -713.5069 4887.3916 236 235 201
-80.3675 -713.5069 4887.3916 232 231 195
-76.5644 -714.6013 4894.8877 226 226 191
-72.6380 -714.6013 4894.8877 224 226 193
-68.8172 -715.6990 4902.4067 219 223 191
-65.6921 -724.6035 4963.4009 219 223 191
-61.7107 -724.6035 4963.4009 222 225 193
-57.5504 -722.3566 4948.0103 227 228 196
-53.5814 -722.3566 4948.0103 229 227 194
-49.6124 -722.3566 4948.0103 229 225 190
-45.5023 -720.1237 4932.7153 228 224 190
-41.3538 -716.8000 4909.9487 228 226 192
-37.2435 -713.5069 4887.3916 229 228 195
-33.3231 -713.5069 4887.3916 229 228 199
-29.6754 -720.1237 4932.7153 227 228 198
-25.7187 -720.1237 4932.7153 223 227 199
-21.5951 -714.6013 4894.8877 218 226 199
-17.6147 -712.4160 4879.9185 212 221 195
-13.7003 -712.4160 4879.9185 207 216 189
-9.7859 -712.4160 4879.9185 211 218 191
-5.8896 -714.6013 4894.8877 215 220 189
-1.9632 -714.6013 4894.8877 213 218 181
1.9572 -712.4160 4879.9185 212 217 180
5.8716 -712.4160 4879.9185 209 216 179
9.7859 -712.4160 4879.9185 212 219 182
13.6794 -711.3283 4872.4683 221 221 184
17.6687 -714.6013 4894.8877 218 216 176
21.5951 -714.6013 4894.8877 216 208 169
25.5215 -714.6013 4894.8877 216 201 164
29.5385 -716.8000 4909.9487 218 198 162
33.6322 -720.1237 4932.7153 219 195 163
37.5889 -720.1237 4932.7153 217 188 158
41.5456 -720.1237 4932.7153 219 188 160
45.3621 -717.9045 4917.5142 220 193 166
49.2308 -716.8000 4909.9487 220 197 171
53.0061 -714.6013 4894.8877 214 195 167
56.9325 -714.6013 4894.8877 211 193 164
60.8589 -714.6013 4894.8877 208 197 167
64.5872 -712.4160 4879.9185 211 205 171
68.2927 -710.2440 4865.0410 213 209 173
72.1951 -710.2440 4865.0410 213 211 174
76.0976 -710.2440 4865.0410 215 210 173
80.1221 -711.3283 4872.4683 218 212 175
84.4172 -714.6013 4894.8877 213 211 175
89.1641 -721.2384 4940.3511 206 206 172
93.2713 -722.3566 4948.0103 201 206 172
97.5428 -724.6035 4963.4009 201 207 174
101.8409 -726.8643 4978.8872 201 205 171
106.0000 -728.0001 4986.6670 201 204 167
110.0000 -728.0001 4986.6670 198 202 167
114.0000 -728.0001 4986.6670 196 201 167
118.0000 -728.0001 4986.6670 199 205 173
122.0000 -728.0001 4986.6670 200 210 180
125.6075 -725.7321 4971.1318 202 214 186
129.1926 -723.4783 4955.6938 208 218 191
132.5502 -720.1237 4932.7153 212 221 194
135.8769 -716.8000 4909.9487 212 220 193
139.8154 -716.8000 4909.9487 215 219 194
143.0934 -713.5069 4887.3916 227 230 203
146.7890 -712.4160 4879.9185 228 231 202
150.2439 -710.2440 4865.0410 224 224 194
153.9117 -709.1629 4857.6357 213 206 178
157.5684 -708.0851 4850.2534 204 203 169
161.2140 -707.0107 4842.8936 190 196 159
164.8485 -705.9395 4835.5557 186 193 154
168.7273 -705.9395 4835.5557 194 199 160
174.1896 -712.4160 4879.9185 204 206 167
178.6503 -714.6013 4894.8877 208 209 172
182.5767 -714.6013 4894.8877 208 209 174
186.5031 -714.6013 4894.8877 214 214 179
190.4295 -714.6013 4894.8877 223 220 185
194.3558 -714.6013 4894.8877 227 221 187
197.6758 -712.4160 4879.9185 227 219 186
200.9756 -710.2440 4865.0410 222 214 179
203.9454 -707.0107 4842.8936 219 210 172
205.3373 -698.5308 4784.8076 212 205 164
208.2388 -695.4030 4763.3833 206 203 163
212.0597 -695.4030 4763.3833 207 205 167
215.5589 -694.3666 4756.2842 212 208 169
221.0210 -699.5796 4791.9922 216 211 167
226.2236 -703.8067 4820.9468 217 212 167
230.0907 -703.8067 4820.9468 210 207 164
235.3800 -708.0851 4850.2534 203 203 160
239.2705 -708.0851 4850.2534 205 205 160
243.9025 -710.2440 4865.0410 208 198 153
248.5627 -712.4160 4879.9185 196 168 127
253.6406 -715.6990 4902.4067 202 164 129
257.9692 -716.8000 4909.9487 207 171 138
261.9077 -716.8000 4909.9487 216 186 153
265.8462 -716.8000 4909.9487 219 195 163
272.2982 -723.4783 4955.6938 211 182 151
276.2733 -723.4783 4955.6938 210 180 145
268.9855 -675.2464 4625.3140 204 188 149
272.3011 -674.2692 4618.6206 208 199 156
276.0058 -674.2692 4618.6206 216 213 170
279.7106 -674.2692 4618.6206 228 223 178
283.8261 -675.2464 4625.3140 231 227 181
287.9536 -676.2265 4632.0273 230 223 178
292.0930 -677.2093 4638.7598 234 225 180
296.2446 -678.1951 4645.5122 238 231 184
299.9709 -678.1951 4645.5122 237 233 187
304.1400 -679.1837 4652.2837 214 221 176
307.8717 -679.1837 4652.2837 212 223 177
311.6035 -679.1837 4652.2837 226 230 183
315.7957 -680.1752 4659.0757 237 234 189
319.5329 -680.1752 4659.0757 241 237 194
323.7427 -681.1697 4665.8872 235 233 191
328.4458 -683.1672 4679.5698 237 234 192
332.6872 -684.1703 4686.4414 233 230 189
336.4464 -684.1703 4686.4414 221 221 181
340.2056 -684.1703 4686.4414 213 218 176
343.4604 -683.1672 4679.5698 209 214 172
347.2141 -683.1672 4679.5698 208 213 171
352.5184 -686.1856 4700.2456 209 213 168
356.8142 -687.1977 4707.1782 207 209 167
361.1226 -688.2127 4714.1309 192 193 156
365.9852 -690.2520 4728.0991 194 193 159
369.7778 -690.2520 4728.0991 209 207 171
374.1247 -691.2760 4735.1138 210 207 171
378.4844 -692.3032 4742.1499 195 193 160
382.8572 -693.3334 4749.2065 195 188 153
386.6667 -693.3334 4749.2065 209 191 144
392.2272 -696.4425 4770.5034 213 190 140
396.6467 -697.4851 4777.6450 212 191 141
403.4993 -702.7451 4813.6753 215 192 138
407.9759 -703.8067 4820.9468 216 192 135
411.8429 -703.8067 4820.9468 213 193 138
415.7100 -703.8067 4820.9468 208 195 144
419.5771 -703.8067 4820.9468 204 196 147
424.0847 -704.8715 4828.2402 200 197 149
427.9577 -704.8715 4828.2402 195 199 152
432.4849 -705.9395 4835.5557 197 204 159
437.0258 -707.0107 4842.8936 205 209 165
442.2527 -709.1629 4857.6357 215 214 170
446.8293 -710.2440 4865.0410 213 212 166
452.8025 -713.5069 4887.3916 207 210 160
456.7228 -713.5069 4887.3916 209 211 160
460.6432 -713.5069 4887.3916 220 219 169
465.2761 -714.6013 4894.8877 222 218 171
469.2025 -714.6013 4894.8877 216 215 167
473.1288 -714.6013 4894.8877 211 203 156
478.5231 -716.8000 4909.9487 205 182 140
484.6986 -720.1237 4932.7153 206 171 135
488.6553 -720.1237 4932.7153 210 174 138
490.3385 -716.8000 4909.9487 214 184 146
493.5177 -715.6990 4902.4067 209 182 144
497.4501 -715.6990 4902.4067 202 170 134
500.6135 -714.6013 4894.8877 204 172 135
504.5399 -714.6013 4894.8877 204 178 138
508.4663 -714.6013 4894.8877 202 176 133
512.3927 -714.6013 4894.8877 202 174 129
514.7401 -712.4160 4879.9185 204 181 132
517.8626 -711.3283 4872.4683 206 186 134
520.1827 -709.1629 4857.6357 208 187 135
524.0792 -709.1629 4857.6357 209 191 139
516.9598 -694.3666 4756.2842 212 195 144
518.4570 -691.2760 4735.1138 213 198 149
522.2552 -691.2760 4735.1138 210 197 147
582.9108 -729.1393 4994.4707 198 204 165
570.8372 -709.1629 4857.6357 202 208 167
574.7336 -709.1629 4857.6357 203 208 170
578.6302 -709.1629 4857.6357 196 205 167
582.5267 -709.1629 4857.6357 203 209 171
585.5319 -708.0851 4850.2534 215 214 174
590.3196 -709.1629 4857.6357 212 210 171
593.3131 -708.0851 4850.2534 204 203 167
598.1126 -709.1629 4857.6357 205 205 167
603.8474 -711.3283 4872.4683 203 205 165
608.6851 -712.4160 4879.9185 197 204 163
612.5994 -712.4160 4879.9185 191 200 160
616.5138 -712.4160 4879.9185 187 196 158
620.4282 -712.4160 4879.9185 190 200 159
624.3425 -712.4160 4879.9185 199 206 165
628.2569 -712.4160 4879.9185 207 210 170
632.1713 -712.4160 4879.9185 211 213 174
635.1145 -711.3283 4872.4683 210 212 172
639.0229 -711.3283 4872.4683 207 210 171
641.9513 -710.2440 4865.0410 204 208 170
645.8538 -710.2440 4865.0410 204 208 169
649.7562 -710.2440 4865.0410 210 215 173
653.6586 -710.2440 4865.0410 213 216 173
657.5611 -710.2440 4865.0410 206 213 173
661.4635 -710.2440 4865.0410 190 202 165
665.3659 -710.2440 4865.0410 186 201 162
669.2684 -710.2440 4865.0410 194 206 167
673.1708 -710.2440 4865.0410 208 214 173
677.0732 -710.2440 4865.0410 206 214 174
680.9757 -710.2440 4865.0410 186 204 166
684.8781 -710.2440 4865.0410 183 204 164
688.7806 -710.2440 4865.0410 205 215 174
692.6830 -710.2440 4865.0410 228 228 185
696.5854 -710.2440 4865.0410 227 227 185
700.4879 -710.2440 4865.0410 224 221 184
704.3903 -710.2440 4865.0410 205 189 154
708.2927 -710.2440 4865.0410 200 164 132
712.1952 -710.2440 4865.0410 205 160 128
716.0976 -710.2440 4865.0410 211 172 143
720.0001 -710.2440 4865.0410 215 183 157
722.8007 -709.1629 4857.6357 213 179 155
725.5927 -708.0851 4850.2534 205 158 133
728.3764 -707.0107 4842.8936 207 159 130
730.0455 -704.8715 4828.2402 211 171 135
732.8098 -703.8067 4820.9468 213 179 143
735.5656 -702.7451 4813.6753 210 176 138
738.3133 -701.6868 4806.4258 206 169 136
741.0527 -700.6317 4799.1982 203 166 131
741.5569 -697.4851 4777.6450 206 177 136
744.2751 -696.4425 4770.5034 205 189 141
745.8719 -694.3666 4756.2842 202 189 141
749.6870 -694.3666 4756.2842 197 192 144
754.6269 -695.4030 4763.3833 193 194 149
758.4478 -695.4030 4763.3833 188 195 149
762.2687 -695.4030 4763.3833 186 203 157
768.3833 -697.4851 4777.6450 183 205 166
771.0613 -696.4425 4770.5034 176 193 158
774.8879 -696.4425 4770.5034 216 221 178
776.3934 -694.3666 4756.2842 228 224 185
780.2087 -694.3666 4756.2842 231 224 188
784.0239 -694.3666 4756.2842 226 226 189
786.6667 -693.3334 4749.2065 218 224 187
790.4763 -693.3334 4749.2065 212 220 182
793.1056 -692.3032 4742.1499 207 218 180
795.7270 -691.2760 4735.1138 211 221 186
800.7133 -692.3032 4742.1499 205 214 180
-264.0290 -565.1146 3849.7791 235 238 207
-260.9409 -565.1146 3849.7791 237 236 204
-257.5422 -564.4338 3845.1406 228 227 195
-254.4578 -564.4338 3845.1406 221 218 190
-251.3735 -564.4338 3845.1406 220 218 193
-248.8889 -565.7972 3854.4285 217 219 193
-245.7971 -565.7972 3854.4285 217 218 191
-242.4126 -565.1146 3849.7791 219 219 191
-238.7485 -563.7545 3840.5134 220 220 191
-235.6679 -563.7545 3840.5134 220 221 192
-232.3077 -563.0770 3835.8975 220 216 184
-229.2308 -563.0770 3835.8975 223 213 174
-226.1539 -563.0770 3835.8975 221 208 166
-223.0769 -563.0770 3835.8975 222 208 163
-220.0000 -563.0770 3835.8975 227 214 170
-216.9231 -563.0770 3835.8975 224 216 172
-214.1035 -563.7545 3840.5134 216 212 167
-211.5320 -565.1146 3849.7791 220 215 170
-208.6957 -565.7972 3854.4285 223 220 173
-206.1017 -567.1671 3863.7612 210 217 174
-203.0024 -567.1671 3863.7612 203 217 178
-199.6614 -566.4813 3859.0891 209 222 183
-196.5659 -566.4813 3859.0891 219 227 186
-193.2367 -565.7972 3854.4285 220 227 186
-189.6868 -564.4338 3845.1406 224 230 191
-186.1539 -563.0770 3835.8975 226 232 193
-183.0769 -563.0770 3835.8975 218 228 191
-180.0000 -563.0770 3835.8975 214 227 191
-177.1360 -563.7545 3840.5134 222 231 197
-174.0554 -563.7545 3840.5134 232 236 201
-170.9747 -563.7545 3840.5134 234 236 200
-167.8941 -563.7545 3840.5134 232 234 199
-165.2111 -565.1146 3849.7791 229 232 196
-162.1231 -565.1146 3849.7791 225 230 194
-159.2271 -565.7972 3854.4285 219 228 192
-156.5133 -567.1671 3863.7612 213 224 190
-153.7864 -568.5437 3873.1392 221 227 195
-151.0462 -569.9270 3882.5630 228 231 196
-188.5271 -726.3256 4948.0103 235 234 197
-184.5582 -726.3256 4948.0103 235 233 197
-180.0309 -724.0804 4932.7153 232 231 195
-174.7239 -718.5276 4894.8877 227 230 191
-170.7975 -718.5276 4894.8877 222 228 190
-169.2068 -728.5848 4963.4009 219 224 186
-157.3293 -710.8953 4842.8936 221 225 190
-152.7493 -707.6738 4820.9468 227 229 193
-147.3244 -700.2691 4770.5034 231 233 196
-143.7126 -701.3174 4777.6450 225 230 192
-141.3616 -708.7444 4828.2402 218 226 189
-137.6970 -709.8182 4835.5557 218 227 190
-134.0213 -710.8953 4842.8936 225 230 195
-130.3344 -711.9757 4850.2534 232 235 200
-126.4438 -711.9757 4850.2534 231 234 200
-122.7397 -713.0594 4857.6357 221 228 193
-119.0244 -714.1464 4865.0410 216 225 190
-107.9755 -718.5276 4894.8877 230 233 199
-104.0491 -718.5276 4894.8877 225 231 195
-99.6641 -715.2367 4872.4683 229 233 198
-95.6098 -714.1464 4865.0410 231 233 200
-91.5677 -713.0594 4857.6357 228 230 197
-87.4052 -710.8953 4842.8936 226 228 198
-83.7747 -713.0594 4857.6357 223 224 195
-79.7568 -711.9757 4850.2534 225 224 193
-75.8663 -711.9757 4850.2534 220 219 191
-71.8665 -710.8953 4842.8936 214 214 190
-67.9818 -710.8953 4842.8936 216 215 189
-63.7104 -706.6064 4813.6753 225 219 187
-60.0303 -708.7444 4828.2402 229 219 185
-56.1573 -708.7444 4828.2402 228 216 181
-52.6027 -713.0594 4857.6357 229 214 176
-48.7062 -713.0594 4857.6357 228 213 172
-44.7416 -711.9757 4850.2534 227 212 174
-40.7273 -709.8182 4835.5557 223 212 175
-36.8485 -709.8182 4835.5557 223 217 180
-32.7711 -705.5422 4806.4258 221 217 184
-28.7856 -702.3688 4784.8076 213 215 183
-24.9102 -701.3174 4777.6450 208 215 184
-21.0149 -699.2239 4763.3833 210 218 186
-17.1684 -698.1818 4756.2842 212 218 186
-13.3532 -698.1818 4756.2842 212 218 183
-9.5380 -698.1818 4756.2842 204 210 173
-5.7228 -698.1818 4756.2842 194 202 163
-1.9104 -699.2239 4763.3833 190 199 159
1.9190 -702.3688 4784.8076 197 205 165
5.8182 -709.8182 4835.5557 199 207 167
9.7264 -711.9757 4850.2534 201 209 172
13.6170 -711.9757 4850.2534 202 208 170
17.5076 -711.9757 4850.2534 204 208 171
21.4634 -714.1464 4865.0410 207 212 173
25.4824 -717.4273 4887.3916 202 208 169
29.4028 -717.4273 4887.3916 200 206 169
33.3231 -717.4273 4887.3916 201 206 171
37.4154 -720.7385 4909.9487 204 209 174
41.3538 -720.7385 4909.9487 205 209 173
45.1534 -718.5276 4894.8877 202 203 167
49.0046 -717.4273 4887.3916 205 208 173
52.7634 -715.2367 4872.4683 207 213 179
56.5854 -714.1464 4865.0410 208 216 181
60.4878 -714.1464 4865.0410 206 214 180
64.1945 -711.9757 4850.2534 208 215 184
67.8788 -709.8182 4835.5557 208 213 183
71.7576 -709.8182 4835.5557 219 222 191
75.6364 -709.8182 4835.5557 228 230 196
79.5152 -709.8182 4835.5557 231 231 197
83.5205 -710.8953 4842.8936 221 227 194
87.4052 -710.8953 4842.8936 203 217 186
91.0136 -708.7444 4828.2402 195 214 181
94.8865 -708.7444 4828.2402 200 214 181
99.2097 -711.9757 4850.2534 209 216 182
103.1003 -711.9757 4850.2534 217 220 184
106.9909 -711.9757 4850.2534 219 220 183
111.3893 -715.2367 4872.4683 218 220 183
115.2977 -715.2367 4872.4683 217 219 181
119.2061 -715.2367 4872.4683 212 217 180
123.3028 -716.3303 4879.9185 210 217 182
127.2171 -716.3303 4879.9185 211 218 183
131.1315 -716.3303 4879.9185 216 221 185
135.0459 -716.3303 4879.9185 220 221 183
138.3257 -713.0594 4857.6357 217 219 180
142.2222 -713.0594 4857.6357 222 222 184
145.8967 -711.9757 4850.2534 225 223 188
149.1074 -708.7444 4828.2402 224 220 186
152.5189 -706.6064 4813.6753 218 210 175
155.9098 -704.4813 4799.1982 214 208 173
158.8042 -700.2691 4770.5034 203 199 167
162.1461 -698.1818 4756.2842 200 197 161
165.9613 -698.1818 4756.2842 199 197 156
172.0846 -707.6738 4820.9468 197 196 155
176.2179 -708.7444 4828.2402 202 201 163
180.0908 -708.7444 4828.2402 206 205 168
183.9637 -708.7444 4828.2402 212 207 169
187.5529 -707.6738 4820.9468 214 210 169
191.1312 -706.6064 4813.6753 210 208 165
194.4060 -704.4813 4799.1982 209 206 161
198.2556 -704.4813 4799.1982 209 206 158
200.8969 -700.2691 4770.5034 209 206 158
203.5067 -696.1071 4742.1499 199 197 150
206.6963 -694.0445 4728.0991 185 186 141
210.4889 -694.0445 4728.0991 177 181 135
214.2815 -694.0445 4728.0991 183 186 143
218.3976 -695.0742 4735.1138 193 194 153
222.8572 -697.1429 4749.2065 201 203 162
229.0526 -704.4813 4799.1982 195 199 156
233.6048 -706.6064 4813.6753 194 201 155
237.4661 -706.6064 4813.6753 207 211 163
242.0575 -708.7444 4828.2402 217 215 168
246.3030 -709.8182 4835.5557 214 210 166
252.4771 -716.3303 4879.9185 212 207 163
257.5730 -719.6314 4902.4067 216 206 162
259.9084 -715.2367 4872.4683 226 211 170
263.4147 -714.1464 4865.0410 226 207 170
268.9571 -718.5276 4894.8877 223 200 169
272.8835 -718.5276 4894.8877 226 202 172
276.8098 -718.5276 4894.8877 219 188 158
264.8915 -677.9740 4618.6206 209 174 142
268.5963 -677.9740 4618.6206 205 181 145
272.3011 -677.9740 4618.6206 200 190 151
276.0058 -677.9740 4618.6206 195 193 155
280.1160 -678.9565 4625.3140 197 201 161
283.8261 -678.9565 4625.3140 202 207 167
287.9536 -679.9420 4632.0273 201 198 160
292.0930 -680.9303 4638.7598 208 199 158
295.8140 -680.9303 4638.7598 225 222 179
299.9709 -681.9215 4645.5122 226 226 185
303.6973 -681.9215 4645.5122 222 224 184
307.8717 -682.9155 4652.2837 220 222 185
311.1500 -681.9215 4645.5122 215 220 184
314.8763 -681.9215 4645.5122 214 221 185
318.6026 -681.9215 4645.5122 215 220 185
322.3290 -681.9215 4645.5122 212 213 179
326.5306 -682.9155 4652.2837 220 220 184
330.2624 -682.9155 4652.2837 221 222 184
333.9942 -682.9155 4652.2837 221 223 180
337.7260 -682.9155 4652.2837 217 220 175
341.4577 -682.9155 4652.2837 201 208 162
345.1895 -682.9155 4652.2837 203 211 167
349.9416 -684.9124 4665.8872 217 219 172
354.7214 -686.9208 4679.5698 215 216 169
358.4751 -686.9208 4679.5698 210 210 165
364.3658 -690.9735 4707.1782 202 202 163
368.1416 -690.9735 4707.1782 203 202 163
371.9174 -690.9735 4707.1782 208 204 169
375.6932 -690.9735 4707.1782 199 197 166
379.4691 -690.9735 4707.1782 199 192 155
383.8109 -691.9941 4714.1309 215 192 138
387.5923 -691.9941 4714.1309 220 189 126
391.9527 -693.0178 4721.1045 221 188 123
396.3260 -694.0445 4728.0991 222 188 125
400.7122 -695.0742 4735.1138 224 190 127
405.1115 -696.1071 4742.1499 226 194 131
408.9153 -696.1071 4742.1499 227 201 142
413.3334 -697.1429 4749.2065 229 208 155
418.3881 -699.2239 4763.3833 224 205 153
423.4731 -701.3174 4777.6450 216 201 148
429.2331 -704.4813 4799.1982 205 201 150
435.7035 -708.7444 4828.2402 196 202 156
439.5764 -708.7444 4828.2402 192 200 157
444.7952 -710.8953 4842.8936 200 204 161
450.7318 -714.1464 4865.0410 216 215 170
454.6342 -714.1464 4865.0410 212 213 168
458.5366 -714.1464 4865.0410 206 211 167
463.1451 -715.2367 4872.4683 205 210 166
467.0534 -715.2367 4872.4683 210 215 171
470.9619 -715.2367 4872.4683 219 219 174
474.8702 -715.2367 4872.4683 222 218 173
479.5107 -716.3303 4879.9185 218 209 165
483.4251 -716.3303 4879.9185 213 199 157
486.5955 -715.2367 4872.4683 211 196 157
489.7561 -714.1464 4865.0410 206 194 154
492.1581 -711.9757 4850.2534 204 190 150
496.0487 -711.9757 4850.2534 202 187 147
498.4243 -709.8182 4835.5557 202 187 144
502.3030 -709.8182 4835.5557 205 188 142
506.1818 -709.8182 4835.5557 209 188 142
509.2890 -708.7444 4828.2402 209 187 141
510.0752 -704.4813 4799.1982 206 185 140
509.3294 -698.1818 4756.2842 206 188 140
513.1446 -698.1818 4756.2842 206 196 146
514.6588 -695.0742 4735.1138 206 200 152
518.4570 -695.0742 4735.1138 206 203 157
522.2552 -695.0742 4735.1138 206 206 161
526.0534 -695.0742 4735.1138 200 203 159
531.4286 -697.1429 4749.2065 198 202 159
535.2381 -697.1429 4749.2065 195 199 156
539.0477 -697.1429 4749.2065 191 197 154
542.8572 -697.1429 4749.2065 199 203 159
546.6667 -697.1429 4749.2065 210 211 167
551.2966 -698.1818 4756.2842 218 218 175
555.1118 -698.1818 4756.2842 216 218 177
560.5980 -700.2691 4770.5034 207 214 174
566.1169 -702.3688 4784.8076 197 208 172
570.8109 -703.4235 4791.9922 186 201 164
574.6547 -703.4235 4791.9922 200 210 169
578.4985 -703.4235 4791.9922 213 217 175
583.2181 -704.4813 4799.1982 198 207 170
588.8387 -706.6064 4813.6753 193 203 168
593.5952 -707.6738 4820.9468 198 205 168
598.3661 -708.7444 4828.2402 219 221 179
604.0668 -710.8953 4842.8936 226 223 179
607.9515 -710.8953 4842.8936 218 211 170
611.8362 -710.8953 4842.8936 202 194 157
614.7879 -709.8182 4835.5557 199 199 161
618.6667 -709.8182 4835.5557 189 198 160
621.6037 -708.7444 4828.2402 186 196 161
625.4766 -708.7444 4828.2402 192 200 162
629.3495 -708.7444 4828.2402 200 205 166
633.2224 -708.7444 4828.2402 203 206 168
636.1330 -707.6738 4820.9468 201 203 167
640.0001 -707.6738 4820.9468 205 206 169
644.8412 -708.7444 4828.2402 214 214 174
649.6970 -709.8182 4835.5557 215 215 176
654.5676 -710.8953 4842.8936 213 214 176
659.4529 -711.9757 4850.2534 208 212 173
664.3531 -713.0594 4857.6357 209 215 175
668.2496 -713.0594 4857.6357 217 221 179
672.1462 -713.0594 4857.6357 225 224 181
676.0427 -713.0594 4857.6357 224 222 180
679.9391 -713.0594 4857.6357 219 219 178
683.8356 -713.0594 4857.6357 221 222 179
687.7321 -713.0594 4857.6357 222 221 182
691.6287 -713.0594 4857.6357 208 213 177
695.5251 -713.0594 4857.6357 202 212 178
699.4216 -713.0594 4857.6357 210 218 182
703.3181 -713.0594 4857.6357 217 219 182
707.2146 -713.0594 4857.6357 214 212 176
711.1111 -713.0594 4857.6357 212 200 164
713.9210 -711.9757 4850.2534 210 194 159
717.8116 -711.9757 4850.2534 212 195 160
720.6071 -710.8953 4842.8936 213 195 162
722.2996 -708.7444 4828.2402 213 194 159
725.0756 -707.6738 4820.9468 209 191 157
727.8432 -706.6064 4813.6753 200 179 151
730.6024 -705.5422 4806.4258 196 178 150
731.1545 -702.3688 4784.8076 193 185 155
733.8923 -701.3174 4777.6450 186 181 149
737.7246 -701.3174 4777.6450 187 187 153
738.2415 -698.1818 4756.2842 192 196 160
742.0566 -698.1818 4756.2842 193 203 164
744.7620 -697.1429 4749.2065 196 206 167
748.5715 -697.1429 4749.2065 196 206 168
752.3810 -697.1429 4749.2065 198 209 170
757.3175 -698.1818 4756.2842 202 211 175
761.1327 -698.1818 4756.2842 203 212 175
764.9479 -698.1818 4756.2842 202 212 175
767.6191 -697.1429 4749.2065 212 222 184
771.4286 -697.1429 4749.2065 219 224 191
774.0862 -696.1071 4742.1499 218 217 183
777.8901 -696.1071 4742.1499 222 218 183
781.6940 -696.1071 4742.1499 218 220 185
786.6667 -697.1429 4749.2065 206 216 184
790.4763 -697.1429 4749.2065 195 212 182
793.1056 -696.1071 4742.1499 194 212 180
795.7270 -695.0742 4735.1138 203 217 184
799.5253 -695.0742 4735.1138 209 219 183
-264.0290 -568.2027 3849.7791 200 225 190
-260.9409 -568.2027 3849.7791 228 239 205
-257.5422 -567.5181 3845.1406 242 232 197
-254.4578 -567.5181 3845.1406 223 190 158
-251.9807 -568.8889 3854.4285 223 198 170
-248.8889 -568.8889 3854.4285 210 208 183
-245.7971 -568.8889 3854.4285 199 204 182
-242.4126 -568.2027 3849.7791 202 210 185
-239.0362 -567.5181 3845.1406 194 204 178
-235.6679 -566.8352 3840.5134 183 199 174
-232.5872 -566.8352 3840.5134 178 192 159
-229.2308 -566.1539 3835.8975 189 197 154
-226.1539 -566.1539 3835.8975 197 203 153
-223.0769 -566.1539 3835.8975 201 207 155
-219.2096 -564.1198 3822.1160 205 212 160
-216.1437 -564.1198 3822.1160 207 214 164
-213.8462 -566.1539 3835.8975 211 219 169
-211.0229 -566.8352 3840.5134 217 230 182
-208.4439 -568.2027 3849.7791 206 223 182
-205.6039 -568.8889 3854.4285 191 208 172
-202.7570 -569.5768 3859.0891 225 235 197
-199.6614 -569.5768 3859.0891 242 245 213
-196.3285 -568.8889 3854.4285 246 246 218
-192.7711 -567.5181 3845.1406 227 235 198
-189.2308 -566.1539 3835.8975 203 225 188
-186.1539 -566.1539 3835.8975 197 225 188
-183.0769 -566.1539 3835.8975 194 221 184
-179.7839 -565.4742 3831.2927 198 220 180
-176.9231 -566.1539 3835.8975 226 234 194
-173.8462 -566.1539 3835.8975 242 241 205
-170.9747 -566.8352 3840.5134 241 238 207
-167.6923 -566.1539 3835.8975 247 245 215
-164.8135 -566.8352 3840.5134 248 245 215
-162.1231 -568.2027 3849.7791 245 243 213
-159.0350 -568.2027 3849.7791 239 240 205
-156.3241 -569.5768 3859.0891 221 228 190
-153.4141 -570.2664 3863.7612 203 218 180
-150.6796 -571.6505 3873.1392 210 226 191
-147.9319 -573.0414 3882.5630 216 233 194
-144.8175 -573.0414 3882.5630 218 233 193
-141.5310 -572.3451 3877.8455 219 232 193
-138.0849 -570.9576 3868.4446 216 230 192
-134.9818 -570.9576 3868.4446 214 224 188
-165.0986 -714.7800 4842.8936 217 225 189
-150.4762 -700.9525 4749.2065 240 237 204
-146.6667 -700.9525 4749.2065 241 242 209
-143.4978 -704.0957 4770.5034 242 243 209
-139.8802 -705.1498 4777.6450 241 242 207
-136.4565 -707.2673 4791.9922 242 243 208
-132.6126 -707.2673 4791.9922 242 243 210
-129.3514 -710.4676 4813.6753 242 243 212
-125.4902 -710.4676 4813.6753 244 242 211
-121.6290 -710.4676 4813.6753 244 240 207
-118.6626 -715.8663 4850.2534 244 241 208
-115.1220 -718.0489 4865.0410 243 243 212
-94.8865 -712.6173 4828.2402 234 237 202
-91.2898 -714.7800 4842.8936 239 241 209
-87.1407 -712.6173 4828.2402 237 239 205
-83.3939 -713.6970 4835.5557 229 230 197
-79.3949 -712.6173 4828.2402 221 220 191
-75.5219 -712.6173 4828.2402 218 218 191
-71.2180 -708.3309 4799.1982 216 216 192
-67.2673 -707.2673 4791.9922 215 215 191
-63.1390 -704.0957 4770.5034 218 218 189
-59.3124 -704.0957 4770.5034 215 216 186
-55.3204 -701.9971 4756.2842 213 214 183
-51.5821 -703.0448 4763.3833 216 213 181
-47.8326 -704.0957 4770.5034 216 212 176
-44.0060 -704.0957 4770.5034 215 214 175
-40.1794 -704.0957 4770.5034 218 216 176
-36.2444 -701.9971 4756.2842 218 216 177
-32.4292 -701.9971 4756.2842 215 219 182
-28.5714 -700.9525 4749.2065 215 224 188
-24.7619 -700.9525 4749.2065 217 226 193
-20.9524 -700.9525 4749.2065 220 228 199
-17.1429 -700.9525 4749.2065 214 220 191
-13.3333 -700.9525 4749.2065 216 219 184
-9.5238 -700.9525 4749.2065 221 223 182
-5.7058 -699.9109 4742.1499 217 220 178
-1.9019 -699.9109 4742.1499 213 217 172
1.9019 -699.9109 4742.1499 215 218 172
5.6889 -697.8371 4728.0991 209 215 170
9.4256 -693.7261 4700.2456 205 213 172
13.1378 -690.6745 4679.5698 212 219 178
17.1429 -700.9525 4749.2065 214 220 178
20.9524 -700.9525 4749.2065 208 219 179
24.7619 -700.9525 4749.2065 205 217 178
28.7425 -705.1498 4777.6450 214 223 183
32.6237 -706.2070 4784.8076 218 223 184
36.5165 -707.2673 4791.9922 217 223 184
40.3604 -707.2673 4791.9922 224 226 188
44.2042 -707.2673 4791.9922 231 231 193
47.9042 -705.1498 4777.6450 232 230 192
51.7365 -705.1498 4777.6450 229 228 189
55.5689 -705.1498 4777.6450 216 221 183
59.3124 -704.0957 4770.5034 213 221 187
62.9508 -701.9971 4756.2842 215 224 189
66.8657 -703.0448 4763.3833 212 220 185
70.8982 -705.1498 4777.6450 214 223 187
74.7305 -705.1498 4777.6450 217 225 191
78.6807 -706.2070 4784.8076 217 225 192
82.5187 -706.2070 4784.8076 216 225 192
86.3568 -706.2070 4784.8076 209 220 188
90.1949 -706.2070 4784.8076 202 214 184
93.7519 -704.0957 4770.5034 203 216 184
97.2876 -701.9971 4756.2842 212 222 188
100.8024 -699.9109 4742.1499 219 226 190
103.0747 -689.6633 4672.7188 224 226 189
106.8229 -689.6633 4672.7188 227 228 190
110.4094 -688.6550 4665.8872 227 228 188
114.4868 -690.6745 4679.5698 226 228 187
119.1137 -695.7755 4714.1309 226 228 185
122.8951 -695.7755 4714.1309 224 225 182
126.6765 -695.7755 4714.1309 223 223 180
134.2249 -715.8663 4850.2534 226 226 182
138.1155 -715.8663 4850.2534 229 227 183
142.0061 -715.8663 4850.2534 231 227 185
142.8572 -700.9525 4749.2065 226 226 185
146.6667 -700.9525 4749.2065 216 220 179
150.0297 -698.8724 4735.1138 211 215 174
152.9204 -694.7493 4707.1782 208 209 169
155.5491 -689.6633 4672.7188 205 201 163
159.0643 -688.6550 4665.8872 205 200 157
162.8070 -688.6550 4665.8872 205 201 156
166.5497 -688.6550 4665.8872 204 203 161
170.2924 -688.6550 4665.8872 202 207 167
174.0351 -688.6550 4665.8872 201 210 168
177.2595 -686.6472 4652.2837 205 212 169
180.9913 -686.6472 4652.2837 208 214 169
185.2632 -688.6550 4665.8872 209 216 166
189.0059 -688.6550 4665.8872 215 220 170
192.7486 -688.6550 4665.8872 224 226 177
196.4912 -688.6550 4665.8872 227 228 181
200.2339 -688.6550 4665.8872 214 217 173
203.6788 -687.6497 4659.0757 207 210 166
207.4161 -687.6497 4659.0757 198 201 152
211.1533 -687.6497 4659.0757 190 195 143
214.8905 -687.6497 4659.0757 187 195 143
221.5385 -696.8047 4721.1045 192 199 151
225.6593 -697.8371 4728.0991 200 206 162
230.1337 -699.9109 4742.1499 206 212 169
233.9376 -699.9109 4742.1499 209 216 175
238.0953 -700.9525 4749.2065 218 221 182
245.9304 -712.6173 4828.2402 217 221 181
252.0916 -719.1451 4872.4683 220 223 182
256.0000 -719.1451 4872.4683 224 221 180
259.1172 -716.9559 4857.6357 220 207 167
246.8572 -672.9144 4559.2383 211 179 145
250.5143 -672.9144 4559.2383 211 168 136
256.7388 -679.7114 4605.2910 213 169 135
261.1867 -681.6788 4618.6206 217 175 137
264.8915 -681.6788 4618.6206 217 179 138
268.5963 -681.6788 4618.6206 224 187 151
272.3011 -681.6788 4618.6206 223 186 152
276.4058 -682.6667 4625.3140 208 168 132
280.1160 -682.6667 4625.3140 206 168 130
284.2381 -683.6575 4632.0273 206 182 139
287.9536 -683.6575 4632.0273 208 200 153
292.0930 -684.6512 4638.7598 210 206 161
295.8140 -684.6512 4638.7598 214 210 167
299.9709 -685.6478 4645.5122 219 214 171
303.6973 -685.6478 4645.5122 222 213 171
307.4236 -685.6478 4645.5122 222 212 168
311.1500 -685.6478 4645.5122 221 213 168
314.4186 -684.6512 4638.7598 218 213 170
318.1396 -684.6512 4638.7598 209 207 168
321.8605 -684.6512 4638.7598 200 204 166
325.5814 -684.6512 4638.7598 195 204 168
329.3023 -684.6512 4638.7598 192 204 167
333.0233 -684.6512 4638.7598 192 204 165
336.7442 -684.6512 4638.7598 204 208 167
340.4651 -684.6512 4638.7598 214 216 172
344.1861 -684.6512 4638.7598 214 215 170
348.9213 -686.6472 4652.2837 220 219 171
352.6531 -686.6472 4652.2837 227 222 175
357.9503 -689.6633 4672.7188 221 217 168
361.6985 -689.6633 4672.7188 215 213 166
365.4466 -689.6633 4672.7188 221 218 172
369.1948 -689.6633 4672.7188 219 215 172
374.0382 -691.6887 4686.4414 210 203 165
377.7974 -691.6887 4686.4414 198 191 157
381.5565 -691.6887 4686.4414 202 198 161
386.4507 -693.7261 4700.2456 205 200 158
390.7965 -694.7493 4707.1782 208 196 146
394.5723 -694.7493 4707.1782 213 193 138
398.3481 -694.7493 4707.1782 220 192 133
402.7179 -695.7755 4714.1309 225 194 132
406.4993 -695.7755 4714.1309 227 197 138
411.4963 -697.8371 4728.0991 225 198 145
415.9051 -698.8724 4735.1138 227 207 156
420.9524 -700.9525 4749.2065 226 212 164
427.3055 -705.1498 4777.6450 219 210 166
432.4325 -707.2673 4791.9922 204 202 158
438.2504 -710.4676 4813.6753 200 201 156
442.7794 -711.5408 4820.9468 196 201 156
448.6798 -714.7800 4842.8936 194 201 157
452.5645 -714.7800 4842.8936 197 204 162
457.1429 -715.8663 4850.2534 201 208 168
461.7352 -716.9559 4857.6357 207 214 174
466.3415 -718.0489 4865.0410 209 215 177
470.2440 -718.0489 4865.0410 210 218 180
474.1464 -718.0489 4865.0410 210 218 181
478.7787 -719.1451 4872.4683 211 217 182
482.6870 -719.1451 4872.4683 212 217 182
485.8537 -718.0489 4865.0410 215 219 182
488.2675 -715.8663 4850.2534 213 221 184
489.9244 -712.6173 4828.2402 214 218 181
492.3077 -710.4676 4813.6753 208 211 175
496.1689 -710.4676 4813.6753 202 206 167
497.0315 -706.2070 4784.8076 210 211 169
498.6269 -703.0448 4763.3833 218 215 172
502.4478 -703.0448 4763.3833 221 217 175
505.5142 -701.9971 4756.2842 222 219 178
508.5715 -700.9525 4749.2065 220 218 179
511.6197 -699.9109 4742.1499 216 218 179
514.6588 -698.8724 4735.1138 214 217 178
518.4570 -698.8724 4735.1138 216 219 180
522.2552 -698.8724 4735.1138 220 222 184
526.0534 -698.8724 4735.1138 224 224 185
530.6390 -699.9109 4742.1499 224 223 182
535.2381 -700.9525 4749.2065 218 220 178
539.0477 -700.9525 4749.2065 209 214 174
542.8572 -700.9525 4749.2065 216 219 179
546.6667 -700.9525 4749.2065 221 220 179
550.4763 -700.9525 4749.2065 225 222 182
554.2858 -700.9525 4749.2065 227 224 185
558.9270 -701.9971 4756.2842 221 221 184
564.4246 -704.0957 4770.5034 216 218 182
569.1019 -705.1498 4777.6450 213 217 177
572.9342 -705.1498 4777.6450 215 219 180
577.6312 -706.2070 4784.8076 216 219 181
581.4693 -706.2070 4784.8076 210 216 179
586.1862 -707.2673 4791.9922 207 214 178
590.9174 -708.3309 4799.1982 208 214 176
596.5611 -710.4676 4813.6753 210 214 177
601.3293 -711.5408 4820.9468 209 210 175
605.1964 -711.5408 4820.9468 211 208 174
609.0635 -711.5408 4820.9468 209 205 172
612.0061 -710.4676 4813.6753 207 205 174
612.1740 -706.2070 4784.8076 196 198 172
615.0898 -705.1498 4777.6450 196 195 166
618.9222 -705.1498 4777.6450 203 193 156
624.6247 -707.2673 4791.9922 208 193 151
628.4686 -707.2673 4791.9922 209 194 149
632.3123 -707.2673 4791.9922 209 194 151
638.0723 -709.3976 4806.4258 209 194 150
643.8671 -711.5408 4820.9468 208 196 152
648.7141 -712.6173 4828.2402 211 202 160
653.5758 -713.6970 4835.5557 211 204 165
658.4523 -714.7800 4842.8936 210 205 167
662.3370 -714.7800 4842.8936 210 209 169
667.2341 -715.8663 4850.2534 210 209 170
671.1246 -715.8663 4850.2534 209 207 169
675.0152 -715.8663 4850.2534 204 202 167
678.9058 -715.8663 4850.2534 202 203 168
683.8356 -716.9559 4857.6357 200 205 171
687.7321 -716.9559 4857.6357 197 205 172
691.6287 -716.9559 4857.6357 198 207 174
695.5251 -716.9559 4857.6357 197 208 175
697.2990 -714.7800 4842.8936 199 209 174
701.1837 -714.7800 4842.8936 207 215 180
705.0684 -714.7800 4842.8936 213 215 180
710.0305 -715.8663 4850.2534 210 213 177
713.9210 -715.8663 4850.2534 205 211 176
716.7224 -714.7800 4842.8936 199 207 176
718.4267 -712.6173 4828.2402 191 201 173
721.2085 -711.5408 4820.9468 193 206 174
720.7208 -707.2673 4791.9922 194 207 174
723.4783 -706.2070 4784.8076 191 202 168
725.1420 -704.0957 4770.5034 193 202 166
727.8806 -703.0448 4763.3833 198 206 169
730.6111 -701.9971 4756.2842 207 214 176
734.4263 -701.9971 4756.2842 216 219 181
738.2415 -701.9971 4756.2842 220 220 181
740.9525 -700.9525 4749.2065 222 220 182
744.7620 -700.9525 4749.2065 208 195 163
748.5715 -700.9525 4749.2065 212 194 160
752.3810 -700.9525 4749.2065 232 225 186
756.1906 -700.9525 4749.2065 231 229 193
760.0001 -700.9525 4749.2065 227 229 193
763.8096 -700.9525 4749.2065 211 220 185
767.6191 -700.9525 4749.2065 190 211 179
770.2824 -699.9109 4742.1499 180 204 175
772.9377 -698.8724 4735.1138 179 205 175
776.7359 -698.8724 4735.1138 193 213 179
781.6940 -699.9109 4742.1499 206 218 183
785.4979 -699.9109 4742.1499 204 218 185
789.3018 -699.9109 4742.1499 187 211 180
791.9288 -698.8724 4735.1138 175 204 172
794.5482 -697.8371 4728.0991 190 211 175
798.3408 -697.8371 4728.0991 228 232 193
