ply
format ascii 1.0
element vertex 5999
property float x
property float y
property float z
property uchar red
property uchar green
property uchar blue
end_header
488.0712 -508.9615 4735.1138 164 191 138
491.8695 -508.9615 4735.1138 164 191 137
479.0533 -511.2426 4721.1045 156 184 139
483.5556 -512.0001 4728.0991 156 186 137
488.7965 -513.5216 4742.1499 157 186 137
492.6004 -513.5216 4742.1499 160 188 138
495.6677 -512.7597 4735.1138 164 192 141
499.4659 -512.7597 4735.1138 165 193 143
518.4570 -512.7597 4735.1138 168 193 141
456.3314 -515.0296 4721.1045 114 163 173
460.1183 -515.0296 4721.1045 115 161 169
463.2201 -514.2689 4714.1309 114 159 163
467.0015 -514.2689 4714.1309 112 157 158
470.0885 -513.5104 4707.1782 111 154 151
474.5643 -514.2689 4714.1309 112 152 146
479.7630 -515.7927 4728.0991 114 152 144
484.2730 -516.5579 4735.1138 113 152 142
488.7965 -517.3254 4742.1499 115 153 141
493.3334 -518.0953 4749.2065 121 156 141
496.4042 -517.3254 4742.1499 130 159 143
499.4659 -516.5579 4735.1138 138 165 143
503.2641 -516.5579 4735.1138 148 173 142
507.0623 -516.5579 4735.1138 161 183 143
510.8606 -516.5579 4735.1138 180 201 155
516.1906 -518.0953 4749.2065 189 209 162
518.4570 -516.5579 4735.1138 191 210 166
523.8096 -518.0953 4749.2065 183 204 160
526.0534 -516.5579 4735.1138 156 181 142
530.6390 -517.3254 4742.1499 152 180 143
449.4223 -519.5852 4728.0991 113 165 179
453.8873 -520.3561 4735.1138 113 164 175
456.3314 -518.8166 4721.1045 114 162 172
460.1183 -518.8166 4721.1045 114 161 168
463.2201 -518.0502 4714.1309 112 159 161
467.6923 -518.8166 4721.1045 114 158 159
470.7829 -518.0502 4714.1309 117 158 154
475.2663 -518.8166 4721.1045 124 160 151
480.4748 -520.3561 4735.1138 132 165 150
484.2730 -520.3561 4735.1138 142 170 150
489.5239 -521.9048 4749.2065 151 175 149
493.3334 -521.9048 4749.2065 170 191 160
496.4042 -521.1293 4742.1499 169 187 152
500.2081 -521.1293 4742.1499 179 195 158
504.0120 -521.1293 4742.1499 169 185 145
507.8158 -521.1293 4742.1499 167 183 142
510.8606 -520.3561 4735.1138 182 199 155
516.1906 -521.9048 4749.2065 195 213 169
519.2274 -521.1293 4742.1499 195 213 171
523.8096 -521.9048 4749.2065 192 211 172
526.0534 -520.3561 4735.1138 134 159 140
530.6390 -521.1293 4742.1499 113 143 137
534.4429 -521.1293 4742.1499 112 143 136
537.4481 -520.3561 4735.1138 117 147 141
544.2371 -519.5852 4728.0991 142 165 152
548.8428 -520.3561 4735.1138 138 163 154
551.0059 -518.8166 4721.1045 135 165 158
556.4392 -520.3561 4735.1138 142 171 164
566.5574 -522.6826 4756.2842 173 193 180
591.2108 -524.2452 4770.5034 174 179 180
603.5928 -525.0300 4777.6450 176 159 138
607.4252 -525.0300 4777.6450 171 149 128
441.1834 -522.6036 4721.1045 105 162 175
444.3131 -521.8316 4714.1309 113 163 171
448.7574 -522.6036 4721.1045 120 165 170
453.2149 -523.3779 4728.0991 126 168 169
456.3314 -522.6036 4721.1045 133 172 165
460.1183 -522.6036 4721.1045 144 178 163
463.2201 -521.8316 4714.1309 158 188 166
467.0015 -521.8316 4714.1309 171 198 170
470.7829 -521.8316 4714.1309 181 206 169
474.5643 -521.8316 4714.1309 187 208 168
479.7630 -523.3779 4728.0991 188 206 166
484.2730 -524.1543 4735.1138 177 193 152
488.0712 -524.1543 4735.1138 172 186 144
492.6004 -524.9332 4742.1499 186 201 158
495.6677 -524.1543 4735.1138 182 198 157
499.4659 -524.1543 4735.1138 183 198 157
503.2641 -524.1543 4735.1138 169 184 144
507.0623 -524.1543 4735.1138 168 183 143
510.1037 -523.3779 4728.0991 177 192 150
515.4235 -524.9332 4742.1499 196 213 170
518.4570 -524.1543 4735.1138 197 213 171
523.0312 -524.9332 4742.1499 196 215 172
526.0534 -524.1543 4735.1138 161 171 138
530.6390 -524.9332 4742.1499 120 110 85
534.4429 -524.9332 4742.1499 126 110 88
537.4481 -524.1543 4735.1138 128 112 89
540.4445 -523.3779 4728.0991 156 138 115
545.0445 -524.1543 4735.1138 205 182 159
548.8428 -524.1543 4735.1138 180 157 139
551.8223 -523.3779 4728.0991 136 117 98
557.2660 -524.9332 4742.1499 149 130 107
562.7422 -526.4977 4756.2842 198 172 147
566.5574 -526.4977 4756.2842 223 193 171
570.3726 -526.4977 4756.2842 222 192 170
575.0448 -527.2836 4763.3833 224 191 167
578.0030 -526.4977 4756.2842 224 189 167
582.6866 -527.2836 4763.3833 206 176 156
587.3842 -528.0718 4770.5034 203 176 156
590.3284 -527.2836 4763.3833 212 182 160
593.2638 -526.4977 4756.2842 215 183 160
597.9702 -527.2836 4763.3833 208 176 156
602.6907 -528.0718 4770.5034 195 165 145
605.6120 -527.2836 4763.3833 184 154 133
609.4329 -527.2836 4763.3833 195 168 146
615.0898 -528.8623 4777.6450 226 195 173
432.9690 -525.6130 4714.1309 136 165 150
437.3965 -526.3905 4721.1045 138 167 152
441.1834 -526.3905 4721.1045 146 175 156
444.3131 -525.6130 4714.1309 165 194 167
448.7574 -526.3905 4721.1045 181 206 173
453.2149 -527.1704 4728.0991 180 200 165
456.3314 -526.3905 4721.1045 162 180 147
460.1183 -526.3905 4721.1045 148 165 134
463.2201 -525.6130 4714.1309 166 181 143
467.6923 -526.3905 4721.1045 197 214 170
471.4793 -526.3905 4721.1045 194 213 170
475.2663 -526.3905 4721.1045 193 211 166
480.4748 -527.9525 4735.1138 190 207 164
484.2730 -527.9525 4735.1138 175 191 148
488.0712 -527.9525 4735.1138 182 197 155
492.6004 -528.7371 4742.1499 188 203 162
495.6677 -527.9525 4735.1138 186 201 160
498.7260 -527.1704 4728.0991 181 195 153
502.5186 -527.1704 4728.0991 174 189 147
506.3112 -527.1704 4728.0991 168 183 143
510.1037 -527.1704 4728.0991 176 190 148
514.6588 -527.9525 4735.1138 193 210 165
517.6889 -527.1704 4728.0991 197 215 171
522.2552 -527.9525 4735.1138 198 215 174
524.4971 -526.3905 4721.1045 192 202 162
529.0667 -527.1704 4728.0991 161 141 105
533.6499 -527.9525 4735.1138 174 145 106
536.6519 -527.1704 4728.0991 182 153 115
539.6450 -526.3905 4721.1045 192 163 129
544.2371 -527.1704 4728.0991 206 175 144
548.0297 -527.1704 4728.0991 221 188 163
551.0059 -526.3905 4721.1045 200 169 145
556.4392 -527.9525 4735.1138 208 177 150
561.9048 -529.5238 4749.2065 227 193 168
565.7144 -529.5238 4749.2065 228 193 171
569.5239 -529.5238 4749.2065 229 192 168
575.0448 -531.1045 4763.3833 227 191 167
577.1429 -529.5238 4749.2065 226 189 166
581.8182 -530.3130 4756.2842 211 177 154
586.5075 -531.1045 4763.3833 205 175 152
589.4486 -530.3130 4756.2842 212 179 156
592.3810 -529.5238 4749.2065 218 185 163
597.0790 -530.3130 4756.2842 207 176 153
601.7911 -531.1045 4763.3833 199 169 148
604.7094 -530.3130 4756.2842 186 156 136
608.5246 -530.3130 4756.2842 194 166 146
613.2538 -531.1045 4763.3833 223 192 170
616.1550 -530.3130 4756.2842 232 198 177
619.9702 -530.3130 4756.2842 232 201 180
410.8876 -530.1776 4721.1045 167 189 163
414.6746 -530.1776 4721.1045 174 195 164
419.0815 -530.9630 4728.0991 180 200 166
421.6248 -529.3944 4714.1309 183 203 165
425.4062 -529.3944 4714.1309 187 208 167
429.1876 -529.3944 4714.1309 189 212 169
432.9690 -529.3944 4714.1309 178 197 158
437.3965 -530.1776 4721.1045 145 160 126
441.1834 -530.1776 4721.1045 131 146 111
444.9704 -530.1776 4721.1045 151 166 129
449.4223 -530.9630 4728.0991 182 200 159
453.8873 -531.7508 4735.1138 188 207 164
456.3314 -530.1776 4721.1045 165 183 140
460.8001 -530.9630 4728.0991 127 138 100
463.9053 -530.1776 4721.1045 144 156 116
467.6923 -530.1776 4721.1045 194 211 167
471.4793 -530.1776 4721.1045 196 213 169
475.2663 -530.1776 4721.1045 193 210 165
480.4748 -531.7508 4735.1138 191 207 163
483.5556 -530.9630 4728.0991 181 196 153
488.0712 -531.7508 4735.1138 185 198 156
491.8695 -531.7508 4735.1138 187 201 159
495.6677 -531.7508 4735.1138 190 205 163
498.7260 -530.9630 4728.0991 181 194 153
502.5186 -530.9630 4728.0991 184 198 158
506.3112 -530.9630 4728.0991 169 183 144
509.3491 -530.1776 4721.1045 171 184 144
513.8964 -530.9630 4728.0991 186 200 157
516.9231 -530.1776 4721.1045 199 215 174
521.4815 -530.9630 4728.0991 201 216 176
524.4971 -530.1776 4721.1045 202 215 175
529.0667 -530.9630 4728.0991 199 185 147
532.8593 -530.9630 4728.0991 215 181 144
535.8580 -530.1776 4721.1045 223 187 151
539.6450 -530.1776 4721.1045 225 189 155
543.4319 -530.1776 4721.1045 228 191 161
548.0297 -530.9630 4728.0991 229 193 167
550.1920 -529.3944 4714.1309 230 195 173
555.6149 -530.9630 4728.0991 231 196 173
561.0699 -532.5410 4742.1499 229 195 170
565.7144 -533.3334 4749.2065 228 193 171
569.5239 -533.3334 4749.2065 229 193 170
574.1878 -534.1282 4756.2842 228 192 168
577.1429 -533.3334 4749.2065 226 190 166
580.9525 -533.3334 4749.2065 207 174 153
585.6334 -534.1282 4756.2842 207 176 155
588.5715 -533.3334 4749.2065 213 181 157
591.5008 -532.5410 4742.1499 220 187 165
596.1905 -533.3334 4749.2065 207 176 156
600.8942 -534.1282 4756.2842 205 176 155
603.8096 -533.3334 4749.2065 188 160 139
607.6191 -533.3334 4749.2065 193 165 145
612.3398 -534.1282 4756.2842 218 188 164
615.2382 -533.3334 4749.2065 232 199 177
618.1279 -532.5410 4742.1499 233 202 181
619.1716 -530.1776 4721.1045 230 202 182
406.4993 -533.1758 4714.1309 170 190 154
410.2806 -533.1758 4714.1309 185 204 164
414.0620 -533.1758 4714.1309 195 218 173
418.4615 -533.9645 4721.1045 195 218 172
421.6248 -533.1758 4714.1309 195 218 171
425.4062 -533.1758 4714.1309 195 216 171
429.1876 -533.1758 4714.1309 191 212 169
432.9690 -533.1758 4714.1309 147 162 126
437.3965 -533.9645 4721.1045 126 138 100
441.1834 -533.9645 4721.1045 136 148 107
444.9704 -533.9645 4721.1045 126 137 97
449.4223 -534.7556 4728.0991 139 151 111
453.8873 -535.5490 4735.1138 183 200 158
457.0074 -534.7556 4728.0991 193 211 169
460.8001 -534.7556 4728.0991 145 157 118
463.9053 -533.9645 4721.1045 127 137 98
468.3853 -534.7556 4728.0991 183 199 155
472.1778 -534.7556 4728.0991 195 213 170
475.9704 -534.7556 4728.0991 193 211 166
480.4748 -535.5490 4735.1138 191 207 163
484.2730 -535.5490 4735.1138 179 194 153
487.3482 -534.7556 4728.0991 183 196 157
491.8695 -535.5490 4735.1138 184 197 158
494.9334 -534.7556 4728.0991 193 208 168
498.7260 -534.7556 4728.0991 181 198 156
502.5186 -534.7556 4728.0991 185 201 160
506.3112 -534.7556 4728.0991 168 183 144
509.3491 -533.9645 4721.1045 172 184 145
513.8964 -534.7556 4728.0991 179 193 152
516.9231 -533.9645 4721.1045 198 214 174
521.4815 -534.7556 4728.0991 200 217 177
524.4971 -533.9645 4721.1045 203 218 179
529.0667 -534.7556 4728.0991 200 198 159
532.8593 -534.7556 4728.0991 210 178 141
536.6519 -534.7556 4728.0991 220 183 147
539.6450 -533.9645 4721.1045 224 187 151
544.2371 -534.7556 4728.0991 226 188 153
548.0297 -534.7556 4728.0991 227 190 159
551.0059 -533.9645 4721.1045 229 194 168
555.6149 -534.7556 4728.0991 230 195 171
561.0699 -536.3448 4742.1499 229 194 171
565.7144 -537.1429 4749.2065 228 193 170
569.5239 -537.1429 4749.2065 229 194 171
574.1878 -537.9434 4756.2842 228 193 169
576.2853 -536.3448 4742.1499 225 190 168
580.9525 -537.1429 4749.2065 209 177 157
584.7620 -537.1429 4749.2065 203 173 152
588.5715 -537.1429 4749.2065 219 188 165
591.5008 -536.3448 4742.1499 217 184 163
595.3046 -536.3448 4742.1499 208 176 155
599.1085 -536.3448 4742.1499 211 182 161
602.9124 -536.3448 4742.1499 187 157 138
605.8160 -535.5490 4735.1138 195 167 147
610.5201 -536.3448 4742.1499 213 184 160
613.4125 -535.5490 4735.1138 231 201 180
617.2107 -535.5490 4735.1138 232 202 181
617.3452 -532.3894 4707.1782 231 204 184
405.8997 -536.1652 4707.1782 182 202 158
409.0722 -535.3756 4700.2456 180 198 154
413.4514 -536.1652 4707.1782 196 215 170
417.2272 -536.1652 4707.1782 196 218 171
421.0030 -536.1652 4707.1782 196 218 172
424.7788 -536.1652 4707.1782 197 216 172
429.1876 -536.9572 4714.1309 191 209 167
432.3304 -536.1652 4707.1782 139 154 116
437.3965 -537.7515 4721.1045 160 176 132
441.8371 -538.5482 4728.0991 189 208 163
444.9704 -537.7515 4721.1045 172 189 147
449.4223 -538.5482 4728.0991 135 148 106
453.8873 -539.3472 4735.1138 146 158 116
457.0074 -538.5482 4728.0991 184 201 160
460.8001 -538.5482 4728.0991 162 175 138
463.9053 -537.7515 4721.1045 120 131 92
468.3853 -538.5482 4728.0991 166 180 135
472.1778 -538.5482 4728.0991 196 213 168
475.9704 -538.5482 4728.0991 193 210 166
480.4748 -539.3472 4735.1138 192 208 163
483.5556 -538.5482 4728.0991 184 199 156
487.3482 -538.5482 4728.0991 181 195 155
491.1408 -538.5482 4728.0991 183 197 156
494.9334 -538.5482 4728.0991 194 209 169
497.9882 -537.7515 4721.1045 175 189 147
501.7752 -537.7515 4721.1045 183 198 156
505.5621 -537.7515 4721.1045 177 192 152
509.3491 -537.7515 4721.1045 172 186 146
513.1361 -537.7515 4721.1045 176 188 148
516.1595 -536.9572 4714.1309 195 211 170
520.7101 -537.7515 4721.1045 200 217 177
523.7223 -536.9572 4714.1309 202 219 180
528.2840 -537.7515 4721.1045 206 212 174
532.0710 -537.7515 4721.1045 203 179 141
535.8580 -537.7515 4721.1045 216 181 144
539.6450 -537.7515 4721.1045 220 185 150
543.4319 -537.7515 4721.1045 224 187 152
548.0297 -538.5482 4728.0991 225 187 154
550.1920 -536.9572 4714.1309 228 191 160
555.6149 -538.5482 4728.0991 229 193 166
560.2374 -539.3472 4735.1138 227 193 167
564.8737 -540.1487 4742.1499 227 193 168
568.6776 -540.1487 4742.1499 228 194 169
573.3334 -540.9524 4749.2065 227 192 168
575.4303 -539.3472 4735.1138 224 189 165
580.0892 -540.1487 4742.1499 212 181 159
583.8931 -540.1487 4742.1499 205 174 150
587.6970 -540.1487 4742.1499 225 193 169
590.6232 -539.3472 4735.1138 206 173 153
593.5408 -538.5482 4728.0991 207 176 154
598.2196 -539.3472 4735.1138 215 185 164
601.1260 -538.5482 4728.0991 190 162 141
604.9186 -538.5482 4728.0991 193 162 143
608.7112 -538.5482 4728.0991 210 179 157
611.5977 -537.7515 4721.1045 233 202 181
615.3846 -537.7515 4721.1045 231 202 182
616.4360 -535.3756 4700.2456 232 204 182
400.9412 -538.3530 4693.3335 195 217 171
405.3019 -539.1458 4700.2456 192 213 167
409.0722 -539.1458 4700.2456 187 205 160
412.8424 -539.1458 4700.2456 189 207 162
417.2272 -539.9410 4707.1782 196 218 171
420.3829 -539.1458 4700.2456 197 218 172
424.7788 -539.9410 4707.1782 197 217 171
429.1876 -540.7385 4714.1309 193 214 169
432.3304 -539.9410 4707.1782 153 170 130
437.3965 -541.5385 4721.1045 146 159 121
441.1834 -541.5385 4721.1045 159 174 137
444.9704 -541.5385 4721.1045 158 175 138
449.4223 -542.3408 4728.0991 175 189 148
453.2149 -542.3408 4728.0991 143 154 113
456.3314 -541.5385 4721.1045 138 150 111
460.8001 -542.3408 4728.0991 144 155 117
463.9053 -541.5385 4721.1045 124 133 94
468.3853 -542.3408 4728.0991 151 164 119
472.1778 -542.3408 4728.0991 194 210 165
475.2663 -541.5385 4721.1045 194 210 166
479.7630 -542.3408 4728.0991 193 208 165
482.8402 -541.5385 4721.1045 188 203 160
486.6272 -541.5385 4721.1045 185 198 157
490.4142 -541.5385 4721.1045 189 202 160
494.2012 -541.5385 4721.1045 192 208 168
497.2526 -540.7385 4714.1309 176 190 151
501.0340 -540.7385 4714.1309 180 195 152
504.8154 -540.7385 4714.1309 183 198 158
508.5968 -540.7385 4714.1309 169 183 144
512.3782 -540.7385 4714.1309 173 187 146
515.3983 -539.9410 4707.1782 185 200 159
519.9409 -540.7385 4714.1309 200 216 176
522.9499 -539.9410 4707.1782 202 219 179
527.5037 -540.7385 4714.1309 207 219 181
531.2851 -540.7385 4714.1309 200 188 151
535.0665 -540.7385 4714.1309 211 177 141
538.8478 -540.7385 4714.1309 217 182 146
543.4319 -541.5385 4721.1045 222 185 149
547.2190 -541.5385 4721.1045 225 187 152
550.1920 -540.7385 4714.1309 227 188 154
555.6149 -542.3408 4728.0991 228 190 159
560.2374 -543.1454 4735.1138 226 190 162
564.8737 -543.9525 4742.1499 227 192 164
567.8339 -543.1454 4735.1138 227 192 165
572.4815 -543.9525 4742.1499 227 192 165
575.4303 -543.1454 4735.1138 228 192 167
579.2285 -543.1454 4735.1138 226 192 167
583.8931 -543.9525 4742.1499 221 187 163
586.8250 -543.1454 4735.1138 227 194 173
589.7482 -542.3408 4728.0991 200 168 150
593.5408 -542.3408 4728.0991 208 177 156
597.3334 -542.3408 4728.0991 215 186 165
601.1260 -542.3408 4728.0991 192 164 144
604.0237 -541.5385 4721.1045 188 160 137
607.8107 -541.5385 4721.1045 204 178 154
610.6942 -540.7385 4714.1309 233 203 181
614.4756 -540.7385 4714.1309 233 203 182
616.4360 -539.1458 4700.2456 234 205 182
619.2942 -538.3530 4693.3335 225 203 178
400.9412 -542.1177 4693.3335 193 213 168
404.7059 -542.1177 4693.3335 197 219 173
408.4706 -542.1177 4693.3335 186 207 162
412.2353 -542.1177 4693.3335 177 195 153
416.6127 -542.9161 4700.2456 192 212 168
419.7647 -542.1177 4693.3335 197 218 172
424.1532 -542.9161 4700.2456 196 218 172
428.5546 -543.7169 4707.1782 195 217 171
432.3304 -543.7169 4707.1782 179 199 154
436.7504 -544.5200 4714.1309 138 150 110
440.5318 -544.5200 4714.1309 118 128 89
444.3131 -544.5200 4714.1309 129 140 100
448.7574 -545.3254 4721.1045 180 196 151
452.5444 -545.3254 4721.1045 187 207 161
455.6573 -544.5200 4714.1309 170 189 140
460.1183 -545.3254 4721.1045 163 179 130
463.2201 -544.5200 4714.1309 170 187 137
467.6923 -545.3254 4721.1045 180 196 148
471.4793 -545.3254 4721.1045 194 211 163
475.2663 -545.3254 4721.1045 194 211 166
479.0533 -545.3254 4721.1045 193 209 166
482.8402 -545.3254 4721.1045 191 208 163
485.9084 -544.5200 4714.1309 193 210 166
489.6898 -544.5200 4714.1309 194 211 168
493.4712 -544.5200 4714.1309 188 205 164
497.2526 -544.5200 4714.1309 176 190 153
501.0340 -544.5200 4714.1309 182 196 155
504.0709 -543.7169 4707.1782 188 201 161
507.8467 -543.7169 4707.1782 168 181 142
511.6224 -543.7169 4707.1782 172 185 145
515.3983 -543.7169 4707.1782 177 190 148
519.1741 -543.7169 4707.1782 199 215 172
522.1797 -542.9161 4700.2456 202 218 178
526.7257 -543.7169 4707.1782 205 221 182
530.5015 -543.7169 4707.1782 202 203 167
534.2773 -543.7169 4707.1782 206 176 139
538.8478 -544.5200 4714.1309 216 179 143
542.6292 -544.5200 4714.1309 220 182 145
547.2190 -545.3254 4721.1045 223 186 150
550.1920 -544.5200 4714.1309 226 188 153
554.7929 -545.3254 4721.1045 227 187 155
559.4075 -546.1334 4728.0991 227 187 157
564.0356 -546.9437 4735.1138 227 188 158
567.8339 -546.9437 4735.1138 227 190 162
571.6321 -546.9437 4735.1138 227 191 165
575.4303 -546.9437 4735.1138 228 192 166
579.2285 -546.9437 4735.1138 229 194 169
583.0267 -546.9437 4735.1138 229 195 174
586.8250 -546.9437 4735.1138 219 186 167
589.7482 -546.1334 4728.0991 198 167 148
593.5408 -546.1334 4728.0991 209 178 154
597.3334 -546.1334 4728.0991 215 185 163
600.2367 -545.3254 4721.1045 190 162 145
604.0237 -545.3254 4721.1045 190 161 143
607.8107 -545.3254 4721.1045 200 173 152
610.6942 -544.5200 4714.1309 233 203 181
614.4756 -544.5200 4714.1309 233 203 183
616.4360 -542.9161 4700.2456 236 205 185
619.2942 -542.1177 4693.3335 230 207 184
623.0588 -542.1177 4693.3335 211 199 165
396.5932 -545.0807 4686.4414 189 207 162
400.3524 -545.0807 4686.4414 186 205 160
404.1116 -545.0807 4686.4414 197 217 171
407.8708 -545.0807 4686.4414 196 218 172
411.6300 -545.0807 4686.4414 183 202 157
416.0000 -545.8824 4693.3335 189 210 163
419.1483 -545.0807 4686.4414 196 218 171
423.5294 -545.8824 4693.3335 195 218 172
427.9234 -546.6863 4700.2456 195 218 172
431.6937 -546.6863 4700.2456 195 217 171
436.1062 -547.4927 4707.1782 182 200 155
439.8820 -547.4927 4707.1782 160 176 130
443.6578 -547.4927 4707.1782 170 186 139
448.0945 -548.3013 4714.1309 194 214 166
452.5444 -549.1124 4721.1045 195 218 171
455.6573 -548.3013 4714.1309 195 217 171
459.4387 -548.3013 4714.1309 196 216 171
463.2201 -548.3013 4714.1309 195 216 170
467.6923 -549.1124 4721.1045 196 214 169
470.7829 -548.3013 4714.1309 195 212 166
474.5643 -548.3013 4714.1309 194 211 166
479.0533 -549.1124 4721.1045 194 210 166
482.1270 -548.3013 4714.1309 192 208 165
485.9084 -548.3013 4714.1309 194 210 167
489.6898 -548.3013 4714.1309 194 211 170
492.7434 -547.4927 4707.1782 181 197 157
496.5192 -547.4927 4707.1782 180 194 154
500.2950 -547.4927 4707.1782 182 196 157
503.3285 -546.6863 4700.2456 184 199 158
507.0987 -546.6863 4700.2456 179 192 154
510.8689 -546.6863 4700.2456 172 184 146
514.6392 -546.6863 4700.2456 174 187 147
518.4094 -546.6863 4700.2456 195 211 169
521.4118 -545.8824 4693.3335 202 220 179
525.9500 -546.6863 4700.2456 204 222 183
529.7202 -546.6863 4700.2456 206 216 180
533.4905 -546.6863 4700.2456 201 179 143
537.2607 -546.6863 4700.2456 213 176 140
541.8289 -547.4927 4707.1782 216 180 144
545.6047 -547.4927 4707.1782 221 183 148
549.3806 -547.4927 4707.1782 226 187 151
553.9734 -548.3013 4714.1309 227 187 153
557.7548 -548.3013 4714.1309 226 187 154
562.3669 -549.1124 4721.1045 225 187 155
566.1539 -549.1124 4721.1045 226 188 158
570.7853 -549.9260 4728.0991 226 190 161
574.5778 -549.9260 4728.0991 227 191 164
578.3704 -549.9260 4728.0991 229 193 169
583.0267 -550.7419 4735.1138 227 194 172
585.9556 -549.9260 4728.0991 204 172 153
589.7482 -549.9260 4728.0991 202 170 148
592.6628 -549.1124 4721.1045 207 178 155
597.3334 -549.9260 4728.0991 213 185 164
600.2367 -549.1124 4721.1045 194 169 149
604.0237 -549.1124 4721.1045 190 163 142
607.8107 -549.1124 4721.1045 198 170 149
610.6942 -548.3013 4714.1309 232 200 179
614.4756 -548.3013 4714.1309 234 204 183
617.3452 -547.4927 4707.1782 236 208 187
620.2062 -546.6863 4700.2456 233 209 187
623.9764 -546.6863 4700.2456 213 199 168
627.7467 -546.6863 4700.2456 209 201 163
396.0117 -548.0352 4679.5698 188 206 161
400.3524 -548.8400 4686.4414 183 201 155
404.1116 -548.8400 4686.4414 185 206 159
407.2727 -548.0352 4679.5698 196 219 172
411.0264 -548.0352 4679.5698 195 218 172
415.3891 -548.8400 4686.4414 195 218 171
419.1483 -548.8400 4686.4414 195 218 171
422.9075 -548.8400 4686.4414 196 218 172
426.6667 -548.8400 4686.4414 195 218 172
430.4259 -548.8400 4686.4414 196 219 172
435.4640 -550.4566 4700.2456 195 217 172
439.2342 -550.4566 4700.2456 196 218 172
443.0045 -550.4566 4700.2456 198 218 172
447.4337 -551.2685 4707.1782 196 219 173
451.2095 -551.2685 4707.1782 196 218 173
454.3152 -550.4566 4700.2456 196 217 171
458.7611 -551.2685 4707.1782 196 216 171
462.5369 -551.2685 4707.1782 195 216 170
466.3127 -551.2685 4707.1782 196 215 169
470.0885 -551.2685 4707.1782 195 213 168
473.8643 -551.2685 4707.1782 195 212 167
477.6402 -551.2685 4707.1782 194 211 166
481.4160 -551.2685 4707.1782 192 209 164
485.1918 -551.2685 4707.1782 193 210 167
488.9676 -551.2685 4707.1782 189 206 165
492.0177 -550.4566 4700.2456 175 190 150
495.7880 -550.4566 4700.2456 181 196 156
499.5582 -550.4566 4700.2456 182 196 158
502.5883 -549.6471 4693.3335 183 198 158
506.3530 -549.6471 4693.3335 186 201 162
510.1177 -549.6471 4693.3335 170 182 146
513.8824 -549.6471 4693.3335 176 188 150
517.6471 -549.6471 4693.3335 188 202 162
520.6461 -548.8400 4686.4414 203 220 180
525.1765 -549.6471 4693.3335 203 221 182
528.9412 -549.6471 4693.3335 208 222 185
532.7059 -549.6471 4693.3335 200 189 153
536.4706 -549.6471 4693.3335 208 174 138
540.2354 -549.6471 4693.3335 214 178 143
544.8012 -550.4566 4700.2456 219 180 146
548.5715 -550.4566 4700.2456 223 185 149
553.1564 -551.2685 4707.1782 225 187 152
556.9323 -551.2685 4707.1782 225 187 153
561.5362 -552.0828 4714.1309 224 185 152
566.1539 -552.8994 4721.1045 226 187 154
569.9409 -552.8994 4721.1045 227 188 157
573.7278 -552.8994 4721.1045 228 189 160
577.5148 -552.8994 4721.1045 228 191 165
582.1630 -553.7186 4728.0991 211 178 156
585.9556 -553.7186 4728.0991 201 169 147
588.8757 -552.8994 4721.1045 206 174 151
592.6628 -552.8994 4721.1045 204 175 152
596.4497 -552.8994 4721.1045 212 183 161
600.2367 -552.8994 4721.1045 197 171 150
603.1315 -552.0828 4714.1309 185 159 137
607.8107 -552.8994 4721.1045 194 167 145
610.6942 -552.0828 4714.1309 229 198 175
614.4756 -552.0828 4714.1309 234 204 183
617.3452 -551.2685 4707.1782 237 210 189
620.2062 -550.4566 4700.2456 234 210 189
623.9764 -550.4566 4700.2456 214 199 170
627.7467 -550.4566 4700.2456 208 201 163
631.5170 -550.4566 4700.2456 208 200 163
391.6838 -550.9810 4672.7188 169 186 140
396.0117 -551.7889 4679.5698 182 200 155
399.7654 -551.7889 4679.5698 186 203 158
403.5191 -551.7889 4679.5698 179 196 152
407.2727 -551.7889 4679.5698 192 211 168
411.0264 -551.7889 4679.5698 197 219 173
414.7801 -551.7889 4679.5698 196 218 171
418.5337 -551.7889 4679.5698 196 218 171
422.2874 -551.7889 4679.5698 196 218 172
426.6667 -552.5991 4686.4414 197 219 172
430.4259 -552.5991 4686.4414 197 219 173
434.1850 -552.5991 4686.4414 196 219 173
438.5883 -553.4118 4693.3335 197 219 173
442.3530 -553.4118 4693.3335 198 218 173
446.7747 -554.2269 4700.2456 198 218 173
450.5450 -554.2269 4700.2456 195 218 172
453.6471 -553.4118 4693.3335 195 218 172
457.4118 -553.4118 4693.3335 195 217 171
461.1765 -553.4118 4693.3335 195 216 170
465.6259 -554.2269 4700.2456 195 214 169
469.3962 -554.2269 4700.2456 195 213 167
473.1664 -554.2269 4700.2456 194 213 167
476.9367 -554.2269 4700.2456 194 211 166
480.7069 -554.2269 4700.2456 193 210 165
484.4772 -554.2269 4700.2456 192 207 165
488.2475 -554.2269 4700.2456 178 192 153
491.2941 -553.4118 4693.3335 178 191 150
495.0589 -553.4118 4693.3335 180 195 153
498.8235 -553.4118 4693.3335 182 196 157
501.8502 -552.5991 4686.4414 185 198 159
505.6094 -552.5991 4686.4414 189 203 164
509.3686 -552.5991 4686.4414 171 184 147
513.1277 -552.5991 4686.4414 173 186 148
516.8869 -552.5991 4686.4414 178 192 153
519.8827 -551.7889 4679.5698 202 219 180
523.6364 -551.7889 4679.5698 202 222 182
528.1644 -552.5991 4686.4414 206 224 186
531.9236 -552.5991 4686.4414 204 204 168
535.6828 -552.5991 4686.4414 204 175 139
539.4420 -552.5991 4686.4414 211 176 140
544.0001 -553.4118 4693.3335 216 180 143
547.7647 -553.4118 4693.3335 218 183 147
552.3417 -554.2269 4700.2456 222 186 150
556.1120 -554.2269 4700.2456 224 187 152
560.7080 -555.0443 4707.1782 224 187 151
565.3176 -555.8641 4714.1309 225 186 151
569.0989 -555.8641 4714.1309 226 187 154
572.8804 -555.8641 4714.1309 225 186 155
577.5148 -556.6864 4721.1045 211 174 148
582.1630 -557.5112 4728.0991 200 167 143
585.0887 -556.6864 4721.1045 203 171 145
588.8757 -556.6864 4721.1045 206 173 148
591.7873 -555.8641 4714.1309 205 176 153
596.4497 -556.6864 4721.1045 210 181 160
599.3501 -555.8641 4714.1309 202 174 156
603.1315 -555.8641 4714.1309 184 156 140
606.9128 -555.8641 4714.1309 196 167 148
609.7936 -555.0443 4707.1782 225 194 173
614.4756 -555.8641 4714.1309 234 205 184
617.3452 -555.0443 4707.1782 237 210 190
620.2062 -554.2269 4700.2456 235 211 190
623.9764 -554.2269 4700.2456 216 201 172
627.7467 -554.2269 4700.2456 209 201 163
630.5883 -553.4118 4693.3335 208 200 161
391.6838 -554.7292 4672.7188 165 182 134
396.0117 -555.5425 4679.5698 176 193 146
399.7654 -555.5425 4679.5698 187 204 159
403.5191 -555.5425 4679.5698 181 198 155
407.2727 -555.5425 4679.5698 181 198 155
411.0264 -555.5425 4679.5698 192 210 166
414.7801 -555.5425 4679.5698 196 217 171
418.5337 -555.5425 4679.5698 196 218 172
422.2874 -555.5425 4679.5698 198 218 173
426.6667 -556.3583 4686.4414 198 218 172
430.4259 -556.3583 4686.4414 198 219 173
434.1850 -556.3583 4686.4414 197 219 173
438.5883 -557.1765 4693.3335 197 220 174
442.3530 -557.1765 4693.3335 196 218 172
446.7747 -557.9971 4700.2456 196 218 173
450.5450 -557.9971 4700.2456 195 218 172
453.6471 -557.1765 4693.3335 195 217 172
457.4118 -557.1765 4693.3335 196 216 171
461.1765 -557.1765 4693.3335 195 216 171
464.9412 -557.1765 4693.3335 195 215 170
468.7059 -557.1765 4693.3335 195 214 168
472.4706 -557.1765 4693.3335 195 213 168
476.9367 -557.9971 4700.2456 194 211 167
480.0000 -557.1765 4693.3335 192 206 164
483.7647 -557.1765 4693.3335 178 191 152
487.5294 -557.1765 4693.3335 176 189 149
490.5727 -556.3583 4686.4414 181 194 153
494.3319 -556.3583 4686.4414 181 195 154
498.0911 -556.3583 4686.4414 183 197 157
501.1144 -555.5425 4679.5698 182 195 157
504.8680 -555.5425 4679.5698 184 199 158
508.6217 -555.5425 4679.5698 175 190 151
512.3754 -555.5425 4679.5698 166 180 141
516.1291 -555.5425 4679.5698 175 190 150
519.1216 -554.7292 4672.7188 198 215 174
522.8698 -554.7292 4672.7188 202 222 182
526.6179 -554.7292 4672.7188 204 225 186
531.1437 -555.5425 4679.5698 208 217 182
534.8973 -555.5425 4679.5698 200 180 144
538.6510 -555.5425 4679.5698 209 173 139
543.2012 -556.3583 4686.4414 214 178 141
546.9604 -556.3583 4686.4414 216 181 146
550.7195 -556.3583 4686.4414 220 183 148
555.2941 -557.1765 4693.3335 224 185 150
559.8823 -557.9971 4700.2456 224 186 150
564.4838 -558.8201 4707.1782 223 185 151
568.2596 -558.8201 4707.1782 218 179 148
572.0355 -558.8201 4707.1782 202 165 137
576.6617 -559.6455 4714.1309 198 163 135
581.3018 -560.4734 4721.1045 201 167 139
585.0887 -560.4734 4721.1045 205 170 143
588.0059 -559.6455 4714.1309 205 171 147
590.9145 -558.8201 4707.1782 202 173 150
595.5687 -559.6455 4714.1309 210 179 159
599.3501 -559.6455 4714.1309 209 179 160
602.2419 -558.8201 4707.1782 188 161 141
606.9128 -559.6455 4714.1309 194 167 147
609.7936 -558.8201 4707.1782 218 191 168
613.5693 -558.8201 4707.1782 233 205 183
617.3452 -558.8201 4707.1782 238 211 191
620.2062 -557.9971 4700.2456 238 212 193
623.9764 -557.9971 4700.2456 218 201 175
626.8235 -557.1765 4693.3335 208 200 163
630.5883 -557.1765 4693.3335 207 200 161
632.4927 -555.5425 4679.5698 207 199 156
391.6838 -558.4774 4672.7188 169 186 137
396.0117 -559.2962 4679.5698 167 185 136
399.7654 -559.2962 4679.5698 187 205 158
403.5191 -559.2962 4679.5698 186 203 158
406.6765 -558.4774 4672.7188 185 201 157
410.4246 -558.4774 4672.7188 182 198 153
414.7801 -559.2962 4679.5698 187 205 160
417.9210 -558.4774 4672.7188 196 215 171
421.6692 -558.4774 4672.7188 196 217 173
426.0411 -559.2962 4679.5698 198 219 173
429.7947 -559.2962 4679.5698 198 219 173
433.5484 -559.2962 4679.5698 199 219 174
437.9442 -560.1175 4686.4414 198 220 173
441.7034 -560.1175 4686.4414 196 219 172
446.1177 -560.9412 4693.3335 195 218 172
449.8824 -560.9412 4693.3335 195 218 172
452.9809 -560.1175 4686.4414 196 218 172
456.7401 -560.1175 4686.4414 198 217 172
460.4993 -560.1175 4686.4414 198 216 172
464.2584 -560.1175 4686.4414 197 215 170
468.0176 -560.1175 4686.4414 196 213 168
471.7768 -560.1175 4686.4414 194 212 167
476.2353 -560.9412 4693.3335 189 205 162
479.2951 -560.1175 4686.4414 174 188 147
483.0544 -560.1175 4686.4414 175 188 146
486.0997 -559.2962 4679.5698 180 194 152
489.8534 -559.2962 4679.5698 181 194 153
492.8844 -558.4774 4672.7188 182 196 155
496.6326 -558.4774 4672.7188 183 196 157
500.3807 -558.4774 4672.7188 180 192 155
504.1289 -558.4774 4672.7188 183 196 157
507.8770 -558.4774 4672.7188 184 199 160
511.6252 -558.4774 4672.7188 166 181 143
515.3734 -558.4774 4672.7188 177 192 152
518.3626 -557.6609 4665.8872 188 204 164
522.1053 -557.6609 4665.8872 203 222 182
526.6179 -558.4774 4672.7188 205 225 186
530.3661 -558.4774 4672.7188 209 224 188
534.1143 -558.4774 4672.7188 199 190 156
537.8624 -558.4774 4672.7188 207 174 139
541.6106 -558.4774 4672.7188 212 175 140
546.1584 -559.2962 4679.5698 215 179 145
549.9120 -559.2962 4679.5698 217 181 148
554.4787 -560.1175 4686.4414 218 182 149
558.2379 -560.1175 4686.4414 214 177 148
563.6525 -561.7674 4700.2456 200 163 136
567.4227 -561.7674 4700.2456 192 155 127
571.1929 -561.7674 4700.2456 196 160 128
575.8113 -562.5959 4707.1782 201 166 134
580.4431 -563.4269 4714.1309 202 168 136
584.2245 -563.4269 4714.1309 203 170 141
587.1387 -562.5959 4707.1782 203 173 148
590.9145 -562.5959 4707.1782 200 170 146
594.6903 -562.5959 4707.1782 209 178 153
598.4661 -562.5959 4707.1782 213 182 160
602.2419 -562.5959 4707.1782 188 159 140
606.0178 -562.5959 4707.1782 192 162 145
609.7936 -562.5959 4707.1782 214 186 164
613.5693 -562.5959 4707.1782 234 205 184
616.4360 -561.7674 4700.2456 238 211 193
619.2942 -560.9412 4693.3335 240 213 196
623.0588 -560.9412 4693.3335 221 202 179
626.8235 -560.9412 4693.3335 208 199 163
629.6623 -560.1175 4686.4414 208 200 161
632.4927 -559.2962 4679.5698 207 199 156
395.4319 -562.2255 4672.7188 168 185 137
399.1801 -562.2255 4672.7188 185 201 154
402.9283 -562.2255 4672.7188 185 202 156
406.0819 -561.4036 4665.8872 185 202 157
409.8246 -561.4036 4665.8872 186 203 159
413.5673 -561.4036 4665.8872 183 197 153
417.3100 -561.4036 4665.8872 182 198 153
421.0527 -561.4036 4665.8872 189 208 163
424.7953 -561.4036 4665.8872 195 217 173
428.5380 -561.4036 4665.8872 197 219 174
432.9136 -562.2255 4672.7188 197 219 174
437.3021 -563.0499 4679.5698 197 219 173
441.7034 -563.8766 4686.4414 196 219 172
445.4626 -563.8766 4686.4414 197 219 173
449.2217 -563.8766 4686.4414 197 218 173
451.6545 -562.2255 4672.7188 197 218 173
456.0704 -563.0499 4679.5698 197 217 172
459.8241 -563.0499 4679.5698 197 216 172
463.5777 -563.0499 4679.5698 196 215 170
467.3314 -563.0499 4679.5698 189 206 162
471.7768 -563.8766 4686.4414 179 194 149
475.5359 -563.8766 4686.4414 173 188 141
478.5924 -563.0499 4679.5698 174 188 141
482.3461 -563.0499 4679.5698 180 192 148
486.0997 -563.0499 4679.5698 181 194 153
489.1362 -562.2255 4672.7188 180 193 153
492.1638 -561.4036 4665.8872 179 193 152
495.9065 -561.4036 4665.8872 182 194 157
499.6492 -561.4036 4665.8872 183 193 158
503.3918 -561.4036 4665.8872 185 197 161
507.1345 -561.4036 4665.8872 189 203 165
510.8773 -561.4036 4665.8872 174 187 150
514.6199 -561.4036 4665.8872 172 185 148
517.6059 -560.5840 4659.0757 179 194 157
522.1053 -561.4036 4665.8872 202 221 182
525.8480 -561.4036 4665.8872 204 224 186
529.5907 -561.4036 4665.8872 207 226 189
533.3334 -561.4036 4665.8872 198 202 170
537.0760 -561.4036 4665.8872 189 162 131
540.8187 -561.4036 4665.8872 193 159 131
544.5614 -561.4036 4665.8872 194 159 133
549.1069 -562.2255 4672.7188 193 158 133
553.6657 -563.0499 4679.5698 192 156 131
557.4194 -563.0499 4679.5698 190 154 130
562.8236 -564.7059 4693.3335 195 161 134
566.5883 -564.7059 4693.3335 196 161 133
570.3530 -564.7059 4693.3335 199 164 136
574.9632 -565.5376 4700.2456 201 166 137
579.5871 -566.3718 4707.1782 200 166 137
583.3629 -566.3718 4707.1782 200 167 140
586.2740 -565.5376 4700.2456 203 169 145
590.0443 -565.5376 4700.2456 201 168 145
593.8145 -565.5376 4700.2456 207 177 155
597.5847 -565.5376 4700.2456 214 185 164
601.3550 -565.5376 4700.2456 185 157 138
605.1252 -565.5376 4700.2456 194 166 146
608.8955 -565.5376 4700.2456 209 181 158
612.6658 -565.5376 4700.2456 234 204 183
615.5294 -564.7059 4693.3335 237 211 192
618.3848 -563.8766 4686.4414 240 214 197
622.1439 -563.8766 4686.4414 224 205 182
625.9031 -563.8766 4686.4414 209 198 163
629.6623 -563.8766 4686.4414 209 200 160
632.4927 -563.0499 4679.5698 207 199 155
635.3148 -562.2255 4672.7188 208 197 153
-173.5891 -529.5342 4371.8721 237 228 185
-163.2922 -530.2606 4377.8691 237 227 185
-160.0000 -530.9890 4383.8828 235 225 183
-156.6988 -531.7194 4389.9131 236 227 184
-150.0690 -533.1862 4402.0229 238 230 188
-146.7403 -533.9227 4408.1030 237 228 185
-143.0069 -533.1862 4402.0229 236 227 184
-139.4759 -533.1862 4402.0229 238 229 188
-136.3209 -534.6612 4414.2002 240 232 191
-132.7801 -534.6612 4414.2002 240 231 190
-129.2393 -534.6612 4414.2002 236 228 185
-125.6985 -534.6612 4414.2002 236 227 183
-122.3269 -535.4017 4420.3140 237 227 184
-118.7812 -535.4017 4420.3140 234 225 182
398.5965 -565.1462 4665.8872 178 194 146
402.3392 -565.1462 4665.8872 186 203 156
406.0819 -565.1462 4665.8872 185 201 157
409.2263 -564.3212 4659.0757 186 203 161
412.9636 -564.3212 4659.0757 186 202 160
416.0933 -563.4985 4652.2837 183 200 155
419.8251 -563.4985 4652.2837 179 196 151
424.1752 -564.3212 4659.0757 181 196 153
427.2886 -563.4985 4652.2837 185 202 161
432.2808 -565.1462 4665.8872 189 209 166
436.0234 -565.1462 4665.8872 193 212 169
440.4100 -565.9737 4672.7188 196 215 172
444.1582 -565.9737 4672.7188 196 216 174
448.5631 -566.8035 4679.5698 195 216 174
450.3358 -564.3212 4659.0757 193 214 173
454.7369 -565.1462 4665.8872 189 208 167
458.4796 -565.1462 4665.8872 184 201 160
462.2223 -565.1462 4665.8872 182 197 156
466.6472 -565.9737 4672.7188 177 192 149
470.3954 -565.9737 4672.7188 175 190 145
474.8387 -566.8035 4679.5698 179 192 147
477.8917 -565.9737 4672.7188 180 193 150
480.9357 -565.1462 4665.8872 177 191 148
484.6784 -565.1462 4665.8872 179 194 151
488.4211 -565.1462 4665.8872 181 197 154
491.4453 -564.3212 4659.0757 180 196 153
495.1825 -564.3212 4659.0757 178 193 155
498.9198 -564.3212 4659.0757 182 195 161
501.9242 -563.4985 4652.2837 182 196 160
506.3942 -564.3212 4659.0757 184 198 158
510.1314 -564.3212 4659.0757 175 190 151
513.8687 -564.3212 4659.0757 170 183 144
517.6059 -564.3212 4659.0757 180 194 156
521.3431 -564.3212 4659.0757 199 217 177
525.0803 -564.3212 4659.0757 203 224 186
528.8176 -564.3212 4659.0757 206 226 188
532.5548 -564.3212 4659.0757 203 216 183
536.2921 -564.3212 4659.0757 173 157 127
540.0292 -564.3212 4659.0757 176 146 115
543.7665 -564.3212 4659.0757 182 148 119
548.3041 -565.1462 4665.8872 189 153 123
552.8551 -565.9737 4672.7188 189 153 123
556.6033 -565.9737 4672.7188 188 153 125
561.1730 -566.8035 4679.5698 197 162 135
565.7562 -567.6358 4686.4414 200 167 137
569.5154 -567.6358 4686.4414 199 167 137
573.2746 -567.6358 4686.4414 199 167 138
577.8824 -568.4706 4693.3335 200 167 137
581.6471 -568.4706 4693.3335 198 162 135
585.4118 -568.4706 4693.3335 201 164 141
588.3113 -567.6358 4686.4414 200 168 143
592.9412 -568.4706 4693.3335 206 175 147
596.7059 -568.4706 4693.3335 215 183 159
599.5888 -567.6358 4686.4414 193 163 142
604.2353 -568.4706 4693.3335 192 163 144
607.1072 -567.6358 4686.4414 205 176 156
611.7648 -568.4706 4693.3335 234 203 183
615.5294 -568.4706 4693.3335 237 210 191
618.3848 -567.6358 4686.4414 239 213 197
622.1439 -567.6358 4686.4414 228 208 187
625.9031 -567.6358 4686.4414 209 198 165
629.6623 -567.6358 4686.4414 208 199 159
632.4927 -566.8035 4679.5698 203 194 151
636.2463 -566.8035 4679.5698 201 190 147
-177.3388 -533.7723 4377.8691 238 227 185
-173.5891 -533.0411 4371.8721 236 226 183
-170.3155 -533.7723 4377.8691 237 226 183
-167.0330 -534.5055 4383.8828 236 227 183
-163.2922 -533.7723 4377.8691 235 226 182
-159.7805 -533.7723 4377.8691 235 226 183
-156.2689 -533.7723 4377.8691 236 228 186
-153.1775 -535.2408 4389.9131 237 229 187
-149.6561 -535.2408 4389.9131 238 229 188
-146.5379 -536.7173 4402.0229 237 228 186
-143.0069 -536.7173 4402.0229 239 230 188
-139.4759 -536.7173 4402.0229 241 233 192
-136.1326 -537.4586 4408.1030 242 234 195
-132.5967 -537.4586 4408.1030 242 234 194
-129.2393 -538.2020 4414.2002 237 228 187
-125.6985 -538.2020 4414.2002 237 228 185
-122.1577 -538.2020 4414.2002 237 228 186
-118.6169 -538.2020 4414.2002 236 227 184
-115.0761 -538.2020 4414.2002 234 225 182
-111.6898 -538.9474 4420.3140 233 224 181
-107.9945 -538.2020 4414.2002 233 224 181
-104.5983 -538.9474 4420.3140 235 226 183
-100.7735 -537.4586 4408.1030 236 227 184
-97.3721 -538.2020 4414.2002 236 227 184
164.1499 -560.6917 4598.6553 212 210 142
167.8386 -560.6917 4598.6553 213 212 144
171.5274 -560.6917 4598.6553 213 213 144
175.4690 -561.5007 4605.2910 215 214 144
178.9049 -560.6917 4598.6553 218 214 145
186.5512 -561.5007 4605.2910 178 176 115
189.9712 -560.6917 4598.6553 220 216 145
193.6600 -560.6917 4598.6553 222 220 144
397.4344 -567.2303 4652.2837 169 186 137
401.1662 -567.2303 4652.2837 188 206 157
404.8980 -567.2303 4652.2837 184 200 154
408.0350 -566.4047 4645.5122 184 201 156
411.7613 -566.4047 4645.5122 187 203 161
415.4877 -566.4047 4645.5122 185 202 159
418.6047 -565.5814 4638.7598 185 202 158
422.3256 -565.5814 4638.7598 187 202 159
426.0465 -565.5814 4638.7598 186 200 157
430.3931 -566.4047 4645.5122 183 197 155
434.7522 -567.2303 4652.2837 180 195 152
439.1241 -568.0584 4659.0757 180 195 150
442.8613 -568.0584 4659.0757 183 199 156
447.2515 -568.8890 4665.8872 183 198 156
448.3721 -565.5814 4638.7598 181 197 155
453.4111 -567.2303 4652.2837 180 196 155
457.1429 -567.2303 4652.2837 182 197 155
460.8747 -567.2303 4652.2837 181 196 153
465.2847 -568.0584 4659.0757 182 196 153
469.0219 -568.0584 4659.0757 180 193 149
473.4503 -568.8890 4665.8872 181 195 149
476.4964 -568.0584 4659.0757 190 205 160
480.2336 -568.0584 4659.0757 192 208 163
483.9709 -568.0584 4659.0757 193 209 166
486.9971 -567.2303 4652.2837 193 211 167
490.7289 -567.2303 4652.2837 191 208 165
493.7410 -566.4047 4645.5122 177 193 154
498.1924 -567.2303 4652.2837 181 195 159
501.1936 -566.4047 4645.5122 179 194 156
504.9200 -566.4047 4645.5122 182 196 156
508.6464 -566.4047 4645.5122 185 199 161
512.3727 -566.4047 4645.5122 170 183 145
516.0991 -566.4047 4645.5122 180 194 158
519.8254 -566.4047 4645.5122 189 206 168
523.5517 -566.4047 4645.5122 205 223 185
528.0466 -567.2303 4652.2837 206 226 188
531.7784 -567.2303 4652.2837 208 224 189
535.5102 -567.2303 4652.2837 181 175 145
539.2420 -567.2303 4652.2837 182 152 124
542.9738 -567.2303 4652.2837 184 149 122
547.5037 -568.0584 4659.0757 187 151 121
552.0468 -568.8890 4665.8872 190 154 123
555.7896 -568.8890 4665.8872 188 151 122
561.1730 -570.5572 4679.5698 208 170 140
564.9267 -570.5572 4679.5698 221 183 148
569.5154 -571.3950 4686.4414 223 186 150
573.2746 -571.3950 4686.4414 225 186 152
577.8824 -572.2354 4693.3335 226 185 152
581.6471 -572.2354 4693.3335 208 170 141
584.5521 -571.3950 4686.4414 193 162 137
588.3113 -571.3950 4686.4414 197 167 141
592.0705 -571.3950 4686.4414 206 173 147
595.8297 -571.3950 4686.4414 214 181 155
599.5888 -571.3950 4686.4414 191 160 139
603.3480 -571.3950 4686.4414 187 156 136
607.1072 -571.3950 4686.4414 202 174 153
610.8664 -571.3950 4686.4414 232 204 181
614.6255 -571.3950 4686.4414 237 209 191
618.3848 -571.3950 4686.4414 239 213 196
622.1439 -571.3950 4686.4414 229 204 186
625.9031 -571.3950 4686.4414 187 166 135
631.5170 -573.0781 4700.2456 182 160 120
634.3530 -572.2354 4693.3335 174 151 104
639.0575 -573.0781 4700.2456 169 145 95
-180.8505 -537.2840 4377.8691 235 224 181
-177.0959 -536.5480 4371.8721 234 223 181
-173.5891 -536.5480 4371.8721 234 223 180
-170.3155 -537.2840 4377.8691 234 223 180
-166.8038 -537.2840 4377.8691 233 224 181
-163.2922 -537.2840 4377.8691 235 226 183
-159.5616 -536.5480 4371.8721 236 228 184
-156.0548 -536.5480 4371.8721 237 229 186
-152.7572 -537.2840 4377.8691 236 228 186
-149.4505 -538.0220 4383.8828 237 229 186
-146.3361 -539.5042 4395.9595 240 231 188
-142.8099 -539.5042 4395.9595 241 232 191
-139.2838 -539.5042 4395.9595 242 234 195
-135.9448 -540.2483 4402.0229 242 234 196
-132.2314 -539.5042 4395.9595 242 234 195
-129.0608 -540.9944 4408.1030 237 228 187
-125.5249 -540.9944 4408.1030 237 228 185
-121.9889 -540.9944 4408.1030 236 227 185
-118.4530 -540.9944 4408.1030 235 226 184
-114.9171 -540.9944 4408.1030 235 226 183
-111.5353 -541.7427 4414.2002 233 223 181
-107.8453 -540.9944 4408.1030 232 223 180
-104.3094 -540.9944 4408.1030 235 226 183
-100.6345 -540.2483 4402.0229 235 226 183
-97.2376 -540.9944 4408.1030 236 226 183
-93.4435 -539.5042 4395.9595 236 227 185
-89.9174 -539.5042 4395.9595 234 226 183
-86.2724 -538.7621 4389.9131 233 223 181
-82.7510 -538.7621 4389.9131 234 224 182
-79.1209 -538.0220 4383.8828 234 225 182
-75.5007 -537.2840 4377.8691 235 227 183
-68.6658 -538.7621 4389.9131 235 226 185
-65.0549 -538.0220 4383.8828 233 225 183
-61.6231 -538.7621 4389.9131 235 226 185
-58.1018 -538.7621 4389.9131 233 224 181
160.4611 -564.3804 4598.6553 168 169 104
163.9137 -563.5684 4592.0386 173 173 113
167.5971 -563.5684 4592.0386 170 169 111
171.2806 -563.5684 4592.0386 168 166 110
175.2162 -564.3804 4598.6553 167 166 110
178.6475 -563.5684 4592.0386 162 162 105
182.5937 -564.3804 4598.6553 161 161 97
186.2824 -564.3804 4598.6553 202 203 129
189.6979 -563.5684 4592.0386 225 225 150
193.3813 -563.5684 4592.0386 224 225 150
196.7816 -562.7587 4585.4409 223 224 149
200.4598 -562.7587 4585.4409 223 224 151
308.9109 -484.7525 3949.8352 207 199 148
312.8536 -485.9554 3959.6362 197 202 153
315.6382 -485.3532 3954.7295 187 204 151
324.3511 -484.1533 3944.9526 184 199 147
327.1111 -483.5556 3940.0825 193 209 158
330.2716 -483.5556 3940.0825 185 201 151
403.7209 -569.3024 4638.7598 184 201 154
407.4419 -569.3024 4638.7598 181 197 153
410.5661 -568.4761 4632.0273 187 202 160
414.2816 -568.4761 4632.0273 185 201 159
417.3913 -567.6522 4625.3140 186 202 160
420.4921 -566.8307 4618.6206 186 201 158
424.1969 -566.8307 4618.6206 184 199 156
428.5217 -567.6522 4625.3140 187 202 158
432.2319 -567.6522 4625.3140 184 198 153
436.5748 -568.4761 4632.0273 181 195 151
440.9303 -569.3024 4638.7598 184 200 155
445.2984 -570.1310 4645.5122 184 202 157
452.0930 -569.3024 4638.7598 184 201 159
455.8140 -569.3024 4638.7598 182 198 158
459.5349 -569.3024 4638.7598 180 196 153
464.6064 -570.9621 4652.2837 179 195 152
468.3382 -570.9621 4652.2837 179 194 150
472.0700 -570.9621 4652.2837 179 194 149
475.8018 -570.9621 4652.2837 192 209 164
479.5335 -570.9621 4652.2837 193 211 166
483.2653 -570.9621 4652.2837 191 209 167
486.9971 -570.9621 4652.2837 188 204 165
490.0146 -570.1310 4645.5122 185 200 161
493.7410 -570.1310 4645.5122 181 195 155
497.4673 -570.1310 4645.5122 182 195 155
500.4651 -569.3024 4638.7598 182 196 156
504.9200 -570.1310 4645.5122 184 197 158
507.9070 -569.3024 4638.7598 189 204 164
512.3727 -570.1310 4645.5122 177 191 153
515.3489 -569.3024 4638.7598 173 186 150
519.0698 -569.3024 4638.7598 183 198 159
522.7907 -569.3024 4638.7598 204 223 184
526.5117 -569.3024 4638.7598 204 225 188
531.0045 -570.1310 4645.5122 206 226 189
534.7308 -570.1310 4645.5122 192 199 166
538.4571 -570.1310 4645.5122 169 151 123
542.1834 -570.1310 4645.5122 177 146 116
546.7056 -570.9621 4652.2837 182 146 116
551.2410 -571.7957 4659.0757 187 150 121
555.7896 -572.6317 4665.8872 187 152 123
560.3514 -573.4701 4672.7188 205 168 136
564.9267 -574.3109 4679.5698 222 182 149
569.5154 -575.1542 4686.4414 224 184 151
572.4340 -574.3109 4679.5698 224 185 154
577.0338 -575.1542 4686.4414 222 183 152
581.6471 -576.0000 4693.3335 212 174 144
584.5521 -575.1542 4686.4414 199 165 137
588.3113 -575.1542 4686.4414 199 166 140
592.0705 -575.1542 4686.4414 203 170 143
595.8297 -575.1542 4686.4414 212 179 154
599.5888 -575.1542 4686.4414 190 159 137
603.3480 -575.1542 4686.4414 187 159 136
607.1072 -575.1542 4686.4414 198 172 149
610.8664 -575.1542 4686.4414 231 202 180
615.5294 -576.0000 4693.3335 236 208 188
618.3848 -575.1542 4686.4414 239 212 194
623.0588 -576.0000 4693.3335 230 204 187
626.8235 -576.0000 4693.3335 164 137 102
633.3826 -578.5524 4714.1309 166 138 88
636.2242 -577.6992 4707.1782 166 139 87
640.9454 -578.5524 4714.1309 167 141 88
-180.6027 -540.0548 4371.8721 234 224 180
-176.8536 -539.3160 4365.8916 234 224 182
-173.3516 -539.3160 4365.8916 234 225 180
-169.8495 -539.3160 4365.8916 233 225 179
-166.5753 -540.0548 4371.8721 234 226 181
-162.8454 -539.3160 4365.8916 234 225 182
-159.3434 -539.3160 4365.8916 236 225 183
-155.8413 -539.3160 4365.8916 237 228 186
-152.3393 -539.3160 4365.8916 238 227 185
-148.8372 -539.3160 4365.8916 238 229 186
-145.7339 -540.7957 4377.8691 238 230 188
-142.4176 -541.5385 4383.8828 240 231 190
-138.7106 -540.7957 4377.8691 241 232 192
-135.3846 -541.5385 4383.8828 241 233 194
-131.6872 -540.7957 4377.8691 241 233 193
-128.7052 -543.0303 4395.9595 238 229 187
-125.1791 -543.0303 4395.9595 236 227 184
-121.6529 -543.0303 4395.9595 235 227 184
-118.1267 -543.0303 4395.9595 234 225 182
-114.6006 -543.0303 4395.9595 232 224 178
-111.2276 -543.7794 4402.0229 231 223 179
-107.5482 -543.0303 4395.9595 232 223 180
-103.8790 -542.2834 4389.9131 233 224 181
-100.3576 -542.2834 4389.9131 235 226 182
-96.9697 -543.0303 4395.9595 235 226 183
-93.3150 -542.2834 4389.9131 236 227 184
-89.6703 -541.5385 4383.8828 233 224 181
-86.0357 -540.7957 4377.8691 232 223 179
-82.5240 -540.7957 4377.8691 234 225 182
-79.0123 -540.7957 4377.8691 235 227 185
-75.3973 -540.0548 4371.8721 237 230 188
-71.7921 -539.3160 4365.8916 237 229 187
-68.2900 -539.3160 4365.8916 233 225 182
-64.8767 -540.0548 4371.8721 232 224 181
-61.3699 -540.0548 4371.8721 232 224 182
-57.8630 -540.0548 4371.8721 231 224 180
131.9774 -556.8362 4507.7212 215 216 146
156.0976 -565.6241 4578.8618 226 225 150
160.2302 -567.2518 4592.0386 214 215 140
163.6782 -566.4368 4585.4409 199 200 127
167.3563 -566.4368 4585.4409 188 189 119
171.0345 -566.4368 4585.4409 182 183 114
174.9640 -567.2518 4592.0386 191 192 120
178.6475 -567.2518 4592.0386 205 206 131
182.3309 -567.2518 4592.0386 219 219 144
186.0144 -567.2518 4592.0386 225 225 150
189.6979 -567.2518 4592.0386 225 226 150
193.1035 -566.4368 4585.4409 225 225 150
196.4993 -565.6241 4578.8618 224 225 149
200.1722 -565.6241 4578.8618 224 225 150
203.8451 -565.6241 4578.8618 218 218 145
207.5179 -565.6241 4578.8618 208 209 137
211.1908 -565.6241 4578.8618 222 223 149
305.3647 -487.3177 3944.9526 208 191 139
308.5291 -487.3177 3944.9526 203 195 142
312.4659 -488.5254 3954.7295 197 202 152
315.2476 -487.9208 3949.8352 188 204 152
321.1866 -487.3177 3944.9526 180 196 145
323.9507 -486.7161 3940.0825 180 196 145
326.7078 -486.1159 3935.2241 191 208 157
329.8644 -486.1159 3935.2241 190 206 153
333.0210 -486.1159 3935.2241 170 185 134
410.5661 -572.1916 4632.0273 183 198 152
413.6812 -571.3624 4625.3140 183 199 152
416.7873 -570.5355 4618.6206 184 200 153
419.8844 -569.7111 4611.9463 188 205 158
423.5839 -569.7111 4611.9463 192 210 164
427.2833 -569.7111 4611.9463 192 212 166
430.3607 -568.8889 4605.2910 196 213 168
434.0548 -568.8889 4605.2910 186 202 157
439.6522 -571.3624 4625.3140 182 198 155
444.0058 -572.1916 4632.0273 186 201 159
450.7826 -571.3624 4625.3140 185 201 158
455.1525 -572.1916 4632.0273 179 195 152
459.5349 -573.0233 4638.7598 178 194 149
463.9302 -573.8574 4645.5122 178 194 149
466.9768 -573.0233 4638.7598 178 193 149
471.3829 -573.8574 4645.5122 179 194 149
474.4186 -573.0233 4638.7598 188 204 160
478.8356 -573.8574 4645.5122 194 210 167
483.2653 -574.6939 4652.2837 172 187 147
486.2882 -573.8574 4645.5122 167 180 142
490.0146 -573.8574 4645.5122 161 174 135
493.7410 -573.8574 4645.5122 182 194 153
496.7442 -573.0233 4638.7598 183 194 154
500.4651 -573.0233 4638.7598 183 196 159
504.1861 -573.0233 4638.7598 183 196 158
507.9070 -573.0233 4638.7598 185 200 160
511.6279 -573.0233 4638.7598 178 193 155
515.3489 -573.0233 4638.7598 173 186 151
519.0698 -573.0233 4638.7598 182 196 160
522.7907 -573.0233 4638.7598 200 218 180
526.5117 -573.0233 4638.7598 204 225 187
531.0045 -573.8574 4645.5122 205 226 189
534.7308 -573.8574 4645.5122 202 219 184
538.4571 -573.8574 4645.5122 165 153 121
541.3954 -573.0233 4638.7598 172 142 109
545.9099 -573.8574 4645.5122 178 144 114
551.2410 -575.5329 4659.0757 183 147 118
554.9781 -575.5329 4659.0757 187 152 122
560.3514 -577.2182 4672.7188 202 165 132
564.9267 -578.0645 4679.5698 219 179 146
568.6804 -578.0645 4679.5698 200 162 133
572.4340 -578.0645 4679.5698 187 150 122
577.0338 -578.9134 4686.4414 182 146 118
588.3113 -578.9134 4686.4414 198 166 138
599.5888 -578.9134 4686.4414 198 166 141
603.3480 -578.9134 4686.4414 190 159 135
607.1072 -578.9134 4686.4414 197 168 145
611.7648 -579.7648 4693.3335 228 199 177
615.5294 -579.7648 4693.3335 235 206 187
618.3848 -578.9134 4686.4414 238 211 194
623.0588 -579.7648 4693.3335 235 208 194
627.7467 -580.6186 4700.2456 172 143 113
633.3826 -582.3338 4714.1309 164 136 86
637.1640 -582.3338 4714.1309 162 133 83
641.8935 -583.1953 4721.1045 163 136 86
-180.6027 -543.5616 4371.8721 236 224 182
-176.8536 -542.8181 4365.8916 236 224 182
-173.3516 -542.8181 4365.8916 236 225 181
-169.8495 -542.8181 4365.8916 236 226 183
-166.3475 -542.8181 4365.8916 237 228 184
-162.6230 -542.0765 4359.9272 235 226 183
-159.1257 -542.0765 4359.9272 237 226 183
-155.6284 -542.0765 4359.9272 238 228 185
-152.1311 -542.0765 4359.9272 237 228 186
-148.6339 -542.0765 4359.9272 239 230 189
-145.5342 -543.5616 4371.8721 239 232 189
-142.0274 -543.5616 4371.8721 239 231 189
-138.5206 -543.5616 4371.8721 239 230 189
-135.0137 -543.5616 4371.8721 239 232 190
-131.5069 -543.5616 4371.8721 239 232 190
-128.3517 -545.0549 4383.8828 237 228 185
-124.8352 -545.0549 4383.8828 235 226 183
-121.3187 -545.0549 4383.8828 235 224 183
-117.8022 -545.0549 4383.8828 234 223 181
-114.2857 -545.0549 4383.8828 233 225 179
-110.9216 -545.8047 4389.9131 234 225 181
-107.4003 -545.8047 4389.9131 235 224 181
-103.7363 -545.0549 4383.8828 234 226 181
-100.2198 -545.0549 4383.8828 237 229 185
-96.7033 -545.0549 4383.8828 237 228 185
-93.0590 -544.3073 4377.8691 235 226 183
-89.4247 -543.5616 4371.8721 233 224 181
-85.9178 -543.5616 4371.8721 233 224 181
-82.4110 -543.5616 4371.8721 234 225 182
-78.9041 -543.5616 4371.8721 235 228 185
-75.2941 -542.8181 4365.8916 237 229 186
-71.5962 -541.3370 4353.9790 237 228 185
-68.1037 -541.3370 4353.9790 232 224 181
-64.6995 -542.0765 4359.9272 231 223 180
-61.1187 -541.3370 4353.9790 231 223 181
-57.7049 -542.0765 4359.9272 232 224 181
128.0000 -558.8732 4495.0234 228 227 152
131.6056 -558.8732 4495.0234 216 215 140
134.8315 -557.3033 4482.3970 223 222 146
138.6217 -558.0873 4488.7017 227 226 149
142.2222 -558.0873 4488.7017 229 227 152
145.6180 -557.3033 4482.3970 229 229 153
151.7714 -566.8572 4559.2383 228 228 153
155.8739 -568.4814 4572.3018 228 228 152
160.0000 -570.1150 4585.4409 227 227 150
163.6782 -570.1150 4585.4409 227 226 152
167.3563 -570.1150 4585.4409 227 226 151
171.0345 -570.1150 4585.4409 226 226 149
174.7127 -570.1150 4585.4409 226 226 149
178.3908 -570.1150 4585.4409 226 226 150
182.0690 -570.1150 4585.4409 226 226 149
185.7471 -570.1150 4585.4409 226 226 149
189.1535 -569.2970 4578.8618 226 226 151
192.8264 -569.2970 4578.8618 226 225 151
196.2178 -568.4814 4572.3018 225 225 151
199.8854 -568.4814 4572.3018 224 226 151
203.5530 -568.4814 4572.3018 219 221 147
206.9242 -567.6682 4565.7607 202 204 130
210.8882 -568.4814 4572.3018 222 222 148
214.2489 -567.6682 4565.7607 213 213 144
217.9113 -567.6682 4565.7607 199 201 135
221.2572 -566.8572 4559.2383 207 209 143
295.1418 -489.2726 3935.2241 206 179 127
298.2984 -489.2726 3935.2241 222 202 144
301.8272 -489.8766 3940.0825 222 213 147
305.3647 -490.4821 3944.9526 221 212 144
308.1482 -489.8766 3940.0825 217 211 141
311.6935 -490.4821 3944.9526 216 217 151
314.8578 -490.4821 3944.9526 210 217 153
318.0223 -490.4821 3944.9526 186 193 134
320.7902 -489.8766 3940.0825 162 170 119
323.5512 -489.2726 3935.2241 154 164 116
326.7078 -489.2726 3935.2241 161 169 121
329.8644 -489.2726 3935.2241 164 173 125
333.0210 -489.2726 3935.2241 153 164 115
336.1776 -489.2726 3935.2241 155 166 119
338.9163 -488.6700 3930.3777 173 184 133
341.6483 -488.0689 3925.5435 195 206 150
422.9726 -572.5830 4605.2910 201 215 162
426.6667 -572.5830 4605.2910 199 214 165
434.0548 -572.5830 4605.2910 197 209 160
439.0160 -574.2403 4618.6206 187 199 152
444.0058 -575.9072 4632.0273 188 200 155
451.4369 -575.9072 4632.0273 186 199 158
455.1525 -575.9072 4632.0273 179 191 148
458.8680 -575.9072 4632.0273 181 193 144
463.2558 -576.7442 4638.7598 184 196 147
466.2990 -575.9072 4632.0273 181 194 146
470.6977 -576.7442 4638.7598 179 193 148
473.7301 -575.9072 4632.0273 182 198 154
478.1396 -576.7442 4638.7598 188 204 161
482.5619 -577.5837 4645.5122 168 181 139
486.2882 -577.5837 4645.5122 173 186 145
489.3024 -576.7442 4638.7598 169 181 140
493.0233 -576.7442 4638.7598 177 188 146
496.7442 -576.7442 4638.7598 183 194 154
499.7388 -575.9072 4632.0273 185 199 160
504.1861 -576.7442 4638.7598 185 198 160
507.1699 -575.9072 4632.0273 183 197 157
511.6279 -576.7442 4638.7598 186 201 163
515.3489 -576.7442 4638.7598 177 191 155
518.3165 -575.9072 4632.0273 182 195 160
522.7907 -576.7442 4638.7598 192 208 171
525.7475 -575.9072 4632.0273 204 224 186
531.0045 -577.5837 4645.5122 205 226 188
534.7308 -577.5837 4645.5122 208 227 193
538.4571 -577.5837 4645.5122 169 168 136
541.3954 -576.7442 4638.7598 161 135 106
545.9099 -577.5837 4645.5122 173 140 112
550.4374 -578.4257 4652.2837 179 144 115
554.9781 -579.2701 4659.0757 186 151 120
560.3514 -580.9664 4672.7188 199 162 130
564.0996 -580.9664 4672.7188 209 170 139
567.8478 -580.9664 4672.7188 181 143 113
572.4340 -581.8182 4679.5698 186 150 117
577.0338 -582.6725 4686.4414 182 145 113
603.3480 -582.6725 4686.4414 187 153 128
607.1072 -582.6725 4686.4414 197 168 144
611.7648 -583.5294 4693.3335 226 196 174
615.5294 -583.5294 4693.3335 235 205 185
619.2942 -583.5294 4693.3335 237 210 190
623.9764 -584.3889 4700.2456 239 211 194
627.7467 -584.3889 4700.2456 181 152 127
634.3195 -586.9822 4721.1045 164 136 88
638.1066 -586.9822 4721.1045 162 133 82
643.7983 -588.7241 4735.1138 160 131 79
-265.2109 -495.4839 3959.6362 221 190 149
-262.0348 -495.4839 3959.6362 218 186 144
-250.2616 -497.3351 3974.4294 208 176 130
-180.6027 -547.0685 4371.8721 236 224 181
-176.8536 -546.3201 4365.8916 237 226 182
-173.3516 -546.3201 4365.8916 235 224 180
-169.6175 -545.5738 4359.9272 235 224 182
-166.1202 -545.5738 4359.9272 236 225 183
-162.6230 -545.5738 4359.9272 235 225 182
-158.9086 -544.8295 4353.9790 235 225 181
-155.4161 -544.8295 4353.9790 236 227 183
-151.9236 -544.8295 4353.9790 238 229 187
-148.6339 -545.5738 4359.9272 238 229 186
-145.3352 -546.3201 4365.8916 236 226 184
-141.8331 -546.3201 4365.8916 236 227 185
-138.3311 -546.3201 4365.8916 238 230 188
-134.8290 -546.3201 4365.8916 239 232 190
-131.3270 -546.3201 4365.8916 238 231 189
-128.0000 -547.0685 4371.8721 237 228 184
-124.4931 -547.0685 4371.8721 234 224 179
-121.1523 -547.8189 4377.8691 233 222 179
-117.6406 -547.8189 4377.8691 234 223 180
-114.1289 -547.8189 4377.8691 235 226 181
-110.7692 -548.5715 4383.8828 236 227 182
-107.2527 -548.5715 4383.8828 236 227 182
-103.4521 -547.0685 4371.8721 235 227 181
-99.9452 -547.0685 4371.8721 236 227 184
-96.4384 -547.0685 4371.8721 237 228 185
-92.9315 -547.0685 4371.8721 233 224 181
-89.4247 -547.0685 4371.8721 233 224 181
-85.8003 -546.3201 4365.8916 234 225 182
-82.2982 -546.3201 4365.8916 235 226 182
-78.7962 -546.3201 4365.8916 237 229 185
-75.1913 -545.5738 4359.9272 238 231 187
-71.5962 -544.8295 4353.9790 237 229 186
-68.0109 -544.0872 4348.0474 233 225 182
-64.6112 -544.8295 4353.9790 231 223 180
-61.0354 -544.0872 4348.0474 231 222 180
-57.5477 -544.0872 4348.0474 232 223 181
-54.1337 -544.8295 4353.9790 234 225 184
117.5141 -564.0678 4507.7212 207 207 139
120.6189 -561.6878 4488.7017 210 210 142
124.3944 -562.4789 4495.0234 205 205 134
127.8200 -561.6878 4488.7017 219 218 145
131.4205 -561.6878 4488.7017 229 227 152
135.0211 -561.6878 4488.7017 229 227 152
138.6217 -561.6878 4488.7017 228 227 151
142.2222 -561.6878 4488.7017 229 227 149
145.8228 -561.6878 4488.7017 229 228 152
150.4816 -565.6658 4520.4912 230 228 153
154.9858 -568.8890 4546.2490 230 228 153
159.0857 -570.5143 4559.2383 228 228 153
162.9757 -571.3305 4565.7607 228 228 153
166.6381 -571.3305 4565.7607 228 227 151
170.5444 -572.1490 4572.3018 227 226 150
174.2120 -572.1490 4572.3018 226 226 150
178.1349 -572.9699 4578.8618 226 225 149
182.0690 -573.7932 4585.4409 226 225 150
185.4806 -572.9699 4578.8618 226 226 152
188.8825 -572.1490 4572.3018 226 226 152
192.2747 -571.3305 4565.7607 226 225 152
195.9371 -571.3305 4565.7607 225 225 152
199.5994 -571.3305 4565.7607 225 226 153
203.2618 -571.3305 4565.7607 224 226 151
206.6286 -570.5143 4559.2383 224 225 150
210.5866 -571.3305 4565.7607 219 220 149
213.9429 -570.5143 4559.2383 202 203 133
217.6000 -570.5143 4559.2383 201 202 134
220.9415 -569.7004 4552.7344 207 209 143
224.5934 -569.7004 4552.7344 206 208 143
228.2454 -569.7004 4552.7344 184 187 122
231.5670 -568.8890 4546.2490 192 195 135
268.8943 -490.6143 3920.7207 228 223 146
272.3739 -491.2177 3925.5435 199 197 131
275.8621 -491.8227 3930.3777 183 183 120
279.0148 -491.8227 3930.3777 190 190 126
282.5154 -492.4291 3935.2241 211 210 145
285.3202 -491.8227 3930.3777 216 215 149
288.8286 -492.4291 3935.2241 226 223 153
291.9852 -492.4291 3935.2241 204 201 134
295.1418 -492.4291 3935.2241 207 205 138
298.2984 -492.4291 3935.2241 224 222 148
301.8272 -493.0371 3940.0825 225 222 148
304.9877 -493.0371 3940.0825 228 225 148
308.1482 -493.0371 3940.0825 230 226 147
311.6935 -493.6465 3944.9526 229 226 148
314.4692 -493.0371 3940.0825 230 226 149
317.6296 -493.0371 3940.0825 226 224 150
320.7902 -493.0371 3940.0825 209 210 141
323.5512 -492.4291 3935.2241 195 196 130
326.3054 -491.8227 3930.3777 187 187 122
329.4581 -491.8227 3930.3777 177 180 115
332.6108 -491.8227 3930.3777 182 185 118
335.7635 -491.8227 3930.3777 197 197 126
338.4994 -491.2177 3925.5435 215 213 139
341.2285 -490.6143 3920.7207 222 222 150
344.3735 -490.6143 3920.7207 217 219 150
347.9459 -491.2177 3925.5435 221 221 151
350.2332 -490.0123 3915.9102 226 225 152
354.2436 -491.2177 3925.5435 226 224 149
356.5154 -490.0123 3915.9102 226 224 149
455.8140 -580.4651 4638.7598 193 197 137
458.8680 -579.6227 4632.0273 213 215 147
462.5835 -579.6227 4632.0273 217 216 145
466.2990 -579.6227 4632.0273 212 213 145
470.0145 -579.6227 4632.0273 188 195 141
473.0435 -578.7827 4625.3140 180 195 150
477.4456 -579.6227 4632.0273 185 200 156
481.8605 -580.4651 4638.7598 172 185 142
485.5814 -580.4651 4638.7598 174 186 145
488.5922 -579.6227 4632.0273 172 184 144
492.3077 -579.6227 4632.0273 170 183 142
495.3044 -578.7827 4625.3140 182 194 154
499.0145 -578.7827 4625.3140 186 198 160
502.7247 -578.7827 4625.3140 185 200 161
506.4348 -578.7827 4625.3140 186 198 159
510.8854 -579.6227 4632.0273 192 207 167
514.6010 -579.6227 4632.0273 178 194 156
517.5652 -578.7827 4625.3140 175 189 151
522.0320 -579.6227 4632.0273 185 200 163
524.9855 -578.7827 4625.3140 205 223 185
529.4630 -579.6227 4632.0273 206 226 187
533.1786 -579.6227 4632.0273 208 228 192
537.6744 -580.4651 4638.7598 188 196 164
540.6096 -579.6227 4632.0273 155 135 104
545.1163 -580.4651 4638.7598 162 131 101
549.6362 -581.3101 4645.5122 175 141 112
554.1691 -582.1574 4652.2837 185 149 122
559.5322 -583.8597 4665.8872 193 156 129
563.2749 -583.8597 4665.8872 195 156 125
567.8478 -584.7145 4672.7188 181 145 114
571.5959 -584.7145 4672.7188 185 148 117
576.1877 -585.5718 4679.5698 186 150 119
603.3480 -586.4318 4686.4414 184 151 124
607.1072 -586.4318 4686.4414 196 166 141
611.7648 -587.2941 4693.3335 222 192 168
616.4360 -588.1591 4700.2456 235 204 183
619.2942 -587.2941 4693.3335 237 209 188
623.9764 -588.1591 4700.2456 240 213 195
627.7467 -588.1591 4700.2456 185 158 138
633.3826 -589.8966 4714.1309 155 125 80
638.1066 -590.7692 4721.1045 156 125 74
642.8445 -591.6445 4728.0991 157 126 74
-267.7228 -497.4258 3949.8352 243 208 178
-264.8823 -498.0421 3954.7295 242 208 177
-261.7101 -498.0421 3954.7295 243 207 176
-257.9224 -503.0288 3994.3264 223 190 159
-253.4496 -500.5231 3974.4294 216 186 156
-250.2616 -500.5231 3974.4294 233 199 172
-246.4596 -499.2795 3964.5549 228 195 169
-242.9777 -498.6601 3959.6362 228 196 170
-240.0994 -499.2795 3964.5549 200 172 142
-180.1093 -549.0710 4359.9272 235 224 180
-176.3711 -548.3220 4353.9790 235 224 180
-173.1148 -549.0710 4359.9272 235 224 179
-169.3861 -548.3220 4353.9790 234 224 180
-165.8936 -548.3220 4353.9790 234 223 180
-162.4011 -548.3220 4353.9790 235 223 181
-158.6921 -547.5750 4348.0474 236 225 183
-155.4161 -548.3220 4353.9790 237 226 184
-151.7166 -547.5750 4348.0474 236 227 185
-148.4311 -548.3220 4353.9790 236 225 183
-145.3352 -549.8222 4365.8916 238 225 183
-141.8331 -549.8222 4365.8916 236 226 184
-138.3311 -549.8222 4365.8916 236 226 184
-134.8290 -549.8222 4365.8916 235 226 184
-131.3270 -549.8222 4365.8916 236 227 185
-128.0000 -550.5754 4371.8721 236 225 182
-124.4931 -550.5754 4371.8721 233 222 178
-120.9863 -550.5754 4371.8721 232 222 180
-117.6406 -551.3306 4377.8691 234 225 182
-114.1289 -551.3306 4377.8691 235 226 183
-110.7692 -552.0880 4383.8828 234 225 182
-107.2527 -552.0880 4383.8828 237 228 185
-103.5940 -551.3306 4377.8691 236 227 184
-99.9452 -550.5754 4371.8721 237 228 185
-96.4384 -550.5754 4371.8721 234 225 182
-92.9315 -550.5754 4371.8721 233 224 181
-89.3023 -549.8222 4365.8916 235 226 183
-85.8003 -549.8222 4365.8916 236 227 184
-82.2982 -549.8222 4365.8916 236 227 184
-78.7962 -549.8222 4365.8916 239 230 188
-75.1913 -549.0710 4359.9272 236 229 186
-71.4986 -547.5750 4348.0474 232 225 182
-68.0109 -547.5750 4348.0474 232 223 180
-64.5232 -547.5750 4348.0474 231 222 179
-60.9524 -546.8300 4342.1318 230 221 177
-57.4694 -546.8300 4342.1318 232 223 179
-53.9864 -546.8300 4342.1318 233 224 182
117.5141 -567.6837 4507.7212 199 198 129
120.7887 -566.0845 4495.0234 212 210 142
124.3944 -566.0845 4495.0234 206 206 138
128.0000 -566.0845 4495.0234 208 208 136
131.4205 -565.2884 4488.7017 215 215 141
135.0211 -565.2884 4488.7017 227 225 151
138.6217 -565.2884 4488.7017 230 228 153
142.2222 -565.2884 4488.7017 230 227 152
145.8228 -565.2884 4488.7017 229 227 150
150.0565 -567.6837 4507.7212 230 228 151
154.1077 -569.2918 4520.4912 230 229 153
157.7337 -569.2918 4520.4912 229 229 154
161.5887 -570.0993 4526.9033 229 228 153
164.9858 -569.2918 4520.4912 229 227 150
169.3315 -571.7213 4539.7822 228 226 149
173.4665 -573.3524 4552.7344 227 225 148
177.6252 -574.9929 4565.7607 227 225 148
181.2876 -574.9929 4565.7607 226 225 149
184.9499 -574.9929 4565.7607 226 225 151
188.6123 -574.9929 4565.7607 226 225 152
192.0000 -574.1715 4559.2383 224 226 151
195.6572 -574.1715 4559.2383 225 226 151
199.3143 -574.1715 4559.2383 225 226 151
202.9714 -574.1715 4559.2383 226 225 152
206.6286 -574.1715 4559.2383 220 220 148
210.2857 -574.1715 4559.2383 203 205 132
213.9429 -574.1715 4559.2383 202 203 131
217.6000 -574.1715 4559.2383 204 205 135
220.9415 -573.3524 4552.7344 207 209 141
224.2735 -572.5357 4546.2490 212 214 147
227.9202 -572.5357 4546.2490 190 191 126
231.2376 -571.7213 4539.7822 186 189 127
234.5455 -570.9091 4533.3335 204 209 144
265.7494 -493.7592 3920.7207 232 226 147
269.2251 -494.3666 3925.5435 227 223 144
272.7094 -494.9754 3930.3777 197 196 128
276.2022 -495.5857 3935.2241 183 183 119
279.3589 -495.5857 3935.2241 187 188 121
282.5154 -495.5857 3935.2241 212 213 147
285.6720 -495.5857 3935.2241 215 215 148
288.8286 -495.5857 3935.2241 225 225 152
291.9852 -495.5857 3935.2241 210 210 140
295.1418 -495.5857 3935.2241 211 210 142
298.2984 -495.5857 3935.2241 221 218 146
301.8272 -496.1976 3940.0825 224 222 144
304.9877 -496.1976 3940.0825 226 224 145
308.1482 -496.1976 3940.0825 229 225 146
311.3087 -496.1976 3940.0825 230 226 146
314.4692 -496.1976 3940.0825 226 224 149
317.2380 -495.5857 3935.2241 214 213 148
320.0000 -494.9754 3930.3777 205 206 147
323.1527 -494.9754 3930.3777 198 201 142
325.9041 -494.3666 3925.5435 199 201 142
329.0529 -494.3666 3925.5435 201 203 142
331.7936 -493.7592 3920.7207 203 205 142
335.3506 -494.3666 3925.5435 207 209 146
338.0836 -493.7592 3920.7207 196 197 138
340.8098 -493.1534 3915.9102 177 178 121
344.3735 -493.7592 3920.7207 212 215 148
347.5184 -493.7592 3920.7207 226 227 154
349.8040 -492.5491 3911.1113 230 228 153
354.2436 -494.3666 3925.5435 228 226 148
356.5154 -493.1534 3915.9102 229 226 149
360.0983 -493.7592 3920.7207 212 211 138
364.1379 -494.9754 3930.3777 205 206 138
366.8389 -494.3666 3925.5435 202 203 132
369.5332 -493.7592 3920.7207 217 216 143
373.1366 -494.3666 3925.5435 207 206 136
376.2854 -494.3666 3925.5435 208 208 143
378.9681 -493.7592 3920.7207 186 188 123
462.5835 -583.3383 4632.0273 225 222 147
465.6232 -582.4928 4625.3140 222 221 144
470.0145 -583.3383 4632.0273 193 200 141
473.0435 -582.4928 4625.3140 179 194 149
477.4456 -583.3383 4632.0273 189 204 160
481.8605 -584.1861 4638.7598 188 202 159
484.8767 -583.3383 4632.0273 174 187 145
487.8841 -582.4928 4625.3140 169 182 139
491.5942 -582.4928 4625.3140 169 183 139
495.3044 -582.4928 4625.3140 186 198 157
498.2924 -581.6498 4618.6206 185 197 160
501.9971 -581.6498 4618.6206 188 201 162
505.7019 -581.6498 4618.6206 186 199 159
510.1450 -582.4928 4625.3140 188 203 164
513.8551 -582.4928 4625.3140 180 195 158
516.8162 -581.6498 4618.6206 174 189 152
521.2754 -582.4928 4625.3140 183 196 162
524.2258 -581.6498 4618.6206 202 219 181
528.6957 -582.4928 4625.3140 206 226 188
532.4058 -582.4928 4625.3140 206 227 191
536.8941 -583.3383 4632.0273 203 217 184
539.8261 -582.4928 4625.3140 159 146 115
544.3251 -583.3383 4632.0273 171 140 110
548.0407 -583.3383 4632.0273 179 144 114
552.5582 -584.1861 4638.7598 184 148 119
558.7154 -586.7446 4659.0757 190 155 125
563.2749 -587.6024 4665.8872 210 173 140
567.0176 -587.6024 4665.8872 189 151 118
571.5959 -588.4628 4672.7188 185 149 114
576.1877 -589.3255 4679.5698 184 150 116
603.3480 -590.1909 4686.4414 190 157 129
607.1072 -590.1909 4686.4414 194 164 138
612.6658 -591.9293 4700.2456 216 186 160
616.4360 -591.9293 4700.2456 233 202 179
619.2942 -591.0589 4693.3335 236 207 186
623.0588 -591.0589 4693.3335 241 214 196
626.8235 -591.0589 4693.3335 193 167 149
631.5170 -591.9293 4700.2456 150 118 74
637.1640 -593.6780 4714.1309 153 118 66
641.8935 -594.5562 4721.1045 153 120 66
-267.7228 -500.5941 3949.8352 241 216 175
-264.8823 -501.2144 3954.7295 241 216 176
-261.7101 -501.2144 3954.7295 241 217 174
-258.8586 -501.8362 3959.6362 232 208 164
-257.6000 -505.6000 3989.3335 220 198 151
-253.4496 -503.7112 3974.4294 207 184 143
-249.9503 -503.0846 3969.4861 216 193 160
-246.4596 -502.4597 3964.5549 206 182 152
-242.9777 -501.8362 3959.6362 202 180 148
-239.8015 -501.8362 3959.6362 189 170 132
-236.3321 -501.2144 3954.7295 193 176 136
-179.8636 -551.8145 4353.9790 236 220 179
-176.1308 -551.0627 4348.0474 229 213 175
-172.6431 -551.0627 4348.0474 225 212 176
-168.9252 -550.3130 4342.1318 228 216 178
-165.6676 -551.0627 4348.0474 232 219 180
-162.1798 -551.0627 4348.0474 235 220 181
-158.4762 -550.3130 4342.1318 236 222 182
-155.2044 -551.0627 4348.0474 236 222 184
-151.7166 -551.0627 4348.0474 234 222 182
-148.2289 -551.0627 4348.0474 236 224 182
-145.3352 -553.3243 4365.8916 238 224 182
-141.6393 -552.5684 4359.9272 237 226 184
-138.1421 -552.5684 4359.9272 238 227 185
-134.8290 -553.3243 4365.8916 237 227 185
-131.1475 -552.5684 4359.9272 235 225 184
-128.0000 -554.0822 4371.8721 235 225 185
-124.4931 -554.0822 4371.8721 234 223 182
-120.9863 -554.0822 4371.8721 234 224 182
-117.6406 -554.8422 4377.8691 236 226 183
-114.1289 -554.8422 4377.8691 235 225 183
-110.7692 -555.6044 4383.8828 236 226 184
-107.2527 -555.6044 4383.8828 235 226 184
-103.5940 -554.8422 4377.8691 234 225 182
-99.9452 -554.0822 4371.8721 235 225 182
-96.4384 -554.0822 4371.8721 235 225 182
-92.8044 -553.3243 4365.8916 234 225 179
-89.3023 -553.3243 4365.8916 233 225 180
-85.6831 -552.5684 4359.9272 234 225 182
-82.1858 -552.5684 4359.9272 234 225 182
-78.6885 -552.5684 4359.9272 233 225 182
-75.0887 -551.8145 4353.9790 233 224 181
-71.4986 -551.0627 4348.0474 231 222 179
-67.9184 -550.3130 4342.1318 231 222 179
-64.3478 -549.5652 4336.2319 231 222 179
-60.7870 -548.8195 4330.3481 230 222 178
-57.3134 -548.8195 4330.3481 233 224 180
-53.8399 -548.8195 4330.3481 234 225 182
81.3965 -504.3392 3979.3850 227 223 147
84.6941 -504.9688 3984.3530 227 223 148
87.7806 -504.3392 3979.3850 228 228 152
91.0862 -504.9688 3984.3530 229 227 151
94.4000 -505.6000 3989.3335 228 226 149
124.3944 -569.6901 4495.0234 208 208 135
127.8200 -568.8890 4488.7017 211 210 136
131.4205 -568.8890 4488.7017 209 209 134
135.0211 -568.8890 4488.7017 209 209 136
138.6217 -568.8890 4488.7017 220 219 147
142.2222 -568.8890 4488.7017 227 227 153
145.8228 -568.8890 4488.7017 229 228 153
149.8449 -570.4937 4501.3638 229 228 153
153.6723 -571.2994 4507.7212 230 229 155
157.0663 -570.4937 4501.3638 229 229 155
160.9040 -571.2994 4507.7212 229 228 153
164.2878 -570.4937 4501.3638 228 227 151
177.1184 -577.0043 4552.7344 227 225 149
181.0286 -577.8286 4559.2383 225 225 149
184.6857 -577.8286 4559.2383 225 226 151
188.6123 -578.6553 4565.7607 225 225 152
191.7261 -577.0043 4552.7344 225 226 152
195.3780 -577.0043 4552.7344 225 226 151
199.0300 -577.0043 4552.7344 223 224 150
202.6819 -577.0043 4552.7344 213 214 144
206.3338 -577.0043 4552.7344 202 203 134
209.9857 -577.0043 4552.7344 203 204 132
213.6377 -577.0043 4552.7344 204 206 133
217.2896 -577.0043 4552.7344 204 205 135
220.6268 -576.1824 4546.2490 204 206 140
223.9545 -575.3628 4539.7822 212 214 148
227.5960 -575.3628 4539.7822 191 192 129
230.9091 -574.5455 4533.3335 186 188 126
234.2128 -573.7306 4526.9033 198 202 142
263.2513 -498.1281 3930.3777 235 223 157
266.0763 -497.5154 3925.5435 230 226 147
269.5566 -498.1281 3930.3777 227 223 143
273.0456 -498.7423 3935.2241 198 194 123
276.2022 -498.7423 3935.2241 180 179 113
279.3589 -498.7423 3935.2241 188 188 121
282.5154 -498.7423 3935.2241 212 212 147
285.6720 -498.7423 3935.2241 212 211 145
288.8286 -498.7423 3935.2241 224 223 150
291.9852 -498.7423 3935.2241 220 220 147
294.7783 -498.1281 3930.3777 198 198 130
298.2984 -498.7423 3935.2241 211 210 143
301.8272 -499.3581 3940.0825 225 224 150
304.6116 -498.7423 3935.2241 226 223 146
307.7682 -498.7423 3935.2241 229 225 146
310.9248 -498.7423 3935.2241 229 225 146
314.0814 -498.7423 3935.2241 217 214 140
316.8473 -498.1281 3930.3777 172 170 104
320.0000 -498.1281 3930.3777 144 142 84
322.7553 -497.5154 3925.5435 137 133 79
325.9041 -497.5154 3925.5435 131 127 75
328.6487 -496.9042 3920.7207 129 126 77
331.7936 -496.9042 3920.7207 127 126 80
334.9386 -496.9042 3920.7207 127 128 84
337.6687 -496.2945 3915.9102 129 131 85
339.9755 -495.0796 3906.3240 150 153 100
343.9509 -496.2945 3915.9102 214 215 147
347.0920 -496.2945 3915.9102 231 230 156
349.8040 -495.6863 3911.1113 230 228 154
353.8084 -496.9042 3920.7207 229 227 149
356.0785 -495.6863 3911.1113 229 226 149
360.0983 -496.9042 3920.7207 213 211 139
363.6901 -497.5154 3925.5435 212 211 145
366.8389 -497.5154 3925.5435 206 206 137
368.6275 -495.6863 3911.1113 220 219 146
372.6781 -496.9042 3920.7207 209 207 135
375.8231 -496.9042 3920.7207 209 211 142
378.5031 -496.2945 3915.9102 182 184 121
381.1765 -495.6863 3911.1113 184 186 125
494.5876 -585.3546 4618.6206 193 207 165
497.5723 -584.5087 4611.9463 181 195 156
520.5210 -585.3546 4618.6206 180 194 158
523.4683 -584.5087 4611.9463 193 210 172
527.9306 -585.3546 4618.6206 205 225 187
531.6354 -585.3546 4618.6206 206 227 188
535.3401 -585.3546 4618.6206 209 225 190
539.0449 -585.3546 4618.6206 176 171 140
543.5363 -586.2029 4625.3140 174 145 114
547.2464 -586.2029 4625.3140 179 146 115
550.9565 -586.2029 4625.3140 182 147 116
557.9009 -589.6210 4652.2837 190 153 123
562.4526 -590.4818 4659.0757 213 176 142
566.1898 -590.4818 4659.0757 211 172 138
570.7603 -591.3451 4665.8872 195 156 121
575.3441 -592.2109 4672.7188 194 157 121
579.9414 -593.0792 4679.5698 204 166 131
598.7097 -593.0792 4679.5698 210 174 145
603.3480 -593.9501 4686.4414 189 154 128
607.1072 -593.9501 4686.4414 192 161 135
612.6658 -595.6996 4700.2456 210 179 153
616.4360 -595.6996 4700.2456 233 201 177
619.2942 -594.8235 4693.3335 236 206 186
626.8235 -594.8235 4693.3335 206 181 163
587.2942 -528.7321 4171.8521 178 151 109
591.4136 -529.4241 4177.3125 202 174 132
597.3334 -528.7321 4171.8521 155 125 70
600.6798 -528.7321 4171.8521 157 125 69
604.0262 -528.7321 4171.8521 157 127 71
608.1676 -529.4241 4177.3125 156 124 70
610.7190 -528.7321 4171.8521 155 125 69
-270.2223 -502.5186 3940.0825 243 238 166
-267.7228 -503.7624 3949.8352 241 238 165
-264.5545 -503.7624 3949.8352 241 238 166
-261.7101 -504.3867 3954.7295 241 237 164
-258.5378 -504.3867 3954.7295 240 237 165
-256.9576 -507.5312 3979.3850 239 236 164
-253.1344 -506.2687 3969.4861 232 228 155
-249.9503 -506.2687 3969.4861 224 221 149
-246.4596 -505.6398 3964.5549 219 216 144
-242.9777 -505.0125 3959.6362 219 215 142
-240.0994 -505.6398 3964.5549 224 220 149
-236.3321 -504.3867 3954.7295 232 229 159
-232.8713 -503.7624 3949.8352 233 231 162
-230.5590 -505.6398 3964.5549 234 231 163
-179.3742 -553.7960 4342.1318 237 206 173
-175.4138 -552.2931 4330.3481 212 183 151
-172.1739 -553.0435 4336.2319 200 171 141
-168.4668 -552.2931 4330.3481 207 178 149
-165.2174 -553.0435 4336.2319 228 197 169
-161.7391 -553.0435 4336.2319 230 199 168
-158.2609 -553.0435 4336.2319 237 207 177
-154.9932 -553.7960 4342.1318 218 190 158
-151.3044 -553.0435 4336.2319 226 197 167
-148.0272 -553.7960 4342.1318 239 209 179
-145.1366 -556.0656 4359.9272 240 210 178
-141.6393 -556.0656 4359.9272 240 210 178
-138.1421 -556.0656 4359.9272 240 211 179
-134.8290 -556.8263 4365.8916 239 211 177
-131.1475 -556.0656 4359.9272 205 180 152
-128.0000 -557.5891 4371.8721 187 163 140
-124.4931 -557.5891 4371.8721 220 197 169
-120.9863 -557.5891 4371.8721 221 197 167
-117.6406 -558.3539 4377.8691 194 172 144
-114.1289 -558.3539 4377.8691 186 168 141
-110.7692 -559.1209 4383.8828 190 173 143
-107.2527 -559.1209 4383.8828 194 176 146
-103.5940 -558.3539 4377.8691 209 192 162
-99.9452 -557.5891 4371.8721 230 212 178
-96.4384 -557.5891 4371.8721 234 216 179
-92.8044 -556.8263 4365.8916 233 214 176
-89.3023 -556.8263 4365.8916 235 217 179
-85.5662 -555.3070 4353.9790 234 218 179
-82.1858 -556.0656 4359.9272 231 215 177
-78.6885 -556.0656 4359.9272 230 217 180
-74.9864 -554.5504 4348.0474 233 219 180
-71.4014 -553.7960 4342.1318 231 219 181
-67.8261 -553.0435 4336.2319 229 218 178
-64.2605 -552.2931 4330.3481 229 218 179
-60.7046 -551.5447 4324.4805 228 218 179
-57.2358 -551.5447 4324.4805 231 221 182
-53.7669 -551.5447 4324.4805 234 224 182
-50.3663 -552.2931 4330.3481 235 223 182
49.3532 -506.2687 3969.4861 222 151 132
52.5373 -506.2687 3969.4861 238 146 133
55.6522 -505.6398 3964.5549 246 164 146
58.8323 -505.6398 3964.5549 240 184 158
62.0124 -505.6398 3964.5549 239 212 176
65.2736 -506.2687 3969.4861 233 221 180
68.6284 -507.5312 3979.3850 229 219 174
71.7310 -506.8992 3974.4294 229 220 173
74.9191 -506.8992 3974.4294 226 220 167
78.3021 -508.1648 3984.3530 227 223 153
81.2952 -506.8992 3974.4294 227 223 148
84.5885 -507.5312 3979.3850 226 223 148
87.6712 -506.8992 3974.4294 229 227 154
90.9726 -507.5312 3979.3850 229 227 153
94.1646 -507.5312 3979.3850 229 226 151
124.2194 -572.4895 4488.7017 208 208 136
127.6405 -571.6854 4482.3970 204 204 133
131.2360 -571.6854 4482.3970 209 207 135
134.8315 -571.6854 4482.3970 210 210 138
138.4270 -571.6854 4482.3970 208 208 136
142.0225 -571.6854 4482.3970 210 210 139
145.6180 -571.6854 4482.3970 213 214 144
149.4234 -572.4895 4488.7017 219 219 149
153.2394 -573.2958 4495.0234 224 225 154
156.6245 -572.4895 4488.7017 226 227 155
160.2251 -572.4895 4488.7017 228 227 154
163.5955 -571.6854 4482.3970 228 226 153
167.6620 -573.2958 4495.0234 226 227 152
171.5092 -574.1044 4501.3638 225 226 151
175.6153 -575.7285 4514.0972 225 226 152
179.4901 -576.5439 4520.4912 224 225 151
183.6364 -578.1818 4533.3335 223 223 151
187.8063 -579.8291 4546.2490 220 221 152
190.9091 -578.1818 4533.3335 213 215 146
195.0997 -579.8291 4546.2490 207 208 140
198.4637 -579.0043 4539.7822 201 202 137
202.1053 -579.0043 4539.7822 203 204 135
205.7468 -579.0043 4539.7822 206 206 136
209.3884 -579.0043 4539.7822 205 206 135
213.0299 -579.0043 4539.7822 206 207 137
216.6714 -579.0043 4539.7822 204 206 137
220.0000 -578.1818 4533.3335 202 204 138
223.3192 -577.3618 4526.9033 210 212 146
226.9504 -577.3618 4526.9033 199 201 137
230.2550 -576.5439 4520.4912 186 190 128
233.5502 -575.7285 4514.0972 194 198 140
260.0985 -501.2808 3930.3777 226 220 172
263.5759 -501.8989 3935.2241 231 229 163
266.4039 -501.2808 3930.3777 227 224 146
269.5566 -501.2808 3930.3777 229 223 141
273.0456 -501.8989 3935.2241 198 193 122
276.2022 -501.8989 3935.2241 180 181 116
279.3589 -501.8989 3935.2241 183 185 118
282.5154 -501.8989 3935.2241 211 213 146
285.3202 -501.2808 3930.3777 204 202 135
288.4729 -501.2808 3930.3777 216 214 142
291.6256 -501.2808 3930.3777 224 222 150
294.7783 -501.2808 3930.3777 217 214 143
297.9310 -501.2808 3930.3777 208 206 131
301.4550 -501.8989 3935.2241 226 224 147
304.6116 -501.8989 3935.2241 229 226 148
307.7682 -501.8989 3935.2241 230 225 145
310.5419 -501.2808 3930.3777 228 225 144
313.6946 -501.2808 3930.3777 230 227 149
316.0688 -500.0491 3920.7207 204 203 132
319.6064 -500.6643 3925.5435 179 179 114
321.9632 -499.4356 3915.9102 199 198 130
325.1043 -499.4356 3915.9102 194 193 121
327.8432 -498.8235 3911.1113 186 186 113
330.5753 -498.2130 3906.3240 181 182 109
334.1177 -498.8235 3911.1113 177 177 106
336.8421 -498.2130 3906.3240 170 171 102
339.5599 -497.6040 3901.5486 166 166 98
343.1089 -498.2130 3906.3240 214 212 140
346.6667 -498.8235 3911.1113 231 229 154
349.3758 -498.2130 3906.3240 231 229 154
353.3743 -499.4356 3915.9102 231 228 154
355.6426 -498.2130 3906.3240 228 225 151
359.6565 -499.4356 3915.9102 209 208 136
363.2433 -500.0491 3920.7207 208 208 140
365.9387 -499.4356 3915.9102 210 211 139
368.1763 -498.2130 3906.3240 222 221 148
372.2209 -499.4356 3915.9102 211 210 141
375.3620 -499.4356 3915.9102 211 212 146
378.5031 -499.4356 3915.9102 190 191 127
381.1765 -498.8235 3911.1113 182 182 121
383.8434 -498.2130 3906.3240 191 193 130
387.4510 -498.8235 3911.1113 219 221 150
389.6333 -497.6040 3901.5486 226 225 152
393.2436 -498.2130 3906.3240 225 224 149
396.8628 -498.8235 3911.1113 203 208 144
399.0220 -497.6040 3901.5486 183 194 149
534.5665 -588.2081 4611.9463 207 226 190
538.2659 -588.2081 4611.9463 194 201 169
542.7497 -589.0594 4618.6206 175 152 119
546.4545 -589.0594 4618.6206 182 147 116
549.3642 -588.2081 4611.9463 181 145 115
556.2791 -591.6279 4638.7598 180 144 117
561.6326 -593.3528 4652.2837 212 173 138
564.5416 -592.4891 4645.5122 218 177 144
597.8331 -595.9590 4672.7188 212 178 146
602.4633 -596.8329 4679.5698 182 151 124
606.2170 -596.8329 4679.5698 187 156 130
583.1854 -531.3839 4166.4058 178 150 130
586.5275 -531.3839 4166.4058 192 164 144
590.6406 -532.0785 4171.8521 220 191 169
593.2115 -531.3839 4166.4058 211 182 157
596.5536 -531.3839 4166.4058 156 127 85
599.8956 -531.3839 4166.4058 153 121 68
603.2377 -531.3839 4166.4058 154 123 66
607.3726 -532.0785 4171.8521 155 123 65
609.9218 -531.3839 4166.4058 154 123 65
613.2637 -531.3839 4166.4058 154 123 66
-273.7206 -506.3041 3944.9526 241 239 169
-270.2223 -505.6790 3940.0825 242 240 166
-267.3918 -506.3041 3944.9526 241 239 165
-264.5545 -506.9307 3949.8352 241 239 164
-261.7101 -507.5589 3954.7295 241 238 163
-258.5378 -507.5589 3954.7295 226 224 154
-256.6376 -510.0872 3974.4294 215 213 152
-252.8199 -508.8199 3964.5549 211 210 151
-249.6398 -508.8199 3964.5549 210 209 150
-246.1539 -508.1886 3959.6362 208 207 148
-242.9777 -508.1886 3959.6362 207 204 144
-239.8015 -508.1886 3959.6362 207 203 144
-236.3321 -507.5589 3954.7295 206 203 146
-232.8713 -506.9307 3949.8352 190 189 131
-229.9876 -507.5589 3954.7295 202 201 141
-174.9391 -554.2626 4318.6289 210 177 143
-171.7073 -555.0135 4324.4805 195 165 134
-168.0108 -554.2626 4318.6289 202 170 141
-164.9932 -555.7666 4330.3481 228 195 165
-161.5197 -555.7666 4330.3481 231 196 168
-158.0461 -555.7666 4330.3481 239 207 178
-154.7826 -556.5218 4336.2319 224 192 162
-150.8943 -555.0135 4324.4805 220 185 158
-147.8261 -556.5218 4336.2319 242 206 178
-144.9386 -558.7994 4353.9790 243 207 176
-141.4461 -558.7994 4353.9790 243 207 176
-138.1421 -559.5629 4359.9272 243 207 177
-134.6448 -559.5629 4359.9272 242 206 177
-131.1475 -559.5629 4359.9272 196 164 135
-128.0000 -561.0959 4371.8721 148 121 94
-124.3229 -560.3283 4365.8916 198 170 147
-120.8208 -560.3283 4365.8916 182 152 130
-117.4795 -561.0959 4371.8721 169 139 109
-114.1289 -561.8656 4377.8691 210 180 145
-110.6173 -561.8656 4377.8691 218 186 150
-107.2527 -562.6374 4383.8828 205 175 140
-103.4521 -561.0959 4371.8721 173 145 116
-99.9452 -561.0959 4371.8721 193 164 139
-96.3064 -560.3283 4365.8916 237 205 178
-92.6776 -559.5629 4359.9272 240 206 175
-89.1803 -559.5629 4359.9272 239 204 174
-85.4496 -558.0381 4348.0474 239 206 175
-81.9619 -558.0381 4348.0474 231 198 169
-78.5812 -558.7994 4353.9790 224 194 166
-74.8844 -557.2790 4342.1318 223 192 163
-71.1111 -555.0135 4324.4805 229 199 170
-67.5508 -554.2626 4318.6289 219 188 158
-64.0000 -553.5135 4312.7930 212 185 156
-60.5405 -553.5135 4312.7930 199 173 144
-57.0041 -552.7665 4306.9727 206 181 154
-53.6216 -553.5135 4312.7930 229 202 173
-50.1622 -553.5135 4312.7930 237 208 176
-46.7027 -553.5135 4312.7930 236 209 176
-43.3018 -554.2626 4318.6289 236 211 177
-7.9110 -506.3041 3944.9526 234 225 179
-4.7525 -506.9307 3949.8352 234 217 176
-1.5822 -506.3041 3944.9526 239 215 179
4.7584 -507.5589 3954.7295 235 150 134
27.0984 -510.0872 3974.4294 231 144 131
30.2488 -509.4528 3969.4861 232 142 130
33.4745 -510.0872 3974.4294 231 140 127
36.6169 -509.4528 3969.4861 238 155 140
42.9317 -508.8199 3964.5549 231 160 139
46.1692 -509.4528 3969.4861 232 168 141
49.3532 -509.4528 3969.4861 232 166 137
52.5373 -509.4528 3969.4861 235 170 138
55.5831 -508.1886 3959.6362 241 184 147
58.8323 -508.8199 3964.5549 235 180 142
61.9355 -508.1886 3959.6362 232 186 145
65.1926 -508.8199 3964.5549 227 200 156
68.5430 -510.0872 3974.4294 223 212 163
71.6418 -509.4528 3969.4861 224 216 164
74.8259 -509.4528 3969.4861 225 221 163
78.1071 -510.0872 3974.4294 220 220 152
81.1940 -509.4528 3969.4861 217 217 148
84.4832 -510.0872 3974.4294 205 205 135
87.5622 -509.4528 3969.4861 211 212 146
90.7463 -509.4528 3969.4861 221 221 151
93.9304 -509.4528 3969.4861 230 228 155
127.4614 -574.4741 4476.1104 200 200 130
131.0519 -574.4741 4476.1104 205 204 135
134.6424 -574.4741 4476.1104 205 207 141
138.2328 -574.4741 4476.1104 208 209 141
141.8233 -574.4741 4476.1104 208 212 143
145.4138 -574.4741 4476.1104 209 211 142
149.2135 -575.2809 4482.3970 205 206 138
152.8090 -575.2809 4482.3970 206 207 139
156.4045 -575.2809 4482.3970 205 207 140
159.7756 -574.4741 4476.1104 205 209 145
163.3661 -574.4741 4476.1104 206 210 145
167.1910 -575.2809 4482.3970 205 210 141
171.0267 -576.0901 4488.7017 206 210 138
174.8732 -576.9014 4495.0234 207 209 139
178.4789 -576.9014 4495.0234 204 208 142
187.2727 -581.8182 4533.3335 201 203 137
190.3683 -580.1700 4520.4912 195 198 132
194.2695 -580.9929 4526.9033 201 204 135
197.9007 -580.9929 4526.9033 203 205 135
201.5319 -580.9929 4526.9033 203 206 137
205.1631 -580.9929 4526.9033 202 206 139
208.7943 -580.9929 4526.9033 202 206 140
212.4256 -580.9929 4526.9033 200 204 139
216.0568 -580.9929 4526.9033 202 204 138
219.3768 -580.1700 4520.4912 200 202 136
222.6874 -579.3494 4514.0972 208 210 146
226.3083 -579.3494 4514.0972 207 209 145
229.6045 -578.5311 4507.7212 186 189 125
232.8914 -577.7151 4501.3638 192 196 137
260.0985 -504.4335 3930.3777 225 182 147
263.5759 -505.0555 3935.2241 235 228 161
266.4039 -504.4335 3930.3777 227 225 147
269.5566 -504.4335 3930.3777 229 224 142
272.7094 -504.4335 3930.3777 200 197 126
276.2022 -505.0555 3935.2241 179 178 114
279.3589 -505.0555 3935.2241 187 186 119
282.5154 -505.0555 3935.2241 213 212 148
285.3202 -504.4335 3930.3777 205 204 139
288.4729 -504.4335 3930.3777 201 201 133
291.6256 -504.4335 3930.3777 223 222 150
294.4158 -503.8131 3925.5435 228 225 152
297.5646 -503.8131 3925.5435 230 228 152
301.4550 -505.0555 3935.2241 229 227 149
304.2365 -504.4335 3930.3777 231 227 148
307.3892 -504.4335 3930.3777 230 226 147
310.1599 -503.8131 3925.5435 230 226 146
313.3087 -503.8131 3925.5435 231 228 149
315.6810 -502.5767 3915.9102 229 227 151
318.8221 -502.5767 3915.9102 225 223 147
321.1750 -501.3464 3906.3240 231 229 153
324.7059 -501.9608 3911.1113 228 225 147
327.4419 -501.3464 3906.3240 226 224 144
330.1712 -500.7335 3901.5486 227 226 145
333.7087 -501.3464 3906.3240 228 226 147
336.8421 -501.3464 3906.3240 226 223 146
339.1453 -500.1221 3896.7849 208 207 129
343.1089 -501.3464 3906.3240 224 222 142
346.2424 -501.3464 3906.3240 231 228 151
348.9487 -500.7335 3901.5486 231 228 150
352.5092 -501.3464 3906.3240 232 229 155
355.2078 -500.7335 3901.5486 226 224 149
358.7760 -501.3464 3906.3240 213 212 141
362.7976 -502.5767 3915.9102 203 203 133
365.0428 -501.3464 3906.3240 220 220 147
367.2772 -500.1221 3896.7849 216 215 145
371.3097 -501.3464 3906.3240 206 208 141
374.4431 -501.3464 3906.3240 211 212 149
377.5765 -501.3464 3906.3240 187 187 126
380.2445 -500.7335 3901.5486 183 184 125
383.3741 -500.7335 3901.5486 190 193 131
386.5037 -500.7335 3901.5486 219 220 150
389.1575 -500.1221 3896.7849 226 225 153
392.7628 -500.7335 3901.5486 224 222 147
395.8925 -500.7335 3901.5486 205 208 141
398.5348 -500.1221 3896.7849 184 195 149
541.9653 -591.9075 4611.9463 178 160 132
544.8774 -591.0534 4605.2910 185 150 119
548.5714 -591.0534 4605.2910 189 152 118
553.8640 -592.7642 4618.6206 191 154 120
561.6326 -597.0845 4652.2837 212 176 141
558.7565 -530.5699 4134.0244 199 169 150
562.0726 -530.5699 4134.0244 212 182 157
564.6572 -529.8836 4128.6763 224 191 168
568.7047 -530.5699 4134.0244 209 179 158
572.7627 -531.2582 4139.3862 202 173 151
576.8312 -531.9481 4144.7622 197 169 149
581.6667 -533.3333 4155.5557 179 152 132
584.2393 -532.6398 4150.1519 190 162 141
588.3334 -533.3333 4155.5557 213 184 163
591.6667 -533.3333 4155.5557 227 197 176
595.0001 -533.3333 4155.5557 171 141 109
598.3334 -533.3333 4155.5557 153 120 68
601.6667 -533.3333 4155.5557 152 121 63
605.7888 -534.0287 4160.9736 155 121 64
608.3334 -533.3333 4155.5557 154 122 66
611.6667 -533.3333 4155.5557 153 121 63
616.6058 -534.7259 4166.4058 152 121 61
619.1396 -534.0287 4160.9736 152 120 61
-275.8621 -507.5862 3930.3777 217 216 148
-273.3827 -508.8396 3940.0825 238 238 169
-269.8890 -508.2121 3935.2241 241 239 167
-267.3918 -509.4685 3944.9526 242 240 166
-264.2274 -509.4685 3944.9526 242 239 165
-261.3862 -510.0990 3949.8352 241 239 163
-258.2178 -510.0990 3949.8352 216 213 138
-256.0000 -512.0001 3964.5549 175 173 104
-252.8199 -512.0001 3964.5549 166 164 99
-249.6398 -512.0001 3964.5549 166 164 97
-246.1539 -511.3648 3959.6362 167 163 98
-242.6766 -510.7311 3954.7295 167 163 97
-239.5043 -510.7311 3954.7295 166 162 96
-236.0396 -510.0990 3949.8352 165 162 98
-232.5835 -509.4685 3944.9526 167 165 103
-229.7030 -510.0990 3949.8352 198 196 133
-174.7027 -556.9730 4312.7930 215 181 147
-171.4750 -557.7267 4318.6289 195 165 133
-167.7838 -556.9730 4312.7930 197 167 135
-164.5467 -557.7267 4318.6289 226 193 163
-161.3008 -558.4824 4324.4805 229 194 164
-157.8320 -558.4824 4324.4805 241 206 175
-154.3631 -558.4824 4324.4805 230 194 161
-150.4865 -556.9730 4312.7930 222 186 156
-147.4255 -558.4824 4324.4805 238 202 173
-144.7411 -561.5259 4348.0474 244 207 177
-141.0612 -560.7620 4342.1318 244 207 175
-137.9536 -562.2920 4353.9790 244 206 174
-134.6448 -563.0602 4359.9272 244 206 175
-131.1475 -563.0602 4359.9272 211 176 143
-127.8249 -563.8304 4365.8916 161 130 96
-124.3229 -563.8304 4365.8916 163 134 103
-120.8208 -563.8304 4365.8916 163 134 105
-117.4795 -564.6027 4371.8721 181 151 124
-113.9726 -564.6027 4371.8721 232 199 172
-110.6173 -565.3773 4377.8691 216 182 155
-107.1056 -565.3773 4377.8691 174 142 117
-103.4521 -564.6027 4371.8721 166 138 111
-99.8085 -563.8304 4365.8916 187 159 129
-96.1749 -563.0602 4359.9272 237 205 175
-92.6776 -563.0602 4359.9272 241 207 178
-89.0587 -562.2920 4353.9790 241 205 176
-85.2174 -560.0000 4336.2319 239 205 175
-81.8503 -560.7620 4342.1318 231 198 168
-78.3674 -560.7620 4342.1318 217 185 158
-74.5799 -558.4824 4324.4805 214 181 152
-70.9189 -556.9730 4312.7930 229 197 168
-67.3684 -556.2214 4306.9727 218 184 154
-63.9136 -556.2214 4306.9727 216 184 156
-60.3774 -555.4717 4301.1680 193 161 132
-56.9272 -555.4717 4301.1680 206 176 149
-53.5493 -556.2214 4306.9727 224 194 166
-50.0945 -556.2214 4306.9727 240 207 179
-11.0617 -508.8396 3940.0825 231 226 175
-7.9012 -508.8396 3940.0825 234 228 177
-4.7466 -509.4685 3944.9526 226 217 167
-1.5802 -508.8396 3940.0825 226 215 164
1.5802 -508.8396 3940.0825 233 216 162
4.7525 -510.0990 3949.8352 236 210 156
7.9110 -509.4685 3944.9526 238 212 156
11.1028 -510.7311 3954.7295 237 211 153
17.5124 -512.6368 3969.4861 237 215 156
20.6452 -511.3648 3959.6362 227 204 146
23.8806 -512.6368 3969.4861 207 183 128
27.0311 -512.0001 3964.5549 193 171 120
30.2112 -512.0001 3964.5549 184 164 111
33.4328 -512.6368 3969.4861 181 162 108
36.5714 -512.0001 3964.5549 187 172 116
39.7516 -512.0001 3964.5549 200 186 127
42.9317 -512.0001 3964.5549 219 209 145
46.1118 -512.0001 3964.5549 233 226 162
49.2919 -512.0001 3964.5549 234 230 163
52.4721 -512.0001 3964.5549 235 230 162
55.5831 -511.3648 3959.6362 235 230 161
58.7593 -511.3648 3959.6362 235 230 159
61.9355 -511.3648 3959.6362 233 231 162
65.1117 -511.3648 3959.6362 221 220 154
68.4577 -512.6368 3969.4861 214 214 148
71.5528 -512.0001 3964.5549 214 213 147
74.7329 -512.0001 3964.5549 225 226 160
78.0100 -512.6368 3969.4861 215 216 150
81.0932 -512.0001 3964.5549 217 217 154
84.2733 -512.0001 3964.5549 200 200 138
87.3449 -511.3648 3959.6362 201 202 143
90.5211 -511.3648 3959.6362 215 215 152
93.6973 -511.3648 3959.6362 232 231 161
127.2829 -577.2549 4469.8413 204 204 130
130.6853 -576.4476 4463.5898 207 205 131
134.4538 -577.2549 4469.8413 203 202 129
138.0392 -577.2549 4469.8413 210 210 137
141.6247 -577.2549 4469.8413 216 216 143
145.2101 -577.2549 4469.8413 218 218 144
149.0042 -578.0645 4476.1104 215 218 141
152.5947 -578.0645 4476.1104 216 219 145
156.1851 -578.0645 4476.1104 207 208 139
159.5518 -577.2549 4469.8413 205 206 135
163.1373 -577.2549 4469.8413 208 209 137
166.9565 -578.0645 4476.1104 207 207 134
170.5470 -578.0645 4476.1104 205 205 133
174.3820 -578.8765 4482.3970 203 203 132
177.9775 -578.8765 4482.3970 204 204 133
182.0845 -580.5070 4495.0234 203 204 132
186.2147 -582.1469 4507.7212 203 203 132
189.5628 -581.3259 4501.3638 200 202 132
193.4463 -582.1469 4507.7212 213 214 144
197.3409 -582.9703 4514.0972 219 219 146
200.6780 -582.1469 4507.7212 220 220 149
204.2938 -582.1469 4507.7212 221 221 150
207.9096 -582.1469 4507.7212 220 222 150
211.5254 -582.1469 4507.7212 208 210 140
215.1412 -582.1469 4507.7212 200 202 133
218.4485 -581.3259 4501.3638 202 204 137
222.0593 -581.3259 4501.3638 207 208 146
225.6700 -581.3259 4501.3638 214 215 152
228.9578 -580.5070 4495.0234 192 194 129
232.2363 -579.6906 4488.7017 188 192 133
260.0985 -507.5862 3930.3777 226 190 141
263.2513 -507.5862 3930.3777 235 229 158
266.0763 -506.9619 3925.5435 230 227 150
269.2251 -506.9619 3925.5435 229 224 144
272.7094 -507.5862 3930.3777 203 201 129
275.8621 -507.5862 3930.3777 177 178 113
279.0148 -507.5862 3930.3777 186 186 118
282.1675 -507.5862 3930.3777 211 212 145
284.9693 -506.9619 3925.5435 206 206 140
287.7641 -506.3391 3920.7207 194 194 128
291.2669 -506.9619 3925.5435 211 210 142
293.6933 -505.7178 3915.9102 226 223 151
296.8344 -505.7178 3915.9102 228 225 150
300.7134 -506.9619 3925.5435 228 225 147
303.4890 -506.3391 3920.7207 231 226 147
306.6339 -506.3391 3920.7207 230 226 146
309.7789 -506.3391 3920.7207 229 227 147
312.5399 -505.7178 3915.9102 231 228 150
314.9082 -504.4799 3906.3240 233 230 152
318.0416 -504.4799 3906.3240 234 231 155
320.3907 -503.2479 3896.7849 234 231 157
323.9120 -503.8631 3901.5486 229 227 149
327.0416 -503.8631 3901.5486 227 224 143
329.7680 -503.2479 3896.7849 229 226 146
333.3008 -503.8631 3901.5486 231 228 151
336.0196 -503.2479 3896.7849 231 228 152
339.1453 -503.2479 3896.7849 231 228 149
342.2711 -503.2479 3896.7849 231 228 149
345.8191 -503.8631 3901.5486 231 228 152
348.5226 -503.2479 3896.7849 230 227 150
352.0782 -503.8631 3901.5486 231 228 153
354.7741 -503.2479 3896.7849 230 228 154
357.8999 -503.2479 3896.7849 223 221 147
361.9094 -504.4799 3906.3240 214 213 137
364.5966 -503.8631 3901.5486 226 225 152
366.8293 -502.6342 3892.0327 207 206 138
370.4030 -503.2479 3896.7849 205 207 141
373.5287 -503.2479 3896.7849 210 211 146
376.6545 -503.2479 3896.7849 190 190 129
379.3171 -502.6342 3892.0327 185 187 125
382.4391 -502.6342 3892.0327 189 192 132
385.5610 -502.6342 3892.0327 217 218 153
388.2095 -502.0219 3887.2920 225 223 152
391.8049 -502.6342 3892.0327 223 222 146
394.9268 -502.6342 3892.0327 208 210 142
397.5640 -502.0219 3887.2920 185 197 149
560.0001 -599.0698 4638.7598 227 189 160
541.4748 -533.1954 4128.6763 230 193 170
545.4922 -533.8860 4134.0244 230 193 169
548.0984 -533.1954 4128.6763 227 192 169
551.4102 -533.1954 4128.6763 225 191 168
554.7219 -533.1954 4128.6763 221 186 163
558.0336 -533.1954 4128.6763 204 173 148
561.3455 -533.1954 4128.6763 218 185 161
564.6572 -533.1954 4128.6763 223 190 168
567.9690 -533.1954 4128.6763 199 168 148
572.0208 -533.8860 4134.0244 201 173 149
576.0831 -534.5785 4139.3862 206 179 156
580.1559 -535.2728 4144.7622 179 150 130
583.4806 -535.2728 4144.7622 184 155 134
586.8052 -535.2728 4144.7622 200 170 150
590.1299 -535.2728 4144.7622 230 198 177
593.4546 -535.2728 4144.7622 198 168 144
596.7793 -535.2728 4144.7622 153 121 73
600.1039 -535.2728 4144.7622 151 120 61
604.2133 -535.9688 4150.1519 152 120 63
607.5423 -535.9688 4150.1519 152 121 65
609.2867 -534.5785 4139.3862 151 121 65
614.2003 -535.9688 4150.1519 151 119 63
615.9274 -534.5785 4139.3862 150 118 61
-275.5228 -510.1107 3925.5435 221 219 147
-273.0456 -511.3687 3935.2241 236 234 163
-269.5566 -510.7389 3930.3777 241 239 166
-267.0617 -512.0001 3940.0825 241 239 166
-263.9012 -512.0001 3940.0825 242 240 167
-261.0630 -512.6329 3944.9526 242 239 167
-257.8987 -512.6329 3944.9526 237 235 162
-255.3656 -513.9034 3954.7295 207 207 134
-252.1933 -513.9034 3954.7295 220 220 149
-249.0211 -513.9034 3954.7295 231 229 154
-245.5446 -513.2674 3949.8352 231 230 154
-242.0766 -512.6329 3944.9526 232 232 159
-238.9123 -512.6329 3944.9526 232 232 159
-235.7478 -512.6329 3944.9526 232 232 158
-232.2963 -512.0001 3940.0825 210 208 136
-229.4190 -512.6329 3944.9526 215 214 141
-225.9753 -512.0001 3940.0825 239 237 164
-190.2703 -509.4840 3920.7207 202 202 136
-180.6135 -508.8589 3915.9102 239 237 170
-167.3315 -558.9218 4301.1680 197 166 135
-164.1026 -559.6761 4306.9727 224 190 160
-160.8649 -560.4324 4312.7930 225 188 158
-157.4054 -560.4324 4312.7930 237 200 171
-153.9460 -560.4324 4312.7930 239 203 171
-150.0809 -558.9218 4301.1680 222 188 157
-147.0270 -560.4324 4312.7930 227 193 163
-144.3478 -563.4783 4336.2319 241 206 177
-140.4878 -561.9512 4324.4805 242 205 174
-137.3913 -563.4783 4336.2319 245 206 175
-134.2779 -565.0137 4348.0474 244 207 175
-130.7902 -565.0137 4348.0474 240 205 173
-127.6503 -566.5574 4359.9272 235 200 167
-123.9836 -565.7845 4353.9790 231 197 163
-120.4911 -565.7845 4353.9790 227 195 159
-117.3188 -567.3325 4365.8916 226 193 157
-113.8167 -567.3325 4365.8916 232 197 165
-110.4658 -568.1096 4371.8721 235 200 168
-106.9589 -568.1096 4371.8721 214 181 146
-103.3105 -567.3325 4365.8916 213 181 147
-99.6721 -566.5574 4359.9272 232 199 167
-96.0437 -565.7845 4353.9790 240 207 177
-92.4251 -565.0137 4348.0474 240 207 178
-88.8163 -564.2450 4342.1318 241 207 176
-84.9865 -561.9512 4324.4805 240 206 176
-81.5176 -561.9512 4324.4805 230 195 166
-78.0488 -561.9512 4324.4805 218 187 158
-74.3784 -560.4324 4312.7930 216 184 153
-70.7278 -558.9218 4301.1680 232 197 170
-67.2776 -558.9218 4301.1680 219 186 156
-63.8275 -558.9218 4301.1680 222 188 161
-60.2961 -558.1696 4295.3794 195 166 138
-56.8506 -558.1696 4295.3794 200 171 147
-53.4771 -558.9218 4301.1680 221 191 165
-50.0270 -558.9218 4301.1680 240 209 181
-14.2222 -512.0001 3940.0825 227 226 162
-11.0617 -512.0001 3940.0825 230 228 163
-7.9012 -512.0001 3940.0825 237 235 168
-4.7407 -512.0001 3940.0825 218 215 150
-1.5783 -511.3687 3935.2241 219 216 151
1.5783 -511.3687 3935.2241 238 234 165
4.7466 -512.6329 3944.9526 238 235 164
7.9012 -512.0001 3940.0825 237 235 164
11.0891 -513.2674 3949.8352 236 233 162
14.2928 -514.5410 3959.6362 236 234 160
17.4907 -515.1801 3964.5549 234 232 161
20.6196 -513.9034 3954.7295 232 230 163
23.8213 -514.5410 3959.6362 229 229 162
26.9975 -514.5410 3959.6362 228 227 161
30.1737 -514.5410 3959.6362 227 227 161
33.3913 -515.1801 3964.5549 227 226 160
36.5714 -515.1801 3964.5549 225 226 159
39.7516 -515.1801 3964.5549 226 226 161
42.9317 -515.1801 3964.5549 213 212 152
46.1118 -515.1801 3964.5549 200 200 139
49.2919 -515.1801 3964.5549 228 228 161
52.4721 -515.1801 3964.5549 234 232 161
55.5143 -513.9034 3954.7295 234 231 161
58.6865 -513.9034 3954.7295 234 232 160
61.8587 -513.9034 3954.7295 234 232 161
65.0310 -513.9034 3954.7295 217 217 149
68.3727 -515.1801 3964.5549 218 219 151
71.4640 -514.5410 3959.6362 219 220 152
74.6402 -514.5410 3959.6362 228 228 163
77.9130 -515.1801 3964.5549 216 215 150
80.9926 -514.5410 3959.6362 220 219 155
84.1687 -514.5410 3959.6362 198 198 136
87.2367 -513.9034 3954.7295 202 204 141
90.4089 -513.9034 3954.7295 212 213 147
120.1121 -580.8404 4469.8413 194 194 121
123.6975 -580.8404 4469.8413 214 213 141
126.9274 -579.2180 4457.3560 209 207 134
130.5028 -579.2180 4457.3560 208 206 131
134.0782 -579.2180 4457.3560 206 203 128
137.8462 -580.0280 4463.5898 218 217 143
141.4266 -580.0280 4463.5898 228 226 150
145.0070 -580.0280 4463.5898 230 230 156
148.7955 -580.8404 4469.8413 228 228 154
152.1678 -580.0280 4463.5898 226 225 150
155.9664 -580.8404 4469.8413 219 218 144
159.3287 -580.0280 4463.5898 203 204 133
162.9091 -580.0280 4463.5898 204 205 136
166.7227 -580.8404 4469.8413 201 203 135
170.3081 -580.8404 4469.8413 198 199 133
174.1375 -581.6550 4476.1104 194 197 131
177.7279 -581.6550 4476.1104 197 199 130
181.5730 -582.4719 4482.3970 200 200 129
185.6901 -584.1127 4495.0234 202 201 130
189.0296 -583.2912 4488.7017 200 201 131
193.1735 -584.9366 4501.3638 208 209 143
196.7842 -584.9366 4501.3638 203 204 135
200.3949 -584.9366 4501.3638 201 202 132
203.7183 -584.1127 4495.0234 204 205 136
207.6164 -584.9366 4501.3638 212 213 145
210.9296 -584.1127 4495.0234 210 212 146
214.8378 -584.9366 4501.3638 201 203 138
218.1408 -584.1127 4495.0234 204 205 138
221.7465 -584.1127 4495.0234 206 207 141
225.0352 -583.2912 4488.7017 213 214 150
228.3146 -582.4719 4482.3970 195 197 133
231.9101 -582.4719 4482.3970 188 193 131
259.4595 -509.4840 3920.7207 230 216 162
262.9275 -510.1107 3925.5435 233 230 158
265.7494 -509.4840 3920.7207 231 230 154
268.8943 -509.4840 3920.7207 229 225 143
272.0393 -509.4840 3920.7207 206 202 126
275.5228 -510.1107 3925.5435 185 182 116
278.3293 -509.4840 3920.7207 184 184 116
281.4742 -509.4840 3920.7207 209 209 141
284.2700 -508.8589 3915.9102 204 203 137
287.0588 -508.2354 3911.1113 196 196 130
290.5522 -508.8589 3915.9102 198 196 128
292.6161 -506.9927 3901.5486 216 213 142
295.7457 -506.9927 3901.5486 225 223 150
299.6078 -508.2354 3911.1113 225 223 148
302.0049 -506.9927 3901.5486 228 224 148
305.5080 -507.6133 3906.3240 230 227 149
308.2641 -506.9927 3901.5486 229 227 147
311.0135 -506.3737 3896.7849 231 228 150
313.7561 -505.7562 3892.0327 232 229 149
316.8781 -505.7562 3892.0327 233 231 154
320.0000 -505.7562 3892.0327 234 231 156
323.1220 -505.7562 3892.0327 231 228 151
326.2439 -505.7562 3892.0327 228 224 145
329.3659 -505.7562 3892.0327 229 225 146
332.4878 -505.7562 3892.0327 232 229 152
335.6098 -505.7562 3892.0327 232 229 154
338.3192 -505.1401 3887.2920 231 229 151
341.8537 -505.7562 3892.0327 231 228 151
344.9756 -505.7562 3892.0327 231 228 152
348.0976 -505.7562 3892.0327 229 226 149
351.6484 -506.3737 3896.7849 230 228 150
353.9099 -505.1401 3887.2920 231 228 153
357.0280 -505.1401 3887.2920 229 227 151
361.0257 -506.3737 3896.7849 229 225 151
363.7073 -505.7562 3892.0327 220 218 150
365.9368 -504.5256 3882.5630 201 203 136
369.5006 -505.1401 3887.2920 206 208 143
372.6188 -505.1401 3887.2920 209 210 146
375.7369 -505.1401 3887.2920 190 191 130
378.3942 -504.5256 3882.5630 185 188 129
381.5085 -504.5256 3882.5630 192 194 138
384.6229 -504.5256 3882.5630 215 216 152
387.2661 -503.9125 3877.8455 224 223 152
390.8516 -504.5256 3882.5630 225 223 148
393.4873 -503.9125 3877.8455 213 214 144
396.5978 -503.9125 3877.8455 188 199 148
482.0566 -533.0592 4102.1426 222 185 160
524.2378 -535.8140 4123.3423 232 191 164
526.1856 -534.4330 4112.7148 232 191 164
530.1677 -535.1226 4118.0215 233 192 166
533.4710 -535.1226 4118.0215 233 193 168
537.4678 -535.8140 4123.3423 231 193 169
541.4748 -536.5071 4128.6763 230 193 170
544.7866 -536.5071 4128.6763 229 192 169
547.3902 -535.8140 4123.3423 227 192 169
550.6978 -535.8140 4123.3423 226 191 167
554.0052 -535.8140 4123.3423 225 188 164
557.3127 -535.8140 4123.3423 205 172 145
560.6202 -535.8140 4123.3423 211 179 151
563.9277 -535.8140 4123.3423 220 189 166
567.2352 -535.8140 4123.3423 196 166 146
571.2808 -536.5071 4128.6763 197 169 145
574.5925 -536.5071 4128.6763 205 178 154
578.6529 -537.2021 4134.0244 185 157 136
581.9690 -537.2021 4134.0244 179 149 129
585.2850 -537.2021 4134.0244 195 167 145
588.6011 -537.2021 4134.0244 226 195 172
591.9172 -537.2021 4134.0244 221 191 168
595.2332 -537.2021 4134.0244 160 129 91
598.5493 -537.2021 4134.0244 152 120 65
602.6460 -537.8989 4139.3862 152 120 63
605.9663 -537.8989 4139.3862 153 120 64
607.7103 -536.5071 4128.6763 151 119 64
611.8135 -537.2021 4134.0244 151 119 63
614.3338 -536.5071 4128.6763 151 119 61
617.6456 -536.5071 4128.6763 152 120 63
-275.1843 -512.6290 3920.7207 241 239 164
-272.7094 -513.8917 3930.3777 242 240 165
-269.2251 -513.2596 3925.5435 241 239 166
-266.4039 -513.8917 3930.3777 241 239 166
-263.5759 -514.5253 3935.2241 242 240 167
-260.7408 -515.1605 3940.0825 242 239 166
-257.2627 -514.5253 3935.2241 242 238 166
-254.7343 -515.7973 3944.9526 240 238 164
-251.5699 -515.7973 3944.9526 240 238 163
-248.4054 -515.7973 3944.9526 241 238 163
-244.9383 -515.1605 3940.0825 240 238 164
-241.7778 -515.1605 3940.0825 240 238 164
-238.6173 -515.1605 3940.0825 240 238 164
-235.4568 -515.1605 3940.0825 239 238 163
-231.7241 -513.8917 3930.3777 239 237 162
-229.1358 -515.1605 3940.0825 239 236 163
-225.4187 -513.8917 3930.3777 239 237 163
-193.1779 -512.0001 3915.9102 212 212 147
-190.0368 -512.0001 3915.9102 203 204 139
-186.6667 -511.3726 3911.1113 210 211 143
-180.1714 -510.7466 3906.3240 238 238 169
-160.4313 -562.3719 4301.1680 220 185 153
-157.1930 -563.1309 4306.9727 218 183 154
-153.7382 -563.1309 4306.9727 240 204 173
-149.8789 -561.6151 4295.3794 238 203 170
-146.8286 -563.1309 4306.9727 235 201 167
-144.1520 -566.1873 4330.3481 243 207 178
-140.1081 -563.8919 4312.7930 242 205 173
-137.0190 -565.4200 4324.4805 243 204 172
-134.0953 -567.7280 4342.1318 245 206 175
-130.6123 -567.7280 4342.1318 243 207 178
-127.4761 -569.2769 4353.9790 243 207 176
-123.9836 -569.2769 4353.9790 243 206 175
-120.3270 -568.5014 4348.0474 243 206 176
-116.9986 -569.2769 4353.9790 242 206 175
-113.6612 -570.0547 4359.9272 241 206 176
-110.3146 -570.8345 4365.8916 241 206 177
-106.8126 -570.8345 4365.8916 241 206 177
-103.1694 -570.0547 4359.9272 241 206 176
-99.5361 -569.2769 4353.9790 242 207 177
-95.7823 -567.7280 4342.1318 241 207 177
-92.1739 -566.9565 4336.2319 241 207 176
-88.5753 -566.1873 4330.3481 241 206 176
-84.8715 -564.6550 4318.6289 240 205 175
-81.2973 -563.8919 4312.7930 223 188 159
-77.8378 -563.8919 4312.7930 221 190 161
-74.2780 -563.1309 4306.9727 217 186 157
-70.6326 -561.6151 4295.3794 235 200 172
-67.0968 -560.8602 4289.6060 221 189 160
-63.7416 -561.6151 4295.3794 225 194 167
-60.2151 -560.8602 4289.6060 197 169 140
-56.7742 -560.8602 4289.6060 198 170 142
-53.4051 -561.6151 4295.3794 211 184 157
-14.2047 -514.5253 3935.2241 228 224 158
-11.0481 -514.5253 3935.2241 229 226 159
-7.8915 -514.5253 3935.2241 238 236 166
-4.7349 -514.5253 3935.2241 227 225 158
-1.5764 -513.8917 3930.3777 220 220 155
1.5764 -513.8917 3930.3777 230 229 163
4.7407 -515.1605 3940.0825 238 236 167
7.8915 -514.5253 3935.2241 238 236 166
11.0617 -515.1605 3940.0825 235 233 161
14.2398 -515.7973 3944.9526 236 234 159
17.4473 -517.0756 3954.7295 223 220 149
20.5686 -515.7973 3944.9526 185 182 118
23.7918 -517.0756 3954.7295 164 162 102
26.9307 -516.4357 3949.8352 164 160 101
30.0990 -516.4357 3949.8352 163 161 101
33.3086 -517.0756 3954.7295 160 159 101
36.4808 -517.0756 3954.7295 160 158 103
39.6530 -517.0756 3954.7295 157 156 101
42.8253 -517.0756 3954.7295 154 153 97
45.9975 -517.0756 3954.7295 173 171 114
49.2308 -517.7172 3959.6362 225 223 160
52.4070 -517.7172 3959.6362 234 231 161
55.4455 -516.4357 3949.8352 234 232 162
58.6139 -516.4357 3949.8352 234 232 162
61.7058 -515.7973 3944.9526 232 231 161
64.9505 -516.4357 3949.8352 217 218 151
68.2032 -517.0756 3954.7295 220 221 154
71.3755 -517.0756 3954.7295 221 221 156
74.5477 -517.0756 3954.7295 229 230 163
77.8164 -517.7172 3959.6362 217 218 153
90.2970 -516.4357 3949.8352 209 211 150
116.5266 -584.4258 4469.8413 205 204 136
119.9441 -583.6084 4463.5898 197 196 125
123.5245 -583.6084 4463.5898 215 215 143
126.7504 -581.9805 4451.1392 209 208 136
130.1393 -581.1700 4444.9399 207 206 131
133.8912 -581.9805 4451.1392 206 205 130
137.4617 -581.9805 4451.1392 211 212 138
141.0321 -581.9805 4451.1392 198 197 122
144.8045 -582.7933 4457.3560 190 188 118
148.3799 -582.7933 4457.3560 188 187 117
151.9553 -582.7933 4457.3560 190 189 113
155.7483 -583.6084 4463.5898 225 224 150
158.8842 -581.9805 4451.1392 206 206 138
162.6816 -582.7933 4457.3560 201 203 136
166.2570 -582.7933 4457.3560 199 201 132
170.0699 -583.6084 4463.5898 197 198 128
173.6504 -583.6084 4463.5898 197 199 131
177.4790 -584.4258 4469.8413 198 199 131
181.0644 -584.4258 4469.8413 199 199 128
185.1685 -586.0674 4482.3970 198 199 129
188.7641 -586.0674 4482.3970 198 201 134
192.6301 -586.8918 4488.7017 203 205 141
196.5070 -587.7183 4495.0234 192 194 129
199.8312 -586.8918 4488.7017 192 194 126
203.4318 -586.8918 4488.7017 198 200 131
207.0324 -586.8918 4488.7017 200 201 132
210.6329 -586.8918 4488.7017 211 213 147
214.5352 -587.7183 4495.0234 202 204 139
217.8340 -586.8918 4488.7017 203 206 139
221.1236 -586.0674 4482.3970 204 206 141
225.0352 -586.8918 4488.7017 211 212 147
228.3146 -586.0674 4482.3970 203 205 140
231.5849 -585.2455 4476.1104 190 193 131
245.2588 -583.6084 4463.5898 225 222 166
258.8235 -511.3726 3911.1113 230 224 163
262.2822 -512.0001 3915.9102 233 229 154
265.0981 -511.3726 3911.1113 234 232 158
268.2353 -511.3726 3911.1113 229 225 146
271.3726 -511.3726 3911.1113 209 203 128
274.8466 -512.0001 3915.9102 183 181 115
277.6471 -511.3726 3911.1113 185 185 120
280.4406 -510.7466 3906.3240 207 207 140
283.2274 -510.1223 3901.5486 202 201 134
286.0074 -509.4994 3896.7849 197 198 131
289.4866 -510.1223 3901.5486 199 199 131
291.9025 -508.8781 3892.0327 197 196 128
295.0244 -508.8781 3892.0327 212 211 140
298.5104 -509.4994 3896.7849 223 221 148
300.9014 -508.2583 3887.2920 225 222 148
304.3903 -508.8781 3892.0327 228 226 149
307.5122 -508.8781 3892.0327 230 227 150
310.2558 -508.2583 3887.2920 231 228 152
312.9927 -507.6399 3882.5630 231 229 150
316.4921 -508.2583 3887.2920 232 230 153
319.2214 -507.6399 3882.5630 233 231 154
322.3358 -507.6399 3882.5630 231 229 153
325.8465 -508.2583 3887.2920 229 226 147
328.9647 -508.2583 3887.2920 229 225 145
332.0829 -508.2583 3887.2920 230 228 149
335.2010 -508.2583 3887.2920 232 230 154
338.3192 -508.2583 3887.2920 232 230 153
341.4373 -508.2583 3887.2920 231 228 151
344.5554 -508.2583 3887.2920 230 227 151
347.6736 -508.2583 3887.2920 228 225 149
351.2195 -508.8781 3892.0327 230 227 150
353.4793 -507.6399 3882.5630 230 227 152
356.5937 -507.6399 3882.5630 228 225 152
360.1462 -508.2583 3887.2920 219 219 146
363.2643 -508.2583 3887.2920 202 202 134
365.4921 -507.0231 3877.8455 204 205 140
369.0511 -507.6399 3882.5630 206 209 147
372.1655 -507.6399 3882.5630 208 210 147
375.2798 -507.6399 3882.5630 190 192 130
377.9344 -507.0231 3877.8455 182 185 124
381.0450 -507.0231 3877.8455 195 195 140
384.1555 -507.0231 3877.8455 214 214 151
386.7961 -506.4078 3873.1392 224 224 153
390.3767 -507.0231 3877.8455 226 224 150
393.4873 -507.0231 3877.8455 217 217 145
396.1165 -506.4078 3873.1392 187 198 145
479.3823 -537.0399 4107.4219 204 170 146
482.6770 -537.0399 4107.4219 224 187 160
485.9717 -537.0399 4107.4219 221 182 155
488.6376 -536.3497 4102.1426 217 177 146
494.5829 -535.6611 4096.8765 232 188 157
497.8691 -535.6611 4096.8765 232 188 157
511.0078 -539.1215 4123.3423 232 189 160
519.6368 -541.2192 4139.3862 231 189 161
521.6042 -539.8189 4128.6763 231 190 161
524.2378 -539.1215 4123.3423 233 190 161
526.8646 -538.4258 4118.0215 232 189 161
530.8528 -539.1215 4123.3423 232 190 163
534.1602 -539.1215 4123.3423 233 192 166
537.4678 -539.1215 4123.3423 231 193 168
541.4748 -539.8189 4128.6763 230 192 167
544.7866 -539.8189 4128.6763 229 191 165
547.3902 -539.1215 4123.3423 229 191 166
550.6978 -539.1215 4123.3423 228 191 165
554.0052 -539.1215 4123.3423 226 189 165
557.3127 -539.1215 4123.3423 223 190 164
560.6202 -539.1215 4123.3423 223 190 164
563.2000 -538.4258 4118.0215 209 178 156
567.2352 -539.1215 4123.3423 194 165 142
570.5427 -539.1215 4123.3423 193 164 141
573.8502 -539.1215 4123.3423 201 173 149
577.9043 -539.8189 4128.6763 195 165 144
580.4651 -539.1215 4123.3423 180 151 130
584.5278 -539.8189 4128.6763 189 162 141
587.0801 -539.1215 4123.3423 213 183 159
590.3877 -539.1215 4123.3423 230 198 175
593.6951 -539.1215 4123.3423 178 147 118
597.7750 -539.8189 4128.6763 153 123 70
601.0867 -539.8189 4128.6763 153 123 64
604.3985 -539.8189 4128.6763 153 123 64
606.1420 -538.4258 4118.0215 153 122 66
610.2326 -539.1215 4123.3423 152 121 66
612.7484 -538.4258 4118.0215 152 121 64
615.2578 -537.7320 4112.7148 153 121 64
-274.5098 -514.5098 3911.1113 241 240 165
-272.0393 -515.7740 3920.7207 242 240 166
-268.5644 -515.1411 3915.9102 241 238 167
-265.7494 -515.7740 3920.7207 241 239 166
-262.6044 -515.7740 3920.7207 242 240 166
-260.0985 -517.0444 3930.3777 241 239 165
-256.6298 -516.4084 3925.5435 241 239 165
-254.1060 -517.6819 3935.2241 241 239 165
-250.6404 -517.0444 3930.3777 242 240 166
-247.4877 -517.0444 3930.3777 241 239 167
-244.3350 -517.0444 3930.3777 240 238 166
-241.1823 -517.0444 3930.3777 240 238 164
-237.7368 -516.4084 3925.5435 239 238 163
-234.8768 -517.0444 3930.3777 240 238 164
-199.4601 -515.1411 3915.9102 218 219 154
-196.0784 -514.5098 3911.1113 224 225 160
-192.7050 -513.8801 3906.3240 210 210 146
-189.5716 -513.8801 3906.3240 203 202 139
-186.2103 -513.2518 3901.5486 213 212 150
-183.3048 -513.8801 3906.3240 234 234 169
-179.9511 -513.2518 3901.5486 239 238 169
-156.9811 -565.8221 4301.1680 210 176 143
-153.3244 -565.0607 4295.3794 224 188 158
-143.9566 -568.8889 4324.4805 244 209 179
-139.7305 -565.8221 4301.1680 244 208 176
-136.4642 -566.5857 4306.9727 242 207 174
-133.5501 -568.8889 4324.4805 242 207 175
-130.4348 -570.4348 4336.2319 243 207 176
-127.1293 -571.2109 4342.1318 243 206 175
-123.6463 -571.2109 4342.1318 244 207 176
-119.8372 -569.6608 4330.3481 244 206 176
-116.6803 -571.2109 4342.1318 243 205 176
-113.1973 -571.2109 4342.1318 243 205 176
-109.8638 -571.9891 4348.0474 242 206 175
-106.5211 -572.7695 4353.9790 242 206 175
-102.8883 -571.9891 4348.0474 242 205 175
-99.2653 -571.2109 4342.1318 242 207 178
-95.3930 -568.8889 4324.4805 242 207 177
-91.9241 -568.8889 4324.4805 240 205 176
-88.3356 -568.1191 4318.6289 241 204 176
-84.6424 -566.5857 4306.9727 239 203 172
-81.1876 -566.5857 4306.9727 226 191 160
-77.7328 -566.5857 4306.9727 216 183 152
-74.1779 -565.8221 4301.1680 229 195 165
-70.5376 -564.3011 4289.6060 233 198 169
-67.0067 -563.5437 4283.8481 220 188 161
-63.6559 -564.3011 4289.6060 225 195 168
-60.1342 -563.5437 4283.8481 199 169 143
-56.6980 -563.5437 4283.8481 197 170 143
-53.4051 -565.0607 4295.3794 209 180 156
-17.3827 -518.3210 3940.0825 204 203 137
-14.2047 -517.6819 3935.2241 225 224 157
-11.0481 -517.6819 3935.2241 222 218 152
-7.8915 -517.6819 3935.2241 234 233 163
-4.7349 -517.6819 3935.2241 235 235 168
-1.5764 -517.0444 3930.3777 220 219 152
1.5744 -516.4084 3925.5435 221 219 151
4.7349 -517.6819 3935.2241 238 236 167
7.8818 -517.0444 3930.3777 238 237 168
11.0617 -518.3210 3940.0825 236 234 163
14.2222 -518.3210 3940.0825 236 234 161
17.4042 -518.9617 3944.9526 235 232 159
20.5432 -518.3210 3940.0825 208 206 135
23.7330 -518.9617 3944.9526 193 192 122
26.8974 -518.9617 3944.9526 208 208 138
30.0618 -518.9617 3944.9526 210 210 140
33.2262 -518.9617 3944.9526 211 211 140
36.3906 -518.9617 3944.9526 211 212 140
39.6040 -519.6040 3949.8352 211 211 141
42.7723 -519.6040 3949.8352 202 200 132
45.9406 -519.6040 3949.8352 190 188 121
49.1698 -520.2479 3954.7295 225 224 156
52.3420 -520.2479 3954.7295 233 232 162
55.3770 -518.9617 3944.9526 234 232 162
58.5414 -518.9617 3944.9526 235 232 161
61.6296 -518.3210 3940.0825 230 228 159
64.8702 -518.9617 3944.9526 216 217 151
68.1188 -519.6040 3949.8352 211 211 145
71.2871 -519.6040 3949.8352 229 228 162
112.7832 -587.1888 4463.5898 235 236 170
116.5266 -588.0112 4469.8413 214 214 146
119.7765 -586.3688 4457.3560 195 196 126
123.3520 -586.3688 4457.3560 213 213 141
126.5738 -584.7354 4444.9399 210 209 137
129.9583 -583.9221 4438.7578 205 205 133
133.7048 -584.7354 4444.9399 208 207 135
137.4617 -585.5510 4451.1392 208 209 134
141.0321 -585.5510 4451.1392 215 215 141
144.6025 -585.5510 4451.1392 188 187 115
148.3799 -586.3688 4457.3560 190 189 116
151.9553 -586.3688 4457.3560 193 193 120
155.5307 -586.3688 4457.3560 217 217 146
158.8842 -585.5510 4451.1392 209 210 142
162.6816 -586.3688 4457.3560 199 202 136
166.2570 -586.3688 4457.3560 203 205 137
169.8324 -586.3688 4457.3560 199 201 131
173.6504 -587.1888 4463.5898 198 199 131
177.2308 -587.1888 4463.5898 198 200 132
181.0644 -588.0112 4469.8413 199 200 132
184.9088 -588.8359 4476.1104 199 200 133
188.4993 -588.8359 4476.1104 195 198 132
192.6301 -590.4923 4488.7017 203 204 139
196.2307 -590.4923 4488.7017 204 205 141
199.8312 -590.4923 4488.7017 194 196 130
203.1461 -589.6630 4482.3970 199 201 133
207.0324 -590.4923 4488.7017 202 204 137
210.6329 -590.4923 4488.7017 213 215 151
214.2335 -590.4923 4488.7017 202 205 140
217.5281 -589.6630 4482.3970 204 206 140
221.1236 -589.6630 4482.3970 204 205 141
224.7191 -589.6630 4482.3970 210 211 146
227.9944 -588.8359 4476.1104 211 212 148
231.2605 -588.0112 4469.8413 188 191 127
235.1753 -588.8359 4476.1104 192 196 136
244.9162 -586.3688 4457.3560 227 227 167
248.4917 -586.3688 4457.3560 222 215 166
252.0671 -586.3688 4457.3560 229 218 173
258.5067 -513.8801 3906.3240 230 225 157
261.9608 -514.5098 3911.1113 231 228 148
264.4499 -513.2518 3901.5486 236 234 159
267.5795 -513.2518 3901.5486 230 227 150
270.7090 -513.2518 3901.5486 211 207 133
274.1738 -513.8801 3906.3240 187 187 122
276.9682 -513.2518 3901.5486 178 179 113
279.7558 -512.6252 3896.7849 205 205 140
282.5366 -512.0001 3892.0327 203 203 136
285.6586 -512.0001 3892.0327 198 198 132
288.7805 -512.0001 3892.0327 199 199 131
291.1922 -510.7543 3882.5630 197 197 129
294.3066 -510.7543 3882.5630 196 196 128
297.7832 -511.3764 3887.2920 204 203 135
300.5353 -510.7543 3882.5630 221 218 147
303.6497 -510.7543 3882.5630 225 223 150
306.7640 -510.7543 3882.5630 226 224 151
309.5019 -510.1337 3877.8455 229 226 151
312.6124 -510.1337 3877.8455 230 227 151
315.7230 -510.1337 3877.8455 231 229 153
318.8336 -510.1337 3877.8455 232 229 153
321.9441 -510.1337 3877.8455 231 228 153
325.0547 -510.1337 3877.8455 230 227 149
328.5645 -510.7543 3882.5630 229 225 146
331.6789 -510.7543 3882.5630 229 226 147
334.7932 -510.7543 3882.5630 233 230 154
337.9076 -510.7543 3882.5630 231 229 154
341.0219 -510.7543 3882.5630 230 228 152
344.1363 -510.7543 3882.5630 229 227 153
347.2506 -510.7543 3882.5630 227 225 149
350.3650 -510.7543 3882.5630 228 226 151
353.0499 -510.1337 3877.8455 226 225 154
356.1604 -510.1337 3877.8455 215 214 148
359.7081 -510.7543 3882.5630 199 199 133
362.3816 -510.1337 3877.8455 201 202 135
365.0486 -509.5146 3873.1392 208 209 142
368.6027 -510.1337 3877.8455 205 207 142
371.7133 -510.1337 3877.8455 207 208 145
374.3690 -509.5146 3873.1392 198 199 138
377.4757 -509.5146 3873.1392 187 189 127
380.5826 -509.5146 3873.1392 189 191 132
383.6893 -509.5146 3873.1392 209 212 147
386.3273 -508.8970 3868.4446 225 225 153
389.9029 -509.5146 3873.1392 228 226 152
392.5334 -508.8970 3868.4446 221 222 151
395.6364 -508.8970 3868.4446 194 204 152
476.0875 -540.3347 4107.4219 209 178 151
479.3823 -540.3347 4107.4219 204 171 145
482.6770 -540.3347 4107.4219 206 170 141
485.9717 -540.3347 4107.4219 226 187 157
488.6376 -539.6401 4102.1426 229 188 155
491.2966 -538.9474 4096.8765 231 188 159
494.5829 -538.9474 4096.8765 231 188 157
497.8691 -538.9474 4096.8765 231 189 158
501.1554 -538.9474 4096.8765 231 189 157
507.0452 -541.7290 4118.0215 231 189 158
510.3484 -541.7290 4118.0215 232 189 158
514.9807 -543.1307 4128.6763 232 188 158
518.2924 -543.1307 4128.6763 231 188 158
520.9303 -542.4290 4123.3423 231 189 158
523.5613 -541.7290 4118.0215 232 190 159
526.1856 -541.0309 4112.7148 232 190 160
529.4846 -541.0309 4112.7148 231 191 161
532.7835 -541.0309 4112.7148 232 192 164
536.7742 -541.7290 4118.0215 231 192 166
540.0775 -541.7290 4118.0215 230 191 165
544.0828 -542.4290 4123.3423 230 190 163
546.6839 -541.7290 4118.0215 229 190 164
549.9871 -541.7290 4118.0215 227 189 164
553.2903 -541.7290 4118.0215 224 189 162
556.5936 -541.7290 4118.0215 221 189 163
559.8968 -541.7290 4118.0215 210 179 157
563.2000 -541.7290 4118.0215 195 165 141
566.5032 -541.7290 4118.0215 197 167 141
569.8065 -541.7290 4118.0215 194 165 139
573.1097 -541.7290 4118.0215 201 172 147
577.1577 -542.4290 4123.3423 207 177 154
579.7161 -541.7290 4118.0215 181 151 130
583.0194 -541.7290 4118.0215 182 154 132
586.3226 -541.7290 4118.0215 200 171 148
589.6258 -541.7290 4118.0215 229 199 174
592.9291 -541.7290 4118.0215 208 179 152
596.2323 -541.7290 4118.0215 154 127 80
599.5355 -541.7290 4118.0215 153 124 66
602.8387 -541.7290 4118.0215 153 124 67
605.3608 -541.0309 4112.7148 154 124 67
608.6598 -541.0309 4112.7148 153 124 67
611.1712 -540.3347 4107.4219 154 125 68
613.6761 -539.6401 4102.1426 154 125 68
-273.8387 -516.3814 3901.5486 239 239 166
-271.3726 -517.6471 3911.1113 241 240 165
-267.5795 -516.3814 3901.5486 242 239 165
-264.7736 -517.0135 3906.3240 242 240 166
-261.3203 -516.3814 3901.5486 242 240 166
-229.7436 -515.7510 3896.7849 240 238 164
-227.1726 -517.0135 3906.3240 239 238 163
-223.7653 -516.3814 3901.5486 239 237 163
-220.6357 -516.3814 3901.5486 238 237 163
-201.8582 -516.3814 3901.5486 222 221 152
-198.9719 -517.0135 3906.3240 218 219 152
-195.8384 -517.0135 3906.3240 224 225 157
-192.4695 -516.3814 3901.5486 207 207 140
-189.3399 -516.3814 3901.5486 202 201 137
-185.9829 -515.7510 3896.7849 213 212 151
-183.0807 -516.3814 3901.5486 234 234 170
-179.7314 -515.7510 3896.7849 238 238 168
-139.5424 -568.5062 4295.3794 243 210 178
-136.2803 -569.2722 4301.1680 242 207 175
-133.3694 -571.5833 4318.6289 242 207 175
-130.0813 -572.3577 4324.4805 243 208 176
-126.9565 -573.9130 4336.2319 243 207 175
-123.3107 -573.1343 4330.3481 243 207 175
-119.5129 -571.5833 4318.6289 244 207 176
-116.2060 -572.3577 4324.4805 243 207 176
-112.7371 -572.3577 4324.4805 242 206 175
-109.4166 -573.1343 4330.3481 242 206 175
-105.9430 -573.1343 4330.3481 242 206 174
-102.3306 -572.3577 4324.4805 242 206 176
-98.9959 -573.1343 4330.3481 242 206 177
-95.1351 -570.8109 4312.7930 242 206 176
-91.6757 -570.8109 4312.7930 241 206 176
-88.0972 -570.0405 4306.9727 240 204 174
-84.5283 -569.2722 4301.1680 240 204 173
-81.0782 -569.2722 4301.1680 239 202 172
-77.6280 -569.2722 4301.1680 234 200 166
-74.0781 -568.5062 4295.3794 236 202 173
-70.4430 -566.9799 4283.8481 218 187 156
-66.9169 -566.2198 4278.1055 215 186 157
-63.5705 -566.9799 4283.8481 223 193 167
-60.0536 -566.2198 4278.1055 204 174 147
-56.6980 -566.9799 4283.8481 195 168 141
-14.1872 -520.1971 3930.3777 226 225 157
-11.0345 -520.1971 3930.3777 217 213 146
-7.8818 -520.1971 3930.3777 222 219 151
-4.7291 -520.1971 3930.3777 238 236 168
-1.5725 -518.9189 3920.7207 237 236 166
1.5725 -518.9189 3920.7207 238 236 164
4.7291 -520.1971 3930.3777 239 236 165
7.8721 -519.5573 3925.5435 239 237 166
11.0345 -520.1971 3930.3777 237 235 164
14.1872 -520.1971 3930.3777 236 234 161
17.3827 -521.4815 3940.0825 235 232 160
20.5179 -520.8385 3935.2241 233 231 158
23.7037 -521.4815 3940.0825 231 229 155
26.8642 -521.4815 3940.0825 234 232 158
30.0247 -521.4815 3940.0825 234 232 161
33.1852 -521.4815 3940.0825 235 232 161
36.3906 -522.1261 3944.9526 234 233 160
39.5550 -522.1261 3944.9526 234 233 161
42.7194 -522.1261 3944.9526 232 231 159
45.8838 -522.1261 3944.9526 231 229 156
49.1089 -522.7723 3949.8352 234 233 160
52.3420 -523.4201 3954.7295 234 233 161
55.3770 -522.1261 3944.9526 234 232 161
58.5414 -522.1261 3944.9526 235 232 160
61.6296 -521.4815 3940.0825 230 227 155
64.8702 -522.1261 3944.9526 220 220 150
68.1188 -522.7723 3949.8352 217 217 146
71.1990 -522.1261 3944.9526 232 231 164
109.0503 -589.9442 4457.3560 237 240 174
112.6257 -589.9442 4457.3560 237 239 174
116.3636 -590.7692 4463.5898 217 217 150
119.6095 -589.1213 4451.1392 197 196 124
123.1799 -589.1213 4451.1392 207 207 133
126.3978 -587.4827 4438.7578 210 209 136
129.7778 -586.6667 4432.5928 208 206 132
133.5188 -587.4827 4438.7578 211 209 134
137.2702 -588.3008 4444.9399 206 205 130
140.8357 -588.3008 4444.9399 216 216 142
144.6025 -589.1213 4451.1392 195 194 117
148.1730 -589.1213 4451.1392 198 200 129
151.7434 -589.1213 4451.1392 190 192 119
155.5307 -589.9442 4457.3560 210 209 134
158.8842 -589.1213 4451.1392 215 214 143
162.6816 -589.9442 4457.3560 204 204 133
166.2570 -589.9442 4457.3560 202 203 131
169.8324 -589.9442 4457.3560 198 199 129
173.4078 -589.9442 4457.3560 196 197 130
177.2308 -590.7692 4463.5898 193 195 129
180.8112 -590.7692 4463.5898 195 197 131
184.9088 -592.4264 4476.1104 200 201 132
188.4993 -592.4264 4476.1104 201 202 134
192.3596 -593.2584 4482.3970 203 203 135
195.9551 -593.2584 4482.3970 202 203 134
199.5506 -593.2584 4482.3970 199 200 129
203.1461 -593.2584 4482.3970 201 203 132
206.7416 -593.2584 4482.3970 202 202 131
210.3371 -593.2584 4482.3970 198 200 129
213.9326 -593.2584 4482.3970 201 202 137
217.2230 -592.4264 4476.1104 203 204 139
220.8135 -592.4264 4476.1104 206 207 140
224.4039 -592.4264 4476.1104 210 211 146
227.6751 -591.5967 4469.8413 216 218 153
231.2605 -591.5967 4469.8413 193 196 132
234.8459 -591.5967 4469.8413 189 192 132
238.4314 -591.5967 4469.8413 203 207 147
242.0168 -591.5967 4469.8413 228 232 168
244.9162 -589.9442 4457.3560 229 229 166
248.4917 -589.9442 4457.3560 215 208 149
252.0671 -589.9442 4457.3560 217 204 148
258.5067 -517.0135 3906.3240 231 225 148
261.6402 -517.0135 3906.3240 229 226 140
264.1270 -515.7510 3896.7849 236 236 157
267.2528 -515.7510 3896.7849 232 230 154
270.3785 -515.7510 3896.7849 213 211 137
273.5043 -515.7510 3896.7849 186 186 120
276.2927 -515.1219 3892.0327 182 183 115
279.4147 -515.1219 3892.0327 202 202 135
282.1925 -514.4946 3887.2920 204 206 136
284.9635 -513.8687 3882.5630 194 195 131
288.0779 -513.8687 3882.5630 198 198 133
290.8384 -513.2443 3877.8455 199 199 133
293.9490 -513.2443 3877.8455 197 197 130
297.0596 -513.2443 3877.8455 196 195 127
299.8058 -512.6213 3873.1392 199 197 130
302.9126 -512.6213 3873.1392 208 208 142
306.0194 -512.6213 3873.1392 219 218 150
309.1262 -512.6213 3873.1392 225 223 153
311.8546 -512.0001 3868.4446 227 225 153
315.3398 -512.6213 3873.1392 227 226 153
318.4466 -512.6213 3873.1392 228 227 153
321.1636 -512.0001 3868.4446 230 226 153
324.6602 -512.6213 3873.1392 229 226 151
327.7670 -512.6213 3873.1392 227 225 147
330.8738 -512.6213 3873.1392 228 225 148
333.9806 -512.6213 3873.1392 232 229 155
337.0874 -512.6213 3873.1392 229 228 154
340.6075 -513.2443 3877.8455 228 226 152
343.3010 -512.6213 3873.1392 226 225 153
346.4078 -512.6213 3873.1392 224 223 152
349.5146 -512.6213 3873.1392 219 218 150
352.6214 -512.6213 3873.1392 206 205 141
355.2970 -512.0001 3868.4446 200 200 135
358.4000 -512.0001 3868.4446 204 205 138
361.5031 -512.0001 3868.4446 204 203 137
364.1647 -511.3802 3863.7612 207 206 141
367.7091 -512.0001 3868.4446 205 207 142
370.8121 -512.0001 3868.4446 208 209 143
373.9152 -512.0001 3868.4446 203 204 140
376.5618 -511.3802 3863.7612 185 186 125
379.6610 -511.3802 3863.7612 192 194 136
382.7603 -511.3802 3863.7612 207 208 144
385.8596 -511.3802 3863.7612 225 224 154
389.4303 -512.0001 3868.4446 229 226 154
392.0581 -511.3802 3863.7612 225 225 155
395.1574 -511.3802 3863.7612 182 188 137
457.4968 -545.0323 4118.0215 224 186 155
468.0104 -545.7365 4123.3423 193 160 134
470.1031 -544.3299 4112.7148 182 151 127
472.7928 -543.6294 4107.4219 177 147 120
476.0875 -543.6294 4107.4219 207 175 147
479.3823 -543.6294 4107.4219 204 170 143
482.6770 -543.6294 4107.4219 198 162 134
485.9717 -543.6294 4107.4219 206 167 137
488.6376 -542.9306 4102.1426 218 178 147
491.2966 -542.2337 4096.8765 227 186 155
494.5829 -542.2337 4096.8765 230 187 156
497.8691 -542.2337 4096.8765 230 188 155
501.1554 -542.2337 4096.8765 230 188 154
505.7401 -543.6294 4107.4219 231 188 154
509.0348 -543.6294 4107.4219 231 188 154
512.3295 -543.6294 4107.4219 231 187 154
516.9548 -545.0323 4118.0215 231 187 156
519.5876 -544.3299 4112.7148 231 188 156
523.5613 -545.0323 4118.0215 232 189 158
525.5084 -543.6294 4107.4219 231 190 159
529.4846 -544.3299 4112.7148 230 190 160
532.0978 -543.6294 4107.4219 230 191 162
536.7742 -545.0323 4118.0215 230 191 164
540.0775 -545.0323 4118.0215 231 191 164
543.3807 -545.0323 4118.0215 230 191 164
546.6839 -545.0323 4118.0215 227 190 164
549.9871 -545.0323 4118.0215 225 190 164
553.2903 -545.0323 4118.0215 217 185 161
556.5936 -545.0323 4118.0215 203 173 150
559.1753 -544.3299 4112.7148 195 165 142
562.4742 -544.3299 4112.7148 197 168 143
565.7733 -544.3299 4112.7148 197 168 143
569.0722 -544.3299 4112.7148 195 167 140
572.3712 -544.3299 4112.7148 198 169 144
575.6702 -544.3299 4112.7148 205 176 150
578.9691 -544.3299 4112.7148 184 154 131
582.2681 -544.3299 4112.7148 181 152 130
584.8134 -543.6294 4107.4219 195 167 144
588.8660 -544.3299 4112.7148 224 193 167
591.4029 -543.6294 4107.4219 227 195 171
595.4639 -544.3299 4112.7148 167 141 106
597.9923 -543.6294 4107.4219 158 134 85
601.2870 -543.6294 4107.4219 156 133 82
604.5818 -543.6294 4107.4219 153 130 79
607.8765 -543.6294 4107.4219 153 129 78
610.3857 -542.9306 4102.1426 151 127 75
612.8884 -542.2337 4096.8765 151 127 77
-292.2589 -518.8767 3896.7849 208 206 136
-288.7805 -518.2440 3892.0327 232 232 164
-285.3106 -517.6127 3887.2920 226 226 157
-282.1925 -517.6127 3887.2920 222 221 152
-276.2927 -518.2440 3892.0327 220 218 146
-272.8380 -517.6127 3887.2920 228 227 157
-270.0488 -518.2440 3892.0327 239 238 166
-266.6017 -517.6127 3887.2920 242 240 167
-263.8049 -518.2440 3892.0327 241 240 168
-260.3654 -517.6127 3887.2920 242 240 168
-258.1907 -519.5110 3901.5486 242 240 167
-254.7497 -518.8767 3896.7849 242 240 167
-251.3171 -518.2440 3892.0327 242 240 166
-248.1951 -518.2440 3892.0327 242 240 166
-244.7747 -517.6127 3887.2920 241 239 165
-241.9512 -518.2440 3892.0327 239 238 163
-238.8293 -518.2440 3892.0327 240 238 163
-235.4202 -517.6127 3887.2920 240 239 165
-232.8694 -518.8767 3896.7849 239 238 164
-229.1839 -517.6127 3887.2920 240 238 164
-226.3415 -518.2440 3892.0327 239 238 163
-223.2195 -518.2440 3892.0327 238 237 162
-220.0976 -518.2440 3892.0327 238 236 161
-217.2406 -518.8767 3896.7849 237 235 161
-195.3602 -518.8767 3896.7849 226 226 158
-192.2345 -518.8767 3896.7849 209 208 142
-189.1087 -518.8767 3896.7849 205 203 138
-185.7561 -518.2440 3892.0327 211 211 148
-182.8572 -518.8767 3896.7849 235 235 170
-179.5122 -518.2440 3892.0327 238 238 170
-132.8302 -572.7224 4301.1680 242 207 175
-129.5547 -573.4953 4306.9727 242 209 176
-126.0999 -573.4953 4306.9727 242 208 175
-122.6451 -573.4953 4306.9727 243 208 176
-119.0297 -572.7224 4301.1680 243 207 176
-115.5795 -572.7224 4301.1680 243 207 177
-112.1294 -572.7224 4301.1680 242 206 177
-108.6793 -572.7224 4301.1680 242 206 175
-105.3711 -573.4953 4306.9727 241 207 175
-101.9163 -573.4953 4306.9727 241 206 176
-98.7280 -575.0474 4318.6289 242 206 177
-94.8787 -572.7224 4301.1680 242 207 175
-91.5520 -573.4953 4306.9727 241 206 176
-87.9784 -572.7224 4301.1680 240 204 175
-84.5283 -572.7224 4301.1680 239 203 173
-80.9690 -571.9516 4295.3794 238 203 174
-77.5236 -571.9516 4295.3794 232 198 171
-73.9785 -571.1828 4289.6060 217 185 158
-70.3485 -569.6515 4278.1055 214 185 153
-66.7380 -568.1284 4266.6670 213 183 153
-63.4853 -569.6515 4278.1055 219 188 159
-59.9732 -568.8889 4272.3784 207 177 148
-56.6220 -569.6515 4278.1055 199 169 142
-14.1872 -523.3498 3930.3777 229 226 160
-11.0345 -523.3498 3930.3777 219 214 147
-7.8818 -523.3498 3930.3777 212 210 142
-4.7291 -523.3498 3930.3777 232 230 163
-1.5725 -522.0639 3920.7207 238 237 168
1.5706 -521.4233 3915.9102 237 237 165
4.7291 -523.3498 3930.3777 238 237 166
7.8624 -522.0639 3920.7207 238 237 169
11.0345 -523.3498 3930.3777 238 236 167
14.1697 -522.7061 3925.5435 236 234 162
17.3399 -523.3498 3930.3777 235 233 159
20.4674 -522.7061 3925.5435 235 233 159
23.6745 -523.9951 3935.2241 234 232 159
26.8311 -523.9951 3935.2241 234 231 158
29.9507 -523.3498 3930.3777 235 232 161
33.1443 -523.9951 3935.2241 235 233 162
36.3009 -523.9951 3935.2241 234 233 161
39.5062 -524.6420 3940.0825 234 233 160
42.6667 -524.6420 3940.0825 234 232 159
45.8272 -524.6420 3940.0825 235 234 160
49.1089 -525.9406 3949.8352 234 233 161
52.2772 -525.9406 3949.8352 234 233 161
55.3086 -524.6420 3940.0825 234 232 161
58.5414 -525.2905 3944.9526 234 232 160
61.5536 -523.9951 3935.2241 232 231 158
64.8702 -525.2905 3944.9526 231 231 159
68.0346 -525.2905 3944.9526 230 229 160
71.1111 -524.6420 3940.0825 223 222 155
108.7465 -591.8663 4444.9399 238 240 178
112.4686 -592.6918 4451.1392 238 240 177
116.2011 -593.5196 4457.3560 222 223 157
119.4429 -591.8663 4444.9399 195 196 123
123.0084 -591.8663 4444.9399 199 200 127
126.2222 -590.2222 4432.5928 212 212 138
129.5978 -589.4036 4426.4448 209 208 134
133.3333 -590.2222 4432.5928 212 210 134
137.0793 -591.0432 4438.7578 207 204 130
140.6398 -591.0432 4438.7578 220 219 143
144.4011 -591.8663 4444.9399 227 225 147
148.1730 -592.6918 4451.1392 224 223 143
151.7434 -592.6918 4451.1392 226 225 146
155.5307 -593.5196 4457.3560 229 228 151
158.8842 -592.6918 4451.1392 220 218 145
162.4547 -592.6918 4451.1392 207 206 134
166.0251 -592.6918 4451.1392 206 206 132
169.8324 -593.5196 4457.3560 204 204 130
173.4078 -593.5196 4457.3560 203 203 130
177.2308 -594.3497 4463.5898 203 202 129
180.8112 -594.3497 4463.5898 203 202 130
184.6499 -595.1821 4469.8413 204 204 131
188.2353 -595.1821 4469.8413 205 204 134
192.3596 -596.8539 4482.3970 203 204 134
195.9551 -596.8539 4482.3970 214 217 146
199.5506 -596.8539 4482.3970 222 224 149
202.8612 -596.0168 4476.1104 222 223 150
206.4516 -596.0168 4476.1104 222 222 148
210.0421 -596.0168 4476.1104 217 218 143
213.6325 -596.0168 4476.1104 210 211 144
216.9188 -595.1821 4469.8413 201 202 136
220.5042 -595.1821 4469.8413 206 207 139
224.4039 -596.0168 4476.1104 208 209 143
227.3567 -594.3497 4463.5898 214 216 151
230.9371 -594.3497 4463.5898 195 198 134
234.8459 -595.1821 4469.8413 187 190 129
238.0979 -594.3497 4463.5898 198 201 142
242.0168 -595.1821 4469.8413 226 230 166
244.9162 -593.5196 4457.3560 229 231 166
248.4917 -593.5196 4457.3560 216 211 153
252.0671 -593.5196 4457.3560 213 203 153
254.9304 -591.8663 4444.9399 214 204 155
258.5067 -520.1469 3906.3240 230 225 145
261.6402 -520.1469 3906.3240 229 224 137
264.1270 -518.8767 3896.7849 237 235 155
266.9268 -518.2440 3892.0327 235 233 159
270.0488 -518.2440 3892.0327 216 215 141
273.1708 -518.2440 3892.0327 187 185 119
275.9562 -517.6127 3887.2920 182 180 112
278.7348 -516.9830 3882.5630 198 198 131
281.8492 -516.9830 3882.5630 206 207 140
284.6173 -516.3549 3877.8455 195 196 133
287.7278 -516.3549 3877.8455 198 198 134
290.4854 -515.7282 3873.1392 198 198 134
293.5923 -515.7282 3873.1392 197 197 133
296.6990 -515.7282 3873.1392 200 200 135
299.8058 -515.7282 3873.1392 199 198 132
302.5455 -515.1031 3868.4446 197 197 130
305.6485 -515.1031 3868.4446 196 196 131
308.3777 -514.4795 3863.7612 204 204 140
311.4770 -514.4795 3863.7612 213 213 149
314.5763 -514.4795 3863.7612 217 217 152
318.0606 -515.1031 3868.4446 221 221 153
320.7748 -514.4795 3863.7612 224 223 154
323.8741 -514.4795 3863.7612 224 223 152
327.3697 -515.1031 3868.4446 222 222 149
330.4727 -515.1031 3868.4446 223 221 149
333.5758 -515.1031 3868.4446 227 226 155
336.6788 -515.1031 3868.4446 221 221 155
339.7819 -515.1031 3868.4446 217 217 150
342.4698 -514.4795 3863.7612 208 209 144
345.5690 -514.4795 3863.7612 200 200 137
349.0909 -515.1031 3868.4446 201 202 138
352.1940 -515.1031 3868.4446 203 205 138
354.4377 -513.8574 3859.0891 204 206 139
357.9661 -514.4795 3863.7612 205 206 140
361.0654 -514.4795 3863.7612 205 206 140
363.7243 -513.8574 3859.0891 204 205 142
366.8199 -513.8574 3859.0891 202 204 142
370.3632 -514.4795 3863.7612 208 210 150
373.0109 -513.8574 3859.0891 207 208 148
376.1064 -513.8574 3859.0891 191 192 131
379.2019 -513.8574 3859.0891 191 192 133
382.2975 -513.8574 3859.0891 204 204 142
385.3930 -513.8574 3859.0891 225 224 155
388.9589 -514.4795 3863.7612 228 227 154
391.5841 -513.8574 3859.0891 227 227 157
394.6796 -513.8574 3859.0891 185 191 139
397.2947 -513.2368 3854.4285 172 183 140
456.9072 -547.6289 4112.7148 225 186 152
464.1032 -548.3355 4118.0215 217 184 150
467.4065 -548.3355 4118.0215 201 167 137
470.1031 -547.6289 4112.7148 181 149 123
472.7928 -546.9241 4107.4219 172 142 114
476.0875 -546.9241 4107.4219 193 163 133
479.3823 -546.9241 4107.4219 200 166 138
483.2990 -547.6289 4112.7148 196 162 133
485.9717 -546.9241 4107.4219 203 167 137
488.6376 -546.2211 4102.1426 202 165 135
491.9281 -546.2211 4102.1426 207 169 141
494.5829 -545.5200 4096.8765 216 177 150
497.8691 -545.5200 4096.8765 224 185 155
501.1554 -545.5200 4096.8765 229 187 155
505.0900 -546.2211 4102.1426 230 189 156
509.0348 -546.9241 4107.4219 230 188 156
512.3295 -546.9241 4107.4219 230 188 155
515.6242 -546.9241 4107.4219 230 188 156
518.9189 -546.9241 4107.4219 230 188 158
522.8867 -547.6289 4112.7148 231 189 160
525.5084 -546.9241 4107.4219 231 190 162
528.8031 -546.9241 4107.4219 230 190 162
532.0978 -546.9241 4107.4219 229 191 163
536.0825 -547.6289 4112.7148 229 191 163
540.0775 -548.3355 4118.0215 228 191 165
543.3807 -548.3355 4118.0215 224 189 164
545.9794 -547.6289 4112.7148 217 183 161
549.9871 -548.3355 4118.0215 203 171 152
552.5773 -547.6289 4112.7148 194 163 141
555.8763 -547.6289 4112.7148 195 165 139
559.1753 -547.6289 4112.7148 197 168 142
561.7504 -546.9241 4107.4219 199 171 145
565.7733 -547.6289 4112.7148 200 172 147
568.3398 -546.9241 4107.4219 197 170 144
571.6345 -546.9241 4107.4219 193 165 140
574.9293 -546.9241 4107.4219 201 172 148
578.2240 -546.9241 4107.4219 197 168 143
581.5187 -546.9241 4107.4219 181 151 129
584.0618 -546.2211 4102.1426 192 163 141
587.3522 -546.2211 4102.1426 211 180 156
590.6427 -546.2211 4102.1426 231 199 175
593.9332 -546.2211 4102.1426 205 185 156
597.2237 -546.2211 4102.1426 188 179 141
599.7433 -545.5200 4096.8765 187 180 141
603.0295 -545.5200 4096.8765 187 181 141
606.3158 -545.5200 4096.8765 188 180 141
609.6021 -545.5200 4096.8765 187 180 140
611.3188 -544.1230 4086.3850 185 180 141
-307.5122 -521.3659 3892.0327 233 207 163
-291.1922 -520.0974 3882.5630 205 204 136
-287.7278 -519.4654 3877.8455 232 231 164
-284.6173 -519.4654 3877.8455 227 227 156
-281.5067 -519.4654 3877.8455 222 221 150
-278.7348 -520.0974 3882.5630 222 222 150
-275.2856 -519.4654 3877.8455 224 222 150
-272.1750 -519.4654 3877.8455 220 218 149
-269.3917 -520.0974 3882.5630 221 221 151
-265.6311 -518.8350 3873.1392 232 232 164
-262.8433 -519.4654 3877.8455 238 238 169
-259.4175 -518.8350 3873.1392 240 240 169
-256.9343 -520.0974 3882.5630 241 240 167
-253.8200 -520.0974 3882.5630 240 240 166
-250.4010 -519.4654 3877.8455 241 239 167
-247.2904 -519.4654 3877.8455 241 239 166
-243.8835 -518.8350 3873.1392 240 239 164
-241.0693 -519.4654 3877.8455 240 238 164
-237.6699 -518.8350 3873.1392 240 238 163
-234.8481 -519.4654 3877.8455 241 238 164
-232.0195 -520.0974 3882.5630 240 238 166
-228.6270 -519.4654 3877.8455 239 238 166
-225.7908 -520.0974 3882.5630 239 237 162
-222.6764 -520.0974 3882.5630 237 235 161
-219.5621 -520.0974 3882.5630 232 230 160
-216.7113 -520.7308 3887.2920 224 222 151
-200.8759 -520.0974 3882.5630 220 221 153
-198.0025 -520.7308 3887.2920 221 221 154
-194.8843 -520.7308 3887.2920 228 228 160
-191.7661 -520.7308 3887.2920 206 206 138
-188.6480 -520.7308 3887.2920 204 203 141
-185.5298 -520.7308 3887.2920 209 211 151
-147.1070 -564.7557 4215.9404 216 185 154
-143.3465 -563.2675 4204.8311 217 184 152
-133.4037 -564.0106 4210.3784 220 186 157
-118.7097 -574.6237 4289.6060 241 206 175
-91.3055 -575.3971 4295.3794 238 203 175
-87.7419 -574.6237 4289.6060 234 199 173
-84.3011 -574.6237 4289.6060 227 191 166
-80.6434 -573.0831 4278.1055 217 184 159
-77.3154 -573.8524 4283.8481 215 183 154
-73.7802 -573.0831 4278.1055 215 184 154
-14.1872 -526.5025 3930.3777 227 226 159
-11.0345 -526.5025 3930.3777 218 217 151
-7.8721 -525.8549 3925.5435 212 211 141
-4.7232 -525.8549 3925.5435 217 215 146
-1.5686 -523.9216 3911.1113 229 228 161
1.5686 -523.9216 3911.1113 237 237 167
4.7232 -525.8549 3925.5435 238 237 165
7.8528 -524.5645 3915.9102 238 236 165
11.0209 -525.8549 3925.5435 239 237 164
14.1350 -524.5645 3915.9102 238 235 163
17.2973 -525.2089 3920.7207 236 234 160
20.3922 -523.9216 3911.1113 235 233 159
23.6162 -525.8549 3925.5435 234 232 158
26.7651 -525.8549 3925.5435 235 231 157
29.8405 -524.5645 3915.9102 234 232 158
33.0221 -525.2089 3920.7207 235 233 159
36.2116 -525.8549 3925.5435 235 233 161
39.4089 -526.5025 3930.3777 235 233 160
42.5616 -526.5025 3930.3777 234 232 158
45.7707 -527.1517 3935.2241 234 232 158
49.0482 -528.4549 3944.9526 234 234 162
52.2126 -528.4549 3944.9526 234 234 163
55.3086 -527.8025 3940.0825 233 233 161
58.4691 -527.8025 3940.0825 233 232 162
61.4778 -526.5025 3930.3777 233 231 161
64.7901 -527.8025 3940.0825 231 230 163
67.9506 -527.8025 3940.0825 222 221 153
71.0234 -527.1517 3935.2241 211 211 142
74.0887 -526.5025 3930.3777 214 214 147
108.5953 -594.6037 4438.7578 239 240 177
112.3120 -595.4318 4444.9399 239 242 181
116.0391 -596.2623 4451.1392 219 220 158
119.2768 -594.6037 4438.7578 196 196 126
122.8373 -594.6037 4438.7578 199 198 125
126.2222 -593.7778 4432.5928 217 214 141
129.4183 -592.1330 4420.3140 213 211 136
133.1484 -592.9543 4426.4448 210 208 133
137.0793 -594.6037 4438.7578 207 205 131
140.4445 -593.7778 4432.5928 210 208 136
144.2003 -594.6037 4438.7578 217 216 144
147.9666 -595.4318 4444.9399 219 218 144
151.5321 -595.4318 4444.9399 218 217 145
155.3138 -596.2623 4451.1392 217 217 145
158.6630 -595.4318 4444.9399 211 213 143
162.4547 -596.2623 4451.1392 204 205 135
166.0251 -596.2623 4451.1392 209 209 135
169.5956 -596.2623 4451.1392 211 209 135
173.4078 -597.0950 4457.3560 209 207 134
176.9833 -597.0950 4457.3560 208 206 132
180.5587 -597.0950 4457.3560 208 206 132
184.6499 -598.7675 4469.8413 205 206 134
188.2353 -598.7675 4469.8413 204 205 133
192.0898 -599.6073 4476.1104 204 205 135
195.6802 -599.6073 4476.1104 204 206 137
199.2707 -599.6073 4476.1104 209 208 137
202.5770 -598.7675 4469.8413 207 206 137
206.1625 -598.7675 4469.8413 204 204 136
209.7479 -598.7675 4469.8413 204 206 138
213.3333 -598.7675 4469.8413 201 205 142
216.9188 -598.7675 4469.8413 203 205 141
220.5042 -598.7675 4469.8413 205 207 141
224.0897 -598.7675 4469.8413 203 205 139
227.0391 -597.0950 4457.3560 210 211 148
230.6145 -597.0950 4457.3560 204 205 142
234.1900 -597.0950 4457.3560 189 192 131
237.7654 -597.0950 4457.3560 195 199 142
241.3408 -597.0950 4457.3560 221 224 163
244.2340 -595.4318 4444.9399 230 232 166
247.7995 -595.4318 4444.9399 219 217 162
251.3649 -595.4318 4444.9399 209 202 164
253.8696 -592.9543 4426.4448 210 202 168
258.1907 -522.6406 3901.5486 231 226 147
261.3203 -522.6406 3901.5486 228 223 137
263.8049 -521.3659 3892.0327 237 232 151
266.6017 -520.7308 3887.2920 237 235 161
269.3917 -520.0974 3882.5630 221 219 146
272.5061 -520.0974 3882.5630 193 189 121
275.6205 -520.0974 3882.5630 184 180 111
278.3961 -519.4654 3877.8455 196 196 127
281.5067 -519.4654 3877.8455 205 205 135
284.2719 -518.8350 3873.1392 194 196 131
287.3787 -518.8350 3873.1392 196 198 133
290.1334 -518.2061 3868.4446 194 196 133
293.2364 -518.2061 3868.4446 194 197 133
296.3394 -518.2061 3868.4446 197 199 134
299.4424 -518.2061 3868.4446 199 199 133
301.8138 -516.9529 3859.0891 201 200 132
304.9093 -516.9529 3859.0891 202 203 136
307.6329 -516.3286 3854.4285 201 202 139
310.7247 -516.3286 3854.4285 196 197 136
313.8165 -516.3286 3854.4285 198 200 138
317.2914 -516.9529 3859.0891 198 200 138
320.0000 -516.3286 3854.4285 199 200 138
323.0918 -516.3286 3854.4285 200 202 143
326.5780 -516.9529 3859.0891 200 203 144
329.6736 -516.9529 3859.0891 200 202 143
332.7691 -516.9529 3859.0891 202 203 143
335.8646 -516.9529 3859.0891 199 201 139
338.9601 -516.9529 3859.0891 196 198 137
341.6425 -516.3286 3854.4285 200 203 141
345.1512 -516.9529 3859.0891 201 204 140
348.2467 -516.9529 3859.0891 204 206 141
351.3422 -516.9529 3859.0891 205 207 143
353.5826 -515.7057 3849.7791 204 206 143
357.5333 -516.9529 3859.0891 203 204 143
360.1932 -516.3286 3854.4285 203 205 144
362.8468 -515.7057 3849.7791 202 205 143
365.9349 -515.7057 3849.7791 200 201 139
369.4686 -516.3286 3854.4285 206 206 144
372.5604 -516.3286 3854.4285 211 213 151
375.6522 -516.3286 3854.4285 190 190 130
378.2871 -515.7057 3849.7791 189 191 131
381.3752 -515.7057 3849.7791 198 201 138
384.4633 -515.7057 3849.7791 226 225 157
388.0193 -516.3286 3854.4285 229 228 156
390.6394 -515.7057 3849.7791 230 230 160
394.2029 -516.3286 3854.4285 203 210 151
453.8182 -555.2209 4144.7622 209 174 147
454.7804 -552.3515 4123.3423 225 187 156
457.4968 -551.6387 4118.0215 226 186 152
460.8000 -551.6387 4118.0215 220 183 149
464.7029 -552.3515 4123.3423 216 182 149
468.0104 -552.3515 4123.3423 211 178 145
470.1031 -550.9279 4112.7148 182 150 124
472.7928 -550.2188 4107.4219 172 142 115
476.0875 -550.2188 4107.4219 179 150 120
479.3823 -550.2188 4107.4219 202 170 142
483.2990 -550.9279 4112.7148 199 167 139
486.5980 -550.9279 4112.7148 197 166 139
488.6376 -549.5117 4102.1426 199 169 142
491.9281 -549.5117 4102.1426 202 170 145
495.2185 -549.5117 4102.1426 201 168 142
497.8691 -548.8062 4096.8765 202 169 142
501.7996 -549.5117 4102.1426 206 172 146
505.0900 -549.5117 4102.1426 208 175 152
509.0348 -550.2188 4107.4219 215 180 157
511.6710 -549.5117 4102.1426 219 181 159
514.9615 -549.5117 4102.1426 221 184 161
518.2520 -549.5117 4102.1426 223 188 164
522.2137 -550.2188 4107.4219 222 188 165
525.5084 -550.2188 4107.4219 221 187 165
528.1235 -549.5117 4102.1426 219 185 163
531.4139 -549.5117 4102.1426 215 182 160
535.3926 -550.2188 4107.4219 210 178 158
538.6873 -550.2188 4107.4219 201 171 152
541.9820 -550.2188 4107.4219 195 165 146
544.5759 -549.5117 4102.1426 192 163 142
548.5715 -550.2188 4107.4219 194 165 141
551.8662 -550.2188 4107.4219 195 167 142
555.1609 -550.2188 4107.4219 196 167 143
558.4556 -550.2188 4107.4219 198 168 143
561.0283 -549.5117 4102.1426 197 169 145
564.3188 -549.5117 4102.1426 195 167 144
567.6093 -549.5117 4102.1426 195 168 143
570.1669 -548.8062 4096.8765 192 164 140
574.1903 -549.5117 4102.1426 201 174 147
576.7394 -548.8062 4096.8765 207 180 153
580.0257 -548.8062 4096.8765 183 154 131
582.5641 -548.1026 4091.6240 183 154 132
586.5982 -548.8062 4096.8765 200 169 145
589.1282 -548.1026 4091.6240 231 197 170
593.1708 -548.8062 4096.8765 221 194 168
595.6923 -548.1026 4091.6240 193 182 151
598.2075 -547.4008 4086.3850 189 183 151
601.4853 -547.4008 4086.3850 189 184 152
604.7632 -547.4008 4086.3850 189 184 152
607.2634 -546.7008 4081.1594 190 184 154
609.7574 -546.0026 4075.9473 190 186 154
-306.7640 -523.2117 3882.5630 242 215 173
-290.4854 -521.9418 3873.1392 210 208 140
-283.9273 -521.3091 3868.4446 228 227 156
-280.8243 -521.3091 3868.4446 222 221 153
-277.7212 -521.3091 3868.4446 223 223 156
-274.6182 -521.3091 3868.4446 224 224 154
-271.5152 -521.3091 3868.4446 223 223 151
-268.4121 -521.3091 3868.4446 222 222 150
-264.9879 -520.6780 3863.7612 220 219 150
-262.2061 -521.3091 3868.4446 220 219 153
-258.7894 -520.6780 3863.7612 223 224 157
-256.0000 -521.3091 3868.4446 227 228 161
-252.8970 -521.3091 3868.4446 232 232 162
-249.7939 -521.3091 3868.4446 236 235 166
-246.3923 -520.6780 3863.7612 237 236 166
-243.2930 -520.6780 3863.7612 237 235 165
-240.4849 -521.3091 3868.4446 236 236 164
-237.3818 -521.3091 3868.4446 237 236 165
-234.2788 -521.3091 3868.4446 237 235 164
-231.1758 -521.3091 3868.4446 233 232 163
-228.0728 -521.3091 3868.4446 228 228 160
-225.2427 -521.9418 3873.1392 223 223 155
-222.1359 -521.9418 3873.1392 216 216 149
-219.0291 -521.9418 3873.1392 215 214 144
-215.9223 -521.9418 3873.1392 217 215 144
-212.8155 -521.9418 3873.1392 219 218 145
-200.3884 -521.9418 3873.1392 219 220 154
-197.5213 -522.5760 3877.8455 221 222 157
-194.4107 -522.5760 3877.8455 228 229 161
-191.5329 -523.2117 3882.5630 207 208 139
-188.4185 -523.2117 3882.5630 202 202 138
-185.0790 -522.5760 3877.8455 207 210 150
-160.0000 -565.8948 4199.2983 197 167 133
-156.8380 -566.6404 4204.8311 223 191 161
-153.2632 -565.8948 4199.2983 216 183 151
-150.2903 -567.3879 4210.3784 211 180 146
-146.5263 -565.8948 4199.2983 210 181 147
-142.9698 -565.1511 4193.7803 214 182 149
-139.4226 -564.4095 4188.2764 221 187 153
-137.1429 -568.8890 4221.5171 221 186 154
-133.2279 -566.6404 4204.8311 220 186 154
-91.0604 -577.2886 4283.8481 214 181 154
-65.9445 -568.1375 4215.9404 212 180 150
-62.6455 -568.8890 4221.5171 220 188 160
-59.1810 -568.1375 4215.9404 224 193 165
-55.8730 -568.8890 4221.5171 198 169 140
-14.1872 -529.6552 3930.3777 226 225 158
-11.0209 -529.0037 3925.5435 219 219 154
-7.8624 -528.3538 3920.7207 216 215 148
-4.7174 -528.3538 3920.7207 219 217 150
-1.5648 -525.7702 3901.5486 216 215 148
1.5648 -525.7702 3901.5486 221 222 155
4.7174 -528.3538 3920.7207 232 231 163
7.8335 -526.4138 3906.3240 237 235 163
10.9939 -527.7055 3915.9102 239 237 166
20.2680 -523.8490 3887.2920 235 233 159
23.4432 -525.1282 3896.7849 235 232 158
26.5690 -525.1282 3896.7849 235 232 158
29.6224 -523.8490 3887.2920 234 232 158
32.7805 -524.4879 3892.0327 234 232 160
35.9463 -525.1282 3896.7849 234 233 160
39.1198 -525.7702 3901.5486 233 233 159
42.3529 -527.0588 3911.1113 233 232 157
45.5460 -527.7055 3915.9102 233 231 156
48.8069 -529.0037 3925.5435 234 232 160
52.0197 -529.6552 3930.3777 236 234 162
55.0369 -528.3538 3920.7207 235 233 162
58.3251 -529.6552 3930.3777 233 232 163
61.2515 -527.7055 3915.9102 229 227 160
64.5510 -529.0037 3925.5435 216 216 150
67.7832 -529.6552 3930.3777 210 211 142
70.7617 -528.3538 3920.7207 215 214 145
73.7255 -527.0588 3911.1113 218 218 151
112.1558 -598.1642 4438.7578 240 242 183
115.8774 -598.9973 4444.9399 221 223 162
119.1111 -597.3334 4432.5928 198 199 132
122.6667 -597.3334 4432.5928 195 195 123
126.0472 -596.5049 4426.4448 216 214 141
129.2393 -594.8548 4414.2002 212 209 137
132.9640 -595.6787 4420.3140 206 206 131
136.8889 -597.3334 4432.5928 207 207 132
140.2497 -596.5049 4426.4448 207 205 132
144.0000 -597.3334 4432.5928 205 206 132
147.7608 -598.1642 4438.7578 208 209 137
151.3213 -598.1642 4438.7578 209 208 138
155.0975 -598.9973 4444.9399 209 208 135
158.4423 -598.1642 4438.7578 209 208 137
162.4547 -599.8327 4451.1392 208 207 138
166.0251 -599.8327 4451.1392 209 208 136
169.5956 -599.8327 4451.1392 209 208 136
173.1660 -599.8327 4451.1392 207 207 133
176.9833 -600.6705 4457.3560 208 206 133
180.5587 -600.6705 4457.3560 208 206 133
184.3916 -601.5106 4463.5898 204 205 134
187.9720 -601.5106 4463.5898 203 206 136
191.8207 -602.3530 4469.8413 206 206 139
195.4062 -602.3530 4469.8413 205 208 142
198.9916 -602.3530 4469.8413 204 206 139
202.5770 -602.3530 4469.8413 204 205 140
205.8741 -601.5106 4463.5898 204 205 142
209.4546 -601.5106 4463.5898 203 208 142
213.3333 -602.3530 4469.8413 201 204 145
216.6154 -601.5106 4463.5898 203 205 144
220.1958 -601.5106 4463.5898 201 205 143
223.7762 -601.5106 4463.5898 204 207 143
226.7225 -599.8327 4451.1392 208 209 144
230.2929 -599.8327 4451.1392 210 214 150
233.8633 -599.8327 4451.1392 189 192 130
237.1031 -598.9973 4444.9399 194 197 139
241.0042 -599.8327 4451.1392 211 216 154
243.8943 -598.1642 4438.7578 229 232 166
247.1111 -597.3334 4432.5928 223 224 162
250.6667 -597.3334 4432.5928 205 202 158
253.1674 -594.8548 4414.2002 203 199 163
256.3536 -594.0331 4408.1030 203 199 163
257.5610 -524.4879 3892.0327 231 227 148
260.6830 -524.4879 3892.0327 229 224 138
263.4836 -523.8490 3887.2920 235 232 148
265.9539 -522.5760 3877.8455 237 236 161
269.0644 -522.5760 3877.8455 226 224 151
272.1750 -522.5760 3877.8455 193 190 123
275.2856 -522.5760 3877.8455 183 180 112
278.0583 -521.9418 3873.1392 194 193 125
281.1651 -521.9418 3873.1392 206 204 134
283.9273 -521.3091 3868.4446 197 198 132
287.0303 -521.3091 3868.4446 196 197 132
289.7821 -520.6780 3863.7612 195 193 128
292.8814 -520.6780 3863.7612 209 208 138
295.9807 -520.6780 3863.7612 219 216 143
298.7183 -520.0484 3859.0891 218 216 143
301.4493 -519.4203 3854.4285 216 217 144
304.5411 -519.4203 3854.4285 218 218 145
307.2618 -518.7938 3849.7791 213 213 144
309.9759 -518.1687 3845.1406 199 200 134
312.6835 -517.5452 3840.5134 199 199 134
316.5259 -518.7938 3849.7791 199 200 135
319.2289 -518.1687 3845.1406 200 201 137
322.3133 -518.1687 3845.1406 199 202 138
325.7901 -518.7938 3849.7791 198 200 137
328.4819 -518.1687 3845.1406 201 203 137
331.9662 -518.7938 3849.7791 204 205 141
335.0543 -518.7938 3849.7791 204 206 141
338.1424 -518.7938 3849.7791 199 203 139
340.8193 -518.1687 3845.1406 205 209 147
344.3185 -518.7938 3849.7791 211 214 148
347.4066 -518.7938 3849.7791 213 215 145
350.9179 -519.4203 3854.4285 214 214 145
353.1566 -518.1687 3845.1406 214 214 144
356.6707 -518.7938 3849.7791 212 213 147
359.7588 -518.7938 3849.7791 202 205 141
362.4097 -518.1687 3845.1406 202 205 141
365.0542 -517.5452 3840.5134 202 202 138
369.0229 -518.7938 3849.7791 205 205 140
371.6627 -518.1687 3845.1406 212 214 149
374.7470 -518.1687 3845.1406 188 187 126
377.3767 -517.5452 3840.5134 186 189 130
380.4573 -517.5452 3840.5134 194 197 137
383.5379 -517.5452 3840.5134 224 226 158
387.0844 -518.1687 3845.1406 229 230 160
389.2308 -516.9231 3835.8975 231 231 164
392.7798 -517.5452 3840.5134 210 219 159
393.9641 -515.0659 3822.1160 198 213 165
397.9832 -516.3026 3831.2927 198 212 168
451.6667 -560.0001 4155.5557 211 174 149
453.8182 -558.5455 4144.7622 210 172 148
455.3687 -556.3778 4128.6763 220 180 153
457.4968 -554.9420 4118.0215 226 186 155
460.8000 -554.9420 4118.0215 217 181 148
464.7029 -555.6590 4123.3423 215 180 147
468.0104 -555.6590 4123.3423 213 179 148
470.7097 -554.9420 4118.0215 185 153 127
472.7928 -553.5135 4107.4219 173 145 120
476.0875 -553.5135 4107.4219 176 148 120
479.3823 -553.5135 4107.4219 203 175 147
483.2990 -554.2269 4112.7148 197 168 143
485.9717 -553.5135 4107.4219 192 163 140
488.6376 -552.8021 4102.1426 195 168 146
491.9281 -552.8021 4102.1426 194 168 147
494.5829 -552.0925 4096.8765 196 170 148
497.2308 -551.3846 4091.6240 198 172 148
501.1554 -552.0925 4096.8765 198 170 147
503.7949 -551.3846 4091.6240 197 167 145
507.7279 -552.0925 4096.8765 199 168 147
510.3590 -551.3846 4091.6240 196 166 145
513.6411 -551.3846 4091.6240 193 165 143
516.9232 -551.3846 4091.6240 197 168 145
520.2052 -551.3846 4091.6240 198 168 145
523.4872 -551.3846 4091.6240 196 168 145
526.7692 -551.3846 4091.6240 193 166 143
530.0513 -551.3846 4091.6240 195 168 145
534.0180 -552.0925 4096.8765 195 168 145
537.3043 -552.0925 4096.8765 194 167 143
540.5905 -552.0925 4096.8765 195 166 142
543.1795 -551.3846 4091.6240 196 167 143
547.1631 -552.0925 4096.8765 210 179 154
550.4493 -552.0925 4096.8765 211 182 155
553.7356 -552.0925 4096.8765 213 184 156
557.0219 -552.0925 4096.8765 215 185 158
559.5898 -551.3846 4091.6240 218 187 162
562.8718 -551.3846 4091.6240 202 172 151
566.8807 -552.0925 4096.8765 195 166 142
569.4359 -551.3846 4091.6240 196 168 143
572.7180 -551.3846 4091.6240 199 171 146
576.0000 -551.3846 4091.6240 204 177 150
578.5403 -550.6786 4086.3850 188 161 136
581.0742 -549.9745 4081.1594 182 154 131
584.3478 -549.9745 4081.1594 196 166 142
587.6215 -549.9745 4081.1594 223 190 163
591.6517 -550.6786 4086.3850 228 199 172
594.1688 -549.9745 4081.1594 201 185 156
596.6794 -549.2720 4075.9473 189 184 153
599.1837 -548.5714 4070.7483 188 185 153
602.4490 -548.5714 4070.7483 188 186 153
604.9427 -547.8727 4065.5627 189 186 154
607.4301 -547.1756 4060.3904 189 186 155
-312.6124 -525.6865 3877.8455 221 188 161
-308.7516 -524.4122 3868.4446 223 190 161
-306.0194 -525.0485 3873.1392 229 205 161
-296.3394 -524.4122 3868.4446 212 210 135
-293.2364 -524.4122 3868.4446 202 200 133
-290.1334 -524.4122 3868.4446 209 206 139
-286.6828 -523.7773 3863.7612 232 229 159
-283.5836 -523.7773 3863.7612 225 224 154
-280.4843 -523.7773 3863.7612 220 220 152
-277.3850 -523.7773 3863.7612 221 222 157
-274.2857 -523.7773 3863.7612 219 222 155
-271.1865 -523.7773 3863.7612 223 224 156
-268.0872 -523.7773 3863.7612 221 223 154
-264.6675 -523.1439 3859.0891 221 222 154
-261.8886 -523.7773 3863.7612 221 222 154
-258.4764 -523.1439 3859.0891 220 221 153
-255.6901 -523.7773 3863.7612 215 217 150
-252.2854 -523.1439 3859.0891 217 218 150
-249.1899 -523.1439 3859.0891 218 219 152
-245.7971 -522.5121 3854.4285 220 220 153
-242.7053 -522.5121 3854.4285 217 219 152
-239.9033 -523.1439 3859.0891 218 220 152
-236.8077 -523.1439 3859.0891 217 219 150
-233.7122 -523.1439 3859.0891 219 220 152
-230.8959 -523.7773 3863.7612 217 216 147
-227.5212 -523.1439 3859.0891 216 215 147
-224.6974 -523.7773 3863.7612 215 215 149
-221.3301 -523.1439 3859.0891 220 219 151
-218.2346 -523.1439 3859.0891 219 218 149
-215.6606 -524.4122 3868.4446 218 217 148
-212.3003 -523.7773 3863.7612 218 218 149
-200.1455 -524.4122 3868.4446 218 219 153
-194.1748 -525.0485 3873.1392 229 228 161
-191.0680 -525.0485 3873.1392 207 205 138
-188.1896 -525.6865 3877.8455 205 204 139
-184.8544 -525.0485 3873.1392 210 212 149
-159.7898 -568.5151 4193.7803 192 160 127
-156.4258 -568.5151 4193.7803 223 189 157
-153.0618 -568.5151 4193.7803 218 183 148
-149.8947 -569.2632 4199.2983 214 180 145
-146.3338 -568.5151 4193.7803 210 179 145
-142.7822 -567.7690 4188.2764 223 190 158
-139.4226 -567.7690 4188.2764 240 204 170
-136.7810 -570.7652 4210.3784 242 205 171
-133.0526 -569.2632 4199.2983 240 203 171
-130.1982 -571.5192 4215.9404 238 200 166
-126.8164 -571.5192 4215.9404 234 196 163
-123.2718 -570.7652 4210.3784 214 182 150
-119.8945 -570.7652 4210.3784 217 186 154
-116.6711 -571.5192 4215.9404 219 187 155
-112.9908 -570.0132 4204.8311 218 186 155
-109.7625 -570.7652 4210.3784 215 183 152
-106.5258 -571.5192 4215.9404 213 182 149
-103.1440 -571.5192 4215.9404 213 181 150
-99.6306 -570.7652 4210.3784 214 180 151
-96.3805 -571.5192 4215.9404 212 181 150
-92.7536 -570.0132 4204.8311 215 184 154
-69.2348 -570.7652 4210.3784 215 182 154
-65.7708 -570.0132 4204.8311 214 181 152
-62.4802 -570.7652 4210.3784 219 188 159
-59.0250 -570.0132 4204.8311 227 196 169
-10.9939 -530.8467 3915.9102 223 223 159
-7.8431 -530.1961 3911.1113 216 214 148
-4.7001 -529.5471 3906.3240 219 216 147
-1.5610 -527.6098 3892.0327 221 218 148
1.5610 -527.6098 3892.0327 216 216 146
4.7059 -530.1961 3911.1113 214 214 146
7.8144 -528.2540 3896.7849 219 219 152
10.9535 -528.8998 3901.5486 228 227 162
14.0146 -526.3260 3882.5630 233 233 169
17.1498 -526.9672 3887.2920 234 232 167
20.2187 -525.6865 3877.8455 234 232 163
23.3577 -526.3260 3882.5630 234 231 158
26.4720 -526.3260 3882.5630 234 231 157
29.5504 -525.6865 3877.8455 233 232 158
32.7007 -526.3260 3882.5630 234 232 159
35.8151 -526.3260 3882.5630 234 232 159
38.9294 -526.3260 3882.5630 234 232 157
42.0950 -526.9672 3887.2920 233 232 157
45.2683 -527.6098 3892.0327 232 231 157
48.3902 -527.6098 3892.0327 232 231 158
51.5122 -527.6098 3892.0327 233 231 160
54.6341 -527.6098 3892.0327 230 227 161
60.9524 -528.2540 3896.7849 211 210 144
64.0782 -528.2540 3896.7849 212 211 144
67.3684 -529.5471 3906.3240 217 216 146
70.3297 -528.2540 3896.7849 217 215 147
73.2765 -526.9672 3887.2920 216 216 151
112.0000 -600.8889 4432.5928 240 241 182
115.8774 -602.5627 4444.9399 226 229 165
119.1111 -600.8889 4432.5928 199 200 133
122.6667 -600.8889 4432.5928 196 196 123
126.0472 -600.0555 4426.4448 209 208 135
129.2393 -598.3956 4414.2002 211 211 137
132.9640 -599.2244 4420.3140 209 210 136
136.6990 -600.0555 4426.4448 208 211 137
140.0554 -599.2244 4420.3140 210 210 137
143.8003 -600.0555 4426.4448 210 210 136
147.5556 -600.8889 4432.5928 210 210 139
151.1111 -600.8889 4432.5928 211 211 141
155.0975 -602.5627 4444.9399 211 212 140
158.2222 -600.8889 4432.5928 212 212 141
162.2284 -602.5627 4444.9399 212 214 144
165.5633 -601.7247 4438.7578 211 213 144
169.1238 -601.7247 4438.7578 209 212 144
172.9248 -602.5627 4444.9399 209 210 143
176.7364 -603.4031 4451.1392 208 210 142
180.3069 -603.4031 4451.1392 208 211 143
184.1341 -604.2459 4457.3560 206 209 144
187.7095 -604.2459 4457.3560 208 209 144
191.5525 -605.0909 4463.5898 209 209 141
195.1329 -605.0909 4463.5898 209 209 142
198.7133 -605.0909 4463.5898 208 209 142
202.0112 -604.2459 4457.3560 206 206 139
205.5866 -604.2459 4457.3560 207 207 140
209.1620 -604.2459 4457.3560 207 209 142
212.7375 -604.2459 4457.3560 206 209 144
216.0112 -603.4031 4451.1392 204 209 145
219.5816 -603.4031 4451.1392 203 205 142
223.1520 -603.4031 4451.1392 201 203 141
226.0918 -601.7247 4438.7578 207 207 144
229.6523 -601.7247 4438.7578 198 199 135
233.5376 -602.5627 4444.9399 189 190 128
236.7733 -601.7247 4438.7578 193 195 133
240.6685 -602.5627 4444.9399 203 206 145
243.5556 -600.8889 4432.5928 228 231 165
246.4266 -599.2244 4420.3140 226 227 162
249.9723 -599.2244 4420.3140 206 204 156
252.8177 -597.5691 4408.1030 202 201 162
256.0000 -596.7448 4402.0229 202 200 163
257.2473 -526.9672 3887.2920 231 227 147
260.0487 -526.3260 3882.5630 230 225 139
263.1630 -526.3260 3882.5630 235 232 151
265.6311 -525.0485 3873.1392 237 235 161
268.7379 -525.0485 3873.1392 231 230 160
271.8447 -525.0485 3873.1392 195 195 131
274.9515 -525.0485 3873.1392 178 179 113
277.7212 -524.4122 3868.4446 190 189 122
280.4843 -523.7773 3863.7612 205 205 137
283.5836 -523.7773 3863.7612 201 201 135
286.6828 -523.7773 3863.7612 198 199 133
289.4317 -523.1439 3859.0891 198 195 131
292.5272 -523.1439 3859.0891 212 210 139
295.2657 -522.5121 3854.4285 223 221 147
298.7183 -523.1439 3859.0891 220 219 147
300.7229 -521.2531 3845.1406 220 220 150
304.1737 -521.8818 3849.7791 223 223 152
306.5223 -520.6257 3840.5134 219 219 151
309.2308 -520.0001 3835.8975 198 199 133
312.3077 -520.0001 3835.8975 199 198 133
315.3846 -520.0001 3835.8975 199 199 135
318.4615 -520.0001 3835.8975 200 201 137
321.1525 -519.3758 3831.2927 197 197 136
324.6154 -520.0001 3835.8975 193 195 132
327.2990 -519.3758 3831.2927 198 201 135
330.7692 -520.0001 3835.8975 204 206 142
333.8462 -520.0001 3835.8975 203 204 141
336.9231 -520.0001 3835.8975 200 202 137
339.5919 -519.3758 3831.2927 213 215 148
343.4898 -520.6257 3840.5134 224 224 151
346.5704 -520.6257 3840.5134 224 224 151
350.0723 -521.2531 3845.1406 224 224 153
351.8848 -519.3758 3831.2927 225 224 155
355.8123 -520.6257 3840.5134 223 223 157
358.8929 -520.6257 3840.5134 202 203 140
361.1045 -519.3758 3831.2927 204 205 140
364.1777 -519.3758 3831.2927 202 203 139
368.1348 -520.6257 3840.5134 207 208 147
370.7693 -520.0001 3835.8975 214 215 153
373.8462 -520.0001 3835.8975 190 192 129
376.4706 -519.3758 3831.2927 184 184 125
379.0887 -518.7530 3826.6987 192 194 132
382.1583 -518.7530 3826.6987 224 225 157
385.6903 -519.3758 3831.2927 230 231 162
388.2974 -518.7530 3826.6987 231 232 164
391.8368 -519.3758 3831.2927 214 221 162
393.0227 -516.8937 3812.9829 199 215 166
397.0300 -518.1318 3822.1160 198 213 167
398.1883 -515.6615 3803.8936 198 212 167
449.3265 -560.4146 4134.0244 210 167 143
452.6425 -560.4146 4134.0244 210 166 143
454.1935 -558.2452 4118.0215 211 167 144
456.9072 -557.5258 4112.7148 224 183 156
460.2062 -557.5258 4112.7148 218 181 148
463.5052 -557.5258 4112.7148 214 178 145
466.8041 -557.5258 4112.7148 212 178 146
469.4981 -556.8083 4107.4219 195 164 136
472.1851 -556.0927 4102.1426 178 149 125
474.8652 -555.3787 4096.8765 168 142 116
478.1515 -555.3787 4096.8765 189 163 136
481.4377 -555.3787 4096.8765 195 166 141
484.7240 -555.3787 4096.8765 191 162 138
487.3846 -554.6667 4091.6240 193 165 141
490.6667 -554.6667 4091.6240 191 163 139
493.3163 -553.9565 4086.3850 200 172 146
495.9591 -553.2481 4081.1594 209 181 152
499.2328 -553.2481 4081.1594 211 183 157
502.5064 -553.2481 4081.1594 216 186 160
506.4277 -553.9565 4086.3850 217 186 161
509.7055 -553.9565 4086.3850 210 180 157
512.9834 -553.9565 4086.3850 194 166 144
516.2612 -553.9565 4086.3850 195 167 144
518.8747 -553.2481 4081.1594 195 167 145
522.1484 -553.2481 4081.1594 193 165 143
525.4220 -553.2481 4081.1594 192 163 141
528.6957 -553.2481 4081.1594 191 163 141
532.6505 -553.9565 4086.3850 192 164 142
535.9283 -553.9565 4086.3850 194 163 142
539.2062 -553.9565 4086.3850 198 167 144
541.7903 -553.2481 4081.1594 200 168 146
546.4615 -554.6667 4091.6240 209 177 155
549.7436 -554.6667 4091.6240 206 174 154
553.0256 -554.6667 4091.6240 198 167 148
556.3077 -554.6667 4091.6240 198 169 148
558.8732 -553.9565 4086.3850 205 177 155
562.1511 -553.9565 4086.3850 204 176 155
565.4290 -553.9565 4086.3850 195 168 144
568.7068 -553.9565 4086.3850 198 171 146
571.2532 -553.2481 4081.1594 196 168 143
574.5269 -553.2481 4081.1594 201 174 148
577.0626 -552.5415 4075.9473 202 174 149
579.5919 -551.8367 4070.7483 186 158 134
582.8572 -551.8367 4070.7483 189 160 136
586.1224 -551.8367 4070.7483 211 179 153
590.1405 -552.5415 4075.9473 232 200 172
591.8981 -551.1338 4065.5627 215 193 164
593.6468 -549.7332 4055.2310 195 187 155
596.8997 -549.7332 4055.2310 193 188 156
600.1525 -549.7332 4055.2310 194 190 156
601.8758 -548.3397 4044.9514 194 190 156
605.1204 -548.3397 4044.9514 193 191 158
-311.4770 -526.8766 3863.7612 223 190 162
-308.0049 -526.2394 3859.0891 222 190 158
-305.6485 -527.5152 3868.4446 227 206 157
-301.8138 -526.2394 3859.0891 234 227 150
-299.0799 -526.8766 3863.7612 233 228 149
-295.6227 -526.2394 3859.0891 211 209 138
-292.8814 -526.8766 3863.7612 203 203 134
-289.7821 -526.8766 3863.7612 212 210 141
-286.3362 -526.2394 3859.0891 229 228 157
-283.2406 -526.2394 3859.0891 223 223 155
-280.1451 -526.2394 3859.0891 222 220 148
-277.0496 -526.2394 3859.0891 218 218 148
-273.9540 -526.2394 3859.0891 225 224 157
-270.8586 -526.2394 3859.0891 235 232 161
-267.7630 -526.2394 3859.0891 236 234 160
-264.3478 -525.6039 3854.4285 235 235 163
-261.5720 -526.2394 3859.0891 236 235 163
-257.8529 -524.9699 3849.7791 235 235 163
-255.0725 -525.6039 3854.4285 218 219 151
-251.6767 -524.9699 3849.7791 218 219 150
-248.5887 -524.9699 3849.7791 221 219 148
-245.2048 -524.3373 3845.1406 222 220 148
-242.4126 -524.9699 3849.7791 220 220 149
-239.6136 -525.6039 3854.4285 220 220 150
-236.2365 -524.9699 3849.7791 221 219 148
-233.1484 -524.9699 3849.7791 220 218 147
-230.3382 -525.6039 3854.4285 219 219 146
-226.9723 -524.9699 3849.7791 217 217 147
-224.1546 -525.6039 3854.4285 221 221 153
-220.7961 -524.9699 3849.7791 232 232 160
-217.7081 -524.9699 3849.7791 233 232 159
-214.8792 -525.6039 3854.4285 232 232 158
-211.5320 -524.9699 3849.7791 231 230 158
-208.9480 -526.2394 3859.0891 229 228 157
-206.1017 -526.8766 3863.7612 217 219 152
-202.7570 -526.2394 3859.0891 219 220 154
-199.6614 -526.2394 3859.0891 219 222 155
-196.8039 -526.8766 3863.7612 224 225 158
-193.7046 -526.8766 3863.7612 227 227 162
-190.8364 -527.5152 3868.4446 208 206 141
-187.7333 -527.5152 3868.4446 204 203 138
-184.6303 -527.5152 3868.4446 212 212 146
-162.7261 -570.3801 4182.7871 187 157 125
-159.3709 -570.3801 4182.7871 190 160 126
-156.2205 -571.1286 4188.2764 219 186 155
-152.6606 -570.3801 4182.7871 216 183 150
-149.5013 -571.1286 4188.2764 211 179 145
-146.1417 -571.1286 4188.2764 211 180 146
-142.4084 -569.6335 4177.3125 220 188 158
-139.0576 -569.6335 4177.3125 228 193 163
-136.4211 -572.6316 4199.2983 231 195 167
-132.7034 -571.1286 4188.2764 225 190 165
-129.6842 -572.6316 4199.2983 229 194 167
-126.1498 -571.8792 4193.7803 236 201 170
-122.6247 -571.1286 4188.2764 215 183 150
-119.1088 -570.3801 4182.7871 217 185 154
-116.0578 -571.8792 4193.7803 216 185 152
-112.6938 -571.8792 4193.7803 214 182 152
-109.3298 -571.8792 4193.7803 207 175 146
-105.9658 -571.8792 4193.7803 202 171 141
-102.6018 -571.8792 4193.7803 208 176 147
-99.2378 -571.8792 4193.7803 210 179 147
-95.8739 -571.8792 4193.7803 211 180 147
-92.3885 -571.1286 4188.2764 212 181 152
-89.3808 -573.3860 4204.8311 237 204 176
-85.7819 -571.8792 4193.7803 239 205 175
-82.6350 -573.3860 4204.8311 231 197 170
-79.1579 -572.6316 4199.2983 229 196 170
-75.9895 -574.1425 4210.3784 228 195 170
-72.6121 -574.1425 4210.3784 223 190 163
-69.1436 -573.3860 4204.8311 214 183 153
-65.6842 -572.6316 4199.2983 215 184 154
-62.3158 -572.6316 4199.2983 222 191 162
-58.9474 -572.6316 4199.2983 228 198 170
-55.6522 -573.3860 4204.8311 207 177 150
-10.9402 -531.3798 3896.7849 223 222 157
-7.8049 -530.7318 3892.0327 214 213 146
-4.6829 -530.7318 3892.0327 218 217 150
-1.5572 -529.4404 3882.5630 218 216 150
1.5572 -529.4404 3882.5630 217 216 149
4.6886 -531.3798 3896.7849 217 217 149
7.7859 -529.4404 3882.5630 217 216 148
10.9135 -530.0853 3887.2920 216 217 151
13.9806 -528.1554 3873.1392 217 218 155
17.0874 -528.1554 3873.1392 216 217 156
20.1697 -527.5152 3868.4446 213 214 151
23.2727 -527.5152 3868.4446 217 216 151
26.4078 -528.1554 3873.1392 221 219 152
29.4788 -527.5152 3868.4446 222 222 153
32.6214 -528.1554 3873.1392 223 224 156
35.7282 -528.1554 3873.1392 224 224 156
38.7879 -527.5152 3868.4446 223 223 155
41.9927 -528.7971 3877.8455 222 222 156
45.1033 -528.7971 3877.8455 220 219 154
48.1553 -528.1554 3873.1392 214 214 149
51.2621 -528.1554 3873.1392 211 210 145
54.4350 -528.7971 3877.8455 212 210 146
57.6857 -530.0853 3887.2920 215 216 149
60.7299 -529.4404 3882.5630 216 215 147
63.8443 -529.4404 3882.5630 215 215 148
67.0402 -530.0853 3887.2920 215 216 150
70.0730 -529.4404 3882.5630 217 217 151
73.0984 -528.7971 3877.8455 215 216 150
76.3017 -529.4404 3882.5630 215 217 153
79.4161 -529.4404 3882.5630 221 222 159
82.5304 -529.4404 3882.5630 207 209 147
85.6448 -529.4404 3882.5630 199 200 140
88.7591 -529.4404 3882.5630 208 209 151
112.0000 -604.4445 4432.5928 239 240 180
116.0391 -606.9736 4451.1392 233 235 171
119.2768 -605.2852 4438.7578 200 201 131
122.8373 -605.2852 4438.7578 195 194 121
126.2222 -604.4445 4432.5928 197 195 120
129.2393 -601.9365 4414.2002 201 199 124
132.9640 -602.7701 4420.3140 197 197 120
136.6990 -603.6061 4426.4448 200 200 125
140.0554 -602.7701 4420.3140 200 199 127
143.6011 -602.7701 4420.3140 198 197 125
147.5556 -604.4445 4432.5928 200 200 128
151.1111 -604.4445 4432.5928 201 200 130
154.8818 -605.2852 4438.7578 200 199 130
158.2222 -604.4445 4432.5928 199 199 130
162.0028 -605.2852 4438.7578 200 201 131
165.5633 -605.2852 4438.7578 200 200 129
168.8889 -604.4445 4432.5928 196 195 124
172.6843 -605.2852 4438.7578 197 194 122
176.4903 -606.1282 4444.9399 197 195 123
179.8053 -605.2852 4438.7578 192 192 123
183.8773 -606.9736 4451.1392 195 195 127
187.1866 -606.1282 4444.9399 196 196 126
191.0181 -606.9736 4451.1392 192 192 125
194.8604 -607.8213 4457.3560 193 194 128
198.1590 -606.9736 4451.1392 192 193 125
201.7294 -606.9736 4451.1392 190 191 121
205.0139 -606.1282 4444.9399 192 194 126
208.5794 -606.1282 4444.9399 190 192 126
212.4407 -606.9736 4451.1392 192 193 127
215.4103 -605.2852 4438.7578 193 193 127
218.9708 -605.2852 4438.7578 190 190 123
222.5313 -605.2852 4438.7578 188 191 124
225.4646 -603.6061 4426.4448 193 195 129
228.6981 -602.7701 4420.3140 195 196 131
232.8889 -604.4445 4432.5928 200 200 134
236.1165 -603.6061 4426.4448 200 202 136
239.6671 -603.6061 4426.4448 207 210 142
242.8809 -602.7701 4420.3140 227 230 161
246.0858 -601.9365 4414.2002 228 229 161
249.6266 -601.9365 4414.2002 211 212 153
252.4690 -600.2759 4402.0229 203 201 160
255.6474 -599.4490 4395.9595 201 200 162
256.9343 -529.4404 3882.5630 231 227 145
259.7327 -528.7971 3877.8455 230 226 140
262.8433 -528.7971 3877.8455 236 231 151
265.3091 -527.5152 3868.4446 236 235 160
268.7379 -528.1554 3873.1392 233 233 163
271.5152 -527.5152 3868.4446 197 197 133
274.6182 -527.5152 3868.4446 183 183 113
277.3850 -526.8766 3863.7612 194 192 122
280.1451 -526.2394 3859.0891 207 206 138
283.2406 -526.2394 3859.0891 203 201 135
286.3362 -526.2394 3859.0891 199 199 133
289.0822 -525.6039 3854.4285 199 197 132
291.8215 -524.9699 3849.7791 211 209 141
294.9095 -524.9699 3849.7791 195 193 127
298.3575 -525.6039 3854.4285 177 174 111
300.3610 -523.7064 3840.5134 177 174 109
303.4417 -523.7064 3840.5134 186 184 119
305.7863 -522.4490 3831.2927 215 213 149
308.8596 -522.4490 3831.2927 200 201 137
311.5587 -521.8226 3826.6987 199 200 134
315.0060 -522.4490 3831.2927 197 198 134
317.6978 -521.8226 3826.6987 197 199 137
320.7674 -521.8226 3826.6987 192 192 132
324.2257 -522.4490 3831.2927 187 188 125
326.9065 -521.8226 3826.6987 196 198 134
329.9760 -521.8226 3826.6987 202 203 142
333.4454 -522.4490 3831.2927 202 204 141
336.5186 -522.4490 3831.2927 202 204 139
339.1847 -521.8226 3826.6987 213 213 147
342.6651 -522.4490 3831.2927 224 224 153
345.7383 -522.4490 3831.2927 215 216 148
349.2308 -523.0770 3835.8975 204 204 141
351.4629 -521.8226 3826.6987 202 204 142
354.9580 -522.4490 3831.2927 210 213 151
358.0312 -522.4490 3831.2927 205 205 145
360.6715 -521.8226 3826.6987 205 205 142
363.3054 -521.1976 3822.1160 202 203 140
366.8106 -521.8226 3826.6987 206 207 146
369.8801 -521.8226 3826.6987 215 216 152
372.9497 -521.8226 3826.6987 186 188 125
375.5689 -521.1976 3822.1160 186 187 127
378.1819 -520.5742 3817.5439 192 193 133
381.2440 -520.5742 3817.5439 225 226 157
384.7665 -521.1976 3822.1160 230 230 161
387.3684 -520.5742 3817.5439 231 231 163
390.8982 -521.1976 3822.1160 217 222 163
392.5537 -519.3317 3808.4329 194 203 158
396.0813 -519.9523 3812.9829 188 193 154
398.1883 -518.7128 3803.8936 188 184 146
449.3265 -563.7306 4134.0244 206 153 132
452.6425 -563.7306 4134.0244 203 149 128
454.1935 -561.5484 4118.0215 202 147 127
456.3192 -560.1030 4107.4219 217 168 143
459.6140 -560.1030 4107.4219 220 179 147
462.9086 -560.1030 4107.4219 213 178 146
465.6042 -559.3831 4102.1426 212 178 146
468.2927 -558.6650 4096.8765 207 174 145
470.9744 -557.9487 4091.6240 177 147 121
473.6492 -557.2343 4086.3850 168 141 115
476.9270 -557.2343 4086.3850 177 149 121
479.5908 -556.5218 4081.1594 200 170 143
482.8644 -556.5218 4081.1594 196 166 140
485.5173 -555.8110 4075.9473 196 165 140
488.7867 -555.8110 4075.9473 196 164 140
491.4286 -555.1021 4070.7483 208 175 151
494.6939 -555.1021 4070.7483 227 192 166
497.3249 -554.3950 4065.5627 227 193 169
500.5860 -554.3950 4065.5627 225 193 170
505.1342 -555.8110 4075.9473 225 193 171
508.4036 -555.8110 4075.9473 221 190 169
511.6731 -555.8110 4075.9473 197 168 147
515.6011 -556.5218 4081.1594 191 163 141
518.2120 -555.8110 4075.9473 190 162 141
521.4815 -555.8110 4075.9473 184 157 137
524.7510 -555.8110 4075.9473 181 156 136
527.3470 -555.1021 4070.7483 182 156 133
531.2899 -555.8110 4075.9473 186 158 136
535.2430 -556.5218 4081.1594 190 160 138
537.8289 -555.8110 4075.9473 193 162 141
540.4081 -555.1021 4070.7483 194 166 144
545.0640 -556.5218 4081.1594 200 172 151
549.0397 -557.2343 4086.3850 182 153 132
551.6113 -556.5218 4081.1594 183 154 130
554.8849 -556.5218 4081.1594 187 159 134
558.1586 -556.5218 4081.1594 190 163 136
560.7152 -555.8110 4075.9473 206 179 152
564.7059 -556.5218 4081.1594 196 170 146
567.2542 -555.8110 4075.9473 198 172 145
569.7959 -555.1021 4070.7483 197 171 145
572.3312 -554.3950 4065.5627 204 177 150
574.8601 -553.6896 4060.3904 210 181 155
577.3825 -552.9860 4055.2310 184 155 133
580.6354 -552.9860 4055.2310 185 157 133
583.8882 -552.9860 4055.2310 200 170 144
587.8881 -553.6896 4060.3904 231 197 168
589.6447 -552.2843 4050.0847 225 198 169
592.1420 -551.5843 4044.9514 201 189 157
595.3866 -551.5843 4044.9514 196 191 156
598.6312 -551.5843 4044.9514 194 191 155
600.3540 -550.1897 4034.7241 195 191 155
603.5905 -550.1897 4034.7241 195 192 155
-313.4379 -528.0579 3849.7791 209 176 147
-310.7247 -528.6957 3854.4285 210 177 148
-307.2618 -528.0579 3849.7791 216 184 154
-305.2785 -529.9758 3863.7612 227 208 160
-301.4493 -528.6957 3854.4285 234 228 151
-298.7183 -529.3350 3859.0891 232 228 148
-295.2657 -528.6957 3854.4285 208 206 135
-292.5272 -529.3350 3859.0891 200 201 133
-289.4317 -529.3350 3859.0891 210 209 142
-285.9904 -528.6957 3854.4285 227 227 156
-282.8986 -528.6957 3854.4285 222 221 152
-279.8068 -528.6957 3854.4285 223 221 149
-277.0496 -529.3350 3859.0891 220 219 149
-273.6232 -528.6957 3854.4285 230 230 160
-270.5314 -528.6957 3854.4285 242 239 170
-267.4396 -528.6957 3854.4285 239 237 169
-264.0290 -528.0579 3849.7791 235 236 168
-261.2561 -528.6957 3854.4285 238 238 169
-257.5422 -527.4218 3845.1406 240 239 168
-254.7648 -528.0579 3849.7791 221 221 150
-251.0710 -526.7870 3840.5134 220 220 148
-248.2892 -527.4218 3845.1406 220 218 146
-244.6154 -526.1539 3835.8975 220 220 148
-241.5385 -526.1539 3835.8975 218 218 149
-239.0362 -527.4218 3845.1406 215 215 147
-235.3846 -526.1539 3835.8975 217 215 145
-232.5872 -526.7870 3840.5134 217 215 142
-229.5066 -526.7870 3840.5134 218 216 142
-226.4260 -526.7870 3840.5134 218 216 146
-223.3454 -526.7870 3840.5134 227 225 155
-220.2648 -526.7870 3840.5134 238 236 163
-216.9231 -526.1539 3835.8975 236 235 162
-214.3615 -527.4218 3845.1406 232 233 160
-211.0229 -526.7870 3840.5134 232 231 159
-208.6957 -528.6957 3854.4285 231 230 158
-205.8525 -529.3350 3859.0891 217 217 148
-202.5121 -528.6957 3854.4285 220 221 153
-199.4203 -528.6957 3854.4285 220 221 152
-196.5659 -529.3350 3859.0891 222 221 155
-193.4704 -529.3350 3859.0891 227 226 161
-190.6053 -529.9758 3863.7612 206 206 140
-187.5061 -529.9758 3863.7612 205 205 142
-184.6303 -530.6182 3868.4446 213 215 150
-165.8639 -572.9843 4177.3125 208 178 140
-162.5131 -572.9843 4177.3125 180 151 118
-159.1623 -572.9843 4177.3125 185 156 122
-156.0157 -573.7353 4182.7871 213 182 150
-152.4607 -572.9843 4177.3125 210 179 146
-149.3054 -573.7353 4182.7871 204 175 142
-145.9502 -573.7353 4182.7871 208 177 144
-142.4084 -572.9843 4177.3125 214 181 151
-138.8758 -572.2354 4171.8521 204 169 135
-136.2418 -575.2432 4193.7803 180 148 115
-132.5295 -573.7353 4182.7871 198 167 134
-129.5138 -575.2432 4193.7803 189 154 123
-125.9843 -574.4882 4188.2764 221 187 156
-122.4640 -573.7353 4182.7871 220 185 157
-118.9529 -572.9843 4177.3125 214 184 154
-115.7536 -573.7353 4182.7871 212 181 151
-112.3984 -573.7353 4182.7871 201 169 140
-109.1864 -574.4882 4188.2764 196 165 137
-105.8268 -574.4882 4188.2764 193 161 129
-102.4672 -574.4882 4188.2764 195 163 134
-99.1076 -574.4882 4188.2764 202 172 143
-95.6225 -573.7353 4182.7871 209 178 149
-92.2674 -573.7353 4182.7871 212 181 153
-89.1459 -575.2432 4193.7803 233 201 174
-85.6693 -574.4882 4188.2764 220 186 158
-82.4179 -575.2432 4193.7803 202 171 142
-79.0539 -575.2432 4193.7803 201 172 142
-75.7895 -576.0000 4199.2983 195 164 136
-72.4211 -576.0000 4199.2983 221 190 162
-69.0526 -576.0000 4199.2983 215 185 157
-65.5979 -575.2432 4193.7803 218 188 159
-62.2339 -575.2432 4193.7803 221 191 165
-58.9474 -576.0000 4199.2983 227 197 173
-55.5789 -576.0000 4199.2983 212 184 156
-14.0317 -533.2034 3887.2920 227 224 156
-10.9135 -533.2034 3887.2920 221 220 154
-7.7859 -532.5547 3882.5630 214 212 143
-4.6715 -532.5547 3882.5630 216 215 148
-1.5534 -531.2621 3873.1392 213 212 147
1.5534 -531.2621 3873.1392 217 217 150
4.6772 -533.2034 3887.2920 218 217 148
7.7764 -531.9077 3877.8455 221 219 150
10.8870 -531.9077 3877.8455 222 221 154
13.9636 -530.6182 3868.4446 224 224 158
17.0460 -529.9758 3863.7612 219 219 155
20.1453 -529.9758 3863.7612 212 211 147
23.2446 -529.9758 3863.7612 211 209 140
26.3758 -530.6182 3868.4446 212 210 140
29.4075 -529.3350 3859.0891 211 211 139
32.5424 -529.9758 3863.7612 212 212 142
35.6849 -530.6182 3868.4446 212 211 141
38.7409 -529.9758 3863.7612 211 211 140
41.8909 -530.6182 3868.4446 212 213 145
44.9939 -530.6182 3868.4446 212 212 145
48.0387 -529.9758 3863.7612 208 209 144
51.1380 -529.9758 3863.7612 213 216 148
54.2373 -529.9758 3863.7612 215 216 147
57.4757 -531.2621 3873.1392 214 217 151
60.5825 -531.2621 3873.1392 212 215 150
63.6121 -530.6182 3868.4446 211 216 151
66.7961 -531.2621 3873.1392 209 213 151
69.9029 -531.2621 3873.1392 212 214 151
72.9212 -530.6182 3868.4446 213 216 149
76.1165 -531.2621 3873.1392 216 216 151
79.2233 -531.2621 3873.1392 219 219 156
82.3301 -531.2621 3873.1392 206 208 144
85.4369 -531.2621 3873.1392 196 199 136
88.5437 -531.2621 3873.1392 206 209 148
112.0000 -608.0001 4432.5928 238 239 177
116.0391 -610.5440 4451.1392 236 237 172
119.2768 -608.8456 4438.7578 214 213 138
122.8373 -608.8456 4438.7578 210 208 130
126.2222 -608.0001 4432.5928 210 206 127
129.2393 -605.4772 4414.2002 208 203 126
132.7801 -605.4772 4414.2002 205 202 126
136.6990 -607.1567 4426.4448 201 201 126
140.0554 -606.3158 4420.3140 201 201 126
143.4025 -605.4772 4414.2002 201 201 125
147.3509 -607.1567 4426.4448 199 201 124
150.6925 -606.3158 4420.3140 200 199 124
154.6667 -608.0001 4432.5928 202 201 128
157.7839 -606.3158 4420.3140 202 202 130
161.7778 -608.0001 4432.5928 202 203 132
165.1040 -607.1567 4426.4448 203 204 133
168.4211 -606.3158 4420.3140 204 203 131
172.2053 -607.1567 4426.4448 204 201 128
176.0000 -608.0001 4432.5928 204 201 128
179.3065 -607.1567 4426.4448 204 202 129
183.1111 -608.0001 4432.5928 205 202 129
186.4078 -607.1567 4426.4448 205 203 130
190.4868 -608.8456 4438.7578 206 204 131
194.3176 -609.6937 4444.9399 206 205 131
197.3334 -608.0001 4432.5928 206 205 131
200.8889 -608.0001 4432.5928 208 207 133
204.4445 -608.0001 4432.5928 209 211 138
208.0000 -608.0001 4432.5928 212 213 141
211.8498 -608.8456 4438.7578 214 214 143
214.8128 -607.1567 4426.4448 217 216 144
218.3634 -607.1567 4426.4448 219 219 146
221.9140 -607.1567 4426.4448 221 221 147
225.1524 -606.3158 4420.3140 223 224 150
228.3817 -605.4772 4414.2002 226 226 153
232.2438 -606.3158 4420.3140 228 227 154
235.7895 -606.3158 4420.3140 229 229 158
239.3352 -606.3158 4420.3140 229 230 161
242.5450 -605.4772 4414.2002 231 232 164
245.7458 -604.6409 4408.1030 231 232 163
249.2818 -604.6409 4408.1030 220 221 159
252.1212 -602.9752 4395.9595 204 202 157
255.2957 -602.1458 4389.9131 202 200 160
262.5243 -531.2621 3873.1392 235 231 150
264.9879 -529.9758 3863.7612 238 235 160
268.0872 -529.9758 3863.7612 235 234 163
271.1865 -529.9758 3863.7612 205 204 141
274.2857 -529.9758 3863.7612 182 181 114
277.0496 -529.3350 3859.0891 190 187 116
279.8068 -528.6957 3854.4285 208 207 136
282.8986 -528.6957 3854.4285 204 203 136
285.9904 -528.6957 3854.4285 199 199 134
288.7334 -528.0579 3849.7791 198 198 133
291.4699 -527.4218 3845.1406 208 208 141
294.5542 -527.4218 3845.1406 185 184 115
297.9976 -528.0579 3849.7791 189 188 121
299.6399 -525.5223 3831.2927 196 194 133
303.4417 -526.7870 3840.5134 178 176 113
305.7863 -525.5223 3831.2927 205 204 136
308.4892 -524.8922 3826.6987 202 203 139
311.1857 -524.2635 3822.1160 199 198 137
314.6283 -524.8922 3826.6987 196 197 135
317.3174 -524.2635 3822.1160 189 190 129
320.3833 -524.2635 3822.1160 181 181 121
323.8369 -524.8922 3826.6987 178 178 115
326.5150 -524.2635 3822.1160 188 189 127
329.5809 -524.2635 3822.1160 198 200 139
332.6468 -524.2635 3822.1160 201 204 141
335.7126 -524.2635 3822.1160 202 204 142
338.7785 -524.2635 3822.1160 210 212 150
342.2542 -524.8922 3826.6987 218 219 153
345.3238 -524.8922 3826.6987 192 193 127
348.3933 -524.8922 3826.6987 194 194 130
350.6220 -523.6364 3817.5439 190 190 127
354.1078 -524.2635 3822.1160 194 195 132
357.1737 -524.2635 3822.1160 208 207 146
359.8086 -523.6364 3817.5439 205 205 141
362.4373 -523.0107 3812.9829 203 204 140
365.9330 -523.6364 3817.5439 206 206 142
368.9952 -523.6364 3817.5439 214 215 148
372.0574 -523.6364 3817.5439 193 195 131
374.6714 -523.0107 3812.9829 185 187 127
377.7300 -523.0107 3812.9829 192 194 137
380.7885 -523.0107 3812.9829 225 226 160
383.8471 -523.0107 3812.9829 229 230 162
386.4439 -522.3867 3808.4329 231 230 164
389.9642 -523.0107 3812.9829 214 214 153
392.0858 -521.7640 3803.8936 181 176 133
395.1371 -521.7640 3803.8936 182 172 135
397.7143 -521.1429 3799.3652 184 169 133
448.7452 -566.3131 4128.6763 194 127 98
452.0569 -566.3131 4128.6763 191 124 95
453.6083 -564.1237 4112.7148 189 124 94
456.3192 -563.3977 4107.4219 196 139 108
459.0232 -562.6736 4102.1426 218 173 142
462.3137 -562.6736 4102.1426 211 176 144
465.0064 -561.9512 4096.8765 208 177 144
467.6924 -561.2308 4091.6240 208 178 146
469.7698 -559.7954 4081.1594 184 153 126
472.4394 -559.0805 4075.9473 173 145 120
475.1021 -558.3674 4070.7483 172 146 119
477.1502 -556.9466 4060.3904 199 171 146
480.4072 -556.9466 4060.3904 198 168 144
483.6642 -556.9466 4060.3904 195 163 139
486.9212 -556.9466 4060.3904 197 165 141
490.1782 -556.9466 4060.3904 200 169 144
492.8082 -556.2389 4055.2310 220 186 163
495.4315 -555.5330 4050.0847 199 165 146
498.6802 -555.5330 4050.0847 208 177 159
503.2061 -556.9466 4060.3904 184 155 142
506.4631 -556.9466 4060.3904 190 162 144
509.7202 -556.9466 4060.3904 202 174 153
513.6306 -557.6561 4065.5627 187 160 140
516.8917 -557.6561 4065.5627 185 158 135
520.1529 -557.6561 4065.5627 188 162 139
523.4141 -557.6561 4065.5627 185 159 136
526.6752 -557.6561 4065.5627 184 159 135
530.6123 -558.3674 4070.7483 188 162 138
533.8776 -558.3674 4070.7483 193 165 141
537.1429 -558.3674 4070.7483 191 163 140
539.7198 -557.6561 4065.5627 185 159 137
544.3679 -559.0805 4075.9473 194 168 144
547.6373 -559.0805 4075.9473 193 166 144
550.9068 -559.0805 4075.9473 185 158 134
554.1763 -559.0805 4075.9473 190 163 138
556.7347 -558.3674 4070.7483 195 168 142
559.2866 -557.6561 4065.5627 208 181 157
563.2653 -558.3674 4070.7483 198 171 148
565.8090 -557.6561 4065.5627 196 170 145
568.3461 -556.9466 4060.3904 200 174 146
570.8768 -556.2389 4055.2310 202 176 149
573.4011 -555.5330 4050.0847 207 180 153
575.9189 -554.8289 4044.9514 191 165 138
579.1635 -554.8289 4044.9514 184 156 132
582.4081 -554.8289 4044.9514 197 166 141
586.3960 -555.5330 4050.0847 224 190 161
588.1519 -554.1266 4039.8313 231 198 170
591.3924 -554.1266 4039.8313 213 195 163
593.8812 -553.4261 4034.7241 205 197 162
597.1176 -553.4261 4034.7241 203 198 162
598.8399 -552.0303 4024.5483 204 199 163
602.0681 -552.0303 4024.5483 203 200 164
604.5340 -551.3350 4019.4795 204 200 163
-314.6283 -527.9617 3826.6987 227 191 153
-312.3077 -529.2308 3835.8975 222 186 149
-309.9759 -530.5060 3845.1406 215 183 145
-306.5223 -529.8677 3840.5134 210 178 141
-304.5411 -531.7875 3854.4285 226 209 154
-300.7229 -530.5060 3845.1406 235 229 153
-297.9976 -531.1460 3849.7791 229 227 148
-294.9095 -531.1460 3849.7791 210 207 134
-292.1740 -531.7875 3854.4285 207 204 132
-288.7334 -531.1460 3849.7791 215 213 141
-285.6454 -531.1460 3849.7791 227 226 153
-282.5573 -531.1460 3849.7791 222 221 151
-279.4693 -531.1460 3849.7791 224 222 151
-276.3812 -531.1460 3849.7791 222 220 152
-273.2932 -531.1460 3849.7791 232 232 165
-270.2051 -531.1460 3849.7791 216 214 144
-267.1170 -531.1460 3849.7791 211 209 140
-263.7109 -530.5060 3845.1406 211 210 138
-260.9409 -531.1460 3849.7791 204 203 132
-257.2323 -529.8677 3840.5134 233 232 166
-254.4578 -530.5060 3845.1406 221 222 153
-250.7693 -529.2308 3835.8975 220 220 149
-247.6923 -529.2308 3835.8975 218 216 145
-244.3218 -528.5955 3831.2927 216 216 147
-241.2485 -528.5955 3831.2927 208 210 144
-238.7485 -529.8677 3840.5134 206 205 140
-235.1021 -528.5955 3831.2927 210 210 145
-232.3077 -529.2308 3835.8975 215 215 146
-229.2308 -529.2308 3835.8975 216 216 143
-226.1539 -529.2308 3835.8975 217 216 145
-223.0769 -529.2308 3835.8975 228 227 156
-220.0000 -529.2308 3835.8975 235 234 161
-216.6627 -528.5955 3831.2927 216 214 142
-213.8462 -529.2308 3835.8975 209 208 137
-210.5162 -528.5955 3831.2927 203 203 132
-208.1928 -530.5060 3845.1406 210 210 143
-205.6039 -531.7875 3854.4285 216 216 150
-202.0241 -530.5060 3845.1406 222 222 157
-198.9398 -530.5060 3845.1406 219 221 152
-196.0917 -531.1460 3849.7791 218 219 152
-193.0036 -531.1460 3849.7791 226 227 161
-190.1449 -531.7875 3854.4285 206 205 140
-187.2793 -532.4305 3859.0891 205 205 143
-184.1838 -532.4305 3859.0891 215 215 155
-169.2147 -576.3351 4177.3125 230 203 170
-165.6471 -575.5817 4171.8521 208 177 139
-162.3007 -575.5817 4171.8521 180 153 120
-158.7467 -574.8303 4166.4058 177 148 116
-155.6079 -575.5817 4171.8521 203 173 141
-152.0627 -574.8303 4166.4058 206 176 140
-149.1100 -576.3351 4177.3125 203 171 136
-145.7592 -576.3351 4177.3125 206 174 140
-142.0366 -574.8303 4166.4058 206 175 141
-138.6945 -574.8303 4166.4058 231 197 164
-136.0630 -577.8478 4188.2764 233 195 159
-132.3560 -576.3351 4177.3125 235 196 161
-129.3438 -577.8478 4188.2764 229 191 155
-125.6545 -576.3351 4177.3125 236 199 165
-122.3037 -576.3351 4177.3125 218 184 155
-118.7974 -575.5817 4171.8521 212 181 152
-115.6021 -576.3351 4177.3125 211 181 148
-112.2513 -576.3351 4177.3125 207 176 144
-109.0433 -577.0905 4182.7871 200 170 139
-105.6881 -577.0905 4182.7871 198 167 137
-102.3329 -577.0905 4182.7871 205 173 142
-98.9777 -577.0905 4182.7871 207 177 146
-95.6225 -577.0905 4182.7871 211 180 149
-92.2674 -577.0905 4182.7871 211 181 151
-89.0289 -577.8478 4188.2764 229 196 169
-85.5570 -577.0905 4182.7871 227 193 161
-82.3097 -577.8478 4188.2764 210 178 144
-78.9501 -577.8478 4188.2764 205 176 143
-75.6899 -578.6071 4193.7803 203 172 141
-72.4211 -579.3685 4199.2983 221 190 162
-68.9619 -578.6071 4193.7803 217 187 159
-65.5118 -577.8478 4188.2764 223 192 164
-62.2339 -578.6071 4193.7803 222 191 163
-58.9474 -579.3685 4199.2983 225 194 167
-55.5789 -579.3685 4199.2983 222 192 166
-52.3483 -580.8972 4210.3784 207 180 151
-49.1005 -582.4339 4221.5171 215 189 162
-10.8870 -535.0183 3877.8455 218 218 149
-7.7764 -535.0183 3877.8455 215 213 144
-4.6659 -535.0183 3877.8455 217 216 150
-1.5515 -533.7213 3868.4446 213 213 146
1.5515 -533.7213 3868.4446 232 232 162
4.6659 -535.0183 3877.8455 236 233 163
7.7576 -533.7213 3868.4446 236 234 164
10.8606 -533.7213 3868.4446 237 236 165
13.9467 -533.0751 3863.7612 238 237 169
17.0254 -532.4305 3859.0891 228 228 163
20.1209 -532.4305 3859.0891 216 215 151
23.1884 -531.7875 3854.4285 212 210 142
26.3120 -532.4305 3859.0891 211 209 138
29.3720 -531.7875 3854.4285 213 211 141
32.4638 -531.7875 3854.4285 212 210 141
35.5985 -532.4305 3859.0891 213 211 141
38.6473 -531.7875 3854.4285 213 210 139
41.7896 -532.4305 3859.0891 213 211 141
44.8851 -532.4305 3859.0891 214 212 143
47.8649 -531.1460 3849.7791 213 212 147
51.0145 -531.7875 3854.4285 229 229 160
54.1717 -532.4305 3859.0891 233 232 159
57.4061 -533.7213 3868.4446 231 232 160
60.5091 -533.7213 3868.4446 231 230 158
63.5351 -533.0751 3863.7612 230 230 160
66.7152 -533.7213 3868.4446 220 220 155
69.8182 -533.7213 3868.4446 210 210 145
72.8329 -533.0751 3863.7612 214 215 150
76.0242 -533.7213 3868.4446 215 216 151
79.1273 -533.7213 3868.4446 216 216 151
82.2303 -533.7213 3868.4446 208 210 145
85.3333 -533.7213 3868.4446 201 204 140
88.4364 -533.7213 3868.4446 204 208 152
108.1441 -609.8615 4420.3140 238 239 176
111.8447 -610.7074 4426.4448 238 239 176
115.8774 -613.2592 4444.9399 236 237 173
119.2768 -612.4062 4438.7578 230 228 151
122.6667 -611.5556 4432.5928 230 226 143
126.2222 -611.5556 4432.5928 228 225 141
129.2393 -609.0180 4414.2002 227 225 142
132.7801 -609.0180 4414.2002 228 224 141
136.5097 -609.8615 4420.3140 227 224 142
139.8617 -609.0180 4414.2002 226 225 144
143.2044 -608.1768 4408.1030 227 225 142
146.9433 -609.0180 4414.2002 226 224 142
150.2762 -608.1768 4408.1030 227 225 143
154.2382 -609.8615 4420.3140 227 225 144
157.3481 -608.1768 4408.1030 227 225 146
161.3296 -609.8615 4420.3140 226 225 147
164.6473 -609.0180 4414.2002 227 225 148
167.9558 -608.1768 4408.1030 228 225 148
171.4917 -608.1768 4408.1030 228 225 148
175.5125 -609.8615 4420.3140 227 224 145
179.0582 -609.8615 4420.3140 226 224 144
182.6039 -609.8615 4420.3140 226 224 146
185.8921 -609.0180 4414.2002 227 225 148
189.9584 -610.7074 4426.4448 226 224 148
193.5090 -610.7074 4426.4448 227 224 147
196.7867 -609.8615 4420.3140 228 225 150
200.3324 -609.8615 4420.3140 228 226 150
204.1609 -610.7074 4426.4448 228 227 151
207.7115 -610.7074 4426.4448 228 226 151
211.5556 -611.5556 4432.5928 228 226 151
214.5152 -609.8615 4420.3140 228 226 152
218.0610 -609.8615 4420.3140 229 227 152
221.6067 -609.8615 4420.3140 230 228 153
224.8410 -609.0180 4414.2002 231 228 154
228.0663 -608.1768 4408.1030 230 229 155
231.9226 -609.0180 4414.2002 230 229 157
235.4634 -609.0180 4414.2002 231 231 160
239.0042 -609.0180 4414.2002 231 232 164
242.2099 -608.1768 4408.1030 232 233 166
245.7458 -608.1768 4408.1030 232 234 168
248.9379 -607.3380 4402.0229 223 225 164
252.1212 -606.5013 4395.9595 202 201 153
254.9451 -604.8352 4383.8828 200 199 155
258.7894 -533.0751 3863.7612 232 228 142
262.2061 -533.7213 3868.4446 235 232 149
264.3478 -531.7875 3854.4285 237 235 160
267.7630 -532.4305 3859.0891 235 234 162
270.5314 -531.7875 3854.4285 208 208 144
273.6232 -531.7875 3854.4285 184 183 120
276.7150 -531.7875 3854.4285 188 186 116
279.4693 -531.1460 3849.7791 208 207 137
282.2169 -530.5060 3845.1406 203 202 134
285.6454 -531.1460 3849.7791 202 202 134
288.3856 -530.5060 3845.1406 201 199 131
290.7693 -529.2308 3835.8975 208 206 138
293.8462 -529.2308 3835.8975 215 212 143
297.2804 -529.8677 3840.5134 190 187 120
299.2806 -527.9617 3826.6987 179 177 113
302.7131 -528.5955 3831.2927 187 185 121
305.0539 -527.3294 3822.1160 213 213 146
308.1198 -527.3294 3822.1160 207 208 143
310.8134 -526.6986 3817.5439 201 202 137
314.2515 -527.3294 3822.1160 197 198 135
316.9378 -526.6986 3817.5439 186 187 123
320.0000 -526.6986 3817.5439 180 180 116
323.0622 -526.6986 3817.5439 178 177 113
326.1244 -526.6986 3817.5439 179 180 116
329.1866 -526.6986 3817.5439 192 194 131
332.2488 -526.6986 3817.5439 199 201 140
335.3110 -526.6986 3817.5439 200 203 145
338.3732 -526.6986 3817.5439 207 211 151
341.8444 -527.3294 3822.1160 209 210 145
344.4976 -526.6986 3817.5439 196 196 131
347.9761 -527.3294 3822.1160 196 197 130
350.2031 -526.0693 3812.9829 196 197 131
353.6842 -526.6986 3817.5439 193 195 130
356.3202 -526.0693 3812.9829 206 207 147
359.3788 -526.0693 3812.9829 203 204 142
362.0048 -525.4415 3808.4329 203 204 143
365.4958 -526.0693 3812.9829 207 208 147
368.5544 -526.0693 3812.9829 213 215 151
371.1695 -525.4415 3808.4329 192 195 133
374.2244 -525.4415 3808.4329 184 187 129
376.8296 -524.8152 3803.8936 193 196 140
379.8808 -524.8152 3803.8936 223 225 160
382.9321 -524.8152 3803.8936 230 231 164
385.9833 -524.8152 3803.8936 230 230 164
389.0346 -524.8152 3803.8936 219 219 155
391.6191 -524.1905 3799.3652 199 195 147
394.1974 -523.5672 3794.8474 200 194 149
397.2414 -523.5672 3794.8474 204 192 150
447.5871 -568.1548 4118.0215 201 154 121
450.8904 -568.1548 4118.0215 197 148 116
453.0245 -566.6924 4107.4219 194 143 113
455.1476 -565.2375 4096.8765 193 145 113
457.8462 -564.5128 4091.6240 211 168 138
461.1282 -564.5128 4091.6240 211 174 142
463.8156 -563.7900 4086.3850 204 172 141
466.4962 -563.0691 4081.1594 202 171 141
468.5714 -561.6326 4070.7483 192 162 134
471.2357 -560.9172 4065.5627 174 147 120
473.8932 -560.2036 4060.3904 168 142 113
475.9391 -558.7817 4050.0847 189 161 135
479.1878 -558.7817 4050.0847 195 167 141
482.4366 -558.7817 4050.0847 194 164 140
485.6853 -558.7817 4050.0847 194 165 140
488.9341 -558.7817 4050.0847 193 166 140
492.1827 -558.7817 4050.0847 205 177 153
494.8035 -558.0735 4044.9514 164 135 112
498.0482 -558.0735 4044.9514 173 146 122
502.5667 -559.4918 4055.2310 166 138 112
505.8196 -559.4918 4055.2310 167 139 109
509.0724 -559.4918 4055.2310 208 179 153
512.3253 -559.4918 4055.2310 188 162 140
515.5782 -559.4918 4055.2310 184 158 134
518.8310 -559.4918 4055.2310 184 158 135
522.7481 -560.2036 4060.3904 181 155 131
526.0051 -560.2036 4060.3904 184 157 133
529.2621 -560.2036 4060.3904 182 155 133
533.1974 -560.9172 4065.5627 185 158 135
536.4586 -560.9172 4065.5627 188 160 136
538.3482 -559.4918 4055.2310 191 164 140
543.6735 -561.6326 4070.7483 195 165 142
546.9388 -561.6326 4070.7483 193 164 142
549.5032 -560.9172 4065.5627 188 158 135
552.0612 -560.2036 4060.3904 193 162 136
554.6125 -559.4918 4055.2310 193 164 137
557.8654 -559.4918 4055.2310 192 163 137
561.8321 -560.2036 4060.3904 191 162 137
564.3710 -559.4918 4055.2310 195 168 142
566.9036 -558.7817 4050.0847 201 173 147
569.4297 -558.0735 4044.9514 199 172 145
572.6743 -558.0735 4044.9514 205 177 150
575.1899 -557.3671 4039.8313 203 174 147
577.6992 -556.6625 4034.7241 182 152 128
581.6709 -557.3671 4039.8313 192 161 135
584.9114 -557.3671 4039.8313 212 179 149
587.4084 -556.6625 4034.7241 233 198 168
590.6448 -556.6625 4034.7241 222 197 167
593.1313 -555.9597 4029.6296 204 197 165
596.3636 -555.9597 4029.6296 203 198 167
598.8399 -555.2585 4024.5483 203 200 167
601.3099 -554.5593 4019.4795 204 200 166
603.7736 -553.8617 4014.4236 205 200 168
-313.8756 -529.7608 3817.5439 243 206 171
-311.5587 -531.0312 3826.6987 244 206 171
-308.8596 -531.6687 3831.2927 241 205 169
-305.7863 -531.6687 3831.2927 240 203 167
-303.8073 -533.5904 3845.1406 240 220 163
-300.3610 -532.9482 3840.5134 235 230 150
-297.2804 -532.9482 3840.5134 228 223 145
-294.1998 -532.9482 3840.5134 209 205 135
-291.4699 -533.5904 3845.1406 206 203 133
-288.3856 -533.5904 3845.1406 219 216 146
-284.9579 -532.9482 3840.5134 228 226 154
-281.8773 -532.9482 3840.5134 223 223 154
-278.7966 -532.9482 3840.5134 223 223 154
-275.7160 -532.9482 3840.5134 222 222 154
-272.6354 -532.9482 3840.5134 234 234 166
-269.8795 -533.5904 3845.1406 209 207 133
-266.7952 -533.5904 3845.1406 210 208 139
-263.3935 -532.9482 3840.5134 209 207 141
-260.3129 -532.9482 3840.5134 204 204 135
-256.6147 -531.6687 3831.2927 235 236 167
-253.8462 -532.3077 3835.8975 223 223 157
-249.8683 -530.3953 3822.1160 220 221 153
-247.0983 -531.0312 3826.6987 215 214 144
-243.7365 -530.3953 3822.1160 206 206 136
-240.6707 -530.3953 3822.1160 204 204 138
-238.1753 -531.6687 3831.2927 203 203 137
-234.5389 -530.3953 3822.1160 202 202 137
-231.7506 -531.0312 3826.6987 209 210 142
-228.6811 -531.0312 3826.6987 216 216 148
-225.3413 -530.3953 3822.1160 216 215 148
-222.5420 -531.0312 3826.6987 228 228 156
-219.4724 -531.0312 3826.6987 219 217 142
-216.1437 -530.3953 3822.1160 211 209 134
-213.3333 -531.0312 3826.6987 211 209 135
-210.0120 -530.3953 3822.1160 206 204 130
-207.9422 -532.9482 3840.5134 209 208 140
-205.1084 -533.5904 3845.1406 215 215 148
-201.5385 -532.3077 3835.8975 217 218 150
-198.2233 -531.6687 3831.2927 220 220 155
-195.6198 -532.9482 3840.5134 218 219 153
-192.3077 -532.3077 3835.8975 227 228 161
-189.6868 -533.5904 3845.1406 208 208 143
-187.0531 -534.8793 3854.4285 205 205 142
-183.9614 -534.8793 3854.4285 215 215 155
-181.0883 -535.5261 3859.0891 238 237 171
-168.7729 -578.1724 4166.4058 236 213 175
-165.0000 -576.6667 4155.5557 211 182 142
-161.6667 -576.6667 4155.5557 178 149 114
-158.3333 -576.6667 4155.5557 174 145 112
-155.2021 -577.4186 4160.9736 194 164 131
-151.4695 -575.9168 4150.1519 199 169 136
-148.5267 -577.4186 4160.9736 197 166 130
-145.1891 -577.4186 4160.9736 202 171 137
-141.6667 -576.6667 4155.5557 202 171 138
-138.3333 -576.6667 4155.5557 223 189 159
-135.7068 -579.6859 4177.3125 230 194 164
-132.0105 -578.1724 4166.4058 233 196 167
-129.1743 -580.4456 4182.7871 234 198 168
-125.4902 -578.9281 4171.8521 234 199 169
-122.1438 -578.9281 4171.8521 215 181 152
-118.6423 -578.1724 4166.4058 207 175 145
-115.6021 -579.6859 4177.3125 209 176 144
-112.1046 -578.9281 4171.8521 209 177 144
-108.9005 -579.6859 4177.3125 208 178 146
-105.6881 -580.4456 4182.7871 210 179 148
-102.3329 -580.4456 4182.7871 212 181 150
-98.8482 -579.6859 4177.3125 212 182 149
-95.4974 -579.6859 4177.3125 212 182 149
-92.1466 -579.6859 4177.3125 208 177 147
-89.0289 -581.2073 4188.2764 224 192 165
-85.5570 -580.4456 4182.7871 240 207 177
-82.3097 -581.2073 4188.2764 237 204 172
-78.9501 -581.2073 4188.2764 234 202 169
-75.6899 -581.9711 4193.7803 235 202 171
-72.3259 -581.9711 4193.7803 236 204 175
-68.9619 -581.9711 4193.7803 220 189 162
-65.5118 -581.2073 4188.2764 222 192 164
-62.1522 -581.2073 4188.2764 221 189 163
-58.8699 -581.9711 4193.7803 224 194 167
-55.5059 -581.9711 4193.7803 229 200 174
-52.2793 -583.5046 4204.8311 208 182 154
-49.0357 -585.0463 4215.9404 213 188 161
-10.8606 -536.8243 3868.4446 218 216 145
-7.7576 -536.8243 3868.4446 216 214 143
-4.6545 -536.8243 3868.4446 217 216 148
-1.5496 -536.1744 3863.7612 215 215 145
1.5496 -536.1744 3863.7612 231 230 160
4.6545 -536.8243 3868.4446 213 211 144
7.7482 -536.1744 3863.7612 204 204 135
10.8475 -536.1744 3863.7612 206 206 138
13.9130 -534.8793 3854.4285 220 219 152
17.0048 -534.8793 3854.4285 230 229 166
20.0724 -534.2341 3849.7791 217 219 155
23.1325 -533.5904 3845.1406 213 213 147
26.2169 -533.5904 3845.1406 209 207 137
29.2659 -532.9482 3840.5134 207 208 141
32.3855 -533.5904 3845.1406 201 202 136
35.4699 -533.5904 3845.1406 205 204 137
38.4615 -532.3077 3835.8975 209 209 141
41.5884 -532.9482 3840.5134 209 209 141
44.7229 -533.5904 3845.1406 212 210 141
47.7497 -532.9482 3840.5134 214 213 148
50.8916 -533.5904 3845.1406 230 230 163
54.0410 -534.2341 3849.7791 232 230 161
57.2672 -535.5261 3859.0891 220 220 153
60.3628 -535.5261 3859.0891 216 217 152
63.4583 -535.5261 3859.0891 214 214 150
66.6344 -536.1744 3863.7612 218 219 158
69.7337 -536.1744 3863.7612 208 209 145
72.7449 -535.5261 3859.0891 215 215 149
75.9322 -536.1744 3863.7612 213 214 148
79.0315 -536.1744 3863.7612 216 216 152
82.1308 -536.1744 3863.7612 210 212 149
85.2300 -536.1744 3863.7612 198 201 139
88.2225 -535.5261 3859.0891 206 210 152
108.1441 -613.4072 4420.3140 237 238 174
111.8447 -614.2580 4426.4448 238 239 176
115.7163 -615.9667 4438.7578 237 239 175
119.2768 -615.9667 4438.7578 231 230 154
122.6667 -615.1111 4432.5928 231 228 146
126.3978 -615.9667 4438.7578 229 224 141
129.2393 -612.5588 4414.2002 228 223 139
132.7801 -612.5588 4414.2002 228 224 140
136.5097 -613.4072 4420.3140 229 225 142
139.6685 -611.7127 4408.1030 228 224 143
143.2044 -611.7127 4408.1030 227 225 142
146.7403 -611.7127 4408.1030 228 225 143
150.0690 -610.8690 4402.0229 228 226 144
153.8122 -611.7127 4408.1030 229 226 144
157.1310 -610.8690 4402.0229 229 226 146
160.8840 -611.7127 4408.1030 228 225 146
164.1931 -610.8690 4402.0229 228 226 146
167.7242 -610.8690 4402.0229 229 226 145
171.2552 -610.8690 4402.0229 228 225 146
174.7862 -610.8690 4402.0229 228 225 145
178.3172 -610.8690 4402.0229 227 224 144
181.8483 -610.8690 4402.0229 227 224 146
185.3793 -610.8690 4402.0229 228 225 147
189.4329 -612.5588 4414.2002 228 225 148
192.9737 -612.5588 4414.2002 228 225 147
196.5145 -612.5588 4414.2002 229 226 148
200.0553 -612.5588 4414.2002 229 227 150
203.5961 -612.5588 4414.2002 230 227 151
207.1369 -612.5588 4414.2002 229 227 150
211.2621 -614.2580 4426.4448 229 227 150
214.2186 -612.5588 4414.2002 229 227 151
217.7594 -612.5588 4414.2002 230 228 152
221.3001 -612.5588 4414.2002 230 228 153
224.5304 -611.7127 4408.1030 230 229 155
227.7517 -610.8690 4402.0229 230 230 156
231.9226 -612.5588 4414.2002 231 232 159
235.1381 -611.7127 4408.1030 231 232 161
239.0042 -612.5588 4414.2002 231 231 163
242.2099 -611.7127 4408.1030 222 222 159
245.7458 -611.7127 4408.1030 207 207 147
248.9379 -610.8690 4402.0229 201 200 142
251.7744 -609.1885 4389.9131 201 200 150
254.5953 -607.5172 4377.8691 200 199 151
257.7534 -606.6849 4371.8721 198 197 151
258.1643 -534.8793 3854.4285 234 230 145
261.5720 -535.5261 3859.0891 235 232 149
263.7109 -533.5904 3845.1406 237 235 159
266.7952 -533.5904 3845.1406 235 234 163
269.8795 -533.5904 3845.1406 210 211 151
272.9639 -533.5904 3845.1406 184 185 124
276.0482 -533.5904 3845.1406 186 185 116
278.4615 -532.3077 3835.8975 207 207 136
281.5385 -532.3077 3835.8975 203 202 133
284.6154 -532.3077 3835.8975 202 203 133
287.6923 -532.3077 3835.8975 200 200 132
290.0720 -531.0312 3826.6987 207 205 136
293.1415 -531.0312 3826.6987 213 209 136
296.9231 -532.3077 3835.8975 181 177 101
298.5646 -529.7608 3817.5439 185 181 107
302.3501 -531.0312 3826.6987 177 173 100
304.6890 -529.7608 3817.5439 205 203 129
307.7512 -529.7608 3817.5439 207 207 140
310.4420 -529.1279 3812.9829 202 203 137
313.8756 -529.7608 3817.5439 200 201 135
316.5591 -529.1279 3812.9829 196 197 131
319.6177 -529.1279 3812.9829 189 190 125
322.6762 -529.1279 3812.9829 179 180 116
325.7348 -529.1279 3812.9829 187 188 125
328.7933 -529.1279 3812.9829 201 202 141
331.8519 -529.1279 3812.9829 202 203 141
334.9104 -529.1279 3812.9829 201 203 140
337.9690 -529.1279 3812.9829 208 209 144
341.4354 -529.7608 3817.5439 224 224 154
344.0860 -529.1279 3812.9829 210 208 140
347.1446 -529.1279 3812.9829 201 200 133
349.7852 -528.4965 3808.4329 198 199 133
353.2617 -529.1279 3812.9829 196 198 133
355.8950 -528.4965 3808.4329 206 208 148
358.9499 -528.4965 3808.4329 202 203 140
361.5733 -527.8665 3803.8936 204 206 142
365.0597 -528.4965 3808.4329 206 207 145
367.6758 -527.8665 3803.8936 211 213 150
370.7271 -527.8665 3803.8936 196 197 135
373.7783 -527.8665 3803.8936 186 188 128
376.3810 -527.2382 3799.3652 194 195 139
379.4286 -527.2382 3799.3652 222 223 160
382.4762 -527.2382 3799.3652 231 232 165
385.0654 -526.6112 3794.8474 229 229 162
388.1094 -526.6112 3794.8474 224 223 158
391.1534 -526.6112 3794.8474 216 213 171
393.7292 -525.9858 3790.3406 217 212 178
447.0103 -570.7217 4112.7148 218 191 165
450.3093 -570.7217 4112.7148 216 187 162
451.8614 -568.5238 4096.8765 213 182 158
454.5641 -567.7949 4091.6240 209 177 152
456.0919 -565.6194 4075.9473 210 176 151
459.3614 -565.6194 4075.9473 209 172 141
462.6310 -565.6194 4075.9473 204 170 138
464.7134 -564.1784 4065.5627 201 168 138
467.3792 -563.4606 4060.3904 197 166 135
470.0381 -562.7446 4055.2310 170 141 114
472.6904 -562.0305 4050.0847 162 135 109
474.7342 -560.6076 4039.8313 175 147 121
478.5805 -561.3182 4044.9514 196 168 142
481.8251 -561.3182 4044.9514 194 164 140
485.0697 -561.3182 4044.9514 194 163 139
488.3143 -561.3182 4044.9514 192 162 137
491.5589 -561.3182 4044.9514 203 174 148
494.1772 -560.6076 4039.8313 217 185 158
498.0482 -561.3182 4044.9514 214 181 153
501.9290 -562.0305 4050.0847 221 189 160
505.1777 -562.0305 4050.0847 221 190 164
508.4264 -562.0305 4050.0847 220 190 166
511.6751 -562.0305 4050.0847 194 167 145
514.9239 -562.0305 4050.0847 189 162 138
518.1726 -562.0305 4050.0847 187 160 134
522.0839 -562.7446 4055.2310 185 158 134
525.3368 -562.7446 4055.2310 185 156 133
528.5896 -562.7446 4055.2310 184 156 132
532.5191 -563.4606 4060.3904 188 160 134
535.7761 -563.4606 4060.3904 193 163 138
537.6650 -562.0305 4050.0847 196 166 140
542.2901 -563.4606 4060.3904 194 165 139
545.5471 -563.4606 4060.3904 208 177 151
548.1068 -562.7446 4055.2310 217 184 157
550.6600 -562.0305 4050.0847 221 188 159
553.9086 -562.0305 4050.0847 220 189 161
557.1573 -562.0305 4050.0847 217 186 162
560.4061 -562.0305 4050.0847 210 181 156
563.6548 -562.0305 4050.0847 195 167 141
566.1851 -561.3182 4044.9514 200 171 145
568.7089 -560.6076 4039.8313 199 171 143
571.2263 -559.8989 4034.7241 204 178 149
573.7374 -559.1920 4029.6296 211 182 155
576.9697 -559.1920 4029.6296 188 158 133
580.2020 -559.1920 4029.6296 184 152 127
583.4343 -559.1920 4029.6296 201 167 141
585.9269 -558.4868 4024.5483 233 196 165
589.1552 -558.4868 4024.5483 228 196 169
592.3834 -558.4868 4024.5483 201 189 161
595.6117 -558.4868 4024.5483 194 192 163
598.0857 -557.7834 4019.4795 195 194 164
601.3099 -557.7834 4019.4795 197 194 167
603.0151 -556.3820 4009.3804 198 196 168
604.7119 -554.9875 3999.3318 199 197 168
608.6826 -555.6838 4004.3499 200 199 169
-313.5006 -532.1864 3812.9829 245 216 183
-311.5587 -534.1007 3826.6987 242 209 175
-308.8596 -534.7419 3831.2927 240 205 172
-305.4197 -534.1007 3826.6987 240 205 170
-303.4417 -536.0289 3840.5134 241 223 165
-299.6399 -534.7419 3831.2927 236 230 151
-296.9231 -535.3846 3835.8975 224 221 144
-293.8462 -535.3846 3835.8975 207 207 139
-290.7693 -535.3846 3835.8975 203 204 137
-287.6923 -535.3846 3835.8975 220 221 152
-283.9329 -534.1007 3826.6987 226 225 156
-281.2005 -534.7419 3831.2927 225 224 159
-277.7938 -534.1007 3826.6987 225 225 158
-275.0540 -534.7419 3831.2927 222 221 154
-271.9808 -534.7419 3831.2927 235 236 168
-269.5548 -536.0289 3840.5134 216 216 142
-266.1538 -535.3846 3835.8975 201 199 131
-262.7611 -534.7419 3831.2927 201 200 131
-259.6879 -534.7419 3831.2927 197 197 126
-256.0000 -533.4611 3822.1160 235 235 167
-253.2374 -534.1007 3826.6987 220 221 154
-249.5694 -532.8230 3817.5439 222 221 153
-246.8024 -533.4611 3822.1160 219 217 149
-243.4450 -532.8230 3817.5439 215 213 144
-240.3828 -532.8230 3817.5439 204 204 136
-237.8897 -534.1007 3826.6987 203 203 136
-234.2584 -532.8230 3817.5439 211 210 144
-231.4731 -533.4611 3822.1160 216 215 146
-228.4072 -533.4611 3822.1160 216 215 144
-225.0718 -532.8230 3817.5439 215 214 145
-222.0096 -532.8230 3817.5439 229 228 157
-218.9474 -532.8230 3817.5439 230 228 151
-215.8852 -532.8230 3817.5439 214 211 136
-213.0779 -533.4611 3822.1160 211 208 138
-209.7608 -532.8230 3817.5439 209 206 136
-207.1943 -534.1007 3826.6987 212 211 142
-204.6154 -535.3846 3835.8975 214 215 147
-200.8144 -533.4611 3822.1160 218 217 148
-197.7485 -533.4611 3822.1160 218 218 152
-194.9161 -534.1007 3826.6987 218 219 153
-191.6168 -533.4611 3822.1160 227 228 162
-189.0036 -534.7419 3831.2927 203 203 138
-186.3779 -536.0289 3840.5134 207 207 145
-183.5181 -536.6747 3845.1406 215 216 154
-180.6514 -537.3221 3849.7791 238 238 173
-168.3333 -580.0001 4155.5557 241 220 183
-164.5715 -578.4936 4144.7622 216 190 151
-161.2468 -578.4936 4144.7622 181 154 117
-157.7173 -577.7432 4139.3862 167 141 105
-154.5974 -578.4936 4144.7622 182 154 119
-151.0765 -577.7432 4139.3862 198 167 134
-148.3333 -580.0001 4155.5557 196 165 132
-144.8115 -579.2458 4150.1519 196 165 133
-141.2987 -578.4936 4144.7622 198 168 135
-137.9740 -578.4936 4144.7622 203 172 140
-135.3525 -581.5144 4166.4058 205 174 143
-131.6667 -580.0001 4155.5557 208 176 145
-128.8366 -582.2745 4171.8521 209 177 147
-125.3264 -581.5144 4166.4058 213 180 150
-121.9843 -581.5144 4166.4058 209 178 146
-118.4876 -580.7562 4160.9736 205 175 143
-115.4510 -582.2745 4171.8521 209 178 147
-112.1046 -582.2745 4171.8521 209 179 146
-108.7582 -582.2745 4171.8521 208 178 146
-105.5497 -583.0367 4177.3125 210 179 148
-102.1990 -583.0367 4177.3125 213 182 150
-98.8482 -583.0367 4177.3125 213 182 150
-95.4974 -583.0367 4177.3125 214 183 152
-92.1466 -583.0367 4177.3125 212 182 152
-88.9122 -583.8008 4182.7871 214 183 156
-85.5570 -583.8008 4182.7871 224 194 166
-82.3097 -584.5669 4188.2764 225 194 168
-78.9501 -584.5669 4188.2764 225 194 169
-75.5906 -584.5669 4188.2764 226 195 170
-72.3259 -585.3351 4193.7803 223 193 169
-68.8714 -584.5669 4188.2764 220 191 167
-65.4259 -583.8008 4182.7871 222 193 167
-62.1522 -584.5669 4188.2764 222 190 164
-58.7927 -584.5669 4188.2764 227 196 169
-55.4331 -584.5669 4188.2764 236 206 180
-52.2105 -586.1053 4199.2983 209 183 155
-7.7482 -539.2736 3863.7612 217 216 146
-4.6489 -539.2736 3863.7612 217 216 145
-1.5478 -538.6215 3859.0891 215 214 145
1.5478 -538.6215 3859.0891 227 225 153
4.6489 -539.2736 3863.7612 193 192 118
7.7388 -538.6215 3859.0891 209 208 143
10.8213 -537.9711 3854.4285 206 207 143
13.8963 -537.3221 3849.7791 197 196 127
16.9639 -536.6747 3845.1406 229 229 166
20.0482 -536.6747 3845.1406 217 220 161
23.0769 -535.3846 3835.8975 215 217 155
26.1538 -535.3846 3835.8975 203 204 138
29.1957 -534.7419 3831.2927 196 196 130
32.2689 -534.7419 3831.2927 194 195 128
35.3846 -535.3846 3835.8975 196 197 131
38.3693 -534.1007 3826.6987 200 199 134
41.4886 -534.7419 3831.2927 207 207 142
44.5618 -534.7419 3831.2927 209 210 143
47.6351 -534.7419 3831.2927 211 213 148
50.7692 -535.3846 3835.8975 227 228 161
53.9110 -536.0289 3840.5134 214 212 144
57.1291 -537.3221 3849.7791 206 206 140
60.2899 -537.9711 3854.4285 205 206 140
63.3052 -537.3221 3849.7791 198 197 133
66.4734 -537.9711 3854.4285 215 215 153
69.6493 -538.6215 3859.0891 209 211 147
72.6570 -537.9711 3854.4285 213 215 149
75.7488 -537.9711 3854.4285 213 214 150
78.8406 -537.9711 3854.4285 214 215 151
81.9324 -537.9711 3854.4285 214 217 154
85.0242 -537.9711 3854.4285 203 206 144
88.1159 -537.9711 3854.4285 205 207 150
107.9945 -616.0996 4414.2002 235 236 172
111.5353 -616.0996 4414.2002 237 238 175
115.5556 -618.6667 4432.5928 237 238 175
119.1111 -618.6667 4432.5928 230 229 154
122.6667 -618.6667 4432.5928 231 227 145
126.2222 -618.6667 4432.5928 228 225 143
129.2393 -616.0996 4414.2002 227 222 139
132.5967 -615.2487 4408.1030 226 223 139
136.3209 -616.0996 4414.2002 227 223 141
139.6685 -615.2487 4408.1030 227 223 142
143.0069 -614.4000 4402.0229 227 223 143
146.5379 -614.4000 4402.0229 228 224 145
150.0690 -614.4000 4402.0229 228 224 144
153.6000 -614.4000 4402.0229 228 225 144
156.9146 -613.5537 4395.9595 228 225 146
160.6621 -614.4000 4402.0229 228 225 146
163.9669 -613.5537 4395.9595 229 225 146
167.4931 -613.5537 4395.9595 228 225 145
171.0193 -613.5537 4395.9595 227 224 145
174.5455 -613.5537 4395.9595 227 224 144
178.0716 -613.5537 4395.9595 226 224 144
181.3480 -612.7098 4389.9131 227 224 145
184.8693 -612.7098 4389.9131 228 225 146
188.9104 -614.4000 4402.0229 227 224 147
192.4414 -614.4000 4402.0229 228 225 147
196.2431 -615.2487 4408.1030 228 225 148
203.3149 -615.2487 4408.1030 230 227 153
206.8508 -615.2487 4408.1030 230 227 152
210.6777 -616.0996 4414.2002 228 226 151
213.9226 -615.2487 4408.1030 228 225 151
217.4586 -615.2487 4408.1030 227 225 154
220.9945 -615.2487 4408.1030 226 224 154
224.2207 -614.4000 4402.0229 226 223 154
227.4380 -613.5537 4395.9595 224 223 152
231.2828 -614.4000 4402.0229 221 219 150
234.8138 -614.4000 4402.0229 217 215 146
238.3448 -614.4000 4402.0229 213 211 141
241.8759 -614.4000 4402.0229 211 208 140
245.4069 -614.4000 4402.0229 209 206 143
248.2531 -612.7098 4389.9131 207 206 146
251.4286 -611.8682 4383.8828 208 207 155
253.8988 -609.3571 4365.8916 205 204 157
257.2323 -536.0289 3840.5134 230 228 150
260.9409 -537.3221 3849.7791 234 231 149
262.4461 -534.1007 3826.6987 237 233 156
266.1538 -535.3846 3835.8975 235 233 161
268.9076 -534.7419 3831.2927 211 211 149
272.3077 -535.3846 3835.8975 190 191 131
275.0540 -534.7419 3831.2927 182 182 113
277.7938 -534.1007 3826.6987 209 207 137
280.8633 -534.1007 3826.6987 204 203 136
283.9329 -534.1007 3826.6987 200 202 135
287.0024 -534.1007 3826.6987 199 200 133
289.7246 -533.4611 3822.1160 205 203 133
292.7904 -533.4611 3822.1160 223 220 145
296.2111 -534.1007 3826.6987 224 222 145
298.2079 -532.1864 3812.9829 226 224 149
301.9881 -533.4611 3822.1160 226 224 151
304.6890 -532.8230 3817.5439 225 224 152
307.3835 -532.1864 3812.9829 207 206 140
310.4420 -532.1864 3812.9829 201 201 137
313.5006 -532.1864 3812.9829 200 201 135
316.1814 -531.5513 3808.4329 199 201 133
319.6177 -532.1864 3812.9829 197 197 130
322.6762 -532.1864 3812.9829 192 192 126
325.3461 -531.5513 3808.4329 196 197 132
328.4010 -531.5513 3808.4329 205 205 142
331.8519 -532.1864 3812.9829 203 204 142
334.9104 -532.1864 3812.9829 201 202 140
337.5657 -531.5513 3808.4329 206 207 144
341.0275 -532.1864 3812.9829 225 225 155
344.0860 -532.1864 3812.9829 227 226 155
347.1446 -532.1864 3812.9829 220 220 148
349.7852 -531.5513 3808.4329 220 220 149
352.8401 -531.5513 3808.4329 221 220 150
355.4708 -530.9178 3803.8936 212 214 147
358.5221 -530.9178 3803.8936 201 204 139
361.5733 -530.9178 3803.8936 205 206 142
364.6246 -530.9178 3803.8936 204 206 142
367.6758 -530.9178 3803.8936 209 210 145
370.7271 -530.9178 3803.8936 200 202 138
373.3334 -530.2858 3799.3652 189 192 132
375.9334 -529.6552 3794.8474 193 196 138
378.9774 -529.6552 3794.8474 219 220 158
382.0214 -529.6552 3794.8474 230 231 164
384.6081 -529.0262 3790.3406 229 228 159
387.6485 -529.0262 3790.3406 225 224 158
390.6888 -529.0262 3790.3406 215 212 169
393.2622 -528.3986 3785.8442 216 210 179
396.7696 -529.0262 3790.3406 217 210 181
449.7297 -573.2819 4107.4219 216 193 167
451.2821 -571.0770 4091.6240 215 191 166
453.9821 -570.3458 4086.3850 214 189 164
455.5102 -568.1633 4070.7483 214 187 162
458.1911 -567.4395 4065.5627 209 174 148
461.4522 -567.4395 4065.5627 207 171 140
464.1222 -566.7176 4060.3904 201 168 136
466.1929 -565.2792 4050.0847 199 169 138
469.4417 -565.2792 4050.0847 180 148 121
472.0913 -564.5627 4044.9514 166 138 112
474.1340 -563.1353 4034.7241 160 135 106
477.9747 -563.8481 4039.8313 189 161 134
481.2152 -563.8481 4039.8313 189 158 135
484.4557 -563.8481 4039.8313 189 156 133
487.6962 -563.8481 4039.8313 193 160 137
490.9367 -563.8481 4039.8313 196 162 139
494.1772 -563.8481 4039.8313 220 185 160
497.4178 -563.8481 4039.8313 224 188 164
501.2928 -564.5627 4044.9514 222 190 167
505.1777 -565.2792 4050.0847 220 190 167
507.7820 -564.5627 4044.9514 219 189 168
511.0266 -564.5627 4044.9514 196 168 148
514.2712 -564.5627 4044.9514 191 161 139
518.1726 -565.2792 4050.0847 194 165 139
521.4214 -565.2792 4050.0847 195 167 142
524.6701 -565.2792 4050.0847 193 164 140
527.9188 -565.2792 4050.0847 191 164 137
531.8425 -565.9975 4055.2310 193 166 139
534.4163 -565.2792 4050.0847 195 167 140
536.9835 -564.5627 4044.9514 195 166 140
541.6010 -565.9975 4055.2310 195 164 140
544.8539 -565.9975 4055.2310 198 168 145
547.4112 -565.2792 4050.0847 207 176 153
549.9620 -564.5627 4044.9514 206 175 152
553.2066 -564.5627 4044.9514 201 172 149
556.4512 -564.5627 4044.9514 197 170 148
559.6959 -564.5627 4044.9514 197 169 148
562.9404 -564.5627 4044.9514 195 167 145
565.4684 -563.8481 4039.8313 199 172 148
567.9899 -563.1353 4034.7241 198 170 145
570.5051 -562.4243 4029.6296 202 175 148
573.0139 -561.7151 4024.5483 208 180 151
576.2422 -561.7151 4024.5483 189 159 133
579.4704 -561.7151 4024.5483 182 150 125
582.6987 -561.7151 4024.5483 196 164 135
585.9269 -561.7151 4024.5483 224 188 155
588.4131 -561.0076 4019.4795 232 199 168
591.6373 -561.0076 4019.4795 208 189 162
594.8615 -561.0076 4019.4795 192 187 159
597.3334 -560.3019 4014.4236 191 188 160
600.5535 -560.3019 4014.4236 191 187 160
602.2585 -558.8959 4004.3499 190 189 161
603.9550 -557.4969 3994.3264 190 189 161
608.6826 -558.8959 4004.3499 191 190 162
-313.5006 -535.2449 3812.9829 242 225 199
-311.1857 -536.5270 3822.1160 241 221 192
-308.1198 -536.5270 3822.1160 239 218 188
-305.0539 -536.5270 3822.1160 237 219 184
-302.7131 -537.8152 3831.2927 239 228 170
-298.9222 -536.5270 3822.1160 235 230 153
-296.5667 -537.8152 3831.2927 222 219 143
-293.1415 -537.1703 3826.6987 201 201 134
-290.0720 -537.1703 3826.6987 206 206 139
-287.0024 -537.1703 3826.6987 222 222 156
-283.5928 -536.5270 3822.1160 224 225 156
-280.5270 -536.5270 3822.1160 223 222 155
-277.4611 -536.5270 3822.1160 226 226 158
-274.7242 -537.1703 3826.6987 219 219 152
-271.3293 -536.5270 3822.1160 237 237 169
-268.9076 -537.8152 3831.2927 231 230 155
-265.5156 -537.1703 3826.6987 234 233 159
-262.1317 -536.5270 3822.1160 233 233 160
-259.3765 -537.1703 3826.6987 231 230 153
-256.0000 -536.5270 3822.1160 237 235 162
-252.9341 -536.5270 3822.1160 217 218 149
-249.2712 -535.2449 3812.9829 221 220 151
-246.5072 -535.8852 3817.5439 220 219 149
-243.1541 -535.2449 3812.9829 219 218 148
-240.3828 -535.8852 3817.5439 214 215 144
-237.6048 -536.5270 3822.1160 213 213 142
-233.9785 -535.2449 3812.9829 217 215 146
-231.1962 -535.8852 3817.5439 219 216 146
-228.1340 -535.8852 3817.5439 216 215 141
-224.8029 -535.2449 3812.9829 213 213 143
-221.7443 -535.2449 3812.9829 229 227 158
-218.6858 -535.2449 3812.9829 237 234 160
-215.3699 -534.6063 3808.4329 228 226 149
-212.5687 -535.2449 3812.9829 222 220 145
-209.2602 -534.6063 3808.4329 218 216 142
-206.6986 -535.8852 3817.5439 223 221 148
-203.8803 -536.5270 3822.1160 217 215 146
-200.3345 -535.2449 3812.9829 220 218 151
-197.2760 -535.2449 3812.9829 217 216 150
-194.2175 -535.2449 3812.9829 219 219 151
-191.1589 -535.2449 3812.9829 227 228 159
-188.3254 -535.8852 3817.5439 208 208 141
-185.7074 -537.1703 3826.6987 206 207 146
-182.6379 -537.1703 3826.6987 215 216 157
-180.0000 -538.4615 3835.8975 239 239 175
-167.8961 -581.8182 4144.7622 242 224 190
-164.1451 -580.3109 4134.0244 224 199 162
-161.0376 -581.0636 4139.3862 196 166 128
-157.5130 -580.3109 4134.0244 176 148 108
-154.3969 -581.0636 4139.3862 176 146 110
-150.8808 -580.3109 4134.0244 183 152 119
-147.9481 -581.8182 4144.7622 186 157 127
-144.6234 -581.8182 4144.7622 195 165 134
-141.1154 -581.0636 4139.3862 197 167 136
-137.7951 -581.0636 4139.3862 199 168 138
-135.1760 -584.0939 4160.9736 204 172 141
-131.3247 -581.8182 4144.7622 207 174 144
-128.6684 -584.8564 4166.4058 208 176 146
-125.1630 -584.0939 4160.9736 208 176 147
-121.8253 -584.0939 4160.9736 211 181 150
-118.3333 -583.3334 4155.5557 210 181 150
-115.3003 -584.8564 4166.4058 209 181 149
-111.9582 -584.8564 4166.4058 211 182 150
-108.7582 -585.6210 4171.8521 212 184 151
-105.4118 -585.6210 4171.8521 211 182 151
-102.0654 -585.6210 4171.8521 214 184 154
-98.7190 -585.6210 4171.8521 217 185 156
-95.3726 -585.6210 4171.8521 217 185 157
-92.0262 -585.6210 4171.8521 218 186 155
-88.7958 -586.3875 4177.3125 220 188 158
-85.4450 -586.3875 4177.3125 219 188 160
-82.2018 -587.1559 4182.7871 220 188 161
-78.8467 -587.1559 4182.7871 222 190 163
-75.4915 -587.1559 4182.7871 223 192 164
-72.2310 -587.9265 4188.2764 221 192 165
-68.7811 -587.1559 4182.7871 220 193 168
-65.3403 -586.3875 4177.3125 220 193 169
-61.9895 -586.3875 4177.3125 225 195 170
-58.7156 -587.1559 4182.7871 228 197 174
-55.2880 -586.3875 4177.3125 233 204 179
-10.8343 -541.7171 3859.0891 218 217 146
-7.7388 -541.7171 3859.0891 218 217 148
-4.6433 -541.7171 3859.0891 221 219 148
-1.5459 -541.0629 3854.4285 217 215 146
1.5440 -540.4102 3849.7791 231 230 159
4.6433 -541.7171 3859.0891 210 209 139
7.7295 -541.0629 3854.4285 195 195 130
10.8082 -540.4102 3849.7791 195 194 131
13.8795 -539.7591 3845.1406 200 200 134
16.9434 -539.1096 3840.5134 228 228 164
20.0000 -538.4615 3835.8975 217 218 156
23.0216 -537.1703 3826.6987 217 217 153
26.0911 -537.1703 3826.6987 209 207 139
29.1258 -536.5270 3822.1160 203 201 132
32.1916 -536.5270 3822.1160 196 194 126
35.2998 -537.1703 3826.6987 193 194 126
38.2775 -535.8852 3817.5439 198 200 134
41.3397 -535.8852 3817.5439 205 207 141
44.4019 -535.8852 3817.5439 207 210 144
47.5210 -536.5270 3822.1160 208 211 146
50.6475 -537.1703 3826.6987 226 226 158
53.7815 -537.8152 3831.2927 214 213 142
56.9916 -539.1096 3840.5134 209 208 141
60.0722 -539.1096 3840.5134 207 207 142
63.0769 -538.4615 3835.8975 203 204 138
66.3932 -540.4102 3849.7791 212 213 146
69.4813 -540.4102 3849.7791 211 211 147
72.4819 -539.7591 3845.1406 211 213 147
75.5663 -539.7591 3845.1406 213 214 148
78.6506 -539.7591 3845.1406 214 215 149
81.7349 -539.7591 3845.1406 218 219 158
84.7172 -539.1096 3840.5134 199 201 140
87.7978 -539.1096 3840.5134 205 207 147
90.8785 -539.1096 3840.5134 217 219 156
126.2222 -622.2223 4432.5928 221 217 149
129.0608 -618.7845 4408.1030 221 218 147
132.5967 -618.7845 4408.1030 221 218 145
136.1326 -618.7845 4408.1030 221 218 147
139.4759 -617.9310 4402.0229 222 219 150
142.8099 -617.0799 4395.9595 223 220 151
146.3361 -617.0799 4395.9595 224 221 152
213.6276 -617.9310 4402.0229 225 223 174
216.8595 -617.0799 4395.9595 224 223 177
220.3857 -617.0799 4395.9595 224 223 177
223.9118 -617.0799 4395.9595 223 223 176
226.8132 -615.3846 4383.8828 222 222 175
230.6465 -616.2311 4389.9131 223 222 176
234.4904 -617.0799 4395.9595 223 222 178
238.0165 -617.0799 4395.9595 224 222 180
241.5427 -617.0799 4395.9595 225 222 180
245.0689 -617.0799 4395.9595 224 222 180
247.9121 -615.3846 4383.8828 223 221 181
251.0837 -614.5405 4377.8691 223 221 182
256.3070 -537.1703 3826.6987 221 220 171
260.3129 -539.1096 3840.5134 228 225 166
261.8182 -535.8852 3817.5439 234 231 158
265.1976 -536.5270 3822.1160 235 232 156
268.2635 -536.5270 3822.1160 213 211 146
271.6547 -537.1703 3826.6987 191 191 130
274.3952 -536.5270 3822.1160 190 188 120
277.1292 -535.8852 3817.5439 209 206 135
280.1914 -535.8852 3817.5439 203 202 131
283.5928 -536.5270 3822.1160 200 202 131
286.6587 -536.5270 3822.1160 199 201 135
289.3780 -535.8852 3817.5439 197 199 132
292.0908 -535.2449 3812.9829 214 215 144
295.5024 -535.8852 3817.5439 218 218 146
297.8521 -534.6063 3808.4329 222 222 151
301.2664 -535.2449 3812.9829 225 223 156
304.3250 -535.2449 3812.9829 225 223 156
307.0167 -534.6063 3808.4329 205 204 140
310.0716 -534.6063 3808.4329 197 197 132
313.1265 -534.6063 3808.4329 200 201 133
315.8045 -533.9691 3803.8936 203 202 134
319.2363 -534.6063 3808.4329 200 200 135
322.2912 -534.6063 3808.4329 196 199 135
324.9583 -533.9691 3803.8936 198 201 138
328.0096 -533.9691 3803.8936 204 207 143
331.4559 -534.6063 3808.4329 205 206 144
334.5108 -534.6063 3808.4329 200 201 140
337.5657 -534.6063 3808.4329 203 204 142
340.6205 -534.6063 3808.4329 224 224 158
343.6754 -534.6063 3808.4329 228 227 158
346.7303 -534.6063 3808.4329 229 228 159
349.3683 -533.9691 3803.8936 227 227 157
352.4196 -533.9691 3803.8936 227 225 158
355.4708 -533.9691 3803.8936 212 213 148
358.5221 -533.9691 3803.8936 199 203 139
361.1429 -533.3334 3799.3652 204 206 141
364.1905 -533.3334 3799.3652 203 204 140
367.2381 -533.3334 3799.3652 208 210 146
370.2857 -533.3334 3799.3652 203 205 143
372.8894 -532.6992 3794.8474 188 190 133
375.4870 -532.0666 3790.3406 196 199 144
378.5273 -532.0666 3790.3406 214 215 153
381.5677 -532.0666 3790.3406 228 229 161
384.1519 -531.4354 3785.8442 228 226 157
387.1886 -531.4354 3785.8442 226 224 158
390.2254 -531.4354 3785.8442 214 212 166
392.7962 -530.8057 3781.3586 214 208 175
396.2990 -531.4354 3785.8442 215 207 176
450.1279 -572.8900 4081.1594 214 192 164
452.8225 -572.1584 4075.9473 213 188 161
453.7738 -569.2504 4055.2310 212 186 159
457.0267 -569.2504 4055.2310 211 181 154
459.6955 -568.5280 4050.0847 206 171 140
462.9442 -568.5280 4050.0847 202 168 137
465.6020 -567.8074 4044.9514 200 169 137
468.2532 -567.0887 4039.8313 193 162 132
471.4937 -567.0887 4039.8313 165 137 110
473.5354 -565.6566 4029.6296 159 134 104
477.3705 -566.3718 4034.7241 176 148 120
480.6069 -566.3718 4034.7241 183 155 129
483.8433 -566.3718 4034.7241 182 152 127
487.0797 -566.3718 4034.7241 184 154 130
490.3161 -566.3718 4034.7241 186 154 131
493.5525 -566.3718 4034.7241 192 159 136
496.7889 -566.3718 4034.7241 197 164 143
500.6583 -567.0887 4039.8313 198 167 147
504.5374 -567.8074 4044.9514 198 168 148
507.1393 -567.0887 4039.8313 197 170 148
510.3798 -567.0887 4039.8313 191 165 142
513.6203 -567.0887 4039.8313 189 162 138
517.5159 -567.8074 4044.9514 193 166 140
520.7604 -567.8074 4044.9514 196 169 143
524.0051 -567.8074 4044.9514 195 167 142
527.2497 -567.8074 4044.9514 196 167 141
530.4943 -567.8074 4044.9514 196 166 141
533.7389 -567.8074 4044.9514 193 166 140
536.3038 -567.0887 4039.8313 194 165 139
540.2281 -567.8074 4044.9514 193 164 140
543.4728 -567.8074 4044.9514 194 165 141
546.0253 -567.0887 4039.8313 194 167 141
549.2658 -567.0887 4039.8313 197 169 144
551.8079 -566.3718 4034.7241 197 168 144
555.7469 -567.0887 4039.8313 197 169 145
558.9874 -567.0887 4039.8313 195 169 144
561.5171 -566.3718 4034.7241 192 167 143
564.7535 -566.3718 4034.7241 197 170 147
566.5574 -564.9433 4024.5483 200 172 148
569.7857 -564.9433 4024.5483 201 175 148
572.2922 -564.2318 4019.4795 206 178 151
575.5164 -564.2318 4019.4795 194 164 140
578.7406 -564.2318 4019.4795 185 153 128
581.9648 -564.2318 4019.4795 195 163 136
584.4529 -563.5220 4014.4236 209 175 144
587.6730 -563.5220 4014.4236 234 199 166
590.8931 -563.5220 4014.4236 220 194 165
594.1132 -563.5220 4014.4236 195 186 157
596.5829 -562.8141 4009.3804 190 186 157
599.0464 -562.1080 4004.3499 190 186 157
600.7510 -560.7009 3994.3264 190 187 158
603.2001 -560.0001 3989.3335 190 187 158
607.9199 -561.4036 3999.3318 190 187 158
-312.7533 -537.0203 3803.8936 237 234 203
-310.8134 -538.9474 3817.5439 237 234 200
-307.7512 -538.9474 3817.5439 238 234 202
-304.3250 -538.3035 3812.9829 238 236 198
-301.9881 -539.5929 3822.1160 237 234 174
-298.5646 -538.9474 3817.5439 235 232 154
-295.8563 -539.5929 3822.1160 222 218 140
-292.7904 -539.5929 3822.1160 204 203 131
-289.7246 -539.5929 3822.1160 202 201 129
-286.6587 -539.5929 3822.1160 225 224 153
-283.2536 -538.9474 3817.5439 226 225 155
-280.1914 -538.9474 3817.5439 224 221 152
-277.1292 -538.9474 3817.5439 226 224 154
-274.3952 -539.5929 3822.1160 221 220 151
-271.3293 -539.5929 3822.1160 238 237 171
-268.9076 -540.8884 3831.2927 241 241 171
-265.1976 -539.5929 3822.1160 240 242 171
-262.1317 -539.5929 3822.1160 241 240 169
-259.0659 -539.5929 3822.1160 240 239 166
-255.6938 -538.9474 3817.5439 232 232 162
-252.9341 -539.5929 3822.1160 217 217 148
-248.9738 -537.6611 3808.4329 222 220 150
-246.2127 -538.3035 3812.9829 223 220 148
-242.8640 -537.6611 3808.4329 221 218 146
-240.0956 -538.3035 3812.9829 219 218 145
-237.3206 -538.9474 3817.5439 219 216 144
-233.9785 -538.3035 3812.9829 218 215 144
-230.9200 -538.3035 3812.9829 220 217 145
-227.8614 -538.3035 3812.9829 215 214 141
-224.5346 -537.6611 3808.4329 212 212 141
-221.7443 -538.3035 3812.9829 228 228 159
-218.4248 -537.6611 3808.4329 235 233 161
-215.1132 -537.0203 3803.8936 235 234 160
-212.3150 -537.6611 3808.4329 235 234 161
-209.0107 -537.0203 3803.8936 235 234 161
-206.4516 -538.3035 3812.9829 230 230 157
-203.3931 -538.3035 3812.9829 216 215 145
-200.0955 -537.6611 3808.4329 219 220 151
-196.8057 -537.0203 3803.8936 217 217 149
-193.9857 -537.6611 3808.4329 220 221 152
-190.7032 -537.0203 3803.8936 227 227 159
-187.8759 -537.6611 3808.4329 203 204 137
-185.0418 -538.3035 3812.9829 208 209 150
-181.9833 -538.3035 3812.9829 214 217 157
-179.3533 -539.5929 3822.1160 239 240 177
-176.2874 -539.5929 3822.1160 243 244 184
-173.2216 -539.5929 3822.1160 245 244 189
-167.6783 -584.3840 4139.3862 235 213 183
-163.9327 -582.8719 4128.6763 227 204 171
-160.8290 -583.6270 4134.0244 217 189 152
-157.3092 -582.8719 4128.6763 213 183 142
-154.1969 -583.6270 4134.0244 207 175 135
-150.6856 -582.8719 4128.6763 195 165 124
-147.7562 -584.3840 4139.3862 188 157 118
-144.4358 -584.3840 4139.3862 185 153 116
-140.9326 -583.6270 4134.0244 182 150 117
-137.6166 -583.6270 4134.0244 181 150 119
-134.6494 -585.1429 4144.7622 185 154 122
-130.9845 -583.6270 4134.0244 186 154 124
-128.1665 -585.9038 4150.1519 189 157 130
-124.8375 -585.9038 4150.1519 193 162 135
-121.5085 -585.9038 4150.1519 199 168 142
-118.0260 -585.1429 4144.7622 201 170 143
-115.1499 -587.4316 4160.9736 198 168 141
-111.6667 -586.6667 4155.5557 203 173 145
-108.4746 -587.4316 4160.9736 202 172 145
-105.2742 -588.1985 4166.4058 204 173 146
-101.9321 -588.1985 4166.4058 207 178 150
-98.5901 -588.1985 4166.4058 206 177 150
-95.2480 -588.1985 4166.4058 209 179 152
-91.9060 -588.1985 4166.4058 210 179 152
-88.6797 -588.9673 4171.8521 215 184 157
-85.3333 -588.9673 4171.8521 213 184 157
-81.9869 -588.9673 4171.8521 210 180 154
-78.7435 -589.7383 4177.3125 213 184 158
-75.2941 -588.9673 4171.8521 211 182 156
-72.0419 -589.7383 4177.3125 212 182 156
-68.6911 -589.7383 4177.3125 213 185 159
-65.1697 -588.1985 4166.4058 211 184 157
-61.8277 -588.1985 4166.4058 212 185 156
-58.5621 -588.9673 4171.8521 213 187 158
-55.1436 -588.1985 4166.4058 216 190 160
-13.9130 -544.1547 3854.4285 219 216 145
-10.8213 -544.1547 3854.4285 219 217 145
-7.7295 -544.1547 3854.4285 218 216 145
-4.6377 -544.1547 3854.4285 221 219 146
-1.5440 -543.4982 3849.7791 216 215 146
1.5422 -542.8434 3845.1406 231 230 160
4.6377 -544.1547 3854.4285 221 219 144
7.7108 -542.8434 3845.1406 222 221 146
10.7822 -542.1902 3840.5134 225 223 150
13.8628 -542.1902 3840.5134 223 221 147
16.9028 -540.8884 3831.2927 231 231 161
19.9760 -540.8884 3831.2927 213 215 149
22.9940 -539.5929 3822.1160 217 217 152
26.0599 -539.5929 3822.1160 212 212 143
29.0909 -538.9474 3817.5439 210 209 137
32.1531 -538.9474 3817.5439 206 205 133
35.2153 -538.9474 3817.5439 204 204 137
38.2318 -538.3035 3812.9829 207 208 140
41.2903 -538.3035 3812.9829 210 208 141
44.3489 -538.3035 3812.9829 209 209 141
47.4641 -538.9474 3817.5439 207 208 141
50.5263 -538.9474 3817.5439 226 225 158
53.6527 -539.5929 3822.1160 231 228 156
56.7866 -540.2399 3826.6987 218 216 144
59.9280 -540.8884 3831.2927 211 209 141
62.9257 -540.2399 3826.6987 207 207 139
66.2335 -542.1902 3840.5134 216 216 148
69.3976 -542.8434 3845.1406 212 211 145
72.2209 -540.8884 3831.2927 214 214 145
75.2941 -540.8884 3831.2927 212 212 144
78.4615 -541.5385 3835.8975 212 214 149
81.4406 -540.8884 3831.2927 220 221 158
84.4125 -540.2399 3826.6987 204 205 144
87.4820 -540.2399 3826.6987 199 201 142
90.5516 -540.2399 3826.6987 213 215 156
142.4176 -618.9011 4383.8828 217 217 175
216.8595 -620.6061 4395.9595 224 223 183
220.6897 -621.4621 4402.0229 224 223 183
223.9118 -620.6061 4395.9595 225 223 184
226.5021 -618.0522 4377.8691 224 223 184
230.9642 -620.6061 4395.9595 225 224 185
234.8138 -621.4621 4402.0229 225 224 185
238.3448 -621.4621 4402.0229 226 224 185
241.5427 -620.6061 4395.9595 226 224 185
245.0689 -620.6061 4395.9595 226 224 185
247.9121 -618.9011 4383.8828 226 223 185
250.7397 -617.2055 4371.8721 226 223 185
253.5414 -540.8884 3831.2927 234 230 177
255.6938 -538.9474 3817.5439 234 230 174
259.3765 -540.2399 3826.6987 234 230 169
261.5054 -538.3035 3812.9829 234 231 157
264.8804 -538.9474 3817.5439 235 232 156
267.9426 -538.9474 3817.5439 213 211 143
271.0048 -538.9474 3817.5439 195 194 131
274.0670 -538.9474 3817.5439 188 187 119
276.7981 -538.3035 3812.9829 206 204 134
280.1914 -538.9474 3817.5439 201 199 129
283.2536 -538.9474 3817.5439 199 199 129
286.3158 -538.9474 3817.5439 202 203 135
289.0323 -538.3035 3812.9829 197 198 132
292.0908 -538.3035 3812.9829 198 199 133
295.1494 -538.3035 3812.9829 200 200 135
297.4970 -537.0203 3803.8936 199 201 137
300.9069 -537.6611 3808.4329 200 203 142
303.9618 -537.6611 3808.4329 200 203 139
306.6508 -537.0203 3803.8936 198 199 136
309.7020 -537.0203 3803.8936 195 197 131
312.7533 -537.0203 3803.8936 201 200 132
315.4286 -536.3810 3799.3652 202 201 134
318.8558 -537.0203 3803.8936 201 202 136
321.9070 -537.0203 3803.8936 197 199 134
324.5715 -536.3810 3799.3652 199 202 137
327.6190 -536.3810 3799.3652 206 207 143
331.0608 -537.0203 3803.8936 205 205 143
334.1121 -537.0203 3803.8936 201 202 138
337.1633 -537.0203 3803.8936 198 200 140
340.6205 -537.6611 3808.4329 204 207 148
343.6754 -537.6611 3808.4329 207 211 150
346.3170 -537.0203 3803.8936 205 210 153
349.3683 -537.0203 3803.8936 205 209 151
352.4196 -537.0203 3803.8936 206 208 147
355.0477 -536.3810 3799.3652 202 205 144
358.0952 -536.3810 3799.3652 199 203 141
360.7134 -535.7432 3794.8474 204 206 143
363.7574 -535.7432 3794.8474 204 205 144
366.8015 -535.7432 3794.8474 206 208 147
369.8454 -535.7432 3794.8474 207 211 150
372.4466 -535.1069 3790.3406 197 197 139
375.0415 -534.4721 3785.8442 195 197 140
378.0783 -534.4721 3785.8442 210 211 149
381.1151 -534.4721 3785.8442 227 227 160
384.1519 -534.4721 3785.8442 228 226 156
386.7299 -533.8389 3781.3586 227 225 156
389.7631 -533.8389 3781.3586 214 211 161
392.3314 -533.2072 3776.8838 212 206 170
395.8294 -533.8389 3781.3586 213 205 171
448.9796 -574.6939 4070.7483 214 192 161
451.6688 -573.9619 4065.5627 212 188 156
452.6236 -571.0520 4044.9514 210 185 153
455.8682 -571.0520 4044.9514 210 184 153
459.1128 -571.0520 4044.9514 206 173 140
461.7722 -570.3292 4039.8313 203 169 137
465.0127 -570.3292 4039.8313 201 169 136
468.2532 -570.3292 4039.8313 199 169 138
470.8976 -569.6081 4034.7241 172 142 115
472.9382 -568.1716 4024.5483 160 135 106
476.7677 -568.8889 4029.6296 164 136 108
480.0000 -568.8889 4029.6296 186 157 130
483.2323 -568.8889 4029.6296 181 152 127
486.4647 -568.8889 4029.6296 178 149 126
489.6970 -568.8889 4029.6296 183 152 129
492.9293 -568.8889 4029.6296 183 153 129
496.1616 -568.8889 4029.6296 185 154 132
500.0253 -569.6081 4034.7241 187 158 137
503.2617 -569.6081 4034.7241 193 163 143
506.4981 -569.6081 4034.7241 195 165 144
509.7346 -569.6081 4034.7241 194 166 143
512.9709 -569.6081 4034.7241 195 168 143
516.2074 -569.6081 4034.7241 193 168 142
520.1013 -570.3292 4039.8313 194 169 144
523.3418 -570.3292 4039.8313 194 168 143
526.5823 -570.3292 4039.8313 194 169 144
529.8228 -570.3292 4039.8313 195 168 144
532.3894 -569.6081 4034.7241 195 168 145
535.6258 -569.6081 4034.7241 197 169 147
539.5444 -570.3292 4039.8313 198 170 147
542.7849 -570.3292 4039.8313 201 172 147
545.3350 -569.6081 4034.7241 202 173 147
548.5715 -569.6081 4034.7241 202 173 148
551.1111 -568.8889 4029.6296 198 172 146
554.3434 -568.8889 4029.6296 195 169 145
558.2807 -569.6081 4034.7241 195 169 145
560.8081 -568.8889 4029.6296 196 169 145
563.3292 -568.1716 4024.5483 197 170 146
565.8438 -567.4559 4019.4795 191 163 140
569.0681 -567.4559 4019.4795 185 156 134
571.5724 -566.7422 4014.4236 184 157 132
574.0704 -566.0302 4009.3804 183 155 129
578.0126 -566.7422 4014.4236 187 156 128
581.2327 -566.7422 4014.4236 193 160 129
583.7186 -566.0302 4009.3804 208 173 139
586.9348 -566.0302 4009.3804 235 197 162
590.1508 -566.0302 4009.3804 231 198 167
593.3669 -566.0302 4009.3804 201 186 157
595.8344 -565.3200 4004.3499 192 186 157
599.0464 -565.3200 4004.3499 191 186 157
599.2510 -562.4969 3984.3530 191 187 158
602.4470 -562.4969 3984.3530 190 187 158
607.9199 -564.6116 3999.3318 190 187 158
-312.3810 -539.4286 3799.3652 238 236 204
-310.4420 -541.3621 3812.9829 237 237 203
-307.3835 -541.3621 3812.9829 240 237 204
-304.3250 -541.3621 3812.9829 241 238 199
-301.6268 -542.0096 3817.5439 237 234 171
-298.2079 -541.3621 3812.9829 236 233 156
-295.5024 -542.0096 3817.5439 220 218 144
-292.4402 -542.0096 3817.5439 202 201 134
-289.3780 -542.0096 3817.5439 212 208 138
-286.3158 -542.0096 3817.5439 230 227 157
-283.2536 -542.0096 3817.5439 224 223 152
-280.1914 -542.0096 3817.5439 222 221 151
-276.7981 -541.3621 3812.9829 224 223 153
-274.0670 -542.0096 3817.5439 220 219 152
-271.0048 -542.0096 3817.5439 225 223 159
-268.5851 -543.3094 3826.6987 227 226 159
-264.8804 -542.0096 3817.5439 226 226 159
-261.5054 -541.3621 3812.9829 226 226 159
-258.7560 -542.0096 3817.5439 226 226 156
-255.3883 -541.3621 3812.9829 221 221 149
-252.6316 -542.0096 3817.5439 217 217 146
-248.6770 -540.0715 3803.8936 222 220 148
-245.9189 -540.7160 3808.4329 223 220 149
-242.5745 -540.0715 3803.8936 221 219 146
-239.8091 -540.7160 3808.4329 219 218 144
-237.0371 -541.3621 3812.9829 218 217 143
-233.4207 -540.0715 3803.8936 219 217 143
-230.6444 -540.7160 3808.4329 218 216 144
-227.5895 -540.7160 3808.4329 216 215 143
-224.5346 -540.7160 3808.4329 212 212 140
-221.4797 -540.7160 3808.4329 217 216 147
-218.1645 -540.0715 3803.8936 220 219 148
-215.1132 -540.0715 3803.8936 221 220 150
-212.0620 -540.0715 3803.8936 222 221 153
-208.7619 -539.4286 3799.3652 221 221 153
-206.2053 -540.7160 3808.4329 219 219 151
-203.1504 -540.7160 3808.4329 214 213 148
-199.8570 -540.0715 3803.8936 219 219 153
-196.8057 -540.0715 3803.8936 219 219 152
-193.7545 -540.0715 3803.8936 222 222 154
-190.4762 -539.4286 3799.3652 226 227 160
-187.6520 -540.0715 3803.8936 209 209 143
-184.8210 -540.7160 3808.4329 207 207 143
-181.7661 -540.7160 3808.4329 217 218 153
-178.9247 -541.3621 3812.9829 240 242 179
-175.8662 -541.3621 3812.9829 243 244 186
-172.8076 -541.3621 3812.9829 244 244 189
-167.4612 -586.9431 4134.0244 228 206 171
-163.7209 -585.4264 4123.3423 225 201 166
-160.4135 -585.4264 4123.3423 222 196 163
-157.1060 -585.4264 4123.3423 221 192 158
-153.7985 -585.4264 4123.3423 220 189 152
-150.4910 -585.4264 4123.3423 218 187 148
-147.3739 -586.1837 4128.6763 217 184 146
-144.0621 -586.1837 4128.6763 215 181 143
-140.5685 -585.4264 4123.3423 212 179 141
-137.4386 -586.1837 4128.6763 210 177 139
-134.1268 -586.1837 4128.6763 207 172 135
-130.6460 -585.4264 4123.3423 202 169 131
-127.6684 -586.9431 4134.0244 199 165 128
-124.3523 -586.9431 4134.0244 200 165 128
-121.0363 -586.9431 4134.0244 199 165 129
-117.5679 -586.1837 4128.6763 202 168 132
-114.7013 -588.4676 4144.7622 205 172 134
-111.2322 -587.7043 4139.3862 208 175 139
-108.0520 -588.4676 4144.7622 207 174 138
-105.0000 -590.0001 4155.5557 209 177 140
-101.6667 -590.0001 4155.5557 212 179 143
-98.3333 -590.0001 4155.5557 211 179 143
-95.0000 -590.0001 4155.5557 211 178 142
-91.6667 -590.0001 4155.5557 211 179 144
-88.4485 -590.7692 4160.9736 212 181 146
-85.2219 -591.5405 4166.4058 214 183 150
-81.7731 -590.7692 4160.9736 216 186 152
-78.5379 -591.5405 4166.4058 217 187 152
-75.0978 -590.7692 4160.9736 218 187 152
-71.8538 -591.5405 4166.4058 222 192 157
-68.4224 -590.7692 4160.9736 225 197 161
-64.9155 -589.2328 4150.1519 228 199 165
-61.5865 -589.2328 4150.1519 234 206 171
-58.4094 -590.7692 4160.9736 240 211 178
-54.9285 -589.2328 4150.1519 246 218 184
-13.8963 -546.5863 3849.7791 217 215 145
-10.7952 -545.9277 3845.1406 219 216 145
-7.7108 -545.9277 3845.1406 216 214 144
-4.6321 -546.5863 3849.7791 218 217 144
-1.5403 -545.2708 3840.5134 214 215 144
1.5385 -544.6154 3835.8975 229 229 160
4.6321 -546.5863 3849.7791 235 234 163
7.6923 -544.6154 3835.8975 236 235 165
10.7563 -543.9616 3831.2927 235 235 165
13.8295 -543.9616 3831.2927 236 235 165
16.8825 -543.3094 3826.6987 231 231 163
19.9520 -543.3094 3826.6987 213 213 149
22.9665 -542.0096 3817.5439 218 218 151
26.0287 -542.0096 3817.5439 216 215 147
29.0562 -541.3621 3812.9829 212 210 138
32.1147 -541.3621 3812.9829 211 210 137
35.1732 -541.3621 3812.9829 211 210 139
38.1862 -540.7160 3808.4329 211 211 139
41.2411 -540.7160 3808.4329 212 211 140
44.2959 -540.7160 3808.4329 210 209 139
47.4074 -541.3621 3812.9829 205 206 139
50.4660 -541.3621 3812.9829 221 222 154
53.5885 -542.0096 3817.5439 229 229 155
56.6507 -542.0096 3817.5439 230 228 155
59.7844 -542.6587 3822.1160 230 229 158
62.7751 -542.0096 3817.5439 230 229 161
66.0744 -543.9616 3831.2927 227 227 161
69.2308 -544.6154 3835.8975 210 209 145
72.0479 -542.6587 3822.1160 214 214 148
75.1138 -542.6587 3822.1160 211 211 145
78.2734 -543.3094 3826.6987 215 216 151
81.2455 -542.6587 3822.1160 222 223 158
84.2105 -542.0096 3817.5439 199 200 138
87.2727 -542.0096 3817.5439 200 203 145
90.3349 -542.0096 3817.5439 209 211 152
93.3971 -542.0096 3817.5439 234 235 170
96.4593 -542.0096 3817.5439 234 235 169
99.6407 -542.6587 3822.1160 235 236 171
102.7066 -542.6587 3822.1160 213 213 154
105.5197 -541.3621 3812.9829 201 202 148
220.3857 -624.1322 4395.9595 225 223 185
223.6039 -623.2738 4389.9131 225 224 185
226.1918 -620.7123 4371.8721 225 224 185
231.2828 -624.9931 4402.0229 226 225 187
234.8138 -624.9931 4402.0229 227 225 187
238.6740 -625.8564 4408.1030 227 225 186
241.8759 -624.9931 4402.0229 228 226 187
245.4069 -624.9931 4402.0229 227 225 187
248.2531 -623.2738 4389.9131 227 225 187
250.7397 -620.7123 4371.8721 228 225 187
252.9341 -542.6587 3822.1160 237 232 178
255.3883 -541.3621 3812.9829 237 232 176
258.7560 -542.0096 3817.5439 237 233 171
261.1933 -540.7160 3808.4329 235 231 157
264.5639 -541.3621 3812.9829 234 231 154
267.6225 -541.3621 3812.9829 213 210 141
270.6810 -541.3621 3812.9829 198 197 137
273.4129 -540.7160 3808.4329 191 191 127
276.4678 -540.7160 3808.4329 205 205 136
279.8566 -541.3621 3812.9829 201 198 128
282.5776 -540.7160 3808.4329 198 198 130
285.9737 -541.3621 3812.9829 197 199 132
288.6874 -540.7160 3808.4329 200 200 134
291.3945 -540.0715 3803.8936 200 200 134
294.7971 -540.7160 3808.4329 199 200 134
297.1429 -539.4286 3799.3652 200 201 134
300.5483 -540.0715 3803.8936 202 202 136
303.2381 -539.4286 3799.3652 201 201 135
306.2857 -539.4286 3799.3652 202 201 135
309.3333 -539.4286 3799.3652 200 200 134
312.0095 -538.7872 3794.8474 201 200 132
315.0535 -538.7872 3794.8474 202 201 134
318.0975 -538.7872 3794.8474 201 201 135
321.1415 -538.7872 3794.8474 198 200 133
324.1855 -538.7872 3794.8474 200 202 138
327.2295 -538.7872 3794.8474 206 207 143
330.2735 -538.7872 3794.8474 206 207 143
333.3175 -538.7872 3794.8474 202 204 141
336.7619 -539.4286 3799.3652 204 206 143
340.2145 -540.0715 3803.8936 206 207 143
343.2658 -540.0715 3803.8936 206 208 144
345.9048 -539.4286 3799.3652 206 209 147
348.9524 -539.4286 3799.3652 206 208 149
351.5815 -538.7872 3794.8474 206 208 149
354.6255 -538.7872 3794.8474 204 207 148
357.6694 -538.7872 3794.8474 202 204 145
360.2850 -538.1473 3790.3406 202 204 143
363.3254 -538.1473 3790.3406 203 204 144
366.3658 -538.1473 3790.3406 206 207 143
369.4062 -538.1473 3790.3406 213 216 155
371.5640 -536.8721 3781.3586 194 197 140
374.5972 -536.8721 3781.3586 195 199 142
377.6303 -536.8721 3781.3586 204 207 146
380.6635 -536.8721 3781.3586 227 227 159
383.6967 -536.8721 3781.3586 228 226 155
386.2722 -536.2368 3776.8838 228 226 158
389.3018 -536.2368 3776.8838 208 205 152
391.8676 -535.6029 3772.4194 203 197 160
395.8294 -536.8721 3781.3586 206 199 164
447.2681 -575.7560 4055.2310 214 195 161
450.5210 -575.7560 4055.2310 211 190 154
452.0506 -573.5696 4039.8313 209 184 150
455.2912 -573.5696 4039.8313 207 181 150
457.9520 -572.8445 4034.7241 207 178 146
461.1884 -572.8445 4034.7241 206 171 140
464.4248 -572.8445 4034.7241 203 169 136
467.6612 -572.8445 4034.7241 200 170 137
470.3031 -572.1212 4029.6296 182 153 125
472.9382 -571.3998 4024.5483 166 139 111
476.1665 -571.3998 4024.5483 156 131 102
479.3947 -571.3998 4024.5483 166 141 114
482.6230 -571.3998 4024.5483 171 146 119
485.8512 -571.3998 4024.5483 174 146 121
489.0795 -571.3998 4024.5483 178 150 126
492.3077 -571.3998 4024.5483 178 152 127
495.5360 -571.3998 4024.5483 175 149 126
498.7642 -571.3998 4024.5483 180 154 130
502.6263 -572.1212 4029.6296 183 157 135
505.8586 -572.1212 4029.6296 183 156 136
509.0909 -572.1212 4029.6296 187 159 138
512.3232 -572.1212 4029.6296 188 160 138
515.5556 -572.1212 4029.6296 188 159 137
519.4438 -572.8445 4034.7241 184 155 134
522.6802 -572.8445 4034.7241 188 158 136
525.2526 -572.1212 4029.6296 185 157 135
529.1530 -572.8445 4034.7241 181 153 130
531.0467 -571.3998 4024.5483 183 155 131
534.9495 -572.1212 4029.6296 181 155 130
538.8622 -572.8445 4034.7241 177 151 127
541.4141 -572.1212 4029.6296 177 152 127
544.6465 -572.1212 4029.6296 175 150 125
547.1879 -571.3998 4024.5483 176 151 127
550.4162 -571.3998 4024.5483 174 148 123
553.6445 -571.3998 4024.5483 177 149 126
557.5758 -572.1212 4029.6296 175 148 121
560.1009 -571.3998 4024.5483 173 147 119
562.6197 -570.6801 4019.4795 177 151 125
564.4221 -569.2463 4009.3804 180 152 125
567.6382 -569.2463 4009.3804 187 158 128
570.1381 -568.5320 4004.3499 196 167 136
572.6317 -567.8196 3999.3318 207 176 142
576.5622 -568.5320 4004.3499 220 185 149
579.7742 -568.5320 4004.3499 229 191 156
582.9863 -568.5320 4004.3499 234 195 160
585.4637 -567.8196 3999.3318 237 196 163
589.4103 -568.5320 4004.3499 235 198 167
592.6224 -568.5320 4004.3499 211 190 162
594.3430 -567.1089 3994.3264 193 186 159
597.5470 -567.1089 3994.3264 191 187 159
598.5038 -564.9875 3979.3850 191 187 158
601.6958 -564.9875 3979.3850 191 187 158
607.1590 -567.1089 3994.3264 191 188 158
