ply
format ascii 1.0
element vertex 10301
property float x
property float y
property float z
property uchar red
property uchar green
property uchar blue
end_header
357.0732 460.4878 4865.0410 184 218 188
353.1708 456.5854 4865.0410 183 218 187
354.9091 453.8182 4835.5557 184 219 190
359.8784 455.1976 4850.2534 187 222 195
351.0303 449.9394 4835.5557 184 217 185
353.8369 448.5801 4820.9468 185 219 188
357.7039 448.5801 4820.9468 187 221 193
360.4819 447.2289 4806.4258 187 222 194
364.3374 447.2289 4806.4258 187 223 195
365.9881 444.5509 4777.6450 188 224 196
367.6191 441.9048 4749.2065 187 224 195
371.4286 441.9048 4749.2065 189 225 197
375.2381 441.9048 4749.2065 188 225 196
377.3630 439.9408 4728.0991 189 225 197
380.0295 438.6411 4714.1309 191 227 200
383.8109 438.6411 4714.1309 190 225 201
387.0207 437.9941 4707.1782 191 225 201
390.7965 437.9941 4707.1782 191 226 201
349.9698 444.7130 4820.9468 183 217 185
351.7117 442.0421 4791.9922 185 219 189
353.9612 440.0598 4770.5034 185 221 193
357.7878 440.0598 4770.5034 186 222 192
361.0746 439.4030 4763.3833 187 223 194
363.8095 438.0953 4749.2065 188 224 196
367.6191 438.0953 4749.2065 187 223 195
371.4286 438.0953 4749.2065 189 224 196
374.6806 437.4443 4742.1499 189 224 197
376.8047 435.5030 4721.1045 188 224 196
379.4691 434.2183 4707.1782 190 227 198
383.2449 434.2183 4707.1782 190 226 200
387.0207 434.2183 4707.1782 190 227 201
390.7965 434.2183 4707.1782 191 227 201
349.4420 440.1810 4813.6753 184 219 188
351.7117 438.1982 4791.9922 185 220 189
353.9612 436.2332 4770.5034 185 222 191
357.2538 435.5821 4763.3833 186 222 193
361.0746 435.5821 4763.3833 187 223 195
364.3517 434.9329 4756.2842 187 223 195
367.6191 434.2858 4749.2065 187 223 195
371.4286 434.2858 4749.2065 188 223 196
375.2381 434.2858 4749.2065 189 224 197
378.4844 433.6404 4742.1499 189 225 197
380.5917 431.7160 4721.1045 191 227 200
383.2449 430.4425 4707.1782 191 225 200
387.0207 430.4425 4707.1782 191 225 201
390.7965 430.4425 4707.1782 191 227 202
346.6263 437.6400 4828.2402 184 218 188
348.9157 435.6627 4806.4258 184 219 188
351.7117 434.3544 4791.9922 185 221 189
353.9612 432.4066 4770.5034 185 222 190
357.7878 432.4066 4770.5034 187 223 194
361.0746 431.7612 4763.3833 187 223 195
364.8955 431.7612 4763.3833 187 223 195
368.1669 431.1178 4756.2842 187 223 195
371.9821 431.1178 4756.2842 188 224 196
375.7973 431.1178 4756.2842 189 224 197
379.0477 430.4762 4749.2065 189 225 199
380.5917 427.9290 4721.1045 190 226 200
383.2449 426.6667 4707.1782 190 225 199
387.0207 426.6667 4707.1782 191 226 201
390.7965 426.6667 4707.1782 192 228 204
346.6263 433.7670 4828.2402 183 218 188
349.4420 432.4585 4813.6753 184 219 188
351.7117 430.5105 4791.9922 187 223 191
353.9612 428.5800 4770.5034 186 221 192
357.7878 428.5800 4770.5034 186 221 194
361.6144 428.5800 4770.5034 187 222 195
365.4410 428.5800 4770.5034 187 223 195
369.2676 428.5800 4770.5034 189 224 197
373.0942 428.5800 4770.5034 188 223 196
376.9208 428.5800 4770.5034 190 226 199
379.6125 427.3026 4756.2842 189 225 199
381.7211 425.4006 4735.1138 189 225 198
383.2449 422.8909 4707.1782 189 225 196
387.0207 422.8909 4707.1782 189 227 198
390.7965 422.8909 4707.1782 189 228 202
350.4993 429.8941 4828.2402 184 219 188
351.7117 426.6667 4791.9922 188 224 193
355.5556 426.6667 4791.9922 186 222 194
358.8606 426.0270 4784.8076 185 221 193
365.4410 424.7534 4770.5034 188 224 196
369.2676 424.7534 4770.5034 187 223 195
373.6527 425.3893 4777.6450 187 223 194
378.6186 426.6667 4791.9922 190 226 198
385.5193 421.6024 4735.1138 189 225 197
387.0207 419.1151 4707.1782 190 227 200
390.7965 419.1151 4707.1782 190 228 203
349.4420 424.7361 4813.6753 184 219 187
352.7711 424.0964 4806.4258 185 221 191
355.5556 422.8228 4791.9922 188 224 197
359.3994 422.8228 4791.9922 187 223 195
365.4410 420.9268 4770.5034 187 223 195
369.2676 420.9268 4770.5034 188 224 196
374.2129 422.1889 4784.8076 187 224 193
378.6186 422.8228 4791.9922 189 225 197
385.5193 417.8042 4735.1138 190 226 200
386.4507 414.7276 4700.2456 189 227 201
390.7965 415.3393 4707.1782 190 228 203
349.2683 425.3659 4865.0410 184 218 187
352.0973 424.0730 4850.2534 184 219 189
352.7711 420.2410 4806.4258 184 219 190
355.5556 418.9790 4791.9922 187 223 195
359.3994 418.9790 4791.9922 187 223 196
363.2433 418.9790 4791.9922 186 222 195
365.9881 417.7246 4777.6450 187 223 195
369.8204 417.7246 4777.6450 188 224 196
373.6527 417.7246 4777.6450 187 223 195
378.6186 418.9790 4791.9922 188 224 196
379.6125 415.8569 4756.2842 191 227 201
382.2883 414.6212 4742.1499 190 225 201
384.9482 413.3926 4728.0991 190 226 200
386.4507 410.9573 4700.2456 191 227 201
387.9356 408.5506 4672.7188 190 228 203
391.6838 408.5506 4672.7188 192 229 204
349.2683 421.4635 4865.0410 184 218 188
352.6332 420.8220 4857.6357 184 219 189
352.7711 416.3856 4806.4258 185 220 190
355.5556 415.1352 4791.9922 187 223 194
359.3994 415.1352 4791.9922 187 223 195
363.2433 415.1352 4791.9922 187 223 194
365.9881 413.8922 4777.6450 187 223 195
369.2676 413.2736 4770.5034 187 223 196
373.0942 413.2736 4770.5034 188 224 196
375.7973 412.0417 4756.2842 188 224 196
377.9229 410.2077 4735.1138 189 225 197
378.9102 407.1871 4700.2456 190 226 199
382.6805 407.1871 4700.2456 190 226 199
384.1875 404.8024 4672.7188 190 226 200
387.3684 404.2106 4665.8872 191 228 203
391.1111 404.2106 4665.8872 193 230 205
349.2683 417.5610 4865.0410 184 218 188
353.1708 417.5610 4865.0410 184 218 189
355.9879 416.2918 4850.2534 184 220 190
355.5556 411.2913 4791.9922 186 222 194
359.3994 411.2913 4791.9922 187 222 193
363.2433 411.2913 4791.9922 186 222 193
365.9881 410.0599 4777.6450 188 224 196
368.1669 408.2265 4756.2842 189 225 198
371.4286 407.6191 4749.2065 188 225 198
372.4668 404.6086 4714.1309 189 224 198
375.1399 403.4168 4700.2456 188 224 197
376.6911 401.0542 4672.7188 189 225 197
379.3285 399.8832 4659.0757 190 224 198
381.9506 398.7191 4645.5122 190 226 201
385.6769 398.7191 4645.5122 191 227 203
390.5402 399.8832 4659.0757 193 228 205
349.8015 414.2901 4872.4683 183 218 188
353.1708 413.6586 4865.0410 184 219 189
355.9879 412.4012 4850.2534 185 220 190
353.9612 405.6204 4770.5034 186 221 192
357.7878 405.6204 4770.5034 186 221 192
360.5365 404.4113 4756.2842 186 220 192
363.8095 403.8096 4749.2065 189 224 196
361.6985 397.3061 4672.7188 189 225 198
364.9123 396.7252 4665.8872 190 225 200
368.1168 396.1460 4659.0757 190 225 199
371.3120 395.5685 4652.2837 189 225 198
374.4978 394.9927 4645.5122 189 224 197
377.6744 394.4186 4638.7598 190 224 198
381.3954 394.4186 4638.7598 190 225 200
385.1163 394.4186 4638.7598 193 228 204
388.8372 394.4186 4638.7598 194 229 206
353.1708 409.7561 4865.0410 183 219 189
354.9091 407.2727 4835.5557 184 219 188
351.3353 398.8130 4735.1138 185 220 190
355.1335 398.8130 4735.1138 186 221 191
354.2021 393.5579 4672.7188 186 222 194
357.9503 393.5579 4672.7188 189 225 197
360.1166 391.8367 4652.2837 189 225 198
363.3188 391.2664 4645.5122 189 225 197
367.0451 391.2664 4645.5122 189 226 198
370.7715 391.2664 4645.5122 189 226 199
373.9535 390.6977 4638.7598 188 224 196
377.6744 390.6977 4638.7598 190 225 199
381.3954 390.6977 4638.7598 192 226 202
385.1163 390.6977 4638.7598 193 228 205
388.8372 390.6977 4638.7598 194 229 205
354.9091 403.3940 4835.5557 186 219 191
351.3353 395.0149 4735.1138 185 220 189
355.1335 395.0149 4735.1138 185 221 189
376.2364 414.0591 4963.4009 187 222 193
380.2177 414.0591 4963.4009 189 226 200
360.1166 388.1049 4652.2837 189 226 200
363.3188 387.5401 4645.5122 190 226 200
367.0451 387.5401 4645.5122 189 226 199
370.2326 386.9767 4638.7598 190 226 198
373.4108 386.4151 4632.0273 188 223 194
377.1263 386.4151 4632.0273 189 225 196
380.8418 386.4151 4632.0273 192 227 202
385.1163 386.9767 4638.7598 193 227 204
388.8372 386.9767 4638.7598 192 228 203
352.2406 396.5113 4799.1982 186 220 190
355.5556 395.9159 4791.9922 185 220 191
368.8136 406.2866 4917.5142 185 220 190
374.4892 408.1734 4940.3511 187 223 194
377.8671 407.5425 4932.7153 188 224 198
380.6472 406.2866 4917.5142 190 225 200
363.3188 383.8137 4645.5122 190 225 199
367.0451 383.8137 4645.5122 191 225 200
370.2326 383.2558 4638.7598 192 226 201
372.8696 382.1449 4625.3140 189 224 197
376.5797 382.1449 4625.3140 188 224 196
380.8418 382.6996 4632.0273 190 227 200
385.1163 383.2558 4638.7598 191 229 205
354.9091 395.6364 4835.5557 186 220 189
358.7879 395.6364 4835.5557 185 221 192
365.9939 399.2661 4879.9185 185 220 191
373.9104 403.5858 4932.7153 187 222 193
376.7026 402.3421 4917.5142 187 223 195
380.6472 402.3421 4917.5142 189 225 198
381.6514 399.2661 4879.9185 188 224 197
384.3903 398.0488 4865.0410 189 226 199
370.2326 379.5349 4638.7598 190 226 201
372.8696 378.4348 4625.3140 190 225 199
376.5797 378.4348 4625.3140 190 225 198
383.0657 381.1971 4659.0757 191 227 201
394.2857 388.5714 4749.2065 192 229 204
353.7099 394.7481 4872.4683 184 218 187
355.4477 392.3521 4842.8936 185 219 189
359.3324 392.3521 4842.8936 186 221 191
365.4351 394.7481 4872.4683 185 220 190
369.9083 395.3517 4879.9185 186 221 191
373.8227 395.3517 4879.9185 187 223 194
377.1603 394.7481 4872.4683 188 224 196
380.4879 394.1464 4865.0410 188 224 196
383.8052 393.5464 4857.6357 191 227 201
385.3556 391.1649 4828.2402 191 226 202
387.4699 389.3976 4806.4258 191 227 202
387.8209 385.9105 4763.3833 190 226 199
390.4762 384.7619 4749.2065 191 227 201
397.2414 387.6462 4784.8076 193 228 204
351.4111 392.6381 4894.8877 184 219 189
353.7099 390.8397 4872.4683 184 218 189
355.9879 389.0578 4850.2534 186 220 193
359.8784 389.0578 4850.2534 186 220 192
364.8781 390.2439 4865.0410 185 220 192
369.3435 390.8397 4872.4683 185 220 190
372.6830 390.2439 4865.0410 187 222 193
376.0122 389.6499 4857.6357 188 223 196
379.9087 389.6499 4857.6357 189 225 197
382.0606 387.8788 4835.5557 189 226 199
385.3556 387.2920 4828.2402 191 227 202
389.2285 387.2920 4828.2402 191 226 201
391.3253 385.5422 4806.4258 190 226 198
393.4033 383.8081 4784.8076 191 228 201
399.6380 386.1237 4813.6753 190 227 202
354.2508 387.5229 4879.9185 183 218 191
355.9879 385.1672 4850.2534 185 220 191
359.8784 385.1672 4850.2534 185 220 190
364.3227 385.7534 4857.6357 186 220 191
368.2192 385.7534 4857.6357 186 221 191
372.1157 385.7534 4857.6357 188 223 194
374.8710 384.5827 4842.8936 188 223 196
378.1819 384.0000 4835.5557 189 225 198
381.4826 383.4191 4828.2402 188 225 198
385.3556 383.4191 4828.2402 191 228 202
388.6405 382.8399 4820.9468 191 226 201
392.5076 382.8399 4820.9468 189 225 198
395.7768 382.2625 4813.6753 191 228 202
400.8472 383.4191 4828.2402 190 227 202
355.3375 384.7853 4894.8877 184 218 192
355.9879 381.2766 4850.2534 185 220 190
359.8784 381.2766 4850.2534 186 220 192
363.7690 381.2766 4850.2534 186 221 192
366.5455 380.1212 4835.5557 187 222 194
370.4243 380.1212 4835.5557 188 223 195
373.1722 378.9728 4820.9468 188 224 196
377.0393 378.9728 4820.9468 187 225 198
380.3318 378.4012 4813.6753 189 225 200
384.1931 378.4012 4813.6753 191 227 202
388.6405 378.9728 4820.9468 190 226 202
392.5076 378.9728 4820.9468 190 226 200
395.7768 378.4012 4813.6753 191 228 203
399.6380 378.4012 4813.6753 190 227 202
358.2451 375.6732 4828.2402 186 220 193
362.1180 375.6732 4828.2402 187 221 195
365.9909 375.6732 4828.2402 187 222 195
369.8639 375.6732 4828.2402 187 223 195
372.0482 373.9759 4806.4258 188 224 196
375.9036 373.9759 4806.4258 187 223 197
378.6186 372.8529 4791.9922 189 225 200
382.4625 372.8529 4791.9922 190 228 203
388.6405 375.1058 4820.9468 189 227 202
392.5076 375.1058 4820.9468 190 227 201
396.3746 375.1058 4820.9468 191 227 202
400.8472 375.6732 4828.2402 191 227 203
358.2451 371.8003 4828.2402 185 221 192
362.1180 371.8003 4828.2402 186 222 194
365.9909 371.8003 4828.2402 187 222 196
368.1928 370.1205 4806.4258 187 223 197
370.3748 368.4558 4784.8076 187 223 196
375.9036 370.1205 4806.4258 189 225 197
385.9394 372.3636 4835.5557 191 228 204
395.4947 374.0639 4857.6357 192 227 203
365.9909 367.9274 4828.2402 187 223 197
363.8095 361.9048 4749.2065 187 224 196
367.6191 361.9048 4749.2065 186 224 196
359.5294 353.8824 4693.3335 188 224 199
356.9942 347.7457 4611.9463 188 224 198
360.6937 347.7457 4611.9463 189 225 198
325.9734 317.4400 4255.2891 186 224 198
329.3867 317.4400 4255.2891 188 224 198
332.8000 317.4400 4255.2891 188 225 199
348.2873 328.8398 4408.1030 188 226 200
339.9710 341.8288 4632.0273 188 223 199
342.6918 340.8394 4618.6206 186 222 196
330.2674 314.8664 4266.6670 188 223 197
343.8017 324.4077 4395.9595 189 224 199
348.2873 325.3039 4408.1030 189 225 200
353.2871 326.6574 4426.4448 191 228 204
356.8378 326.6574 4426.4448 191 228 205
361.3908 327.5661 4438.7578 191 227 203
334.6789 356.2080 4879.9185 187 219 194
337.5610 355.1220 4865.0410 183 216 188
341.4635 355.1220 4865.0410 184 216 186
345.3659 355.1220 4865.0410 183 217 189
348.2067 354.0426 4850.2534 183 218 190
346.8264 348.7426 4777.6450 186 221 194
339.4783 337.6232 4625.3140 189 224 199
342.6918 337.1346 4618.6206 188 221 198
340.4837 331.3799 4539.7822 189 223 199
342.6629 329.9717 4520.4912 188 224 199
345.3107 329.0396 4507.7212 188 223 198
341.2155 321.7679 4408.1030 188 223 198
344.7514 321.7679 4408.1030 189 224 198
348.2873 321.7679 4408.1030 188 225 199
352.7978 322.6593 4420.3140 190 228 202
356.8378 323.1068 4426.4448 189 227 202
360.8889 323.5556 4432.5928 189 226 201
364.4445 323.5556 4432.5928 190 227 202
330.7646 352.2936 4879.9185 183 214 184
333.6586 351.2195 4865.0410 186 219 192
337.5610 351.2195 4865.0410 183 216 188
340.4256 350.1520 4850.2534 183 216 187
344.3161 350.1520 4850.2534 184 218 191
346.6263 348.5628 4828.2402 184 218 190
335.7681 333.9131 4625.3140 184 220 192
338.9870 333.4298 4618.6206 187 223 196
337.3220 328.2051 4546.2490 187 223 198
340.0000 327.2727 4533.3335 188 223 199
343.1490 326.8086 4526.9033 188 224 199
345.7992 325.8840 4514.0972 189 225 200
344.5468 321.3389 4451.1392 188 224 199
345.7064 319.1136 4420.3140 189 225 200
349.2521 319.1136 4420.3140 189 225 201
353.2871 319.5562 4426.4448 191 227 202
357.3333 320.0000 4432.5928 191 227 203
361.3908 320.4451 4438.7578 190 226 202
364.9514 320.4451 4438.7578 192 227 203
369.5398 321.3389 4451.1392 192 227 203
330.2596 347.8474 4872.4683 183 214 185
333.6586 347.3171 4865.0410 185 217 190
337.0472 346.7885 4857.6357 182 216 189
340.4256 346.2614 4850.2534 182 217 188
344.8402 346.7885 4857.6357 184 218 191
346.6263 344.6899 4828.2402 185 218 191
335.2822 329.7251 4618.6206 185 219 192
335.5874 326.4183 4572.3018 186 221 196
337.3220 324.5584 4546.2490 188 224 199
340.0000 323.6364 4533.3335 188 224 199
343.6364 323.6364 4533.3335 186 224 198
346.7802 323.1773 4526.9033 187 225 198
346.4797 319.5512 4476.1104 187 224 198
348.1172 317.7685 4451.1392 188 226 200
349.7365 316.0056 4426.4448 189 225 200
353.7778 316.4445 4432.5928 191 226 202
357.8304 316.8846 4438.7578 192 227 205
361.3908 316.8846 4438.7578 190 226 201
365.9693 317.7685 4451.1392 192 227 203
370.0559 318.2123 4457.3560 191 226 203
378.9236 322.7196 4520.4912 190 228 203
333.6586 343.4147 4865.0410 185 219 191
337.5610 343.4147 4865.0410 183 217 190
340.9437 342.8919 4857.6357 184 217 190
335.2822 326.0203 4618.6206 184 219 191
335.5874 322.7507 4572.3018 185 221 194
338.2857 321.8286 4559.2383 187 223 198
340.9687 320.9117 4546.2490 186 223 196
345.6000 321.8286 4559.2383 185 223 195
349.2572 321.8286 4559.2383 187 224 197
353.9255 322.7507 4572.3018 188 226 199
350.0701 315.9608 4476.1104 191 227 203
353.6606 315.9608 4476.1104 189 226 201
358.2560 316.8495 4488.7017 190 227 202
361.8566 316.8495 4488.7017 191 227 203
368.0453 319.0935 4520.4912 191 227 202
371.6714 319.0935 4520.4912 192 227 203
375.2975 319.0935 4520.4912 191 226 202
334.1679 340.0305 4872.4683 183 217 190
337.5610 339.5122 4865.0410 181 215 188
334.7977 321.8497 4611.9463 184 219 191
335.5874 319.0831 4572.3018 185 221 193
338.2857 318.1714 4559.2383 186 222 196
340.9687 317.2650 4546.2490 187 223 197
345.6000 318.1714 4559.2383 187 223 197
350.2579 319.0831 4572.3018 189 225 199
356.4791 321.3853 4605.2910 189 226 199
357.5931 319.0831 4572.3018 190 226 200
362.8202 320.4604 4592.0386 190 227 202
368.0925 321.8497 4611.9463 190 227 202
379.7396 322.3155 4618.6206 191 228 202
383.4443 322.3155 4618.6206 191 227 203
335.1914 337.1516 4887.3916 181 214 186
338.5933 336.6361 4879.9185 183 216 189
334.7977 318.1503 4611.9463 184 218 191
338.0087 317.6912 4605.2910 185 220 193
338.2857 314.5143 4559.2383 185 221 194
340.9687 313.6183 4546.2490 187 223 197
345.6000 314.5143 4559.2383 188 223 197
352.7850 317.6912 4605.2910 188 224 198
358.5486 319.5356 4632.0273 189 225 199
361.2157 318.6107 4618.6206 189 225 199
364.9204 318.6107 4618.6206 191 228 203
369.1594 319.0725 4625.3140 190 229 205
334.6789 332.7217 4879.9185 181 214 185
338.5933 332.7217 4879.9185 183 217 187
337.7260 317.2012 4652.2837 185 219 192
338.4971 314.4509 4611.9463 186 221 194
341.2104 313.5447 4598.6553 186 222 195
340.9687 309.9715 4546.2490 187 223 198
350.6087 315.3623 4625.3140 188 223 198
354.8331 315.8200 4632.0273 188 223 199
359.0698 316.2791 4638.7598 189 225 200
362.2642 315.8200 4632.0273 190 225 201
365.9797 315.8200 4632.0273 191 227 203
369.6953 315.8200 4632.0273 193 228 206
385.6769 316.7395 4645.5122 193 229 206
335.1914 329.3109 4887.3916 182 214 184
338.5933 328.8073 4879.9185 184 216 188
338.7135 314.3860 4665.8872 185 220 190
340.9608 313.0131 4645.5122 185 221 193
344.1861 312.5581 4638.7598 186 222 196
346.8986 311.6522 4625.3140 188 223 198
351.1176 312.1046 4632.0273 188 223 198
356.3849 313.4694 4652.2837 189 225 200
360.1166 313.4694 4652.2837 189 224 200
362.7907 312.5581 4638.7598 189 224 200
366.5117 312.5581 4638.7598 190 225 201
370.2326 312.5581 4638.7598 193 228 206
373.9535 312.5581 4638.7598 192 229 205
378.2242 313.0131 4645.5122 190 228 203
381.9506 313.0131 4645.5122 191 229 204
385.6769 313.0131 4645.5122 191 228 205
338.5933 324.8930 4879.9185 184 217 189
341.9847 324.3970 4872.4683 183 218 191
339.2094 311.0981 4672.7188 185 220 191
341.9562 310.1898 4659.0757 186 221 194
344.6871 309.2868 4645.5122 188 224 199
347.9070 308.8372 4638.7598 187 223 197
351.6279 308.8372 4638.7598 189 224 199
356.3849 309.7376 4652.2837 190 225 201
360.1166 309.7376 4652.2837 189 224 200
363.3188 309.2868 4645.5122 190 225 201
366.5117 308.8372 4638.7598 190 225 201
370.2326 308.8372 4638.7598 192 228 204
373.9535 308.8372 4638.7598 193 231 206
377.6744 308.8372 4638.7598 191 229 204
381.9506 309.2868 4645.5122 190 228 203
385.6769 309.2868 4645.5122 192 229 206
390.5402 310.1898 4659.0757 192 230 207
341.9847 320.4886 4872.4683 182 217 189
348.2067 319.0274 4850.2534 184 218 189
339.7068 307.8006 4679.5698 184 219 190
342.4562 306.9006 4665.8872 188 222 196
345.1895 306.0058 4652.2837 189 225 200
347.9070 305.1163 4638.7598 187 222 197
351.6279 305.1163 4638.7598 188 224 198
356.9051 306.4526 4659.0757 189 224 199
360.6424 306.4526 4659.0757 189 225 199
363.8484 306.0058 4652.2837 190 226 201
367.0451 305.5604 4645.5122 191 226 201
370.7715 305.5604 4645.5122 192 228 204
373.9535 305.1163 4638.7598 191 229 206
378.2242 305.5604 4645.5122 192 229 205
381.9506 305.5604 4645.5122 192 228 205
386.2391 306.0058 4652.2837 194 230 209
390.5402 306.4526 4659.0757 194 230 209
340.4256 315.1368 4850.2534 183 217 188
344.3161 315.1368 4850.2534 183 218 191
344.0240 311.3514 4791.9922 183 218 189
343.7389 307.6558 4735.1138 185 219 191
343.4604 304.0469 4679.5698 189 222 196
346.1989 303.1579 4665.8872 189 224 199
348.9213 302.2740 4652.2837 187 223 196
353.1679 302.7154 4659.0757 188 224 198
357.9503 303.6018 4672.7188 188 225 199
361.6985 303.6018 4672.7188 189 225 199
364.9123 303.1579 4665.8872 191 226 202
368.1168 302.7154 4659.0757 190 225 202
371.3120 302.2740 4652.2837 192 227 203
375.0437 302.2740 4652.2837 193 230 207
378.7755 302.2740 4652.2837 192 228 206
382.5073 302.2740 4652.2837 194 229 207
386.8029 302.7154 4659.0757 196 232 210
391.6838 303.6018 4672.7188 195 231 209
338.8805 309.8336 4828.2402 183 216 186
342.7534 309.8336 4828.2402 184 219 189
344.0240 307.5075 4791.9922 184 219 189
345.7911 305.6717 4763.3833 187 221 193
347.5371 303.8576 4735.1138 187 221 195
349.2626 302.0649 4707.1782 186 221 194
353.0384 302.0649 4707.1782 189 224 199
358.4001 303.4074 4728.0991 189 224 200
362.1926 303.4074 4728.0991 190 225 200
365.4438 302.9586 4721.1045 191 227 201
369.2308 302.9586 4721.1045 192 227 203
371.9174 302.0649 4707.1782 190 225 201
373.4897 300.2933 4679.5698 191 226 202
376.6911 299.8536 4672.7188 194 229 206
380.4393 299.8536 4672.7188 193 228 208
384.1875 299.8536 4672.7188 196 231 211
387.9356 299.8536 4672.7188 194 230 209
393.4118 301.1765 4693.3335 193 230 207
345.8932 308.7634 4872.4683 184 219 189
346.6263 305.9607 4828.2402 185 220 190
346.8264 302.7545 4777.6450 186 221 194
349.6120 301.8508 4763.3833 187 222 196
352.3810 300.9524 4749.2065 186 222 196
357.7878 302.3020 4770.5034 188 223 197
360.5365 301.4009 4756.2842 189 223 199
364.3517 301.4009 4756.2842 189 223 199
367.6191 300.9524 4749.2065 191 226 201
370.8767 300.5052 4742.1499 191 226 202
373.5704 299.6149 4728.0991 190 225 201
376.8047 299.1716 4721.1045 190 225 201
379.4691 298.2891 4707.1782 192 228 204
380.9971 296.5396 4679.5698 194 229 207
384.1875 296.1054 4672.7188 194 230 208
388.5044 296.5396 4679.5698 193 229 206
356.4308 307.2000 4909.9487 185 220 194
351.1844 299.3703 4784.8076 188 222 197
355.0225 299.3703 4784.8076 187 222 197
364.8781 304.3903 4865.0410 186 221 194
368.7805 304.3903 4865.0410 187 223 196
367.6191 297.1429 4749.2065 189 226 200
371.4286 297.1429 4749.2065 190 225 201
374.1247 296.2611 4735.1138 190 225 201
377.3630 295.8222 4728.0991 191 226 202
380.5917 295.3846 4721.1045 191 227 203
383.2449 294.5133 4707.1782 192 229 205
384.7507 292.7859 4679.5698 193 230 208
387.9356 292.3573 4672.7188 193 229 207
362.6006 305.1393 4940.3511 187 222 197
364.3077 303.2616 4909.9487 188 223 200
371.4286 293.3333 4749.2065 190 225 202
374.6806 292.8975 4742.1499 189 224 201
377.9229 292.4629 4735.1138 191 226 202
380.5917 291.5976 4721.1045 193 227 203
383.2449 290.7375 4707.1782 192 229 206
384.1875 288.6091 4672.7188 192 230 207
386.8029 287.7664 4659.0757 193 229 207
374.6806 289.0937 4742.1499 191 225 201
377.9229 288.6647 4735.1138 192 226 202
380.5917 287.8107 4721.1045 192 226 202
383.2449 286.9617 4707.1782 194 229 206
383.0657 284.0292 4659.0757 193 228 206
386.2391 283.6152 4652.2837 193 228 207
338.7135 198.3626 4665.8872 185 216 188
342.4562 198.3626 4665.8872 184 217 188
346.1989 198.3626 4665.8872 184 217 190
340.2056 195.4772 4686.4414 183 216 187
342.4562 194.6199 4665.8872 184 217 189
346.1989 194.6199 4665.8872 185 218 191
352.5184 196.0530 4700.2456 188 221 196
347.4847 200.2454 4894.8877 183 215 187
347.1515 197.8182 4835.5557 183 216 189
342.7219 193.1361 4721.1045 183 216 188
344.9779 192.2828 4700.2456 185 218 190
350.2959 193.1361 4721.1045 185 218 192
354.0829 193.1361 4721.1045 187 220 196
339.6319 196.3190 4894.8877 183 213 185
341.9847 195.4198 4872.4683 183 213 186
345.3659 195.1220 4865.0410 183 216 188
347.1515 193.9394 4835.5557 184 217 190
349.4420 193.0618 4813.6753 184 217 190
352.7711 192.7711 4806.4258 185 218 191
353.9612 191.3304 4770.5034 185 219 192
356.7213 190.7601 4756.2842 188 220 196
362.1557 191.6168 4777.6450 189 221 197
340.4044 195.0855 4963.4009 181 210 182
339.1118 192.0980 4887.3916 184 214 188
341.9847 191.5115 4872.4683 184 214 187
345.3659 191.2195 4865.0410 183 215 187
348.2067 190.6383 4850.2534 183 216 189
351.0303 190.0606 4835.5557 185 218 191
353.3032 189.2006 4813.6753 184 218 190
356.6265 188.9157 4806.4258 184 218 190
357.7878 187.5038 4770.5034 188 221 196
362.1557 187.7845 4777.6450 189 221 197
340.4044 191.1042 4963.4009 181 211 181
340.1536 188.7558 4902.4067 183 213 185
342.5077 187.8899 4879.9185 183 213 185
346.4220 187.8899 4879.9185 184 214 188
348.7367 187.0320 4857.6357 185 216 191
351.5630 186.4644 4842.8936 186 218 194
354.3722 185.9002 4828.2402 184 216 189
357.1644 185.3394 4813.6753 186 217 192
360.4819 185.0603 4806.4258 188 221 196
364.3374 185.0603 4806.4258 189 221 197
340.9346 187.4143 4971.1318 180 209 180
342.2566 185.9660 4932.7153 182 212 183
342.5077 183.9755 4879.9185 186 216 189
348.0185 184.8233 4902.4067 184 215 190
350.3364 183.9755 4879.9185 185 216 192
352.0973 182.8571 4850.2534 184 217 191
354.9091 182.3030 4835.5557 184 216 188
358.2451 182.0273 4828.2402 185 216 188
360.4819 181.2048 4806.4258 189 221 198
364.3374 181.2048 4806.4258 189 221 198
342.0000 184.0000 4986.6670 182 211 183
344.9221 183.4268 4971.1318 183 211 184
342.5077 180.0612 4879.9185 185 213 189
350.3364 180.0612 4879.9185 186 216 191
354.3722 178.1543 4828.2402 184 217 191
356.6265 177.3494 4806.4258 185 217 190
359.3994 176.8168 4791.9922 188 222 199
364.3374 177.3494 4806.4258 189 222 199
342.0000 180.0000 4986.6670 181 210 183
346.0000 180.0000 4986.6670 181 211 183
341.9847 175.8779 4872.4683 183 212 186
350.3364 176.1468 4879.9185 185 216 191
347.0222 170.6667 4728.0991 186 219 195
351.3353 170.9199 4735.1138 186 217 191
356.1905 171.4286 4749.2065 188 221 197
362.6987 172.7137 4784.8076 189 222 198
342.0000 176.0000 4986.6670 180 211 183
344.3857 175.1789 4963.4009 181 212 184
340.4256 171.1854 4850.2534 183 213 186
344.3161 171.1854 4850.2534 184 214 188
346.1028 170.1511 4820.9468 184 217 190
339.7068 165.1613 4679.5698 184 218 193
343.4604 165.1613 4679.5698 186 220 196
350.8148 166.8741 4728.0991 185 216 191
355.1335 167.1217 4735.1138 188 221 197
359.4651 167.3700 4742.1499 189 223 200
336.5350 167.2948 4850.2534 182 212 185
338.8805 166.5356 4828.2402 183 213 186
340.1802 165.2853 4791.9922 184 215 188
339.9407 163.3234 4735.1138 185 217 191
339.7068 161.4076 4679.5698 186 218 193
347.0222 163.0815 4728.0991 185 218 192
351.3353 163.3234 4735.1138 185 218 192
355.6613 163.5661 4742.1499 188 222 199
359.4651 163.5661 4742.1499 189 222 201
335.5152 162.9091 4835.5557 181 211 186
336.3364 161.4415 4791.9922 183 213 187
338.6548 160.7175 4770.5034 185 214 187
340.4458 159.7623 4742.1499 184 215 190
343.7389 159.5252 4735.1138 186 216 192
348.0535 159.7623 4742.1499 186 218 192
351.8574 159.7623 4742.1499 185 218 193
356.1905 160.0000 4749.2065 189 221 198
360.0000 160.0000 4749.2065 189 221 198
336.0243 159.2716 4842.8936 180 210 184
336.3364 157.5976 4791.9922 182 212 186
339.1617 157.1258 4777.6450 184 214 189
341.4605 156.4233 4756.2842 185 216 191
344.7619 156.1905 4749.2065 185 217 190
348.5715 156.1905 4749.2065 185 217 190
352.3810 156.1905 4749.2065 186 219 195
356.1905 156.1905 4749.2065 187 220 197
360.0000 156.1905 4749.2065 189 221 198
336.0243 155.3870 4842.8936 180 209 183
336.3364 153.7538 4791.9922 182 212 186
339.1617 153.2934 4777.6450 183 212 187
341.9702 152.8358 4763.3833 185 216 192
345.2757 152.6081 4756.2842 184 216 191
349.0909 152.6081 4756.2842 185 218 191
352.3810 152.3810 4749.2065 186 219 193
356.1905 152.3810 4749.2065 187 221 196
360.0000 152.3810 4749.2065 190 223 200
342.2566 154.3122 4932.7153 181 211 185
336.3364 149.9099 4791.9922 181 211 185
339.6702 149.6852 4784.8076 182 212 187
343.5083 149.6852 4784.8076 185 217 193
346.3080 149.2377 4770.5034 185 218 195
349.6120 149.0149 4763.3833 186 219 195
352.9061 148.7928 4756.2842 186 220 195
356.1905 148.5714 4749.2065 188 220 196
360.0000 148.5714 4749.2065 192 224 201
342.2566 150.3555 4932.7153 181 210 186
337.3494 146.5060 4806.4258 181 211 186
340.1802 146.0661 4791.9922 182 213 188
343.5083 145.8471 4784.8076 186 218 195
347.3463 145.8471 4784.8076 187 219 196
350.1346 145.4111 4770.5034 185 219 195
352.9061 144.9776 4756.2842 186 219 195
356.7213 144.9776 4756.2842 187 219 196
360.0000 144.7619 4749.2065 189 222 198
363.8095 144.7619 4749.2065 189 222 199
343.3178 146.8527 4948.0103 180 210 183
340.4256 143.9514 4850.2534 181 211 184
341.2048 142.6506 4806.4258 183 213 189
344.0240 142.2222 4791.9922 185 217 193
347.3463 142.0090 4784.8076 187 220 196
351.1844 142.0090 4784.8076 185 219 195
352.9061 141.1624 4756.2842 185 219 194
356.7213 141.1624 4756.2842 187 219 195
360.0000 140.9524 4749.2065 189 221 198
363.8095 140.9524 4749.2065 190 222 199
343.8510 143.1056 4955.6938 180 210 183
341.4635 140.4878 4865.0410 183 213 188
343.7937 139.8483 4842.8936 184 214 191
344.0240 138.3784 4791.9922 184 216 191
347.3463 138.1709 4784.8076 186 218 194
350.6587 137.9641 4777.6450 187 220 196
352.9061 137.3472 4756.2842 185 217 193
356.7213 137.3472 4756.2842 187 220 196
360.0000 137.1429 4749.2065 189 222 199
363.8095 137.1429 4749.2065 190 222 199
341.9847 136.7939 4872.4683 183 213 188
344.8402 136.3775 4857.6357 185 214 189
344.0240 134.5345 4791.9922 184 216 190
347.3463 134.3328 4784.8076 185 218 194
350.1346 133.9313 4770.5034 186 219 194
352.9061 133.5321 4756.2842 186 219 192
356.7213 133.5321 4756.2842 188 221 194
360.5365 133.5321 4756.2842 190 224 201
364.3517 133.5321 4756.2842 190 222 200
345.8932 132.8855 4872.4683 182 213 187
349.2683 132.6829 4865.0410 185 218 192
347.3463 130.4948 4784.8076 185 219 194
350.1346 130.1046 4770.5034 186 219 195
352.9061 129.7168 4756.2842 187 218 193
356.7213 129.7168 4756.2842 187 218 192
360.5365 129.7168 4756.2842 188 221 197
350.1346 126.2780 4770.5034 186 218 194
352.9061 125.9016 4756.2842 187 218 192
356.7213 125.9016 4756.2842 189 219 193
373.9104 130.5719 4932.7153 190 221 197
369.9536 126.6152 4932.7153 188 220 194
374.0000 124.0000 4986.6670 188 221 196
374.5853 120.1878 4994.4707 187 221 197
378.5916 120.1878 4994.4707 188 222 199
374.5853 116.1815 4994.4707 187 220 198
366.0000 16.0000 4986.6670 184 218 194
368.8474 15.9502 4971.1318 186 220 195
374.0000 16.0000 4986.6670 187 220 194
378.0000 16.0000 4986.6670 190 221 196
382.5978 16.0250 4994.4707 191 222 197
362.0000 12.0000 4986.6670 185 218 194
364.2924 11.9440 4963.4009 185 219 195
368.2737 11.9440 4963.4009 186 220 196
372.8349 11.9626 4971.1318 188 221 197
378.0000 12.0000 4986.6670 189 221 197
382.5978 12.0188 4994.4707 191 223 199
360.8723 7.9751 4971.1318 184 217 193
364.8598 7.9751 4971.1318 186 220 195
368.8474 7.9751 4971.1318 187 221 198
374.0000 8.0000 4986.6670 190 222 199
378.0000 8.0000 4986.6670 187 219 196
382.5978 8.0125 4994.4707 192 224 201
364.8598 3.9875 4971.1318 186 219 195
374.5853 4.0063 4994.4707 188 220 198
378.5916 4.0063 4994.4707 189 221 199
382.5978 4.0063 4994.4707 190 223 202
504.6547 -73.4538 3391.5693 191 199 177
506.8365 -73.3758 3387.9690 190 198 175
509.0138 -73.2980 3384.3762 190 198 175
504.1189 -76.0934 3387.9690 191 199 176
505.7627 -75.9322 3380.7910 190 198 175
508.4746 -75.9322 3380.7910 189 197 175
504.1189 -78.8111 3387.9690 190 198 176
505.7627 -78.6441 3380.7910 190 198 175
508.4746 -78.6441 3380.7910 190 198 175
511.1865 -78.6441 3380.7910 190 198 175
504.1189 -81.5287 3387.9690 190 198 176
505.7627 -81.3559 3380.7910 190 198 175
507.9365 -81.2698 3377.2134 190 198 175
511.1865 -81.3559 3380.7910 190 198 175
505.7627 -84.0678 3380.7910 190 198 175
508.4746 -84.0678 3380.7910 190 198 175
506.8365 -86.9639 3387.9690 189 197 175
510.0957 -87.0563 3391.5693 190 198 175
507.9149 -89.8724 3395.1775 189 197 175
515.0543 -94.4035 3461.4607 189 198 176
508.4558 -92.6944 3398.7932 190 198 176
511.1822 -92.6944 3398.7932 190 197 176
517.8948 -98.2456 3499.4153 190 198 177
520.7018 -98.2456 3499.4153 190 198 176
522.3632 -98.0306 3491.7578 190 198 175
516.7877 -101.3861 3510.9646 190 198 177
517.8948 -101.0526 3499.4153 190 198 177
520.7018 -101.0526 3499.4153 190 197 176
524.6594 -101.2747 3507.1062 190 198 175
518.4989 -104.5475 3522.5903 190 198 176
519.0330 -104.0879 3507.1062 190 198 175
521.8461 -104.0879 3507.1062 190 197 175
527.9096 -109.9209 3606.1770 190 199 178
518.4989 -107.3731 3522.5903 190 198 177
519.0330 -106.9011 3507.1062 190 198 176
521.8461 -106.9011 3507.1062 189 198 176
524.6594 -106.9011 3507.1062 189 197 176
513.3690 -104.0428 3413.3335 189 197 174
527.9096 -112.8136 3606.1770 190 199 178
516.2198 -109.7143 3507.1062 190 198 178
518.4633 -109.5939 3503.2566 190 198 176
518.9946 -109.1148 3487.9419 189 198 175
510.6310 -106.7808 3413.3335 189 197 174
509.5542 -105.9873 3387.9690 189 197 174
515.5556 -106.6667 3409.6868 189 197 174
514.9894 -105.9873 3387.9690 189 197 174
519.8728 -105.8749 3384.3762 189 197 174
515.4812 -104.4352 3338.3542 189 197 174
518.1590 -104.4352 3338.3542 189 197 174
520.8368 -104.4352 3338.3542 189 197 174
521.3334 -104.0000 3324.4446 189 197 174
522.9106 -103.7838 3317.5330 189 198 175
515.6531 -112.4040 3503.2566 190 198 177
516.7615 -112.0350 3491.7578 190 198 177
515.6135 -111.1835 3465.2190 190 198 176
510.6310 -109.5187 3413.3335 190 198 175
510.0957 -108.8204 3391.5693 189 197 175
513.9084 -109.0522 3398.7932 189 197 174
514.9894 -108.7049 3387.9690 189 197 174
517.1581 -108.5896 3384.3762 189 197 174
512.8033 -107.1130 3338.3542 189 197 174
515.4812 -107.1130 3338.3542 189 197 174
518.1590 -107.1130 3338.3542 189 197 175
520.8368 -107.1130 3338.3542 189 197 175
521.3334 -106.6667 3324.4446 189 197 175
522.9106 -106.4449 3317.5330 190 198 176
525.5717 -106.4449 3317.5330 190 198 176
528.7825 -106.5557 3320.9851 190 198 175
515.0877 -115.0877 3499.4153 190 198 177
516.7615 -114.8359 3491.7578 190 198 176
515.6135 -113.9631 3465.2190 190 198 175
511.7257 -112.4973 3420.6504 189 197 175
512.8206 -112.1368 3409.6868 189 197 174
514.4563 -111.8977 3402.4165 189 197 174
515.5367 -111.5409 3391.5693 189 197 174
517.1581 -111.3044 3384.3762 189 197 174
514.4177 -110.1364 3348.8633 189 197 174
516.5619 -110.0210 3345.3530 189 197 174
518.1590 -109.7908 3338.3542 189 197 174
519.2075 -109.4473 3327.9111 189 197 174
521.3334 -109.3333 3324.4446 189 197 174
523.4548 -109.2196 3320.9851 189 197 174
525.5717 -109.1060 3317.5330 189 197 174
529.8853 -109.4473 3327.9111 190 197 175
515.0877 -117.8947 3499.4153 190 198 176
516.7615 -117.6368 3491.7578 190 198 176
515.6135 -116.7427 3465.2190 190 198 176
515.5940 -116.1123 3446.5083 190 198 177
515.5747 -115.4887 3427.9988 190 198 175
517.2134 -115.2412 3420.6504 189 197 175
516.6348 -114.5048 3398.7932 189 197 174
518.2572 -114.2614 3391.5693 189 197 174
518.2241 -113.6575 3373.6436 189 197 174
517.1039 -112.8227 3348.8633 189 197 174
519.2453 -112.7044 3345.3530 189 197 174
519.7495 -112.2338 3331.3850 189 197 174
521.3334 -112.0000 3324.4446 189 197 175
524.0001 -112.0000 3324.4446 189 197 175
526.1187 -111.8835 3320.9851 189 197 175
529.3334 -112.0000 3324.4446 190 197 175
515.0877 -120.7018 3499.4153 190 198 177
516.7615 -120.4376 3491.7578 190 198 176
515.6135 -119.5223 3465.2190 190 198 176
515.5940 -118.8769 3446.5083 190 198 176
517.2415 -118.6207 3439.0806 190 198 175
518.3244 -118.2385 3427.9988 190 198 175
519.4005 -117.8587 3416.9880 190 198 175
518.8085 -117.1064 3395.1775 190 197 174
519.3221 -116.6102 3380.7910 189 197 174
518.1914 -115.7519 3355.9062 189 197 174
519.7902 -115.5089 3348.8633 189 197 174
519.7495 -114.9061 3331.3850 189 197 174
521.3334 -114.6667 3324.4446 189 197 174
524.0001 -114.6667 3324.4446 189 197 174
525.5717 -114.4283 3317.5330 189 197 174
529.3334 -114.6667 3324.4446 190 197 175
513.9606 -123.2385 3491.7578 190 198 177
515.6332 -122.9694 3484.1340 190 198 176
515.0543 -122.1692 3461.4607 190 198 176
515.0378 -121.5103 3442.7905 189 197 176
517.2415 -121.3793 3439.0806 190 198 176
518.3244 -120.9882 3427.9988 190 198 176
519.9572 -120.7289 3420.6504 189 198 176
519.3611 -119.9574 3398.7932 189 197 174
519.8728 -119.4486 3384.3762 189 197 174
520.9302 -119.0698 3373.6436 189 196 174
520.8834 -118.4438 3355.9062 190 196 175
519.2075 -117.4557 3327.9111 189 196 175
521.3334 -117.3333 3324.4446 189 197 175
522.9106 -117.0894 3317.5330 189 197 175
521.2371 -116.1237 3290.1719 189 197 175
527.1370 -116.8465 3310.6501 189 197 175
523.2787 -115.4099 3269.9456 190 198 177
513.3989 -125.9017 3487.9419 190 198 177
515.0709 -125.6270 3480.3345 189 198 176
515.0543 -124.9458 3461.4607 189 198 175
515.0378 -124.2719 3442.7905 189 197 174
517.2415 -124.1379 3439.0806 190 198 175
518.8818 -123.8710 3431.6846 190 198 174
521.0742 -123.7379 3427.9988 189 198 174
520.4697 -122.9456 3406.0479 189 197 174
522.0873 -122.6837 3398.7932 189 197 174
522.5875 -122.1633 3384.3762 189 197 174
521.9811 -121.3910 3362.9788 189 196 174
519.2075 -120.1251 3327.9111 189 197 175
520.7908 -119.8751 3320.9851 189 197 175
518.5980 -118.7629 3290.1719 189 197 174
519.6301 -118.3967 3280.0276 189 197 174
520.6558 -118.0328 3269.9456 189 197 174
517.4468 -116.7173 3233.5022 189 197 175
520.0405 -116.7173 3233.5022 190 198 176
515.0709 -128.4188 3480.3345 189 198 177
514.4963 -127.5840 3457.7104 189 198 176
514.4828 -126.8966 3439.0806 189 197 175
516.1291 -126.6237 3431.6846 189 197 175
518.3244 -126.4877 3427.9988 190 197 175
518.2906 -125.8120 3409.6868 190 197 174
519.9147 -125.5437 3402.4165 189 197 174
521.5320 -125.2766 3395.1775 189 197 174
522.0339 -124.7458 3380.7910 189 197 174
519.2453 -123.4382 3345.3530 189 197 174
519.2075 -122.7946 3327.9111 189 197 175
520.7908 -122.5390 3320.9851 188 196 175
518.0638 -121.2770 3286.7834 189 197 174
519.6301 -121.0278 3280.0276 188 196 174
520.6558 -120.6558 3269.9456 189 197 175
520.0815 -119.9185 3249.9661 189 197 176
520.5680 -119.4321 3236.7817 190 197 178
515.0709 -131.2105 3480.3345 189 198 176
511.7242 -129.6552 3439.0806 189 198 176
511.7257 -128.9603 3420.6504 189 198 176
510.6383 -128.0000 3395.1775 189 197 175
514.4563 -128.2729 3402.4165 189 197 175
514.9894 -127.7282 3387.9690 189 197 174
516.0635 -127.3228 3377.2134 189 197 174
516.0421 -126.6526 3359.4387 189 196 174
516.5619 -126.1216 3345.3530 190 196 175
517.6176 -125.7262 3334.8660 189 195 173
518.6667 -125.3333 3324.4446 190 196 174
520.2495 -125.0728 3317.5330 190 196 174
518.0638 -123.9135 3286.7834 189 197 174
520.1647 -123.7860 3283.4021 189 197 174
521.7249 -123.5318 3276.6599 191 197 176
522.2086 -123.0266 3263.2585 190 197 176
523.2213 -122.6504 3253.2791 190 197 177
526.9050 -122.9009 3259.9253 190 198 177
507.3505 -131.2821 3409.6868 190 198 176
507.3752 -130.5845 3391.5693 190 198 176
507.9365 -130.0318 3377.2134 189 197 175
509.5670 -129.7571 3370.0811 189 197 176
511.1908 -129.4837 3362.9788 189 197 174
513.3474 -129.3474 3359.4387 190 197 175
513.8785 -128.8050 3345.3530 189 197 175
513.3334 -128.0000 3324.4446 189 196 174
515.4631 -127.8668 3320.9851 189 196 174
517.5884 -127.7339 3317.5330 190 196 174
518.0953 -127.2050 3303.7959 189 196 174
518.0638 -126.5500 3286.7834 189 197 175
520.1647 -126.4198 3283.4021 189 197 176
521.7249 -126.1602 3276.6599 190 197 175
523.2787 -125.9017 3269.9456 190 197 176
524.8262 -125.6442 3263.2585 190 198 177
526.9050 -125.5158 3259.9253 190 198 177
530.6039 -125.7728 3266.5986 190 198 177
504.6547 -133.3050 3391.5693 189 198 175
505.2275 -132.7407 3377.2134 189 197 174
506.8638 -132.4604 3370.0811 189 197 176
508.4932 -132.1812 3362.9788 189 197 175
511.1908 -132.1812 3362.9788 189 197 174
511.1950 -131.4885 3345.3530 189 197 174
510.6667 -130.6667 3324.4446 189 197 174
512.2662 -130.3950 3317.5330 189 197 174
514.3925 -130.2596 3314.0879 189 196 174
516.5145 -130.1245 3310.6501 189 196 174
516.4913 -129.4530 3293.5674 189 196 174
518.0638 -129.1864 3286.7834 189 196 174
519.6301 -128.9209 3280.0276 189 197 175
521.7249 -128.7885 3276.6599 190 197 175
523.8154 -128.6564 3273.2993 189 197 175
525.9017 -128.5246 3269.9456 189 197 176
527.9837 -128.3931 3266.5986 190 198 177
530.6039 -128.3931 3266.5986 190 198 177
503.5844 -135.7370 3384.3762 189 198 176
505.2275 -135.4497 3377.2134 189 197 175
506.8638 -135.1637 3370.0811 189 197 175
509.0296 -135.0211 3366.5261 189 197 174
511.1908 -134.8788 3362.9788 189 197 175
511.1950 -134.1719 3345.3530 189 197 174
510.6667 -133.3333 3324.4446 189 197 173
512.2662 -133.0561 3317.5330 189 196 173
514.3925 -132.9180 3314.0879 189 196 174
516.5145 -132.7801 3310.6501 189 196 174
516.4913 -132.0950 3293.5674 189 197 174
518.0638 -131.8229 3286.7834 189 196 175
520.1647 -131.6873 3283.4021 189 196 175
522.2611 -131.5519 3280.0276 189 197 175
524.3532 -131.4169 3276.6599 189 197 174
526.9816 -131.4169 3276.6599 189 197 176
528.5246 -131.1476 3269.9456 190 198 177
532.2382 -131.4169 3276.6599 190 197 177
503.5844 -138.4518 3384.3762 190 198 177
505.2275 -138.1587 3377.2134 189 197 176
507.3996 -138.0127 3373.6436 189 197 175
509.5670 -137.8670 3370.0811 189 197 174
511.7300 -137.7215 3366.5261 189 197 174
511.7314 -136.9990 3348.8633 189 197 174
511.7328 -136.2839 3331.3850 189 197 174
513.3334 -136.0000 3324.4446 189 197 174
515.4631 -135.8585 3320.9851 189 196 174
517.0509 -135.5763 3314.0879 189 196 174
518.0953 -135.1553 3303.7959 189 196 174
518.0638 -134.4593 3286.7834 189 197 174
520.7004 -134.4593 3286.7834 188 196 174
523.3368 -134.4593 3286.7834 189 197 174
525.9733 -134.4593 3286.7834 189 197 174
528.6097 -134.4593 3286.7834 189 197 175
531.2462 -134.4593 3286.7834 190 198 175
502.4681 -141.6170 3395.1775 190 198 177
503.0509 -141.0170 3380.7910 189 197 176
505.2275 -140.8677 3377.2134 189 197 175
507.9365 -140.8677 3377.2134 189 197 175
510.6455 -140.8677 3377.2134 189 197 174
511.7300 -140.4220 3366.5261 189 197 175
512.8076 -139.9790 3355.9062 189 196 174
513.3404 -139.3927 3341.8501 189 196 174
514.4051 -138.9562 3331.3850 189 196 174
516.5381 -138.8113 3327.9111 189 196 176
518.6667 -138.6667 3324.4446 188 196 174
518.6322 -137.9482 3307.2195 189 196 175
520.2068 -137.6629 3300.3792 189 196 174
520.7004 -137.0958 3286.7834 188 196 174
523.8763 -137.2371 3290.1719 189 196 175
528.1489 -137.6629 3300.3792 189 196 175
502.4681 -144.3404 3395.1775 189 198 176
503.0509 -143.7288 3380.7910 189 197 175
505.2275 -143.5767 3377.2134 189 197 174
508.4746 -143.7288 3380.7910 189 196 175
511.1865 -143.7288 3380.7910 189 196 174
513.8983 -143.7288 3380.7910 189 197 174
514.4304 -143.1224 3366.5261 189 196 174
515.4995 -142.6709 3355.9062 189 196 174
516.0210 -142.0733 3341.8501 189 196 174
518.1590 -141.9247 3338.3542 189 196 175
519.7495 -141.6284 3331.3850 189 196 174
521.3334 -141.3333 3324.4446 189 196 174
521.2850 -140.6010 3307.2195 189 196 173
522.8542 -140.3102 3300.3792 190 196 174
534.3428 -142.6709 3355.9062 190 196 174
502.4681 -147.0638 3395.1775 190 198 176
503.0509 -146.4407 3380.7910 189 197 175
505.7627 -146.4407 3380.7910 189 197 174
508.4746 -146.4407 3380.7910 188 196 174
511.1865 -146.4407 3380.7910 188 196 174
513.8983 -146.4407 3380.7910 188 196 174
516.0635 -146.2857 3377.2134 188 196 175
517.1309 -145.8228 3366.5261 189 196 174
519.8312 -145.8228 3366.5261 189 196 174
521.9811 -145.6691 3362.9788 188 196 173
524.1263 -145.5158 3359.4387 189 196 174
526.2672 -145.3628 3355.9062 188 196 173
528.9590 -145.3628 3355.9062 188 195 173
531.6509 -145.3628 3355.9062 189 195 174
536.5998 -145.9768 3370.0811 189 196 175
503.0509 -149.1525 3380.7910 189 197 175
505.7627 -149.1525 3380.7910 189 197 175
508.4746 -149.1525 3380.7910 189 196 175
511.1865 -149.1525 3380.7910 189 195 174
513.8983 -149.1525 3380.7910 188 196 173
516.0635 -148.9947 3377.2134 188 196 174
517.1309 -148.5232 3366.5261 189 195 173
519.8312 -148.5232 3366.5261 189 195 173
522.5317 -148.5232 3366.5261 189 196 173
524.6786 -148.3667 3362.9788 189 196 174
527.3763 -148.3667 3362.9788 189 196 174
530.6329 -148.5232 3366.5261 189 195 174
533.3334 -148.5232 3366.5261 188 195 173
536.5998 -148.6801 3370.0811 189 195 173
503.0509 -151.8644 3380.7910 189 197 176
505.7627 -151.8644 3380.7910 188 197 176
508.4746 -151.8644 3380.7910 189 196 175
511.1865 -151.8644 3380.7910 189 196 175
513.8983 -151.8644 3380.7910 188 196 173
516.0635 -151.7037 3377.2134 188 196 173
517.1309 -151.2236 3366.5261 189 195 173
519.8312 -151.2236 3366.5261 190 195 173
522.5317 -151.2236 3366.5261 189 195 173
525.2321 -151.2236 3366.5261 189 197 174
527.9326 -151.2236 3366.5261 188 196 173
530.6329 -151.2236 3366.5261 188 195 173
533.3334 -151.2236 3366.5261 189 196 173
536.5998 -151.3833 3370.0811 189 196 174
508.4746 -154.5763 3380.7910 189 196 175
511.1865 -154.5763 3380.7910 188 196 175
513.3545 -154.4127 3377.2134 188 196 174
514.9736 -154.0866 3370.0811 188 196 174
516.5859 -153.7619 3362.9788 188 196 174
519.2835 -153.7619 3362.9788 188 195 173
521.4316 -153.6000 3359.4387 188 195 173
524.1263 -153.6000 3359.4387 189 196 173
526.8210 -153.6000 3359.4387 189 196 173
530.6329 -153.9241 3366.5261 190 194 173
533.3334 -153.9241 3366.5261 189 196 173
536.0338 -153.9241 3366.5261 189 197 175
508.4746 -157.2881 3380.7910 189 196 174
509.5670 -156.7899 3370.0811 188 196 174
512.2704 -156.7899 3370.0811 188 196 174
511.1950 -155.6394 3345.3530 188 196 174
512.2675 -155.1515 3334.8660 188 196 174
514.9426 -155.1515 3334.8660 188 196 173
518.1590 -155.3138 3338.3542 188 196 173
521.9288 -155.6394 3345.3530 189 195 173
524.0629 -155.4765 3341.8501 190 195 173
527.2957 -155.6394 3345.3530 189 196 173
529.4241 -155.4765 3341.8501 189 196 174
536.0338 -156.6245 3366.5261 189 197 174
517.3652 -148.1836 3185.0964 189 197 176
509.5670 -159.4931 3370.0811 189 197 174
508.5115 -158.3229 3345.3530 188 196 173
509.0606 -157.6618 3331.3850 188 196 173
509.6050 -157.0062 3317.5330 188 196 174
513.8687 -157.4974 3327.9111 188 196 173
516.5381 -157.4974 3327.9111 188 195 173
519.2075 -157.4974 3327.9111 189 195 173
520.7908 -157.1696 3320.9851 189 195 173
524.0001 -157.3333 3324.4446 188 196 173
525.5717 -157.0062 3317.5330 189 196 173
529.3334 -157.3333 3324.4446 189 196 173
514.2971 -150.5882 3181.9209 189 197 176
516.8495 -150.5882 3181.9209 190 198 177
519.9202 -150.7385 3185.0964 190 198 176
507.4714 -159.8335 3320.9851 189 196 174
504.3622 -158.0247 3283.4021 190 196 175
512.2662 -159.6674 3317.5330 190 195 174
514.9272 -159.6674 3317.5330 189 195 173
518.1270 -159.8335 3320.9851 189 195 173
515.9588 -158.3505 3290.1719 188 196 173
518.0638 -158.1874 3286.7834 188 196 173
518.5641 -157.5385 3273.2993 189 196 173
520.6558 -157.3771 3269.9456 189 196 174
530.3427 -159.5016 3314.0879 189 196 175
513.7938 -153.7538 3194.6614 189 197 175
514.2971 -153.1406 3181.9209 189 197 175
516.8495 -153.1406 3181.9209 189 197 176
519.9202 -153.2934 3185.0964 189 197 175
525.0953 -154.0622 3201.0701 189 197 175
523.2618 -167.5536 3424.3206 188 196 173
504.3622 -160.6584 3283.4021 188 196 174
527.6232 -167.1949 3416.9880 188 196 173
530.3641 -167.1949 3416.9880 188 195 173
533.1050 -167.1949 3416.9880 188 195 174
515.4274 -160.8239 3286.7834 188 195 173
518.0638 -160.8239 3286.7834 189 195 173
518.5641 -160.1641 3273.2993 190 195 174
520.6558 -160.0000 3269.9456 190 195 175
523.2787 -160.0000 3269.9456 189 196 174
513.2800 -156.1600 3191.4668 189 197 174
514.2971 -155.6929 3181.9209 189 196 174
516.8495 -155.6929 3181.9209 189 196 175
519.9202 -155.8483 3185.0964 189 197 175
524.0441 -156.3163 3194.6614 189 197 176
508.9655 -171.0345 3439.0806 189 197 176
511.7242 -171.0345 3439.0806 189 197 174
521.6345 -170.6667 3431.6846 189 196 173
523.8239 -170.4834 3427.9988 188 195 173
526.5736 -170.4834 3427.9988 188 195 173
528.1887 -170.1179 3420.6504 189 195 173
530.9326 -170.1179 3420.6504 189 195 173
518.5980 -163.6289 3290.1719 190 195 173
520.7004 -163.4604 3286.7834 189 195 174
520.6558 -162.6230 3269.9456 189 195 175
523.2787 -162.6230 3269.9456 189 196 173
513.2800 -158.7200 3191.4668 189 196 174
514.2971 -158.2453 3181.9209 190 195 175
516.3347 -158.0877 3178.7517 190 196 175
518.8845 -158.0877 3178.7517 189 197 174
524.0441 -158.8789 3194.6614 189 197 175
509.5146 -173.9806 3442.7905 189 197 176
512.2762 -173.9806 3442.7905 189 197 174
520.0001 -173.7931 3439.0806 188 196 173
521.6345 -173.4194 3431.6846 189 196 173
523.8239 -173.2331 3427.9988 189 195 173
526.5736 -173.2331 3427.9988 189 195 173
529.3234 -173.2331 3427.9988 189 195 173
530.9326 -172.8617 3420.6504 189 195 173
523.8763 -166.2681 3290.1719 189 196 175
507.6740 -160.3181 3172.4321 189 196 175
509.2064 -160.0000 3166.1377 189 196 175
511.7461 -160.0000 3166.1377 189 196 176
514.2858 -160.0000 3166.1377 189 196 175
516.8254 -160.0000 3166.1377 189 197 175
521.4343 -160.6375 3178.7517 189 197 175
512.8339 -177.8936 3465.2190 189 197 175
515.6135 -177.8936 3465.2190 189 197 174
520.6544 -178.6696 3480.3345 188 196 174
525.1641 -179.2560 3491.7578 188 196 174
525.0925 -178.2807 3472.7603 188 196 174
523.3226 -176.7422 3442.7905 188 196 173
524.3871 -176.1720 3431.6846 189 195 173
527.1398 -176.1720 3431.6846 189 195 173
529.3234 -175.9828 3427.9988 188 195 173
530.9326 -175.6056 3420.6504 188 195 173
533.6763 -175.6056 3420.6504 189 195 174
528.7825 -170.4891 3320.9851 190 195 174
528.6957 -169.6066 3303.7959 189 196 174
509.2064 -162.5397 3166.1377 188 196 174
511.7461 -162.5397 3166.1377 188 197 174
514.2858 -162.5397 3166.1377 189 197 175
516.8254 -162.5397 3166.1377 189 197 175
517.9272 -183.4620 3518.7065 189 197 177
515.0709 -181.4613 3480.3345 189 197 176
517.8626 -181.4613 3480.3345 189 197 175
520.6544 -181.4613 3480.3345 188 196 174
524.5902 -181.8579 3487.9419 188 196 174
526.2378 -181.4613 3480.3345 188 196 175
527.8781 -181.0664 3472.7603 188 195 173
526.0842 -179.5038 3442.7905 189 195 173
527.1398 -178.9247 3431.6846 189 195 173
529.3234 -178.7326 3427.9988 188 195 173
529.2308 -177.7778 3409.6868 188 194 172
529.1393 -176.8332 3391.5693 188 195 174
528.4901 -175.7128 3370.0811 188 195 173
530.6329 -175.5274 3366.5261 190 195 174
528.8703 -174.0586 3338.3542 189 196 174
529.3334 -173.3333 3324.4446 189 195 174
530.3427 -172.7934 3314.0879 189 196 173
516.7877 -185.8746 3510.9646 190 197 177
516.1967 -184.6558 3487.9419 189 197 176
518.4280 -184.4542 3484.1340 189 196 176
521.7924 -184.6558 3487.9419 188 196 174
525.1641 -184.8578 3491.7578 188 195 173
527.9650 -184.8578 3491.7578 189 195 173
528.4532 -184.0523 3476.5432 189 195 173
527.2216 -182.6595 3450.2344 189 195 173
527.7072 -181.8730 3435.3787 189 194 172
529.3234 -181.4823 3427.9988 189 194 173
527.5400 -179.9361 3398.7932 188 195 173
525.7867 -178.4161 3370.0811 189 194 173
527.9326 -178.2279 3366.5261 189 194 172
527.2957 -177.1069 3345.3530 190 194 173
526.6667 -176.0000 3324.4446 189 195 173
529.3334 -176.0000 3324.4446 189 196 173
530.3427 -175.4517 3314.0879 189 196 173
517.3865 -189.9446 3534.2932 189 197 177
515.6531 -188.2766 3503.2566 189 197 177
516.1967 -187.4536 3487.9419 189 197 176
518.9946 -187.4536 3487.9419 189 196 176
521.7924 -187.4536 3487.9419 188 196 174
525.7394 -187.8642 3495.5825 188 195 173
527.9650 -187.6587 3491.7578 188 195 174
529.6070 -187.2489 3484.1340 187 195 174
527.7922 -185.6277 3453.9683 188 196 174
528.8458 -185.0270 3442.7905 188 195 173
529.3234 -184.2320 3427.9988 188 195 172
526.4188 -182.2742 3391.5693 188 195 172
525.7867 -181.1193 3370.0811 189 194 172
527.9326 -180.9283 3366.5261 189 194 173
528.9590 -180.3575 3355.9062 189 194 173
526.6667 -178.6667 3324.4446 188 195 173
529.3334 -178.6667 3324.4446 188 196 173
530.3427 -178.1101 3314.0879 189 195 173
517.3865 -192.7796 3534.2932 189 197 176
515.0877 -190.8772 3499.4153 189 197 176
515.6332 -190.0437 3484.1340 188 196 175
518.4280 -190.0437 3484.1340 188 196 174
521.7924 -190.2514 3487.9419 188 196 174
524.5902 -190.2514 3487.9419 188 195 173
527.3881 -190.2514 3487.9419 188 195 173
529.0295 -189.8364 3480.3345 187 195 174
527.7922 -188.3983 3453.9683 188 196 174
528.2759 -187.5862 3439.0806 187 195 173
529.3234 -186.9818 3427.9988 188 195 172
525.3022 -184.6023 3384.3762 189 195 172
525.2321 -183.6287 3366.5261 189 195 173
527.9326 -183.6287 3366.5261 189 194 172
528.9590 -183.0494 3355.9062 189 195 173
526.6667 -181.3333 3324.4446 189 195 173
529.3334 -181.3333 3324.4446 189 195 173
512.2792 -192.6281 3480.3345 189 197 176
512.8339 -191.7915 3465.2190 188 196 175
513.9394 -191.1688 3453.9683 188 196 174
518.3931 -191.7915 3465.2190 188 196 174
523.4460 -192.6281 3480.3345 188 196 174
526.8123 -192.8384 3484.1340 189 195 173
529.0295 -192.6281 3480.3345 188 194 173
526.0842 -190.5502 3442.7905 187 195 173
527.1398 -189.9355 3431.6846 187 195 173
528.1887 -189.3248 3420.6504 188 195 173
524.1905 -186.9206 3377.2134 188 195 174
525.7867 -186.5259 3370.0811 190 195 173
527.9326 -186.3291 3366.5261 189 194 172
530.6329 -186.3291 3366.5261 189 194 172
531.0925 -185.5462 3352.3811 190 195 173
529.3334 -184.0000 3324.4446 190 194 173
511.7212 -195.2070 3476.5432 189 197 176
510.6163 -193.7297 3450.2344 188 196 175
511.7242 -193.1035 3439.0806 188 196 175
515.0378 -193.3118 3442.7905 188 196 175
522.3069 -194.9946 3472.7603 188 195 175
525.5173 -193.1035 3439.0806 189 194 173
526.0086 -192.2747 3424.3206 188 195 173
528.1887 -192.0686 3420.6504 187 195 174
530.3641 -191.8630 3416.9880 188 195 174
526.8995 -189.6296 3377.2134 189 194 172
531.0925 -188.2353 3352.3811 189 194 172
526.5907 -185.6995 3307.2195 189 194 172
500.7059 -175.6863 3128.8889 189 194 172
502.7229 -175.5142 3125.8245 190 194 172
513.9500 -197.7802 3472.7603 188 196 173
511.7242 -195.8621 3439.0806 187 196 174
514.4828 -195.8621 3439.0806 188 195 174
524.3871 -195.4409 3431.6846 188 195 173
526.0086 -195.0215 3424.3206 188 195 173
528.7554 -195.0215 3424.3206 187 194 172
530.3641 -194.6039 3416.9880 187 194 172
512.2581 -183.2258 3217.2043 188 194 173
500.7059 -178.1961 3128.8889 189 194 173
502.7229 -178.0216 3125.8245 189 194 172
508.7180 -179.2505 3147.4031 190 194 172
524.1047 -182.8572 3210.7312 189 195 173
526.5736 -197.9807 3427.9988 188 195 173
528.7554 -197.7682 3424.3206 188 194 172
528.1024 -196.5032 3402.4165 189 194 171
509.6775 -185.8065 3217.2043 189 194 172
510.7136 -185.2462 3207.5042 189 194 173
506.6667 -182.8571 3166.1377 189 194 172
509.2064 -182.8571 3166.1377 189 194 172
517.9117 -185.0603 3204.2839 189 194 173
521.5292 -185.4326 3210.7312 190 194 173
523.0522 -185.0603 3204.2839 190 194 173
526.6801 -185.4326 3210.7312 190 195 174
527.1398 -200.9462 3431.6846 187 195 172
525.3732 -199.2324 3402.4165 188 194 172
524.7458 -197.9661 3380.7910 189 193 171
527.4576 -197.9661 3380.7910 189 193 172
509.6775 -188.3871 3217.2043 188 194 172
510.7136 -187.8191 3207.5042 189 193 172
506.6667 -185.3968 3166.1377 189 194 172
509.2064 -185.3968 3166.1377 189 194 173
511.7461 -185.3968 3166.1377 189 194 174
520.4820 -187.6305 3204.2839 190 194 173
519.9202 -186.5070 3185.0964 190 194 173
525.6225 -187.6305 3204.2839 190 195 174
525.3732 -201.9616 3402.4165 187 195 172
525.3022 -200.8908 3384.3762 187 194 172
526.8995 -200.4656 3377.2134 188 194 171
506.6133 -189.8197 3197.8625 189 194 172
503.1288 -187.5644 3159.8682 188 193 172
503.1725 -186.6404 3144.3022 188 194 172
505.6946 -186.6404 3144.3022 189 194 172
508.7180 -186.8245 3147.4031 189 193 172
514.2858 -187.9365 3166.1377 190 193 172
516.8254 -187.9365 3166.1377 189 194 173
520.9155 -188.4975 3175.5889 188 195 174
526.8995 -203.1746 3377.2134 188 194 171
500.5941 -190.0990 3159.8682 189 193 171
500.6503 -189.1626 3144.3022 188 194 171
503.1725 -189.1626 3144.3022 188 194 171
505.6946 -189.1626 3144.3022 189 194 172
508.2168 -189.1626 3144.3022 189 194 172
511.2426 -189.3491 3147.4031 190 194 173
516.3132 -190.2874 3162.9998 190 194 173
519.3651 -190.4762 3166.1377 189 195 173
500.0990 -192.4431 3156.7427 188 193 171
500.6503 -191.6847 3144.3022 188 193 171
501.6896 -191.1199 3135.0361 188 194 171
503.7095 -190.9323 3131.9595 188 193 171
508.2168 -191.6847 3144.3022 188 194 172
511.2426 -191.8738 3147.4031 189 194 173
516.3132 -192.8246 3162.9998 189 195 173
519.3651 -193.0159 3166.1377 189 195 173
499.6048 -194.7826 3153.6233 188 193 171
499.1749 -193.6346 3135.0361 188 193 171
501.1973 -193.4446 3131.9595 188 193 171
503.7095 -193.4446 3131.9595 188 193 172
506.2218 -193.4446 3131.9595 188 194 172
510.7389 -194.2069 3144.3022 189 194 172
516.3132 -195.3618 3162.9998 189 194 172
520.3976 -195.9444 3172.4321 190 194 172
499.6048 -197.3123 3153.6233 189 193 171
499.1749 -196.1493 3135.0361 189 193 171
500.7059 -195.7647 3128.8889 189 193 171
502.7229 -195.5730 3125.8245 189 193 172
505.7255 -195.7647 3128.8889 189 194 172
508.7341 -195.9568 3131.9595 189 194 172
516.3132 -197.8989 3162.9998 190 194 172
520.3976 -198.4891 3172.4321 190 194 172
500.5941 -200.2376 3159.8682 189 194 171
500.6503 -199.2512 3144.3022 189 193 171
500.7059 -198.2745 3128.8889 188 194 171
502.7229 -198.0803 3125.8245 188 194 172
505.7255 -198.2745 3128.8889 189 193 172
509.2338 -198.6641 3135.0361 189 193 172
516.3132 -200.4361 3162.9998 190 194 173
501.0902 -202.9733 3162.9998 188 193 171
500.6503 -201.7734 3144.3022 189 193 171
501.6896 -201.1788 3135.0361 188 193 171
503.7095 -200.9814 3131.9595 188 193 171
506.2218 -200.9814 3131.9595 189 193 172
509.2338 -201.1788 3135.0361 189 193 172
516.8254 -203.1746 3166.1377 189 194 173
503.6274 -205.5104 3162.9998 188 193 171
501.6896 -203.6935 3135.0361 189 193 171
503.7095 -203.4936 3131.9595 188 192 171
505.7255 -203.2941 3128.8889 188 193 172
508.7341 -203.4936 3131.9595 188 194 172
503.2157 -205.8039 3128.8889 188 193 171
505.7255 -205.8039 3128.8889 188 194 171
508.2353 -205.8039 3128.8889 188 193 172
505.7255 -208.3137 3128.8889 187 194 171
495.5456 -520.4186 4770.5034 121 156 141
497.8838 -518.8674 4756.2842 130 159 143
501.6990 -518.8674 4756.2842 138 165 143
506.2687 -519.6418 4763.3833 148 173 142
510.8521 -520.4186 4770.5034 161 183 143
516.2219 -521.9790 4784.8076 180 201 155
520.0600 -521.9790 4784.8076 189 209 162
523.1138 -521.1977 4777.6450 191 210 166
525.3732 -519.6418 4763.3833 183 204 160
529.1940 -519.6418 4763.3833 156 181 142
468.0597 -523.4627 4763.3833 112 159 161
471.8806 -523.4627 4763.3833 114 158 159
475.7015 -523.4627 4763.3833 117 158 154
479.5224 -523.4627 4763.3833 124 160 151
483.3433 -523.4627 4763.3833 132 165 150
487.1642 -523.4627 4763.3833 142 170 150
490.2534 -522.6826 4756.2842 151 175 149
494.0686 -522.6826 4756.2842 170 191 160
497.1429 -521.9048 4749.2065 169 187 152
500.9525 -521.9048 4749.2065 179 195 158
504.7620 -521.9048 4749.2065 169 185 145
509.3294 -522.6826 4756.2842 167 183 142
513.9105 -523.4627 4763.3833 182 199 155
518.5052 -524.2452 4770.5034 195 213 169
521.5522 -523.4627 4763.3833 195 213 171
524.5901 -522.6826 4756.2842 192 211 172
528.4054 -522.6826 4756.2842 134 159 140
532.2206 -522.6826 4756.2842 113 143 137
536.0358 -522.6826 4756.2842 112 143 136
539.0477 -521.9048 4749.2065 117 147 141
542.8572 -521.9048 4749.2065 125 153 146
546.6667 -521.9048 4749.2065 142 165 152
550.4763 -521.9048 4749.2065 138 163 154
612.7660 -533.0092 4850.2534 176 159 138
604.7094 -522.6826 4756.2842 171 149 128
607.6191 -521.9048 4749.2065 184 160 138
610.5201 -521.1293 4742.1499 208 181 156
614.3240 -521.1293 4742.1499 211 181 156
618.1279 -521.1293 4742.1499 213 184 158
451.4286 -525.7143 4749.2065 120 165 170
455.2381 -525.7143 4749.2065 126 168 169
459.0476 -525.7143 4749.2065 133 172 165
463.5469 -526.4977 4756.2842 144 178 163
467.3622 -526.4977 4756.2842 158 188 166
471.1774 -526.4977 4756.2842 171 198 170
474.9926 -526.4977 4756.2842 181 206 169
478.8078 -526.4977 4756.2842 187 208 168
481.9048 -525.7143 4749.2065 188 206 166
485.7143 -525.7143 4749.2065 177 193 152
489.5239 -525.7143 4749.2065 172 186 144
493.3334 -525.7143 4749.2065 186 201 158
497.1429 -525.7143 4749.2065 182 198 157
500.9525 -525.7143 4749.2065 183 198 157
504.7620 -525.7143 4749.2065 169 184 144
508.5715 -525.7143 4749.2065 168 183 143
513.1446 -526.4977 4756.2842 177 192 150
516.9598 -526.4977 4756.2842 196 213 170
520.0001 -525.7143 4749.2065 197 213 171
523.8096 -525.7143 4749.2065 196 215 172
527.6191 -525.7143 4749.2065 161 171 138
531.4286 -525.7143 4749.2065 120 110 85
535.2381 -525.7143 4749.2065 126 110 88
539.0477 -525.7143 4749.2065 128 112 89
542.8572 -525.7143 4749.2065 156 138 115
546.6667 -525.7143 4749.2065 205 182 159
550.4763 -525.7143 4749.2065 180 157 139
554.2858 -525.7143 4749.2065 136 117 98
558.9270 -526.4977 4756.2842 149 130 107
563.5822 -527.2836 4763.3833 198 172 147
568.2512 -528.0718 4770.5034 223 193 171
572.0778 -528.0718 4770.5034 222 192 170
575.9044 -528.0718 4770.5034 224 191 167
579.7310 -528.0718 4770.5034 224 189 167
583.5576 -528.0718 4770.5034 206 176 156
587.3842 -528.0718 4770.5034 203 176 156
591.2108 -528.0718 4770.5034 212 182 160
595.0374 -528.0718 4770.5034 215 183 160
598.8640 -528.0718 4770.5034 208 176 156
600.8942 -526.4977 4756.2842 195 165 145
603.8096 -525.7143 4749.2065 184 154 133
606.7163 -524.9332 4742.1499 195 168 146
610.5201 -524.9332 4742.1499 226 195 173
614.3240 -524.9332 4742.1499 230 196 175
618.1279 -524.9332 4742.1499 231 199 178
621.9317 -524.9332 4742.1499 222 198 177
440.6557 -530.3130 4756.2842 138 167 152
443.8096 -529.5238 4749.2065 146 175 156
446.9540 -528.7371 4742.1499 165 194 167
450.7578 -528.7371 4742.1499 181 206 173
454.5617 -528.7371 4742.1499 180 200 165
459.0476 -529.5238 4749.2065 162 180 147
462.8572 -529.5238 4749.2065 148 165 134
466.6667 -529.5238 4749.2065 166 181 143
470.4762 -529.5238 4749.2065 197 214 170
474.2857 -529.5238 4749.2065 194 213 170
478.0953 -529.5238 4749.2065 193 211 166
481.9048 -529.5238 4749.2065 190 207 164
485.7143 -529.5238 4749.2065 175 191 148
489.5239 -529.5238 4749.2065 182 197 155
493.3334 -529.5238 4749.2065 188 203 162
497.1429 -529.5238 4749.2065 186 201 160
500.9525 -529.5238 4749.2065 181 195 153
504.7620 -529.5238 4749.2065 174 189 147
508.5715 -529.5238 4749.2065 168 183 143
512.3810 -529.5238 4749.2065 176 190 148
516.1906 -529.5238 4749.2065 193 210 165
520.0001 -529.5238 4749.2065 197 215 171
523.8096 -529.5238 4749.2065 198 215 174
527.6191 -529.5238 4749.2065 192 202 162
531.4286 -529.5238 4749.2065 161 141 105
535.2381 -529.5238 4749.2065 174 145 106
539.0477 -529.5238 4749.2065 182 153 115
542.0506 -528.7371 4742.1499 192 163 129
546.6667 -529.5238 4749.2065 206 175 144
550.4763 -529.5238 4749.2065 221 188 163
554.2858 -529.5238 4749.2065 200 169 145
558.0953 -529.5238 4749.2065 208 177 150
562.7422 -530.3130 4756.2842 227 193 168
567.4030 -531.1045 4763.3833 228 193 171
571.2239 -531.1045 4763.3833 229 192 168
575.0448 -531.1045 4763.3833 227 191 167
578.8657 -531.1045 4763.3833 226 189 166
582.6866 -531.1045 4763.3833 211 177 154
586.5075 -531.1045 4763.3833 205 175 152
590.3284 -531.1045 4763.3833 212 179 156
593.2638 -530.3130 4756.2842 218 185 163
597.0790 -530.3130 4756.2842 207 176 153
600.0000 -529.5238 4749.2065 199 169 148
603.8096 -529.5238 4749.2065 186 156 136
606.7163 -528.7371 4742.1499 194 166 146
610.5201 -528.7371 4742.1499 223 192 170
614.3240 -528.7371 4742.1499 232 198 177
618.1279 -528.7371 4742.1499 232 201 180
621.9317 -528.7371 4742.1499 227 200 180
625.7356 -528.7371 4742.1499 184 180 155
401.3076 -532.5410 4742.1499 156 182 163
405.1115 -532.5410 4742.1499 151 174 157
408.9153 -532.5410 4742.1499 160 183 162
412.7192 -532.5410 4742.1499 167 189 163
416.5231 -532.5410 4742.1499 174 195 164
419.7033 -531.7508 4735.1138 180 200 166
424.1308 -532.5410 4742.1499 183 203 165
427.9347 -532.5410 4742.1499 187 208 167
432.3810 -533.3334 4749.2065 189 212 169
436.1905 -533.3334 4749.2065 178 197 158
440.0001 -533.3334 4749.2065 145 160 126
443.1501 -532.5410 4742.1499 131 146 111
446.9540 -532.5410 4742.1499 151 166 129
450.7578 -532.5410 4742.1499 182 200 159
454.5617 -532.5410 4742.1499 188 207 164
458.3656 -532.5410 4742.1499 165 183 140
462.8572 -533.3334 4749.2065 127 138 100
466.6667 -533.3334 4749.2065 144 156 116
470.4762 -533.3334 4749.2065 194 211 167
474.2857 -533.3334 4749.2065 196 213 169
478.0953 -533.3334 4749.2065 193 210 165
481.9048 -533.3334 4749.2065 191 207 163
485.7143 -533.3334 4749.2065 181 196 153
489.5239 -533.3334 4749.2065 185 198 156
493.3334 -533.3334 4749.2065 187 201 159
497.1429 -533.3334 4749.2065 190 205 163
500.9525 -533.3334 4749.2065 181 194 153
504.7620 -533.3334 4749.2065 184 198 158
508.5715 -533.3334 4749.2065 169 183 144
511.6197 -532.5410 4742.1499 171 184 144
515.4235 -532.5410 4742.1499 186 200 157
519.2274 -532.5410 4742.1499 199 215 174
523.0312 -532.5410 4742.1499 201 216 176
526.8351 -532.5410 4742.1499 202 215 175
531.4286 -533.3334 4749.2065 199 185 147
534.4429 -532.5410 4742.1499 215 181 144
538.2467 -532.5410 4742.1499 223 187 151
542.0506 -532.5410 4742.1499 225 189 155
545.8544 -532.5410 4742.1499 228 191 161
549.6583 -532.5410 4742.1499 229 193 167
554.2858 -533.3334 4749.2065 230 195 173
558.0953 -533.3334 4749.2065 231 196 173
562.7422 -534.1282 4756.2842 229 195 170
567.4030 -534.9254 4763.3833 228 193 171
571.2239 -534.9254 4763.3833 229 193 170
575.0448 -534.9254 4763.3833 228 192 168
578.0030 -534.1282 4756.2842 226 190 166
581.8182 -534.1282 4756.2842 207 174 153
584.7620 -533.3334 4749.2065 207 176 155
588.5715 -533.3334 4749.2065 213 181 157
592.3810 -533.3334 4749.2065 220 187 165
596.1905 -533.3334 4749.2065 207 176 156
600.0000 -533.3334 4749.2065 205 176 155
603.8096 -533.3334 4749.2065 188 160 139
607.6191 -533.3334 4749.2065 193 165 145
611.4286 -533.3334 4749.2065 218 188 164
615.2382 -533.3334 4749.2065 232 199 177
619.0477 -533.3334 4749.2065 233 202 181
621.9317 -532.5410 4742.1499 230 202 182
625.7356 -532.5410 4742.1499 189 179 158
629.5394 -532.5410 4742.1499 167 167 145
397.5038 -536.3448 4742.1499 166 194 169
400.7122 -535.5490 4735.1138 176 201 170
404.5104 -535.5490 4735.1138 180 203 168
408.3086 -535.5490 4735.1138 170 190 154
412.1068 -535.5490 4735.1138 185 204 164
415.9051 -535.5490 4735.1138 195 218 173
419.0815 -534.7556 4728.0991 195 218 172
423.5015 -535.5490 4735.1138 195 218 171
427.2997 -535.5490 4735.1138 195 216 171
431.7385 -536.3448 4742.1499 191 212 169
435.5424 -536.3448 4742.1499 147 162 126
439.3463 -536.3448 4742.1499 126 138 100
443.1501 -536.3448 4742.1499 136 148 107
446.9540 -536.3448 4742.1499 126 137 97
450.0891 -535.5490 4735.1138 139 151 111
454.5617 -536.3448 4742.1499 183 200 158
458.3656 -536.3448 4742.1499 193 211 169
462.1694 -536.3448 4742.1499 145 157 118
465.9733 -536.3448 4742.1499 127 137 98
469.7772 -536.3448 4742.1499 183 199 155
473.5811 -536.3448 4742.1499 195 213 170
478.0953 -537.1429 4749.2065 193 211 166
481.1887 -536.3448 4742.1499 191 207 163
485.7143 -537.1429 4749.2065 179 194 153
489.5239 -537.1429 4749.2065 183 196 157
493.3334 -537.1429 4749.2065 184 197 158
497.1429 -537.1429 4749.2065 193 208 168
500.9525 -537.1429 4749.2065 181 198 156
504.7620 -537.1429 4749.2065 185 201 160
508.5715 -537.1429 4749.2065 168 183 144
511.6197 -536.3448 4742.1499 172 184 145
515.4235 -536.3448 4742.1499 179 193 152
518.4570 -535.5490 4735.1138 198 214 174
522.2552 -535.5490 4735.1138 200 217 177
526.0534 -535.5490 4735.1138 203 218 179
530.6390 -536.3448 4742.1499 200 198 159
534.4429 -536.3448 4742.1499 210 178 141
538.2467 -536.3448 4742.1499 220 183 147
541.2463 -535.5490 4735.1138 224 187 151
545.0445 -535.5490 4735.1138 226 188 153
548.8428 -535.5490 4735.1138 227 190 159
553.4622 -536.3448 4742.1499 229 194 168
558.0953 -537.1429 4749.2065 230 195 171
561.9048 -537.1429 4749.2065 229 194 171
565.7144 -537.1429 4749.2065 228 193 170
570.3726 -537.9434 4756.2842 229 194 171
573.3334 -537.1429 4749.2065 228 193 169
577.1429 -537.1429 4749.2065 225 190 168
580.9525 -537.1429 4749.2065 209 177 157
584.7620 -537.1429 4749.2065 203 173 152
588.5715 -537.1429 4749.2065 219 188 165
592.3810 -537.1429 4749.2065 217 184 163
596.1905 -537.1429 4749.2065 208 176 155
600.0000 -537.1429 4749.2065 211 182 161
603.8096 -537.1429 4749.2065 187 157 138
607.6191 -537.1429 4749.2065 195 167 147
611.4286 -537.1429 4749.2065 213 184 160
615.2382 -537.1429 4749.2065 231 201 180
619.0477 -537.1429 4749.2065 232 202 181
621.9317 -536.3448 4742.1499 231 204 184
625.7356 -536.3448 4742.1499 197 178 155
629.5394 -536.3448 4742.1499 181 161 136
381.8891 -545.0075 4784.8076 193 208 172
382.8572 -540.9524 4749.2065 193 212 174
385.5193 -539.3472 4735.1138 178 195 159
389.3175 -539.3472 4735.1138 168 187 149
392.5334 -538.5482 4728.0991 174 194 154
396.3260 -538.5482 4728.0991 189 208 165
400.7122 -539.3472 4735.1138 191 209 164
404.5104 -539.3472 4735.1138 196 219 173
408.3086 -539.3472 4735.1138 182 202 158
412.1068 -539.3472 4735.1138 180 198 154
415.2889 -538.5482 4728.0991 196 215 170
419.0815 -538.5482 4728.0991 196 218 171
422.8741 -538.5482 4728.0991 196 218 172
427.2997 -539.3472 4735.1138 197 216 172
431.7385 -540.1487 4742.1499 191 209 167
435.5424 -540.1487 4742.1499 139 154 116
439.3463 -540.1487 4742.1499 160 176 132
442.4926 -539.3472 4735.1138 189 208 163
446.2908 -539.3472 4735.1138 172 189 147
450.0891 -539.3472 4735.1138 135 148 106
453.8873 -539.3472 4735.1138 146 158 116
458.3656 -540.1487 4742.1499 184 201 160
462.1694 -540.1487 4742.1499 162 175 138
465.9733 -540.1487 4742.1499 120 131 92
469.7772 -540.1487 4742.1499 166 180 135
473.5811 -540.1487 4742.1499 196 213 168
477.3849 -540.1487 4742.1499 193 210 166
481.1887 -540.1487 4742.1499 192 208 163
484.9926 -540.1487 4742.1499 184 199 156
488.7965 -540.1487 4742.1499 181 195 155
493.3334 -540.9524 4749.2065 183 197 156
497.1429 -540.9524 4749.2065 194 209 169
500.9525 -540.9524 4749.2065 175 189 147
504.7620 -540.9524 4749.2065 183 198 156
508.5715 -540.9524 4749.2065 177 192 152
511.6197 -540.1487 4742.1499 172 186 146
514.6588 -539.3472 4735.1138 176 188 148
518.4570 -539.3472 4735.1138 195 211 170
522.2552 -539.3472 4735.1138 200 217 177
526.0534 -539.3472 4735.1138 202 219 180
529.8517 -539.3472 4735.1138 206 212 174
533.6499 -539.3472 4735.1138 203 179 141
537.4481 -539.3472 4735.1138 216 181 144
541.2463 -539.3472 4735.1138 220 185 150
545.0445 -539.3472 4735.1138 224 187 152
548.8428 -539.3472 4735.1138 225 187 154
553.4622 -540.1487 4742.1499 228 191 160
557.2660 -540.1487 4742.1499 229 193 166
561.9048 -540.9524 4749.2065 227 193 167
565.7144 -540.9524 4749.2065 227 193 168
569.5239 -540.9524 4749.2065 228 194 169
573.3334 -540.9524 4749.2065 227 192 168
577.1429 -540.9524 4749.2065 224 189 165
580.9525 -540.9524 4749.2065 212 181 159
584.7620 -540.9524 4749.2065 205 174 150
588.5715 -540.9524 4749.2065 225 193 169
592.3810 -540.9524 4749.2065 206 173 153
596.1905 -540.9524 4749.2065 207 176 154
600.0000 -540.9524 4749.2065 215 185 164
603.8096 -540.9524 4749.2065 190 162 141
607.6191 -540.9524 4749.2065 193 162 143
611.4286 -540.9524 4749.2065 210 179 157
614.3240 -540.1487 4742.1499 233 202 181
618.1279 -540.1487 4742.1499 231 202 182
621.9317 -540.1487 4742.1499 232 204 182
625.7356 -540.1487 4742.1499 221 201 175
630.4763 -540.9524 4749.2065 206 196 159
381.8238 -565.8115 4932.7153 185 175 119
382.2359 -560.6126 4887.3916 200 194 143
378.6186 -549.6697 4791.9922 196 197 146
379.0477 -544.7620 4749.2065 196 209 161
381.7211 -543.1454 4735.1138 198 219 172
385.5193 -543.1454 4735.1138 185 204 159
389.3175 -543.1454 4735.1138 168 186 142
392.5334 -542.3408 4728.0991 176 194 149
396.3260 -542.3408 4728.0991 191 209 164
400.1186 -542.3408 4728.0991 190 207 161
404.5104 -543.1454 4735.1138 195 217 171
408.3086 -543.1454 4735.1138 192 213 167
411.4963 -542.3408 4728.0991 187 205 160
415.2889 -542.3408 4728.0991 189 207 162
419.0815 -542.3408 4728.0991 196 218 171
422.8741 -542.3408 4728.0991 197 218 172
427.2997 -543.1454 4735.1138 197 217 171
431.0980 -543.1454 4735.1138 193 214 169
435.5424 -543.9525 4742.1499 153 170 130
438.6944 -543.1454 4735.1138 146 159 121
441.8371 -542.3408 4728.0991 159 174 137
445.6297 -542.3408 4728.0991 158 175 138
449.4223 -542.3408 4728.0991 175 189 148
453.2149 -542.3408 4728.0991 143 154 113
458.3656 -543.9525 4742.1499 138 150 111
462.1694 -543.9525 4742.1499 144 155 117
465.9733 -543.9525 4742.1499 124 133 94
469.7772 -543.9525 4742.1499 151 164 119
473.5811 -543.9525 4742.1499 194 210 165
477.3849 -543.9525 4742.1499 194 210 166
481.1887 -543.9525 4742.1499 193 208 165
484.9926 -543.9525 4742.1499 188 203 160
488.7965 -543.9525 4742.1499 185 198 157
492.6004 -543.9525 4742.1499 189 202 160
496.4042 -543.9525 4742.1499 192 208 168
500.9525 -544.7620 4749.2065 176 190 151
504.7620 -544.7620 4749.2065 180 195 152
507.8158 -543.9525 4742.1499 183 198 158
510.8606 -543.1454 4735.1138 169 183 144
514.6588 -543.1454 4735.1138 173 187 146
518.4570 -543.1454 4735.1138 185 200 159
521.4815 -542.3408 4728.0991 200 216 176
525.2742 -542.3408 4728.0991 202 219 179
529.0667 -542.3408 4728.0991 207 219 181
533.6499 -543.1454 4735.1138 200 188 151
537.4481 -543.1454 4735.1138 211 177 141
540.4445 -542.3408 4728.0991 217 182 146
544.2371 -542.3408 4728.0991 222 185 149
548.0297 -542.3408 4728.0991 225 187 152
552.6410 -543.1454 4735.1138 227 188 154
557.2660 -543.9525 4742.1499 228 190 159
561.0699 -543.9525 4742.1499 226 190 162
565.7144 -544.7620 4749.2065 227 192 164
569.5239 -544.7620 4749.2065 227 192 165
573.3334 -544.7620 4749.2065 227 192 165
577.1429 -544.7620 4749.2065 228 192 167
580.9525 -544.7620 4749.2065 226 192 167
584.7620 -544.7620 4749.2065 221 187 163
588.5715 -544.7620 4749.2065 227 194 173
592.3810 -544.7620 4749.2065 200 168 150
596.1905 -544.7620 4749.2065 208 177 156
600.0000 -544.7620 4749.2065 215 186 165
603.8096 -544.7620 4749.2065 192 164 144
607.6191 -544.7620 4749.2065 188 160 137
610.5201 -543.9525 4742.1499 204 178 154
613.4125 -543.1454 4735.1138 233 203 181
617.2107 -543.1454 4735.1138 233 203 182
621.0090 -543.1454 4735.1138 234 205 182
625.7356 -543.9525 4742.1499 225 203 178
630.4763 -544.7620 4749.2065 205 194 157
385.3978 -575.1014 4978.8872 199 195 148
382.2359 -564.5330 4887.3916 198 194 143
381.4826 -557.7005 4828.2402 197 197 145
379.0477 -548.5715 4749.2065 189 201 150
381.7211 -546.9437 4735.1138 198 216 170
385.5193 -546.9437 4735.1138 193 211 166
388.7408 -546.1334 4728.0991 175 193 147
392.5334 -546.1334 4728.0991 170 187 142
396.3260 -546.1334 4728.0991 185 201 157
400.1186 -546.1334 4728.0991 189 206 161
403.9112 -546.1334 4728.0991 193 213 168
407.7037 -546.1334 4728.0991 197 219 173
411.4963 -546.1334 4728.0991 186 207 162
415.2889 -546.1334 4728.0991 177 195 153
418.4615 -545.3254 4721.1045 192 212 168
422.8741 -546.1334 4728.0991 197 218 172
427.2997 -546.9437 4735.1138 196 218 172
431.0980 -546.9437 4735.1138 195 217 171
434.8961 -546.9437 4735.1138 179 199 154
438.0445 -546.1334 4728.0991 138 150 110
441.8371 -546.1334 4728.0991 118 128 89
445.6297 -546.1334 4728.0991 129 140 100
449.4223 -546.1334 4728.0991 180 196 151
453.8873 -546.9437 4735.1138 187 207 161
458.3656 -547.7563 4742.1499 170 189 140
462.1694 -547.7563 4742.1499 163 179 130
465.9733 -547.7563 4742.1499 170 187 137
469.7772 -547.7563 4742.1499 180 196 148
473.5811 -547.7563 4742.1499 194 211 163
476.6765 -546.9437 4735.1138 194 211 166
480.4748 -546.9437 4735.1138 193 209 166
484.9926 -547.7563 4742.1499 191 208 163
488.7965 -547.7563 4742.1499 193 210 166
492.6004 -547.7563 4742.1499 194 211 168
496.4042 -547.7563 4742.1499 188 205 164
500.2081 -547.7563 4742.1499 176 190 153
504.0120 -547.7563 4742.1499 182 196 155
507.0623 -546.9437 4735.1138 188 201 161
510.8606 -546.9437 4735.1138 168 181 142
513.8964 -546.1334 4728.0991 172 185 145
517.6889 -546.1334 4728.0991 177 190 148
521.4815 -546.1334 4728.0991 199 215 172
525.2742 -546.1334 4728.0991 202 218 178
529.0667 -546.1334 4728.0991 205 221 182
532.8593 -546.1334 4728.0991 202 203 167
536.6519 -546.1334 4728.0991 206 176 139
540.4445 -546.1334 4728.0991 216 179 143
544.2371 -546.1334 4728.0991 220 182 145
548.0297 -546.1334 4728.0991 223 186 150
551.8223 -546.1334 4728.0991 226 188 153
556.4392 -546.9437 4735.1138 227 187 155
561.0699 -547.7563 4742.1499 227 187 157
564.8737 -547.7563 4742.1499 227 188 158
568.6776 -547.7563 4742.1499 227 190 162
572.4815 -547.7563 4742.1499 227 191 165
576.2853 -547.7563 4742.1499 228 192 166
580.0892 -547.7563 4742.1499 229 194 169
583.8931 -547.7563 4742.1499 229 195 174
587.6970 -547.7563 4742.1499 219 186 167
592.3810 -548.5715 4749.2065 198 167 148
596.1905 -548.5715 4749.2065 209 178 154
600.0000 -548.5715 4749.2065 215 185 163
603.8096 -548.5715 4749.2065 190 162 145
606.7163 -547.7563 4742.1499 190 161 143
609.6143 -546.9437 4735.1138 200 173 152
613.4125 -546.9437 4735.1138 233 203 181
616.2964 -546.1334 4728.0991 233 203 183
620.0889 -546.1334 4728.0991 236 205 185
623.8815 -546.1334 4728.0991 230 207 184
629.5394 -547.7563 4742.1499 211 199 165
382.8572 -552.3810 4749.2065 196 213 165
385.5193 -550.7419 4735.1138 196 215 168
388.7408 -549.9260 4728.0991 177 195 148
392.5334 -549.9260 4728.0991 169 186 140
396.3260 -549.9260 4728.0991 176 193 148
400.1186 -549.9260 4728.0991 189 207 162
403.9112 -549.9260 4728.0991 186 205 160
407.7037 -549.9260 4728.0991 197 217 171
410.8876 -549.1124 4721.1045 196 218 172
414.6746 -549.1124 4721.1045 183 202 157
418.4615 -549.1124 4721.1045 189 210 163
422.2485 -549.1124 4721.1045 196 218 171
426.6667 -549.9260 4728.0991 195 218 172
431.0980 -550.7419 4735.1138 195 218 172
434.2519 -549.9260 4728.0991 195 217 171
438.0445 -549.9260 4728.0991 182 200 155
441.8371 -549.9260 4728.0991 160 176 130
445.6297 -549.9260 4728.0991 170 186 139
449.4223 -549.9260 4728.0991 194 214 166
453.8873 -550.7419 4735.1138 195 218 171
457.6855 -550.7419 4735.1138 195 217 171
461.4837 -550.7419 4735.1138 196 216 171
465.9733 -551.5602 4742.1499 195 216 170
469.7772 -551.5602 4742.1499 196 214 169
473.5811 -551.5602 4742.1499 195 212 166
477.3849 -551.5602 4742.1499 194 211 166
481.1887 -551.5602 4742.1499 194 210 166
484.9926 -551.5602 4742.1499 192 208 165
488.0712 -550.7419 4735.1138 194 210 167
491.8695 -550.7419 4735.1138 194 211 170
495.6677 -550.7419 4735.1138 181 197 157
499.4659 -550.7419 4735.1138 180 194 154
503.2641 -550.7419 4735.1138 182 196 157
506.3112 -549.9260 4728.0991 184 199 158
510.1037 -549.9260 4728.0991 179 192 154
513.8964 -549.9260 4728.0991 172 184 146
516.9231 -549.1124 4721.1045 174 187 147
520.7101 -549.1124 4721.1045 195 211 169
523.7223 -548.3013 4714.1309 202 220 179
527.5037 -548.3013 4714.1309 204 222 183
531.2851 -548.3013 4714.1309 206 216 180
535.8580 -549.1124 4721.1045 201 179 143
539.6450 -549.1124 4721.1045 213 176 140
543.4319 -549.1124 4721.1045 216 180 144
547.2190 -549.1124 4721.1045 221 183 148
551.8223 -549.9260 4728.0991 226 187 151
555.6149 -549.9260 4728.0991 227 187 153
560.2374 -550.7419 4735.1138 226 187 154
564.8737 -551.5602 4742.1499 225 187 155
568.6776 -551.5602 4742.1499 226 188 158
572.4815 -551.5602 4742.1499 226 190 161
576.2853 -551.5602 4742.1499 227 191 164
580.0892 -551.5602 4742.1499 229 193 169
583.8931 -551.5602 4742.1499 227 194 172
587.6970 -551.5602 4742.1499 204 172 153
591.5008 -551.5602 4742.1499 202 170 148
595.3046 -551.5602 4742.1499 207 178 155
599.1085 -551.5602 4742.1499 213 185 164
602.9124 -551.5602 4742.1499 194 169 149
605.8160 -550.7419 4735.1138 190 163 142
607.8107 -549.1124 4721.1045 198 170 149
609.7936 -547.4927 4707.1782 232 200 179
613.5693 -547.4927 4707.1782 234 204 183
618.2570 -548.3013 4714.1309 236 208 187
622.0384 -548.3013 4714.1309 233 209 187
627.6741 -549.9260 4728.0991 213 199 168
388.7408 -553.7186 4728.0991 182 200 152
391.3737 -552.0828 4714.1309 170 187 140
395.1551 -552.0828 4714.1309 172 189 144
398.9365 -552.0828 4714.1309 188 206 161
402.7179 -552.0828 4714.1309 183 201 155
406.4993 -552.0828 4714.1309 185 206 159
410.2806 -552.0828 4714.1309 196 219 172
414.0620 -552.0828 4714.1309 195 218 172
417.8434 -552.0828 4714.1309 195 218 171
421.6248 -552.0828 4714.1309 195 218 171
425.4062 -552.0828 4714.1309 196 218 172
429.1876 -552.0828 4714.1309 195 218 172
432.9690 -552.0828 4714.1309 196 219 172
436.7504 -552.0828 4714.1309 195 217 172
440.5318 -552.0828 4714.1309 196 218 172
444.3131 -552.0828 4714.1309 198 218 172
448.7574 -552.8994 4721.1045 196 219 173
453.2149 -553.7186 4728.0991 196 218 173
457.6855 -554.5401 4735.1138 196 217 171
461.4837 -554.5401 4735.1138 196 216 171
465.2819 -554.5401 4735.1138 195 216 170
469.0801 -554.5401 4735.1138 196 215 169
472.8784 -554.5401 4735.1138 195 213 168
476.6765 -554.5401 4735.1138 195 212 167
480.4748 -554.5401 4735.1138 194 211 166
484.2730 -554.5401 4735.1138 192 209 164
488.0712 -554.5401 4735.1138 193 210 167
491.8695 -554.5401 4735.1138 189 206 165
494.9334 -553.7186 4728.0991 175 190 150
498.7260 -553.7186 4728.0991 181 196 156
502.5186 -553.7186 4728.0991 182 196 158
506.3112 -553.7186 4728.0991 183 198 158
510.1037 -553.7186 4728.0991 186 201 162
513.1361 -552.8994 4721.1045 170 182 146
515.3983 -551.2685 4707.1782 176 188 150
519.1741 -551.2685 4707.1782 188 202 162
522.9499 -551.2685 4707.1782 203 220 180
526.7257 -551.2685 4707.1782 203 221 182
530.5015 -551.2685 4707.1782 208 222 185
534.2773 -551.2685 4707.1782 200 189 153
538.0531 -551.2685 4707.1782 208 174 138
541.8289 -551.2685 4707.1782 214 178 143
545.6047 -551.2685 4707.1782 219 180 146
551.0059 -552.8994 4721.1045 223 185 149
554.7929 -552.8994 4721.1045 225 187 152
559.4075 -553.7186 4728.0991 225 187 153
564.0356 -554.5401 4735.1138 224 185 152
567.8339 -554.5401 4735.1138 226 187 154
572.4815 -555.3641 4742.1499 227 188 157
576.2853 -555.3641 4742.1499 228 189 160
580.0892 -555.3641 4742.1499 228 191 165
583.8931 -555.3641 4742.1499 211 178 156
587.6970 -555.3641 4742.1499 201 169 147
591.5008 -555.3641 4742.1499 206 174 151
594.4214 -554.5401 4735.1138 204 175 152
598.2196 -554.5401 4735.1138 212 183 161
600.2367 -552.8994 4721.1045 197 171 150
604.0237 -552.8994 4721.1045 185 159 137
606.0178 -551.2685 4707.1782 194 167 145
608.8955 -550.4566 4700.2456 229 198 175
609.9707 -548.0352 4679.5698 234 204 183
613.7244 -548.0352 4679.5698 237 210 189
617.4780 -548.0352 4679.5698 234 210 189
620.3221 -547.2328 4672.7188 214 199 170
390.7965 -555.0443 4707.1782 173 190 143
391.6838 -550.9810 4672.7188 169 186 140
394.2774 -549.3723 4659.0757 182 200 155
398.0146 -549.3723 4659.0757 186 203 158
401.1662 -548.5714 4652.2837 179 196 152
404.8980 -548.5714 4652.2837 192 211 168
409.2263 -549.3723 4659.0757 197 219 173
412.9636 -549.3723 4659.0757 196 218 171
417.3100 -550.1755 4665.8872 196 218 171
422.2874 -551.7889 4679.5698 196 218 172
426.0411 -551.7889 4679.5698 197 219 172
429.7947 -551.7889 4679.5698 197 219 173
433.5484 -551.7889 4679.5698 196 219 173
437.9442 -552.5991 4686.4414 197 219 173
443.0045 -554.2269 4700.2456 198 218 173
447.4337 -555.0443 4707.1782 198 218 173
452.5444 -556.6864 4721.1045 195 218 172
456.3314 -556.6864 4721.1045 195 218 172
460.1183 -556.6864 4721.1045 195 217 171
464.5926 -557.5112 4728.0991 195 216 170
468.3853 -557.5112 4728.0991 195 214 169
472.1778 -557.5112 4728.0991 195 213 167
475.9704 -557.5112 4728.0991 194 213 167
479.0533 -556.6864 4721.1045 194 211 166
482.8402 -556.6864 4721.1045 193 210 165
485.1918 -555.0443 4707.1782 192 207 165
488.2475 -554.2269 4700.2456 178 192 153
491.2941 -553.4118 4693.3335 178 191 150
493.6071 -551.7889 4679.5698 180 195 153
497.3607 -551.7889 4679.5698 182 196 157
499.6492 -550.1755 4665.8872 185 198 159
503.3918 -550.1755 4665.8872 189 203 164
507.1345 -550.1755 4665.8872 171 184 147
510.8773 -550.1755 4665.8872 173 186 148
513.8687 -549.3723 4659.0757 178 192 153
517.6059 -549.3723 4659.0757 202 219 180
521.3431 -549.3723 4659.0757 202 222 182
525.8480 -550.1755 4665.8872 206 224 186
530.3661 -550.9810 4672.7188 204 204 168
534.1143 -550.9810 4672.7188 204 175 139
537.8624 -550.9810 4672.7188 211 176 140
544.8012 -554.2269 4700.2456 216 180 143
551.0059 -556.6864 4721.1045 218 183 147
554.7929 -556.6864 4721.1045 222 186 150
559.4075 -557.5112 4728.0991 224 187 152
564.0356 -558.3383 4735.1138 224 187 151
568.6776 -559.1680 4742.1499 225 186 151
572.4815 -559.1680 4742.1499 226 187 154
576.2853 -559.1680 4742.1499 225 186 155
580.0892 -559.1680 4742.1499 211 174 148
583.8931 -559.1680 4742.1499 200 167 143
587.6970 -559.1680 4742.1499 203 171 145
589.7482 -557.5112 4728.0991 206 173 148
592.6628 -556.6864 4721.1045 205 176 153
595.5687 -555.8641 4714.1309 210 181 160
598.4661 -555.0443 4707.1782 202 174 156
601.3550 -554.2269 4700.2456 184 156 140
603.3480 -552.5991 4686.4414 196 167 148
605.3295 -550.9810 4672.7188 225 194 173
609.0777 -550.9810 4672.7188 234 205 184
612.8258 -550.9810 4672.7188 237 210 190
615.6725 -550.1755 4665.8872 235 211 190
618.5110 -549.3723 4659.0757 216 201 172
623.1580 -550.1755 4665.8872 209 201 163
388.5044 -555.5425 4679.5698 174 190 144
390.5402 -553.1095 4659.0757 165 182 134
393.7026 -552.3032 4652.2837 176 193 146
397.4344 -552.3032 4652.2837 187 204 159
401.1662 -552.3032 4652.2837 181 198 155
404.8980 -552.3032 4652.2837 181 198 155
408.6297 -552.3032 4652.2837 192 210 166
412.3615 -552.3032 4652.2837 196 217 171
416.7008 -553.1095 4659.0757 196 218 172
420.4380 -553.1095 4659.0757 198 218 173
424.1752 -553.1095 4659.0757 198 218 172
427.2886 -552.3032 4652.2837 198 219 173
431.0204 -552.3032 4652.2837 197 219 173
435.3869 -553.1095 4659.0757 197 220 174
439.7661 -553.9182 4665.8872 196 218 172
446.1177 -557.1765 4693.3335 196 218 173
450.5450 -557.9971 4700.2456 195 218 172
454.9853 -558.8201 4707.1782 195 217 172
458.7611 -558.8201 4707.1782 196 216 171
462.5369 -558.8201 4707.1782 195 216 171
466.3127 -558.8201 4707.1782 195 215 170
470.0885 -558.8201 4707.1782 195 214 168
473.8643 -558.8201 4707.1782 195 213 168
476.9367 -557.9971 4700.2456 194 211 167
480.0000 -557.1765 4693.3335 192 206 164
483.0544 -556.3583 4686.4414 178 191 152
486.0997 -555.5425 4679.5698 176 189 149
489.8534 -555.5425 4679.5698 181 194 153
492.1638 -553.9182 4665.8872 181 195 154
495.1825 -553.1095 4659.0757 183 197 157
498.1924 -552.3032 4652.2837 182 195 157
501.9242 -552.3032 4652.2837 184 199 158
506.3942 -553.1095 4659.0757 175 190 151
510.1314 -553.1095 4659.0757 166 180 141
513.8687 -553.1095 4659.0757 175 190 150
516.8513 -552.3032 4652.2837 198 215 174
519.8254 -551.4993 4645.5122 202 222 182
524.3149 -552.3032 4652.2837 204 225 186
528.0466 -552.3032 4652.2837 208 217 182
533.3334 -553.9182 4665.8872 200 180 144
537.0760 -553.9182 4665.8872 209 173 139
541.6106 -554.7292 4672.7188 214 178 141
548.5715 -557.9971 4700.2456 216 181 146
554.7929 -560.4734 4721.1045 220 183 148
558.5799 -560.4734 4721.1045 224 185 150
563.2001 -561.3038 4728.0991 224 186 150
567.8339 -562.1365 4735.1138 223 185 151
572.4815 -562.9718 4742.1499 218 179 148
576.2853 -562.9718 4742.1499 202 165 137
580.0892 -562.9718 4742.1499 198 163 135
583.0267 -562.1365 4735.1138 201 167 139
585.9556 -561.3038 4728.0991 205 170 143
588.8757 -560.4734 4721.1045 205 171 147
590.9145 -558.8201 4707.1782 202 173 150
593.8145 -557.9971 4700.2456 210 179 159
594.9560 -555.5425 4679.5698 209 179 160
598.7097 -555.5425 4679.5698 188 161 141
601.5814 -554.7292 4672.7188 194 167 147
605.3295 -554.7292 4672.7188 218 191 168
609.0777 -554.7292 4672.7188 233 205 183
612.8258 -554.7292 4672.7188 238 211 191
615.6725 -553.9182 4665.8872 238 212 193
617.6093 -552.3032 4652.2837 218 201 175
621.3411 -552.3032 4652.2837 208 200 163
389.9709 -556.0350 4652.2837 169 186 137
393.7026 -556.0350 4652.2837 167 185 136
397.4344 -556.0350 4652.2837 187 205 158
400.5823 -555.2256 4645.5122 186 203 158
404.3086 -555.2256 4645.5122 185 201 157
408.0350 -555.2256 4645.5122 182 198 153
412.3615 -556.0350 4652.2837 187 205 160
416.0933 -556.0350 4652.2837 196 215 171
419.8251 -556.0350 4652.2837 196 217 173
422.9404 -555.2256 4645.5122 198 219 173
426.0465 -554.4186 4638.7598 198 219 173
429.7675 -554.4186 4638.7598 199 219 174
433.4884 -554.4186 4638.7598 198 220 173
439.1241 -556.8467 4659.0757 196 219 172
443.5088 -557.6609 4665.8872 195 218 172
448.5631 -559.2962 4679.5698 195 218 172
453.6471 -560.9412 4693.3335 196 218 172
458.0854 -561.7674 4700.2456 198 217 172
461.8557 -561.7674 4700.2456 198 216 172
464.9412 -560.9412 4693.3335 197 215 170
468.0176 -560.1175 4686.4414 196 213 168
471.0851 -559.2962 4679.5698 194 212 167
474.1436 -558.4774 4672.7188 189 205 162
477.1930 -557.6609 4665.8872 174 188 147
480.9357 -557.6609 4665.8872 175 188 146
483.9709 -556.8467 4659.0757 180 194 152
487.7081 -556.8467 4659.0757 181 194 153
490.7289 -556.0350 4652.2837 182 196 155
494.4606 -556.0350 4652.2837 183 196 157
498.1924 -556.0350 4652.2837 180 192 155
501.9242 -556.0350 4652.2837 183 196 157
505.6560 -556.0350 4652.2837 184 199 160
509.3878 -556.0350 4652.2837 166 181 143
512.3727 -555.2256 4645.5122 177 192 152
516.0991 -555.2256 4645.5122 188 204 164
519.0698 -554.4186 4638.7598 203 222 182
523.5517 -555.2256 4645.5122 205 225 186
527.2781 -555.2256 4645.5122 209 224 188
531.7784 -556.0350 4652.2837 199 190 156
536.2921 -556.8467 4659.0757 207 174 139
540.8187 -557.6609 4665.8872 212 175 140
546.1584 -559.2962 4679.5698 215 179 145
553.1564 -562.5959 4707.1782 217 181 148
558.5799 -564.2604 4721.1045 218 182 149
563.2001 -565.0963 4728.0991 214 177 148
567.8339 -565.9348 4735.1138 200 163 136
571.6321 -565.9348 4735.1138 192 155 127
574.5778 -565.0963 4728.0991 196 160 128
578.3704 -565.0963 4728.0991 201 166 134
582.1630 -565.0963 4728.0991 202 168 136
585.0887 -564.2604 4721.1045 203 170 141
588.0059 -563.4269 4714.1309 203 173 148
590.9145 -562.5959 4707.1782 200 170 146
593.8145 -561.7674 4700.2456 209 178 153
594.9560 -559.2962 4679.5698 213 182 160
598.7097 -559.2962 4679.5698 188 159 140
601.5814 -558.4774 4672.7188 192 162 145
605.3295 -558.4774 4672.7188 214 186 164
609.0777 -558.4774 4672.7188 234 205 184
612.8258 -558.4774 4672.7188 238 211 193
616.5740 -558.4774 4672.7188 240 213 196
618.5110 -556.8467 4659.0757 221 202 179
624.9854 -559.2962 4679.5698 208 199 163
389.9709 -559.7668 4652.2837 168 185 137
393.1296 -558.9520 4645.5122 168 185 137
396.2791 -558.1395 4638.7598 185 201 154
400.0000 -558.1395 4638.7598 185 202 156
403.7209 -558.1395 4638.7598 185 202 157
408.0350 -558.9520 4645.5122 186 203 159
411.7613 -558.9520 4645.5122 183 197 153
415.4877 -558.9520 4645.5122 182 198 153
419.2140 -558.9520 4645.5122 189 208 163
422.3256 -558.1395 4638.7598 195 217 173
426.0465 -558.1395 4638.7598 197 219 174
429.7675 -558.1395 4638.7598 197 219 174
433.4884 -558.1395 4638.7598 197 219 173
437.2093 -558.1395 4638.7598 196 219 172
442.8613 -560.5840 4659.0757 197 219 173
447.9063 -562.2255 4672.7188 197 218 173
452.3167 -563.0499 4679.5698 197 218 173
457.4118 -564.7059 4693.3335 197 217 172
460.4993 -563.8766 4686.4414 197 216 172
463.5777 -563.0499 4679.5698 196 215 170
467.3314 -563.0499 4679.5698 189 206 162
469.7077 -561.4036 4665.8872 179 194 149
472.7592 -560.5840 4659.0757 173 188 141
476.4964 -560.5840 4659.0757 174 188 141
479.5335 -559.7668 4652.2837 180 192 148
483.2653 -559.7668 4652.2837 181 194 153
486.9971 -559.7668 4652.2837 180 193 153
490.7289 -559.7668 4652.2837 179 193 152
493.7410 -558.9520 4645.5122 182 194 157
497.4673 -558.9520 4645.5122 183 193 158
501.1936 -558.9520 4645.5122 185 197 161
504.9200 -558.9520 4645.5122 189 203 165
508.6464 -558.9520 4645.5122 174 187 150
511.6279 -558.1395 4638.7598 172 185 148
515.3489 -558.1395 4638.7598 179 194 157
519.0698 -558.1395 4638.7598 202 221 182
522.7907 -558.1395 4638.7598 204 224 186
526.5117 -558.1395 4638.7598 207 226 189
531.0045 -558.9520 4645.5122 198 202 170
535.5102 -559.7668 4652.2837 189 162 131
540.0292 -560.5840 4659.0757 193 159 131
544.5614 -561.4036 4665.8872 194 159 133
551.5295 -564.7059 4693.3335 193 158 133
556.9323 -566.3718 4707.1782 192 156 131
562.3669 -568.0474 4721.1045 190 154 130
566.1539 -568.0474 4721.1045 195 161 134
569.9409 -568.0474 4721.1045 196 161 133
573.7278 -568.0474 4721.1045 199 164 136
577.5148 -568.0474 4721.1045 201 166 137
581.3018 -568.0474 4721.1045 200 166 137
584.2245 -567.2083 4714.1309 200 167 140
587.1387 -566.3718 4707.1782 203 169 145
590.9145 -566.3718 4707.1782 201 168 145
593.8145 -565.5376 4700.2456 207 177 155
597.5847 -565.5376 4700.2456 214 185 164
601.3550 -565.5376 4700.2456 185 157 138
605.1252 -565.5376 4700.2456 194 166 146
609.7936 -566.3718 4707.1782 209 181 158
613.5693 -566.3718 4707.1782 234 204 183
617.3452 -566.3718 4707.1782 237 211 192
621.1210 -566.3718 4707.1782 240 214 197
624.8968 -566.3718 4707.1782 224 205 182
392.5582 -561.8605 4638.7598 169 183 137
396.2791 -561.8605 4638.7598 178 194 146
400.0000 -561.8605 4638.7598 186 203 156
403.7209 -561.8605 4638.7598 185 201 157
407.4419 -561.8605 4638.7598 186 203 161
411.7613 -562.6783 4645.5122 186 202 160
415.4877 -562.6783 4645.5122 183 200 155
419.2140 -562.6783 4645.5122 179 196 151
422.3256 -561.8605 4638.7598 181 196 153
426.0465 -561.8605 4638.7598 185 202 161
429.7675 -561.8605 4638.7598 189 209 166
433.4884 -561.8605 4638.7598 193 212 169
437.2093 -561.8605 4638.7598 196 215 172
441.5721 -562.6783 4645.5122 196 216 174
446.5986 -564.3212 4659.0757 195 216 174
451.6545 -565.9737 4672.7188 193 214 173
456.0704 -566.8035 4679.5698 189 208 167
459.8241 -566.8035 4679.5698 184 201 160
463.5777 -566.8035 4679.5698 182 197 156
465.9649 -565.1462 4665.8872 177 192 149
469.0219 -564.3212 4659.0757 175 190 145
472.0700 -563.4985 4652.2837 179 192 147
475.8018 -563.4985 4652.2837 180 193 150
479.5335 -563.4985 4652.2837 177 191 148
483.2653 -563.4985 4652.2837 179 194 151
486.9971 -563.4985 4652.2837 181 197 154
490.7289 -563.4985 4652.2837 180 196 153
493.7410 -562.6783 4645.5122 178 193 155
497.4673 -562.6783 4645.5122 182 195 161
500.4651 -561.8605 4638.7598 182 196 160
504.1861 -561.8605 4638.7598 184 198 158
507.9070 -561.8605 4638.7598 175 190 151
511.6279 -561.8605 4638.7598 170 183 144
515.3489 -561.8605 4638.7598 180 194 156
519.0698 -561.8605 4638.7598 199 217 177
522.7907 -561.8605 4638.7598 203 224 186
526.5117 -561.8605 4638.7598 206 226 188
530.2325 -561.8605 4638.7598 203 216 183
533.9535 -561.8605 4638.7598 173 157 127
538.4571 -562.6783 4645.5122 176 146 115
542.9738 -563.4985 4652.2837 182 148 119
549.1069 -565.9737 4672.7188 189 153 123
556.1120 -569.3078 4700.2456 189 153 123
560.7080 -570.1476 4707.1782 188 153 125
565.3176 -570.9897 4714.1309 197 162 135
569.9409 -571.8343 4721.1045 200 167 137
573.7278 -571.8343 4721.1045 199 167 137
577.5148 -571.8343 4721.1045 199 167 138
580.4431 -570.9897 4714.1309 200 167 137
583.3629 -570.1476 4707.1782 198 162 135
587.1387 -570.1476 4707.1782 201 164 141
590.9145 -570.1476 4707.1782 200 168 143
594.6903 -570.1476 4707.1782 206 175 147
598.4661 -570.1476 4707.1782 215 183 159
603.1315 -570.9897 4714.1309 193 163 142
606.0178 -570.1476 4707.1782 192 163 144
609.7936 -570.1476 4707.1782 205 176 156
614.4756 -570.9897 4714.1309 234 203 183
620.0889 -572.6815 4728.0991 237 210 191
623.8815 -572.6815 4728.0991 239 213 197
628.6053 -573.5312 4735.1138 228 208 187
153.9710 -563.9421 4625.3140 205 193 127
157.6812 -563.9421 4625.3140 193 183 116
161.6255 -564.7606 4632.0273 215 208 141
165.3411 -564.7606 4632.0273 212 210 142
168.8116 -563.9421 4625.3140 213 212 144
172.2721 -563.1259 4618.6206 213 213 144
175.9769 -563.1259 4618.6206 215 214 144
179.6816 -563.1259 4618.6206 218 214 145
183.9187 -564.7606 4632.0273 182 179 116
187.9070 -565.5814 4638.7598 178 176 115
191.6279 -565.5814 4638.7598 220 216 145
195.3488 -565.5814 4638.7598 222 220 144
199.0698 -565.5814 4638.7598 221 218 144
202.7907 -565.5814 4638.7598 218 217 145
206.2119 -564.7606 4632.0273 210 210 140
209.9274 -564.7606 4632.0273 202 204 141
213.6430 -564.7606 4632.0273 210 209 145
217.3585 -564.7606 4632.0273 221 214 148
221.0740 -564.7606 4632.0273 207 202 140
224.7896 -564.7606 4632.0273 207 204 143
392.5582 -565.5814 4638.7598 169 183 134
396.2791 -565.5814 4638.7598 169 186 137
400.0000 -565.5814 4638.7598 188 206 157
403.7209 -565.5814 4638.7598 184 200 154
407.4419 -565.5814 4638.7598 184 201 156
411.7613 -566.4047 4645.5122 187 203 161
415.4877 -566.4047 4645.5122 185 202 159
419.2140 -566.4047 4645.5122 185 202 158
422.9404 -566.4047 4645.5122 187 202 159
426.0465 -565.5814 4638.7598 186 200 157
429.7675 -565.5814 4638.7598 183 197 155
433.4884 -565.5814 4638.7598 180 195 152
437.2093 -565.5814 4638.7598 180 195 150
440.9303 -565.5814 4638.7598 183 199 156
445.2984 -566.4047 4645.5122 183 198 156
450.9942 -568.8890 4665.8872 181 197 155
455.4027 -569.7219 4672.7188 180 196 155
459.1509 -569.7219 4672.7188 182 197 155
462.8990 -569.7219 4672.7188 181 196 153
465.9649 -568.8890 4665.8872 182 196 153
468.3382 -567.2303 4652.2837 180 193 149
470.6977 -565.5814 4638.7598 181 195 149
474.4186 -565.5814 4638.7598 190 205 160
478.8356 -566.4047 4645.5122 192 208 163
482.5619 -566.4047 4645.5122 193 209 166
486.2882 -566.4047 4645.5122 193 211 167
490.0146 -566.4047 4645.5122 191 208 165
493.7410 -566.4047 4645.5122 177 193 154
496.7442 -565.5814 4638.7598 181 195 159
500.4651 -565.5814 4638.7598 179 194 156
504.1861 -565.5814 4638.7598 182 196 156
507.9070 -565.5814 4638.7598 185 199 161
511.6279 -565.5814 4638.7598 170 183 145
515.3489 -565.5814 4638.7598 180 194 158
519.0698 -565.5814 4638.7598 189 206 168
522.7907 -565.5814 4638.7598 205 223 185
526.5117 -565.5814 4638.7598 206 226 188
530.2325 -565.5814 4638.7598 208 224 189
533.9535 -565.5814 4638.7598 181 175 145
537.6744 -565.5814 4638.7598 182 152 124
542.1834 -566.4047 4645.5122 184 149 122
546.7056 -567.2303 4652.2837 187 151 121
552.8551 -569.7219 4672.7188 190 154 123
559.8823 -573.0781 4700.2456 188 151 122
564.4838 -573.9233 4707.1782 208 170 140
568.2596 -573.9233 4707.1782 221 183 148
572.0355 -573.9233 4707.1782 223 186 150
575.8113 -573.9233 4707.1782 225 186 152
579.5871 -573.9233 4707.1782 226 185 152
582.5037 -573.0781 4700.2456 208 170 141
586.2740 -573.0781 4700.2456 193 162 137
590.9145 -573.9233 4707.1782 197 167 141
595.5687 -574.7711 4714.1309 206 173 147
599.3501 -574.7711 4714.1309 214 181 155
604.9186 -576.4741 4728.0991 191 160 139
608.7112 -576.4741 4728.0991 187 156 136
612.5038 -576.4741 4728.0991 202 174 153
615.3846 -575.6213 4721.1045 232 204 181
620.0889 -576.4741 4728.0991 237 209 191
623.8815 -576.4741 4728.0991 239 213 196
629.5394 -578.1873 4742.1499 229 204 186
639.0405 -583.3883 4784.8076 187 166 135
-154.0000 -612.0001 4986.6670 242 234 196
86.0000 -612.0001 4986.6670 229 114 111
88.7519 -603.5131 4917.5142 230 115 111
91.7073 -597.0732 4865.0410 232 122 116
95.1745 -594.3551 4842.8936 231 128 117
99.0592 -594.3551 4842.8936 233 178 135
101.5569 -586.3474 4777.6450 232 221 153
102.7737 -571.7957 4659.0757 230 226 155
106.0465 -569.3024 4638.7598 227 223 152
109.4493 -567.6522 4625.3140 206 199 133
112.9957 -566.8307 4618.6206 198 195 135
116.7004 -566.8307 4618.6206 198 198 137
150.0434 -566.8307 4618.6206 227 226 149
153.7482 -566.8307 4618.6206 222 220 144
157.6812 -567.6522 4625.3140 179 178 103
161.3913 -567.6522 4625.3140 168 169 104
165.1015 -567.6522 4625.3140 173 173 113
168.5673 -566.8307 4618.6206 170 169 111
172.2721 -566.8307 4618.6206 168 166 110
175.9769 -566.8307 4618.6206 167 166 110
179.6816 -566.8307 4618.6206 162 162 105
183.6522 -567.6522 4625.3140 161 161 97
187.6343 -568.4761 4632.0273 202 203 129
191.6279 -569.3024 4638.7598 225 225 150
195.3488 -569.3024 4638.7598 224 225 150
199.0698 -569.3024 4638.7598 223 224 149
202.4964 -568.4761 4632.0273 223 224 151
206.2119 -568.4761 4632.0273 211 212 140
209.9274 -568.4761 4632.0273 201 204 136
213.6430 -568.4761 4632.0273 216 218 145
217.0435 -567.6522 4625.3140 220 222 150
221.0740 -568.4761 4632.0273 208 209 141
224.4638 -567.6522 4625.3140 209 211 145
228.5051 -568.4761 4632.0273 188 189 126
396.2791 -569.3024 4638.7598 170 186 136
400.0000 -569.3024 4638.7598 187 204 155
403.7209 -569.3024 4638.7598 184 201 154
407.4419 -569.3024 4638.7598 181 197 153
411.1628 -569.3024 4638.7598 187 202 160
415.4877 -570.1310 4645.5122 185 201 159
419.2140 -570.1310 4645.5122 186 202 160
422.9404 -570.1310 4645.5122 186 201 158
426.0465 -569.3024 4638.7598 184 199 156
429.7675 -569.3024 4638.7598 187 202 158
433.4884 -569.3024 4638.7598 184 198 153
437.2093 -569.3024 4638.7598 181 195 151
440.9303 -569.3024 4638.7598 184 200 155
445.2984 -570.1310 4645.5122 184 202 157
450.9942 -572.6317 4665.8872 186 204 161
456.7401 -575.1542 4686.4414 184 201 159
460.4993 -575.1542 4686.4414 182 198 158
463.5777 -574.3109 4679.5698 180 196 153
465.9649 -572.6317 4665.8872 179 195 152
466.9768 -569.3024 4638.7598 179 194 150
470.6977 -569.3024 4638.7598 179 194 149
474.4186 -569.3024 4638.7598 192 209 164
478.1396 -569.3024 4638.7598 193 211 166
481.8605 -569.3024 4638.7598 191 209 167
486.2882 -570.1310 4645.5122 188 204 165
490.0146 -570.1310 4645.5122 185 200 161
493.0233 -569.3024 4638.7598 181 195 155
496.7442 -569.3024 4638.7598 182 195 155
500.4651 -569.3024 4638.7598 182 196 156
504.1861 -569.3024 4638.7598 184 197 158
507.9070 -569.3024 4638.7598 189 204 164
511.6279 -569.3024 4638.7598 177 191 153
515.3489 -569.3024 4638.7598 173 186 150
518.3165 -568.4761 4632.0273 183 198 159
522.0320 -568.4761 4632.0273 204 223 184
525.7475 -568.4761 4632.0273 204 225 188
529.4630 -568.4761 4632.0273 206 226 189
533.9535 -569.3024 4638.7598 192 199 166
537.6744 -569.3024 4638.7598 169 151 123
541.3954 -569.3024 4638.7598 177 146 116
545.1163 -569.3024 4638.7598 182 146 116
549.6362 -570.1310 4645.5122 187 150 121
554.9781 -571.7957 4659.0757 187 152 123
560.3514 -573.4701 4672.7188 205 168 136
564.0996 -573.4701 4672.7188 222 182 149
568.6804 -574.3109 4679.5698 224 184 151
573.2746 -575.1542 4686.4414 224 185 154
577.0338 -575.1542 4686.4414 222 183 152
580.7930 -575.1542 4686.4414 212 174 144
584.5521 -575.1542 4686.4414 199 165 137
591.7873 -578.5524 4714.1309 199 166 140
595.5687 -578.5524 4714.1309 203 170 143
600.2367 -579.4083 4721.1045 212 179 154
604.9186 -580.2667 4728.0991 190 159 137
607.8107 -579.4083 4721.1045 187 159 136
611.5977 -579.4083 4721.1045 198 172 149
613.5693 -577.6992 4707.1782 231 202 180
619.1716 -579.4083 4721.1045 236 208 188
624.8071 -581.1276 4735.1138 239 212 194
630.4763 -582.8572 4749.2065 230 204 187
639.0405 -587.2264 4784.8076 164 137 102
-154.0000 -616.0001 4986.6670 241 233 194
82.0000 -616.0001 4986.6670 232 122 117
84.8074 -607.4576 4917.5142 229 115 110
88.2083 -603.7366 4887.3916 232 120 114
91.2898 -598.2398 4842.8936 234 126 119
94.6003 -594.6305 4813.6753 224 136 117
97.4328 -588.4179 4763.3833 235 204 147
99.0365 -575.5329 4659.0757 228 224 145
102.3256 -573.0233 4638.7598 229 226 147
105.7391 -571.3624 4625.3140 228 227 150
109.4493 -571.3624 4625.3140 207 206 136
112.8324 -569.7111 4611.9463 197 196 131
116.3636 -568.8889 4605.2910 199 198 130
119.8847 -568.0692 4598.6553 217 217 150
123.7518 -568.8889 4605.2910 215 217 146
127.6301 -569.7111 4611.9463 227 227 158
131.3295 -569.7111 4611.9463 220 220 148
135.2243 -570.5355 4618.6206 215 216 146
138.9291 -570.5355 4618.6206 213 212 140
142.6339 -570.5355 4618.6206 228 226 151
146.3387 -570.5355 4618.6206 229 227 153
150.0434 -570.5355 4618.6206 229 227 151
153.7482 -570.5355 4618.6206 228 227 151
157.6812 -571.3624 4625.3140 226 225 150
161.3913 -571.3624 4625.3140 214 215 140
164.8625 -570.5355 4618.6206 199 200 127
168.5673 -570.5355 4618.6206 188 189 119
172.2721 -570.5355 4618.6206 182 183 114
175.9769 -570.5355 4618.6206 191 192 120
179.9420 -571.3624 4625.3140 205 206 131
183.9187 -572.1916 4632.0273 219 219 144
187.9070 -573.0233 4638.7598 225 225 150
191.6279 -573.0233 4638.7598 225 226 150
195.3488 -573.0233 4638.7598 225 225 150
199.0698 -573.0233 4638.7598 224 225 149
202.7907 -573.0233 4638.7598 224 225 150
206.2119 -572.1916 4632.0273 218 218 145
209.9274 -572.1916 4632.0273 208 209 137
213.6430 -572.1916 4632.0273 222 223 149
217.3585 -572.1916 4632.0273 220 221 148
221.0740 -572.1916 4632.0273 199 202 132
224.4638 -571.3624 4625.3140 209 210 145
228.1739 -571.3624 4625.3140 188 189 127
232.2206 -572.1916 4632.0273 183 185 125
393.1296 -573.8574 4645.5122 170 185 134
396.2791 -573.0233 4638.7598 171 185 137
400.0000 -573.0233 4638.7598 179 194 146
403.7209 -573.0233 4638.7598 185 202 155
407.4419 -573.0233 4638.7598 181 197 150
411.1628 -573.0233 4638.7598 183 198 152
415.4877 -573.8574 4645.5122 183 199 152
419.8251 -574.6939 4652.2837 184 200 153
423.5569 -574.6939 4652.2837 188 205 158
426.6667 -573.8574 4645.5122 192 210 164
429.7675 -573.0233 4638.7598 192 212 166
433.4884 -573.0233 4638.7598 196 213 168
437.2093 -573.0233 4638.7598 186 202 157
440.9303 -573.0233 4638.7598 182 198 155
445.9475 -574.6939 4652.2837 186 201 159
452.9809 -578.9134 4686.4414 186 202 161
460.8001 -584.0593 4728.0991 185 201 158
464.5926 -584.0593 4728.0991 179 195 152
468.3853 -584.0593 4728.0991 178 194 149
466.6472 -577.2182 4672.7188 178 194 149
466.9768 -573.0233 4638.7598 178 193 149
470.6977 -573.0233 4638.7598 179 194 149
474.4186 -573.0233 4638.7598 188 204 160
478.1396 -573.0233 4638.7598 194 210 167
481.8605 -573.0233 4638.7598 172 187 147
485.5814 -573.0233 4638.7598 167 180 142
489.3024 -573.0233 4638.7598 161 174 135
493.0233 -573.0233 4638.7598 182 194 153
496.0233 -572.1916 4632.0273 183 194 154
499.7388 -572.1916 4632.0273 183 196 159
503.4543 -572.1916 4632.0273 183 196 158
507.9070 -573.0233 4638.7598 185 200 160
511.6279 -573.0233 4638.7598 178 193 155
515.3489 -573.0233 4638.7598 173 186 151
518.3165 -572.1916 4632.0273 182 196 160
522.0320 -572.1916 4632.0273 200 218 180
524.9855 -571.3624 4625.3140 204 225 187
528.6957 -571.3624 4625.3140 205 226 189
533.1786 -572.1916 4632.0273 202 219 184
536.8941 -572.1916 4632.0273 165 153 121
541.3954 -573.0233 4638.7598 172 142 109
545.1163 -573.0233 4638.7598 178 144 114
548.8372 -573.0233 4638.7598 183 147 118
553.3625 -573.8574 4645.5122 187 152 122
557.0889 -573.8574 4645.5122 202 165 132
561.6326 -574.6939 4652.2837 219 179 146
566.1898 -575.5329 4659.0757 200 162 133
570.7603 -576.3743 4665.8872 187 150 122
575.3441 -577.2182 4672.7188 182 146 118
579.0923 -577.2182 4672.7188 203 168 139
583.6951 -578.0645 4679.5698 195 163 136
588.3113 -578.9134 4686.4414 198 166 138
595.5687 -582.3338 4714.1309 202 167 137
599.3501 -582.3338 4714.1309 210 176 147
604.0237 -583.1953 4721.1045 198 166 141
606.0178 -581.4750 4707.1782 190 159 135
608.8955 -580.6186 4700.2456 197 168 145
611.7648 -579.7648 4693.3335 228 199 177
616.4360 -580.6186 4700.2456 235 206 187
622.9586 -583.1953 4721.1045 238 211 194
630.4763 -586.6667 4749.2065 235 208 194
639.0405 -591.0645 4784.8076 172 143 113
651.6718 -599.1489 4850.2534 164 136 86
-157.7535 -619.0328 4978.8872 239 230 189
-153.5202 -618.0685 4971.1318 239 232 190
-149.5327 -618.0685 4971.1318 239 232 190
81.4907 -616.1491 4955.6938 235 128 121
84.8074 -611.4022 4917.5142 232 122 115
88.2083 -607.6570 4887.3916 231 120 114
91.5677 -603.9574 4857.6357 230 124 117
96.7111 -587.8519 4728.0991 233 215 150
98.7482 -577.5837 4645.5122 227 224 148
102.1771 -575.9072 4632.0273 229 225 148
105.7391 -575.0725 4625.3140 229 225 150
109.2909 -574.2403 4618.6206 215 213 140
112.5072 -571.7579 4598.6553 199 200 136
116.1960 -571.7579 4598.6553 191 194 128
119.1977 -568.4814 4572.3018 214 214 148
123.0416 -569.2970 4578.8618 212 210 144
126.7145 -569.2970 4578.8618 215 214 141
130.3874 -569.2970 4578.8618 228 227 152
134.2529 -570.1150 4585.4409 216 215 140
137.9310 -570.1150 4585.4409 223 222 146
141.6092 -570.1150 4585.4409 227 226 149
145.2874 -570.1150 4585.4409 229 227 152
149.6104 -572.5830 4605.2910 229 229 153
153.7482 -574.2403 4618.6206 228 228 153
157.4530 -574.2403 4618.6206 228 228 152
161.1578 -574.2403 4618.6206 227 227 150
164.8625 -574.2403 4618.6206 227 226 152
168.5673 -574.2403 4618.6206 227 226 151
172.2721 -574.2403 4618.6206 226 226 149
175.9769 -574.2403 4618.6206 226 226 149
179.9420 -575.0725 4625.3140 226 226 150
183.9187 -575.9072 4632.0273 226 226 149
187.9070 -576.7442 4638.7598 226 226 149
191.6279 -576.7442 4638.7598 226 226 151
195.3488 -576.7442 4638.7598 226 225 151
199.0698 -576.7442 4638.7598 225 225 151
202.4964 -575.9072 4632.0273 224 226 151
206.2119 -575.9072 4632.0273 219 221 147
209.9274 -575.9072 4632.0273 202 204 130
213.6430 -575.9072 4632.0273 222 222 148
217.0435 -575.0725 4625.3140 213 213 144
220.4342 -574.2403 4618.6206 199 201 135
224.1389 -574.2403 4618.6206 207 209 143
227.5145 -573.4105 4611.9463 197 199 134
231.2139 -573.4105 4611.9463 184 188 123
292.8000 -496.0000 3989.3335 219 199 141
296.0000 -496.0000 3989.3335 204 179 126
331.9107 -492.3077 3959.6362 164 173 125
332.2018 -488.0689 3925.5435 153 164 115
334.1177 -486.2745 3911.1113 155 166 119
337.2549 -486.2745 3911.1113 173 184 133
340.3922 -486.2745 3911.1113 195 206 150
343.5294 -486.2745 3911.1113 195 205 149
411.1628 -576.7442 4638.7598 194 205 150
414.8838 -576.7442 4638.7598 196 205 149
418.6047 -576.7442 4638.7598 203 213 157
422.9404 -577.5837 4645.5122 205 218 164
426.0465 -576.7442 4638.7598 201 215 162
429.7675 -576.7442 4638.7598 199 214 165
433.4884 -576.7442 4638.7598 199 214 166
437.2093 -576.7442 4638.7598 197 209 160
442.2158 -578.4257 4652.2837 187 199 152
449.8824 -583.5294 4693.3335 188 200 155
459.0476 -590.4762 4749.2065 182 195 155
465.6288 -594.0120 4777.6450 186 199 158
469.4611 -594.0120 4777.6450 179 191 148
469.0801 -588.7241 4735.1138 181 193 144
470.0885 -585.2508 4707.1782 184 196 147
468.3382 -578.4257 4652.2837 181 194 146
470.6977 -576.7442 4638.7598 179 193 148
474.4186 -576.7442 4638.7598 182 198 154
478.1396 -576.7442 4638.7598 188 204 161
481.8605 -576.7442 4638.7598 168 181 139
485.5814 -576.7442 4638.7598 173 186 145
489.3024 -576.7442 4638.7598 169 181 140
492.3077 -575.9072 4632.0273 177 188 146
496.0233 -575.9072 4632.0273 183 194 154
499.7388 -575.9072 4632.0273 185 199 160
503.4543 -575.9072 4632.0273 185 198 160
507.1699 -575.9072 4632.0273 183 197 157
510.8854 -575.9072 4632.0273 186 201 163
514.6010 -575.9072 4632.0273 177 191 155
518.3165 -575.9072 4632.0273 182 195 160
521.2754 -575.0725 4625.3140 192 208 171
524.9855 -575.0725 4625.3140 204 224 186
528.6957 -575.0725 4625.3140 205 226 188
532.4058 -575.0725 4625.3140 208 227 193
536.1160 -575.0725 4625.3140 169 168 136
540.6096 -575.9072 4632.0273 161 135 106
544.3251 -575.9072 4632.0273 173 140 112
548.8372 -576.7442 4638.7598 179 144 115
552.5582 -576.7442 4638.7598 186 151 120
557.0889 -577.5837 4645.5122 199 162 130
560.8152 -577.5837 4645.5122 209 170 139
565.3644 -578.4257 4652.2837 181 143 113
569.0962 -578.4257 4652.2837 186 150 117
572.8280 -578.4257 4652.2837 182 145 113
576.5598 -578.4257 4652.2837 199 163 132
580.2916 -578.4257 4652.2837 197 163 135
586.5887 -580.9664 4672.7188 198 166 137
591.2023 -581.8182 4679.5698 200 167 138
594.9560 -581.8182 4679.5698 207 173 144
597.8331 -580.9664 4672.7188 200 167 141
601.5814 -580.9664 4672.7188 187 153 128
602.6823 -578.4257 4652.2837 197 168 144
606.4140 -578.4257 4652.2837 226 196 174
611.0366 -579.2701 4659.0757 235 205 185
619.2942 -583.5294 4693.3335 237 210 190
627.6741 -587.8519 4728.0991 239 211 194
639.0405 -594.9026 4784.8076 181 152 127
645.7831 -597.5904 4806.4258 164 136 88
658.5649 -605.8015 4872.4683 162 133 82
-168.4211 -553.1302 4420.3140 236 225 183
-164.8754 -553.1302 4420.3140 235 225 182
-161.1065 -552.3652 4414.2002 235 225 181
-157.5657 -552.3652 4414.2002 236 227 183
-154.4521 -553.8974 4426.4448 238 229 187
-151.1111 -554.6667 4432.5928 238 229 186
-147.7608 -555.4382 4438.7578 236 226 184
-144.0000 -554.6667 4432.5928 236 227 185
-140.4445 -554.6667 4432.5928 238 230 188
-136.8889 -554.6667 4432.5928 239 232 190
-133.3333 -554.6667 4432.5928 238 231 189
-129.7778 -554.6667 4432.5928 237 228 184
-126.2222 -554.6667 4432.5928 234 224 179
-122.6667 -554.6667 4432.5928 233 222 179
-119.1111 -554.6667 4432.5928 234 223 180
-115.3953 -553.8974 4426.4448 235 226 181
-111.8447 -553.8974 4426.4448 236 227 182
-108.2940 -553.8974 4426.4448 236 227 182
-104.8889 -554.6667 4432.5928 235 227 181
78.0000 -624.0001 4986.6670 229 137 122
81.4907 -620.1243 4955.6938 236 133 125
85.4658 -620.1243 4955.6938 233 127 121
98.4615 -579.6227 4632.0273 227 225 148
101.8813 -577.9451 4618.6206 229 226 147
105.1297 -575.4467 4598.6553 228 225 147
108.8185 -575.4467 4598.6553 221 220 144
111.8625 -572.1490 4572.3018 199 198 130
115.3648 -571.3305 4565.7607 193 194 126
118.5185 -568.8890 4546.2490 207 207 139
121.9915 -568.0797 4539.7822 210 210 142
125.4546 -567.2728 4533.3335 205 205 134
129.0909 -567.2728 4533.3335 219 218 145
133.1054 -568.8890 4546.2490 229 227 152
136.9472 -569.7004 4552.7344 229 227 152
140.8000 -570.5143 4559.2383 228 227 151
144.6638 -571.3305 4565.7607 229 227 149
148.9655 -573.7932 4585.4409 229 228 152
152.8633 -574.6187 4592.0386 230 228 153
156.9986 -576.2770 4605.2910 230 228 153
160.6926 -576.2770 4605.2910 228 228 153
164.3867 -576.2770 4605.2910 228 228 153
168.0808 -576.2770 4605.2910 228 227 151
171.7749 -576.2770 4605.2910 227 226 150
175.7226 -577.1099 4611.9463 226 226 150
179.6816 -577.9451 4618.6206 226 225 149
183.3864 -577.9451 4618.6206 226 225 150
187.3623 -578.7827 4625.3140 226 226 152
191.0725 -578.7827 4625.3140 226 226 152
195.0653 -579.6227 4632.0273 226 225 152
198.7809 -579.6227 4632.0273 225 225 152
202.4964 -579.6227 4632.0273 225 226 153
205.9130 -578.7827 4625.3140 224 226 151
209.3198 -577.9451 4618.6206 224 225 150
212.7168 -577.1099 4611.9463 219 220 149
216.1039 -576.2770 4605.2910 202 203 133
219.1655 -574.6187 4592.0386 201 202 134
222.8490 -574.6187 4592.0386 207 209 143
226.5324 -574.6187 4592.0386 206 208 143
230.2158 -574.6187 4592.0386 184 187 122
234.5743 -576.2770 4605.2910 192 195 135
350.5478 -624.9766 4994.4707 183 183 120
354.5540 -624.9766 4994.4707 190 190 126
358.0000 -624.0001 4986.6670 211 210 145
289.2385 -498.5768 3984.3530 216 215 149
292.4345 -498.5768 3984.3530 226 223 153
295.6305 -498.5768 3984.3530 204 201 134
298.8265 -498.5768 3984.3530 207 205 138
302.0225 -498.5768 3984.3530 224 222 148
304.8379 -497.9551 3979.3850 225 222 148
308.4145 -498.5768 3984.3530 228 225 148
312.0000 -499.2000 3989.3335 230 226 147
315.9900 -500.4511 3999.3318 229 226 148
319.1980 -500.4511 3999.3318 230 226 149
322.4060 -500.4511 3999.3318 226 224 150
324.8000 -499.2000 3989.3335 209 210 141
327.5905 -498.5768 3984.3530 195 196 130
328.7345 -495.4839 3959.6362 187 187 122
329.0529 -491.2177 3925.5435 177 180 115
330.9804 -489.4118 3911.1113 182 185 118
334.1177 -489.4118 3911.1113 197 197 126
337.2549 -489.4118 3911.1113 215 213 139
340.3922 -489.4118 3911.1113 222 222 150
343.5294 -489.4118 3911.1113 217 219 150
346.6667 -489.4118 3911.1113 221 221 151
349.8040 -489.4118 3911.1113 226 225 152
352.9412 -489.4118 3911.1113 226 224 149
356.0785 -489.4118 3911.1113 226 224 149
359.2157 -489.4118 3911.1113 213 212 142
362.7976 -490.0123 3915.9102 201 202 139
365.9387 -490.0123 3915.9102 196 199 135
436.5748 -579.6227 4632.0273 212 214 149
440.9303 -580.4651 4638.7598 203 205 141
455.2381 -594.2858 4749.2065 203 205 144
470.2440 -608.7805 4865.0410 183 185 128
470.1649 -598.7407 4784.8076 193 197 137
471.1774 -595.1714 4756.2842 213 215 147
391.5479 -490.6143 3920.7207 217 216 145
466.9768 -580.4651 4638.7598 212 213 145
470.6977 -580.4651 4638.7598 188 195 141
474.4186 -580.4651 4638.7598 180 195 150
477.4456 -579.6227 4632.0273 185 200 156
480.4638 -578.7827 4625.3140 172 185 142
484.8767 -579.6227 4632.0273 174 186 145
488.5922 -579.6227 4632.0273 172 184 144
492.3077 -579.6227 4632.0273 170 183 142
496.0233 -579.6227 4632.0273 182 194 154
499.7388 -579.6227 4632.0273 186 198 160
503.4543 -579.6227 4632.0273 185 200 161
507.1699 -579.6227 4632.0273 186 198 159
510.8854 -579.6227 4632.0273 192 207 167
514.6010 -579.6227 4632.0273 178 194 156
518.3165 -579.6227 4632.0273 175 189 151
521.2754 -578.7827 4625.3140 185 200 163
524.2258 -577.9451 4618.6206 205 223 185
527.9306 -577.9451 4618.6206 206 226 187
531.6354 -577.9451 4618.6206 208 228 192
536.1160 -578.7827 4625.3140 188 196 164
539.8261 -578.7827 4625.3140 155 135 104
543.5363 -578.7827 4625.3140 162 131 101
547.2464 -578.7827 4625.3140 175 141 112
552.5582 -580.4651 4638.7598 185 149 122
556.2791 -580.4651 4638.7598 193 156 129
560.0001 -580.4651 4638.7598 195 156 125
563.7209 -580.4651 4638.7598 181 145 114
567.4419 -580.4651 4638.7598 185 148 117
571.1628 -580.4651 4638.7598 186 150 119
575.7206 -581.3101 4645.5122 194 159 128
580.2916 -582.1574 4652.2837 201 166 138
584.8760 -583.0074 4659.0757 202 167 138
589.4738 -583.8597 4665.8872 202 168 140
593.2164 -583.8597 4665.8872 206 171 140
596.0876 -583.0074 4659.0757 201 167 139
598.9505 -582.1574 4652.2837 184 151 124
601.8051 -581.3101 4645.5122 196 166 141
605.5314 -581.3101 4645.5122 222 192 168
609.2577 -581.3101 4645.5122 235 204 183
614.7737 -583.0074 4659.0757 237 209 188
625.8198 -589.8966 4714.1309 240 213 195
634.2858 -594.2858 4749.2065 185 158 138
642.8785 -598.7407 4784.8076 155 125 80
649.6386 -601.4458 4806.4258 156 125 74
662.4733 -609.7100 4872.4683 157 126 74
-274.8666 -510.6989 4055.2310 243 208 178
-270.2402 -508.1163 4034.7241 242 208 177
-264.6617 -503.6591 3999.3318 243 207 176
-260.8000 -502.4001 3989.3335 237 201 171
-257.6000 -502.4001 3989.3335 223 190 159
-254.0824 -501.7728 3984.3530 216 186 156
-251.2000 -502.4001 3989.3335 233 199 172
-174.7862 -554.3724 4402.0229 235 224 179
-171.2552 -554.3724 4402.0229 234 224 180
-167.7242 -554.3724 4402.0229 234 223 180
-164.1931 -554.3724 4402.0229 235 223 181
-160.6621 -554.3724 4402.0229 236 225 183
-157.1310 -554.3724 4402.0229 237 226 184
-153.8122 -555.1381 4408.1030 236 227 185
-150.6925 -556.6760 4420.3140 236 225 183
-147.3509 -557.4480 4426.4448 238 225 183
-143.8003 -557.4480 4426.4448 236 226 184
-140.2497 -557.4480 4426.4448 236 226 184
-136.6990 -557.4480 4426.4448 235 226 184
-133.1484 -557.4480 4426.4448 236 227 185
-129.5978 -557.4480 4426.4448 236 225 182
-126.2222 -558.2223 4432.5928 233 222 178
-122.4965 -557.4480 4426.4448 232 222 180
-118.9459 -557.4480 4426.4448 234 225 182
-115.3953 -557.4480 4426.4448 235 226 183
-111.8447 -557.4480 4426.4448 234 225 182
-108.1441 -556.6760 4420.3140 237 228 185
-104.4537 -555.9060 4414.2002 236 227 184
-100.9129 -555.9060 4414.2002 237 228 185
-97.3721 -555.9060 4414.2002 234 225 182
-93.7017 -555.1381 4408.1030 233 224 181
-90.1657 -555.1381 4408.1030 235 226 183
-86.5103 -554.3724 4402.0229 236 227 184
-83.0939 -555.1381 4408.1030 236 227 184
78.0000 -628.0001 4986.6670 223 170 139
81.4907 -624.0994 4955.6938 229 140 122
85.4658 -624.0994 4955.6938 232 127 118
96.2832 -592.8024 4707.1782 226 222 148
98.1766 -581.6498 4618.6206 227 224 147
101.4409 -579.1355 4598.6553 229 226 148
104.6772 -576.6428 4578.8618 229 226 147
108.1948 -575.8167 4572.3018 226 225 145
111.3838 -573.3524 4552.7344 200 200 129
114.7084 -571.7213 4539.7822 192 191 126
118.1818 -570.9091 4533.3335 199 198 129
121.8182 -570.9091 4533.3335 212 210 142
125.4546 -570.9091 4533.3335 206 206 138
129.0909 -570.9091 4533.3335 208 208 136
132.7273 -570.9091 4533.3335 215 215 141
136.3636 -570.9091 4533.3335 227 225 151
140.1992 -571.7213 4539.7822 230 228 153
143.8407 -571.7213 4539.7822 230 227 152
147.6923 -572.5357 4546.2490 229 227 150
152.2063 -575.8167 4572.3018 230 228 151
156.5468 -578.3022 4592.0386 230 229 153
160.2302 -578.3022 4592.0386 229 229 154
164.1499 -579.1355 4598.6553 229 228 153
167.8386 -579.1355 4598.6553 229 227 150
171.5274 -579.1355 4598.6553 228 226 149
175.4690 -579.9711 4605.2910 227 225 148
179.4220 -580.8093 4611.9463 227 225 148
183.1214 -580.8093 4611.9463 226 225 149
187.0912 -581.6498 4618.6206 226 225 151
190.7960 -581.6498 4618.6206 226 225 152
194.5007 -581.6498 4618.6206 224 226 151
198.2055 -581.6498 4618.6206 225 226 151
201.6185 -580.8093 4611.9463 225 226 151
205.3179 -580.8093 4611.9463 226 225 152
208.7157 -579.9711 4605.2910 220 220 148
212.1038 -579.1355 4598.6553 203 205 132
215.1724 -577.4713 4585.4409 202 203 131
218.5366 -576.6428 4578.8618 204 205 135
221.2572 -574.1715 4559.2383 207 209 141
224.9143 -574.1715 4559.2383 212 214 147
228.5715 -574.1715 4559.2383 190 191 126
232.2286 -574.1715 4559.2383 186 189 127
273.0456 -495.5857 3935.2241 197 196 128
276.2022 -495.5857 3935.2241 183 183 119
279.7037 -496.1976 3940.0825 187 188 121
282.8642 -496.1976 3940.0825 212 213 147
287.4442 -498.6601 3959.6362 215 215 148
290.9814 -499.2795 3964.5549 225 225 152
294.5274 -499.9005 3969.4861 210 210 140
297.7115 -499.9005 3969.4861 211 210 142
300.1489 -498.6601 3959.6362 221 218 146
303.3251 -498.6601 3959.6362 224 222 144
306.5013 -498.6601 3959.6362 226 224 145
310.0621 -499.2795 3964.5549 229 225 146
314.0225 -500.5231 3974.4294 230 226 146
318.0025 -501.7728 3984.3530 226 224 149
321.1985 -501.7728 3984.3530 214 213 148
323.5866 -500.5231 3974.4294 205 206 147
325.5583 -498.6601 3959.6362 198 201 142
325.9041 -494.3666 3925.5435 199 201 142
328.2454 -493.1534 3915.9102 201 203 142
330.9804 -492.5491 3911.1113 203 205 142
334.1177 -492.5491 3911.1113 207 209 146
337.2549 -492.5491 3911.1113 196 197 138
340.3922 -492.5491 3911.1113 177 178 121
343.5294 -492.5491 3911.1113 212 215 148
346.6667 -492.5491 3911.1113 226 227 154
349.8040 -492.5491 3911.1113 230 228 153
352.9412 -492.5491 3911.1113 228 226 148
356.0785 -492.5491 3911.1113 229 226 149
359.2157 -492.5491 3911.1113 212 211 138
362.7976 -493.1534 3915.9102 205 206 138
365.9387 -493.1534 3915.9102 202 203 132
369.5332 -493.7592 3920.7207 217 216 143
373.5961 -494.9754 3930.3777 207 206 136
378.6139 -497.4258 3949.8352 208 208 143
470.2440 -612.6830 4865.0410 186 188 123
387.1605 -496.1976 3940.0825 195 195 133
388.4030 -493.7592 3920.7207 220 220 149
391.5479 -493.7592 3920.7207 225 222 147
394.6929 -493.7592 3920.7207 222 221 144
470.0145 -583.3383 4632.0273 193 200 141
473.0435 -582.4928 4625.3140 179 194 149
476.7537 -582.4928 4625.3140 189 204 160
480.4638 -582.4928 4625.3140 188 202 159
484.1740 -582.4928 4625.3140 174 187 145
487.8841 -582.4928 4625.3140 169 182 139
491.5942 -582.4928 4625.3140 169 183 139
496.0233 -583.3383 4632.0273 186 198 157
499.7388 -583.3383 4632.0273 185 197 160
503.4543 -583.3383 4632.0273 188 201 162
507.1699 -583.3383 4632.0273 186 199 159
510.8854 -583.3383 4632.0273 188 203 164
514.6010 -583.3383 4632.0273 180 195 158
517.5652 -582.4928 4625.3140 174 189 152
520.5210 -581.6498 4618.6206 183 196 162
524.2258 -581.6498 4618.6206 202 219 181
527.9306 -581.6498 4618.6206 206 226 188
530.8671 -580.8093 4611.9463 206 227 191
534.5665 -580.8093 4611.9463 203 217 184
539.0449 -581.6498 4618.6206 159 146 115
542.7497 -581.6498 4618.6206 171 140 110
546.4545 -581.6498 4618.6206 179 144 114
551.7562 -583.3383 4632.0273 184 148 119
555.4717 -583.3383 4632.0273 190 155 125
560.0001 -584.1861 4638.7598 210 173 140
563.7209 -584.1861 4638.7598 189 151 118
567.4419 -584.1861 4638.7598 185 149 114
571.1628 -584.1861 4638.7598 184 150 116
576.5598 -585.8892 4652.2837 192 156 122
581.1387 -586.7446 4659.0757 199 164 136
584.8760 -586.7446 4659.0757 203 168 139
588.6132 -586.7446 4659.0757 203 167 139
592.3504 -586.7446 4659.0757 206 170 138
594.3523 -585.0364 4645.5122 208 172 143
597.2094 -584.1861 4638.7598 190 157 129
600.9302 -584.1861 4638.7598 194 164 138
604.6512 -584.1861 4638.7598 216 186 160
609.2577 -585.0364 4645.5122 233 202 179
614.7737 -586.7446 4659.0757 236 207 186
625.8198 -593.6780 4714.1309 241 214 196
632.4036 -596.3205 4735.1138 193 167 149
640.0001 -599.8807 4763.3833 150 118 74
644.7833 -600.7773 4770.5034 153 118 66
649.5809 -601.6767 4777.6450 153 120 66
654.3928 -602.5787 4784.8076 153 120 67
658.2309 -602.5787 4784.8076 156 124 70
690.0001 -628.0001 4986.6670 155 124 69
-290.4615 -518.5641 4091.6240 238 209 173
-281.7610 -508.7799 4014.4236 240 210 173
-278.5409 -508.7799 4014.4236 242 214 174
-276.7130 -511.3528 4034.7241 241 215 174
-271.7588 -508.1407 4009.3804 241 216 175
-267.8697 -506.8672 3999.3318 241 216 176
-264.0000 -505.6000 3989.3335 241 217 174
-260.4744 -504.9688 3984.3530 232 208 164
-256.9576 -504.3392 3979.3850 220 198 151
-253.7656 -504.3392 3979.3850 207 184 143
-250.5736 -504.3392 3979.3850 216 193 160
-248.0000 -505.6000 3989.3335 206 182 152
-245.4135 -506.8672 3999.3318 202 180 148
-242.5094 -507.5031 4004.3499 189 170 132
-239.2974 -507.5031 4004.3499 193 176 136
-235.2000 -505.6000 3989.3335 213 199 155
-227.9452 -503.7112 3974.4294 240 222 174
-176.8536 -553.3243 4365.8916 229 213 175
-172.8786 -551.8145 4353.9790 225 212 176
-169.3861 -551.8145 4353.9790 228 216 178
-166.1202 -552.5684 4359.9272 232 219 180
-162.8454 -553.3243 4365.8916 235 220 181
-159.1257 -552.5684 4359.9272 236 222 182
-155.8413 -553.3243 4365.8916 236 222 184
-152.1311 -552.5684 4359.9272 234 222 182
-148.8372 -553.3243 4365.8916 236 224 182
-146.1348 -556.3687 4389.9131 238 224 182
-142.8099 -557.1350 4395.9595 237 226 184
-139.2838 -557.1350 4395.9595 238 227 185
-136.1326 -558.6740 4408.1030 237 227 185
-132.5967 -558.6740 4408.1030 235 225 184
-129.4183 -560.2216 4420.3140 235 225 185
-126.0472 -560.9987 4426.4448 234 223 182
-122.4965 -560.9987 4426.4448 234 224 182
-118.9459 -560.9987 4426.4448 236 226 183
-115.3953 -560.9987 4426.4448 235 225 183
-111.6898 -560.2216 4420.3140 236 226 184
-107.9945 -559.4468 4414.2002 235 226 184
-104.3094 -558.6740 4408.1030 234 225 182
-100.7735 -558.6740 4408.1030 235 225 182
-97.2376 -558.6740 4408.1030 235 225 182
-93.5724 -557.9034 4402.0229 234 225 179
-90.0414 -557.9034 4402.0229 233 225 180
-86.3912 -557.1350 4395.9595 234 225 182
-82.8650 -557.1350 4395.9595 234 225 182
-79.3388 -557.1350 4395.9595 233 225 182
-75.9172 -557.9034 4402.0229 233 224 181
-72.3862 -557.9034 4402.0229 231 222 179
-68.8552 -557.9034 4402.0229 231 222 179
-65.3241 -557.9034 4402.0229 231 222 179
-61.6231 -556.3687 4389.9131 230 222 178
-58.1018 -556.3687 4389.9131 233 224 180
-54.6557 -557.1350 4395.9595 234 225 182
-51.3416 -559.4468 4414.2002 234 225 183
-47.8670 -560.2216 4420.3140 234 225 183
82.0000 -632.0001 4986.6670 229 203 162
96.2832 -596.5782 4707.1782 227 223 147
97.8932 -583.6653 4605.2910 227 223 148
100.7153 -578.6553 4565.7607 228 228 152
104.0799 -577.0043 4552.7344 229 227 151
107.4253 -575.3628 4539.7822 228 226 149
111.0669 -575.3628 4539.7822 203 203 130
114.3830 -573.7306 4526.9033 192 194 125
118.0142 -573.7306 4526.9033 194 194 123
121.6454 -573.7306 4526.9033 214 213 143
125.2766 -573.7306 4526.9033 208 208 135
129.0909 -574.5455 4533.3335 211 210 136
132.7273 -574.5455 4533.3335 209 209 134
136.3636 -574.5455 4533.3335 209 209 136
140.0000 -574.5455 4533.3335 220 219 147
143.4326 -573.7306 4526.9033 227 227 153
147.0638 -573.7306 4526.9033 229 228 153
150.9091 -574.5455 4533.3335 229 228 153
154.5455 -574.5455 4533.3335 230 229 155
158.1818 -574.5455 4533.3335 229 229 155
162.0484 -575.3628 4539.7822 229 228 153
166.1626 -577.0043 4552.7344 228 227 151
169.8146 -577.0043 4552.7344 226 226 149
173.7143 -577.8286 4559.2383 227 226 149
177.3714 -577.8286 4559.2383 227 225 149
181.0286 -577.8286 4559.2383 225 225 149
184.6857 -577.8286 4559.2383 225 226 151
188.3429 -577.8286 4559.2383 225 225 152
191.7261 -577.0043 4552.7344 225 226 152
195.3780 -577.0043 4552.7344 225 226 151
199.0300 -577.0043 4552.7344 223 224 150
202.9714 -577.8286 4559.2383 213 214 144
206.6286 -577.8286 4559.2383 202 203 134
210.2857 -577.8286 4559.2383 203 204 132
213.6377 -577.0043 4552.7344 204 206 133
216.9801 -576.1824 4546.2490 204 205 135
220.6268 -576.1824 4546.2490 204 206 140
224.2735 -576.1824 4546.2490 212 214 148
227.9202 -576.1824 4546.2490 191 192 129
231.2376 -575.3628 4539.7822 186 188 126
235.2137 -576.1824 4546.2490 198 202 142
268.7205 -502.4597 3964.5549 230 226 147
269.8890 -498.7423 3935.2241 227 223 143
272.3739 -497.5154 3925.5435 198 194 123
275.1843 -496.9042 3920.7207 180 179 113
277.6471 -495.6863 3911.1113 188 188 121
281.1289 -496.2945 3915.9102 212 212 147
284.9693 -497.5154 3925.5435 212 211 145
288.1181 -497.5154 3925.5435 224 223 150
291.9852 -498.7423 3935.2241 220 220 147
295.1418 -498.7423 3935.2241 198 198 130
297.5646 -497.5154 3925.5435 211 210 143
300.7134 -497.5154 3925.5435 225 224 150
303.8623 -497.5154 3925.5435 226 223 146
307.3892 -498.1281 3930.3777 229 225 146
311.3087 -499.3581 3940.0825 229 225 146
314.4692 -499.3581 3940.0825 217 214 140
317.2380 -498.7423 3935.2241 172 170 104
320.0000 -498.1281 3930.3777 144 142 84
322.3587 -496.9042 3920.7207 137 133 79
325.1043 -496.2945 3915.9102 131 127 75
327.8432 -495.6863 3911.1113 129 126 77
330.9804 -495.6863 3911.1113 127 126 80
334.1177 -495.6863 3911.1113 127 128 84
337.2549 -495.6863 3911.1113 129 131 85
340.3922 -495.6863 3911.1113 150 153 100
343.5294 -495.6863 3911.1113 214 215 147
347.0920 -496.2945 3915.9102 231 230 156
350.2332 -496.2945 3915.9102 230 228 154
353.3743 -496.2945 3915.9102 229 227 149
356.5154 -496.2945 3915.9102 229 226 149
359.6565 -496.2945 3915.9102 213 211 139
362.7976 -496.2945 3915.9102 212 211 145
365.9387 -496.2945 3915.9102 206 206 137
369.5332 -496.9042 3920.7207 220 219 146
372.6781 -496.9042 3920.7207 209 207 135
377.2133 -498.7423 3935.2241 209 211 142
380.8395 -499.3581 3940.0825 182 184 121
384.0000 -499.3581 3940.0825 184 186 125
386.2069 -498.1281 3930.3777 192 194 131
388.4030 -496.9042 3920.7207 220 221 151
391.5479 -496.9042 3920.7207 225 224 149
394.6929 -496.9042 3920.7207 224 223 147
397.8378 -496.9042 3920.7207 198 203 142
472.3589 -585.3546 4618.6206 182 194 148
476.0637 -585.3546 4618.6206 184 198 154
479.7685 -585.3546 4618.6206 194 211 166
484.1740 -586.2029 4625.3140 190 205 162
487.8841 -586.2029 4625.3140 190 204 161
491.5942 -586.2029 4625.3140 193 207 163
495.3044 -586.2029 4625.3140 193 207 165
499.7388 -587.0538 4632.0273 181 195 156
503.4543 -587.0538 4632.0273 187 199 162
507.9070 -587.9070 4638.7598 184 196 159
510.8854 -587.0538 4632.0273 185 199 162
514.6010 -587.0538 4632.0273 190 205 167
517.5652 -586.2029 4625.3140 183 196 159
520.5210 -585.3546 4618.6206 180 194 158
523.4683 -584.5087 4611.9463 193 210 172
527.1677 -584.5087 4611.9463 205 225 187
530.1010 -583.6653 4605.2910 206 227 188
533.7951 -583.6653 4605.2910 209 225 190
537.4892 -583.6653 4605.2910 176 171 140
540.4035 -582.8243 4598.6553 174 145 114
544.0922 -582.8243 4598.6553 179 146 115
550.1592 -585.3546 4618.6206 182 147 116
555.4717 -587.0538 4632.0273 190 153 123
560.0001 -587.9070 4638.7598 213 176 142
563.7209 -587.9070 4638.7598 211 172 138
568.2679 -588.7628 4645.5122 195 156 121
572.8280 -589.6210 4652.2837 194 157 121
577.4015 -590.4818 4659.0757 204 166 131
581.9883 -591.3451 4665.8872 202 166 135
585.7311 -591.3451 4665.8872 201 168 138
588.6132 -590.4818 4659.0757 202 169 139
590.6260 -588.7628 4645.5122 205 171 140
593.4884 -587.9070 4638.7598 210 174 145
597.2094 -587.9070 4638.7598 189 154 128
600.9302 -587.9070 4638.7598 192 161 135
604.6512 -587.9070 4638.7598 210 179 153
611.0366 -590.4818 4659.0757 233 201 177
616.5740 -592.2109 4672.7188 236 206 186
627.6741 -599.2297 4728.0991 240 214 195
632.4036 -600.1187 4735.1138 206 181 163
639.0463 -602.8018 4756.2842 154 123 81
643.8209 -603.7015 4763.3833 155 122 70
648.6099 -604.6039 4770.5034 155 125 73
653.4133 -605.5090 4777.6450 164 134 83
658.2309 -606.4168 4784.8076 167 138 88
690.0001 -632.0001 4986.6670 170 141 92
-296.3705 -509.4368 3994.3264 222 216 156
-292.4345 -508.1648 3984.3530 231 226 164
-288.5181 -506.8992 3974.4294 235 231 165
-284.9751 -506.2687 3969.4861 239 236 169
-282.4938 -507.5312 3979.3850 219 213 149
-280.0000 -508.8000 3989.3335 230 226 163
-276.8000 -508.8000 3989.3335 242 237 170
-274.2857 -510.0752 3999.3318 243 238 166
-271.0777 -510.0752 3999.3318 241 238 165
-267.2000 -508.8000 3989.3335 241 238 166
-263.6704 -508.1648 3984.3530 241 237 164
-260.1496 -507.5312 3979.3850 240 237 165
-256.9576 -507.5312 3979.3850 239 236 164
-253.1344 -506.2687 3969.4861 232 228 155
-249.9503 -506.2687 3969.4861 224 221 149
-247.0735 -506.8992 3974.4294 219 216 144
-244.4944 -508.1648 3984.3530 219 215 142
-241.6000 -508.8000 3989.3335 224 220 149
-238.4000 -508.8000 3989.3335 232 229 159
-235.2000 -508.8000 3989.3335 233 231 162
-231.7104 -508.1648 3984.3530 234 231 163
-228.5144 -508.1648 3984.3530 240 236 164
-225.3184 -508.1648 3984.3530 239 237 163
-180.3557 -556.8263 4365.8916 237 206 173
-176.3711 -555.3070 4353.9790 212 183 151
-172.6431 -554.5504 4348.0474 200 171 141
-168.9252 -553.7960 4342.1318 207 178 149
-165.4422 -553.7960 4342.1318 228 197 169
-162.1798 -554.5504 4348.0474 230 199 168
-158.4762 -553.7960 4342.1318 237 207 177
-155.2044 -554.5504 4348.0474 218 190 158
-151.7166 -554.5504 4348.0474 226 197 167
-148.2289 -554.5504 4348.0474 239 209 179
-145.1366 -556.0656 4359.9272 240 210 178
-142.0274 -557.5891 4371.8721 240 210 178
-139.0922 -559.8900 4389.9131 240 211 179
-135.7576 -560.6612 4395.9595 239 211 177
-132.4138 -561.4344 4402.0229 205 180 152
-129.0608 -562.2100 4408.1030 187 163 140
-125.5249 -562.2100 4408.1030 220 197 169
-122.3269 -563.7673 4420.3140 221 197 167
-118.7812 -563.7673 4420.3140 194 172 144
-115.2355 -563.7673 4420.3140 186 168 141
-111.5353 -562.9875 4414.2002 190 173 143
-107.8453 -562.2100 4408.1030 194 176 146
-104.1655 -561.4344 4402.0229 209 192 162
-100.6345 -561.4344 4402.0229 230 212 178
-96.9697 -560.6612 4395.9595 234 216 179
-93.4435 -560.6612 4395.9595 233 214 176
-89.9174 -560.6612 4395.9595 235 217 179
-86.3912 -560.6612 4395.9595 234 218 179
-82.2982 -556.8263 4365.8916 231 215 177
-78.9041 -557.5891 4371.8721 230 217 180
-75.3973 -557.5891 4371.8721 233 219 180
-71.8904 -557.5891 4371.8721 231 219 181
-68.3836 -557.5891 4371.8721 229 218 178
-64.8767 -557.5891 4371.8721 229 218 179
-61.2859 -556.8263 4365.8916 228 218 179
-57.7049 -556.0656 4359.9272 231 221 182
-54.2077 -556.0656 4359.9272 234 224 182
-50.7798 -556.8263 4365.8916 235 223 182
-47.6690 -561.4344 4402.0229 235 224 184
77.7570 -634.0187 4971.1318 239 212 176
81.3643 -631.0698 4948.0103 233 221 180
85.3333 -631.0698 4948.0103 229 219 174
87.8049 -620.4879 4865.0410 229 220 173
89.3908 -604.8143 4742.1499 226 220 167
92.5074 -600.3540 4707.1782 227 223 153
94.1991 -587.3593 4605.2910 227 223 148
96.9143 -581.4857 4559.2383 226 223 148
100.0000 -578.1818 4533.3335 229 227 154
103.6364 -578.1818 4533.3335 229 227 153
107.1206 -577.3618 4526.9033 229 226 151
110.4385 -575.7285 4514.0972 213 211 138
114.0594 -575.7285 4514.0972 199 200 130
117.6803 -575.7285 4514.0972 193 193 121
121.4731 -576.5439 4520.4912 215 213 143
125.0992 -576.5439 4520.4912 208 208 136
128.9078 -577.3618 4526.9033 204 204 133
132.3513 -576.5439 4520.4912 209 207 135
136.1702 -577.3618 4526.9033 210 210 138
139.6034 -576.5439 4520.4912 208 208 136
143.2295 -576.5439 4520.4912 210 210 139
146.8555 -576.5439 4520.4912 213 214 144
150.6951 -577.3618 4526.9033 219 219 149
154.3262 -577.3618 4526.9033 224 225 154
158.1818 -578.1818 4533.3335 226 227 155
161.8182 -578.1818 4533.3335 228 227 154
165.4546 -578.1818 4533.3335 228 226 153
169.3315 -579.0043 4539.7822 226 227 152
173.4665 -580.6562 4552.7344 225 226 151
176.8661 -579.8291 4546.2490 225 226 152
180.5128 -579.8291 4546.2490 224 225 151
184.1596 -579.8291 4546.2490 223 223 151
187.8063 -579.8291 4546.2490 220 221 152
191.4530 -579.8291 4546.2490 213 215 146
194.8222 -579.0043 4539.7822 207 208 140
198.4637 -579.0043 4539.7822 201 202 137
202.6819 -580.6562 4552.7344 203 204 135
206.3338 -580.6562 4552.7344 206 206 136
209.6866 -579.8291 4546.2490 205 206 135
213.0299 -579.0043 4539.7822 206 207 137
216.6714 -579.0043 4539.7822 204 206 137
220.3130 -579.0043 4539.7822 202 204 138
223.9545 -579.0043 4539.7822 210 212 146
227.5960 -579.0043 4539.7822 199 201 137
231.2376 -579.0043 4539.7822 186 190 128
234.5455 -578.1818 4533.3335 194 198 140
238.1818 -578.1818 4533.3335 221 223 159
262.6866 -506.2687 3969.4861 226 220 172
265.8707 -506.2687 3969.4861 231 229 163
268.3871 -505.0125 3959.6362 227 224 146
269.2251 -500.6643 3925.5435 229 223 141
272.0393 -500.0491 3920.7207 198 193 122
274.5098 -498.8235 3911.1113 180 181 116
277.6471 -498.8235 3911.1113 183 185 118
280.7843 -498.8235 3911.1113 211 213 146
283.9216 -498.8235 3911.1113 204 202 135
287.4111 -499.4356 3915.9102 216 214 142
290.9091 -500.0491 3920.7207 224 222 150
294.0540 -500.0491 3920.7207 217 214 143
296.8344 -499.4356 3915.9102 208 206 131
299.9755 -499.4356 3915.9102 226 224 147
303.1166 -499.4356 3915.9102 229 226 148
307.0111 -500.6643 3925.5435 230 225 145
310.5419 -501.2808 3930.3777 228 225 144
313.6946 -501.2808 3930.3777 230 227 149
316.4576 -500.6643 3925.5435 204 203 132
319.2138 -500.0491 3920.7207 179 179 114
321.9632 -499.4356 3915.9102 199 198 130
324.7059 -498.8235 3911.1113 194 193 121
327.8432 -498.8235 3911.1113 186 186 113
330.9804 -498.8235 3911.1113 181 182 109
334.1177 -498.8235 3911.1113 177 177 106
337.2549 -498.8235 3911.1113 170 171 102
340.3922 -498.8235 3911.1113 166 166 98
343.5294 -498.8235 3911.1113 214 212 140
347.0920 -499.4356 3915.9102 231 229 154
350.2332 -499.4356 3915.9102 231 229 154
353.3743 -499.4356 3915.9102 231 228 154
356.9533 -500.0491 3920.7207 228 225 151
359.6565 -499.4356 3915.9102 209 208 136
362.7976 -499.4356 3915.9102 208 208 140
365.9387 -499.4356 3915.9102 210 211 139
369.0798 -499.4356 3915.9102 222 221 148
372.6781 -500.0491 3920.7207 211 210 141
376.7488 -501.2808 3930.3777 211 212 146
380.3699 -501.8989 3935.2241 190 191 127
383.0542 -501.2808 3930.3777 182 182 121
385.2580 -500.0491 3920.7207 191 193 130
387.9264 -499.4356 3915.9102 219 221 150
391.0675 -499.4356 3915.9102 226 225 152
393.7255 -498.8235 3911.1113 225 224 149
396.8628 -498.8235 3911.1113 203 208 144
471.6763 -588.2081 4611.9463 183 194 149
476.0637 -589.0594 4618.6206 180 193 149
479.7685 -589.0594 4618.6206 193 209 164
483.4733 -589.0594 4618.6206 192 208 164
487.8841 -589.9131 4625.3140 192 207 164
491.5942 -589.9131 4625.3140 192 207 165
495.3044 -589.9131 4625.3140 191 206 166
499.7388 -590.7693 4632.0273 180 194 156
503.4543 -590.7693 4632.0273 185 197 161
507.1699 -590.7693 4632.0273 187 199 162
510.8854 -590.7693 4632.0273 187 200 161
513.8551 -589.9131 4625.3140 194 209 170
516.8162 -589.0594 4618.6206 179 193 157
519.7688 -588.2081 4611.9463 176 190 155
523.4683 -588.2081 4611.9463 186 201 164
527.1677 -588.2081 4611.9463 206 224 186
530.1010 -587.3593 4605.2910 205 226 187
533.7951 -587.3593 4605.2910 207 226 190
537.4892 -587.3593 4605.2910 194 201 169
540.4035 -586.5130 4598.6553 175 152 119
544.0922 -586.5130 4598.6553 182 147 116
551.7562 -590.7693 4632.0273 181 145 115
555.4717 -590.7693 4632.0273 180 144 117
560.0001 -591.6279 4638.7598 212 173 138
565.3644 -593.3528 4652.2837 218 177 144
569.0962 -593.3528 4652.2837 218 177 142
573.6643 -594.2191 4659.0757 221 180 146
577.4015 -594.2191 4659.0757 220 183 150
581.9883 -595.0878 4665.8872 202 167 139
585.7311 -595.0878 4665.8872 197 164 138
586.0466 -591.6279 4638.7598 197 165 137
589.7675 -591.6279 4638.7598 203 170 138
592.6271 -590.7693 4632.0273 212 178 146
597.2094 -591.6279 4638.7598 182 151 124
600.9302 -591.6279 4638.7598 187 156 130
605.5314 -592.4891 4645.5122 205 174 147
612.8258 -595.9590 4672.7188 228 196 171
622.9586 -602.1302 4721.1045 229 197 177
628.6053 -603.9169 4735.1138 228 199 182
633.3433 -604.8143 4742.1499 221 191 174
639.0463 -606.6170 4756.2842 207 176 149
643.8209 -607.5224 4763.3833 195 166 138
648.6099 -608.4305 4770.5034 200 173 143
654.3928 -610.2549 4784.8076 217 189 162
591.4136 -532.7749 4177.3125 220 191 169
593.9870 -532.0785 4171.8521 211 182 157
598.1152 -532.7749 4177.3125 156 127 85
602.2543 -533.4731 4182.7871 153 121 68
-299.5745 -512.6409 3994.3264 209 205 139
-295.6305 -511.3608 3984.3530 223 221 154
-291.7061 -510.0872 3974.4294 229 228 159
-288.1592 -509.4528 3969.4861 235 234 161
-284.9751 -509.4528 3969.4861 240 238 165
-282.1420 -510.0872 3974.4294 222 222 150
-279.3018 -510.7232 3979.3850 225 225 158
-276.1097 -510.7232 3979.3850 241 239 169
-273.2585 -511.3608 3984.3530 242 240 166
-270.0624 -511.3608 3984.3530 241 239 165
-266.8664 -511.3608 3984.3530 241 239 164
-263.3416 -510.7232 3979.3850 241 238 163
-260.1496 -510.7232 3979.3850 226 224 154
-256.3184 -509.4528 3969.4861 215 213 152
-253.1344 -509.4528 3969.4861 211 210 151
-249.9503 -509.4528 3969.4861 210 209 150
-246.7662 -509.4528 3969.4861 208 207 148
-243.8854 -510.0872 3974.4294 207 204 144
-241.2984 -511.3608 3984.3530 207 203 144
-238.1024 -511.3608 3984.3530 206 203 146
-234.9064 -511.3608 3984.3530 190 189 131
-231.7104 -511.3608 3984.3530 202 201 141
-227.9452 -510.0872 3974.4294 237 236 166
-224.7572 -510.0872 3974.4294 239 237 162
-221.5691 -510.0872 3974.4294 238 236 162
-218.3811 -510.0872 3974.4294 239 237 163
-215.1931 -510.0872 3974.4294 237 235 162
-212.0050 -510.0872 3974.4294 224 222 151
-208.8170 -510.0872 3974.4294 221 221 152
-205.6289 -510.0872 3974.4294 231 230 162
-202.4409 -510.0872 3974.4294 230 228 158
-199.0050 -509.4528 3969.4861 223 222 149
-194.3704 -505.6790 3940.0825 213 214 143
-191.2099 -505.6790 3940.0825 199 200 135
-187.5862 -504.4335 3930.3777 209 211 152
-184.4335 -504.4335 3930.3777 228 228 164
-181.7284 -505.6790 3940.0825 238 236 166
-186.1496 -567.3130 4420.3140 236 204 172
-180.3557 -560.3283 4365.8916 237 202 169
-176.1308 -558.0381 4348.0474 210 177 143
-172.1739 -556.5218 4336.2319 195 165 134
-168.6957 -556.5218 4336.2319 202 170 141
-165.2174 -556.5218 4336.2319 228 195 165
-161.9592 -557.2790 4342.1318 231 196 168
-158.4762 -557.2790 4342.1318 239 207 178
-154.9932 -557.2790 4342.1318 224 192 162
-151.5102 -557.2790 4342.1318 220 185 158
-148.0272 -557.2790 4342.1318 242 206 178
-144.7411 -558.0381 4348.0474 243 207 176
-141.4461 -558.7994 4353.9790 243 207 176
-138.3311 -560.3283 4365.8916 243 207 177
-135.3846 -562.6374 4383.8828 242 206 177
-131.8681 -562.6374 4383.8828 196 164 135
-128.7052 -564.1873 4395.9595 148 121 94
-125.3517 -564.9655 4402.0229 198 170 147
-121.8207 -564.9655 4402.0229 182 152 130
-118.2897 -564.9655 4402.0229 169 139 109
-114.6006 -564.1873 4395.9595 210 180 145
-111.0744 -564.1873 4395.9595 218 186 150
-107.5482 -564.1873 4395.9595 205 175 140
-103.8790 -563.4114 4389.9131 173 145 116
-100.3576 -563.4114 4389.9131 193 164 139
-96.9697 -564.1873 4395.9595 237 205 178
-93.4435 -564.1873 4395.9595 240 206 175
-89.3023 -560.3283 4365.8916 239 204 174
-85.8003 -560.3283 4365.8916 239 206 175
-82.0737 -558.7994 4353.9790 231 198 169
-78.5812 -558.7994 4353.9790 224 194 166
-75.0887 -558.7994 4353.9790 223 192 163
-71.4986 -558.0381 4348.0474 229 199 170
-68.0109 -558.0381 4348.0474 219 188 158
-64.5232 -558.0381 4348.0474 212 185 156
-61.0354 -558.0381 4348.0474 199 173 144
-57.5477 -558.0381 4348.0474 206 181 154
-53.9864 -557.2790 4342.1318 229 202 173
-50.5034 -557.2790 4342.1318 237 208 176
-47.2777 -560.3283 4365.8916 236 209 176
52.6027 -510.0872 3974.4294 235 170 138
55.6522 -508.8199 3964.5549 241 184 147
58.8323 -508.8199 3964.5549 235 180 142
62.1669 -510.0872 3974.4294 232 186 145
65.5181 -511.3608 3984.3530 227 200 156
68.8000 -512.0001 3989.3335 223 212 163
72.0000 -512.0001 3989.3335 224 216 164
75.2000 -512.0001 3989.3335 225 221 163
78.4000 -512.0001 3989.3335 220 220 152
81.6000 -512.0001 3989.3335 217 217 148
84.9061 -512.6409 3994.3264 205 205 135
88.2206 -513.2832 3999.3318 211 212 146
103.1966 -579.3494 4514.0972 221 221 151
106.8175 -579.3494 4514.0972 230 228 155
110.2825 -578.5311 4507.7212 228 226 151
112.9412 -573.6695 4469.8413 222 222 148
117.0183 -576.0901 4488.7017 198 198 125
120.6189 -576.0901 4488.7017 209 207 137
124.3944 -576.9014 4495.0234 209 207 137
128.0000 -576.9014 4495.0234 200 200 130
131.6056 -576.9014 4495.0234 205 204 135
135.2113 -576.9014 4495.0234 205 207 141
138.8169 -576.9014 4495.0234 208 209 141
142.2222 -576.0901 4488.7017 208 212 143
145.6180 -575.2809 4482.3970 209 211 142
149.2135 -575.2809 4482.3970 205 206 138
153.0239 -576.0901 4488.7017 206 207 139
156.6245 -576.0901 4488.7017 205 207 140
160.4507 -576.9014 4495.0234 205 209 145
165.4546 -581.8182 4533.3335 206 210 145
169.0909 -581.8182 4533.3335 205 210 141
172.7273 -581.8182 4533.3335 206 210 138
176.3636 -581.8182 4533.3335 207 209 139
180.0000 -581.8182 4533.3335 204 208 142
183.6364 -581.8182 4533.3335 203 207 141
187.2727 -581.8182 4533.3335 201 203 137
190.9091 -581.8182 4533.3335 195 198 132
194.5455 -581.8182 4533.3335 201 204 135
198.1818 -581.8182 4533.3335 203 205 135
202.1053 -582.6458 4539.7822 203 206 137
205.7468 -582.6458 4539.7822 202 206 139
209.0909 -581.8182 4533.3335 202 206 140
212.7273 -581.8182 4533.3335 200 204 139
216.3636 -581.8182 4533.3335 202 204 138
220.0000 -581.8182 4533.3335 200 202 136
223.6364 -581.8182 4533.3335 208 210 146
227.2727 -581.8182 4533.3335 207 209 145
230.9091 -581.8182 4533.3335 186 189 125
234.5455 -581.8182 4533.3335 192 196 137
237.8440 -580.9929 4526.9033 213 216 154
241.8182 -581.8182 4533.3335 227 228 162
259.8257 -510.0872 3974.4294 223 154 142
262.0348 -508.1886 3959.6362 225 182 147
265.8707 -509.4528 3969.4861 235 228 161
268.7205 -508.8199 3964.5549 227 225 147
269.5566 -504.4335 3930.3777 229 224 142
272.3739 -503.8131 3925.5435 200 197 126
274.5098 -501.9608 3911.1113 179 178 114
277.6471 -501.9608 3911.1113 187 186 119
280.7843 -501.9608 3911.1113 213 212 148
283.9216 -501.9608 3911.1113 205 204 139
287.0588 -501.9608 3911.1113 201 201 133
290.1961 -501.9608 3911.1113 223 222 150
293.3333 -501.9608 3911.1113 228 225 152
296.4706 -501.9608 3911.1113 230 228 152
299.6078 -501.9608 3911.1113 229 227 149
302.7451 -501.9608 3911.1113 231 227 148
306.2577 -502.5767 3915.9102 230 226 147
309.7789 -503.1941 3920.7207 230 226 146
313.3087 -503.8131 3925.5435 231 228 149
316.0688 -503.1941 3920.7207 229 227 151
318.8221 -502.5767 3915.9102 225 223 147
321.5687 -501.9608 3911.1113 231 229 153
324.7059 -501.9608 3911.1113 228 225 147
327.8432 -501.9608 3911.1113 226 224 144
330.9804 -501.9608 3911.1113 227 226 145
334.1177 -501.9608 3911.1113 228 226 147
337.2549 -501.9608 3911.1113 226 223 146
340.3922 -501.9608 3911.1113 208 207 129
343.5294 -501.9608 3911.1113 224 222 142
347.0920 -502.5767 3915.9102 231 228 151
350.2332 -502.5767 3915.9102 231 228 150
353.8084 -503.1941 3920.7207 232 229 155
356.9533 -503.1941 3920.7207 226 224 149
360.0983 -503.1941 3920.7207 213 212 141
362.7976 -502.5767 3915.9102 203 203 133
365.9387 -502.5767 3915.9102 220 220 147
369.0798 -502.5767 3915.9102 216 215 145
372.2209 -502.5767 3915.9102 206 208 141
375.8231 -503.1941 3920.7207 211 212 149
379.4342 -503.8131 3925.5435 187 187 126
381.6442 -502.5767 3915.9102 183 184 125
384.7853 -502.5767 3915.9102 190 193 131
387.4510 -501.9608 3911.1113 219 220 150
390.5883 -501.9608 3911.1113 226 225 153
393.7255 -501.9608 3911.1113 224 222 147
396.8628 -501.9608 3911.1113 205 208 141
400.0000 -501.9608 3911.1113 184 195 149
475.3758 -591.9075 4611.9463 177 190 146
479.0752 -591.9075 4611.9463 184 198 155
482.0779 -591.0534 4605.2910 183 196 155
485.7720 -591.0534 4605.2910 180 193 152
491.5942 -593.6232 4625.3140 180 193 154
495.3044 -593.6232 4625.3140 180 193 155
500.4651 -595.3489 4638.7598 182 195 158
504.1861 -595.3489 4638.7598 186 200 162
522.7129 -591.0534 4605.2910 183 196 162
527.9306 -592.7642 4618.6206 202 218 181
571.5959 -599.7072 4672.7188 218 183 149
575.3441 -599.7072 4672.7188 215 180 150
523.8676 -542.5166 4227.1084 198 164 136
527.2584 -542.5166 4227.1084 178 145 119
531.3528 -543.2361 4232.7144 173 142 114
534.7480 -543.2361 4232.7144 187 157 126
538.1432 -543.2361 4232.7144 213 181 151
541.5385 -543.2361 4232.7144 225 191 164
544.9337 -543.2361 4232.7144 221 188 162
600.0581 -594.4848 4632.0273 223 189 162
604.6512 -595.3489 4638.7598 226 191 166
609.2577 -596.2155 4645.5122 229 193 169
617.4780 -600.5865 4679.5698 228 193 171
628.6053 -607.7151 4735.1138 226 192 170
632.4036 -607.7151 4735.1138 224 191 169
637.1472 -608.6182 4742.1499 215 181 161
642.8614 -610.4323 4756.2842 199 169 150
647.6418 -611.3433 4763.3833 212 182 157
652.4365 -612.2571 4770.5034 224 191 168
583.1854 -534.7259 4166.4058 179 152 132
586.5275 -534.7259 4166.4058 190 162 141
589.8695 -534.7259 4166.4058 213 184 163
593.2115 -534.7259 4166.4058 227 197 176
596.5536 -534.7259 4166.4058 171 141 109
600.6798 -535.4249 4171.8521 153 120 68
605.6094 -536.8283 4182.7871 152 121 63
-299.2000 -515.2000 3989.3335 211 210 142
-295.6305 -514.5568 3984.3530 227 226 159
-291.7061 -513.2753 3974.4294 228 227 159
-288.1592 -512.6368 3969.4861 233 233 164
-284.6211 -512.0001 3964.5549 240 239 167
-281.7911 -512.6368 3969.4861 228 227 155
-278.9539 -513.2753 3974.4294 217 216 148
-276.1097 -513.9153 3979.3850 238 238 169
-272.9177 -513.9153 3979.3850 241 239 167
-269.7257 -513.9153 3979.3850 242 240 166
-266.2018 -513.2753 3974.4294 242 239 165
-262.6866 -512.6368 3969.4861 241 239 163
-259.1801 -512.0001 3964.5549 216 213 138
-256.0000 -512.0001 3964.5549 175 173 104
-252.1933 -510.7311 3954.7295 166 164 99
-249.0211 -510.7311 3954.7295 166 164 97
-246.1539 -511.3648 3959.6362 167 163 98
-243.2795 -512.0001 3964.5549 167 163 97
-240.3980 -512.6368 3969.4861 166 162 96
-237.2140 -512.6368 3969.4861 165 162 98
-234.0299 -512.6368 3969.4861 167 165 103
-230.8458 -512.6368 3969.4861 198 196 133
-227.6617 -512.6368 3969.4861 238 236 167
-224.1988 -512.0001 3964.5549 238 236 163
-220.7444 -511.3648 3959.6362 238 236 162
-217.8385 -512.0001 3964.5549 239 237 163
-214.6584 -512.0001 3964.5549 231 229 159
-211.4783 -512.0001 3964.5549 228 227 159
-208.5572 -512.6368 3969.4861 222 220 151
-205.3732 -512.6368 3969.4861 237 234 164
-200.6914 -508.8396 3940.0825 231 229 157
-197.5309 -508.8396 3940.0825 224 222 149
-194.1307 -508.2121 3935.2241 215 213 143
-190.5043 -506.9619 3925.5435 203 203 135
-187.3555 -506.9619 3925.5435 208 210 147
-184.2067 -506.9619 3925.5435 230 230 163
-181.0578 -506.9619 3925.5435 239 237 167
-178.1281 -507.5862 3930.3777 239 237 165
-194.2695 -584.6241 4526.9033 235 212 176
-186.1496 -570.8588 4420.3140 240 202 176
-179.8636 -562.2920 4353.9790 238 201 170
-175.6522 -560.0000 4336.2319 215 181 147
-172.1739 -560.0000 4336.2319 195 165 133
-168.6957 -560.0000 4336.2319 197 167 135
-165.2174 -560.0000 4336.2319 226 193 163
-161.7391 -560.0000 4336.2319 229 194 164
-158.2609 -560.0000 4336.2319 241 206 175
-154.7826 -560.0000 4336.2319 230 194 161
-151.3044 -560.0000 4336.2319 222 186 156
-147.8261 -560.0000 4336.2319 238 202 173
-144.3478 -560.0000 4336.2319 244 207 177
-141.0612 -560.7620 4342.1318 244 207 175
-137.5782 -560.7620 4342.1318 244 206 174
-134.4611 -562.2920 4353.9790 244 206 175
-130.9686 -562.2920 4353.9790 211 176 143
-127.8249 -563.8304 4365.8916 161 130 96
-124.3229 -563.8304 4365.8916 163 134 103
-120.8208 -563.8304 4365.8916 163 134 105
-117.3188 -563.8304 4365.8916 181 151 124
-113.6612 -563.0602 4359.9272 232 199 172
-110.1639 -563.0602 4359.9272 216 182 155
-106.6667 -563.0602 4359.9272 174 142 117
-103.1694 -563.0602 4359.9272 166 138 111
-99.9452 -564.6027 4371.8721 187 159 129
-96.4384 -564.6027 4371.8721 237 205 175
-92.9315 -564.6027 4371.8721 241 207 178
-89.3023 -563.8304 4365.8916 241 205 176
-85.5662 -562.2920 4353.9790 239 205 175
-81.8503 -560.7620 4342.1318 231 198 168
-78.3674 -560.7620 4342.1318 217 185 158
-74.8844 -560.7620 4342.1318 214 181 152
-71.4986 -561.5259 4348.0474 229 197 168
-68.0109 -561.5259 4348.0474 218 184 154
-64.5232 -561.5259 4348.0474 216 184 156
-60.9524 -560.7620 4342.1318 193 161 132
-57.4694 -560.7620 4342.1318 206 176 149
-53.9130 -560.0000 4336.2319 224 194 166
-50.3663 -559.2402 4330.3481 240 207 179
-47.0204 -560.7620 4342.1318 242 210 181
-17.6000 -515.2000 3989.3335 225 219 171
-14.4000 -515.2000 3989.3335 231 225 176
-11.2000 -515.2000 3989.3335 231 226 175
-7.9900 -514.5568 3984.3530 234 228 177
-4.7940 -514.5568 3984.3530 226 217 167
-1.5980 -514.5568 3984.3530 226 215 164
1.6000 -515.2000 3989.3335 233 216 162
4.8000 -515.2000 3989.3335 236 210 156
8.0100 -515.8448 3994.3264 238 212 156
11.2281 -516.4913 3999.3318 237 211 153
14.4361 -516.4913 3999.3318 237 213 155
17.6884 -517.7890 4009.3804 237 215 156
20.9045 -517.7890 4009.3804 227 204 146
24.1206 -517.7890 4009.3804 207 183 128
27.4055 -519.0932 4019.4795 193 171 120
30.6684 -519.7479 4024.5483 184 164 111
33.8966 -519.7479 4024.5483 181 162 108
37.0781 -519.0932 4019.4795 187 172 116
40.2010 -517.7890 4009.3804 200 186 127
43.3083 -516.4913 3999.3318 219 209 145
46.4000 -515.2000 3989.3335 233 226 162
49.4147 -513.2753 3974.4294 234 230 163
52.5373 -512.6368 3969.4861 235 230 162
55.6522 -512.0001 3964.5549 235 230 161
58.8323 -512.0001 3964.5549 235 230 159
62.0896 -512.6368 3969.4861 233 231 162
65.5181 -514.5568 3984.3530 221 220 154
68.8000 -515.2000 3989.3335 214 214 148
72.0000 -515.2000 3989.3335 214 213 147
75.2000 -515.2000 3989.3335 225 226 160
78.4000 -515.2000 3989.3335 215 216 150
81.6000 -515.2000 3989.3335 217 217 154
84.8000 -515.2000 3989.3335 200 200 138
88.0000 -515.2000 3989.3335 201 202 143
91.2000 -515.2000 3989.3335 215 215 152
104.1655 -568.4966 4402.0229 232 231 161
108.4445 -572.4445 4432.5928 233 231 161
112.0000 -572.4445 4432.5928 231 230 161
115.7163 -573.2407 4438.7578 197 197 128
119.6095 -574.8396 4451.1392 200 200 129
123.6975 -577.2549 4469.8413 209 209 136
127.2829 -577.2549 4469.8413 204 204 130
130.8683 -577.2549 4469.8413 207 205 131
134.2657 -576.4476 4463.5898 203 202 129
137.8462 -576.4476 4463.5898 210 210 137
141.2291 -575.6425 4457.3560 216 216 143
144.8045 -575.6425 4457.3560 218 218 144
148.3799 -575.6425 4457.3560 215 218 141
152.1678 -576.4476 4463.5898 216 219 145
155.7483 -576.4476 4463.5898 207 208 139
159.7756 -578.0645 4476.1104 205 206 135
164.0563 -580.5070 4495.0234 208 209 137
168.6119 -583.7961 4520.4912 207 207 134
172.7273 -585.4546 4533.3335 205 205 133
176.1135 -584.6241 4526.9033 203 203 132
179.7447 -584.6241 4526.9033 204 204 133
183.3759 -584.6241 4526.9033 203 204 132
187.0071 -584.6241 4526.9033 203 203 132
190.6383 -584.6241 4526.9033 200 202 132
194.2695 -584.6241 4526.9033 213 214 144
197.9007 -584.6241 4526.9033 219 219 146
201.8182 -585.4546 4533.3335 220 220 149
205.4546 -585.4546 4533.3335 221 221 150
209.0909 -585.4546 4533.3335 220 222 150
212.7273 -585.4546 4533.3335 208 210 140
216.3636 -585.4546 4533.3335 200 202 133
220.0000 -585.4546 4533.3335 202 204 137
223.6364 -585.4546 4533.3335 207 208 146
227.2727 -585.4546 4533.3335 214 215 152
230.5816 -584.6241 4526.9033 192 194 129
234.2128 -584.6241 4526.9033 188 192 133
237.5071 -583.7961 4520.4912 205 208 147
241.1331 -583.7961 4520.4912 226 229 162
245.1064 -584.6241 4526.9033 225 217 157
262.6866 -512.6368 3969.4861 226 190 141
265.8707 -512.6368 3969.4861 235 229 158
268.7205 -512.0001 3964.5549 230 227 150
269.5566 -507.5862 3930.3777 229 224 144
272.0393 -506.3391 3920.7207 203 201 129
274.5098 -505.0981 3911.1113 177 178 113
277.6471 -505.0981 3911.1113 186 186 118
280.7843 -505.0981 3911.1113 211 212 145
283.9216 -505.0981 3911.1113 206 206 140
287.0588 -505.0981 3911.1113 194 194 128
290.1961 -505.0981 3911.1113 211 210 142
293.3333 -505.0981 3911.1113 226 223 151
296.4706 -505.0981 3911.1113 228 225 150
299.6078 -505.0981 3911.1113 228 225 147
302.7451 -505.0981 3911.1113 231 226 147
305.8824 -505.0981 3911.1113 230 226 146
309.3988 -505.7178 3915.9102 229 227 147
312.5399 -505.7178 3915.9102 231 228 150
315.2942 -505.0981 3911.1113 233 230 152
318.4314 -505.0981 3911.1113 234 231 155
321.5687 -505.0981 3911.1113 234 231 157
324.7059 -505.0981 3911.1113 229 227 149
327.8432 -505.0981 3911.1113 227 224 143
330.9804 -505.0981 3911.1113 229 226 146
334.1177 -505.0981 3911.1113 231 228 151
337.2549 -505.0981 3911.1113 231 228 152
340.3922 -505.0981 3911.1113 231 228 149
343.5294 -505.0981 3911.1113 231 228 149
346.6667 -505.0981 3911.1113 231 228 152
350.2332 -505.7178 3915.9102 230 227 150
353.3743 -505.7178 3915.9102 231 228 153
356.5154 -505.7178 3915.9102 230 228 154
359.6565 -505.7178 3915.9102 223 221 147
362.7976 -505.7178 3915.9102 214 213 137
365.9387 -505.7178 3915.9102 226 225 152
369.0798 -505.7178 3915.9102 207 206 138
372.2209 -505.7178 3915.9102 205 207 141
375.3620 -505.7178 3915.9102 210 211 146
378.5031 -505.7178 3915.9102 190 190 129
381.1765 -505.0981 3911.1113 185 187 125
384.3138 -505.0981 3911.1113 189 192 132
387.4510 -505.0981 3911.1113 217 218 153
390.5883 -505.0981 3911.1113 225 223 152
393.2436 -504.4799 3906.3240 223 222 146
396.3770 -504.4799 3906.3240 208 210 142
399.5104 -504.4799 3906.3240 185 197 149
474.0058 -593.8905 4598.6553 179 194 148
477.6946 -593.8905 4598.6553 179 192 147
481.3833 -593.8905 4598.6553 181 193 151
485.0721 -593.8905 4598.6553 182 193 151
489.4661 -594.7475 4605.2910 182 194 152
476.6316 -542.3159 4199.2983 182 178 150
527.9306 -596.4689 4618.6206 187 181 154
517.0861 -545.9073 4227.1084 226 190 160
519.1018 -544.4651 4215.9404 226 190 161
521.7942 -543.7468 4210.3784 225 190 161
524.4796 -543.0303 4204.8311 225 188 160
527.8525 -543.0303 4204.8311 227 188 161
531.2253 -543.0303 4204.8311 227 190 163
534.5982 -543.0303 4204.8311 229 191 167
538.6808 -543.7468 4210.3784 231 192 168
542.0581 -543.7468 4210.3784 231 193 170
544.7167 -543.0303 4204.8311 231 194 169
545.9318 -540.8924 4188.2764 231 194 171
547.1373 -538.7713 4171.8521 230 193 170
550.4837 -538.7713 4171.8521 230 193 169
553.8301 -538.7713 4171.8521 227 192 169
556.4492 -538.0679 4166.4058 225 191 168
559.7911 -538.0679 4166.4058 221 186 163
563.1332 -538.0679 4166.4058 204 173 148
566.4752 -538.0679 4166.4058 218 185 161
569.8173 -538.0679 4166.4058 223 190 168
573.1593 -538.0679 4166.4058 199 168 148
576.5013 -538.0679 4166.4058 201 173 149
579.8434 -538.0679 4166.4058 206 179 156
581.6667 -536.6667 4155.5557 179 150 130
585.0000 -536.6667 4155.5557 184 155 134
588.3334 -536.6667 4155.5557 200 170 150
591.6667 -536.6667 4155.5557 230 198 177
595.7758 -537.3664 4160.9736 198 168 144
599.1135 -537.3664 4160.9736 153 121 73
603.2377 -538.0679 4166.4058 151 120 61
-298.8265 -517.7529 3984.3530 209 209 143
-294.8942 -516.4633 3974.4294 227 227 161
-290.9814 -515.1801 3964.5549 226 225 157
-287.8013 -515.1801 3964.5549 223 222 156
-284.6211 -515.1801 3964.5549 240 240 169
-281.4410 -515.1801 3964.5549 238 237 162
-278.6070 -515.8209 3969.4861 221 219 147
-275.4229 -515.8209 3969.4861 236 234 163
-272.2388 -515.8209 3969.4861 241 239 166
-269.0547 -515.8209 3969.4861 241 239 166
-265.5404 -515.1801 3964.5549 242 240 167
-262.0348 -514.5410 3959.6362 242 239 167
-258.8586 -514.5410 3959.6362 237 235 162
-255.3656 -513.9034 3954.7295 207 207 134
-251.2593 -512.0001 3940.0825 220 220 149
-248.0988 -512.0001 3940.0825 231 229 154
-244.9383 -512.0001 3940.0825 231 230 154
-242.3763 -513.2674 3949.8352 232 232 159
-239.8015 -514.5410 3959.6362 232 232 159
-236.9193 -515.1801 3964.5549 232 232 158
-233.7391 -515.1801 3964.5549 210 208 136
-230.2730 -514.5410 3959.6362 215 214 141
-227.0968 -514.5410 3959.6362 239 237 164
-222.8148 -512.0001 3940.0825 239 237 163
-219.6544 -512.0001 3940.0825 238 236 162
-215.9606 -510.7389 3930.3777 238 236 162
-212.8079 -510.7389 3930.3777 229 227 156
-209.6552 -510.7389 3930.3777 222 222 154
-206.5025 -510.7389 3930.3777 226 226 158
-203.3498 -510.7389 3930.3777 236 235 165
-200.1971 -510.7389 3930.3777 224 223 153
-196.8020 -510.1107 3925.5435 224 223 153
-193.6532 -510.1107 3925.5435 212 212 146
-190.2703 -509.4840 3920.7207 202 202 136
-187.1253 -509.4840 3920.7207 210 212 144
-183.9803 -509.4840 3920.7207 231 232 164
-180.8354 -509.4840 3920.7207 239 237 170
-177.6904 -509.4840 3920.7207 239 236 167
-174.5455 -509.4840 3920.7207 231 228 155
-185.3793 -572.0276 4402.0229 239 200 178
-179.1304 -563.4783 4336.2319 236 201 171
-175.6522 -563.4783 4336.2319 220 186 151
-171.9403 -562.7137 4330.3481 195 164 131
-168.4668 -562.7137 4330.3481 197 166 135
-164.9932 -562.7137 4330.3481 224 190 160
-161.7391 -563.4783 4336.2319 225 188 158
-158.2609 -563.4783 4336.2319 237 200 171
-154.7826 -563.4783 4336.2319 239 203 171
-151.3044 -563.4783 4336.2319 222 188 157
-147.8261 -563.4783 4336.2319 227 193 163
-144.3478 -563.4783 4336.2319 241 206 177
-140.8696 -563.4783 4336.2319 242 205 174
-137.3913 -563.4783 4336.2319 245 206 175
-134.0953 -564.2450 4342.1318 244 207 175
-130.6123 -564.2450 4342.1318 240 205 173
-127.3025 -565.0137 4348.0474 235 200 167
-123.8147 -565.0137 4348.0474 231 197 163
-120.4911 -565.7845 4353.9790 227 195 159
-116.8392 -565.0137 4348.0474 226 193 157
-113.5061 -565.7845 4353.9790 232 197 165
-110.0136 -565.7845 4353.9790 235 200 168
-106.5211 -565.7845 4353.9790 214 181 146
-103.1694 -566.5574 4359.9272 213 181 147
-99.6721 -566.5574 4359.9272 232 199 167
-96.3064 -567.3325 4365.8916 240 207 177
-92.8044 -567.3325 4365.8916 240 207 178
-89.3023 -567.3325 4365.8916 241 207 176
-85.3333 -564.2450 4342.1318 240 206 176
-81.8503 -564.2450 4342.1318 230 195 166
-78.3674 -564.2450 4342.1318 218 187 158
-74.8844 -564.2450 4342.1318 216 184 153
-71.4014 -564.2450 4342.1318 232 197 170
-67.9184 -564.2450 4342.1318 219 186 156
-64.4354 -564.2450 4342.1318 222 188 161
-60.9524 -564.2450 4342.1318 195 166 138
-57.3913 -563.4783 4336.2319 200 171 147
-53.8399 -562.7137 4330.3481 221 191 165
-50.2300 -561.1909 4318.6289 240 209 181
-46.7659 -561.1909 4318.6289 242 210 183
-20.7740 -517.7529 3984.3530 203 200 141
-17.5561 -517.1073 3979.3850 209 206 143
-14.3641 -517.1073 3979.3850 227 226 162
-11.1860 -517.7529 3984.3530 230 228 163
-7.9900 -517.7529 3984.3530 237 235 168
-4.7940 -517.7529 3984.3530 218 215 150
-1.5960 -517.1073 3979.3850 219 216 151
1.5960 -517.1073 3979.3850 238 234 165
4.7880 -517.1073 3979.3850 238 235 164
8.0000 -518.4000 3989.3335 237 235 164
11.2000 -518.4000 3989.3335 236 233 162
14.4000 -518.4000 3989.3335 236 234 160
17.6220 -519.0488 3994.3264 234 232 161
20.8260 -519.0488 3994.3264 232 230 163
24.0602 -519.6993 3999.3318 229 229 162
27.3367 -521.0051 4009.3804 228 227 161
30.6297 -522.3174 4019.4795 227 227 161
33.8113 -521.6604 4014.4236 227 226 160
36.9849 -521.0051 4009.3804 225 226 159
40.0501 -519.0488 3994.3264 226 226 161
43.2000 -518.4000 3989.3335 213 212 152
46.2843 -517.1073 3979.3850 200 200 139
49.4147 -516.4633 3974.4294 228 228 161
52.6027 -516.4633 3974.4294 234 232 161
55.7214 -515.8209 3969.4861 234 231 161
58.9055 -515.8209 3969.4861 234 232 160
62.2444 -517.1073 3979.3850 234 232 161
65.5181 -517.7529 3984.3530 217 217 149
68.8000 -518.4000 3989.3335 218 219 151
72.0000 -518.4000 3989.3335 219 220 152
75.2000 -518.4000 3989.3335 228 228 163
78.4000 -518.4000 3989.3335 216 215 150
81.6000 -518.4000 3989.3335 220 219 155
84.8000 -518.4000 3989.3335 198 198 136
88.0000 -518.4000 3989.3335 202 204 141
91.2000 -518.4000 3989.3335 212 213 147
94.4000 -518.4000 3989.3335 232 232 164
107.6966 -572.0276 4402.0229 233 234 164
111.3812 -572.8177 4408.1030 231 232 164
115.3953 -575.2011 4426.4448 198 198 127
119.1111 -576.0000 4432.5928 194 194 121
123.1799 -578.4101 4451.1392 214 213 141
126.9274 -579.2180 4457.3560 209 207 134
130.6853 -580.0280 4463.5898 208 206 131
134.0782 -579.2180 4457.3560 206 203 128
137.6536 -579.2180 4457.3560 218 217 143
140.8357 -577.6045 4444.9399 228 226 150
144.4011 -577.6045 4444.9399 230 230 156
147.9666 -577.6045 4444.9399 228 228 154
151.7434 -578.4101 4451.1392 226 225 150
155.5307 -579.2180 4457.3560 219 218 144
159.3287 -580.0280 4463.5898 203 204 133
163.3661 -581.6550 4476.1104 204 205 136
168.6119 -587.4221 4520.4912 201 203 135
172.2380 -587.4221 4520.4912 198 199 133
175.8640 -587.4221 4520.4912 194 197 131
179.4901 -587.4221 4520.4912 197 199 130
182.8571 -586.5912 4514.0972 200 200 129
186.4781 -586.5912 4514.0972 202 201 130
190.0990 -586.5912 4514.0972 200 201 131
193.7200 -586.5912 4514.0972 208 209 143
197.3409 -586.5912 4514.0972 203 204 135
201.5319 -588.2554 4526.9033 201 202 132
205.1631 -588.2554 4526.9033 204 205 136
208.7943 -588.2554 4526.9033 212 213 145
212.1247 -587.4221 4520.4912 210 212 146
216.0568 -588.2554 4526.9033 201 203 138
219.3768 -587.4221 4520.4912 204 205 138
223.3192 -588.2554 4526.9033 206 207 141
226.6289 -587.4221 4520.4912 213 214 150
229.9293 -586.5912 4514.0972 195 197 133
233.5502 -586.5912 4514.0972 188 193 131
237.1712 -586.5912 4514.0972 199 204 144
240.7921 -586.5912 4514.0972 223 227 162
244.4130 -586.5912 4514.0972 229 230 166
248.3853 -587.4221 4520.4912 221 210 162
244.0345 -510.1107 3925.5435 223 198 164
246.2745 -508.2354 3911.1113 221 197 164
259.8257 -516.4633 3974.4294 219 193 156
262.6866 -515.8209 3969.4861 230 216 162
265.5404 -515.1801 3964.5549 233 230 158
268.3871 -514.5410 3959.6362 231 230 154
269.2251 -510.1107 3925.5435 229 225 143
271.7055 -508.8589 3915.9102 206 202 126
274.5098 -508.2354 3911.1113 185 182 116
277.3072 -507.6133 3906.3240 184 184 116
280.7843 -508.2354 3911.1113 209 209 141
283.9216 -508.2354 3911.1113 204 203 137
287.0588 -508.2354 3911.1113 196 196 130
290.1961 -508.2354 3911.1113 198 196 128
293.3333 -508.2354 3911.1113 216 213 142
295.7457 -506.9927 3901.5486 225 223 150
298.8753 -506.9927 3901.5486 225 223 148
301.6362 -506.3737 3896.7849 228 224 148
305.1345 -506.9927 3901.5486 230 227 149
309.0196 -508.2354 3911.1113 229 227 147
312.1569 -508.2354 3911.1113 231 228 150
315.2942 -508.2354 3911.1113 232 229 149
318.4314 -508.2354 3911.1113 233 231 154
321.5687 -508.2354 3911.1113 234 231 156
324.7059 -508.2354 3911.1113 231 228 151
327.8432 -508.2354 3911.1113 228 224 145
330.9804 -508.2354 3911.1113 229 225 146
334.1177 -508.2354 3911.1113 232 229 152
337.2549 -508.2354 3911.1113 232 229 154
340.3922 -508.2354 3911.1113 231 229 151
343.5294 -508.2354 3911.1113 231 228 151
346.6667 -508.2354 3911.1113 231 228 152
350.2332 -508.8589 3915.9102 229 226 149
353.3743 -508.8589 3915.9102 230 228 150
356.5154 -508.8589 3915.9102 231 228 153
359.2157 -508.2354 3911.1113 229 227 151
362.3530 -508.2354 3911.1113 229 225 151
365.4902 -508.2354 3911.1113 220 218 150
368.6275 -508.2354 3911.1113 201 203 136
371.7647 -508.2354 3911.1113 206 208 143
374.9020 -508.2354 3911.1113 209 210 146
378.0392 -508.2354 3911.1113 190 191 130
380.7099 -507.6133 3906.3240 185 188 129
383.8434 -507.6133 3906.3240 192 194 138
386.9767 -507.6133 3906.3240 215 216 152
390.1102 -507.6133 3906.3240 224 223 152
392.7628 -506.9927 3901.5486 225 223 148
395.8925 -506.9927 3901.5486 213 214 144
399.0220 -506.9927 3901.5486 188 199 148
474.0058 -597.5793 4598.6553 183 196 153
477.6946 -597.5793 4598.6553 179 191 146
479.3113 -595.0072 4578.8618 174 187 144
485.0721 -597.5793 4598.6553 177 189 146
464.0638 -550.7570 4238.3354 222 198 166
465.6086 -548.5715 4221.5171 227 197 170
468.9948 -548.5715 4221.5171 224 195 169
471.1346 -547.1241 4210.3784 224 195 171
473.2632 -545.6842 4199.2983 201 174 153
475.3806 -544.2520 4188.2764 187 161 139
477.4869 -542.8273 4177.3125 185 157 133
480.8377 -542.8273 4177.3125 208 179 154
501.6667 -540.0000 4155.5557 231 189 161
505.0000 -540.0000 4155.5557 231 189 161
510.3268 -542.1177 4171.8521 231 190 160
513.6733 -542.1177 4171.8521 231 191 163
517.0197 -542.1177 4171.8521 230 191 163
519.6868 -541.4100 4166.4058 231 190 163
523.0287 -541.4100 4166.4058 231 190 162
526.3708 -541.4100 4166.4058 231 191 163
529.7128 -541.4100 4166.4058 232 191 164
533.0549 -541.4100 4166.4058 232 191 164
536.3969 -541.4100 4166.4058 233 192 166
539.7389 -541.4100 4166.4058 233 193 168
543.0810 -541.4100 4166.4058 231 193 169
546.4230 -541.4100 4166.4058 230 193 170
549.7651 -541.4100 4166.4058 229 192 169
553.1071 -541.4100 4166.4058 227 192 169
555.7236 -540.7041 4160.9736 226 191 167
559.0613 -540.7041 4160.9736 225 188 164
563.1332 -541.4100 4166.4058 205 172 145
566.4752 -541.4100 4166.4058 211 179 151
569.0743 -540.7041 4160.9736 220 189 166
572.4120 -540.7041 4160.9736 196 166 146
575.7497 -540.7041 4160.9736 197 169 145
578.3334 -540.0000 4155.5557 205 178 154
581.6667 -540.0000 4155.5557 185 157 136
585.0000 -540.0000 4155.5557 179 149 129
588.3334 -540.0000 4155.5557 195 167 145
591.6667 -540.0000 4155.5557 226 195 172
595.0001 -540.0000 4155.5557 221 191 168
598.3334 -540.0000 4155.5557 160 129 91
602.4512 -540.7041 4160.9736 152 120 65
606.5797 -541.4100 4166.4058 152 120 63
-298.0822 -519.6514 3974.4294 208 207 142
-292.7071 -515.7973 3944.9526 228 227 160
-288.8286 -514.5253 3935.2241 227 227 156
-285.3202 -513.8917 3930.3777 217 217 149
-282.1675 -513.8917 3930.3777 239 239 170
-279.0148 -513.8917 3930.3777 240 239 166
-276.2022 -514.5253 3935.2241 241 239 164
-273.3827 -515.1605 3940.0825 242 240 165
-270.2223 -515.1605 3940.0825 241 239 166
-267.0617 -515.1605 3940.0825 241 239 166
-263.5759 -514.5253 3935.2241 242 240 167
-260.0985 -513.8917 3930.3777 242 239 166
-256.9458 -513.8917 3930.3777 242 238 166
-253.4810 -513.2596 3925.5435 240 238 164
-250.0246 -512.6290 3920.7207 240 238 163
-246.8796 -512.6290 3920.7207 241 238 163
-243.4356 -512.0001 3915.9102 240 238 164
-240.5897 -512.6290 3920.7207 240 238 164
-237.7368 -513.2596 3925.5435 240 238 164
-234.5880 -513.2596 3925.5435 239 238 163
-231.4391 -513.2596 3925.5435 239 237 162
-228.5714 -513.8917 3930.3777 239 236 163
-225.4187 -513.8917 3930.3777 239 237 163
-221.7199 -512.6290 3920.7207 238 237 163
-218.5750 -512.6290 3920.7207 238 237 163
-215.1657 -512.0001 3915.9102 238 236 162
-211.7647 -511.3726 3911.1113 234 233 159
-208.6275 -511.3726 3911.1113 224 225 153
-205.7423 -512.0001 3915.9102 237 236 166
-202.6012 -512.0001 3915.9102 227 225 155
-199.4601 -512.0001 3915.9102 221 220 153
-196.3190 -512.0001 3915.9102 226 224 157
-193.1779 -512.0001 3915.9102 212 212 147
-190.0368 -512.0001 3915.9102 203 204 139
-186.8957 -512.0001 3915.9102 210 211 143
-183.7546 -512.0001 3915.9102 232 233 165
-180.6135 -512.0001 3915.9102 238 238 169
-177.2549 -511.3726 3911.1113 239 237 166
-174.1177 -511.3726 3911.1113 232 227 153
-185.3793 -575.5587 4402.0229 236 196 173
-179.1304 -566.9565 4336.2319 237 200 173
-175.4138 -566.1873 4330.3481 223 190 156
-171.9403 -566.1873 4330.3481 196 166 135
-168.2385 -565.4200 4324.4805 192 163 132
-164.7697 -565.4200 4324.4805 219 186 156
-161.3008 -565.4200 4324.4805 220 185 153
-158.0461 -566.1873 4330.3481 218 183 154
-154.5726 -566.1873 4330.3481 240 204 173
-151.0990 -566.1873 4330.3481 238 203 170
-147.8261 -566.9565 4336.2319 235 201 167
-144.3478 -566.9565 4336.2319 243 207 178
-140.8696 -566.9565 4336.2319 242 205 173
-137.3913 -566.9565 4336.2319 243 204 172
-133.9130 -566.9565 4336.2319 245 206 175
-130.4348 -566.9565 4336.2319 243 207 178
-127.1293 -567.7280 4342.1318 243 207 176
-123.6463 -567.7280 4342.1318 243 206 175
-120.1633 -567.7280 4342.1318 243 206 176
-116.5217 -566.9565 4336.2319 242 206 175
-113.1973 -567.7280 4342.1318 241 206 176
-109.7143 -567.7280 4342.1318 241 206 177
-106.2313 -567.7280 4342.1318 241 206 177
-103.0287 -569.2769 4353.9790 241 206 176
-99.6721 -570.0547 4359.9272 242 207 177
-96.1749 -570.0547 4359.9272 241 207 177
-92.8044 -570.8345 4365.8916 241 207 176
-89.3023 -570.8345 4365.8916 241 206 176
-85.3333 -567.7280 4342.1318 240 205 175
-81.8503 -567.7280 4342.1318 223 188 159
-78.2609 -566.9565 4336.2319 221 190 161
-74.7826 -566.9565 4336.2319 217 186 157
-71.3044 -566.9565 4336.2319 235 200 172
-67.8261 -566.9565 4336.2319 221 189 160
-64.3478 -566.9565 4336.2319 225 194 167
-60.8696 -566.9565 4336.2319 197 169 140
-57.3913 -566.9565 4336.2319 198 170 142
-53.7669 -565.4200 4324.4805 211 184 157
-50.1622 -563.8919 4312.7930 241 210 183
-46.7027 -563.8919 4312.7930 244 211 183
-20.8000 -521.6000 3989.3335 202 201 137
-17.5561 -520.2993 3979.3850 204 204 136
-14.3641 -520.2993 3979.3850 228 224 158
-11.1721 -520.2993 3979.3850 229 226 159
-7.9801 -520.2993 3979.3850 238 236 166
-4.7880 -520.2993 3979.3850 227 225 158
-1.5960 -520.2993 3979.3850 220 220 155
1.5960 -520.2993 3979.3850 230 229 163
4.7880 -520.2993 3979.3850 238 236 167
7.9801 -520.2993 3979.3850 238 236 166
11.1860 -520.9489 3984.3530 235 233 161
14.3820 -520.9489 3984.3530 236 234 159
17.5780 -520.9489 3984.3530 223 220 149
20.7740 -520.9489 3984.3530 185 182 118
24.0000 -521.6000 3989.3335 164 162 102
27.2340 -522.2529 3994.3264 164 160 101
30.5144 -523.5634 4004.3499 163 161 101
33.7265 -523.5634 4004.3499 160 159 101
36.8922 -522.9073 3999.3318 160 158 103
40.0000 -521.6000 3989.3335 157 156 101
43.1461 -520.9489 3984.3530 154 153 97
46.2843 -520.2993 3979.3850 173 171 114
49.4763 -520.2993 3979.3850 225 223 160
52.6027 -519.6514 3974.4294 234 231 161
55.7214 -519.0050 3969.4861 234 232 162
58.9055 -519.0050 3969.4861 234 232 162
62.3221 -520.9489 3984.3530 232 231 161
65.5181 -520.9489 3984.3530 217 218 151
68.8000 -521.6000 3989.3335 220 221 154
72.0000 -521.6000 3989.3335 221 221 156
75.2000 -521.6000 3989.3335 229 230 163
78.4000 -521.6000 3989.3335 217 218 153
81.6000 -521.6000 3989.3335 221 221 158
84.6941 -520.9489 3984.3530 200 201 135
87.8901 -520.9489 3984.3530 197 199 139
91.0862 -520.9489 3984.3530 209 211 150
94.4000 -521.6000 3989.3335 233 234 166
107.6966 -575.5587 4402.0229 235 236 169
111.3812 -576.3536 4408.1030 234 234 168
115.0761 -577.1508 4414.2002 205 204 136
118.9459 -578.7518 4426.4448 197 196 125
122.6667 -579.5556 4432.5928 215 215 143
126.3978 -580.3616 4438.7578 209 208 136
130.3208 -581.9805 4451.1392 207 206 131
133.7048 -581.1700 4444.9399 206 205 130
137.2702 -581.1700 4444.9399 211 212 138
140.8357 -581.1700 4444.9399 198 197 122
144.2003 -580.3616 4438.7578 190 188 118
147.9666 -581.1700 4444.9399 188 187 117
151.5321 -581.1700 4444.9399 190 189 113
155.3138 -581.9805 4451.1392 225 224 150
159.1062 -582.7933 4457.3560 206 206 138
163.3661 -585.2455 4476.1104 201 203 136
168.1356 -589.3785 4507.7212 199 201 132
172.2380 -591.0482 4520.4912 197 198 128
175.6153 -590.2122 4514.0972 197 199 131
179.2362 -590.2122 4514.0972 198 199 131
182.5989 -589.3785 4507.7212 199 199 128
186.2147 -589.3785 4507.7212 198 199 129
189.8305 -589.3785 4507.7212 198 201 134
193.4463 -589.3785 4507.7212 203 205 141
197.3409 -590.2122 4514.0972 192 194 129
200.9618 -590.2122 4514.0972 192 194 126
204.8725 -591.0482 4520.4912 198 200 131
208.4986 -591.0482 4520.4912 200 201 132
212.1247 -591.0482 4520.4912 211 213 147
215.4456 -590.2122 4514.0972 202 204 139
219.0665 -590.2122 4514.0972 203 206 139
222.0593 -588.5473 4501.3638 204 206 141
225.6700 -588.5473 4501.3638 211 212 147
228.6358 -586.8918 4488.7017 203 205 140
232.2363 -586.8918 4488.7017 190 193 131
235.8369 -586.8918 4488.7017 197 200 141
239.4374 -586.8918 4488.7017 220 223 158
243.0380 -586.8918 4488.7017 230 232 167
246.9859 -587.7183 4495.0234 225 222 166
250.5916 -587.7183 4495.0234 225 215 171
240.8856 -513.2596 3925.5435 227 216 172
243.7346 -512.6290 3920.7207 227 216 171
246.2745 -511.3726 3911.1113 226 215 171
249.7178 -512.0001 3915.9102 225 215 171
256.0000 -518.3603 3964.5549 225 215 170
259.5025 -519.0050 3969.4861 225 215 167
262.3603 -518.3603 3964.5549 230 224 163
265.2109 -517.7172 3959.6362 233 229 154
266.7325 -514.5253 3935.2241 234 232 158
268.5644 -512.0001 3915.9102 229 225 146
271.3726 -511.3726 3911.1113 209 203 128
274.1738 -510.7466 3906.3240 183 181 115
277.3072 -510.7466 3906.3240 185 185 120
280.4406 -510.7466 3906.3240 207 207 140
283.9216 -511.3726 3911.1113 202 201 134
287.0588 -511.3726 3911.1113 197 198 131
290.1961 -511.3726 3911.1113 199 199 131
292.6161 -510.1223 3901.5486 197 196 128
295.7457 -510.1223 3901.5486 212 211 140
298.5104 -509.4994 3896.7849 223 221 148
300.9014 -508.2583 3887.2920 225 222 148
304.0195 -508.2583 3887.2920 228 226 149
307.5122 -508.8781 3892.0327 230 227 150
310.6342 -508.8781 3892.0327 231 228 152
313.7561 -508.8781 3892.0327 231 229 150
317.2650 -509.4994 3896.7849 232 230 153
320.7824 -510.1223 3901.5486 233 231 154
324.3085 -510.7466 3906.3240 231 229 153
327.4419 -510.7466 3906.3240 229 226 147
330.5753 -510.7466 3906.3240 229 225 145
333.7087 -510.7466 3906.3240 230 228 149
337.2549 -511.3726 3911.1113 232 230 154
340.3922 -511.3726 3911.1113 232 230 153
343.5294 -511.3726 3911.1113 231 228 151
346.6667 -511.3726 3911.1113 230 227 151
349.8040 -511.3726 3911.1113 228 225 149
352.9412 -511.3726 3911.1113 230 227 150
356.0785 -511.3726 3911.1113 230 227 152
359.2157 -511.3726 3911.1113 228 225 152
362.3530 -511.3726 3911.1113 219 219 146
365.4902 -511.3726 3911.1113 202 202 134
368.6275 -511.3726 3911.1113 204 205 140
371.7647 -511.3726 3911.1113 206 209 147
374.9020 -511.3726 3911.1113 208 210 147
377.5765 -510.7466 3906.3240 190 192 130
380.2445 -510.1223 3901.5486 182 185 124
383.3741 -510.1223 3901.5486 195 195 140
386.5037 -510.1223 3901.5486 214 214 151
389.6333 -510.1223 3901.5486 224 224 153
392.7628 -510.1223 3901.5486 226 224 150
395.8925 -510.1223 3901.5486 217 217 145
399.0220 -510.1223 3901.5486 187 198 145
474.6898 -602.1357 4605.2910 182 195 151
478.3839 -602.1357 4605.2910 180 193 148
479.3113 -598.6801 4578.8618 180 193 149
464.0638 -554.1567 4238.3354 232 198 169
465.6086 -551.9578 4221.5171 227 192 165
468.9948 -551.9578 4221.5171 227 193 166
471.1346 -550.5013 4210.3784 225 193 170
473.2632 -549.0527 4199.2983 213 183 162
474.1362 -546.1780 4177.3125 192 161 141
476.2402 -544.7520 4166.4058 184 154 132
478.9570 -544.0417 4160.9736 199 168 144
482.2947 -544.0417 4160.9736 205 175 150
485.0001 -543.3334 4155.5557 204 170 146
488.3333 -543.3334 4155.5557 224 187 160
491.6667 -543.3334 4155.5557 221 182 155
495.0000 -543.3334 4155.5557 217 177 146
498.3333 -543.3334 4155.5557 224 183 153
501.6667 -543.3334 4155.5557 232 188 157
505.0000 -543.3334 4155.5557 232 188 157
508.3334 -543.3334 4155.5557 232 189 159
513.0027 -544.7520 4166.4058 232 189 160
516.3447 -544.7520 4166.4058 232 189 160
519.6868 -544.7520 4166.4058 231 189 161
522.3469 -544.0417 4160.9736 231 189 161
525.6846 -544.0417 4160.9736 231 190 161
528.3334 -543.3334 4155.5557 233 190 161
531.6667 -543.3334 4155.5557 232 189 161
535.0001 -543.3334 4155.5557 232 190 163
538.3334 -543.3334 4155.5557 233 192 166
541.6667 -543.3334 4155.5557 231 193 168
545.0001 -543.3334 4155.5557 230 192 167
549.7651 -544.7520 4166.4058 229 191 165
553.1071 -544.7520 4166.4058 229 191 166
555.7236 -544.0417 4160.9736 228 191 165
559.0613 -544.0417 4160.9736 226 189 165
562.3990 -544.0417 4160.9736 223 190 164
565.7366 -544.0417 4160.9736 223 190 164
569.0743 -544.0417 4160.9736 209 178 156
571.6667 -543.3334 4155.5557 194 165 142
575.0001 -543.3334 4155.5557 193 164 141
578.3334 -543.3334 4155.5557 201 173 149
581.6667 -543.3334 4155.5557 195 165 144
585.0000 -543.3334 4155.5557 180 151 130
588.3334 -543.3334 4155.5557 189 162 141
591.6667 -543.3334 4155.5557 213 183 159
594.2263 -542.6268 4150.1519 230 198 175
597.5553 -542.6268 4150.1519 178 147 118
601.6667 -543.3334 4155.5557 153 123 70
605.7888 -544.0417 4160.9736 153 123 64
-295.8715 -518.9617 3944.9526 208 208 140
-291.2669 -516.4084 3925.5435 229 229 161
-287.7641 -515.7740 3920.7207 227 227 156
-284.6192 -515.7740 3920.7207 216 214 145
-281.4742 -515.7740 3920.7207 228 225 156
-278.3293 -515.7740 3920.7207 241 238 168
-275.5228 -516.4084 3925.5435 241 240 165
-272.3739 -516.4084 3925.5435 242 240 166
-269.2251 -516.4084 3925.5435 241 238 167
-266.0763 -516.4084 3925.5435 241 239 166
-262.9275 -516.4084 3925.5435 242 240 166
-259.7786 -516.4084 3925.5435 241 239 165
-256.3145 -515.7740 3920.7207 241 239 165
-253.1696 -515.7740 3920.7207 241 239 165
-249.7178 -515.1411 3915.9102 242 240 166
-246.5767 -515.1411 3915.9102 241 239 167
-243.4356 -515.1411 3915.9102 240 238 166
-240.2945 -515.1411 3915.9102 240 238 164
-237.1534 -515.1411 3915.9102 239 238 163
-234.2998 -515.7740 3920.7207 240 238 164
-231.1548 -515.7740 3920.7207 240 238 163
-228.0098 -515.7740 3920.7207 238 238 163
-224.8649 -515.7740 3920.7207 238 237 163
-221.4479 -515.1411 3915.9102 239 237 164
-218.3068 -515.1411 3915.9102 238 237 163
-214.9020 -514.5098 3911.1113 238 237 162
-211.7647 -514.5098 3911.1113 239 238 165
-208.6275 -514.5098 3911.1113 239 239 167
-205.4902 -514.5098 3911.1113 233 232 162
-202.3530 -514.5098 3911.1113 218 217 148
-199.2157 -514.5098 3911.1113 218 219 154
-196.0784 -514.5098 3911.1113 224 225 160
-192.9412 -514.5098 3911.1113 210 210 146
-189.8039 -514.5098 3911.1113 203 202 139
-186.6667 -514.5098 3911.1113 213 212 150
-183.5294 -514.5098 3911.1113 234 234 169
-180.3922 -514.5098 3911.1113 239 238 169
-177.0379 -513.8801 3906.3240 239 238 168
-173.9045 -513.8801 3906.3240 232 228 154
-170.5623 -513.2518 3901.5486 226 208 148
-183.8577 -574.3366 4365.8916 234 194 168
-178.8874 -569.6608 4330.3481 236 200 171
-175.1761 -568.8889 4324.4805 228 194 159
-171.7073 -568.8889 4324.4805 198 167 134
-168.0108 -568.1191 4318.6289 193 162 129
-164.5467 -568.1191 4318.6289 213 181 150
-161.0826 -568.1191 4318.6289 220 185 151
-157.8320 -568.8889 4324.4805 210 176 143
-154.3631 -568.8889 4324.4805 224 188 158
-150.8943 -568.8889 4324.4805 240 206 174
-147.6255 -569.6608 4330.3481 244 209 178
-144.1520 -569.6608 4330.3481 244 209 179
-140.6784 -569.6608 4330.3481 244 208 176
-137.2049 -569.6608 4330.3481 242 207 174
-133.7314 -569.6608 4330.3481 242 207 175
-130.2578 -569.6608 4330.3481 243 207 176
-126.9565 -570.4348 4336.2319 243 206 175
-123.4783 -570.4348 4336.2319 244 207 176
-120.0000 -570.4348 4336.2319 244 206 176
-116.5217 -570.4348 4336.2319 243 205 176
-113.0435 -570.4348 4336.2319 243 205 176
-109.5652 -570.4348 4336.2319 242 206 175
-106.0870 -570.4348 4336.2319 242 206 175
-102.6087 -570.4348 4336.2319 242 205 175
-99.5361 -572.7695 4353.9790 242 207 178
-96.0437 -572.7695 4353.9790 242 207 177
-92.8044 -574.3366 4365.8916 240 205 176
-89.1803 -573.5519 4359.9272 241 204 176
-85.3333 -571.2109 4342.1318 239 203 172
-81.8503 -571.2109 4342.1318 226 191 160
-78.2609 -570.4348 4336.2319 216 183 152
-74.7826 -570.4348 4336.2319 229 195 165
-71.3044 -570.4348 4336.2319 233 198 169
-67.8261 -570.4348 4336.2319 220 188 161
-64.3478 -570.4348 4336.2319 225 195 168
-60.8696 -570.4348 4336.2319 199 169 143
-57.3134 -569.6608 4330.3481 197 170 143
-53.7669 -568.8889 4324.4805 209 180 156
-50.1622 -567.3514 4312.7930 241 211 185
-46.7027 -567.3514 4312.7930 244 213 185
-17.5342 -522.8394 3974.4294 204 203 137
-14.3106 -521.5404 3964.5549 225 224 157
-11.1304 -521.5404 3964.5549 222 218 152
-7.9503 -521.5404 3964.5549 234 233 163
-4.7702 -521.5404 3964.5549 235 235 168
-1.5940 -522.8394 3974.4294 220 219 152
1.5940 -522.8394 3974.4294 221 219 151
4.7821 -522.8394 3974.4294 238 236 167
7.9701 -522.8394 3974.4294 238 237 168
11.1721 -523.4913 3979.3850 236 234 163
14.3641 -523.4913 3979.3850 236 234 161
17.5561 -523.4913 3979.3850 235 232 159
20.7481 -523.4913 3979.3850 208 206 135
23.9402 -523.4913 3979.3850 193 192 122
27.1660 -524.1448 3984.3530 208 208 138
30.4381 -525.4569 3994.3264 210 210 140
33.6000 -524.8000 3989.3335 211 211 140
36.8000 -524.8000 3989.3335 211 212 140
39.9501 -524.1448 3984.3530 211 211 141
43.1461 -524.1448 3984.3530 202 200 132
46.2843 -523.4913 3979.3850 190 188 121
49.4763 -523.4913 3979.3850 225 224 156
52.6027 -522.8394 3974.4294 233 232 162
55.7908 -522.8394 3974.4294 234 232 162
58.9788 -522.8394 3974.4294 235 232 161
62.3221 -524.1448 3984.3530 230 228 159
65.5181 -524.1448 3984.3530 216 217 151
68.7141 -524.1448 3984.3530 211 211 145
72.0000 -524.8000 3989.3335 229 228 162
75.1061 -524.1448 3984.3530 225 225 159
78.3021 -524.1448 3984.3530 219 220 155
81.3965 -523.4913 3979.3850 223 224 159
84.5885 -523.4913 3979.3850 199 200 138
87.7806 -523.4913 3979.3850 197 198 140
90.9726 -523.4913 3979.3850 206 207 145
94.2822 -524.1448 3984.3530 234 236 170
107.5482 -578.2921 4395.9595 236 238 171
111.2276 -579.0897 4402.0229 235 236 170
114.9171 -579.8895 4408.1030 214 214 146
118.6169 -580.6916 4414.2002 195 196 126
122.4965 -582.3024 4426.4448 213 213 141
126.3978 -583.9221 4438.7578 210 209 137
129.9583 -583.9221 4438.7578 205 205 133
133.5188 -583.9221 4438.7578 208 207 135
137.0793 -583.9221 4438.7578 208 209 134
140.6398 -583.9221 4438.7578 215 215 141
144.0000 -583.1111 4432.5928 188 187 115
147.7608 -583.9221 4438.7578 190 189 116
151.3213 -583.9221 4438.7578 193 193 120
155.0975 -584.7354 4444.9399 217 217 146
158.8842 -585.5510 4451.1392 209 210 142
163.1373 -588.0112 4469.8413 199 202 136
166.9565 -588.8359 4476.1104 203 205 137
171.2676 -591.3240 4495.0234 199 201 131
174.8732 -591.3240 4495.0234 198 199 131
178.2279 -590.4923 4488.7017 198 200 132
181.8284 -590.4923 4488.7017 199 200 132
184.6499 -588.0112 4469.8413 199 200 133
188.2353 -588.0112 4469.8413 195 198 132
192.6301 -590.4923 4488.7017 203 204 139
196.2307 -590.4923 4488.7017 204 205 141
199.8312 -590.4923 4488.7017 194 196 130
203.4318 -590.4923 4488.7017 199 201 133
207.0324 -590.4923 4488.7017 202 204 137
210.6329 -590.4923 4488.7017 213 215 151
214.2335 -590.4923 4488.7017 202 205 140
217.2230 -588.8359 4476.1104 204 206 140
220.5042 -588.0112 4469.8413 204 205 141
223.7762 -587.1888 4463.5898 210 211 146
227.0391 -586.3688 4457.3560 211 212 148
230.6145 -586.3688 4457.3560 188 191 127
233.8633 -585.5510 4451.1392 192 196 136
237.4338 -585.5510 4451.1392 212 215 153
241.0042 -585.5510 4451.1392 229 232 167
244.5746 -585.5510 4451.1392 227 227 167
248.1451 -585.5510 4451.1392 222 215 166
252.0671 -586.3688 4457.3560 229 218 173
244.3350 -517.0444 3930.3777 226 216 170
246.8796 -515.7740 3920.7207 225 215 169
250.0246 -515.7740 3920.7207 225 216 170
254.4198 -518.3210 3940.0825 224 217 170
259.1801 -521.5404 3964.5549 224 217 170
262.0348 -520.8933 3959.6362 230 225 157
264.2274 -518.9617 3944.9526 231 228 148
265.7494 -515.7740 3920.7207 236 234 159
268.2353 -514.5098 3911.1113 230 227 150
271.0404 -513.8801 3906.3240 211 207 133
274.1738 -513.8801 3906.3240 187 187 122
277.3072 -513.8801 3906.3240 178 179 113
280.4406 -513.8801 3906.3240 205 205 140
283.9216 -514.5098 3911.1113 203 203 136
287.0588 -514.5098 3911.1113 198 198 132
290.1961 -514.5098 3911.1113 199 199 131
292.6161 -513.2518 3901.5486 197 197 129
295.7457 -513.2518 3901.5486 196 196 128
297.7832 -511.3764 3887.2920 204 203 135
300.5353 -510.7543 3882.5630 221 218 147
303.2807 -510.1337 3877.8455 225 223 150
305.2785 -508.2809 3863.7612 226 224 151
308.3777 -508.2809 3863.7612 229 226 151
312.6124 -510.1337 3877.8455 230 227 151
316.1071 -510.7543 3882.5630 231 229 153
319.2214 -510.7543 3882.5630 232 229 153
322.7284 -511.3764 3887.2920 231 228 153
325.8465 -511.3764 3887.2920 230 227 149
329.3659 -512.0001 3892.0327 229 225 146
332.4878 -512.0001 3892.0327 229 226 147
336.0196 -512.6252 3896.7849 233 230 154
339.5599 -513.2518 3901.5486 231 229 154
342.6895 -513.2518 3901.5486 230 228 152
346.2424 -513.8801 3906.3240 229 227 153
349.8040 -514.5098 3911.1113 227 225 149
352.9412 -514.5098 3911.1113 228 226 151
356.0785 -514.5098 3911.1113 226 225 154
359.2157 -514.5098 3911.1113 215 214 148
361.9094 -513.8801 3906.3240 199 199 133
365.0428 -513.8801 3906.3240 201 202 135
368.1763 -513.8801 3906.3240 208 209 142
371.3097 -513.8801 3906.3240 205 207 142
373.9854 -513.2518 3901.5486 207 208 145
377.1149 -513.2518 3901.5486 198 199 138
379.7803 -512.6252 3896.7849 187 189 127
382.4391 -512.0001 3892.0327 189 191 132
385.5610 -512.0001 3892.0327 209 212 147
389.1575 -512.6252 3896.7849 225 225 153
392.2833 -512.6252 3896.7849 228 226 152
395.8925 -513.2518 3901.5486 221 222 151
399.0220 -513.2518 3901.5486 194 204 152
461.6117 -554.6104 4215.9404 231 195 166
460.1308 -548.8105 4171.8521 227 190 160
464.6920 -550.2490 4182.7871 224 189 158
468.0472 -550.2490 4182.7871 223 190 163
471.4023 -550.2490 4182.7871 220 188 162
472.8982 -548.0941 4166.4058 189 160 137
475.6193 -547.3795 4160.9736 177 150 126
478.3334 -546.6667 4155.5557 186 157 130
481.6667 -546.6667 4155.5557 209 178 151
485.0001 -546.6667 4155.5557 204 171 145
488.3333 -546.6667 4155.5557 206 170 141
491.6667 -546.6667 4155.5557 226 187 157
495.0000 -546.6667 4155.5557 229 188 155
498.3333 -546.6667 4155.5557 231 188 159
501.6667 -546.6667 4155.5557 231 188 157
505.0000 -546.6667 4155.5557 231 189 158
508.3334 -546.6667 4155.5557 231 189 157
512.3338 -547.3795 4160.9736 231 189 158
515.6715 -547.3795 4160.9736 232 189 158
518.3333 -546.6667 4155.5557 232 188 158
521.6667 -546.6667 4155.5557 231 188 158
525.0000 -546.6667 4155.5557 231 189 158
528.3334 -546.6667 4155.5557 232 190 159
531.6667 -546.6667 4155.5557 232 190 160
534.3043 -545.9558 4150.1519 231 191 161
538.3334 -546.6667 4155.5557 232 192 164
541.6667 -546.6667 4155.5557 231 192 166
545.0001 -546.6667 4155.5557 230 191 165
549.0483 -547.3795 4160.9736 230 190 163
552.3859 -547.3795 4160.9736 229 190 164
555.7236 -547.3795 4160.9736 227 189 164
559.0613 -547.3795 4160.9736 224 189 162
561.6667 -546.6667 4155.5557 221 189 163
565.0001 -546.6667 4155.5557 210 179 157
568.3334 -546.6667 4155.5557 195 165 141
571.6667 -546.6667 4155.5557 197 167 141
574.2523 -545.9558 4150.1519 194 165 139
577.5814 -545.9558 4150.1519 201 172 147
580.9103 -545.9558 4150.1519 207 177 154
583.4806 -545.2468 4144.7622 181 151 130
586.8052 -545.2468 4144.7622 182 154 132
590.1299 -545.2468 4144.7622 200 171 148
593.4546 -545.2468 4144.7622 229 199 174
596.7793 -545.2468 4144.7622 208 179 152
600.8843 -545.9558 4150.1519 154 127 80
605.0001 -546.6667 4155.5557 153 124 66
-294.4158 -519.5573 3925.5435 206 204 135
-290.5522 -518.2822 3915.9102 233 231 163
-287.0588 -517.6471 3911.1113 229 226 157
-284.2700 -518.2822 3915.9102 221 218 150
-280.7843 -517.6471 3911.1113 221 218 146
-277.9878 -518.2822 3915.9102 232 230 159
-274.8466 -518.2822 3915.9102 239 239 166
-271.7055 -518.2822 3915.9102 241 240 165
-268.5644 -518.2822 3915.9102 242 239 165
-265.4233 -518.2822 3915.9102 242 240 166
-262.2822 -518.2822 3915.9102 242 240 166
-259.1411 -518.2822 3915.9102 242 239 167
-255.6863 -517.6471 3911.1113 242 240 165
-252.5490 -517.6471 3911.1113 242 240 165
-249.4118 -517.6471 3911.1113 242 240 166
-246.2745 -517.6471 3911.1113 241 239 166
-243.1373 -517.6471 3911.1113 239 238 164
-240.2945 -518.2822 3915.9102 240 237 163
-237.1534 -518.2822 3915.9102 240 239 165
-234.0123 -518.2822 3915.9102 239 238 164
-230.8712 -518.2822 3915.9102 240 238 164
-227.7301 -518.2822 3915.9102 239 238 163
-224.5890 -518.2822 3915.9102 239 237 163
-221.1765 -517.6471 3911.1113 238 237 163
-218.0392 -517.6471 3911.1113 237 236 162
-214.9020 -517.6471 3911.1113 238 236 162
-211.5055 -517.0135 3906.3240 239 238 166
-208.3721 -517.0135 3906.3240 234 233 164
-205.2387 -517.0135 3906.3240 220 220 151
-202.1053 -517.0135 3906.3240 222 221 152
-199.2157 -517.6471 3911.1113 218 219 152
-196.0784 -517.6471 3911.1113 224 225 157
-192.9412 -517.6471 3911.1113 207 207 140
-189.8039 -517.6471 3911.1113 202 201 137
-186.6667 -517.6471 3911.1113 213 212 151
-183.5294 -517.6471 3911.1113 234 234 170
-180.3922 -517.6471 3911.1113 238 238 168
-176.8215 -516.3814 3901.5486 238 238 168
-173.6919 -516.3814 3901.5486 231 227 154
-170.5623 -516.3814 3901.5486 226 209 148
-182.1138 -572.3577 4324.4805 234 195 173
-178.6450 -572.3577 4324.4805 236 200 174
-174.7027 -570.8109 4312.7930 233 198 163
-171.0121 -570.0405 4306.9727 200 168 136
-166.8817 -567.7420 4289.6060 194 163 131
-162.7845 -565.4619 4272.3784 205 175 143
-159.1444 -564.7059 4266.6670 220 186 154
-155.9304 -565.4619 4272.3784 213 180 145
-152.5034 -565.4619 4272.3784 213 179 145
-149.6774 -567.7420 4289.6060 220 186 157
-146.8286 -570.0405 4306.9727 237 202 174
-143.3738 -570.0405 4306.9727 243 208 177
-139.9190 -570.0405 4306.9727 243 210 178
-136.2803 -569.2722 4301.1680 242 207 175
-132.8302 -569.2722 4301.1680 242 207 175
-129.3801 -569.2722 4301.1680 243 208 176
-125.9299 -569.2722 4301.1680 243 207 175
-122.8108 -570.8109 4312.7930 243 207 175
-119.3514 -570.8109 4312.7930 244 207 176
-116.2060 -572.3577 4324.4805 243 207 176
-112.7371 -572.3577 4324.4805 242 206 175
-109.2683 -572.3577 4324.4805 242 206 175
-105.9430 -573.1343 4330.3481 242 206 174
-102.4695 -573.1343 4330.3481 242 206 176
-99.1304 -573.9130 4336.2319 242 206 177
-95.7823 -574.6939 4342.1318 242 206 176
-92.5512 -576.2620 4353.9790 241 206 176
-89.0587 -576.2620 4353.9790 240 204 174
-85.3333 -574.6939 4342.1318 240 204 173
-81.7391 -573.9130 4336.2319 239 202 172
-78.2609 -573.9130 4336.2319 234 200 166
-74.6811 -573.1343 4330.3481 236 202 173
-71.2076 -573.1343 4330.3481 218 187 156
-67.7341 -573.1343 4330.3481 215 186 157
-64.2605 -573.1343 4330.3481 223 193 167
-60.7870 -573.1343 4330.3481 204 174 147
-57.2358 -572.3577 4324.4805 195 168 141
-53.6216 -570.8109 4312.7930 210 183 158
-49.8925 -567.7420 4289.6060 241 213 188
-46.2032 -564.7059 4266.6670 244 217 191
-17.3186 -519.5573 3925.5435 203 201 135
-14.1697 -519.5573 3925.5435 226 225 157
-11.0481 -520.8385 3935.2241 217 213 146
-7.9012 -521.4815 3940.0825 222 219 151
-4.7584 -523.4201 3954.7295 238 236 168
-1.5861 -523.4201 3954.7295 237 236 166
1.5861 -523.4201 3954.7295 238 236 164
4.7584 -523.4201 3954.7295 239 236 165
7.9404 -524.0695 3959.6362 239 237 166
11.1304 -524.7205 3964.5549 237 235 164
14.3106 -524.7205 3964.5549 236 234 161
17.5124 -525.3732 3969.4861 235 232 160
20.6965 -525.3732 3969.4861 233 231 158
23.8806 -525.3732 3969.4861 231 229 155
27.0647 -525.3732 3969.4861 234 232 158
30.3242 -526.6833 3979.3850 234 232 161
33.5162 -526.6833 3979.3850 235 232 161
36.7082 -526.6833 3979.3850 234 233 160
39.9003 -526.6833 3979.3850 234 233 161
43.0923 -526.6833 3979.3850 232 231 159
46.2843 -526.6833 3979.3850 231 229 156
49.4763 -526.6833 3979.3850 234 233 160
52.6683 -526.6833 3979.3850 234 233 161
55.7908 -526.0275 3974.4294 234 232 161
58.9055 -525.3732 3969.4861 235 232 160
62.1669 -526.0275 3974.4294 230 227 155
65.5181 -527.3409 3984.3530 220 220 150
68.6284 -526.6833 3979.3850 217 217 146
71.7310 -526.0275 3974.4294 232 231 164
74.9191 -526.0275 3974.4294 212 213 148
78.1071 -526.0275 3974.4294 217 218 155
81.1940 -525.3732 3969.4861 223 225 159
84.3781 -525.3732 3969.4861 200 201 138
87.5622 -525.3732 3969.4861 198 200 138
90.7463 -525.3732 3969.4861 205 206 144
94.1646 -526.6833 3979.3850 234 237 170
107.1056 -579.4239 4377.8691 237 240 174
111.2276 -582.6207 4402.0229 237 239 174
114.7586 -582.6207 4402.0229 217 217 150
118.4530 -583.4254 4408.1030 197 196 124
122.4965 -585.8530 4426.4448 207 207 133
126.2222 -586.6667 4432.5928 210 209 136
129.9583 -587.4827 4438.7578 208 206 132
133.5188 -587.4827 4438.7578 211 209 134
136.8889 -586.6667 4432.5928 206 205 130
140.4445 -586.6667 4432.5928 216 216 142
144.0000 -586.6667 4432.5928 195 194 117
147.5556 -586.6667 4432.5928 198 200 129
151.3213 -587.4827 4438.7578 190 192 119
154.8818 -587.4827 4438.7578 210 209 134
158.6630 -588.3008 4444.9399 215 214 143
162.6816 -589.9442 4457.3560 204 204 133
166.7227 -591.5967 4469.8413 202 203 131
170.3081 -591.5967 4469.8413 198 199 129
173.8936 -591.5967 4469.8413 196 197 130
177.4790 -591.5967 4469.8413 193 195 129
180.8112 -590.7692 4463.5898 195 197 131
183.8773 -589.1213 4451.1392 200 201 132
187.1866 -588.3008 4444.9399 201 202 134
191.0181 -589.1213 4451.1392 203 203 135
194.8604 -589.9442 4457.3560 202 203 134
198.7133 -590.7692 4463.5898 199 200 129
202.2937 -590.7692 4463.5898 201 203 132
205.8741 -590.7692 4463.5898 202 202 131
209.1620 -589.9442 4457.3560 198 200 129
212.7375 -589.9442 4457.3560 201 202 137
215.7103 -588.3008 4444.9399 203 204 139
219.2758 -588.3008 4444.9399 206 207 140
222.8412 -588.3008 4444.9399 210 211 146
226.4067 -588.3008 4444.9399 216 218 153
229.6523 -587.4827 4438.7578 193 196 132
233.2128 -587.4827 4438.7578 189 192 132
236.7733 -587.4827 4438.7578 203 207 147
240.3338 -587.4827 4438.7578 228 232 168
243.5556 -586.6667 4432.5928 229 229 166
247.1111 -586.6667 4432.5928 215 208 149
250.6667 -586.6667 4432.5928 217 204 148
255.6425 -589.9442 4457.3560 217 204 148
249.8741 -531.9899 4019.4795 217 204 153
247.4877 -520.1971 3930.3777 216 203 151
256.3224 -531.9899 4019.4795 216 204 151
256.9576 -526.6833 3979.3850 216 205 151
258.8586 -524.0695 3959.6362 218 208 151
261.0630 -522.1261 3944.9526 231 225 148
263.5759 -520.8385 3935.2241 229 226 140
265.7494 -518.9189 3920.7207 236 236 157
267.9070 -517.0135 3906.3240 232 230 154
271.0404 -517.0135 3906.3240 213 211 137
274.1738 -517.0135 3906.3240 186 186 120
277.3072 -517.0135 3906.3240 182 183 115
280.4406 -517.0135 3906.3240 202 202 135
283.5741 -517.0135 3906.3240 204 206 136
287.0588 -517.6471 3911.1113 194 195 131
289.4866 -516.3814 3901.5486 198 198 133
292.6161 -516.3814 3901.5486 199 199 133
295.3846 -515.7510 3896.7849 197 197 130
297.7832 -514.4946 3887.2920 196 195 127
300.1701 -513.2443 3877.8455 199 197 130
302.1792 -511.3802 3863.7612 208 208 142
304.5411 -510.1450 3854.4285 219 218 150
307.6329 -510.1450 3854.4285 225 223 153
310.7247 -510.1450 3854.4285 227 225 153
314.1959 -510.7618 3859.0891 227 226 153
317.2914 -510.7618 3859.0891 228 227 153
321.1636 -512.0001 3868.4446 230 226 153
325.0547 -513.2443 3877.8455 229 226 151
328.5645 -513.8687 3882.5630 227 225 147
331.6789 -513.8687 3882.5630 228 225 148
335.2010 -514.4946 3887.2920 232 229 155
338.7318 -515.1219 3892.0327 229 228 154
342.2711 -515.7510 3896.7849 228 226 152
345.8191 -516.3814 3901.5486 226 225 153
348.9487 -516.3814 3901.5486 224 223 152
352.0782 -516.3814 3901.5486 219 218 150
355.2078 -516.3814 3901.5486 206 205 141
358.3374 -516.3814 3901.5486 200 200 135
361.0257 -515.7510 3896.7849 204 205 138
363.7073 -515.1219 3892.0327 204 203 137
366.8293 -515.1219 3892.0327 207 206 141
369.5006 -514.4946 3887.2920 205 207 142
370.8121 -512.0001 3868.4446 208 209 143
373.9152 -512.0001 3868.4446 203 204 140
376.5618 -511.3802 3863.7612 185 186 125
379.2019 -510.7618 3859.0891 192 194 136
382.2975 -510.7618 3859.0891 207 208 144
386.3273 -512.0001 3868.4446 225 224 154
389.9029 -512.6213 3873.1392 229 226 154
393.0097 -512.6213 3873.1392 225 225 155
398.5348 -515.7510 3896.7849 182 188 137
460.1308 -552.1569 4171.8521 230 192 162
463.4771 -552.1569 4171.8521 224 186 155
466.8236 -552.1569 4171.8521 221 186 155
469.5562 -551.4360 4166.4058 219 186 156
471.6667 -550.0001 4155.5557 193 160 134
475.0000 -550.0001 4155.5557 182 151 127
477.7114 -549.2849 4150.1519 177 147 120
481.0403 -549.2849 4150.1519 207 175 147
484.3694 -549.2849 4150.1519 204 170 143
488.3333 -550.0001 4155.5557 198 162 134
491.6667 -550.0001 4155.5557 206 167 137
495.0000 -550.0001 4155.5557 218 178 147
498.3333 -550.0001 4155.5557 227 186 155
501.0143 -549.2849 4150.1519 230 187 156
504.3433 -549.2849 4150.1519 230 188 155
507.6724 -549.2849 4150.1519 230 188 154
511.6667 -550.0001 4155.5557 231 188 154
515.0001 -550.0001 4155.5557 231 188 154
518.3333 -550.0001 4155.5557 231 187 154
520.9883 -549.2849 4150.1519 231 187 156
524.3173 -549.2849 4150.1519 231 188 156
526.9611 -548.5715 4144.7622 232 189 158
530.9753 -549.2849 4150.1519 231 190 159
534.3043 -549.2849 4150.1519 230 190 160
537.6333 -549.2849 4150.1519 230 191 162
540.9623 -549.2849 4150.1519 230 191 164
545.0001 -550.0001 4155.5557 231 191 164
548.3334 -550.0001 4155.5557 230 191 164
552.3859 -550.7171 4160.9736 227 190 164
555.0000 -550.0001 4155.5557 225 190 164
558.3334 -550.0001 4155.5557 217 185 161
561.6667 -550.0001 4155.5557 203 173 150
565.0001 -550.0001 4155.5557 195 165 142
567.5943 -549.2849 4150.1519 197 168 143
570.1818 -548.5715 4144.7622 197 168 143
573.5066 -548.5715 4144.7622 195 167 140
576.8312 -548.5715 4144.7622 198 169 144
579.4034 -547.8600 4139.3862 205 176 150
582.7238 -547.8600 4139.3862 184 154 131
585.2850 -547.1503 4134.0244 181 152 130
588.6011 -547.1503 4134.0244 195 167 144
591.9172 -547.1503 4134.0244 224 193 167
595.2332 -547.1503 4134.0244 227 195 171
599.3256 -547.8600 4139.3862 167 141 106
604.2133 -549.2849 4150.1519 158 134 85
608.3334 -550.0001 4155.5557 156 133 82
-293.6933 -521.4233 3915.9102 208 206 136
-290.1961 -520.7844 3911.1113 232 232 164
-287.0588 -520.7844 3911.1113 226 226 157
-283.9216 -520.7844 3911.1113 222 221 152
-280.7843 -520.7844 3911.1113 222 221 148
-277.6471 -520.7844 3911.1113 220 218 146
-274.5098 -520.7844 3911.1113 228 227 157
-271.3726 -520.7844 3911.1113 239 238 166
-267.9070 -520.1469 3906.3240 242 240 167
-264.7736 -520.1469 3906.3240 241 240 168
-261.9608 -520.7844 3911.1113 242 240 168
-258.8235 -520.7844 3911.1113 242 240 167
-255.6863 -520.7844 3911.1113 242 240 167
-252.5490 -520.7844 3911.1113 242 240 166
-249.1065 -520.1469 3906.3240 242 240 166
-246.2745 -520.7844 3911.1113 241 239 165
-243.1373 -520.7844 3911.1113 239 238 163
-240.0000 -520.7844 3911.1113 240 238 163
-236.8628 -520.7844 3911.1113 240 239 165
-234.0123 -521.4233 3915.9102 239 238 164
-230.8712 -521.4233 3915.9102 240 238 164
-227.7301 -521.4233 3915.9102 239 238 163
-224.3138 -520.7844 3911.1113 238 237 162
-220.9058 -520.1469 3906.3240 238 236 161
-217.7724 -520.1469 3906.3240 237 235 161
-214.3765 -519.5110 3901.5486 236 233 160
-211.2470 -519.5110 3901.5486 228 226 156
-208.1174 -519.5110 3901.5486 220 219 153
-204.9878 -519.5110 3901.5486 223 224 156
-202.1053 -520.1469 3906.3240 223 223 155
-198.9719 -520.1469 3906.3240 219 220 154
-196.0784 -520.7844 3911.1113 226 226 158
-192.9412 -520.7844 3911.1113 209 208 142
-189.8039 -520.7844 3911.1113 205 203 138
-186.6667 -520.7844 3911.1113 211 211 148
-183.3048 -520.1469 3906.3240 235 235 170
-180.1714 -520.1469 3906.3240 238 238 170
-176.8215 -519.5110 3901.5486 238 238 169
-173.4799 -518.8767 3896.7849 231 227 155
-170.3541 -518.8767 3896.7849 226 210 149
-167.2283 -518.8767 3896.7849 234 201 175
-181.6216 -574.2703 4312.7930 235 198 180
-178.1622 -574.2703 4312.7930 239 202 181
-173.9973 -571.9516 4295.3794 235 199 166
-169.8660 -569.6515 4278.1055 206 174 142
-165.5467 -566.6134 4255.2891 192 163 133
-161.9175 -565.8589 4249.6230 202 171 139
-158.5087 -565.8589 4249.6230 221 187 153
-155.0999 -565.8589 4249.6230 213 178 144
-151.6911 -565.8589 4249.6230 213 179 145
-148.4800 -566.6134 4255.2891 214 182 146
-145.2604 -567.3699 4260.9702 216 182 149
-141.8425 -567.3699 4260.9702 225 189 161
-138.4246 -567.3699 4260.9702 237 202 174
-135.0067 -567.3699 4260.9702 239 203 173
-131.5888 -567.3699 4260.9702 242 207 175
-128.1709 -567.3699 4260.9702 242 209 176
-124.9198 -568.1284 4266.6670 242 208 175
-121.9866 -570.4162 4283.8481 243 208 176
-119.0297 -572.7224 4301.1680 243 207 176
-115.8919 -574.2703 4312.7930 243 207 177
-112.4324 -574.2703 4312.7930 242 206 177
-108.9730 -574.2703 4312.7930 242 206 175
-105.3711 -573.4953 4306.9727 241 207 175
-101.9163 -573.4953 4306.9727 241 206 176
-98.5946 -574.2703 4312.7930 242 206 177
-95.5224 -576.6079 4330.3481 242 207 175
-92.1739 -577.3914 4336.2319 241 206 176
-88.6957 -577.3914 4336.2319 240 204 175
-85.2174 -577.3914 4336.2319 239 203 173
-81.7391 -577.3914 4336.2319 238 203 174
-78.1547 -576.6079 4330.3481 232 198 171
-74.5799 -575.8265 4324.4805 217 185 158
-71.1111 -575.8265 4324.4805 214 185 153
-67.4595 -574.2703 4312.7930 213 183 153
-64.0000 -574.2703 4312.7930 219 188 159
-60.5405 -574.2703 4312.7930 207 177 148
-57.0041 -573.4953 4306.9727 199 169 142
-53.3333 -571.1828 4289.6060 209 182 159
-49.4933 -566.6134 4255.2891 236 209 184
-45.9574 -565.1064 4243.9717 245 217 192
-42.6667 -566.6134 4255.2891 246 218 194
-20.4172 -521.4233 3915.9102 199 198 138
-17.2549 -520.7844 3911.1113 204 202 135
-14.1350 -521.4233 3915.9102 229 226 160
-10.9939 -521.4233 3915.9102 219 214 147
-7.8624 -522.0639 3920.7207 212 210 142
-4.7232 -522.7061 3925.5435 232 230 163
-1.5764 -523.3498 3930.3777 238 237 168
1.5764 -523.3498 3930.3777 237 237 165
4.7291 -523.3498 3930.3777 238 237 166
7.8915 -523.9951 3935.2241 238 237 169
11.0891 -525.9406 3949.8352 238 236 167
14.2574 -525.9406 3949.8352 236 234 162
17.4473 -526.5923 3954.7295 235 233 159
20.6452 -527.2457 3959.6362 235 233 159
23.8213 -527.2457 3959.6362 234 232 159
26.9975 -527.2457 3959.6362 234 231 158
30.2112 -527.9006 3964.5549 235 232 161
33.4328 -528.5573 3969.4861 235 233 162
36.6625 -529.2155 3974.4294 234 233 161
39.8506 -529.2155 3974.4294 234 233 160
43.0923 -529.8754 3979.3850 234 232 159
46.2843 -529.8754 3979.3850 235 234 160
49.4763 -529.8754 3979.3850 234 233 161
52.6027 -529.2155 3974.4294 234 233 161
55.6522 -527.9006 3964.5549 234 232 161
58.8323 -527.9006 3964.5549 234 232 160
62.0896 -528.5573 3969.4861 232 231 158
65.2736 -528.5573 3969.4861 231 231 159
68.3727 -527.9006 3964.5549 230 229 160
71.2871 -525.9406 3949.8352 223 222 155
74.2716 -524.6420 3940.0825 209 210 143
77.2414 -523.3498 3930.3777 217 217 153
80.2952 -522.7061 3925.5435 225 226 160
83.5468 -523.3498 3930.3777 201 202 138
86.6995 -523.3498 3930.3777 197 199 138
89.9630 -523.9951 3935.2241 205 206 141
93.9304 -528.5573 3969.4861 234 235 169
106.9589 -582.1370 4371.8721 238 240 178
111.2276 -586.1517 4402.0229 238 240 177
114.7586 -586.1517 4402.0229 222 223 157
118.4530 -586.9614 4408.1030 195 196 123
122.3269 -588.5873 4420.3140 199 200 127
126.0472 -589.4036 4426.4448 212 212 138
129.7778 -590.2222 4432.5928 209 208 134
133.3333 -590.2222 4432.5928 212 210 134
136.8889 -590.2222 4432.5928 207 204 130
140.4445 -590.2222 4432.5928 220 219 143
144.0000 -590.2222 4432.5928 227 225 147
147.5556 -590.2222 4432.5928 224 223 143
151.1111 -590.2222 4432.5928 226 225 146
154.8818 -591.0432 4438.7578 229 228 151
158.4423 -591.0432 4438.7578 220 218 145
162.2284 -591.8663 4444.9399 207 206 134
166.2570 -593.5196 4457.3560 206 206 132
169.8324 -593.5196 4457.3560 204 204 130
173.4078 -593.5196 4457.3560 203 203 130
176.9833 -593.5196 4457.3560 203 202 129
180.3069 -592.6918 4451.1392 203 202 130
183.6212 -591.8663 4444.9399 204 204 131
186.9263 -591.0432 4438.7578 205 204 134
190.4868 -591.0432 4438.7578 203 204 134
194.3176 -591.8663 4444.9399 214 217 146
198.1590 -592.6918 4451.1392 222 224 149
201.7294 -592.6918 4451.1392 222 223 150
205.2999 -592.6918 4451.1392 222 222 148
208.8703 -592.6918 4451.1392 217 218 143
212.1449 -591.8663 4444.9399 210 211 144
215.4103 -591.0432 4438.7578 201 202 136
218.6667 -590.2222 4432.5928 206 207 139
222.2222 -590.2222 4432.5928 208 209 143
225.7778 -590.2222 4432.5928 214 216 151
229.3333 -590.2222 4432.5928 195 198 134
232.8889 -590.2222 4432.5928 187 190 129
236.4445 -590.2222 4432.5928 198 201 142
240.0000 -590.2222 4432.5928 226 230 166
243.5556 -590.2222 4432.5928 229 231 166
247.1111 -590.2222 4432.5928 216 211 153
250.3190 -589.4036 4426.4448 213 203 153
254.2222 -590.2222 4432.5928 214 204 155
253.0982 -535.2142 4019.4795 207 201 152
257.2946 -537.2440 4034.7241 206 201 152
259.5466 -535.2142 4019.4795 206 200 152
260.8000 -531.2001 3989.3335 212 206 150
262.0348 -527.2457 3959.6362 230 225 145
263.5759 -523.9951 3935.2241 229 224 137
265.4233 -521.4233 3915.9102 237 235 155
267.9070 -520.1469 3906.3240 235 233 159
270.7090 -519.5110 3901.5486 216 215 141
273.8387 -519.5110 3901.5486 187 185 119
276.9682 -519.5110 3901.5486 182 180 112
280.0978 -519.5110 3901.5486 198 198 131
283.2274 -519.5110 3901.5486 206 207 140
286.3570 -519.5110 3901.5486 195 196 133
289.4866 -519.5110 3901.5486 198 198 134
292.2589 -518.8767 3896.7849 198 198 134
294.6651 -517.6127 3887.2920 197 197 133
297.4209 -516.9830 3882.5630 200 200 135
300.1701 -516.3549 3877.8455 199 198 132
301.4493 -513.2368 3854.4285 197 197 130
304.1737 -512.6177 3849.7791 196 196 131
307.2618 -512.6177 3849.7791 204 204 140
310.7247 -513.2368 3854.4285 213 213 149
313.8165 -513.2368 3854.4285 217 217 152
316.9082 -513.2368 3854.4285 221 221 153
320.3870 -513.8574 3859.0891 224 223 154
323.4825 -513.8574 3859.0891 224 223 152
326.9734 -514.4795 3863.7612 222 222 149
331.2758 -516.3549 3877.8455 223 221 149
334.7932 -516.9830 3882.5630 227 226 155
338.3192 -517.6127 3887.2920 221 221 155
341.8537 -518.2440 3892.0327 217 217 150
345.3969 -518.8767 3896.7849 208 209 144
348.5226 -518.8767 3896.7849 200 200 137
351.2195 -518.2440 3892.0327 201 202 138
354.3415 -518.2440 3892.0327 203 205 138
357.0280 -517.6127 3887.2920 204 206 139
359.2710 -516.3549 3877.8455 205 206 140
361.5031 -515.1031 3868.4446 205 206 140
363.7243 -513.8574 3859.0891 204 205 142
366.8199 -513.8574 3859.0891 202 204 142
368.5783 -512.0001 3845.1406 208 210 150
371.6627 -512.0001 3845.1406 207 208 148
374.7470 -512.0001 3845.1406 191 192 131
377.8313 -512.0001 3845.1406 191 192 133
380.9157 -512.0001 3845.1406 204 204 142
384.9276 -513.2368 3854.4285 225 224 155
388.0193 -513.2368 3854.4285 228 227 154
390.6394 -512.6177 3849.7791 227 227 157
393.7274 -512.6177 3849.7791 185 191 139
464.6920 -556.9594 4182.7871 225 186 152
465.6063 -554.0548 4160.9736 219 184 150
468.9440 -554.0548 4160.9736 217 184 150
471.6667 -553.3334 4155.5557 201 167 137
473.7663 -551.8961 4144.7622 181 149 123
477.0910 -551.8961 4144.7622 172 142 114
480.4156 -551.8961 4144.7622 193 163 133
483.7403 -551.8961 4144.7622 200 166 138
487.6983 -552.6138 4150.1519 196 162 133
491.0273 -552.6138 4150.1519 203 167 137
494.3564 -552.6138 4150.1519 202 165 135
497.6853 -552.6138 4150.1519 207 169 141
501.0143 -552.6138 4150.1519 216 177 150
503.6884 -551.8961 4144.7622 224 185 155
507.0131 -551.8961 4144.7622 229 187 155
511.0013 -552.6138 4150.1519 230 189 156
514.3303 -552.6138 4150.1519 230 188 156
516.9871 -551.8961 4144.7622 230 188 155
520.3118 -551.8961 4144.7622 230 188 156
523.6364 -551.8961 4144.7622 230 188 158
526.9611 -551.8961 4144.7622 231 189 160
530.2858 -551.8961 4144.7622 231 190 162
533.6104 -551.8961 4144.7622 230 190 162
537.6333 -552.6138 4150.1519 229 191 163
540.9623 -552.6138 4150.1519 229 191 163
544.2913 -552.6138 4150.1519 228 191 165
548.3334 -553.3334 4155.5557 224 189 164
551.6667 -553.3334 4155.5557 217 183 161
555.0000 -553.3334 4155.5557 203 171 152
558.3334 -553.3334 4155.5557 194 163 141
561.6667 -553.3334 4155.5557 195 165 139
563.5325 -551.8961 4144.7622 197 168 142
566.1219 -551.1804 4139.3862 199 171 145
568.7047 -550.4664 4134.0244 200 172 147
571.2808 -549.7542 4128.6763 197 170 144
574.5925 -549.7542 4128.6763 193 165 140
577.1577 -549.0440 4123.3423 201 172 148
580.4651 -549.0440 4123.3423 197 168 143
582.2681 -547.6289 4112.7148 181 151 129
584.0618 -546.2211 4102.1426 192 163 141
587.3522 -546.2211 4102.1426 211 180 156
589.8845 -545.5200 4096.8765 231 199 175
593.1708 -545.5200 4096.8765 205 185 156
598.7629 -547.6289 4112.7148 188 179 141
603.6176 -549.0440 4123.3423 187 180 141
759.1863 -665.0392 4994.4707 188 183 144
762.0001 -664.0001 4986.6670 188 184 144
766.0001 -664.0001 4986.6670 189 184 144
768.7988 -662.9641 4978.8872 190 183 144
771.5888 -661.9315 4971.1318 191 184 144
778.0001 -664.0001 4986.6670 192 185 145
783.2238 -665.0392 4994.4707 193 186 146
-293.3333 -523.9216 3911.1113 205 204 136
-289.8409 -523.2803 3906.3240 232 231 164
-286.7075 -523.2803 3906.3240 227 227 156
-283.5741 -523.2803 3906.3240 222 221 150
-280.4406 -523.2803 3906.3240 222 222 150
-277.3072 -523.2803 3906.3240 224 222 150
-273.8387 -522.6406 3901.5486 220 218 149
-270.7090 -522.6406 3901.5486 221 221 151
-267.5795 -522.6406 3901.5486 232 232 164
-264.4499 -522.6406 3901.5486 238 238 169
-261.3203 -522.6406 3901.5486 240 240 169
-258.5067 -523.2803 3906.3240 241 240 167
-255.3733 -523.2803 3906.3240 240 240 166
-252.2399 -523.2803 3906.3240 241 239 167
-249.1065 -523.2803 3906.3240 241 239 166
-245.9731 -523.2803 3906.3240 240 239 164
-242.8397 -523.2803 3906.3240 240 238 164
-240.0000 -523.9216 3911.1113 240 238 163
-236.8628 -523.9216 3911.1113 241 238 164
-233.7255 -523.9216 3911.1113 240 238 166
-230.5883 -523.9216 3911.1113 239 238 166
-227.4510 -523.9216 3911.1113 239 237 162
-224.0392 -523.2803 3906.3240 237 235 161
-220.6357 -522.6406 3901.5486 232 230 160
-217.5061 -522.6406 3901.5486 224 222 151
-214.3765 -522.6406 3901.5486 216 214 142
-211.2470 -522.6406 3901.5486 219 218 147
-208.1174 -522.6406 3901.5486 225 223 154
-204.9878 -522.6406 3901.5486 224 223 155
-201.8582 -522.6406 3901.5486 220 221 153
-198.9719 -523.2803 3906.3240 221 221 154
-195.8384 -523.2803 3906.3240 228 228 160
-192.9412 -523.9216 3911.1113 206 206 138
-189.5716 -523.2803 3906.3240 204 203 141
-186.4382 -523.2803 3906.3240 209 211 151
-183.0807 -522.6406 3901.5486 235 236 170
-179.7314 -522.0025 3896.7849 239 238 168
-176.6056 -522.0025 3896.7849 240 239 169
-173.4799 -522.0025 3896.7849 231 227 153
-170.3541 -522.0025 3896.7849 226 211 147
-177.4428 -575.3971 4295.3794 238 203 182
-173.0656 -572.3159 4272.3784 235 201 168
-168.7350 -569.2677 4249.6230 209 177 142
-164.6684 -567.0027 4232.7144 193 163 130
-161.2732 -567.0027 4232.7144 198 170 137
-158.0876 -567.7556 4238.3354 224 191 159
-154.8936 -568.5106 4243.9717 213 180 145
-151.4894 -568.5106 4243.9717 208 177 143
-148.0851 -568.5106 4243.9717 216 185 154
-144.8735 -569.2677 4249.6230 217 184 152
-141.4647 -569.2677 4249.6230 216 183 150
-138.0559 -569.2677 4249.6230 217 184 151
-134.4681 -568.5106 4243.9717 220 186 157
-131.0638 -568.5106 4243.9717 227 194 167
-127.6596 -568.5106 4243.9717 235 202 175
-124.2553 -568.5106 4243.9717 240 206 178
-120.8511 -568.5106 4243.9717 241 206 177
-117.7600 -570.0267 4255.2891 241 206 175
-114.4993 -570.7877 4260.9702 241 207 178
-111.0814 -570.7877 4260.9702 241 207 178
-107.6636 -570.7877 4260.9702 242 206 176
-104.1067 -570.0267 4255.2891 241 204 174
-100.6933 -570.0267 4255.2891 241 205 176
-97.2800 -570.0267 4255.2891 241 206 177
-93.9920 -570.7877 4260.9702 241 206 177
-90.6952 -571.5508 4266.6670 238 203 175
-87.3896 -572.3159 4272.3784 234 199 173
-83.9625 -572.3159 4272.3784 227 191 166
-80.5355 -572.3159 4272.3784 217 184 159
-77.1084 -572.3159 4272.3784 215 183 154
-73.3867 -570.0267 4255.2891 215 184 154
-70.0668 -570.7877 4260.9702 216 185 153
-66.6489 -570.7877 4260.9702 213 182 151
-63.2310 -570.7877 4260.9702 218 186 159
-59.8931 -571.5508 4266.6670 217 186 157
-56.4706 -571.5508 4266.6670 194 166 137
-52.9067 -570.0267 4255.2891 210 185 160
-49.3617 -568.5106 4243.9717 229 203 179
-45.8964 -567.7556 4238.3354 245 217 192
-42.5532 -568.5106 4243.9717 246 219 191
-23.5872 -525.2089 3920.7207 212 210 143
-20.3922 -523.9216 3911.1113 200 201 141
-17.2549 -523.9216 3911.1113 204 203 138
-14.1176 -523.9216 3911.1113 227 226 159
-10.9804 -523.9216 3911.1113 218 217 151
-7.8528 -524.5645 3915.9102 212 211 141
-4.7117 -524.5645 3915.9102 217 215 146
-1.5725 -525.2089 3920.7207 229 228 161
1.5725 -525.2089 3920.7207 237 237 167
4.7117 -524.5645 3915.9102 238 237 165
7.8528 -524.5645 3915.9102 238 236 165
11.0074 -525.2089 3920.7207 239 237 164
14.1697 -525.8549 3925.5435 238 235 163
17.3186 -525.8549 3925.5435 236 234 160
20.5432 -527.8025 3940.0825 235 233 159
23.7037 -527.8025 3940.0825 234 232 158
26.8974 -528.4549 3944.9526 235 231 157
30.0990 -529.1089 3949.8352 234 232 158
33.3086 -529.7646 3954.7295 235 233 159
36.5261 -530.4219 3959.6362 235 233 161
39.7022 -530.4219 3959.6362 235 233 160
42.8784 -530.4219 3959.6362 234 232 158
46.0546 -530.4219 3959.6362 234 232 158
49.2308 -530.4219 3959.6362 234 234 162
52.4070 -530.4219 3959.6362 234 234 163
55.4455 -529.1089 3949.8352 233 233 161
58.6139 -529.1089 3949.8352 233 232 162
61.8587 -529.7646 3954.7295 233 231 161
65.0310 -529.7646 3954.7295 231 230 163
68.0346 -528.4549 3944.9526 222 221 153
70.7617 -525.2089 3920.7207 211 211 142
73.9066 -525.2089 3920.7207 214 214 147
77.0516 -525.2089 3920.7207 217 218 152
80.0982 -524.5645 3915.9102 225 225 161
83.3415 -525.2089 3920.7207 202 201 136
86.4865 -525.2089 3920.7207 199 200 136
89.7417 -525.8549 3925.5435 204 207 147
93.0049 -526.5025 3930.3777 232 233 167
106.9589 -585.6439 4371.8721 239 240 177
111.3812 -590.4973 4408.1030 239 242 181
114.9171 -590.4973 4408.1030 219 220 158
118.6169 -591.3140 4414.2002 196 196 126
122.3269 -592.1330 4420.3140 199 198 125
126.0472 -592.9543 4426.4448 217 214 141
129.7778 -593.7778 4432.5928 213 211 136
133.3333 -593.7778 4432.5928 210 208 133
136.8889 -593.7778 4432.5928 207 205 131
140.4445 -593.7778 4432.5928 210 208 136
144.0000 -593.7778 4432.5928 217 216 144
147.5556 -593.7778 4432.5928 219 218 144
151.1111 -593.7778 4432.5928 218 217 145
154.6667 -593.7778 4432.5928 217 217 145
158.2222 -593.7778 4432.5928 211 213 143
162.2284 -595.4318 4444.9399 204 205 135
165.7939 -595.4318 4444.9399 209 209 135
169.5956 -596.2623 4451.1392 211 209 135
173.1660 -596.2623 4451.1392 209 207 134
176.7364 -596.2623 4451.1392 208 206 132
180.0557 -595.4318 4444.9399 208 206 132
183.3658 -594.6037 4438.7578 205 206 134
186.6667 -593.7778 4432.5928 204 205 133
190.2222 -593.7778 4432.5928 204 205 135
194.0473 -594.6037 4438.7578 204 206 137
197.8830 -595.4318 4444.9399 209 208 137
201.4485 -595.4318 4444.9399 207 206 137
205.0139 -595.4318 4444.9399 204 204 136
208.5794 -595.4318 4444.9399 204 206 138
211.8498 -594.6037 4438.7578 201 205 142
215.1111 -593.7778 4432.5928 203 205 141
218.6667 -593.7778 4432.5928 205 207 141
222.2222 -593.7778 4432.5928 203 205 139
225.7778 -593.7778 4432.5928 210 211 148
229.3333 -593.7778 4432.5928 204 205 142
232.8889 -593.7778 4432.5928 189 192 131
236.1165 -592.9543 4426.4448 195 199 142
239.6671 -592.9543 4426.4448 221 224 163
243.2178 -592.9543 4426.4448 230 232 166
246.0858 -591.3140 4414.2002 219 217 162
249.6266 -591.3140 4414.2002 209 202 164
253.1674 -591.3140 4414.2002 210 202 168
255.3494 -543.2275 4055.2310 219 210 177
257.9468 -541.8505 4044.9514 218 211 176
260.2020 -539.7980 4029.6296 218 210 177
261.4536 -535.7394 3999.3318 224 216 169
262.3603 -531.0808 3964.5549 231 226 147
263.2513 -526.5025 3930.3777 228 223 137
265.0981 -523.9216 3911.1113 237 232 151
267.5795 -522.6406 3901.5486 237 235 161
270.7090 -522.6406 3901.5486 221 219 146
273.5043 -522.0025 3896.7849 193 189 121
276.2927 -521.3659 3892.0327 184 180 111
279.4147 -521.3659 3892.0327 196 196 127
282.5366 -521.3659 3892.0327 205 205 135
285.6586 -521.3659 3892.0327 194 196 131
288.4287 -520.7308 3887.2920 196 198 133
291.5469 -520.7308 3887.2920 194 196 133
294.3066 -520.0974 3882.5630 194 197 133
297.0596 -519.4654 3877.8455 197 199 134
298.7183 -516.9529 3859.0891 199 199 133
301.0857 -515.7057 3849.7791 201 200 132
304.1737 -515.7057 3849.7791 202 203 136
307.2618 -515.7057 3849.7791 201 202 139
310.3498 -515.7057 3849.7791 196 197 136
313.0603 -515.0844 3845.1406 198 200 138
316.1446 -515.0844 3845.1406 198 200 138
319.2289 -515.0844 3845.1406 199 200 138
322.3133 -515.0844 3845.1406 200 202 143
325.3976 -515.0844 3845.1406 200 203 144
328.8782 -515.7057 3849.7791 200 202 143
332.3672 -516.3286 3854.4285 202 203 143
335.4590 -516.3286 3854.4285 199 201 139
338.5508 -516.3286 3854.4285 196 198 137
341.6425 -516.3286 3854.4285 200 203 141
344.7343 -516.3286 3854.4285 201 204 140
347.4066 -515.7057 3849.7791 204 206 141
350.4946 -515.7057 3849.7791 205 207 143
353.5826 -515.7057 3849.7791 204 206 143
356.2410 -515.0844 3845.1406 203 204 143
358.8929 -514.4645 3840.5134 203 205 144
361.5385 -513.8462 3835.8975 202 205 143
364.6154 -513.8462 3835.8975 200 201 139
367.6923 -513.8462 3835.8975 206 206 144
370.7693 -513.8462 3835.8975 211 213 151
374.2960 -514.4645 3840.5134 190 190 130
376.9231 -513.8462 3835.8975 189 191 131
380.4573 -514.4645 3840.5134 198 201 138
383.5379 -514.4645 3840.5134 226 225 157
387.0844 -515.0844 3845.1406 229 228 156
389.6992 -514.4645 3840.5134 230 230 160
392.3077 -513.8462 3835.8975 203 210 151
396.8155 -515.7057 3849.7791 195 210 158
467.1410 -563.2675 4204.8311 226 186 152
464.3954 -555.9428 4150.1519 220 183 149
467.7243 -555.9428 4150.1519 216 182 149
470.4416 -555.2209 4144.7622 211 178 145
473.1518 -554.5007 4139.3862 182 150 124
475.8549 -553.7824 4134.0244 172 142 115
479.1710 -553.7824 4134.0244 179 150 120
482.4871 -553.7824 4134.0244 202 170 142
485.8031 -553.7824 4134.0244 199 167 139
489.1192 -553.7824 4134.0244 197 166 139
492.4353 -553.7824 4134.0244 199 169 142
495.1100 -553.0660 4128.6763 202 170 145
498.4218 -553.0660 4128.6763 201 168 142
501.0854 -552.3515 4123.3423 202 169 142
504.3928 -552.3515 4123.3423 206 172 146
508.3571 -553.0660 4128.6763 208 175 152
511.6689 -553.0660 4128.6763 215 180 157
514.3153 -552.3515 4123.3423 219 181 159
517.6228 -552.3515 4123.3423 221 184 161
520.9303 -552.3515 4123.3423 223 188 164
524.2378 -552.3515 4123.3423 222 188 165
527.5453 -552.3515 4123.3423 221 187 165
531.5395 -553.0660 4128.6763 219 185 163
535.5441 -553.7824 4134.0244 215 182 160
538.8601 -553.7824 4134.0244 210 178 158
542.1762 -553.7824 4134.0244 201 171 152
545.4922 -553.7824 4134.0244 195 165 146
548.8083 -553.7824 4134.0244 192 163 142
552.1244 -553.7824 4134.0244 194 165 141
554.7219 -553.0660 4128.6763 195 167 142
558.0336 -553.0660 4128.6763 196 167 143
561.3455 -553.0660 4128.6763 198 168 143
563.2000 -551.6387 4118.0215 197 169 145
566.5032 -551.6387 4118.0215 195 167 144
567.6093 -549.5117 4102.1426 195 168 143
570.8998 -549.5117 4102.1426 192 164 140
572.7180 -548.1026 4091.6240 201 174 147
576.0000 -548.1026 4091.6240 207 180 153
577.8005 -546.7008 4081.1594 183 154 131
581.0742 -546.7008 4081.1594 183 154 132
584.3478 -546.7008 4081.1594 200 169 145
587.6215 -546.7008 4081.1594 231 197 170
590.8951 -546.7008 4081.1594 221 194 168
595.6923 -548.1026 4091.6240 193 182 151
600.5142 -549.5117 4102.1426 189 183 151
603.8047 -549.5117 4102.1426 189 184 152
758.0001 -668.0001 4986.6670 193 189 158
762.0001 -668.0001 4986.6670 193 190 158
764.8050 -666.9579 4978.8872 194 190 157
768.7988 -666.9579 4978.8872 196 191 159
771.5888 -665.9190 4971.1318 197 193 160
778.0001 -668.0001 4986.6670 197 193 161
783.2238 -669.0455 4994.4707 198 194 161
-292.9743 -526.4138 3906.3240 210 208 140
-289.4866 -525.7702 3901.5486 233 231 163
-286.0074 -525.1282 3896.7849 228 227 156
-283.2274 -525.7702 3901.5486 222 221 153
-279.7558 -525.1282 3896.7849 223 223 156
-276.6301 -525.1282 3896.7849 224 224 154
-273.1708 -524.4879 3892.0327 223 223 151
-270.0488 -524.4879 3892.0327 222 222 150
-266.9268 -524.4879 3892.0327 220 219 150
-263.8049 -524.4879 3892.0327 220 219 153
-260.6830 -524.4879 3892.0327 223 224 157
-257.5610 -524.4879 3892.0327 227 228 161
-255.0611 -525.7702 3901.5486 232 232 162
-251.9315 -525.7702 3901.5486 236 235 166
-248.8020 -525.7702 3901.5486 237 236 166
-245.6724 -525.7702 3901.5486 237 235 165
-242.5428 -525.7702 3901.5486 236 236 164
-239.7063 -526.4138 3906.3240 237 236 165
-236.5728 -526.4138 3906.3240 237 235 164
-233.4394 -526.4138 3906.3240 233 232 163
-230.3060 -526.4138 3906.3240 228 228 160
-227.1726 -526.4138 3906.3240 223 223 155
-223.7653 -525.7702 3901.5486 216 216 149
-220.3663 -525.1282 3896.7849 215 214 144
-217.2406 -525.1282 3896.7849 217 215 144
-214.1148 -525.1282 3896.7849 219 218 145
-210.9890 -525.1282 3896.7849 220 220 150
-207.8633 -525.1282 3896.7849 222 223 156
-204.7375 -525.1282 3896.7849 223 224 158
-201.6117 -525.1282 3896.7849 219 220 154
-198.7286 -525.7702 3901.5486 221 222 157
-195.8384 -526.4138 3906.3240 228 229 161
-192.7050 -526.4138 3906.3240 207 208 139
-189.3399 -525.7702 3901.5486 202 202 138
-186.2103 -525.7702 3901.5486 207 210 150
-182.8572 -525.1282 3896.7849 234 236 169
-179.5122 -524.4879 3892.0327 238 238 167
-176.3903 -524.4879 3892.0327 239 238 169
-173.4799 -525.1282 3896.7849 230 226 151
-170.3541 -525.1282 3896.7849 224 214 144
-176.4926 -575.7430 4272.3784 240 207 186
-171.9149 -571.9149 4243.9717 237 203 173
-168.0637 -570.3979 4232.7144 208 175 141
-164.2328 -568.8890 4221.5171 189 158 127
-160.8466 -568.8890 4221.5171 197 167 133
-157.4603 -568.8890 4221.5171 223 191 161
-154.4828 -570.3979 4232.7144 216 183 151
-151.0875 -570.3979 4232.7144 211 180 146
-147.8884 -571.1554 4238.3354 210 181 147
-144.4887 -571.1554 4238.3354 214 182 149
-141.0890 -571.1554 4238.3354 221 187 153
-137.8723 -571.9149 4243.9717 221 186 154
-134.4681 -571.9149 4243.9717 220 186 154
-131.0638 -571.9149 4243.9717 218 184 151
-127.6596 -571.9149 4243.9717 216 184 152
-124.2553 -571.9149 4243.9717 216 183 155
-120.8511 -571.9149 4243.9717 219 187 160
-117.4468 -571.9149 4243.9717 220 187 160
-114.1944 -572.6765 4249.6230 223 189 163
-110.7856 -572.6765 4249.6230 224 190 165
-107.3768 -572.6765 4249.6230 225 190 165
-103.8298 -571.9149 4243.9717 225 191 166
-100.4255 -571.9149 4243.9717 223 192 166
-97.0213 -571.9149 4243.9717 222 189 165
-93.7417 -572.6765 4249.6230 218 186 162
-90.3329 -572.6765 4249.6230 214 181 154
-87.0400 -573.4401 4255.2891 212 180 150
-83.7383 -574.2056 4260.9702 215 183 153
-80.2133 -573.4401 4255.2891 217 186 156
-76.8000 -573.4401 4255.2891 216 186 154
-73.1915 -571.9149 4243.9717 217 186 157
-69.8802 -572.6765 4249.6230 217 185 155
-66.3830 -571.9149 4243.9717 212 180 150
-63.0626 -572.6765 4249.6230 220 188 160
-59.6538 -572.6765 4249.6230 224 193 165
-56.2450 -572.6765 4249.6230 198 169 140
-52.7660 -571.9149 4243.9717 205 180 155
-49.2962 -571.1554 4238.3354 223 198 172
-45.8355 -570.3979 4232.7144 246 219 193
-42.4967 -571.1554 4238.3354 246 220 192
-23.5872 -528.3538 3920.7207 212 210 143
-20.3922 -527.0588 3911.1113 196 198 138
-17.2549 -527.0588 3911.1113 204 203 139
-14.1176 -527.0588 3911.1113 226 225 158
-10.9804 -527.0588 3911.1113 219 219 154
-7.8431 -527.0588 3911.1113 216 215 148
-4.7059 -527.0588 3911.1113 219 217 150
-1.5706 -527.7055 3915.9102 216 215 148
1.5686 -527.0588 3911.1113 221 222 155
4.7059 -527.0588 3911.1113 232 231 163
7.8431 -527.0588 3911.1113 237 235 163
10.9804 -527.0588 3911.1113 239 237 166
14.1176 -527.0588 3911.1113 238 236 165
17.2549 -527.0588 3911.1113 236 234 162
20.3922 -527.0588 3911.1113 235 233 159
23.5294 -527.0588 3911.1113 235 232 158
26.6667 -527.0588 3911.1113 235 232 158
29.8039 -527.0588 3911.1113 234 232 158
32.9816 -527.7055 3915.9102 234 232 160
36.1671 -528.3538 3920.7207 234 233 160
39.3604 -529.0037 3925.5435 233 233 159
42.5092 -529.0037 3925.5435 233 232 157
45.6581 -529.0037 3925.5435 233 231 156
48.8069 -529.0037 3925.5435 234 232 160
51.9557 -529.0037 3925.5435 236 234 162
55.1046 -529.0037 3925.5435 235 233 162
58.2534 -529.0037 3925.5435 233 232 163
61.4022 -529.0037 3925.5435 229 227 160
64.4717 -528.3538 3920.7207 216 216 150
67.5337 -527.7055 3915.9102 210 211 142
70.5882 -527.0588 3911.1113 215 214 145
73.7255 -527.0588 3911.1113 218 218 151
76.8628 -527.0588 3911.1113 218 219 154
80.0000 -527.0588 3911.1113 224 225 160
83.1373 -527.0588 3911.1113 204 204 140
86.2745 -527.0588 3911.1113 199 200 138
89.5215 -527.7055 3915.9102 204 207 150
92.6626 -527.7055 3915.9102 231 232 166
107.2527 -590.7692 4383.8828 238 239 175
111.3812 -594.0331 4408.1030 240 242 183
114.9171 -594.0331 4408.1030 221 223 162
118.6169 -594.8548 4414.2002 198 199 132
122.3269 -595.6787 4420.3140 195 195 123
125.8726 -595.6787 4420.3140 216 214 141
129.5978 -596.5049 4426.4448 212 209 137
133.3333 -597.3334 4432.5928 206 206 131
136.6990 -596.5049 4426.4448 207 207 132
140.4445 -597.3334 4432.5928 207 205 132
143.8003 -596.5049 4426.4448 205 206 132
147.5556 -597.3334 4432.5928 208 209 137
150.9015 -596.5049 4426.4448 209 208 138
154.6667 -597.3334 4432.5928 209 208 135
158.2222 -597.3334 4432.5928 209 208 137
161.7778 -597.3334 4432.5928 208 207 138
165.7939 -598.9973 4444.9399 209 208 136
169.3593 -598.9973 4444.9399 209 208 136
172.9248 -598.9973 4444.9399 207 207 133
176.4903 -598.9973 4444.9399 208 206 133
179.8053 -598.1642 4438.7578 208 206 133
183.1111 -597.3334 4432.5928 204 205 134
186.6667 -597.3334 4432.5928 203 206 136
190.2222 -597.3334 4432.5928 206 206 139
193.7778 -597.3334 4432.5928 205 208 142
197.3334 -597.3334 4432.5928 204 206 139
201.1683 -598.1642 4438.7578 204 205 140
204.7288 -598.1642 4438.7578 204 205 142
208.2893 -598.1642 4438.7578 203 208 142
211.5556 -597.3334 4432.5928 201 204 145
215.1111 -597.3334 4432.5928 203 205 144
218.6667 -597.3334 4432.5928 201 205 143
221.9140 -596.5049 4426.4448 204 207 143
225.4646 -596.5049 4426.4448 208 209 144
229.0153 -596.5049 4426.4448 210 214 150
232.5659 -596.5049 4426.4448 189 192 130
236.1165 -596.5049 4426.4448 194 197 139
239.6671 -596.5049 4426.4448 211 216 154
243.2178 -596.5049 4426.4448 229 232 166
246.0858 -594.8548 4414.2002 223 224 162
248.9379 -593.2138 4402.0229 205 202 158
252.4690 -593.2138 4402.0229 203 199 163
259.5919 -548.5714 4070.7483 207 203 172
260.5310 -543.7169 4034.7241 207 203 172
262.4403 -540.9812 4014.4236 219 216 167
263.0137 -535.5916 3974.4294 231 227 148
262.9275 -529.0037 3925.5435 229 224 138
264.7736 -526.4138 3906.3240 235 232 148
267.2528 -525.1282 3896.7849 237 236 161
269.7198 -523.8490 3887.2920 226 224 151
272.5061 -523.2117 3882.5630 193 190 123
274.6182 -521.3091 3868.4446 183 180 112
277.3850 -520.6780 3863.7612 194 193 125
279.8068 -519.4203 3854.4285 206 204 134
282.5573 -518.7938 3849.7791 197 198 132
285.6454 -518.7938 3849.7791 196 197 132
288.3856 -518.1687 3845.1406 195 193 128
292.1740 -519.4203 3854.4285 209 208 138
294.5542 -518.1687 3845.1406 219 216 143
297.6385 -518.1687 3845.1406 218 216 143
300.3610 -517.5452 3840.5134 216 217 144
303.4417 -517.5452 3840.5134 218 218 145
306.8916 -518.1687 3845.1406 213 213 144
309.9759 -518.1687 3845.1406 199 200 134
313.0603 -518.1687 3845.1406 199 199 134
316.1446 -518.1687 3845.1406 199 200 135
319.2289 -518.1687 3845.1406 200 201 137
321.9254 -517.5452 3840.5134 199 202 138
325.0060 -517.5452 3840.5134 198 200 137
328.0867 -517.5452 3840.5134 201 203 137
331.9662 -518.7938 3849.7791 204 205 141
335.0543 -518.7938 3849.7791 204 206 141
338.1424 -518.7938 3849.7791 199 203 139
341.2304 -518.7938 3849.7791 205 209 147
344.3185 -518.7938 3849.7791 211 214 148
346.9880 -518.1687 3845.1406 213 215 145
350.0723 -518.1687 3845.1406 214 214 145
352.7317 -517.5452 3840.5134 214 214 144
355.8123 -517.5452 3840.5134 212 213 147
358.4615 -516.9231 3835.8975 202 205 141
361.5385 -516.9231 3835.8975 202 205 141
364.1777 -516.3026 3831.2927 202 202 138
367.2509 -516.3026 3831.2927 205 205 140
370.7693 -516.9231 3835.8975 212 214 149
373.8462 -516.9231 3835.8975 188 187 126
376.9231 -516.9231 3835.8975 186 189 130
380.0000 -516.9231 3835.8975 194 197 137
383.0769 -516.9231 3835.8975 224 226 158
386.1539 -516.9231 3835.8975 229 230 160
389.2308 -516.9231 3835.8975 231 231 164
392.3077 -516.9231 3835.8975 210 219 159
395.3846 -516.9231 3835.8975 198 213 165
473.6000 -614.4000 4559.2383 198 212 168
464.6920 -563.6697 4182.7871 226 186 155
457.8462 -551.3846 4091.6240 217 181 148
462.3137 -552.8021 4102.1426 215 180 147
465.6042 -552.8021 4102.1426 213 179 148
468.8947 -552.8021 4102.1426 185 153 127
471.5789 -552.0925 4096.8765 173 145 120
474.2564 -551.3846 4091.6240 176 148 120
477.5385 -551.3846 4091.6240 203 175 147
480.8206 -551.3846 4091.6240 197 168 143
484.1026 -551.3846 4091.6240 192 163 140
486.7606 -550.6786 4086.3850 195 168 146
490.0384 -550.6786 4086.3850 194 168 147
492.6855 -549.9745 4081.1594 196 170 148
495.3257 -549.2720 4075.9473 198 172 148
499.2328 -549.9745 4081.1594 198 170 147
503.1498 -550.6786 4086.3850 197 167 145
507.0770 -551.3846 4091.6240 199 168 147
510.3590 -551.3846 4091.6240 196 166 145
513.6411 -551.3846 4091.6240 193 165 143
516.9232 -551.3846 4091.6240 197 168 145
520.2052 -551.3846 4091.6240 198 168 145
524.1592 -552.0925 4096.8765 196 168 145
527.4455 -552.0925 4096.8765 193 166 143
530.7318 -552.0925 4096.8765 195 168 145
534.0180 -552.0925 4096.8765 195 168 145
536.6154 -551.3846 4091.6240 194 167 143
539.8975 -551.3846 4091.6240 195 166 142
543.1795 -551.3846 4091.6240 196 167 143
547.1631 -552.0925 4096.8765 210 179 154
550.4493 -552.0925 4096.8765 211 182 155
553.7356 -552.0925 4096.8765 213 184 156
556.3077 -551.3846 4091.6240 215 185 158
558.8732 -550.6786 4086.3850 218 187 162
562.1511 -550.6786 4086.3850 202 172 151
563.9847 -549.2720 4075.9473 195 166 142
567.2542 -549.2720 4075.9473 196 168 143
570.5237 -549.2720 4075.9473 199 171 146
573.7932 -549.2720 4075.9473 204 177 150
576.3265 -548.5714 4070.7483 188 161 136
579.5919 -548.5714 4070.7483 182 154 131
582.8572 -548.5714 4070.7483 196 166 142
586.1224 -548.5714 4070.7483 223 190 163
589.3878 -548.5714 4070.7483 228 199 172
594.1688 -549.9745 4081.1594 201 185 156
598.9744 -551.3846 4091.6240 189 184 153
602.2564 -551.3846 4091.6240 188 185 153
606.3158 -552.0925 4096.8765 188 186 153
609.6021 -552.0925 4096.8765 189 186 154
758.0001 -672.0001 4986.6670 191 187 155
762.0001 -672.0001 4986.6670 191 188 156
764.8050 -670.9517 4978.8872 192 188 156
795.2426 -673.0517 4994.4707 195 191 161
796.7551 -670.9517 4978.8872 195 192 161
800.7488 -670.9517 4978.8872 196 193 162
807.2614 -673.0517 4994.4707 196 193 162
-292.2589 -528.2540 3896.7849 209 206 139
-286.3362 -523.1439 3859.0891 232 229 159
-282.8986 -522.5121 3854.4285 225 224 154
-279.8068 -522.5121 3854.4285 220 220 152
-276.7150 -522.5121 3854.4285 221 222 157
-273.9540 -523.1439 3859.0891 219 222 155
-270.8586 -523.1439 3859.0891 223 224 156
-267.7630 -523.1439 3859.0891 221 223 154
-264.6675 -523.1439 3859.0891 221 222 154
-261.5720 -523.1439 3859.0891 221 222 154
-258.4764 -523.1439 3859.0891 220 221 153
-256.0000 -524.4122 3868.4446 215 217 150
-253.8200 -526.3260 3882.5630 217 218 150
-250.7056 -526.3260 3882.5630 218 219 152
-247.5912 -526.3260 3882.5630 220 220 153
-244.7747 -526.9672 3887.2920 217 219 152
-241.6565 -526.9672 3887.2920 218 220 152
-238.5384 -526.9672 3887.2920 217 219 150
-235.4202 -526.9672 3887.2920 219 220 152
-232.3021 -526.9672 3887.2920 217 216 147
-229.1839 -526.9672 3887.2920 216 215 147
-226.0658 -526.9672 3887.2920 215 215 149
-222.9476 -526.9672 3887.2920 220 219 151
-219.5621 -526.3260 3882.5630 219 218 149
-216.4477 -526.3260 3882.5630 218 217 148
-213.3333 -526.3260 3882.5630 218 218 149
-210.2190 -526.3260 3882.5630 217 217 151
-207.3569 -526.9672 3887.2920 218 220 156
-204.2387 -526.9672 3887.2920 221 222 158
-201.3659 -527.6098 3892.0327 218 219 153
-198.4860 -528.2540 3896.7849 223 224 157
-195.3602 -528.2540 3896.7849 229 228 161
-192.2345 -528.2540 3896.7849 207 205 138
-189.1087 -528.2540 3896.7849 205 204 139
-185.7561 -527.6098 3892.0327 210 212 149
-182.6342 -527.6098 3892.0327 235 237 169
-179.0754 -526.3260 3882.5630 238 237 167
-175.9611 -526.3260 3882.5630 237 238 168
-173.0573 -526.9672 3887.2920 230 226 152
-170.3541 -528.2540 3896.7849 224 214 143
-175.3192 -575.3192 4243.9717 236 219 190
-170.1053 -569.2632 4199.2983 235 207 174
-166.2992 -567.7690 4188.2764 210 180 144
-162.5131 -566.2828 4177.3125 188 159 129
-159.1623 -566.2828 4177.3125 192 160 127
-155.8115 -566.2828 4177.3125 223 189 157
-152.6606 -567.0249 4182.7871 218 183 148
-149.5013 -567.7690 4188.2764 214 180 145
-145.9502 -567.0249 4182.7871 210 179 145
-142.7822 -567.7690 4188.2764 223 190 158
-139.4226 -567.7690 4188.2764 240 204 170
-136.4211 -569.2632 4199.2983 242 205 171
-133.4037 -570.7652 4210.3784 240 203 171
-130.1982 -571.5192 4215.9404 238 200 166
-127.1523 -573.0331 4227.1084 234 196 163
-123.7616 -573.0331 4227.1084 214 182 150
-120.6906 -574.5551 4238.3354 217 186 154
-117.2908 -574.5551 4238.3354 219 187 155
-114.0426 -575.3192 4243.9717 218 186 155
-110.6383 -575.3192 4243.9717 215 183 152
-107.2340 -575.3192 4243.9717 213 182 149
-103.8298 -575.3192 4243.9717 213 181 150
-100.4255 -575.3192 4243.9717 214 180 151
-97.0213 -575.3192 4243.9717 212 181 150
-93.6170 -575.3192 4243.9717 215 184 154
-90.2128 -575.3192 4243.9717 226 193 163
-86.8085 -575.3192 4243.9717 228 193 161
-83.4043 -575.3192 4243.9717 227 193 161
-80.0000 -575.3192 4243.9717 226 193 162
-76.5957 -575.3192 4243.9717 223 191 160
-73.0943 -574.5551 4238.3354 217 183 155
-69.7872 -575.3192 4243.9717 215 182 154
-66.2948 -574.5551 4238.3354 214 181 152
-62.9787 -575.3192 4243.9717 219 188 159
-59.5745 -575.3192 4243.9717 227 196 169
-56.1702 -575.3192 4243.9717 202 174 142
-52.6959 -574.5551 4238.3354 205 179 153
-49.1005 -572.2752 4221.5171 216 191 166
-45.7143 -572.2752 4221.5171 246 219 193
-26.8311 -533.4649 3935.2241 232 228 153
-23.5872 -531.4988 3920.7207 213 211 141
-20.3922 -530.1961 3911.1113 197 197 135
-17.2549 -530.1961 3911.1113 201 200 133
-14.1176 -530.1961 3911.1113 225 224 156
-10.9804 -530.1961 3911.1113 223 223 159
-7.8431 -530.1961 3911.1113 216 214 148
-4.7059 -530.1961 3911.1113 219 216 147
-1.5686 -530.1961 3911.1113 221 218 148
1.5686 -530.1961 3911.1113 216 216 146
4.7001 -529.5471 3906.3240 214 214 146
7.8335 -529.5471 3906.3240 219 219 152
10.9670 -529.5471 3906.3240 228 227 162
14.0831 -528.8998 3901.5486 233 233 169
17.2127 -528.8998 3901.5486 234 232 167
20.3672 -529.5471 3906.3240 234 232 163
23.5006 -529.5471 3906.3240 234 231 158
26.6340 -529.5471 3906.3240 234 231 157
29.8039 -530.1961 3911.1113 233 232 158
32.9412 -530.1961 3911.1113 234 232 159
36.0784 -530.1961 3911.1113 234 232 159
39.2638 -530.8467 3915.9102 234 232 157
42.4049 -530.8467 3915.9102 233 232 157
45.5460 -530.8467 3915.9102 232 231 157
48.6871 -530.8467 3915.9102 232 231 158
51.8282 -530.8467 3915.9102 233 231 160
54.9693 -530.8467 3915.9102 230 227 161
58.1104 -530.8467 3915.9102 219 218 152
61.2515 -530.8467 3915.9102 211 210 144
64.3137 -530.1961 3911.1113 212 211 144
67.4510 -530.1961 3911.1113 217 216 146
70.5882 -530.1961 3911.1113 217 215 147
73.7255 -530.1961 3911.1113 216 216 151
76.8628 -530.1961 3911.1113 217 220 157
80.0000 -530.1961 3911.1113 221 223 160
83.1373 -530.1961 3911.1113 203 205 142
86.2745 -530.1961 3911.1113 198 200 140
89.4118 -530.1961 3911.1113 207 209 152
92.5490 -530.1961 3911.1113 232 232 167
107.4003 -595.1032 4389.9131 237 238 173
111.5353 -598.3956 4414.2002 240 241 182
115.0761 -598.3956 4414.2002 226 229 165
118.6169 -598.3956 4414.2002 199 200 133
122.3269 -599.2244 4420.3140 196 196 123
125.8726 -599.2244 4420.3140 209 208 135
129.5978 -600.0555 4426.4448 211 211 137
133.1484 -600.0555 4426.4448 209 210 136
136.6990 -600.0555 4426.4448 208 211 137
140.4445 -600.8889 4432.5928 210 210 137
144.0000 -600.8889 4432.5928 210 210 136
147.5556 -600.8889 4432.5928 210 210 139
150.9015 -600.0555 4426.4448 211 211 141
154.4521 -600.0555 4426.4448 211 212 140
158.0028 -600.0555 4426.4448 212 212 141
161.7778 -600.8889 4432.5928 212 214 144
165.3333 -600.8889 4432.5928 211 213 144
168.8889 -600.8889 4432.5928 209 212 144
172.6843 -601.7247 4438.7578 209 210 143
176.2448 -601.7247 4438.7578 208 210 142
179.5556 -600.8889 4432.5928 208 211 143
183.1111 -600.8889 4432.5928 206 209 144
186.6667 -600.8889 4432.5928 208 209 144
190.2222 -600.8889 4432.5928 209 209 141
193.7778 -600.8889 4432.5928 209 209 142
197.3334 -600.8889 4432.5928 208 209 142
200.8889 -600.8889 4432.5928 206 206 139
204.4445 -600.8889 4432.5928 207 207 140
208.0000 -600.8889 4432.5928 207 209 142
211.5556 -600.8889 4432.5928 206 209 144
215.1111 -600.8889 4432.5928 204 209 145
218.3634 -600.0555 4426.4448 203 205 142
221.9140 -600.0555 4426.4448 201 203 141
225.4646 -600.0555 4426.4448 207 207 144
229.0153 -600.0555 4426.4448 198 199 135
232.2438 -599.2244 4420.3140 189 190 128
235.4634 -598.3956 4414.2002 193 195 133
239.0042 -598.3956 4414.2002 203 206 145
242.5450 -598.3956 4414.2002 228 231 165
245.4069 -596.7448 4402.0229 226 227 162
248.9379 -596.7448 4402.0229 206 204 156
252.4690 -596.7448 4402.0229 202 201 162
260.5890 -553.9565 4086.3850 201 200 167
261.8552 -549.7332 4055.2310 202 199 164
264.4360 -548.3397 4044.9514 221 218 161
265.6604 -544.2013 4014.4236 231 227 147
262.9275 -532.1526 3925.5435 230 225 139
264.7736 -529.5471 3906.3240 235 232 151
266.6017 -526.9672 3887.2920 237 235 161
269.3917 -526.3260 3882.5630 231 230 160
271.1865 -523.7773 3863.7612 195 195 131
273.2932 -521.8818 3849.7791 178 179 113
276.0482 -521.2531 3845.1406 190 189 122
278.7966 -520.6257 3840.5134 205 205 137
281.5385 -520.0001 3835.8975 201 201 135
284.9579 -520.6257 3840.5134 198 199 133
288.0385 -520.6257 3840.5134 198 195 131
291.4699 -521.2531 3845.1406 212 210 139
294.1998 -520.6257 3840.5134 223 221 147
297.2804 -520.6257 3840.5134 220 219 147
300.3610 -520.6257 3840.5134 220 220 150
303.4417 -520.6257 3840.5134 223 223 152
306.5223 -520.6257 3840.5134 219 219 151
309.9759 -521.2531 3845.1406 198 199 133
313.0603 -521.2531 3845.1406 199 198 133
316.1446 -521.2531 3845.1406 199 199 135
319.2289 -521.2531 3845.1406 200 201 137
321.9254 -520.6257 3840.5134 197 197 136
324.6154 -520.0001 3835.8975 193 195 132
327.6923 -520.0001 3835.8975 198 201 135
331.1673 -520.6257 3840.5134 204 206 142
334.2479 -520.6257 3840.5134 203 204 141
337.3285 -520.6257 3840.5134 200 202 137
340.4091 -520.6257 3840.5134 213 215 148
343.4898 -520.6257 3840.5134 224 224 151
346.5704 -520.6257 3840.5134 224 224 151
349.6510 -520.6257 3840.5134 224 224 153
352.3077 -520.0001 3835.8975 225 224 155
355.3846 -520.0001 3835.8975 223 223 157
358.0312 -519.3758 3831.2927 202 203 140
361.1045 -519.3758 3831.2927 204 205 140
364.1777 -519.3758 3831.2927 202 203 139
367.2509 -519.3758 3831.2927 207 208 147
370.7693 -520.0001 3835.8975 214 215 153
373.8462 -520.0001 3835.8975 190 192 129
376.9231 -520.0001 3835.8975 184 184 125
380.0000 -520.0001 3835.8975 192 194 132
383.0769 -520.0001 3835.8975 224 225 157
386.1539 -520.0001 3835.8975 230 231 162
388.7635 -519.3758 3831.2927 231 232 164
391.8368 -519.3758 3831.2927 214 221 162
394.9100 -519.3758 3831.2927 199 215 166
473.6000 -618.0572 4559.2383 198 213 167
454.5641 -554.6667 4091.6240 224 183 156
457.8462 -554.6667 4091.6240 218 181 148
460.5378 -553.9565 4086.3850 214 178 145
463.8156 -553.9565 4086.3850 212 178 146
467.0935 -553.9565 4086.3850 195 164 136
470.3713 -553.9565 4086.3850 178 149 125
473.0435 -553.2481 4081.1594 168 142 116
476.3171 -553.2481 4081.1594 189 163 136
479.5908 -553.2481 4081.1594 195 166 141
482.8644 -553.2481 4081.1594 191 162 138
486.1381 -553.2481 4081.1594 193 165 141
488.7867 -552.5415 4075.9473 191 163 139
492.0562 -552.5415 4075.9473 200 172 146
495.3257 -552.5415 4075.9473 209 181 152
498.5952 -552.5415 4075.9473 211 183 157
501.8646 -552.5415 4075.9473 216 186 160
505.7801 -553.2481 4081.1594 217 186 161
509.0537 -553.2481 4081.1594 210 180 157
512.3274 -553.2481 4081.1594 194 166 144
516.2612 -553.9565 4086.3850 195 167 144
519.5391 -553.9565 4086.3850 195 167 145
523.4872 -554.6667 4091.6240 193 165 143
527.4455 -555.3787 4096.8765 192 163 141
530.7318 -555.3787 4096.8765 191 163 141
533.3333 -554.6667 4091.6240 192 164 142
535.9283 -553.9565 4086.3850 194 163 142
538.5167 -553.2481 4081.1594 198 167 144
541.7903 -553.2481 4081.1594 200 168 146
545.0640 -553.2481 4081.1594 209 177 155
548.3376 -553.2481 4081.1594 206 174 154
551.6113 -553.2481 4081.1594 198 167 148
554.8849 -553.2481 4081.1594 198 169 148
557.4457 -552.5415 4075.9473 205 177 155
560.0000 -551.8367 4070.7483 204 176 155
563.2653 -551.8367 4070.7483 195 168 144
566.5306 -551.8367 4070.7483 198 171 146
569.7959 -551.8367 4070.7483 196 168 143
573.0612 -551.8367 4070.7483 201 174 148
576.3265 -551.8367 4070.7483 202 174 149
579.5919 -551.8367 4070.7483 186 158 134
582.8572 -551.8367 4070.7483 189 160 136
586.1224 -551.8367 4070.7483 211 179 153
588.6370 -551.1338 4065.5627 232 200 172
591.8981 -551.1338 4065.5627 215 193 164
595.9184 -551.8367 4070.7483 195 187 155
599.1837 -551.8367 4070.7483 193 188 156
602.4490 -551.8367 4070.7483 194 190 156
605.7143 -551.8367 4070.7483 194 190 156
612.8884 -555.3787 4096.8765 193 191 158
790.0001 -676.0001 4986.6670 194 191 156
-289.4317 -526.2394 3859.0891 212 210 141
-285.6454 -524.9699 3849.7791 229 228 157
-282.2169 -524.3373 3845.1406 223 223 155
-279.4693 -524.9699 3849.7791 222 220 148
-276.3812 -524.9699 3849.7791 218 218 148
-273.6232 -525.6039 3854.4285 225 224 157
-270.2051 -524.9699 3849.7791 235 232 161
-267.1170 -524.9699 3849.7791 236 234 160
-263.7109 -524.3373 3845.1406 235 235 163
-260.6265 -524.3373 3845.1406 236 235 163
-257.5422 -524.3373 3845.1406 235 235 163
-254.7648 -524.9699 3849.7791 218 219 151
-251.9807 -525.6039 3854.4285 218 219 150
-248.8889 -525.6039 3854.4285 221 219 148
-245.7971 -525.6039 3854.4285 222 220 148
-242.7053 -525.6039 3854.4285 220 220 149
-239.6136 -525.6039 3854.4285 220 220 150
-236.5218 -525.6039 3854.4285 221 219 148
-233.4300 -525.6039 3854.4285 220 218 147
-230.3382 -525.6039 3854.4285 219 219 146
-227.2464 -525.6039 3854.4285 217 217 147
-224.1546 -525.6039 3854.4285 221 221 153
-221.0628 -525.6039 3854.4285 232 232 160
-217.7081 -524.9699 3849.7791 233 232 159
-214.6201 -524.9699 3849.7791 232 232 158
-211.5320 -524.9699 3849.7791 231 230 158
-208.9480 -526.2394 3859.0891 229 228 157
-205.8525 -526.2394 3859.0891 217 219 152
-202.7570 -526.2394 3859.0891 219 220 154
-199.6614 -526.2394 3859.0891 219 222 155
-196.5659 -526.2394 3859.0891 224 225 158
-193.4704 -526.2394 3859.0891 227 227 162
-190.6053 -526.8766 3863.7612 208 206 141
-187.0531 -525.6039 3854.4285 204 203 138
-184.1838 -526.2394 3859.0891 212 212 146
-180.6514 -524.9699 3849.7791 235 236 168
-177.7778 -525.6039 3854.4285 238 237 167
-175.1090 -526.8766 3863.7612 240 240 173
-172.8467 -529.4404 3882.5630 232 227 154
-169.9391 -530.0853 3887.2920 225 213 140
-173.0184 -571.1286 4188.2764 240 218 193
-168.9935 -568.8890 4171.8521 233 202 171
-165.4308 -568.1463 4166.4058 211 180 144
-161.8775 -567.4055 4160.9736 187 157 125
-158.3333 -566.6667 4155.5557 190 160 126
-155.2021 -567.4055 4160.9736 219 186 155
-152.0627 -568.1463 4166.4058 216 183 150
-148.7206 -568.1463 4166.4058 211 179 145
-145.3786 -568.1463 4166.4058 211 180 146
-142.0366 -568.1463 4166.4058 220 188 158
-139.0576 -569.6335 4177.3125 228 193 163
-135.7068 -569.6335 4177.3125 231 195 167
-132.8778 -571.8792 4193.7803 225 190 165
-130.0264 -574.1425 4210.3784 229 194 167
-126.8164 -574.9010 4215.9404 236 201 170
-123.5979 -575.6614 4221.5171 215 183 150
-120.3709 -576.4239 4227.1084 217 185 154
-116.9801 -576.4239 4227.1084 216 185 152
-113.8911 -577.9548 4238.3354 214 182 152
-110.4914 -577.9548 4238.3354 207 175 146
-107.0916 -577.9548 4238.3354 202 171 141
-103.6919 -577.9548 4238.3354 208 176 147
-100.1591 -577.1884 4232.7144 210 179 147
-96.7639 -577.1884 4232.7144 211 180 147
-93.3687 -577.1884 4232.7144 212 181 152
-89.9735 -577.1884 4232.7144 237 204 176
-86.5783 -577.1884 4232.7144 239 205 175
-83.1830 -577.1884 4232.7144 231 197 170
-79.7878 -577.1884 4232.7144 229 196 170
-76.4940 -577.9548 4238.3354 228 195 170
-72.9974 -577.1884 4232.7144 223 190 163
-69.6946 -577.9548 4238.3354 214 183 153
-66.2948 -577.9548 4238.3354 215 184 154
-62.8951 -577.9548 4238.3354 222 191 162
-59.4953 -577.9548 4238.3354 228 198 170
-56.0956 -577.9548 4238.3354 207 177 150
-52.4868 -575.6614 4221.5171 204 178 150
-48.9710 -574.1425 4210.3784 216 191 166
-45.5937 -574.1425 4210.3784 244 218 193
-26.8311 -536.6215 3935.2241 232 227 150
-23.5872 -534.6437 3920.7207 213 211 136
-20.3922 -533.3334 3911.1113 193 192 127
-17.2338 -532.6805 3906.3240 204 200 133
-14.1004 -532.6805 3906.3240 226 225 157
-10.9670 -532.6805 3906.3240 223 222 157
-7.8431 -533.3334 3911.1113 214 213 146
-4.7059 -533.3334 3911.1113 218 217 150
-1.5686 -533.3334 3911.1113 218 216 150
1.5648 -532.0294 3901.5486 217 216 149
4.6944 -532.0294 3901.5486 217 217 149
7.8144 -531.3798 3896.7849 217 216 148
10.9402 -531.3798 3896.7849 216 217 151
14.0659 -531.3798 3896.7849 217 218 155
17.1917 -531.3798 3896.7849 216 217 156
20.3175 -531.3798 3896.7849 213 214 151
23.4432 -531.3798 3896.7849 217 216 151
26.5690 -531.3798 3896.7849 221 219 152
29.7311 -532.0294 3901.5486 222 222 153
32.9009 -532.6805 3906.3240 223 224 156
36.0784 -533.3334 3911.1113 224 224 156
39.2157 -533.3334 3911.1113 223 223 155
42.3529 -533.3334 3911.1113 222 222 156
45.4902 -533.3334 3911.1113 220 219 154
48.6275 -533.3334 3911.1113 214 214 149
51.7647 -533.3334 3911.1113 211 210 145
54.9020 -533.3334 3911.1113 212 210 146
58.0392 -533.3334 3911.1113 215 216 149
61.1765 -533.3334 3911.1113 216 215 147
64.3137 -533.3334 3911.1113 215 215 148
67.3684 -532.6805 3906.3240 215 216 150
70.5018 -532.6805 3906.3240 217 217 151
73.6353 -532.6805 3906.3240 215 216 150
76.7687 -532.6805 3906.3240 215 217 153
79.9021 -532.6805 3906.3240 221 222 159
83.0355 -532.6805 3906.3240 207 209 147
86.1689 -532.6805 3906.3240 199 200 140
89.1932 -532.0294 3901.5486 208 209 151
92.3227 -532.0294 3901.5486 231 231 168
107.5482 -599.4490 4395.9595 238 239 175
111.5353 -601.9365 4414.2002 239 240 180
115.0761 -601.9365 4414.2002 233 235 171
118.7812 -602.7701 4420.3140 200 201 131
122.3269 -602.7701 4420.3140 195 194 121
125.8726 -602.7701 4420.3140 197 195 120
129.5978 -603.6061 4426.4448 201 199 124
133.1484 -603.6061 4426.4448 197 197 120
136.6990 -603.6061 4426.4448 200 200 125
140.4445 -604.4445 4432.5928 200 199 127
144.0000 -604.4445 4432.5928 198 197 125
147.5556 -604.4445 4432.5928 200 200 128
150.9015 -603.6061 4426.4448 201 200 130
154.4521 -603.6061 4426.4448 200 199 130
157.7839 -602.7701 4420.3140 199 199 130
161.5534 -603.6061 4426.4448 200 201 131
165.1040 -603.6061 4426.4448 200 200 129
168.8889 -604.4445 4432.5928 196 195 124
172.4445 -604.4445 4432.5928 197 194 122
176.0000 -604.4445 4432.5928 197 195 123
179.5556 -604.4445 4432.5928 192 192 123
183.1111 -604.4445 4432.5928 195 195 127
186.6667 -604.4445 4432.5928 196 196 126
190.2222 -604.4445 4432.5928 192 192 125
193.7778 -604.4445 4432.5928 193 194 128
197.0596 -603.6061 4426.4448 192 193 125
200.6103 -603.6061 4426.4448 190 191 121
204.1609 -603.6061 4426.4448 192 194 126
207.7115 -603.6061 4426.4448 190 192 126
211.5556 -604.4445 4432.5928 192 193 127
215.1111 -604.4445 4432.5928 193 193 127
218.3634 -603.6061 4426.4448 190 190 123
221.9140 -603.6061 4426.4448 188 191 124
225.1524 -602.7701 4420.3140 193 195 129
228.6981 -602.7701 4420.3140 195 196 131
231.9226 -601.9365 4414.2002 200 200 134
235.1381 -601.1050 4408.1030 200 202 136
238.3448 -600.2759 4402.0229 207 210 142
241.8759 -600.2759 4402.0229 227 230 161
245.0689 -599.4490 4395.9595 228 229 161
247.2329 -596.1644 4371.8721 211 212 153
263.1929 -555.8110 4075.9473 202 200 162
266.1225 -555.1021 4070.7483 225 222 161
268.7023 -553.6896 4060.3904 231 227 145
267.2000 -544.0001 3989.3335 230 226 140
264.1270 -531.3798 3896.7849 236 231 151
266.2774 -529.4404 3882.5630 236 235 160
268.0872 -526.8766 3863.7612 233 233 163
269.8795 -524.3373 3845.1406 197 197 133
272.6354 -523.7064 3840.5134 183 183 113
275.3846 -523.0770 3835.8975 194 192 122
278.4615 -523.0770 3835.8975 207 206 138
281.5385 -523.0770 3835.8975 203 201 135
284.6154 -523.0770 3835.8975 199 199 133
287.6923 -523.0770 3835.8975 199 197 132
291.1191 -523.7064 3840.5134 211 209 141
293.8462 -523.0770 3835.8975 195 193 127
296.9231 -523.0770 3835.8975 177 174 111
300.0000 -523.0770 3835.8975 177 174 109
303.0769 -523.0770 3835.8975 186 184 119
306.5223 -523.7064 3840.5134 215 213 149
309.6029 -523.7064 3840.5134 200 201 137
313.0603 -524.3373 3845.1406 199 200 134
316.1446 -524.3373 3845.1406 197 198 134
318.8448 -523.7064 3840.5134 197 199 137
321.5385 -523.0770 3835.8975 192 192 132
324.6154 -523.0770 3835.8975 187 188 125
327.6923 -523.0770 3835.8975 196 198 134
330.7692 -523.0770 3835.8975 202 203 142
333.8462 -523.0770 3835.8975 202 204 141
336.9231 -523.0770 3835.8975 202 204 139
340.0000 -523.0770 3835.8975 213 213 147
343.0769 -523.0770 3835.8975 224 224 153
346.1539 -523.0770 3835.8975 215 216 148
349.2308 -523.0770 3835.8975 204 204 141
352.3077 -523.0770 3835.8975 202 204 142
354.9580 -522.4490 3831.2927 210 213 151
358.0312 -522.4490 3831.2927 205 205 145
361.1045 -522.4490 3831.2927 205 205 142
364.1777 -522.4490 3831.2927 202 203 140
367.2509 -522.4490 3831.2927 206 207 146
370.3242 -522.4490 3831.2927 215 216 152
373.8462 -523.0770 3835.8975 186 188 125
376.4706 -522.4490 3831.2927 186 187 127
380.0000 -523.0770 3835.8975 192 193 133
382.6171 -522.4490 3831.2927 225 226 157
385.6903 -522.4490 3831.2927 230 230 161
388.7635 -522.4490 3831.2927 231 231 163
391.8368 -522.4490 3831.2927 217 222 163
394.9100 -522.4490 3831.2927 194 203 158
472.9244 -620.8275 4552.7344 188 193 154
497.8838 -648.5842 4756.2842 188 184 146
501.6990 -648.5842 4756.2842 202 179 145
457.2599 -557.2343 4086.3850 220 179 147
458.7755 -555.1021 4070.7483 213 178 146
462.0408 -555.1021 4070.7483 212 178 146
465.9004 -555.8110 4075.9473 207 174 145
469.1699 -555.8110 4075.9473 177 147 121
471.8368 -555.1021 4070.7483 168 141 115
475.1021 -555.1021 4070.7483 177 149 121
478.3674 -555.1021 4070.7483 200 170 143
481.6327 -555.1021 4070.7483 196 166 140
484.8980 -555.1021 4070.7483 196 165 140
488.1633 -555.1021 4070.7483 196 164 140
491.4286 -555.1021 4070.7483 208 175 151
494.6939 -555.1021 4070.7483 227 192 166
497.9592 -555.1021 4070.7483 227 193 169
501.8646 -555.8110 4075.9473 225 193 170
505.1342 -555.8110 4075.9473 225 193 171
508.4036 -555.8110 4075.9473 221 190 169
511.6731 -555.8110 4075.9473 197 168 147
515.6011 -556.5218 4081.1594 191 163 141
518.8747 -556.5218 4081.1594 190 162 141
522.8170 -557.2343 4086.3850 184 157 137
526.0948 -557.2343 4086.3850 181 156 136
529.3726 -557.2343 4086.3850 182 156 133
531.9694 -556.5218 4081.1594 186 158 136
534.5594 -555.8110 4075.9473 190 160 138
537.1429 -555.1021 4070.7483 193 162 141
540.4081 -555.1021 4070.7483 194 166 144
544.3679 -555.8110 4075.9473 200 172 151
547.6373 -555.8110 4075.9473 182 153 132
550.2041 -555.1021 4070.7483 183 154 130
553.4694 -555.1021 4070.7483 187 159 134
556.7347 -555.1021 4070.7483 190 163 136
560.0000 -555.1021 4070.7483 206 179 152
563.2653 -555.1021 4070.7483 196 170 146
566.5306 -555.1021 4070.7483 198 172 145
569.7959 -555.1021 4070.7483 197 171 145
573.0612 -555.1021 4070.7483 204 177 150
576.3265 -555.1021 4070.7483 210 181 155
578.8535 -554.3950 4065.5627 184 155 133
582.1147 -554.3950 4065.5627 185 157 133
584.6311 -553.6896 4060.3904 200 170 144
587.8881 -553.6896 4060.3904 231 197 168
590.3940 -552.9860 4055.2310 225 198 169
593.6468 -552.9860 4055.2310 201 189 157
596.8997 -552.9860 4055.2310 196 191 156
600.9161 -553.6896 4060.3904 194 191 155
604.1731 -553.6896 4060.3904 195 191 155
610.5371 -556.5218 4081.1594 195 192 155
640.0001 -580.2667 4255.2891 195 191 157
644.2724 -581.0414 4260.9702 196 192 156
647.6903 -581.0414 4260.9702 197 192 156
674.6884 -589.7019 4324.4805 199 195 158
707.8261 -591.3044 4336.2319 204 199 164
707.4595 -588.1082 4312.7930 203 200 165
714.7827 -591.3044 4336.2319 203 200 165
-288.7334 -528.0579 3849.7791 210 209 142
-284.9579 -526.7870 3840.5134 227 227 156
-281.5385 -526.1539 3835.8975 222 221 152
-279.1325 -527.4218 3845.1406 223 221 149
-276.0482 -527.4218 3845.1406 220 219 149
-272.9639 -527.4218 3845.1406 230 230 160
-269.8795 -527.4218 3845.1406 242 239 170
-266.4741 -526.7870 3840.5134 239 237 169
-263.0769 -526.1539 3835.8975 235 236 168
-260.0000 -526.1539 3835.8975 238 238 169
-257.2323 -526.7870 3840.5134 240 239 168
-254.4578 -527.4218 3845.1406 221 221 150
-251.6767 -528.0579 3849.7791 220 220 148
-248.8889 -528.6957 3854.4285 220 218 146
-245.7971 -528.6957 3854.4285 220 220 148
-242.7053 -528.6957 3854.4285 218 218 149
-239.6136 -528.6957 3854.4285 215 215 147
-236.5218 -528.6957 3854.4285 217 215 145
-233.4300 -528.6957 3854.4285 217 215 142
-230.0603 -528.0579 3849.7791 218 216 142
-226.9723 -528.0579 3849.7791 218 216 146
-223.8842 -528.0579 3849.7791 227 225 155
-220.5301 -527.4218 3845.1406 238 236 163
-217.4458 -527.4218 3845.1406 236 235 162
-214.3615 -527.4218 3845.1406 232 233 160
-211.2771 -527.4218 3845.1406 232 231 159
-208.4439 -528.0579 3849.7791 231 230 158
-205.3559 -528.0579 3849.7791 217 217 148
-202.5121 -528.6957 3854.4285 220 221 153
-198.9398 -527.4218 3845.1406 220 221 152
-196.0917 -528.0579 3849.7791 222 221 155
-192.7711 -527.4218 3845.1406 227 226 161
-189.9156 -528.0579 3849.7791 206 206 140
-186.6024 -527.4218 3845.1406 205 205 142
-183.7395 -528.0579 3849.7791 213 215 150
-180.2166 -526.7870 3840.5134 236 237 169
-177.5633 -528.0579 3849.7791 238 237 169
-174.4753 -528.0579 3849.7791 244 244 179
-172.0097 -529.9758 3863.7612 231 225 154
-169.7324 -532.5547 3882.5630 225 212 136
-178.3333 -570.0000 4155.5557 235 217 174
-176.3780 -574.4882 4188.2764 241 219 193
-171.6667 -570.0000 4155.5557 244 221 194
-168.3333 -570.0000 4155.5557 229 200 167
-165.0000 -570.0000 4155.5557 208 178 140
-161.6667 -570.0000 4155.5557 180 151 118
-158.3333 -570.0000 4155.5557 185 156 122
-155.0000 -570.0000 4155.5557 213 182 150
-151.6667 -570.0000 4155.5557 210 179 146
-148.5267 -570.7432 4160.9736 204 175 142
-145.0000 -570.0000 4155.5557 208 177 144
-141.8514 -570.7432 4160.9736 214 181 151
-138.3333 -570.0000 4155.5557 204 169 135
-135.1760 -570.7432 4160.9736 180 148 115
-131.8383 -570.7432 4160.9736 198 167 134
-128.8366 -572.2354 4171.8521 189 154 123
-125.8191 -573.7353 4182.7871 221 187 156
-122.4640 -573.7353 4182.7871 220 185 157
-119.7365 -576.7590 4204.8311 214 184 154
-116.3636 -576.7590 4204.8311 212 181 151
-112.9908 -576.7590 4204.8311 201 169 140
-109.4737 -576.0000 4199.2983 196 165 137
-106.1053 -576.0000 4199.2983 193 161 129
-102.4672 -574.4882 4188.2764 195 163 134
-99.1076 -574.4882 4188.2764 202 172 143
-95.4974 -572.9843 4177.3125 209 178 149
-92.1466 -572.9843 4177.3125 212 181 153
-88.7958 -572.9843 4177.3125 233 201 174
-85.5570 -573.7353 4182.7871 220 186 158
-82.2018 -573.7353 4182.7871 202 171 142
-78.9501 -574.4882 4188.2764 201 172 142
-75.5906 -574.4882 4188.2764 195 164 136
-72.5165 -576.7590 4204.8311 221 190 162
-69.3263 -578.2828 4215.9404 215 185 157
-66.0318 -579.0477 4221.5171 218 188 159
-62.6455 -579.0477 4221.5171 221 191 165
-59.2593 -579.0477 4221.5171 227 197 173
-55.8730 -579.0477 4221.5171 212 184 156
-52.3483 -577.5198 4210.3784 204 179 151
-48.7139 -574.4882 4188.2764 213 188 164
-45.4139 -575.2432 4193.7803 240 214 188
-23.5583 -537.1288 3915.9102 215 210 136
-20.3672 -535.8140 3906.3240 197 194 125
-17.2127 -535.1589 3901.5486 200 196 125
-14.1004 -535.8140 3906.3240 227 224 156
-10.9670 -535.8140 3906.3240 221 220 154
-7.8335 -535.8140 3906.3240 214 212 143
-4.6944 -535.1589 3901.5486 216 215 148
-1.5648 -535.1589 3901.5486 213 212 147
1.5629 -534.5056 3896.7849 217 217 150
4.6829 -533.8537 3892.0327 218 217 148
7.8049 -533.8537 3892.0327 221 219 150
10.9268 -533.8537 3892.0327 222 221 154
14.0317 -533.2034 3887.2920 224 224 158
17.1498 -533.2034 3887.2920 219 219 155
20.2680 -533.2034 3887.2920 212 211 147
23.3861 -533.2034 3887.2920 211 209 140
26.5043 -533.2034 3887.2920 212 210 140
29.6585 -533.8537 3892.0327 211 211 139
32.7805 -533.8537 3892.0327 212 212 142
35.9463 -534.5056 3896.7849 212 211 141
39.1677 -535.8140 3906.3240 211 211 140
42.3011 -535.8140 3906.3240 212 213 145
45.4345 -535.8140 3906.3240 212 212 145
48.5679 -535.8140 3906.3240 208 209 144
51.7013 -535.8140 3906.3240 213 216 148
54.8348 -535.8140 3906.3240 215 216 147
57.9682 -535.8140 3906.3240 214 217 151
61.1016 -535.8140 3906.3240 212 215 150
64.1565 -535.1589 3901.5486 211 216 151
67.2861 -535.1589 3901.5486 209 213 151
70.4156 -535.1589 3901.5486 212 214 151
73.5452 -535.1589 3901.5486 213 216 149
76.7687 -535.8140 3906.3240 216 216 151
79.8044 -535.1589 3901.5486 219 219 156
83.0355 -535.8140 3906.3240 206 208 144
85.9585 -534.5056 3896.7849 196 199 136
88.9756 -533.8537 3892.0327 206 209 148
92.2100 -534.5056 3896.7849 231 232 169
107.9945 -605.4772 4414.2002 238 239 176
111.8447 -607.1567 4426.4448 238 239 177
115.2355 -606.3158 4420.3140 236 237 172
118.7812 -606.3158 4420.3140 214 213 138
122.3269 -606.3158 4420.3140 210 208 130
125.8726 -606.3158 4420.3140 210 206 127
129.4183 -606.3158 4420.3140 208 203 126
133.1484 -607.1567 4426.4448 205 202 126
136.6990 -607.1567 4426.4448 201 201 126
140.2497 -607.1567 4426.4448 201 201 126
143.8003 -607.1567 4426.4448 201 201 125
147.3509 -607.1567 4426.4448 199 201 124
150.9015 -607.1567 4426.4448 200 199 124
154.2382 -606.3158 4420.3140 202 201 128
157.7839 -606.3158 4420.3140 202 202 130
161.3296 -606.3158 4420.3140 202 203 132
164.8754 -606.3158 4420.3140 203 204 133
168.4211 -606.3158 4420.3140 204 203 131
172.2053 -607.1567 4426.4448 204 201 128
176.0000 -608.0001 4432.5928 204 201 128
179.5556 -608.0001 4432.5928 204 202 129
183.1111 -608.0001 4432.5928 205 202 129
186.6667 -608.0001 4432.5928 205 203 130
190.2222 -608.0001 4432.5928 206 204 131
193.7778 -608.0001 4432.5928 206 205 131
197.0596 -607.1567 4426.4448 206 205 131
200.6103 -607.1567 4426.4448 208 207 133
204.1609 -607.1567 4426.4448 209 211 138
207.7115 -607.1567 4426.4448 212 213 141
211.2621 -607.1567 4426.4448 214 214 143
214.8128 -607.1567 4426.4448 217 216 144
218.3634 -607.1567 4426.4448 219 219 146
221.9140 -607.1567 4426.4448 221 221 147
225.1524 -606.3158 4420.3140 223 224 150
228.6981 -606.3158 4420.3140 226 226 153
231.9226 -605.4772 4414.2002 228 227 154
235.1381 -604.6409 4408.1030 229 229 158
238.3448 -603.8069 4402.0229 229 230 161
241.5427 -602.9752 4395.9595 231 232 164
244.7318 -602.1458 4389.9131 231 232 163
247.5720 -600.4938 4377.8691 220 221 159
264.2051 -561.2308 4091.6240 204 202 162
267.1447 -560.5121 4086.3850 229 225 160
263.4836 -533.2034 3887.2920 235 231 150
264.9879 -529.9758 3863.7612 238 235 160
267.1170 -528.0579 3849.7791 235 234 163
269.2308 -526.1539 3835.8975 205 204 141
272.3077 -526.1539 3835.8975 182 181 114
275.3846 -526.1539 3835.8975 190 187 116
278.4615 -526.1539 3835.8975 208 207 136
281.5385 -526.1539 3835.8975 204 203 136
284.6154 -526.1539 3835.8975 199 199 134
287.6923 -526.1539 3835.8975 198 198 133
290.7693 -526.1539 3835.8975 208 208 141
293.8462 -526.1539 3835.8975 185 184 115
296.9231 -526.1539 3835.8975 189 188 121
300.0000 -526.1539 3835.8975 196 194 133
303.0769 -526.1539 3835.8975 178 176 113
306.1539 -526.1539 3835.8975 205 204 136
309.2308 -526.1539 3835.8975 202 203 139
312.6835 -526.7870 3840.5134 199 198 137
315.7642 -526.7870 3840.5134 196 197 135
318.4615 -526.1539 3835.8975 189 190 129
321.5385 -526.1539 3835.8975 181 181 121
324.2257 -525.5223 3831.2927 178 178 115
327.2990 -525.5223 3831.2927 188 189 127
330.3722 -525.5223 3831.2927 198 200 139
333.4454 -525.5223 3831.2927 201 204 141
336.5186 -525.5223 3831.2927 202 204 142
339.5919 -525.5223 3831.2927 210 212 150
343.0769 -526.1539 3835.8975 218 219 153
346.1539 -526.1539 3835.8975 192 193 127
349.2308 -526.1539 3835.8975 194 194 130
352.3077 -526.1539 3835.8975 190 190 127
354.9580 -525.5223 3831.2927 194 195 132
357.6019 -524.8922 3826.6987 208 207 146
361.1045 -525.5223 3831.2927 205 205 141
364.1777 -525.5223 3831.2927 203 204 140
367.2509 -525.5223 3831.2927 206 206 142
370.3242 -525.5223 3831.2927 214 215 148
373.3974 -525.5223 3831.2927 193 195 131
376.4706 -525.5223 3831.2927 185 187 127
379.5439 -525.5223 3831.2927 192 194 137
382.1583 -524.8922 3826.6987 225 226 160
385.6903 -525.5223 3831.2927 229 230 162
388.7635 -525.5223 3831.2927 231 230 164
391.8368 -525.5223 3831.2927 214 214 153
395.3846 -526.1539 3835.8975 181 176 133
470.2412 -620.9362 4526.9033 182 172 135
475.2205 -622.7028 4539.7822 184 169 133
478.8621 -622.7028 4539.7822 190 159 126
455.5102 -558.3674 4070.7483 218 173 142
458.7755 -558.3674 4070.7483 211 176 144
462.0408 -558.3674 4070.7483 208 177 144
465.3061 -558.3674 4070.7483 208 178 146
468.5714 -558.3674 4070.7483 184 153 126
471.8368 -558.3674 4070.7483 173 145 120
475.1021 -558.3674 4070.7483 172 146 119
478.3674 -558.3674 4070.7483 199 171 146
481.0191 -557.6561 4065.5627 198 168 144
484.2803 -557.6561 4065.5627 195 163 139
487.5414 -557.6561 4065.5627 197 165 141
490.8026 -557.6561 4065.5627 200 169 144
494.6939 -558.3674 4070.7483 220 186 163
497.9592 -558.3674 4070.7483 199 165 146
501.2245 -558.3674 4070.7483 208 177 159
504.4898 -558.3674 4070.7483 184 155 142
507.7551 -558.3674 4070.7483 190 162 144
511.0204 -558.3674 4070.7483 202 174 153
514.2858 -558.3674 4070.7483 187 160 140
517.5510 -558.3674 4070.7483 185 158 135
522.1484 -559.7954 4081.1594 188 162 139
525.4220 -559.7954 4081.1594 185 159 136
528.0204 -559.0805 4075.9473 184 159 135
531.2899 -559.0805 4075.9473 188 162 138
533.8776 -558.3674 4070.7483 193 165 141
537.1429 -558.3674 4070.7483 191 163 140
540.4081 -558.3674 4070.7483 185 159 137
543.6735 -558.3674 4070.7483 194 168 144
546.9388 -558.3674 4070.7483 193 166 144
549.5032 -557.6561 4065.5627 185 158 134
552.7643 -557.6561 4065.5627 190 163 138
556.0255 -557.6561 4065.5627 195 168 142
559.2866 -557.6561 4065.5627 208 181 157
562.5478 -557.6561 4065.5627 198 171 148
565.8090 -557.6561 4065.5627 196 170 145
569.0701 -557.6561 4065.5627 200 174 146
572.3312 -557.6561 4065.5627 202 176 149
574.8601 -556.9466 4060.3904 207 180 153
576.6498 -555.5330 4050.0847 191 165 138
579.8985 -555.5330 4050.0847 184 156 132
582.4081 -554.8289 4044.9514 197 166 141
585.6528 -554.8289 4044.9514 224 190 161
588.1519 -554.1266 4039.8313 231 198 170
591.3924 -554.1266 4039.8313 213 195 163
595.3866 -554.8289 4044.9514 205 197 162
599.3909 -555.5330 4050.0847 203 198 162
602.6396 -555.5330 4050.0847 204 199 163
636.5867 -583.6801 4255.2891 203 200 164
650.4065 -593.1708 4324.4805 204 200 163
650.3505 -589.9731 4301.1680 204 200 164
649.4244 -586.0241 4272.3784 204 200 164
652.8514 -586.0241 4272.3784 204 200 164
658.9248 -588.3871 4289.6060 204 200 164
662.3656 -588.3871 4289.6060 204 201 165
665.8065 -588.3871 4289.6060 205 201 166
671.0513 -589.9731 4301.1680 205 201 166
677.2396 -592.3681 4318.6289 205 201 166
681.6260 -593.1708 4324.4805 205 201 166
707.8261 -594.7827 4336.2319 205 200 168
707.4595 -591.5676 4312.7930 205 201 168
714.7827 -594.7827 4336.2319 205 201 168
-288.0385 -529.8677 3840.5134 215 213 141
-284.6154 -529.2308 3835.8975 227 226 153
-281.5385 -529.2308 3835.8975 222 221 151
-278.4615 -529.2308 3835.8975 224 222 151
-275.3846 -529.2308 3835.8975 222 220 152
-272.6354 -529.8677 3840.5134 232 232 165
-269.2308 -529.2308 3835.8975 216 214 144
-266.1538 -529.2308 3835.8975 211 209 140
-263.0769 -529.2308 3835.8975 211 210 138
-260.0000 -529.2308 3835.8975 204 203 132
-256.9231 -529.2308 3835.8975 233 232 166
-254.1516 -529.8677 3840.5134 221 222 153
-251.3735 -530.5060 3845.1406 220 220 149
-248.2892 -530.5060 3845.1406 218 216 145
-245.5006 -531.1460 3849.7791 216 216 147
-242.1205 -530.5060 3845.1406 208 210 144
-239.0362 -530.5060 3845.1406 206 205 140
-235.9518 -530.5060 3845.1406 210 210 145
-232.8675 -530.5060 3845.1406 215 215 146
-229.5066 -529.8677 3840.5134 216 216 143
-226.4260 -529.8677 3840.5134 217 216 145
-223.3454 -529.8677 3840.5134 228 227 156
-220.2648 -529.8677 3840.5134 235 234 161
-217.1841 -529.8677 3840.5134 216 214 142
-214.1035 -529.8677 3840.5134 209 208 137
-211.0229 -529.8677 3840.5134 203 203 132
-207.9422 -529.8677 3840.5134 210 210 143
-205.1084 -530.5060 3845.1406 216 216 150
-202.0241 -530.5060 3845.1406 222 222 157
-198.4615 -529.2308 3835.8975 219 221 152
-195.3846 -529.2308 3835.8975 218 219 152
-192.3077 -529.2308 3835.8975 226 227 161
-189.2308 -529.2308 3835.8975 206 205 140
-186.1539 -529.2308 3835.8975 205 205 143
-183.2972 -529.8677 3840.5134 215 215 155
-180.0000 -529.2308 3835.8975 237 237 171
-177.1360 -529.8677 3840.5134 240 240 174
-174.2651 -530.5060 3845.1406 245 245 184
-171.8017 -532.4305 3859.0891 230 223 151
-169.7324 -535.6691 3882.5630 227 213 133
-178.3333 -573.3334 4155.5557 236 217 167
-175.0000 -573.3334 4155.5557 240 220 187
-171.6667 -573.3334 4155.5557 242 219 189
-168.3333 -573.3334 4155.5557 230 203 170
-164.7854 -572.5878 4150.1519 208 177 139
-161.4564 -572.5878 4150.1519 180 153 120
-158.1275 -572.5878 4150.1519 177 148 116
-154.7984 -572.5878 4150.1519 203 173 141
-151.4695 -572.5878 4150.1519 206 176 140
-148.3333 -573.3334 4155.5557 203 171 136
-145.0000 -573.3334 4155.5557 206 174 140
-141.6667 -573.3334 4155.5557 206 175 141
-138.3333 -573.3334 4155.5557 231 197 164
-135.0000 -573.3334 4155.5557 233 195 159
-131.6667 -573.3334 4155.5557 235 196 161
-128.3333 -573.3334 4155.5557 229 191 155
-125.1630 -574.0809 4160.9736 236 199 165
-121.8253 -574.0809 4160.9736 218 184 155
-118.7974 -575.5817 4171.8521 212 181 152
-115.4510 -575.5817 4171.8521 211 181 148
-112.1046 -575.5817 4171.8521 207 176 144
-108.9005 -576.3351 4177.3125 200 170 139
-105.5497 -576.3351 4177.3125 198 167 137
-102.1990 -576.3351 4177.3125 205 173 142
-98.8482 -576.3351 4177.3125 207 177 146
-95.4974 -576.3351 4177.3125 211 180 149
-91.9060 -574.8303 4166.4058 211 181 151
-88.5640 -574.8303 4166.4058 229 196 169
-85.2219 -574.8303 4166.4058 227 193 161
-81.8799 -574.8303 4166.4058 210 178 144
-78.5379 -574.8303 4166.4058 205 176 143
-75.1958 -574.8303 4166.4058 203 172 141
-71.8538 -574.8303 4166.4058 221 190 162
-68.6911 -576.3351 4177.3125 217 187 159
-65.3403 -576.3351 4177.3125 223 192 164
-62.0708 -577.0905 4182.7871 222 191 163
-58.7156 -577.0905 4182.7871 225 194 167
-55.2880 -576.3351 4177.3125 222 192 166
-51.9372 -576.3351 4177.3125 207 180 151
-48.3964 -574.0809 4160.9736 215 189 162
-45.4139 -578.6071 4193.7803 235 208 183
-23.5583 -540.2700 3915.9102 216 212 139
-20.3423 -538.2886 3901.5486 196 193 125
-17.2127 -538.2886 3901.5486 198 194 124
-14.0831 -538.2886 3901.5486 222 221 151
-10.9535 -538.2886 3901.5486 218 218 149
-7.8144 -537.6313 3896.7849 215 213 144
-4.6886 -537.6313 3896.7849 217 216 150
-1.5515 -533.7213 3868.4446 213 213 146
1.5478 -532.4305 3859.0891 232 232 162
4.6377 -531.7875 3854.4285 236 233 163
7.7201 -531.1460 3849.7791 236 234 164
10.8082 -531.1460 3849.7791 237 236 165
13.8963 -531.1460 3849.7791 238 237 169
17.0048 -531.7875 3854.4285 228 228 163
20.0966 -531.7875 3854.4285 216 215 151
23.1604 -531.1460 3849.7791 212 210 142
26.2485 -531.1460 3849.7791 211 209 138
29.3720 -531.7875 3854.4285 213 211 141
32.4638 -531.7875 3854.4285 212 210 141
35.5985 -532.4305 3859.0891 213 211 141
38.7409 -533.0751 3863.7612 213 210 139
41.9417 -534.3690 3873.1392 213 211 141
45.1033 -535.0183 3877.8455 214 212 143
48.2139 -535.0183 3877.8455 213 212 147
51.3244 -535.0183 3877.8455 229 229 160
54.4350 -535.0183 3877.8455 233 232 159
57.5456 -535.0183 3877.8455 231 232 160
60.6561 -535.0183 3877.8455 231 230 158
63.6893 -534.3690 3873.1392 230 230 160
66.7961 -534.3690 3873.1392 220 220 155
69.9879 -535.0183 3877.8455 210 210 145
73.2765 -536.3216 3887.2920 214 215 150
76.3946 -536.3216 3887.2920 215 216 151
79.5128 -536.3216 3887.2920 216 216 151
82.6309 -536.3216 3887.2920 208 210 145
85.7491 -536.3216 3887.2920 201 204 140
88.6513 -535.0183 3877.8455 204 208 152
91.7618 -535.0183 3877.8455 229 231 172
107.9945 -609.0180 4414.2002 238 239 176
111.8447 -610.7074 4426.4448 238 239 176
115.2355 -609.8615 4420.3140 236 237 173
118.7812 -609.8615 4420.3140 230 228 151
122.1577 -609.0180 4414.2002 230 226 143
125.5249 -608.1768 4408.1030 228 225 141
129.0608 -608.1768 4408.1030 227 225 142
132.7801 -609.0180 4414.2002 228 224 141
136.5097 -609.8615 4420.3140 227 224 142
140.2497 -610.7074 4426.4448 226 225 144
143.8003 -610.7074 4426.4448 227 225 142
147.3509 -610.7074 4426.4448 226 224 142
150.6925 -609.8615 4420.3140 227 225 143
154.2382 -609.8615 4420.3140 227 225 144
157.7839 -609.8615 4420.3140 227 225 146
161.3296 -609.8615 4420.3140 226 225 147
164.8754 -609.8615 4420.3140 227 225 148
168.4211 -609.8615 4420.3140 228 225 148
171.9668 -609.8615 4420.3140 228 225 148
175.7559 -610.7074 4426.4448 227 224 145
179.3065 -610.7074 4426.4448 226 224 144
182.8571 -610.7074 4426.4448 226 224 146
186.4078 -610.7074 4426.4448 227 225 148
190.2222 -611.5556 4432.5928 226 224 148
193.5090 -610.7074 4426.4448 227 224 147
196.7867 -609.8615 4420.3140 228 225 150
200.3324 -609.8615 4420.3140 228 226 150
204.1609 -610.7074 4426.4448 228 227 151
207.7115 -610.7074 4426.4448 228 226 151
211.2621 -610.7074 4426.4448 228 226 151
214.8128 -610.7074 4426.4448 228 226 152
218.3634 -610.7074 4426.4448 229 227 152
221.6067 -609.8615 4420.3140 230 228 153
225.1524 -609.8615 4420.3140 231 228 154
228.3817 -609.0180 4414.2002 230 229 155
231.9226 -609.0180 4414.2002 230 229 157
235.1381 -608.1768 4408.1030 231 231 160
238.3448 -607.3380 4402.0229 231 232 164
241.5427 -606.5013 4395.9595 232 233 166
243.7260 -603.1781 4371.8721 232 234 168
247.2329 -603.1781 4371.8721 223 225 164
251.7744 -605.6672 4389.9131 202 201 153
256.0000 -607.3380 4402.0229 200 199 155
263.7898 -609.0180 4414.2002 198 198 157
267.3306 -609.0180 4414.2002 198 196 157
267.5410 -601.5301 4359.9272 199 197 156
263.9689 -571.1025 4139.3862 203 201 162
264.2051 -564.5128 4091.6240 209 206 161
267.1447 -563.7900 4086.3850 233 229 158
268.7023 -560.2036 4060.3904 234 230 146
267.2000 -550.4000 3989.3335 232 228 142
262.8433 -535.0183 3877.8455 235 232 149
264.3478 -531.7875 3854.4285 237 235 160
266.4741 -529.8677 3840.5134 235 234 162
269.2308 -529.2308 3835.8975 208 208 144
272.3077 -529.2308 3835.8975 184 183 120
275.3846 -529.2308 3835.8975 188 186 116
278.4615 -529.2308 3835.8975 208 207 137
281.5385 -529.2308 3835.8975 203 202 134
284.6154 -529.2308 3835.8975 202 202 134
287.6923 -529.2308 3835.8975 201 199 131
290.7693 -529.2308 3835.8975 208 206 138
293.8462 -529.2308 3835.8975 215 212 143
296.9231 -529.2308 3835.8975 190 187 120
300.0000 -529.2308 3835.8975 179 177 113
303.0769 -529.2308 3835.8975 187 185 121
306.1539 -529.2308 3835.8975 213 213 146
309.2308 -529.2308 3835.8975 207 208 143
312.3077 -529.2308 3835.8975 201 202 137
315.3846 -529.2308 3835.8975 197 198 135
318.0793 -528.5955 3831.2927 186 187 123
321.1525 -528.5955 3831.2927 180 180 116
323.8369 -527.9617 3826.6987 178 177 113
326.9065 -527.9617 3826.6987 179 180 116
329.9760 -527.9617 3826.6987 192 194 131
333.0456 -527.9617 3826.6987 199 201 140
336.1151 -527.9617 3826.6987 200 203 145
339.5919 -528.5955 3831.2927 207 211 151
342.6651 -528.5955 3831.2927 209 210 145
345.7383 -528.5955 3831.2927 196 196 131
348.8116 -528.5955 3831.2927 196 197 130
351.8848 -528.5955 3831.2927 196 197 131
354.9580 -528.5955 3831.2927 193 195 130
357.6019 -527.9617 3826.6987 206 207 147
361.5385 -529.2308 3835.8975 203 204 142
364.1777 -528.5955 3831.2927 203 204 143
367.2509 -528.5955 3831.2927 207 208 147
370.3242 -528.5955 3831.2927 213 215 151
373.3974 -528.5955 3831.2927 192 195 133
376.0192 -527.9617 3826.6987 184 187 129
379.0887 -527.9617 3826.6987 193 196 140
381.7006 -527.3294 3822.1160 223 225 160
385.2278 -527.9617 3826.6987 230 231 164
388.2974 -527.9617 3826.6987 230 230 164
391.8368 -528.5955 3831.2927 219 219 155
395.3846 -529.2308 3835.8975 199 195 147
468.9109 -622.8006 4514.0972 200 194 149
473.2012 -623.6828 4520.4912 204 192 150
475.4802 -621.9209 4507.7212 207 186 148
477.7465 -620.1690 4495.0234 206 175 139
455.1476 -565.2375 4096.8765 193 145 113
456.6752 -563.0691 4081.1594 211 168 138
458.7755 -561.6326 4070.7483 211 174 142
462.0408 -561.6326 4070.7483 204 172 141
465.3061 -561.6326 4070.7483 202 171 141
468.5714 -561.6326 4070.7483 192 162 134
471.2357 -560.9172 4065.5627 174 147 120
474.4968 -560.9172 4065.5627 168 142 113
477.7580 -560.9172 4065.5627 189 161 135
480.4072 -560.2036 4060.3904 195 167 141
483.6642 -560.2036 4060.3904 194 164 140
486.9212 -560.2036 4060.3904 194 165 140
490.8026 -560.9172 4065.5627 193 166 140
494.0637 -560.9172 4065.5627 205 177 153
497.3249 -560.9172 4065.5627 164 135 112
500.5860 -560.9172 4065.5627 173 146 122
503.8472 -560.9172 4065.5627 166 138 112
507.1083 -560.9172 4065.5627 167 139 109
510.3694 -560.9172 4065.5627 208 179 153
513.6306 -560.9172 4065.5627 188 162 140
517.5510 -561.6326 4070.7483 184 158 134
520.8163 -561.6326 4070.7483 184 158 135
524.0817 -561.6326 4070.7483 181 155 131
527.3470 -561.6326 4070.7483 184 157 133
530.6123 -561.6326 4070.7483 182 155 133
533.8776 -561.6326 4070.7483 185 158 135
536.4586 -560.9172 4065.5627 188 160 136
539.7198 -560.9172 4065.5627 191 164 140
542.9809 -560.9172 4065.5627 195 165 142
546.2421 -560.9172 4065.5627 193 164 142
549.5032 -560.9172 4065.5627 188 158 135
552.0612 -560.2036 4060.3904 193 162 136
555.3181 -560.2036 4060.3904 193 164 137
558.5751 -560.2036 4060.3904 192 163 137
561.8321 -560.2036 4060.3904 191 162 137
564.3710 -559.4918 4055.2310 195 168 142
566.9036 -558.7817 4050.0847 201 173 147
570.1523 -558.7817 4050.0847 199 172 145
571.9494 -557.3671 4039.8313 205 177 150
575.1899 -557.3671 4039.8313 203 174 147
577.6992 -556.6625 4034.7241 182 152 128
579.4704 -555.2585 4024.5483 192 161 135
581.9648 -554.5593 4019.4795 212 179 149
584.4529 -553.8617 4014.4236 233 198 168
586.1983 -552.4718 4004.3499 222 197 167
589.4103 -552.4718 4004.3499 204 197 165
593.3669 -553.1659 4009.3804 203 198 167
596.5829 -553.1659 4009.3804 203 200 167
636.5867 -587.0934 4255.2891 204 200 166
650.4065 -596.6396 4324.4805 205 200 168
645.9973 -589.4511 4272.3784 205 201 169
647.6903 -587.8772 4260.9702 205 201 169
649.3742 -586.3116 4249.6230 205 201 169
652.7830 -586.3116 4249.6230 204 201 169
657.9439 -587.8772 4260.9702 205 202 168
665.8065 -591.8280 4289.6060 205 202 167
674.6884 -596.6396 4324.4805 205 202 167
678.1572 -596.6396 4324.4805 205 202 168
711.3044 -598.2609 4336.2319 205 202 170
714.7827 -598.2609 4336.2319 205 202 169
-287.6923 -532.3077 3835.8975 219 216 146
-284.2737 -531.6687 3831.2927 228 226 154
-281.5385 -532.3077 3835.8975 223 223 154
-278.4615 -532.3077 3835.8975 223 223 154
-275.3846 -532.3077 3835.8975 222 222 154
-272.3077 -532.3077 3835.8975 234 234 166
-269.2308 -532.3077 3835.8975 209 207 133
-266.1538 -532.3077 3835.8975 210 208 139
-262.7611 -531.6687 3831.2927 209 207 141
-259.6879 -531.6687 3831.2927 204 204 135
-256.9231 -532.3077 3835.8975 235 236 167
-253.8462 -532.3077 3835.8975 223 223 157
-251.0710 -532.9482 3840.5134 220 221 153
-247.9904 -532.9482 3840.5134 215 214 144
-245.2048 -533.5904 3845.1406 206 206 136
-241.8291 -532.9482 3840.5134 204 204 138
-238.7485 -532.9482 3840.5134 203 203 137
-235.6679 -532.9482 3840.5134 202 202 137
-232.3077 -532.3077 3835.8975 209 210 142
-229.2308 -532.3077 3835.8975 216 216 148
-226.1539 -532.3077 3835.8975 216 215 148
-223.0769 -532.3077 3835.8975 228 228 156
-220.0000 -532.3077 3835.8975 219 217 142
-216.9231 -532.3077 3835.8975 211 209 134
-213.8462 -532.3077 3835.8975 211 209 135
-210.7692 -532.3077 3835.8975 206 204 130
-207.6923 -532.3077 3835.8975 209 208 140
-204.6154 -532.3077 3835.8975 215 215 148
-201.5385 -532.3077 3835.8975 217 218 150
-198.2233 -531.6687 3831.2927 220 220 155
-195.3846 -532.3077 3835.8975 218 219 153
-192.3077 -532.3077 3835.8975 227 228 161
-189.2308 -532.3077 3835.8975 208 208 143
-186.1539 -532.3077 3835.8975 205 205 142
-183.0769 -532.3077 3835.8975 215 215 155
-180.0000 -532.3077 3835.8975 238 237 171
-176.9231 -532.3077 3835.8975 241 242 179
-173.8462 -532.3077 3835.8975 244 245 187
-171.3872 -534.2341 3849.7791 229 223 148
-169.7324 -538.7834 3882.5630 228 213 130
-177.8701 -575.1689 4144.7622 238 220 163
-175.0000 -576.6667 4155.5557 241 225 188
-171.2208 -575.1689 4144.7622 244 224 189
-167.8961 -575.1689 4144.7622 236 213 175
-164.3580 -574.4229 4139.3862 211 182 142
-161.0376 -574.4229 4139.3862 178 149 114
-157.7173 -574.4229 4139.3862 174 145 112
-154.3969 -574.4229 4139.3862 194 164 131
-151.2728 -575.1689 4144.7622 199 169 136
-148.1404 -575.9168 4150.1519 197 166 130
-144.8115 -575.9168 4150.1519 202 171 137
-141.4825 -575.9168 4150.1519 202 171 138
-137.9740 -575.1689 4144.7622 223 189 159
-134.6494 -575.1689 4144.7622 230 194 164
-131.3247 -575.1689 4144.7622 233 196 167
-128.3333 -576.6667 4155.5557 234 198 168
-125.0000 -576.6667 4155.5557 234 199 169
-121.6667 -576.6667 4155.5557 215 181 152
-118.4876 -577.4186 4160.9736 207 175 145
-115.1499 -577.4186 4160.9736 209 176 144
-111.9582 -578.1724 4166.4058 209 177 144
-108.7582 -578.9281 4171.8521 208 178 146
-105.4118 -578.9281 4171.8521 210 179 148
-102.0654 -578.9281 4171.8521 212 181 150
-98.5901 -578.1724 4166.4058 212 182 149
-95.2480 -578.1724 4166.4058 212 182 149
-91.7862 -577.4186 4160.9736 208 177 147
-88.4485 -577.4186 4160.9736 224 192 165
-85.0000 -576.6667 4155.5557 240 207 177
-81.6667 -576.6667 4155.5557 237 204 172
-78.4355 -577.4186 4160.9736 234 202 169
-75.0978 -577.4186 4160.9736 235 202 171
-71.7601 -577.4186 4160.9736 236 204 175
-68.4224 -577.4186 4160.9736 220 189 162
-65.1697 -578.1724 4166.4058 222 192 164
-61.7471 -577.4186 4160.9736 221 189 163
-58.4856 -578.1724 4166.4058 224 194 167
-55.0717 -577.4186 4160.9736 229 200 174
-51.7340 -577.4186 4160.9736 208 182 154
-48.3964 -577.4186 4160.9736 213 188 161
-20.3175 -540.7571 3896.7849 201 199 134
-17.0874 -537.4757 3873.1392 197 194 125
-13.9806 -537.4757 3873.1392 221 218 146
-10.8475 -536.1744 3863.7612 218 216 145
-7.7482 -536.1744 3863.7612 216 214 143
-4.6489 -536.1744 3863.7612 217 216 148
-1.5422 -533.5904 3845.1406 215 215 145
1.5403 -532.9482 3840.5134 231 230 160
4.6209 -532.9482 3840.5134 213 211 144
7.7016 -532.9482 3840.5134 204 204 135
10.7952 -533.5904 3845.1406 206 206 138
13.8795 -533.5904 3845.1406 220 219 152
16.9639 -533.5904 3845.1406 230 229 166
20.0724 -534.2341 3849.7791 217 219 155
23.1604 -534.2341 3849.7791 213 213 147
26.2485 -534.2341 3849.7791 209 207 137
29.3012 -533.5904 3845.1406 207 208 141
32.3855 -533.5904 3845.1406 201 202 136
35.4272 -532.9482 3840.5134 205 204 137
38.5542 -533.5904 3845.1406 209 209 141
41.6386 -533.5904 3845.1406 209 209 141
44.7229 -533.5904 3845.1406 212 210 141
47.8072 -533.5904 3845.1406 214 213 148
50.8916 -533.5904 3845.1406 230 230 163
54.0410 -534.2341 3849.7791 232 230 161
57.1981 -534.8793 3854.4285 220 220 153
60.2899 -534.8793 3854.4285 216 217 152
63.3816 -534.8793 3854.4285 214 214 150
66.3133 -533.5904 3845.1406 218 219 158
69.4813 -534.2341 3849.7791 208 209 145
72.6570 -534.8793 3854.4285 215 215 149
75.7488 -534.8793 3854.4285 213 214 148
78.8406 -534.8793 3854.4285 216 216 152
81.9324 -534.8793 3854.4285 210 212 149
85.0242 -534.8793 3854.4285 198 201 139
88.0097 -534.2341 3849.7791 206 210 152
90.9880 -533.5904 3845.1406 224 226 166
94.0723 -533.5904 3845.1406 237 238 174
111.8447 -614.2580 4426.4448 238 239 176
115.3953 -614.2580 4426.4448 237 239 175
118.7812 -613.4072 4420.3140 231 230 154
121.9889 -611.7127 4408.1030 231 228 146
125.0069 -609.1885 4389.9131 229 224 141
128.1756 -607.5172 4377.8691 228 223 139
131.6872 -607.5172 4377.8691 228 224 140
135.5708 -609.1885 4389.9131 229 225 142
139.0922 -609.1885 4389.9131 228 224 143
142.6135 -609.1885 4389.9131 227 225 142
146.1348 -609.1885 4389.9131 228 225 143
149.6561 -609.1885 4389.9131 228 226 144
153.1775 -609.1885 4389.9131 229 226 144
156.6988 -609.1885 4389.9131 229 226 146
160.2201 -609.1885 4389.9131 228 225 146
163.7414 -609.1885 4389.9131 228 226 146
167.2627 -609.1885 4389.9131 229 226 145
171.0193 -610.0276 4395.9595 228 225 146
174.5455 -610.0276 4395.9595 228 225 145
178.0716 -610.0276 4395.9595 227 224 144
181.5978 -610.0276 4395.9595 227 224 146
185.3793 -610.8690 4402.0229 228 225 147
188.9104 -610.8690 4402.0229 228 225 148
192.4414 -610.8690 4402.0229 228 225 147
195.7025 -610.0276 4395.9595 229 226 148
199.2287 -610.0276 4395.9595 229 227 150
203.0345 -610.8690 4402.0229 230 227 151
206.5655 -610.8690 4402.0229 229 227 150
210.0966 -610.8690 4402.0229 229 227 150
213.9226 -611.7127 4408.1030 229 227 151
217.4586 -611.7127 4408.1030 230 228 152
221.3001 -612.5588 4414.2002 230 228 153
224.8410 -612.5588 4414.2002 230 229 155
228.3817 -612.5588 4414.2002 230 230 156
231.9226 -612.5588 4414.2002 231 232 159
235.1381 -611.7127 4408.1030 231 232 161
238.6740 -611.7127 4408.1030 231 231 163
241.5427 -610.0276 4395.9595 222 222 159
244.3956 -608.3517 4383.8828 207 207 147
247.9121 -608.3517 4383.8828 201 200 142
251.7744 -609.1885 4389.9131 201 200 150
255.6474 -610.0276 4395.9595 200 199 151
260.2490 -612.5588 4414.2002 198 197 151
263.0621 -610.8690 4402.0229 198 197 152
264.0437 -605.0274 4359.9272 201 199 155
266.4490 -602.5579 4342.1318 203 202 159
269.9320 -602.5579 4342.1318 207 205 163
270.4711 -596.0701 4295.3794 210 207 166
263.2859 -572.9366 4128.6763 212 209 168
263.8669 -567.0679 4086.3850 218 214 168
266.1225 -564.8979 4070.7483 234 229 160
268.3609 -562.7446 4055.2310 235 231 148
260.6830 -540.0977 3892.0327 234 230 145
261.5720 -535.5261 3859.0891 235 232 149
263.7109 -533.5904 3845.1406 237 235 159
266.1538 -532.3077 3835.8975 235 234 163
269.2308 -532.3077 3835.8975 210 211 151
272.3077 -532.3077 3835.8975 184 185 124
275.3846 -532.3077 3835.8975 186 185 116
278.4615 -532.3077 3835.8975 207 207 136
281.5385 -532.3077 3835.8975 203 202 133
284.6154 -532.3077 3835.8975 202 203 133
287.6923 -532.3077 3835.8975 200 200 132
290.4202 -531.6687 3831.2927 207 205 136
293.4934 -531.6687 3831.2927 213 209 136
296.5667 -531.6687 3831.2927 181 177 101
299.6399 -531.6687 3831.2927 185 181 107
302.7131 -531.6687 3831.2927 177 173 100
305.7863 -531.6687 3831.2927 205 203 129
309.2308 -532.3077 3835.8975 207 207 140
312.3077 -532.3077 3835.8975 202 203 137
315.0060 -531.6687 3831.2927 200 201 135
317.6978 -531.0312 3826.6987 196 197 131
320.7674 -531.0312 3826.6987 189 190 125
323.4491 -530.3953 3822.1160 179 180 116
326.5150 -530.3953 3822.1160 187 188 125
329.5809 -530.3953 3822.1160 201 202 141
332.6468 -530.3953 3822.1160 202 203 141
335.7126 -530.3953 3822.1160 201 203 140
339.1847 -531.0312 3826.6987 208 209 144
342.2542 -531.0312 3826.6987 224 224 154
345.3238 -531.0312 3826.6987 210 208 140
348.8116 -531.6687 3831.2927 201 200 133
351.4629 -531.0312 3826.6987 198 199 133
354.9580 -531.6687 3831.2927 196 198 133
358.0312 -531.6687 3831.2927 206 208 148
361.1045 -531.6687 3831.2927 202 203 140
364.1777 -531.6687 3831.2927 204 206 142
367.2509 -531.6687 3831.2927 206 207 145
369.8801 -531.0312 3826.6987 211 213 150
372.9497 -531.0312 3826.6987 196 197 135
375.5689 -530.3953 3822.1160 186 188 128
378.1819 -529.7608 3817.5439 194 195 139
381.2440 -529.7608 3817.5439 222 223 160
384.7665 -530.3953 3822.1160 231 232 165
388.2974 -531.0312 3826.6987 229 229 162
391.8368 -531.6687 3831.2927 224 223 158
395.3846 -532.3077 3835.8975 216 213 171
468.2486 -625.5367 4507.7212 217 212 178
471.8644 -625.5367 4507.7212 219 211 178
472.1459 -621.1501 4476.1104 223 210 178
474.4056 -619.4127 4463.5898 224 207 176
479.3268 -621.1501 4476.1104 222 200 171
455.1476 -568.5238 4096.8765 209 177 152
457.2599 -567.0679 4086.3850 210 176 151
459.3614 -565.6194 4075.9473 209 172 141
462.0408 -564.8979 4070.7483 204 170 138
465.3061 -564.8979 4070.7483 201 168 138
467.9745 -564.1784 4065.5627 197 166 135
470.6362 -563.4606 4060.3904 170 141 114
473.2910 -562.7446 4055.2310 162 135 109
476.5439 -562.7446 4055.2310 175 147 121
479.7967 -562.7446 4055.2310 196 168 142
483.0496 -562.7446 4055.2310 194 164 140
486.3024 -562.7446 4055.2310 194 163 139
490.1782 -563.4606 4060.3904 192 162 137
493.4352 -563.4606 4060.3904 203 174 148
496.6922 -563.4606 4060.3904 217 185 158
499.9492 -563.4606 4060.3904 214 181 153
503.2061 -563.4606 4060.3904 221 189 160
505.8196 -562.7446 4055.2310 221 190 164
509.0724 -562.7446 4055.2310 220 190 166
512.3253 -562.7446 4055.2310 194 167 145
516.2341 -563.4606 4060.3904 189 162 138
519.4911 -563.4606 4060.3904 187 160 134
523.4141 -564.1784 4065.5627 185 158 134
526.6752 -564.1784 4065.5627 185 156 133
529.9363 -564.1784 4065.5627 184 156 132
533.1974 -564.1784 4065.5627 188 160 134
536.4586 -564.1784 4065.5627 193 163 138
539.0331 -563.4606 4060.3904 196 166 140
542.2901 -563.4606 4060.3904 194 165 139
545.5471 -563.4606 4060.3904 208 177 151
548.8041 -563.4606 4060.3904 217 184 157
551.3596 -562.7446 4055.2310 221 188 159
554.6125 -562.7446 4055.2310 220 189 161
557.1573 -562.0305 4050.0847 217 186 162
560.4061 -562.0305 4050.0847 210 181 156
562.9404 -561.3182 4044.9514 195 167 141
564.7535 -559.8989 4034.7241 200 171 145
567.9899 -559.8989 4034.7241 199 171 143
568.3522 -557.0818 4014.4236 204 178 149
571.5724 -557.0818 4014.4236 211 182 155
574.0704 -556.3820 4009.3804 188 158 133
576.5622 -555.6838 4004.3499 184 152 127
579.0477 -554.9875 3999.3318 201 167 141
582.2557 -554.9875 3999.3318 233 196 165
584.0001 -553.6000 3989.3335 228 196 169
587.2000 -553.6000 3989.3335 201 189 161
591.8797 -554.9875 3999.3318 194 192 163
595.0878 -554.9875 3999.3318 195 194 164
599.7990 -556.3820 4009.3804 197 194 167
650.4065 -600.1084 4324.4805 198 196 168
650.3505 -596.8734 4301.1680 199 197 168
646.8267 -590.5067 4255.2891 200 199 169
649.3742 -589.7205 4249.6230 202 199 170
651.9149 -588.9362 4243.9717 201 200 170
655.3192 -588.9362 4243.9717 201 199 170
658.7234 -588.9362 4243.9717 202 200 170
673.7754 -599.2964 4318.6289 202 201 171
677.2396 -599.2964 4318.6289 203 202 171
643.2081 -554.9875 3999.3318 204 202 171
646.4161 -554.9875 3999.3318 204 202 172
703.3922 -600.9227 4330.3481 204 203 172
707.8261 -601.7391 4336.2319 204 203 172
711.3044 -601.7391 4336.2319 204 203 172
710.9189 -598.4865 4312.7930 205 203 173
688.3334 -576.6667 4155.5557 205 203 173
689.8702 -575.1689 4144.7622 206 203 173
-287.3470 -534.7419 3831.2927 220 221 152
-284.2737 -534.7419 3831.2927 226 225 156
-281.2005 -534.7419 3831.2927 225 224 159
-278.1273 -534.7419 3831.2927 225 225 158
-275.3846 -535.3846 3835.8975 222 221 154
-272.3077 -535.3846 3835.8975 235 236 168
-269.2308 -535.3846 3835.8975 216 216 142
-265.8344 -534.7419 3831.2927 201 199 131
-262.7611 -534.7419 3831.2927 201 200 131
-259.6879 -534.7419 3831.2927 197 197 126
-256.6147 -534.7419 3831.2927 235 235 167
-253.8462 -535.3846 3835.8975 220 221 154
-250.7693 -535.3846 3835.8975 222 221 153
-247.6923 -535.3846 3835.8975 219 217 149
-244.6154 -535.3846 3835.8975 215 213 144
-241.5385 -535.3846 3835.8975 204 204 136
-238.4615 -535.3846 3835.8975 203 203 136
-235.3846 -535.3846 3835.8975 211 210 144
-232.3077 -535.3846 3835.8975 216 215 146
-228.9556 -534.7419 3831.2927 216 215 144
-225.8824 -534.7419 3831.2927 215 214 145
-222.8091 -534.7419 3831.2927 229 228 157
-219.7359 -534.7419 3831.2927 230 228 151
-216.6627 -534.7419 3831.2927 214 211 136
-213.5894 -534.7419 3831.2927 211 208 138
-210.5162 -534.7419 3831.2927 209 206 136
-207.4430 -534.7419 3831.2927 212 211 142
-204.3698 -534.7419 3831.2927 214 215 147
-201.2965 -534.7419 3831.2927 218 217 148
-197.9856 -534.1007 3826.6987 218 218 152
-194.9161 -534.1007 3826.6987 218 219 153
-192.0768 -534.7419 3831.2927 227 228 162
-189.0036 -534.7419 3831.2927 203 203 138
-185.9304 -534.7419 3831.2927 207 207 145
-182.8572 -534.7419 3831.2927 215 216 154
-179.7839 -534.7419 3831.2927 238 238 173
-176.7107 -534.7419 3831.2927 241 243 181
-173.8462 -535.3846 3835.8975 245 245 187
-171.3872 -537.3221 3849.7791 229 222 148
-169.9391 -542.5579 3887.2920 231 215 134
-177.4093 -576.9949 4134.0244 240 222 164
-174.5455 -578.4936 4144.7622 244 228 191
-170.5563 -576.2484 4128.6763 245 227 192
-167.0284 -575.5040 4123.3423 241 220 183
-163.7209 -575.5040 4123.3423 216 190 151
-160.2065 -574.7613 4118.0215 181 154 117
-156.9032 -574.7613 4118.0215 167 141 105
-153.7985 -575.5040 4123.3423 182 154 119
-150.4910 -575.5040 4123.3423 198 167 134
-147.1835 -575.5040 4123.3423 196 165 132
-143.8760 -575.5040 4123.3423 196 165 133
-140.7503 -576.2484 4128.6763 198 168 135
-137.4386 -576.2484 4128.6763 203 172 140
-134.1268 -576.2484 4128.6763 205 174 143
-130.9845 -576.9949 4134.0244 208 176 145
-127.6684 -576.9949 4134.0244 209 177 147
-124.5136 -577.7432 4139.3862 213 180 150
-121.3507 -578.4936 4144.7622 209 178 146
-118.3333 -580.0001 4155.5557 205 175 143
-115.0000 -580.0001 4155.5557 209 178 147
-111.6667 -580.0001 4155.5557 209 179 146
-108.4746 -580.7562 4160.9736 208 178 146
-105.1369 -580.7562 4160.9736 210 179 148
-101.7992 -580.7562 4160.9736 213 182 150
-98.4615 -580.7562 4160.9736 213 182 150
-95.1239 -580.7562 4160.9736 214 183 152
-91.6667 -580.0001 4155.5557 212 182 152
-88.3333 -580.0001 4155.5557 214 183 156
-85.0000 -580.0001 4155.5557 224 194 166
-81.6667 -580.0001 4155.5557 225 194 168
-78.3333 -580.0001 4155.5557 225 194 169
-75.0000 -580.0001 4155.5557 226 195 170
-71.6667 -580.0001 4155.5557 223 193 169
-68.3333 -580.0001 4155.5557 220 191 167
-65.0000 -580.0001 4155.5557 222 193 167
-61.6667 -580.0001 4155.5557 222 190 164
-58.3333 -580.0001 4155.5557 227 196 169
-55.0000 -580.0001 4155.5557 236 206 180
-51.5995 -579.2458 4150.1519 209 183 155
-48.2078 -578.4936 4144.7622 212 187 160
-20.0724 -537.3221 3849.7791 201 201 137
-16.9639 -536.6747 3845.1406 200 200 133
-13.8795 -536.6747 3845.1406 221 218 148
-10.7952 -536.6747 3845.1406 217 216 144
-7.7108 -536.6747 3845.1406 217 216 146
-4.6265 -536.6747 3845.1406 217 216 145
-1.5385 -535.3846 3835.8975 215 214 145
1.5385 -535.3846 3835.8975 227 225 153
4.6154 -535.3846 3835.8975 193 192 118
7.6923 -535.3846 3835.8975 209 208 143
10.7822 -536.0289 3840.5134 206 207 143
13.8628 -536.0289 3840.5134 197 196 127
16.9639 -536.6747 3845.1406 229 229 166
20.0482 -536.6747 3845.1406 217 220 161
23.1325 -536.6747 3845.1406 215 217 155
26.2169 -536.6747 3845.1406 203 204 138
29.2659 -536.0289 3840.5134 196 196 130
32.3077 -535.3846 3835.8975 194 195 128
35.3846 -535.3846 3835.8975 196 197 131
38.4615 -535.3846 3835.8975 200 199 134
41.5385 -535.3846 3835.8975 207 207 142
44.6154 -535.3846 3835.8975 209 210 143
47.6923 -535.3846 3835.8975 211 213 148
50.8303 -536.0289 3840.5134 227 228 161
53.9110 -536.0289 3840.5134 214 212 144
57.0602 -536.6747 3845.1406 206 206 140
60.1446 -536.6747 3845.1406 205 206 140
63.2289 -536.6747 3845.1406 198 197 133
66.2335 -536.0289 3840.5134 215 215 153
69.3141 -536.0289 3840.5134 209 211 147
72.4819 -536.6747 3845.1406 213 215 149
75.4753 -536.0289 3840.5134 213 214 150
78.6506 -536.6747 3845.1406 214 215 151
81.7349 -536.6747 3845.1406 214 217 154
84.8193 -536.6747 3845.1406 203 206 144
87.7978 -536.0289 3840.5134 205 207 150
90.8785 -536.0289 3840.5134 220 222 161
93.8462 -535.3846 3835.8975 235 236 172
96.9231 -535.3846 3835.8975 237 238 175
99.8800 -534.7419 3831.2927 237 238 175
117.8022 -611.8682 4383.8828 230 229 154
121.3187 -611.8682 4383.8828 231 227 145
124.1530 -608.5246 4359.9272 228 225 143
127.6503 -608.5246 4359.9272 227 222 139
130.4348 -605.2174 4336.2319 226 223 139
133.9130 -605.2174 4336.2319 227 223 141
137.3913 -605.2174 4336.2319 227 223 142
140.8696 -605.2174 4336.2319 227 223 143
144.3478 -605.2174 4336.2319 228 224 145
148.0272 -606.0409 4342.1318 228 224 144
151.7166 -606.8665 4348.0474 228 225 144
155.4161 -607.6945 4353.9790 228 225 146
159.3434 -609.3571 4365.8916 228 225 146
162.8454 -609.3571 4365.8916 229 225 146
166.5753 -610.1918 4371.8721 228 225 145
170.0822 -610.1918 4371.8721 227 224 145
174.3054 -612.7098 4389.9131 227 224 144
177.8267 -612.7098 4389.9131 226 224 144
181.5978 -613.5537 4395.9595 227 224 145
185.1240 -613.5537 4395.9595 228 225 146
188.6501 -613.5537 4395.9595 227 224 147
192.1763 -613.5537 4395.9595 228 225 147
195.7025 -613.5537 4395.9595 228 225 148
198.9546 -612.7098 4389.9131 228 225 150
202.4759 -612.7098 4389.9131 230 227 153
206.2810 -613.5537 4395.9595 230 227 152
210.0966 -614.4000 4402.0229 228 226 151
213.6276 -614.4000 4402.0229 228 225 151
217.4586 -615.2487 4408.1030 227 225 154
221.3001 -616.0996 4414.2002 226 224 154
224.8410 -616.0996 4414.2002 226 223 154
228.3817 -616.0996 4414.2002 224 223 152
231.9226 -616.0996 4414.2002 221 219 150
235.1381 -615.2487 4408.1030 217 215 146
238.3448 -614.4000 4402.0229 213 211 141
241.5427 -613.5537 4395.9595 211 208 140
243.7260 -610.1918 4371.8721 209 206 143
247.2329 -610.1918 4371.8721 207 206 146
250.7397 -610.1918 4371.8721 208 207 155
255.2957 -612.7098 4389.9131 205 204 157
259.1736 -613.5537 4395.9595 205 204 159
262.6997 -613.5537 4395.9595 209 207 163
264.0437 -608.5246 4359.9272 214 212 170
266.0870 -605.2174 4336.2319 215 214 174
269.5652 -605.2174 4336.2319 217 215 176
270.4711 -599.5155 4295.3794 218 216 177
266.5977 -576.2484 4128.6763 220 218 176
267.1447 -570.3458 4086.3850 226 224 167
265.9950 -561.0076 4019.4795 229 227 158
259.1031 -539.9273 3868.4446 230 228 150
260.6265 -536.6747 3845.1406 234 231 149
263.0769 -535.3846 3835.8975 237 233 156
265.8344 -534.7419 3831.2927 235 233 161
269.2308 -535.3846 3835.8975 211 211 149
272.3077 -535.3846 3835.8975 190 191 131
275.3846 -535.3846 3835.8975 182 182 113
278.4615 -535.3846 3835.8975 209 207 137
281.5385 -535.3846 3835.8975 204 203 136
284.6154 -535.3846 3835.8975 200 202 135
287.3470 -534.7419 3831.2927 199 200 133
290.0720 -534.1007 3826.6987 205 203 133
293.1415 -534.1007 3826.6987 223 220 145
296.2111 -534.1007 3826.6987 224 222 145
299.2806 -534.1007 3826.6987 226 224 149
302.3501 -534.1007 3826.6987 226 224 151
305.4197 -534.1007 3826.6987 225 224 152
308.4892 -534.1007 3826.6987 207 206 140
311.5587 -534.1007 3826.6987 201 201 137
314.6283 -534.1007 3826.6987 200 201 135
317.3174 -533.4611 3822.1160 199 201 133
320.3833 -533.4611 3822.1160 197 197 130
323.4491 -533.4611 3822.1160 192 192 126
326.5150 -533.4611 3822.1160 196 197 132
329.5809 -533.4611 3822.1160 205 205 142
332.6468 -533.4611 3822.1160 203 204 142
335.7126 -533.4611 3822.1160 201 202 140
338.7785 -533.4611 3822.1160 206 207 144
341.8444 -533.4611 3822.1160 225 225 155
344.9102 -533.4611 3822.1160 227 226 155
348.3933 -534.1007 3826.6987 220 220 148
351.4629 -534.1007 3826.6987 220 220 149
354.5324 -534.1007 3826.6987 221 220 150
358.0312 -534.7419 3831.2927 212 214 147
361.1045 -534.7419 3831.2927 201 204 139
364.1777 -534.7419 3831.2927 205 206 142
366.3713 -533.4611 3822.1160 204 206 142
368.5544 -532.1864 3812.9829 209 210 145
370.7271 -530.9178 3803.8936 200 202 138
373.7783 -530.9178 3803.8936 189 192 132
375.4870 -529.0262 3790.3406 193 196 138
378.5273 -529.0262 3790.3406 219 220 158
382.9321 -530.9178 3803.8936 230 231 164
385.9833 -530.9178 3803.8936 229 228 159
389.4988 -531.5513 3808.4329 225 224 158
393.0227 -532.1864 3812.9829 215 212 169
467.5882 -628.2653 4501.3638 216 210 179
471.1989 -628.2653 4501.3638 217 210 181
471.4846 -623.8655 4469.8413 220 209 180
473.7431 -622.1230 4457.3560 221 208 178
477.3185 -622.1230 4457.3560 221 205 176
478.2223 -618.6667 4432.5928 219 201 173
481.7778 -618.6667 4432.5928 217 197 170
473.1183 -598.7097 4289.6060 215 191 166
461.6667 -580.0001 4155.5557 214 189 164
458.4339 -571.8101 4096.8765 214 187 162
460.5378 -570.3458 4086.3850 209 174 148
462.6310 -568.8889 4075.9473 207 171 140
464.7134 -567.4395 4065.5627 201 168 136
466.7853 -565.9975 4055.2310 199 169 138
467.6612 -563.1353 4034.7241 180 148 121
469.1184 -561.0076 4019.4795 166 138 112
471.7485 -560.3019 4014.4236 160 135 106
473.7767 -558.8959 4004.3499 189 161 134
476.9887 -558.8959 4004.3499 189 158 135
480.8040 -559.5980 4009.3804 189 156 133
484.6290 -560.3019 4014.4236 193 160 137
489.0795 -561.7151 4024.5483 196 162 139
492.3077 -561.7151 4024.5483 220 185 160
494.9119 -561.0076 4019.4795 224 188 164
498.1360 -561.0076 4019.4795 222 190 167
501.9925 -561.7151 4024.5483 220 190 167
505.2207 -561.7151 4024.5483 219 189 168
508.4490 -561.7151 4024.5483 196 168 148
513.6203 -563.8481 4039.8313 191 161 139
516.8608 -563.8481 4039.8313 194 165 139
520.1013 -563.8481 4039.8313 195 167 142
523.3418 -563.8481 4039.8313 193 164 140
526.5823 -563.8481 4039.8313 191 164 137
529.8228 -563.8481 4039.8313 193 166 139
533.0633 -563.8481 4039.8313 195 167 140
536.3038 -563.8481 4039.8313 195 166 140
539.5444 -563.8481 4039.8313 195 164 140
542.7849 -563.8481 4039.8313 198 168 145
546.0253 -563.8481 4039.8313 207 176 153
549.2658 -563.8481 4039.8313 206 175 152
552.5063 -563.8481 4039.8313 201 172 149
555.7469 -563.8481 4039.8313 197 170 148
558.9874 -563.8481 4039.8313 197 169 148
560.8081 -562.4243 4029.6296 195 167 145
561.2061 -559.5980 4009.3804 199 172 148
563.7139 -558.8959 4004.3499 198 170 145
566.2156 -558.1956 3999.3318 202 175 148
568.7109 -557.4969 3994.3264 208 180 151
571.9149 -557.4969 3994.3264 189 159 133
575.1189 -557.4969 3994.3264 182 150 125
577.6000 -556.8000 3989.3335 196 164 135
580.8000 -556.8000 3989.3335 224 188 155
584.0001 -556.8000 3989.3335 232 199 168
587.2000 -556.8000 3989.3335 208 189 162
590.4000 -556.8000 3989.3335 192 187 159
593.6000 -556.8000 3989.3335 191 188 160
596.8000 -556.8000 3989.3335 191 187 160
639.1479 -593.1293 4249.6230 190 189 161
643.4134 -593.9200 4255.2891 190 189 161
645.1064 -592.3405 4243.9717 191 190 162
647.6494 -591.5538 4238.3354 190 188 161
650.1857 -590.7692 4232.7144 191 189 163
653.5809 -590.7692 4232.7144 193 192 164
655.2382 -589.2064 4221.5171 194 194 165
648.2051 -571.0770 4091.6240 199 198 170
634.4070 -556.1049 3984.3530 199 198 170
634.4348 -553.3417 3964.5549 200 199 171
636.8239 -552.6551 3959.6362 201 201 171
644.8000 -556.8000 3989.3335 202 201 172
648.8111 -557.4969 3994.3264 203 202 173
665.3384 -568.8889 4075.9473 203 202 174
677.2575 -576.2484 4128.6763 204 203 173
680.5693 -576.2484 4128.6763 204 203 173
682.9975 -575.5040 4123.3423 204 203 174
685.4194 -574.7613 4118.0215 206 203 174
688.7226 -574.7613 4118.0215 206 203 173
-287.0024 -537.1703 3826.6987 222 222 156
-283.9329 -537.1703 3826.6987 224 225 156
-281.2005 -537.8152 3831.2927 223 222 155
-278.1273 -537.8152 3831.2927 226 226 158
-275.0540 -537.8152 3831.2927 219 219 152
-271.9808 -537.8152 3831.2927 237 237 169
-268.9076 -537.8152 3831.2927 231 230 155
-265.8344 -537.8152 3831.2927 234 233 159
-262.7611 -537.8152 3831.2927 233 233 160
-259.3765 -537.1703 3826.6987 231 230 153
-256.6147 -537.8152 3831.2927 237 235 162
-253.5414 -537.8152 3831.2927 217 218 149
-250.7693 -538.4615 3835.8975 221 220 151
-247.6923 -538.4615 3835.8975 220 219 149
-244.6154 -538.4615 3835.8975 219 218 148
-241.5385 -538.4615 3835.8975 214 215 144
-238.1753 -537.8152 3831.2927 213 213 142
-235.1021 -537.8152 3831.2927 217 215 146
-232.0288 -537.8152 3831.2927 219 216 146
-228.9556 -537.8152 3831.2927 216 215 141
-225.6115 -537.1703 3826.6987 213 213 143
-222.8091 -537.8152 3831.2927 229 227 158
-219.7359 -537.8152 3831.2927 237 234 160
-216.6627 -537.8152 3831.2927 228 226 149
-213.5894 -537.8152 3831.2927 222 220 145
-210.2638 -537.1703 3826.6987 218 216 142
-207.1943 -537.1703 3826.6987 223 221 148
-203.8803 -536.5270 3822.1160 217 215 146
-200.8144 -536.5270 3822.1160 220 218 151
-197.7485 -536.5270 3822.1160 217 216 150
-194.6826 -536.5270 3822.1160 219 219 151
-191.8465 -537.1703 3826.6987 227 228 159
-188.7770 -537.1703 3826.6987 208 208 141
-185.7074 -537.1703 3826.6987 206 207 146
-182.8572 -537.8152 3831.2927 215 216 157
-179.5684 -537.1703 3826.6987 239 239 175
-176.7107 -537.8152 3831.2927 242 243 183
-173.6375 -537.8152 3831.2927 245 244 189
-171.1807 -539.7591 3845.1406 233 227 161
-169.7324 -545.0122 3882.5630 237 223 162
-174.6939 -571.4286 4070.7483 240 224 179
-172.0871 -573.6236 4086.3850 242 227 192
-168.8092 -573.6236 4086.3850 243 227 195
-165.5314 -573.6236 4086.3850 242 224 190
-162.4615 -574.3590 4091.6240 224 199 162
-158.9757 -573.6236 4086.3850 196 166 128
-155.6978 -573.6236 4086.3850 176 148 108
-152.2251 -572.8900 4081.1594 176 146 110
-148.9514 -572.8900 4081.1594 183 152 119
-145.6777 -572.8900 4081.1594 186 157 127
-142.4041 -572.8900 4081.1594 195 165 134
-139.4872 -574.3590 4091.6240 197 167 136
-136.2051 -574.3590 4091.6240 199 168 138
-133.2648 -575.8355 4102.1426 204 172 141
-130.6460 -578.8114 4123.3423 207 174 144
-127.5032 -579.5602 4128.6763 208 176 146
-124.1915 -579.5602 4128.6763 208 176 147
-121.0363 -580.3109 4134.0244 211 181 150
-118.0260 -581.8182 4144.7622 210 181 150
-114.7013 -581.8182 4144.7622 209 181 149
-111.5215 -582.5748 4150.1519 211 182 150
-108.1925 -582.5748 4150.1519 212 184 151
-104.8635 -582.5748 4150.1519 211 182 151
-101.6667 -583.3334 4155.5557 214 184 154
-98.3333 -583.3334 4155.5557 217 185 156
-95.0000 -583.3334 4155.5557 217 185 157
-91.6667 -583.3334 4155.5557 218 186 155
-88.3333 -583.3334 4155.5557 220 188 158
-85.0000 -583.3334 4155.5557 219 188 160
-81.6667 -583.3334 4155.5557 220 188 161
-78.3333 -583.3334 4155.5557 222 190 163
-75.0000 -583.3334 4155.5557 223 192 164
-71.6667 -583.3334 4155.5557 221 192 165
-68.3333 -583.3334 4155.5557 220 193 168
-65.0000 -583.3334 4155.5557 220 193 169
-61.5865 -582.5748 4150.1519 225 195 170
-58.2575 -582.5748 4150.1519 228 197 174
-54.8572 -581.8182 4144.7622 233 204 179
-51.4656 -581.0636 4139.3862 208 181 154
-48.1453 -581.0636 4139.3862 212 185 158
-44.8249 -581.0636 4139.3862 218 193 166
-23.1604 -540.4102 3849.7791 221 219 148
-20.0241 -539.1096 3840.5134 202 204 140
-16.9231 -538.4615 3835.8975 197 198 130
-13.8462 -538.4615 3835.8975 219 218 149
-10.7692 -538.4615 3835.8975 218 217 146
-7.6923 -538.4615 3835.8975 218 217 148
-4.6154 -538.4615 3835.8975 221 219 148
-1.5385 -538.4615 3835.8975 217 215 146
1.5385 -538.4615 3835.8975 231 230 159
4.6154 -538.4615 3835.8975 210 209 139
7.6923 -538.4615 3835.8975 195 195 130
10.7692 -538.4615 3835.8975 195 194 131
13.8462 -538.4615 3835.8975 200 200 134
16.9434 -539.1096 3840.5134 228 228 164
20.0241 -539.1096 3840.5134 217 218 156
23.1047 -539.1096 3840.5134 217 217 153
26.1538 -538.4615 3835.8975 209 207 139
29.2308 -538.4615 3835.8975 203 201 132
32.3077 -538.4615 3835.8975 196 194 126
35.3846 -538.4615 3835.8975 193 194 126
38.4615 -538.4615 3835.8975 198 200 134
41.4886 -537.8152 3831.2927 205 207 141
44.6154 -538.4615 3835.8975 207 210 144
47.6351 -537.8152 3831.2927 208 211 146
50.7692 -538.4615 3835.8975 226 226 158
53.8462 -538.4615 3835.8975 214 213 142
56.9916 -539.1096 3840.5134 209 208 141
60.0722 -539.1096 3840.5134 207 207 142
63.0769 -538.4615 3835.8975 203 204 138
66.1538 -538.4615 3835.8975 212 213 146
69.2308 -538.4615 3835.8975 211 211 147
72.3077 -538.4615 3835.8975 211 213 147
75.3846 -538.4615 3835.8975 213 214 148
78.4615 -538.4615 3835.8975 214 215 149
81.5385 -538.4615 3835.8975 218 219 158
84.6154 -538.4615 3835.8975 199 201 140
87.6923 -538.4615 3835.8975 205 207 147
90.7692 -538.4615 3835.8975 217 219 156
93.7335 -537.8152 3831.2927 235 236 171
96.8067 -537.8152 3831.2927 236 237 172
99.7602 -537.1703 3826.6987 236 238 173
102.8297 -537.1703 3826.6987 223 222 155
120.6557 -612.0219 4359.9272 222 218 148
123.6463 -609.5239 4342.1318 221 217 149
126.9565 -608.6957 4336.2319 221 218 147
130.0813 -607.0461 4324.4805 221 218 145
133.0095 -604.5884 4306.9727 221 218 147
136.2803 -603.7736 4301.1680 222 219 150
138.7952 -599.7323 4272.3784 223 220 151
141.8425 -598.1309 4260.9702 224 221 152
145.0667 -597.3334 4255.2891 225 221 153
148.4800 -597.3334 4255.2891 225 222 154
151.8933 -597.3334 4255.2891 226 222 155
157.4054 -605.4055 4312.7930 227 223 157
162.6230 -612.0219 4359.9272 227 223 158
166.8038 -614.5405 4377.8691 226 223 159
169.6175 -612.0219 4359.9272 226 223 159
174.0659 -615.3846 4383.8828 226 223 160
176.3711 -611.1869 4353.9790 226 224 163
180.3557 -612.8591 4365.8916 226 225 166
183.8577 -612.8591 4365.8916 227 225 166
187.3598 -612.8591 4365.8916 226 224 167
191.1233 -613.6987 4371.8721 226 224 168
194.6301 -613.6987 4371.8721 226 225 169
198.1370 -613.6987 4371.8721 227 225 171
202.1978 -615.3846 4383.8828 227 225 173
205.9973 -616.2311 4389.9131 226 224 173
210.0966 -617.9310 4402.0229 225 223 172
213.6276 -617.9310 4402.0229 225 223 174
217.4586 -618.7845 4408.1030 224 223 177
221.3001 -619.6404 4414.2002 224 223 177
224.8410 -619.6404 4414.2002 223 223 176
228.3817 -619.6404 4414.2002 222 222 175
231.9226 -619.6404 4414.2002 223 222 176
235.4634 -619.6404 4414.2002 223 222 178
238.3448 -617.9310 4402.0229 224 222 180
241.5427 -617.0799 4395.9595 225 222 180
243.7260 -613.6987 4371.8721 224 222 180
247.2329 -613.6987 4371.8721 223 221 181
250.7397 -613.6987 4371.8721 223 221 182
254.5953 -614.5405 4377.8691 221 219 181
258.8171 -616.2311 4389.9131 221 219 182
262.3384 -616.2311 4389.9131 221 219 182
263.6835 -611.1869 4353.9790 221 219 182
265.3658 -607.0461 4324.4805 221 219 183
268.8347 -607.0461 4324.4805 222 219 183
258.1907 -547.6773 3901.5486 221 219 175
258.1643 -541.0629 3854.4285 221 220 171
260.0000 -538.4615 3835.8975 228 225 166
262.4461 -537.1703 3826.6987 234 231 158
265.5156 -537.1703 3826.6987 235 232 156
268.5851 -537.1703 3826.6987 213 211 146
271.9808 -537.8152 3831.2927 191 191 130
275.3846 -538.4615 3835.8975 190 188 120
278.4615 -538.4615 3835.8975 209 206 135
281.2005 -537.8152 3831.2927 203 202 131
284.2737 -537.8152 3831.2927 200 202 131
287.0024 -537.1703 3826.6987 199 201 135
289.7246 -536.5270 3822.1160 197 199 132
292.7904 -536.5270 3822.1160 214 215 144
295.8563 -536.5270 3822.1160 218 218 146
298.9222 -536.5270 3822.1160 222 222 151
301.9881 -536.5270 3822.1160 225 223 156
304.6890 -535.8852 3817.5439 225 223 156
307.7512 -535.8852 3817.5439 205 204 140
311.1857 -536.5270 3822.1160 197 197 132
314.2515 -536.5270 3822.1160 200 201 133
317.3174 -536.5270 3822.1160 203 202 134
320.3833 -536.5270 3822.1160 200 200 135
323.4491 -536.5270 3822.1160 196 199 135
326.5150 -536.5270 3822.1160 198 201 138
329.1866 -535.8852 3817.5439 204 207 143
332.2488 -535.8852 3817.5439 205 206 144
335.3110 -535.8852 3817.5439 200 201 140
338.3732 -535.8852 3817.5439 203 204 142
341.4354 -535.8852 3817.5439 224 224 158
344.4976 -535.8852 3817.5439 228 227 158
347.9761 -536.5270 3822.1160 229 228 159
351.4629 -537.1703 3826.6987 227 227 157
354.5324 -537.1703 3826.6987 227 225 158
357.6019 -537.1703 3826.6987 212 213 148
360.6715 -537.1703 3826.6987 199 203 139
363.3054 -536.5270 3822.1160 204 206 141
365.4958 -535.2449 3812.9829 203 204 140
367.6758 -533.9691 3803.8936 208 210 146
368.9680 -531.4354 3785.8442 203 205 143
371.1243 -530.1776 3776.8838 188 190 133
373.7116 -529.5508 3772.4194 196 199 144
376.7376 -529.5508 3772.4194 214 215 153
380.2130 -530.1776 3776.8838 228 229 161
383.6967 -530.8057 3781.3586 228 226 157
386.7299 -530.8057 3781.3586 226 224 158
389.7631 -530.8057 3781.3586 214 212 166
396.0813 -535.2449 3812.9829 214 208 175
465.9415 -624.8257 4451.1392 215 207 176
469.5119 -624.8257 4451.1392 217 207 175
471.7664 -623.0877 4438.7578 219 206 175
474.6667 -622.2223 4432.5928 220 204 174
473.6176 -616.2311 4389.9131 219 202 173
477.1390 -616.2311 4389.9131 218 199 170
474.1384 -607.8698 4330.3481 216 195 167
469.9599 -598.1309 4260.9702 214 192 164
465.9133 -588.6992 4193.7803 213 188 161
463.1907 -581.0636 4139.3862 212 186 159
461.1282 -574.3590 4091.6240 211 181 154
463.2225 -572.8900 4081.1594 206 171 140
463.5324 -569.2504 4055.2310 202 168 137
464.4248 -566.3718 4034.7241 200 169 137
465.8943 -564.2318 4019.4795 193 162 132
467.9398 -562.8141 4009.3804 165 137 110
469.9750 -561.4036 3999.3318 159 134 104
472.5908 -560.7009 3994.3264 176 148 120
475.7948 -560.7009 3994.3264 183 155 129
478.9988 -560.7009 3994.3264 182 152 127
482.8070 -561.4036 3999.3318 184 154 130
486.0150 -561.4036 3999.3318 186 154 131
489.2231 -561.4036 3999.3318 192 159 136
491.8148 -560.7009 3994.3264 197 164 143
495.6391 -561.4036 3999.3318 198 167 147
499.4731 -562.1080 4004.3499 198 168 148
502.6851 -562.1080 4004.3499 197 170 148
507.1698 -563.5220 4014.4236 191 165 142
511.0328 -564.2318 4019.4795 189 162 138
514.2570 -564.2318 4019.4795 193 166 140
517.4811 -564.2318 4019.4795 196 169 143
520.7053 -564.2318 4019.4795 195 167 142
523.2704 -563.5220 4014.4236 196 167 141
526.4906 -563.5220 4014.4236 196 166 141
529.7108 -563.5220 4014.4236 193 166 140
532.9308 -563.5220 4014.4236 194 165 139
536.1509 -563.5220 4014.4236 193 164 140
540.0504 -564.2318 4019.4795 194 165 141
543.9597 -564.9433 4024.5483 194 167 141
547.1879 -564.9433 4024.5483 197 169 144
549.7230 -564.2318 4019.4795 197 168 144
552.9471 -564.2318 4019.4795 197 169 145
556.1713 -564.2318 4019.4795 195 169 144
557.2899 -562.1080 4004.3499 192 167 143
559.7995 -561.4036 3999.3318 197 170 147
562.3029 -560.7009 3994.3264 200 172 148
565.5070 -560.7009 3994.3264 201 175 148
568.0001 -560.0001 3989.3335 206 178 151
571.2000 -560.0001 3989.3335 194 164 140
574.4000 -560.0001 3989.3335 185 153 128
577.6000 -560.0001 3989.3335 195 163 136
580.0750 -559.3009 3984.3530 209 175 144
582.5436 -558.6035 3979.3850 234 199 166
585.0063 -557.9079 3974.4294 220 194 165
588.1943 -557.9079 3974.4294 195 186 157
590.6469 -557.2140 3969.4861 190 186 157
591.6234 -555.1426 3954.7295 190 186 157
594.7955 -555.1426 3954.7295 190 187 158
633.2809 -587.9265 4188.2764 190 187 158
640.0001 -591.0291 4210.3784 190 187 158
643.3773 -591.0291 4210.3784 189 187 158
646.7546 -591.0291 4210.3784 190 187 158
646.7192 -587.9265 4188.2764 190 188 159
646.6841 -584.8564 4166.4058 190 188 159
644.1398 -579.5602 4128.6763 189 189 159
641.6411 -574.3590 4091.6240 190 189 160
631.9598 -562.8141 4009.3804 191 190 160
635.1759 -562.8141 4009.3804 192 191 162
631.2546 -556.5218 3964.5549 193 192 164
629.7411 -552.4045 3935.2241 196 195 166
632.8977 -552.4045 3935.2241 197 196 167
640.0001 -555.8313 3959.6362 199 198 168
644.7762 -557.2140 3969.4861 200 199 171
652.0151 -560.7009 3994.3264 202 200 172
670.3201 -573.6236 4086.3850 202 201 172
677.9382 -577.3196 4112.7148 203 202 172
681.2372 -577.3196 4112.7148 203 202 172
684.5361 -577.3196 4112.7148 204 202 172
686.9498 -576.5766 4107.4219 204 202 172
-287.0024 -540.2399 3826.6987 225 224 153
-283.9329 -540.2399 3826.6987 226 225 155
-281.2005 -540.8884 3831.2927 224 221 152
-278.1273 -540.8884 3831.2927 226 224 154
-275.0540 -540.8884 3831.2927 221 220 151
-271.9808 -540.8884 3831.2927 238 237 171
-268.9076 -540.8884 3831.2927 241 241 171
-265.8344 -540.8884 3831.2927 240 242 171
-262.7611 -540.8884 3831.2927 241 240 169
-259.3765 -540.2399 3826.6987 240 239 166
-256.3070 -540.2399 3826.6987 232 232 162
-253.2374 -540.2399 3826.6987 217 217 148
-250.4682 -540.8884 3831.2927 222 220 150
-247.3950 -540.8884 3831.2927 223 220 148
-244.3218 -540.8884 3831.2927 221 218 146
-241.2485 -540.8884 3831.2927 219 218 145
-238.1753 -540.8884 3831.2927 219 216 144
-235.1021 -540.8884 3831.2927 218 215 144
-231.7506 -540.2399 3826.6987 220 217 145
-228.6811 -540.2399 3826.6987 215 214 141
-225.6115 -540.2399 3826.6987 212 212 141
-222.5420 -540.2399 3826.6987 228 228 159
-219.4724 -540.2399 3826.6987 235 233 161
-216.4029 -540.2399 3826.6987 235 234 160
-213.3333 -540.2399 3826.6987 235 234 161
-210.0120 -539.5929 3822.1160 235 234 161
-206.9461 -539.5929 3822.1160 230 230 157
-203.3931 -538.3035 3812.9829 216 215 145
-200.3345 -538.3035 3812.9829 219 220 151
-197.2760 -538.3035 3812.9829 217 217 149
-194.2175 -538.3035 3812.9829 220 221 152
-191.3876 -538.9474 3817.5439 227 227 159
-188.3254 -538.9474 3817.5439 203 204 137
-185.2632 -538.9474 3817.5439 208 209 150
-182.4192 -539.5929 3822.1160 214 217 157
-179.3533 -539.5929 3822.1160 239 240 177
-176.4988 -540.2399 3826.6987 243 244 184
-173.4293 -540.2399 3826.6987 245 244 189
-170.9747 -542.1902 3840.5134 226 219 162
-169.5261 -547.4606 3877.8455 226 211 160
-166.8210 -548.7942 3887.2920 229 211 168
-171.4286 -574.6939 4070.7483 229 210 173
-168.3780 -575.4279 4075.9473 232 212 179
-165.3197 -576.1637 4081.1594 235 213 183
-162.0460 -576.1637 4081.1594 227 204 171
-158.7724 -576.1637 4081.1594 217 189 152
-155.4987 -576.1637 4081.1594 213 183 142
-152.0307 -575.4279 4075.9473 207 175 135
-148.7612 -575.4279 4075.9473 195 165 124
-145.3061 -574.6939 4070.7483 188 157 118
-141.8599 -573.9619 4065.5627 185 153 116
-138.5987 -573.9619 4065.5627 182 150 117
-135.5102 -574.6939 4070.7483 181 150 119
-132.2449 -574.6939 4070.7483 185 154 122
-129.8075 -578.3826 4096.8765 186 154 124
-127.1742 -581.3677 4118.0215 189 157 130
-124.0310 -582.1190 4123.3423 193 162 135
-120.8797 -582.8719 4128.6763 199 168 142
-117.5679 -582.8719 4128.6763 201 170 143
-114.4042 -583.6270 4134.0244 198 168 141
-110.9444 -582.8719 4128.6763 203 173 145
-107.7720 -583.6270 4134.0244 202 172 145
-104.4560 -583.6270 4134.0244 204 173 146
-101.1399 -583.6270 4134.0244 207 178 150
-98.0779 -585.1429 4144.7622 206 177 150
-94.7533 -585.1429 4144.7622 209 179 152
-91.4286 -585.1429 4144.7622 210 179 152
-88.2185 -585.9038 4150.1519 215 184 157
-84.8895 -585.9038 4150.1519 213 184 157
-81.5605 -585.9038 4150.1519 210 180 154
-78.2315 -585.9038 4150.1519 213 184 158
-75.0000 -586.6667 4155.5557 211 182 156
-71.6667 -586.6667 4155.5557 212 182 156
-68.2445 -585.9038 4150.1519 213 185 159
-64.9155 -585.9038 4150.1519 211 184 157
-61.5865 -585.9038 4150.1519 212 185 156
-58.1818 -585.1429 4144.7622 213 187 158
-54.7860 -584.3840 4139.3862 216 190 160
-51.4656 -584.3840 4139.3862 220 193 161
-48.0829 -583.6270 4134.0244 225 197 164
-44.8249 -584.3840 4139.3862 232 205 170
-23.1047 -542.1902 3840.5134 223 221 150
-20.0000 -541.5385 3835.8975 199 200 135
-16.9231 -541.5385 3835.8975 201 198 130
-13.8462 -541.5385 3835.8975 219 216 145
-10.7692 -541.5385 3835.8975 219 217 145
-7.6923 -541.5385 3835.8975 218 216 145
-4.6154 -541.5385 3835.8975 221 219 146
-1.5385 -541.5385 3835.8975 216 215 146
1.5385 -541.5385 3835.8975 231 230 160
4.6154 -541.5385 3835.8975 221 219 144
7.6923 -541.5385 3835.8975 222 221 146
10.7692 -541.5385 3835.8975 225 223 150
13.8462 -541.5385 3835.8975 223 221 147
16.9231 -541.5385 3835.8975 231 231 161
20.0000 -541.5385 3835.8975 213 215 149
23.0769 -541.5385 3835.8975 217 217 152
26.1538 -541.5385 3835.8975 212 212 143
29.2308 -541.5385 3835.8975 210 209 137
32.2689 -540.8884 3831.2927 206 205 133
35.3421 -540.8884 3831.2927 204 204 137
38.4154 -540.8884 3831.2927 207 208 140
41.4886 -540.8884 3831.2927 210 208 141
44.5618 -540.8884 3831.2927 209 209 141
47.5779 -540.2399 3826.6987 207 208 141
50.7083 -540.8884 3831.2927 226 225 158
53.7815 -540.8884 3831.2927 231 228 156
56.9231 -541.5385 3835.8975 218 216 144
60.0000 -541.5385 3835.8975 211 209 141
63.0769 -541.5385 3835.8975 207 207 139
66.1538 -541.5385 3835.8975 216 216 148
69.2308 -541.5385 3835.8975 212 211 145
72.3077 -541.5385 3835.8975 214 214 145
75.2941 -540.8884 3831.2927 212 212 144
78.3673 -540.8884 3831.2927 212 214 149
81.5385 -541.5385 3835.8975 220 221 158
84.6154 -541.5385 3835.8975 204 205 144
87.6923 -541.5385 3835.8975 199 201 142
90.7692 -541.5385 3835.8975 213 215 156
93.7335 -540.8884 3831.2927 235 236 171
96.6907 -540.2399 3826.6987 236 236 171
99.7602 -540.2399 3826.6987 236 236 171
102.8297 -540.2399 3826.6987 210 211 151
106.0264 -540.8884 3831.2927 204 203 154
122.6451 -608.0432 4306.9727 205 205 160
126.0999 -608.0432 4306.9727 207 207 163
129.5547 -608.0432 4306.9727 209 209 167
131.7647 -602.3530 4266.6670 213 213 171
133.2279 -593.6232 4204.8311 215 215 174
135.3525 -588.1985 4166.4058 217 217 175
137.7951 -584.3840 4139.3862 220 219 177
139.6662 -578.3826 4096.8765 222 221 180
142.4041 -576.1637 4081.1594 222 222 181
145.6777 -576.1637 4081.1594 223 222 181
148.9514 -576.1637 4081.1594 224 223 180
160.2154 -606.4065 4295.3794 225 223 182
164.5467 -609.6888 4318.6289 225 223 182
168.0108 -609.6888 4318.6289 225 223 182
172.1739 -612.1740 4336.2319 224 223 183
174.7027 -608.8649 4312.7930 225 223 183
178.4033 -609.6888 4318.6289 226 224 184
181.8674 -609.6888 4318.6289 225 224 184
185.3315 -609.6888 4318.6289 225 224 183
189.3080 -611.3433 4330.3481 225 224 183
193.0435 -612.1740 4336.2319 226 224 184
197.3261 -614.6794 4353.9790 226 224 185
201.6438 -617.2055 4371.8721 226 224 185
205.7143 -618.9011 4383.8828 226 224 185
209.8072 -620.6061 4395.9595 226 224 184
213.3333 -620.6061 4395.9595 225 224 184
217.1586 -621.4621 4402.0229 224 223 183
220.9945 -622.3204 4408.1030 224 223 183
224.8410 -623.1812 4414.2002 225 223 184
228.3817 -623.1812 4414.2002 224 223 184
231.9226 -623.1812 4414.2002 225 224 185
234.8138 -621.4621 4402.0229 225 224 185
238.0165 -620.6061 4395.9595 226 224 185
241.5427 -620.6061 4395.9595 226 224 185
243.0601 -615.5192 4359.9272 226 224 185
246.2210 -614.6794 4353.9790 226 223 185
250.0547 -615.5192 4359.9272 226 223 185
253.5519 -615.5192 4359.9272 225 223 185
258.1070 -618.0522 4377.8691 225 223 184
261.6187 -618.0522 4377.8691 225 223 184
262.6087 -612.1740 4336.2319 225 222 184
265.3658 -610.5149 4324.4805 225 222 184
268.8347 -610.5149 4324.4805 226 223 183
257.8987 -556.9345 3944.9526 234 229 180
255.6901 -545.4722 3863.7612 234 230 177
256.9231 -541.5385 3835.8975 234 230 174
259.3765 -540.2399 3826.6987 234 230 169
262.1317 -539.5929 3822.1160 234 231 157
265.1976 -539.5929 3822.1160 235 232 156
268.2635 -539.5929 3822.1160 213 211 143
271.6547 -540.2399 3826.6987 195 194 131
274.7242 -540.2399 3826.6987 188 187 119
277.7938 -540.2399 3826.6987 206 204 134
280.5270 -539.5929 3822.1160 201 199 129
282.5776 -537.6611 3808.4329 199 199 129
284.9524 -536.3810 3799.3652 202 203 135
287.6576 -535.7432 3794.8474 197 198 132
290.0119 -534.4721 3785.8442 198 199 133
292.7014 -533.8389 3781.3586 200 200 135
295.7346 -533.8389 3781.3586 199 201 137
298.7678 -533.8389 3781.3586 200 203 142
302.1590 -534.4721 3785.8442 200 203 139
305.1957 -534.4721 3785.8442 198 199 136
309.3333 -536.3810 3799.3652 195 197 131
312.7533 -537.0203 3803.8936 201 200 132
315.8045 -537.0203 3803.8936 202 201 134
319.2363 -537.6611 3808.4329 201 202 136
322.2912 -537.6611 3808.4329 197 199 134
325.3461 -537.6611 3808.4329 199 202 137
328.0096 -537.0203 3803.8936 206 207 143
331.0608 -537.0203 3803.8936 205 205 143
334.1121 -537.0203 3803.8936 201 202 138
337.1633 -537.0203 3803.8936 198 200 140
340.2145 -537.0203 3803.8936 204 207 148
343.2658 -537.0203 3803.8936 207 211 150
346.7303 -537.6611 3808.4329 205 210 153
349.7852 -537.6611 3808.4329 205 209 151
352.8401 -537.6611 3808.4329 206 208 147
356.3202 -538.3035 3812.9829 202 205 144
359.3788 -538.3035 3812.9829 199 203 141
361.5733 -537.0203 3803.8936 204 206 143
363.7574 -535.7432 3794.8474 204 205 144
365.4977 -533.8389 3781.3586 206 208 147
367.6596 -532.5768 3772.4194 207 211 150
370.2480 -531.9481 3767.9656 197 197 139
373.2704 -531.9481 3767.9656 195 197 140
376.2928 -531.9481 3767.9656 210 211 149
379.3153 -531.9481 3767.9656 227 227 160
382.7896 -532.5768 3772.4194 228 226 156
385.8156 -532.5768 3772.4194 227 225 156
388.8416 -532.5768 3772.4194 214 211 161
392.3314 -533.2072 3776.8838 212 206 170
452.6829 -610.5149 4324.4805 213 205 171
464.3310 -621.4621 4402.0229 215 204 170
467.2176 -620.6061 4395.9595 216 204 170
470.0963 -619.7524 4389.9131 217 203 170
471.0260 -616.3612 4365.8916 218 201 169
466.8641 -606.4065 4295.3794 218 200 168
467.7912 -603.1594 4272.3784 216 197 166
468.7085 -599.9468 4249.6230 214 192 161
465.9133 -592.0631 4193.7803 212 188 156
466.2141 -588.1985 4166.4058 210 185 153
464.7029 -582.1190 4123.3423 210 184 153
463.2225 -576.1637 4081.1594 206 173 140
463.5324 -572.5032 4055.2310 203 169 137
462.6700 -567.4559 4019.4795 201 169 136
464.7236 -566.0302 4009.3804 199 169 138
466.1828 -563.9049 3994.3264 172 142 115
468.8000 -563.2000 3989.3335 160 135 106
472.0000 -563.2000 3989.3335 164 136 108
475.2000 -563.2000 3989.3335 186 157 130
478.9988 -563.9049 3994.3264 181 152 127
482.2028 -563.9049 3994.3264 178 149 126
485.4068 -563.9049 3994.3264 183 152 129
488.0001 -563.2000 3989.3335 183 153 129
491.2000 -563.2000 3989.3335 185 154 132
494.4000 -563.2000 3989.3335 187 158 137
498.2228 -563.9049 3994.3264 193 163 143
502.0552 -564.6116 3999.3318 195 165 144
505.8972 -565.3200 4004.3499 194 166 143
509.7488 -566.0302 4009.3804 195 168 143
512.9648 -566.0302 4009.3804 193 168 142
516.1810 -566.0302 4009.3804 194 169 144
519.3970 -566.0302 4009.3804 194 168 143
521.9574 -565.3200 4004.3499 194 169 144
525.1694 -565.3200 4004.3499 195 168 144
528.3815 -565.3200 4004.3499 195 168 145
531.5935 -565.3200 4004.3499 197 169 147
534.8055 -565.3200 4004.3499 198 170 147
538.6935 -566.0302 4009.3804 201 172 147
541.9095 -566.0302 4009.3804 202 173 147
545.1257 -566.0302 4009.3804 202 173 148
548.3417 -566.0302 4009.3804 198 172 146
550.8658 -565.3200 4004.3499 195 169 145
554.0779 -565.3200 4004.3499 195 169 145
555.8949 -563.9049 3994.3264 196 169 145
558.4000 -563.2000 3989.3335 197 170 146
561.6000 -563.2000 3989.3335 191 163 140
564.8000 -563.2000 3989.3335 185 156 134
568.0001 -563.2000 3989.3335 184 157 132
571.2000 -563.2000 3989.3335 183 155 129
574.4000 -563.2000 3989.3335 187 156 128
576.8790 -562.4969 3984.3530 193 160 129
579.3517 -561.7955 3979.3850 208 173 139
581.8182 -561.0959 3974.4294 235 197 162
583.5528 -559.7019 3964.5549 231 198 167
586.0050 -559.0075 3959.6362 201 186 157
588.4510 -558.3148 3954.7295 192 186 157
588.7053 -555.5610 3935.2241 191 186 157
590.4059 -554.1944 3925.5435 191 187 158
592.0982 -552.8344 3915.9102 190 187 158
596.7036 -554.1944 3925.5435 190 187 158
599.8524 -554.1944 3925.5435 191 187 158
603.0013 -554.1944 3925.5435 191 187 158
604.6626 -552.8344 3915.9102 190 187 158
615.3541 -559.7019 3964.5549 189 188 158
618.5342 -559.7019 3964.5549 189 188 158
623.2628 -561.0959 3974.4294 190 189 159
628.0150 -562.4969 3984.3530 190 189 159
631.2111 -562.4969 3984.3530 191 190 160
631.2546 -559.7019 3964.5549 192 191 161
629.7411 -555.5610 3935.2241 193 192 161
632.8977 -555.5610 3935.2241 192 191 161
640.0001 -559.0075 3959.6362 194 192 162
644.7762 -560.3981 3969.4861 194 193 163
650.3870 -562.4969 3984.3530 196 195 165
668.6079 -575.4279 4075.9473 198 197 166
673.5980 -576.9014 4086.3850 199 198 167
679.4860 -579.1260 4102.1426 202 200 168
682.7764 -579.1260 4102.1426 203 201 170
684.3077 -577.6411 4091.6240 203 201 170
686.7094 -576.9014 4086.3850 203 201 170
692.6479 -579.1260 4102.1426 204 202 171
695.0450 -578.3826 4096.8765 205 203 172
698.3312 -578.3826 4096.8765 206 202 171
702.5193 -579.1260 4102.1426 206 203 171
-287.0024 -543.3094 3826.6987 230 227 157
-283.9329 -543.3094 3826.6987 224 223 152
-280.8633 -543.3094 3826.6987 222 221 151
-278.1273 -543.9616 3831.2927 224 223 153
-274.7242 -543.3094 3826.6987 220 219 152
-271.6547 -543.3094 3826.6987 225 223 159
-268.9076 -543.9616 3831.2927 227 226 159
-265.8344 -543.9616 3831.2927 226 226 159
-262.4461 -543.3094 3826.6987 226 226 159
-259.3765 -543.3094 3826.6987 226 226 156
-256.3070 -543.3094 3826.6987 221 221 149
-253.2374 -543.3094 3826.6987 217 217 146
-249.8683 -542.6587 3822.1160 222 220 148
-246.8024 -542.6587 3822.1160 223 220 149
-243.4450 -542.0096 3817.5439 221 219 146
-240.3828 -542.0096 3817.5439 219 218 144
-237.3206 -542.0096 3817.5439 218 217 143
-234.2584 -542.0096 3817.5439 219 217 143
-230.9200 -541.3621 3812.9829 218 216 144
-227.8614 -541.3621 3812.9829 216 215 143
-224.8029 -541.3621 3812.9829 212 212 140
-221.4797 -540.7160 3808.4329 217 216 147
-218.4248 -540.7160 3808.4329 220 219 148
-215.3699 -540.7160 3808.4329 221 220 150
-212.3150 -540.7160 3808.4329 222 221 153
-209.5102 -541.3621 3812.9829 221 221 153
-206.2053 -540.7160 3808.4329 219 219 151
-202.9082 -540.0715 3803.8936 214 213 148
-198.6730 -536.8721 3781.3586 219 219 153
-195.1773 -535.6029 3772.4194 219 219 152
-192.6066 -536.8721 3781.3586 222 222 154
-189.5735 -536.8721 3781.3586 226 227 160
-186.7616 -537.5089 3785.8442 209 209 143
-183.9430 -538.1473 3790.3406 207 207 143
-181.1177 -538.7872 3794.8474 217 218 153
-178.2857 -539.4286 3799.3652 240 242 179
-175.4470 -540.0715 3803.8936 243 244 186
-173.2216 -542.6587 3822.1160 244 244 189
-170.3597 -543.3094 3826.6987 221 215 158
-169.3204 -549.9030 3873.1392 221 209 156
-166.4156 -550.5711 3877.8455 223 209 164
-170.9924 -576.4886 4060.3904 225 210 168
-168.1633 -577.9592 4070.7483 228 209 171
-164.8980 -577.9592 4070.7483 228 206 171
-162.0460 -579.4373 4081.1594 225 201 166
-158.5696 -578.6974 4075.9473 222 196 163
-155.3001 -578.6974 4075.9473 221 192 158
-151.8367 -577.9592 4070.7483 220 189 152
-148.5714 -577.9592 4070.7483 218 187 148
-145.1210 -577.2230 4065.5627 217 184 146
-141.6794 -576.4886 4060.3904 215 181 143
-138.2465 -575.7560 4055.2310 212 179 141
-134.9937 -575.7560 4055.2310 210 177 139
-131.7408 -575.7560 4055.2310 207 172 135
-128.6514 -576.4886 4060.3904 202 169 131
-125.7143 -577.9592 4070.7483 199 165 128
-122.6054 -578.6974 4075.9473 200 165 128
-119.6415 -580.1793 4086.3850 199 165 129
-116.5128 -580.9231 4091.6240 202 168 132
-113.2308 -580.9231 4091.6240 205 172 134
-110.3732 -583.1661 4107.4219 208 175 139
-107.0785 -583.1661 4107.4219 207 174 138
-104.0516 -584.6710 4118.0215 209 177 140
-100.8786 -585.4264 4123.3423 212 179 143
-97.5711 -585.4264 4123.3423 211 179 143
-94.2636 -585.4264 4123.3423 211 178 142
-90.9561 -585.4264 4123.3423 211 179 144
-87.6486 -585.4264 4123.3423 212 181 146
-84.3411 -585.4264 4123.3423 214 183 150
-81.0336 -585.4264 4123.3423 216 186 152
-77.8267 -586.1837 4128.6763 217 187 152
-74.5149 -586.1837 4128.6763 218 187 152
-71.2031 -586.1837 4128.6763 222 192 157
-67.8913 -586.1837 4128.6763 225 197 161
-64.6632 -586.9431 4134.0244 228 199 165
-61.2678 -586.1837 4128.6763 234 206 171
-58.0311 -586.9431 4134.0244 240 211 178
-54.7150 -586.9431 4134.0244 246 218 184
-51.3990 -586.9431 4134.0244 248 221 188
-48.0207 -586.1837 4128.6763 250 223 192
-44.8249 -587.7043 4139.3862 251 226 195
-23.0492 -543.9616 3831.2927 224 223 149
-19.9760 -543.9616 3831.2927 202 202 137
-16.9028 -543.9616 3831.2927 201 200 132
-13.8295 -543.9616 3831.2927 217 215 145
-10.7563 -543.9616 3831.2927 219 216 145
-7.6831 -543.9616 3831.2927 216 214 144
-4.6098 -543.9616 3831.2927 218 217 144
-1.5385 -544.6154 3835.8975 214 215 144
1.5385 -544.6154 3835.8975 229 229 160
4.6154 -544.6154 3835.8975 235 234 163
7.6923 -544.6154 3835.8975 236 235 165
10.7692 -544.6154 3835.8975 235 235 165
13.8462 -544.6154 3835.8975 236 235 165
16.9231 -544.6154 3835.8975 231 231 163
20.0000 -544.6154 3835.8975 213 213 149
23.0769 -544.6154 3835.8975 218 218 151
26.1225 -543.9616 3831.2927 216 215 147
29.1957 -543.9616 3831.2927 212 210 138
32.2689 -543.9616 3831.2927 211 210 137
35.3421 -543.9616 3831.2927 211 210 139
38.4154 -543.9616 3831.2927 211 211 139
41.4389 -543.3094 3826.6987 212 211 140
44.5084 -543.3094 3826.6987 210 209 139
47.5779 -543.3094 3826.6987 205 206 139
50.6475 -543.3094 3826.6987 221 222 154
53.7170 -543.3094 3826.6987 229 229 155
56.8547 -543.9616 3831.2927 230 228 155
59.9280 -543.9616 3831.2927 230 229 158
63.0012 -543.9616 3831.2927 230 229 161
66.0744 -543.9616 3831.2927 227 227 161
69.1477 -543.9616 3831.2927 210 209 145
72.2209 -543.9616 3831.2927 214 214 148
75.2038 -543.3094 3826.6987 211 211 145
78.3673 -543.9616 3831.2927 215 216 151
81.4406 -543.9616 3831.2927 222 223 158
84.5138 -543.9616 3831.2927 199 200 138
87.5870 -543.9616 3831.2927 200 203 145
90.6603 -543.9616 3831.2927 209 211 152
93.6211 -543.3094 3826.6987 234 235 170
96.6907 -543.3094 3826.6987 234 235 169
99.7602 -543.3094 3826.6987 235 236 171
102.8297 -543.3094 3826.6987 213 213 154
106.0264 -543.9616 3831.2927 201 202 148
122.6451 -611.4980 4306.9727 202 203 153
124.9198 -605.7755 4266.6670 202 203 154
128.0000 -604.1600 4255.2891 202 202 155
128.0000 -588.4676 4144.7622 202 202 157
130.9845 -586.9431 4134.0244 202 203 159
134.1268 -586.1837 4128.6763 204 205 164
136.3800 -581.6688 4096.8765 207 207 167
139.1304 -579.4373 4081.1594 210 210 171
142.0408 -577.9592 4070.7483 212 213 173
144.7522 -575.7560 4055.2310 214 214 175
147.8173 -575.0254 4050.0847 217 216 177
150.8745 -574.2966 4044.9514 219 218 178
153.9241 -573.5696 4039.8313 219 219 179
157.1646 -573.5696 4039.8313 220 220 180
158.0050 -564.9875 3979.3850 221 221 181
159.4081 -558.7177 3935.2241 222 222 182
161.5686 -555.2941 3911.1113 223 222 183
163.9025 -552.5854 3892.0327 222 223 183
167.0244 -552.5854 3892.0327 222 223 183
170.1463 -552.5854 3892.0327 223 224 184
173.4799 -553.2601 3896.7849 224 223 184
176.6056 -553.2601 3896.7849 224 223 184
180.1714 -554.6144 3906.3240 225 224 185
204.3111 -618.1719 4353.9790 225 224 185
209.2308 -622.4176 4383.8828 225 224 186
213.0399 -623.2738 4389.9131 224 224 186
216.8595 -624.1322 4395.9595 225 223 186
220.6897 -624.9931 4402.0229 225 223 185
224.2207 -624.9931 4402.0229 225 224 185
227.7517 -624.9931 4402.0229 225 224 185
231.9226 -626.7220 4414.2002 226 225 187
235.4634 -626.7220 4414.2002 227 225 187
238.3448 -624.9931 4402.0229 227 225 186
241.5427 -624.1322 4395.9595 228 226 187
244.7318 -623.2738 4389.9131 227 225 187
246.5574 -619.0164 4359.9272 227 225 187
250.0547 -619.0164 4359.9272 228 225 187
254.5953 -621.5638 4377.8691 227 225 187
258.4615 -622.4176 4383.8828 227 225 187
261.9780 -622.4176 4383.8828 227 225 186
265.4945 -622.4176 4383.8828 227 225 186
265.3658 -613.9838 4324.4805 228 226 185
268.8347 -613.9838 4324.4805 229 226 184
254.7343 -560.0989 3944.9526 233 230 181
254.4390 -552.5854 3892.0327 236 231 179
253.8462 -544.6154 3835.8975 237 232 178
256.3070 -543.3094 3826.6987 237 232 176
257.8307 -540.0715 3803.8936 237 233 171
260.8820 -540.0715 3803.8936 235 231 157
263.9333 -540.0715 3803.8936 234 231 154
267.3031 -540.7160 3808.4329 213 210 141
270.3580 -540.7160 3808.4329 198 197 137
273.4129 -540.7160 3808.4329 191 191 127
276.4678 -540.7160 3808.4329 205 205 136
279.1895 -540.0715 3803.8936 201 198 128
280.9016 -537.5089 3785.8442 198 198 130
283.6019 -536.8721 3781.3586 197 199 132
286.2959 -536.2368 3776.8838 200 200 134
288.9835 -535.6029 3772.4194 200 200 134
292.0095 -535.6029 3772.4194 199 200 134
294.6872 -534.9706 3767.9656 200 201 134
297.7096 -534.9706 3767.9656 202 202 136
300.7320 -534.9706 3767.9656 201 201 135
304.1135 -535.6029 3772.4194 202 201 135
307.5030 -536.2368 3776.8838 200 200 134
310.5326 -536.2368 3776.8838 201 200 132
313.9337 -536.8721 3781.3586 202 201 134
317.3428 -537.5089 3785.8442 201 201 135
320.7601 -538.1473 3790.3406 198 200 133
323.4164 -537.5089 3785.8442 200 202 138
326.0664 -536.8721 3781.3586 206 207 143
328.7101 -536.2368 3776.8838 206 207 143
331.7397 -536.2368 3776.8838 202 204 141
334.3735 -535.6029 3772.4194 204 206 143
337.7988 -536.2368 3776.8838 206 207 143
340.8284 -536.2368 3776.8838 206 208 144
343.8580 -536.2368 3776.8838 206 209 147
346.8876 -536.2368 3776.8838 206 208 149
350.3318 -536.8721 3781.3586 206 208 149
353.7841 -537.5089 3785.8442 204 207 148
356.8209 -537.5089 3785.8442 202 204 145
359.0060 -536.2368 3776.8838 202 204 143
361.6076 -535.6029 3772.4194 203 204 144
364.6336 -535.6029 3772.4194 206 207 143
366.7925 -534.3397 3763.5222 213 216 155
369.8113 -534.3397 3763.5222 194 197 140
372.8302 -534.3397 3763.5222 195 199 142
375.8491 -534.3397 3763.5222 204 207 146
378.8680 -534.3397 3763.5222 227 227 159
381.8868 -534.3397 3763.5222 228 226 155
384.9057 -534.3397 3763.5222 228 226 158
387.9246 -534.3397 3763.5222 208 205 152
390.9434 -534.3397 3763.5222 203 197 160
394.8937 -535.6029 3772.4194 206 199 164
454.9189 -612.3244 4312.7930 210 199 166
458.3784 -612.3244 4312.7930 212 200 167
460.5930 -610.6739 4301.1680 213 200 167
463.4186 -609.8520 4295.3794 215 200 168
464.3641 -606.5864 4272.3784 215 200 167
465.2997 -603.3556 4249.6230 215 198 165
467.4635 -601.7530 4238.3354 214 195 161
465.9133 -595.4271 4193.7803 211 190 154
466.2141 -591.5405 4166.4058 209 184 150
464.7029 -585.4264 4123.3423 207 181 150
463.2225 -579.4373 4081.1594 207 178 146
463.5324 -575.7560 4055.2310 206 171 140
462.6700 -570.6801 4019.4795 203 169 136
462.9788 -567.1089 3994.3264 200 170 137
465.6000 -566.4000 3989.3335 182 153 125
468.8000 -566.4000 3989.3335 166 139 111
472.0000 -566.4000 3989.3335 156 131 102
475.2000 -566.4000 3989.3335 166 141 114
478.4001 -566.4000 3989.3335 171 146 119
481.6000 -566.4000 3989.3335 174 146 121
484.8000 -566.4000 3989.3335 178 150 126
488.0001 -566.4000 3989.3335 178 152 127
491.2000 -566.4000 3989.3335 175 149 126
494.4000 -566.4000 3989.3335 180 154 130
497.6000 -566.4000 3989.3335 183 157 135
500.8000 -566.4000 3989.3335 183 156 136
505.2632 -567.8196 3999.3318 187 159 138
508.4712 -567.8196 3999.3318 188 160 138
511.6792 -567.8196 3999.3318 188 159 137
514.8873 -567.8196 3999.3318 184 155 134
518.0953 -567.8196 3999.3318 188 158 136
520.6509 -567.1089 3994.3264 185 157 135
524.5113 -567.8196 3999.3318 181 153 130
527.7193 -567.8196 3999.3318 183 155 131
530.9274 -567.8196 3999.3318 181 155 130
534.1354 -567.8196 3999.3318 177 151 127
538.0176 -568.5320 4004.3499 177 152 127
541.2297 -568.5320 4004.3499 175 150 125
543.0789 -567.1089 3994.3264 176 151 127
546.2829 -567.1089 3994.3264 174 148 123
548.8000 -566.4000 3989.3335 177 149 126
552.0000 -566.4000 3989.3335 175 148 121
555.2001 -566.4000 3989.3335 173 147 119
558.4000 -566.4000 3989.3335 177 151 125
561.6000 -566.4000 3989.3335 180 152 125
564.8000 -566.4000 3989.3335 187 158 128
568.0001 -566.4000 3989.3335 196 167 136
571.2000 -566.4000 3989.3335 207 176 142
573.6829 -565.6929 3984.3530 220 185 149
575.4421 -564.2840 3974.4294 229 191 156
577.9105 -563.5822 3969.4861 234 195 160
580.3727 -562.8820 3964.5549 237 196 163
582.8289 -562.1837 3959.6362 235 198 167
583.1112 -559.4075 3940.0825 211 190 162
585.5487 -558.7177 3935.2241 193 186 159
585.8160 -555.9755 3915.9102 191 187 159
588.9571 -555.9755 3915.9102 191 187 158
591.3726 -555.2941 3911.1113 191 187 158
595.9705 -556.6585 3920.7207 191 188 158
599.1155 -556.6585 3920.7207 192 187 158
601.5215 -555.9755 3915.9102 191 188 158
604.6626 -555.9755 3915.9102 190 187 157
607.8037 -555.9755 3915.9102 189 187 157
617.0013 -561.4870 3954.7295 189 188 157
622.4876 -563.5822 3969.4861 191 189 158
627.2319 -564.9875 3979.3850 192 190 159
630.4240 -564.9875 3979.3850 193 191 160
631.2546 -562.8820 3964.5549 194 192 161
629.7411 -558.7177 3935.2241 194 192 161
632.8977 -558.7177 3935.2241 195 193 162
637.6267 -560.0989 3944.9526 198 195 164
644.7762 -563.5822 3969.4861 199 196 165
651.2001 -566.4000 3989.3335 201 198 166
668.6079 -578.6974 4075.9473 202 199 166
673.5980 -580.1793 4086.3850 202 200 167
677.7437 -580.9231 4091.6240 203 201 168
681.0257 -580.9231 4091.6240 204 201 169
682.5576 -579.4373 4081.1594 204 201 169
685.8312 -579.4373 4081.1594 204 201 168
689.9872 -580.1793 4086.3850 204 201 169
693.2651 -580.1793 4086.3850 204 201 169
695.6522 -579.4373 4081.1594 206 202 169
698.9259 -579.4373 4081.1594 206 203 170
703.0986 -580.1793 4086.3850 206 203 170
-287.0024 -546.3789 3826.6987 229 228 159
-283.9329 -546.3789 3826.6987 224 222 154
-280.8633 -546.3789 3826.6987 220 220 150
-277.7938 -546.3789 3826.6987 221 221 151
-274.0670 -545.0718 3817.5439 221 221 152
-271.0048 -545.0718 3817.5439 222 222 154
-267.9426 -545.0718 3817.5439 224 223 156
-264.8804 -545.0718 3817.5439 222 221 153
-261.5054 -544.4205 3812.9829 222 222 153
-258.1384 -543.7709 3808.4329 220 220 151
-255.0836 -543.7709 3808.4329 222 223 151
-251.4286 -542.4762 3799.3652 220 221 150
-247.7910 -541.1877 3790.3406 220 220 149
-244.1706 -539.9052 3781.3586 221 219 150
-241.1374 -539.9052 3781.3586 221 219 149
-237.8225 -539.2663 3776.8838 219 217 146
-234.7929 -539.2663 3776.8838 220 217 147
-231.7633 -539.2663 3776.8838 219 217 147
-229.0047 -539.9052 3781.3586 217 216 145
-225.9716 -539.9052 3781.3586 216 214 142
-222.9384 -539.9052 3781.3586 217 216 142
-219.6450 -539.2663 3776.8838 217 216 142
-216.3594 -538.6289 3772.4194 216 214 142
-213.3333 -538.6289 3772.4194 217 215 145
-210.3074 -538.6289 3772.4194 216 216 146
-207.5266 -539.2663 3776.8838 216 216 148
-204.4971 -539.2663 3776.8838 215 216 149
-201.4675 -539.2663 3776.8838 216 217 152
-198.2033 -538.6289 3772.4194 218 219 153
-194.9469 -537.9930 3767.9656 217 217 150
-191.9245 -537.9930 3767.9656 220 220 153
-189.1253 -538.6289 3772.4194 224 224 160
-186.0993 -538.6289 3772.4194 206 208 143
-183.2899 -539.2663 3776.8838 208 209 144
-180.2604 -539.2663 3776.8838 220 222 156
-177.6513 -540.5457 3785.8442 241 243 182
-174.6145 -540.5457 3785.8442 243 244 187
-172.1905 -542.4762 3799.3652 245 243 191
-170.3597 -546.3789 3826.6987 218 213 157
-169.1152 -552.3394 3868.4446 218 208 157
-166.4156 -553.6817 3877.8455 220 209 163
-170.3422 -577.5412 4044.9514 223 211 167
-168.1633 -581.2245 4070.7483 226 212 171
-164.8980 -581.2245 4070.7483 228 211 172
-161.8391 -581.9669 4075.9473 224 205 167
-158.5696 -581.9669 4075.9473 222 199 164
-155.1021 -581.2245 4070.7483 222 196 165
-151.8367 -581.2245 4070.7483 222 194 164
-148.3822 -580.4841 4065.5627 221 191 161
-144.9364 -579.7456 4060.3904 220 188 156
-141.4994 -579.0090 4055.2310 220 186 151
-138.0711 -578.2741 4050.0847 219 185 148
-134.8223 -578.2741 4050.0847 219 185 148
-131.5736 -578.2741 4050.0847 220 185 148
-128.4879 -579.0090 4055.2310 222 187 150
-125.3944 -579.7456 4060.3904 224 187 151
-122.4490 -581.2245 4070.7483 225 188 152
-119.1837 -581.2245 4070.7483 226 190 153
-115.9184 -581.2245 4070.7483 227 192 155
-112.6531 -581.2245 4070.7483 227 192 155
-109.3878 -581.2245 4070.7483 229 195 159
-106.1224 -581.2245 4070.7483 232 197 161
-102.8571 -581.2245 4070.7483 235 200 164
-99.5918 -581.2245 4070.7483 238 203 168
-96.4496 -581.9669 4075.9473 239 204 169
-93.2992 -582.7110 4081.1594 240 205 169
-89.9106 -581.9669 4075.9473 239 204 169
-86.7519 -582.7110 4081.1594 242 206 172
-83.4783 -582.7110 4081.1594 243 209 174
-80.2046 -582.7110 4081.1594 244 211 176
-77.0294 -583.4572 4086.3850 243 211 175
-73.7516 -583.4572 4086.3850 244 212 176
-70.4738 -583.4572 4086.3850 245 213 178
-67.1959 -583.4572 4086.3850 246 216 182
-63.8363 -582.7110 4081.1594 248 218 185
-60.5627 -582.7110 4081.1594 249 220 189
-57.3624 -583.4572 4086.3850 248 221 192
-54.0845 -583.4572 4086.3850 248 221 191
-50.8718 -584.2051 4091.6240 247 219 189
-47.6508 -584.9551 4096.8765 246 216 184
-44.8249 -591.0247 4139.3862 239 207 174
-26.1225 -547.0349 3831.2927 237 233 158
-23.0216 -546.3789 3826.6987 226 224 148
-19.9520 -546.3789 3826.6987 202 200 133
-16.8825 -546.3789 3826.6987 202 201 132
-13.8130 -546.3789 3826.6987 215 214 142
-10.7434 -546.3789 3826.6987 218 215 143
-7.6739 -546.3789 3826.6987 216 213 142
-4.6043 -546.3789 3826.6987 217 216 144
-1.5366 -547.0349 3831.2927 213 214 145
1.5366 -547.0349 3831.2927 214 216 149
4.6098 -547.0349 3831.2927 215 217 151
7.6831 -547.0349 3831.2927 215 219 152
10.7563 -547.0349 3831.2927 215 218 152
13.8295 -547.0349 3831.2927 219 221 153
16.9028 -547.0349 3831.2927 216 218 152
19.9760 -547.0349 3831.2927 214 216 151
23.0492 -547.0349 3831.2927 219 219 154
26.0911 -546.3789 3826.6987 217 216 149
29.1607 -546.3789 3826.6987 213 211 140
32.2302 -546.3789 3826.6987 213 211 138
35.2575 -545.7246 3822.1160 213 210 140
38.3234 -545.7246 3822.1160 213 210 140
41.3892 -545.7246 3822.1160 212 210 140
44.4551 -545.7246 3822.1160 211 210 140
47.5210 -545.7246 3822.1160 207 207 140
50.6475 -546.3789 3826.6987 211 211 143
53.7170 -546.3789 3826.6987 217 215 145
56.7866 -546.3789 3826.6987 218 216 146
59.8561 -546.3789 3826.6987 217 217 151
62.9257 -546.3789 3826.6987 218 218 153
65.9952 -546.3789 3826.6987 214 215 152
69.0648 -546.3789 3826.6987 209 209 146
72.1343 -546.3789 3826.6987 214 214 148
75.1138 -545.7246 3822.1160 211 212 146
78.2734 -546.3789 3826.6987 214 215 152
81.3429 -546.3789 3826.6987 220 222 157
84.4125 -546.3789 3826.6987 200 202 138
87.4820 -546.3789 3826.6987 199 200 142
90.5516 -546.3789 3826.6987 209 209 150
93.5090 -545.7246 3822.1160 233 233 169
96.5749 -545.7246 3822.1160 234 235 169
99.7602 -546.3789 3826.6987 237 238 176
102.9532 -547.0349 3831.2927 218 219 161
124.5867 -607.5734 4255.2891 204 204 154
124.6753 -591.7923 4144.7622 203 203 155
127.3385 -588.7339 4123.3423 202 202 154
130.3093 -587.2166 4112.7148 201 202 156
133.0937 -584.9551 4096.8765 200 202 157
135.8568 -582.7110 4081.1594 201 201 157
138.7755 -581.2245 4070.7483 202 202 159
141.4994 -579.0090 4055.2310 203 204 160
144.5685 -578.2741 4050.0847 205 205 164
147.4431 -576.8102 4039.8313 207 207 167
150.6835 -576.8102 4039.8313 209 210 171
153.7295 -576.0809 4034.7241 211 211 173
154.8130 -568.1796 3979.3850 212 213 175
156.2516 -561.8743 3935.2241 213 214 175
158.4314 -558.4314 3911.1113 215 215 177
160.7805 -555.7073 3892.0327 216 215 178
163.5037 -554.3552 3882.5630 217 217 179
166.4156 -553.6817 3877.8455 219 220 181
169.5261 -553.6817 3877.8455 221 221 182
173.0573 -555.0305 3887.2920 224 222 184
176.3903 -555.7073 3892.0327 225 224 186
179.7314 -556.3859 3896.7849 226 225 186
182.8572 -556.3859 3896.7849 227 225 187
186.2103 -557.0660 3901.5486 226 225 187
189.3399 -557.0660 3901.5486 226 225 187
192.2345 -556.3859 3896.7849 226 225 187
194.8843 -555.0305 3887.2920 226 226 187
197.7616 -554.3552 3882.5630 225 225 186
200.8759 -554.3552 3882.5630 224 224 185
230.9642 -627.6584 4395.9595 225 226 187
234.4904 -627.6584 4395.9595 227 226 187
238.0165 -627.6584 4395.9595 228 226 188
241.5427 -627.6584 4395.9595 228 227 188
258.4615 -625.9341 4383.8828 228 226 187
260.1910 -621.6644 4353.9790 229 226 186
261.8970 -617.4526 4324.4805 229 227 185
265.0068 -616.6171 4318.6289 230 227 184
243.7346 -559.8035 3920.7207 230 227 183
246.8796 -559.8035 3920.7207 230 228 181
250.0246 -559.8035 3920.7207 231 229 181
252.8589 -559.1166 3915.9102 232 230 181
254.4390 -555.7073 3892.0327 234 230 180
253.2374 -546.3789 3826.6987 236 231 179
254.7795 -543.1228 3803.8936 236 231 176
256.9121 -541.1877 3790.3406 236 231 171
259.9525 -541.1877 3790.3406 235 232 157
262.9929 -541.1877 3790.3406 234 231 153
266.3496 -541.8312 3794.8474 215 213 142
269.3936 -541.8312 3794.8474 201 202 142
272.1140 -541.1877 3790.3406 194 195 131
274.5024 -539.9052 3781.3586 198 199 131
277.2071 -539.2663 3776.8838 205 204 133
279.5750 -537.9930 3767.9656 206 206 136
282.5974 -537.9930 3767.9656 207 207 137
285.6199 -537.9930 3767.9656 206 205 137
288.6423 -537.9930 3767.9656 203 204 137
291.6647 -537.9930 3767.9656 203 205 138
294.3396 -537.3585 3763.5222 202 204 136
297.3585 -537.3585 3763.5222 205 205 138
300.3774 -537.3585 3763.5222 206 205 137
303.7545 -537.9930 3767.9656 205 205 140
306.7769 -537.9930 3767.9656 203 204 141
310.5326 -539.2663 3776.8838 201 202 138
313.5622 -539.2663 3776.8838 200 202 136
316.5917 -539.2663 3776.8838 203 203 136
320.0000 -539.9052 3781.3586 202 200 134
322.6509 -539.2663 3776.8838 205 203 139
325.2955 -538.6289 3772.4194 207 208 145
327.9339 -537.9930 3767.9656 208 209 146
330.9563 -537.9930 3767.9656 206 207 145
333.9788 -537.9930 3767.9656 206 207 144
337.3996 -538.6289 3772.4194 208 208 144
340.4256 -538.6289 3772.4194 208 209 145
343.4516 -538.6289 3772.4194 210 210 150
346.4776 -538.6289 3772.4194 206 208 147
349.5036 -538.6289 3772.4194 206 208 146
352.9468 -539.2663 3776.8838 205 208 147
355.5556 -538.6289 3772.4194 204 207 146
358.5816 -538.6289 3772.4194 204 207 146
360.7548 -537.3585 3763.5222 205 209 150
363.7736 -537.3585 3763.5222 204 206 142
366.7925 -537.3585 3763.5222 215 219 157
369.8113 -537.3585 3763.5222 192 194 139
372.8302 -537.3585 3763.5222 193 195 140
375.8491 -537.3585 3763.5222 200 201 142
378.8680 -537.3585 3763.5222 226 226 160
381.8868 -537.3585 3763.5222 229 227 159
384.9057 -537.3585 3763.5222 230 230 160
387.4676 -536.7256 3759.0891 208 206 148
390.4829 -536.7256 3759.0891 195 191 148
393.9623 -537.3585 3763.5222 197 192 153
453.6927 -614.1240 4301.1680 200 192 156
457.1429 -614.1240 4301.1680 201 192 156
459.9731 -613.2975 4295.3794 204 192 157
461.5550 -610.8311 4278.1055 205 191 158
462.5067 -607.5734 4255.2891 207 192 159
464.0638 -605.1527 4238.3354 208 192 159
466.2252 -603.5497 4227.1084 210 192 159
464.6920 -597.2215 4182.7871 209 189 158
465.6063 -594.1069 4160.9736 206 183 153
464.1032 -587.9742 4118.0215 203 178 148
462.0408 -581.2245 4070.7483 203 177 148
463.5324 -579.0090 4055.2310 206 173 144
462.6700 -573.9044 4019.4795 206 171 137
462.9788 -570.3129 3994.3264 203 171 138
465.6000 -569.6000 3989.3335 198 166 135
468.8000 -569.6000 3989.3335 178 150 117
472.0000 -569.6000 3989.3335 175 148 115
475.2000 -569.6000 3989.3335 176 148 117
478.4001 -569.6000 3989.3335 170 143 112
481.6000 -569.6000 3989.3335 167 142 112
484.8000 -569.6000 3989.3335 165 141 112
487.3908 -568.8889 3984.3530 165 140 112
489.9751 -568.1796 3979.3850 163 138 109
493.1671 -568.1796 3979.3850 165 140 111
496.9788 -568.8889 3984.3530 166 141 114
500.8000 -569.6000 3989.3335 168 144 118
504.0000 -569.6000 3989.3335 173 147 122
507.2000 -569.6000 3989.3335 175 149 123
511.0388 -570.3129 3994.3264 178 153 125
514.2429 -570.3129 3994.3264 181 154 126
517.4468 -570.3129 3994.3264 182 154 125
520.0001 -569.6000 3989.3335 184 154 123
523.2000 -569.6000 3989.3335 186 157 124
527.0588 -570.3129 3994.3264 184 156 124
530.9274 -571.0276 3999.3318 185 157 126
534.1354 -571.0276 3999.3318 185 158 126
537.3434 -571.0276 3999.3318 187 161 127
539.8749 -570.3129 3994.3264 187 160 128
542.4000 -569.6000 3989.3335 191 163 132
545.6000 -569.6000 3989.3335 198 168 137
548.1149 -568.8889 3984.3530 202 172 139
551.3109 -568.8889 3984.3530 205 174 140
554.5069 -568.8889 3984.3530 208 177 143
557.7029 -568.8889 3984.3530 212 182 147
560.8989 -568.8889 3984.3530 220 187 153
564.0949 -568.8889 3984.3530 227 192 159
566.5836 -568.1796 3979.3850 230 194 161
569.7756 -568.1796 3979.3850 233 195 164
572.2541 -567.4720 3974.4294 234 195 164
574.7264 -566.7662 3969.4861 235 195 162
577.1926 -566.0621 3964.5549 236 196 163
578.9343 -564.6593 3954.7295 236 197 163
579.9507 -562.5679 3940.0825 234 197 166
582.3922 -561.8743 3935.2241 207 186 159
584.8276 -561.1823 3930.3777 194 184 156
585.8160 -559.1166 3915.9102 192 185 154
588.9571 -559.1166 3915.9102 191 186 155
592.8256 -559.8035 3920.7207 191 186 156
595.9705 -559.8035 3920.7207 192 187 156
599.1155 -559.8035 3920.7207 191 187 156
602.2604 -559.8035 3920.7207 191 187 156
604.6626 -559.1166 3915.9102 191 188 155
607.8037 -559.1166 3915.9102 192 189 156
617.0013 -564.6593 3954.7295 193 190 158
622.4876 -566.7662 3969.4861 194 192 158
627.2319 -568.1796 3979.3850 195 192 160
630.4240 -568.1796 3979.3850 196 193 160
631.2546 -566.0621 3964.5549 198 194 162
630.5186 -562.5679 3940.0825 200 197 164
633.6791 -562.5679 3940.0825 202 199 166
640.7950 -566.0621 3964.5549 203 200 167
647.1910 -568.8889 3984.3530 204 201 168
651.2001 -569.6000 3989.3335 204 200 168
667.7551 -581.2245 4070.7483 204 201 168
671.8774 -581.9669 4075.9473 204 201 168
676.0103 -582.7110 4081.1594 205 202 168
679.2839 -582.7110 4081.1594 205 201 168
682.5576 -582.7110 4081.1594 204 201 168
685.8312 -582.7110 4081.1594 204 201 168
689.1049 -582.7110 4081.1594 204 201 168
692.3785 -582.7110 4081.1594 204 201 168
695.6522 -582.7110 4081.1594 205 202 168
698.0333 -581.9669 4075.9473 206 203 169
700.4082 -581.2245 4070.7483 206 203 169
703.6735 -581.2245 4070.7483 206 203 170
-286.6587 -548.7905 3822.1160 230 230 160
-282.5776 -546.8258 3808.4329 223 223 149
-279.5227 -546.8258 3808.4329 225 224 152
-276.4678 -546.8258 3808.4329 225 224 154
-272.1140 -544.2280 3790.3406 225 224 155
-269.0737 -544.2280 3790.3406 225 224 156
-266.0333 -544.2280 3790.3406 225 225 157
-262.9929 -544.2280 3790.3406 225 225 158
-259.6441 -543.5825 3785.8442 224 226 159
-256.0000 -542.2959 3776.8838 223 226 157
-252.6714 -541.6549 3772.4194 224 225 157
-249.3507 -541.0154 3767.9656 224 226 157
-246.3282 -541.0154 3767.9656 223 225 156
-243.3058 -541.0154 3767.9656 223 224 158
-240.2834 -541.0154 3767.9656 223 224 158
-237.2610 -541.0154 3767.9656 221 223 155
-234.2385 -541.0154 3767.9656 222 222 154
-231.4894 -541.6549 3772.4194 221 223 153
-228.4634 -541.6549 3772.4194 221 221 152
-225.4374 -541.6549 3772.4194 219 219 148
-222.4114 -541.6549 3772.4194 218 219 147
-219.1263 -541.0154 3767.9656 218 218 147
-215.8491 -540.3774 3763.5222 218 216 148
-213.0815 -541.0154 3767.9656 219 217 148
-210.0591 -541.0154 3767.9656 218 218 146
-207.2813 -541.6549 3772.4194 218 218 148
-204.2553 -541.6549 3772.4194 218 218 151
-201.2293 -541.6549 3772.4194 219 220 154
-197.7359 -540.3774 3763.5222 219 221 154
-194.7170 -540.3774 3763.5222 220 221 154
-191.6981 -540.3774 3763.5222 218 218 151
-188.6793 -540.3774 3763.5222 222 222 157
-185.8796 -541.0154 3767.9656 203 203 139
-182.8572 -541.0154 3767.9656 210 210 149
-179.8347 -541.0154 3767.9656 225 225 163
-177.0213 -541.6549 3772.4194 242 244 183
-174.2012 -542.2959 3776.8838 244 245 188
-171.5777 -543.5825 3785.8442 243 242 189
-170.3597 -549.4485 3826.6987 214 212 154
-168.9104 -554.7700 3863.7612 214 208 156
-166.2136 -556.1165 3873.1392 216 209 161
-170.3422 -580.7858 4044.9514 219 211 165
-168.1633 -584.4898 4070.7483 223 212 170
-164.8980 -584.4898 4070.7483 225 212 174
-161.8391 -585.2363 4075.9473 226 210 173
-158.3674 -584.4898 4070.7483 224 206 170
-155.1021 -584.4898 4070.7483 223 203 169
-151.8367 -584.4898 4070.7483 223 201 169
-148.3822 -583.7453 4065.5627 223 199 171
-144.7522 -582.2618 4055.2310 221 196 170
-141.3198 -581.5229 4050.0847 222 193 168
-137.3737 -578.5859 4029.6296 222 192 166
-133.8035 -577.1285 4019.4795 221 190 162
-130.7440 -577.8563 4024.5483 220 190 159
-127.8382 -579.3174 4034.7241 220 190 158
-124.9176 -580.7858 4044.9514 222 191 158
-121.8274 -581.5229 4050.0847 223 192 160
-118.5787 -581.5229 4050.0847 225 196 163
-115.3299 -581.5229 4050.0847 226 197 164
-111.9392 -580.7858 4044.9514 226 196 163
-108.6946 -580.7858 4044.9514 226 197 163
-105.4499 -580.7858 4044.9514 227 198 165
-102.3350 -581.5229 4050.0847 230 200 169
-99.0863 -581.5229 4050.0847 231 201 168
-96.0814 -583.0026 4060.3904 233 203 171
-92.8244 -583.0026 4060.3904 234 206 171
-89.5674 -583.0026 4060.3904 236 209 174
-86.4204 -583.7453 4065.5627 240 214 178
-83.1592 -583.7453 4065.5627 241 216 180
-79.8981 -583.7453 4065.5627 241 217 181
-76.7347 -584.4898 4070.7483 240 217 181
-73.4694 -584.4898 4070.7483 240 218 181
-70.2041 -584.4898 4070.7483 241 220 183
-66.9388 -584.4898 4070.7483 242 222 185
-63.6735 -584.4898 4070.7483 242 224 188
-60.4082 -584.4898 4070.7483 240 224 187
-57.1429 -584.4898 4070.7483 240 224 187
-53.8776 -584.4898 4070.7483 240 222 186
-50.6122 -584.4898 4070.7483 239 221 183
-47.5897 -587.4872 4091.6240 240 222 180
-44.3646 -588.2413 4096.8765 240 225 178
-32.3077 -550.7692 3835.8975 242 230 180
-29.1607 -549.4485 3826.6987 238 232 173
-26.0599 -548.7905 3822.1160 237 234 160
-22.9665 -548.1340 3817.5439 229 225 150
-19.9043 -548.1340 3817.5439 208 204 135
-16.8220 -547.4791 3812.9829 199 197 127
-13.7470 -546.8258 3808.4329 215 212 143
-10.6794 -546.1740 3803.8936 216 213 141
-7.6010 -544.2280 3790.3406 214 211 140
-4.5606 -544.2280 3790.3406 216 213 145
-1.5202 -544.2280 3790.3406 215 215 147
1.5202 -544.2280 3790.3406 216 216 150
4.5606 -544.2280 3790.3406 217 217 149
7.5829 -542.9384 3781.3586 217 217 147
10.6161 -542.9384 3781.3586 217 216 146
13.6493 -542.9384 3781.3586 217 216 146
16.6430 -541.6549 3772.4194 216 216 148
19.6690 -541.6549 3772.4194 218 219 151
22.7219 -542.2959 3776.8838 217 218 151
25.7515 -542.2959 3776.8838 217 218 151
28.7811 -542.2959 3776.8838 212 211 143
31.8107 -542.2959 3776.8838 212 210 141
34.8402 -542.2959 3776.8838 210 209 142
37.8698 -542.2959 3776.8838 213 210 143
40.8994 -542.2959 3776.8838 212 210 141
43.9290 -542.2959 3776.8838 210 210 142
46.9586 -542.2959 3776.8838 210 209 141
50.0474 -542.9384 3781.3586 211 211 141
53.0806 -542.9384 3781.3586 210 209 141
56.1137 -542.9384 3781.3586 211 212 142
59.2171 -543.5825 3785.8442 212 213 146
62.4762 -545.5239 3799.3652 213 214 150
65.6019 -546.1740 3803.8936 209 211 149
68.6532 -546.1740 3803.8936 208 210 149
71.5339 -544.8752 3794.8474 211 214 150
74.4010 -543.5825 3785.8442 209 210 145
77.5297 -544.2280 3790.3406 213 214 149
80.5701 -544.2280 3790.3406 223 223 156
83.6105 -544.2280 3790.3406 201 201 138
86.6508 -544.2280 3790.3406 200 201 140
89.9048 -545.5239 3799.3652 205 207 145
92.7316 -544.2280 3790.3406 233 234 167
95.7720 -544.2280 3790.3406 235 236 171
98.8124 -544.2280 3790.3406 238 241 180
102.8297 -549.4485 3826.6987 222 224 167
124.5867 -610.9867 4255.2891 205 206 156
124.0310 -592.0414 4123.3423 204 205 156
126.6838 -588.9975 4102.1426 203 204 156
129.4750 -586.7350 4086.3850 202 204 157
132.5831 -585.9847 4081.1594 202 203 157
135.5102 -584.4898 4070.7483 202 202 158
138.2465 -582.2618 4055.2310 202 202 158
141.3198 -581.5229 4050.0847 202 203 160
144.3853 -580.7858 4044.9514 202 204 162
147.4431 -580.0507 4039.8313 201 203 163
150.4931 -579.3174 4034.7241 202 204 165
152.3810 -574.2356 3999.3318 203 205 166
154.6202 -570.6601 3974.4294 205 206 168
156.2516 -565.0309 3935.2241 207 209 171
158.4314 -561.5687 3911.1113 210 211 174
160.3893 -557.4696 3882.5630 212 213 177
162.9091 -555.4424 3868.4446 214 215 178
165.8111 -554.7700 3863.7612 216 216 180
168.9104 -554.7700 3863.7612 218 218 181
172.4272 -556.1165 3873.1392 219 219 183
175.9611 -557.4696 3882.5630 220 220 184
179.2936 -558.1486 3887.2920 221 221 183
182.4117 -558.1486 3887.2920 223 223 185
185.7561 -558.8293 3892.0327 224 224 187
188.8781 -558.8293 3892.0327 224 224 186
191.7661 -558.1486 3887.2920 225 225 187
194.6472 -557.4696 3882.5630 226 225 187
197.7616 -557.4696 3882.5630 225 225 187
200.8759 -557.4696 3882.5630 225 225 187
239.7063 -560.8813 3906.3240 230 227 182
243.1373 -561.5687 3911.1113 230 227 182
246.2745 -561.5687 3911.1113 230 227 181
249.4118 -561.5687 3911.1113 230 227 179
252.5490 -561.5687 3911.1113 231 228 179
254.1291 -558.1486 3887.2920 233 229 178
253.2374 -549.4485 3826.6987 235 230 176
253.8717 -544.2280 3790.3406 235 230 175
256.6074 -543.5825 3785.8442 235 231 170
259.6441 -543.5825 3785.8442 235 231 156
262.6809 -543.5825 3785.8442 233 230 151
265.7177 -543.5825 3785.8442 217 215 142
268.7545 -543.5825 3785.8442 200 200 136
271.4692 -542.9384 3781.3586 195 194 128
273.8535 -541.6549 3772.4194 193 193 123
276.2264 -540.3774 3763.5222 190 187 115
279.2453 -540.3774 3763.5222 185 183 112
282.2642 -540.3774 3763.5222 190 188 121
285.2831 -540.3774 3763.5222 197 195 129
288.3019 -540.3774 3763.5222 194 193 127
291.3208 -540.3774 3763.5222 197 197 132
294.3396 -540.3774 3763.5222 197 196 133
297.3585 -540.3774 3763.5222 196 197 131
300.3774 -540.3774 3763.5222 197 197 133
303.3962 -540.3774 3763.5222 201 201 138
306.4151 -540.3774 3763.5222 204 205 141
309.7993 -541.0154 3767.9656 202 201 140
313.1915 -541.6549 3772.4194 204 204 141
316.2175 -541.6549 3772.4194 202 202 139
319.2435 -541.6549 3772.4194 202 203 138
321.8891 -541.0154 3767.9656 204 206 142
324.9115 -541.0154 3767.9656 206 209 149
327.5472 -540.3774 3763.5222 208 210 152
330.5661 -540.3774 3763.5222 206 208 149
333.5850 -540.3774 3763.5222 206 209 150
336.6038 -540.3774 3763.5222 207 208 151
340.0237 -541.0154 3767.9656 206 208 150
343.0461 -541.0154 3767.9656 205 207 150
346.0685 -541.0154 3767.9656 204 206 146
349.0909 -541.0154 3767.9656 205 206 144
352.1134 -541.0154 3767.9656 202 203 141
355.1358 -541.0154 3767.9656 204 205 145
358.1582 -541.0154 3767.9656 205 206 146
360.7548 -540.3774 3763.5222 203 205 147
363.7736 -540.3774 3763.5222 204 207 150
366.7925 -540.3774 3763.5222 198 201 145
369.8113 -540.3774 3763.5222 189 190 134
372.3911 -539.7409 3759.0891 196 197 141
375.4064 -539.7409 3759.0891 196 198 136
378.4217 -539.7409 3759.0891 227 227 159
381.4370 -539.7409 3759.0891 231 229 162
384.4523 -539.7409 3759.0891 230 231 163
387.4676 -539.7409 3759.0891 212 212 153
390.0236 -539.1060 3754.6667 196 194 150
393.0353 -539.1060 3754.6667 197 194 155
453.6927 -617.5742 4301.1680 199 194 156
457.1429 -617.5742 4301.1680 199 193 156
458.7383 -615.0873 4283.8481 200 192 156
460.3209 -612.6204 4266.6670 201 192 157
461.2766 -609.3618 4243.9717 202 191 157
462.8345 -606.9404 4227.1084 203 191 157
464.3800 -604.5383 4210.3784 204 189 157
464.0838 -599.7906 4177.3125 205 189 157
465.0000 -596.6667 4155.5557 204 186 155
462.3137 -588.9975 4102.1426 199 178 148
461.4522 -583.7453 4065.5627 195 170 142
462.9442 -581.5229 4050.0847 202 173 143
462.6700 -577.1285 4019.4795 209 174 143
462.9788 -573.5170 3994.3264 208 172 138
465.6000 -572.8000 3989.3335 208 171 137
468.8000 -572.8000 3989.3335 208 171 136
472.0000 -572.8000 3989.3335 207 171 137
475.2000 -572.8000 3989.3335 206 172 138
477.8028 -572.0849 3984.3530 206 171 138
480.3990 -571.3716 3979.3850 206 171 138
482.3881 -569.9503 3969.4861 207 173 140
484.9690 -569.2422 3964.5549 205 173 140
487.5435 -568.5360 3959.6362 203 170 138
490.7197 -568.5360 3959.6362 204 171 138
493.2838 -567.8315 3954.7295 206 174 140
495.2287 -566.4277 3944.9526 209 177 143
497.7778 -565.7285 3940.0825 213 181 149
500.9383 -565.7285 3940.0825 217 184 152
503.4772 -565.0309 3935.2241 219 186 153
506.6339 -565.0309 3935.2241 220 186 154
509.7904 -565.0309 3935.2241 221 187 155
512.9470 -565.0309 3935.2241 221 186 154
516.1036 -565.0309 3935.2241 222 187 155
519.2602 -565.0309 3935.2241 223 187 155
523.0618 -565.7285 3940.0825 224 187 156
526.2223 -565.7285 3940.0825 224 189 156
529.3828 -565.7285 3940.0825 225 188 156
532.5432 -565.7285 3940.0825 225 189 156
535.7037 -565.7285 3940.0825 225 190 157
538.8643 -565.7285 3940.0825 226 190 158
541.3564 -565.0309 3935.2241 227 190 159
544.5130 -565.0309 3935.2241 227 187 153
547.6696 -565.0309 3935.2241 228 189 156
552.8713 -567.1288 3949.8352 229 192 159
556.7286 -567.8315 3954.7295 231 193 161
560.5956 -568.5360 3959.6362 232 195 165
564.4721 -569.2422 3964.5549 234 195 164
568.3582 -569.9503 3969.4861 235 195 164
571.5424 -569.9503 3969.4861 236 196 163
574.0125 -569.2422 3964.5549 236 197 164
577.1926 -569.2422 3964.5549 234 196 165
578.9343 -567.8315 3954.7295 225 192 163
579.9507 -565.7285 3940.0825 207 184 157
583.1112 -565.7285 3940.0825 195 181 151
584.8276 -564.3350 3930.3777 193 184 152
586.5356 -562.9484 3920.7207 193 184 153
589.6806 -562.9484 3920.7207 192 185 153
592.8256 -562.9484 3920.7207 191 185 153
596.7036 -563.6409 3925.5435 191 186 153
599.8524 -563.6409 3925.5435 191 186 153
602.2604 -562.9484 3920.7207 191 187 154
605.4055 -562.9484 3920.7207 193 190 156
608.5504 -562.9484 3920.7207 194 191 157
616.2377 -567.1288 3949.8352 195 192 158
620.1735 -567.8315 3954.7295 196 193 160
624.8945 -569.2422 3964.5549 200 196 162
628.0746 -569.2422 3964.5549 202 198 164
630.4716 -568.5360 3959.6362 203 200 165
630.5186 -565.7285 3940.0825 204 201 167
633.6791 -565.7285 3940.0825 205 202 168
640.0001 -568.5360 3959.6362 205 202 169
646.3840 -571.3716 3979.3850 205 201 169
651.2001 -572.8000 3989.3335 205 201 169
657.6885 -575.6784 4009.3804 205 202 169
671.0204 -584.4898 4070.7483 205 202 169
674.2857 -584.4898 4070.7483 206 203 169
677.5510 -584.4898 4070.7483 205 202 169
680.8163 -584.4898 4070.7483 204 201 168
684.0817 -584.4898 4070.7483 205 202 169
689.1049 -585.9847 4081.1594 204 202 168
691.4943 -585.2363 4075.9473 204 202 169
694.7638 -585.2363 4075.9473 205 202 170
697.1429 -584.4898 4070.7483 205 202 170
698.6260 -583.0026 4060.3904 206 203 170
701.8830 -583.0026 4060.3904 207 204 171
-285.2921 -549.2253 3803.8936 213 211 144
-280.9016 -546.6192 3785.8442 217 216 148
-277.8648 -546.6192 3785.8442 216 215 147
-274.5024 -545.9716 3781.3586 217 216 152
-271.1479 -545.3254 3776.8838 220 218 154
-268.1184 -545.3254 3776.8838 215 214 149
-265.0888 -545.3254 3776.8838 217 217 151
-262.0592 -545.3254 3776.8838 218 218 152
-258.7234 -544.6809 3772.4194 216 216 150
-255.3955 -544.0378 3767.9656 215 214 149
-252.3731 -544.0378 3767.9656 216 214 149
-249.0566 -543.3963 3763.5222 218 217 150
-246.0378 -543.3963 3763.5222 208 208 142
-243.0189 -543.3963 3763.5222 211 212 148
-240.0000 -543.3963 3763.5222 212 213 148
-236.9812 -543.3963 3763.5222 208 207 139
-233.9623 -543.3963 3763.5222 210 208 141
-230.9434 -543.3963 3763.5222 212 210 143
-227.9246 -543.3963 3763.5222 212 210 143
-224.9057 -543.3963 3763.5222 207 206 139
-221.8868 -543.3963 3763.5222 210 210 144
-218.8680 -543.3963 3763.5222 212 211 145
-215.5948 -542.7562 3759.0891 209 208 141
-212.8302 -543.3963 3763.5222 211 211 144
-209.8113 -543.3963 3763.5222 212 212 144
-207.0366 -544.0378 3767.9656 214 214 146
-204.0142 -544.0378 3767.9656 213 213 147
-200.9917 -544.0378 3767.9656 216 216 152
-197.7359 -543.3963 3763.5222 218 217 152
-194.7170 -543.3963 3763.5222 214 215 148
-191.6981 -543.3963 3763.5222 215 215 152
-188.6793 -543.3963 3763.5222 205 205 141
-185.6604 -543.3963 3763.5222 203 203 142
-182.6415 -543.3963 3763.5222 216 216 159
-179.6227 -543.3963 3763.5222 228 228 168
-176.6038 -543.3963 3763.5222 243 244 185
-173.7899 -544.0378 3767.9656 243 245 190
-171.1716 -545.3254 3776.8838 241 242 187
-169.9522 -551.1962 3817.5439 211 210 152
-168.5024 -556.5218 3854.4285 211 209 156
-166.0121 -558.5455 3868.4446 213 210 161
-168.8442 -578.8945 4009.3804 216 212 166
-167.0976 -584.0305 4044.9514 218 212 169
-164.8980 -587.7551 4070.7483 217 212 170
-161.6327 -587.7551 4070.7483 217 210 172
-158.3674 -587.7551 4070.7483 217 210 172
-154.9045 -587.0064 4065.5627 217 210 173
-151.6433 -587.0064 4065.5627 216 209 174
-148.0051 -585.5146 4055.2310 215 207 173
-144.0202 -582.5538 4034.7241 213 206 172
-140.6061 -581.8182 4029.6296 213 205 173
-136.8553 -579.6227 4014.4236 212 204 173
-133.6352 -579.6227 4014.4236 211 204 171
-130.4151 -579.6227 4014.4236 210 202 171
-127.1950 -579.6227 4014.4236 209 202 171
-124.2875 -581.0845 4024.5483 209 203 171
-121.3654 -582.5538 4034.7241 212 205 172
-117.9798 -581.8182 4029.6296 214 208 177
-114.4584 -580.3527 4019.4795 217 211 179
-110.6767 -577.4437 3999.3318 219 213 180
-107.2000 -576.0000 3989.3335 221 215 182
-104.0000 -576.0000 3989.3335 223 217 183
-100.8000 -576.0000 3989.3335 224 218 183
-97.6000 -576.0000 3989.3335 225 219 184
-94.5182 -576.7209 3994.3264 226 219 185
-91.6583 -578.8945 4009.3804 226 221 188
-88.4422 -578.8945 4009.3804 228 223 189
-85.4408 -580.3527 4019.4795 230 224 190
-82.4242 -581.8182 4029.6296 232 227 191
-79.3924 -583.2911 4039.8313 233 228 192
-76.2484 -584.0305 4044.9514 233 228 192
-73.0038 -584.0305 4044.9514 234 229 192
-69.6709 -583.2911 4039.8313 235 230 193
-66.3464 -582.5538 4034.7241 236 231 194
-63.0303 -581.8182 4029.6296 235 231 194
-59.7980 -581.8182 4029.6296 235 231 193
-56.6372 -582.5538 4034.7241 236 232 193
-53.4008 -582.5538 4034.7241 237 232 192
-50.1644 -582.5538 4034.7241 237 233 192
-46.9279 -582.5538 4034.7241 238 233 191
-43.5265 -580.3527 4019.4795 238 234 190
-39.2157 -564.7059 3911.1113 239 234 190
-35.3846 -553.8462 3835.8975 240 235 189
-32.2302 -552.5180 3826.6987 241 236 187
-29.0909 -551.1962 3817.5439 239 235 179
-25.9976 -550.5377 3812.9829 238 235 165
-22.9391 -550.5377 3812.9829 230 227 155
-19.8568 -549.8807 3808.4329 211 207 139
-16.7819 -549.2253 3803.8936 205 203 134
-13.6817 -547.2684 3790.3406 208 205 138
-10.6413 -547.2684 3790.3406 220 220 152
-7.5740 -545.3254 3776.8838 218 217 146
-4.5336 -544.0378 3767.9656 218 217 146
-1.5112 -544.0378 3767.9656 218 217 149
1.5130 -544.6809 3772.4194 217 218 151
4.5390 -544.6809 3772.4194 216 218 151
7.5472 -543.3963 3763.5222 217 218 150
10.5660 -543.3963 3763.5222 219 219 154
13.5849 -543.3963 3763.5222 218 220 155
16.6038 -543.3963 3763.5222 218 221 156
19.6226 -543.3963 3763.5222 219 221 156
22.6415 -543.3963 3763.5222 219 221 158
25.6604 -543.3963 3763.5222 220 222 158
28.6792 -543.3963 3763.5222 216 216 149
31.7355 -544.0378 3767.9656 214 214 146
34.7580 -544.0378 3767.9656 213 213 147
37.7804 -544.0378 3767.9656 213 213 148
40.8028 -544.0378 3767.9656 215 215 150
43.8771 -544.6809 3772.4194 214 214 147
46.9031 -544.6809 3772.4194 215 214 144
49.8701 -544.0378 3767.9656 215 213 144
52.8926 -544.0378 3767.9656 214 213 146
55.9811 -544.6809 3772.4194 214 214 148
59.0769 -545.3254 3776.8838 215 216 151
62.2539 -546.6192 3785.8442 215 216 153
65.2906 -546.6192 3785.8442 213 216 153
68.3274 -546.6192 3785.8442 211 215 150
71.1953 -545.3254 3776.8838 210 215 150
74.2249 -545.3254 3776.8838 211 214 151
77.1631 -544.6809 3772.4194 210 212 150
80.1891 -544.6809 3772.4194 224 225 160
83.2151 -544.6809 3772.4194 200 200 135
86.2411 -544.6809 3772.4194 199 201 138
89.4787 -545.9716 3781.3586 203 205 147
92.4024 -545.3254 3776.8838 232 234 170
95.4320 -545.3254 3776.8838 237 237 174
98.4615 -545.3254 3776.8838 238 240 180
101.8527 -547.2684 3790.3406 226 228 169
121.3507 -598.4416 4144.7622 207 208 160
122.9193 -590.0128 4086.3850 206 207 160
125.7143 -587.7551 4070.7483 205 206 159
128.8153 -587.0064 4065.5627 204 205 161
131.9084 -586.2596 4060.3904 203 205 161
134.9937 -585.5146 4055.2310 202 204 162
138.0711 -584.7716 4050.0847 202 204 162
141.1407 -584.0305 4044.9514 203 204 163
144.2025 -583.2911 4039.8313 203 204 164
147.0707 -581.8182 4029.6296 202 204 164
149.1729 -577.4437 3999.3318 202 204 164
151.4321 -573.8481 3974.4294 202 204 165
153.0950 -568.1874 3935.2241 204 205 167
155.4847 -565.3988 3915.9102 205 206 169
158.2375 -564.0147 3906.3240 207 207 171
159.8061 -558.5455 3868.4446 208 209 173
162.7119 -557.8693 3863.7612 209 210 174
165.4106 -556.5218 3854.4285 211 212 176
168.5024 -556.5218 3854.4285 214 215 178
171.5942 -556.5218 3854.4285 217 217 179
175.1090 -557.8693 3863.7612 219 219 182
178.8578 -559.9028 3877.8455 221 221 182
182.1898 -560.5840 3882.5630 224 223 184
185.3042 -560.5840 3882.5630 226 224 186
188.4185 -560.5840 3882.5630 226 224 186
191.5329 -560.5840 3882.5630 227 224 186
194.6472 -560.5840 3882.5630 226 225 186
197.7616 -560.5840 3882.5630 226 225 186
200.8759 -560.5840 3882.5630 227 225 186
203.9903 -560.5840 3882.5630 227 225 186
207.1046 -560.5840 3882.5630 228 225 185
210.2190 -560.5840 3882.5630 228 225 185
213.0741 -559.9028 3877.8455 228 225 184
215.3995 -557.8693 3863.7612 228 225 183
218.4988 -557.8693 3863.7612 229 226 183
228.9051 -560.5840 3882.5630 229 226 182
232.0195 -560.5840 3882.5630 229 226 181
235.1338 -560.5840 3882.5630 230 227 181
239.1209 -562.6375 3896.7849 229 227 180
242.8397 -564.0147 3906.3240 229 227 179
246.2745 -564.7059 3911.1113 230 226 179
249.4118 -564.7059 3911.1113 230 226 178
251.9315 -563.3252 3901.5486 231 228 177
253.5116 -559.9028 3877.8455 232 229 176
252.3298 -550.5377 3812.9829 234 229 176
253.5706 -546.6192 3785.8442 234 229 174
256.0000 -545.3254 3776.8838 235 231 170
259.0296 -545.3254 3776.8838 236 231 157
261.7494 -544.6809 3772.4194 233 229 148
264.7754 -544.6809 3772.4194 221 218 141
267.4853 -544.0378 3767.9656 205 203 129
270.5077 -544.0378 3767.9656 205 203 132
273.2076 -543.3963 3763.5222 202 200 131
276.2264 -543.3963 3763.5222 193 192 122
279.2453 -543.3963 3763.5222 191 190 116
282.2642 -543.3963 3763.5222 194 191 120
285.2831 -543.3963 3763.5222 193 191 125
288.3019 -543.3963 3763.5222 191 192 127
291.3208 -543.3963 3763.5222 190 192 126
294.3396 -543.3963 3763.5222 187 187 122
297.3585 -543.3963 3763.5222 189 187 117
300.3774 -543.3963 3763.5222 184 179 111
303.3962 -543.3963 3763.5222 184 182 116
306.4151 -543.3963 3763.5222 187 187 122
309.4340 -543.3963 3763.5222 182 182 118
312.8217 -544.0378 3767.9656 188 185 121
315.8442 -544.0378 3767.9656 187 185 121
318.8666 -544.0378 3767.9656 185 185 123
321.5095 -543.3963 3763.5222 186 187 125
324.5283 -543.3963 3763.5222 189 191 131
327.5472 -543.3963 3763.5222 193 194 135
330.5661 -543.3963 3763.5222 186 187 129
333.5850 -543.3963 3763.5222 192 193 134
336.6038 -543.3963 3763.5222 194 195 136
339.6227 -543.3963 3763.5222 193 193 133
342.6415 -543.3963 3763.5222 194 194 132
345.6604 -543.3963 3763.5222 191 192 130
348.6793 -543.3963 3763.5222 195 195 131
352.1134 -544.0378 3767.9656 192 193 129
354.7170 -543.3963 3763.5222 194 194 131
357.7359 -543.3963 3763.5222 193 194 131
360.3298 -542.7562 3759.0891 194 197 134
363.7736 -543.3963 3763.5222 195 198 137
366.3604 -542.7562 3759.0891 197 200 141
369.3757 -542.7562 3759.0891 196 200 142
372.3911 -542.7562 3759.0891 194 198 140
375.4064 -542.7562 3759.0891 195 196 134
378.4217 -542.7562 3759.0891 229 228 160
381.4370 -542.7562 3759.0891 231 231 161
384.4523 -542.7562 3759.0891 232 232 163
387.0118 -542.1177 3754.6667 217 218 158
389.5652 -541.4806 3750.2546 198 197 154
393.0353 -542.1177 3754.6667 198 197 157
454.9189 -622.7028 4312.7930 199 197 158
458.3784 -622.7028 4312.7930 199 196 159
458.7383 -618.5236 4283.8481 199 195 160
457.8723 -612.7660 4243.9717 199 195 160
459.4438 -610.3312 4227.1084 199 194 160
461.0027 -607.9156 4210.3784 200 193 159
460.7330 -603.1414 4177.3125 201 192 158
461.6667 -600.0000 4155.5557 202 190 158
459.0232 -592.2880 4102.1426 203 189 156
458.1911 -587.0064 4065.5627 202 186 155
459.6955 -584.7716 4050.0847 196 176 147
459.4459 -580.3527 4019.4795 193 168 142
461.5075 -578.8945 4009.3804 197 171 144
462.9788 -576.7209 3994.3264 202 170 141
465.6000 -576.0000 3989.3335 207 171 140
468.8000 -576.0000 3989.3335 209 172 139
472.0000 -576.0000 3989.3335 210 172 138
474.6068 -575.2809 3984.3530 211 172 139
477.2070 -574.5637 3979.3850 211 172 139
479.2040 -573.1344 3969.4861 212 172 139
481.7888 -572.4224 3964.5549 213 173 139
484.3672 -571.7122 3959.6362 213 174 140
486.9393 -571.0037 3954.7295 215 176 141
489.5050 -570.2971 3949.8352 216 178 144
490.8509 -568.1874 3935.2241 219 182 148
494.0074 -568.1874 3935.2241 221 183 149
497.1640 -568.1874 3935.2241 224 186 152
499.0898 -566.7897 3925.5435 225 187 154
502.2387 -566.7897 3925.5435 226 186 155
505.3875 -566.7897 3925.5435 227 187 156
507.9116 -566.0934 3920.7207 227 187 156
511.0565 -566.0934 3920.7207 227 187 155
513.5706 -565.3988 3915.9102 227 187 155
517.3464 -566.0934 3920.7207 227 187 155
520.4914 -566.0934 3920.7207 228 188 157
524.2805 -566.7897 3925.5435 228 188 157
527.4293 -566.7897 3925.5435 229 188 157
531.2315 -567.4877 3930.3777 228 189 158
534.3842 -567.4877 3930.3777 227 190 158
537.5369 -567.4877 3930.3777 228 191 158
540.0247 -566.7897 3925.5435 229 190 157
543.8423 -567.4877 3930.3777 223 179 145
546.9951 -567.4877 3930.3777 230 189 155
550.8262 -568.1874 3935.2241 230 191 158
556.0396 -570.2971 3949.8352 232 193 160
559.9009 -571.0037 3954.7295 234 195 164
564.4721 -572.4224 3964.5549 234 195 164
568.3582 -573.1344 3969.4861 232 192 162
571.5424 -573.1344 3969.4861 227 185 158
574.0125 -572.4224 3964.5549 213 175 148
577.1926 -572.4224 3964.5549 196 163 138
579.6526 -571.7122 3959.6362 182 158 132
581.3862 -570.2971 3949.8352 182 163 134
583.1112 -568.8890 3940.0825 190 174 143
586.2717 -568.8890 3940.0825 193 180 148
587.2571 -566.7897 3925.5435 192 182 149
591.1330 -567.4877 3930.3777 191 183 150
594.2857 -567.4877 3930.3777 190 184 151
597.4384 -567.4877 3930.3777 190 186 151
600.5911 -567.4877 3930.3777 192 188 152
603.7438 -567.4877 3930.3777 194 191 156
606.8965 -567.4877 3930.3777 196 193 158
613.0694 -570.2971 3949.8352 199 195 160
617.0013 -571.0037 3954.7295 202 198 163
621.7144 -572.4224 3964.5549 203 200 165
626.4509 -573.8481 3974.4294 204 201 166
629.6389 -573.8481 3974.4294 205 201 168
631.2546 -572.4224 3964.5549 205 201 168
632.8625 -571.0037 3954.7295 205 202 168
636.8239 -571.7122 3959.6362 205 202 169
642.3911 -573.8481 3974.4294 205 202 168
647.1910 -575.2809 3984.3530 205 202 169
651.2001 -576.0000 3989.3335 205 202 169
656.8633 -578.1682 4004.3499 206 203 170
660.0753 -578.1682 4004.3499 206 203 170
664.1207 -578.8945 4009.3804 206 204 170
667.3367 -578.8945 4009.3804 205 204 170
670.5528 -578.8945 4009.3804 205 204 172
672.9235 -578.1682 4004.3499 205 204 171
672.7591 -575.2809 3984.3530 205 204 171
675.9551 -575.2809 3984.3530 206 204 172
680.0001 -576.0000 3989.3335 207 204 173
684.0551 -576.7209 3994.3264 207 205 173
687.2591 -576.7209 3994.3264 206 205 173
690.4631 -576.7209 3994.3264 207 205 174
697.1573 -579.6227 4014.4236 207 205 174
-283.9383 -549.6560 3785.8442 208 207 137
-280.2367 -548.3550 3776.8838 208 208 140
-276.8795 -547.7069 3772.4194 208 210 141
-273.8535 -547.7069 3772.4194 205 208 139
-270.5077 -547.0602 3767.9656 208 210 142
-267.4853 -547.0602 3767.9656 207 208 141
-264.4628 -547.0602 3767.9656 206 207 141
-261.4404 -547.0602 3767.9656 206 208 143
-258.1132 -546.4151 3763.5222 208 209 142
-255.0944 -546.4151 3763.5222 208 208 141
-252.0755 -546.4151 3763.5222 208 206 140
-249.0566 -546.4151 3763.5222 211 210 144
-245.7479 -545.7715 3759.0891 210 209 141
-242.7327 -545.7715 3759.0891 208 207 141
-239.7173 -545.7715 3759.0891 208 206 140
-236.9812 -546.4151 3763.5222 208 205 137
-233.9623 -546.4151 3763.5222 206 203 133
-230.9434 -546.4151 3763.5222 204 202 135
-227.9246 -546.4151 3763.5222 205 205 138
-224.9057 -546.4151 3763.5222 203 203 137
-221.6255 -545.7715 3759.0891 199 200 134
-218.6101 -545.7715 3759.0891 201 201 134
-215.5948 -545.7715 3759.0891 200 200 132
-212.5795 -545.7715 3759.0891 202 202 132
-209.8113 -546.4151 3763.5222 203 201 132
-206.7925 -546.4151 3763.5222 208 204 136
-203.7736 -546.4151 3763.5222 206 203 135
-200.7547 -546.4151 3763.5222 206 204 138
-197.7359 -546.4151 3763.5222 209 208 142
-194.7170 -546.4151 3763.5222 206 206 138
-191.6981 -546.4151 3763.5222 206 205 138
-188.6793 -546.4151 3763.5222 211 210 142
-185.6604 -546.4151 3763.5222 207 208 142
-182.6415 -546.4151 3763.5222 215 216 157
-179.6227 -546.4151 3763.5222 231 232 172
-176.6038 -546.4151 3763.5222 244 245 190
-173.5849 -546.4151 3763.5222 243 246 194
-170.7674 -547.0602 3767.9656 239 240 185
-169.3445 -552.2766 3803.8936 211 209 151
-167.6923 -556.9231 3835.8975 212 210 157
-165.8111 -560.9686 3863.7612 214 211 162
-165.3137 -569.9385 3925.5435 215 212 166
-165.6282 -582.1106 4009.3804 214 212 168
-163.4387 -585.7902 4034.7241 212 211 168
-160.4051 -586.5317 4039.8313 212 209 168
-157.3638 -587.2750 4044.9514 212 208 169
-154.1191 -587.2750 4044.9514 210 207 170
-149.9244 -583.5769 4019.4795 209 207 171
-146.7003 -583.5769 4019.4795 207 207 171
-143.4761 -583.5769 4019.4795 206 206 170
-139.7240 -581.3802 4004.3499 206 206 172
-136.3409 -580.6517 3999.3318 206 206 171
-133.1328 -580.6517 3999.3318 206 205 171
-129.9248 -580.6517 3999.3318 206 205 171
-126.8758 -581.3802 4004.3499 207 206 173
-123.8191 -582.1106 4009.3804 208 207 173
-120.6030 -582.1106 4009.3804 209 207 174
-117.0927 -580.6517 3999.3318 210 208 176
-113.6000 -579.2001 3989.3335 211 209 177
-109.8508 -576.3185 3969.4861 212 210 177
-106.0074 -572.7565 3944.9526 214 212 180
-102.7161 -572.0494 3940.0825 217 214 182
-99.5556 -572.0494 3940.0825 221 217 183
-96.7534 -574.1760 3954.7295 224 221 185
-93.5812 -574.1760 3954.7295 226 223 187
-90.7463 -576.3185 3969.4861 228 225 188
-87.6712 -577.0362 3974.4294 230 227 190
-84.5885 -577.7557 3979.3850 231 227 190
-81.6000 -579.2001 3989.3335 232 228 190
-78.4000 -579.2001 3989.3335 233 228 191
-75.2000 -579.2001 3989.3335 233 229 191
-72.0000 -579.2001 3989.3335 234 230 190
-68.8000 -579.2001 3989.3335 234 230 189
-65.4364 -577.7557 3979.3850 234 230 189
-62.2444 -577.7557 3979.3850 234 230 188
-59.0524 -577.7557 3979.3850 234 230 187
-55.7908 -577.0362 3974.4294 235 230 188
-52.6027 -577.0362 3974.4294 235 231 186
-49.3532 -576.3185 3969.4861 236 231 187
-46.1118 -575.6025 3964.5549 238 232 187
-42.3529 -567.8431 3911.1113 239 233 187
-38.6007 -558.9385 3849.7791 239 234 187
-35.2998 -555.5876 3826.6987 241 235 187
-32.1531 -554.2584 3817.5439 241 236 185
-29.0562 -553.5963 3812.9829 241 237 180
-25.9666 -552.9356 3808.4329 239 237 169
-22.9117 -552.9356 3808.4329 231 228 156
-19.8331 -552.2766 3803.8936 211 207 138
-16.7221 -550.3088 3790.3406 204 201 133
-13.6493 -549.0048 3781.3586 208 205 137
-10.6036 -548.3550 3776.8838 204 203 134
-7.5561 -547.0602 3767.9656 203 200 135
-4.5283 -546.4151 3763.5222 205 201 134
-1.5094 -546.4151 3763.5222 206 203 136
1.5094 -546.4151 3763.5222 206 205 138
4.5283 -546.4151 3763.5222 204 203 137
7.5472 -546.4151 3763.5222 204 201 135
10.5660 -546.4151 3763.5222 206 204 138
13.5849 -546.4151 3763.5222 201 200 134
16.6038 -546.4151 3763.5222 202 201 136
19.6226 -546.4151 3763.5222 203 203 139
22.6415 -546.4151 3763.5222 203 204 140
25.6604 -546.4151 3763.5222 203 204 142
28.6792 -546.4151 3763.5222 198 198 133
31.6981 -546.4151 3763.5222 199 197 131
34.7170 -546.4151 3763.5222 196 195 130
37.7359 -546.4151 3763.5222 196 197 131
40.7547 -546.4151 3763.5222 199 199 134
43.7736 -546.4151 3763.5222 194 192 127
46.7925 -546.4151 3763.5222 197 195 127
49.8113 -546.4151 3763.5222 199 196 130
52.8302 -546.4151 3763.5222 200 199 133
55.9150 -547.0602 3767.9656 196 195 129
58.9374 -547.0602 3767.9656 202 201 136
62.1065 -548.3550 3776.8838 206 205 142
65.1361 -548.3550 3776.8838 200 201 136
68.1657 -548.3550 3776.8838 203 204 139
71.1111 -547.7069 3772.4194 204 205 140
74.0496 -547.0602 3767.9656 205 205 141
77.0720 -547.0602 3767.9656 204 204 139
80.0000 -546.4151 3763.5222 203 202 140
83.0189 -546.4151 3763.5222 197 195 133
86.0377 -546.4151 3763.5222 201 202 139
89.2672 -547.7069 3772.4194 203 204 147
92.1842 -547.0602 3767.9656 233 234 170
95.2066 -547.0602 3767.9656 238 239 174
98.2291 -547.0602 3767.9656 238 239 177
101.2515 -547.0602 3767.9656 229 230 172
104.5207 -548.3550 3776.8838 208 209 159
118.0260 -601.7663 4144.7622 208 209 162
119.0319 -590.2676 4065.5627 208 209 164
121.3654 -585.7902 4034.7241 207 208 165
123.9749 -582.8428 4014.4236 206 207 165
126.8758 -581.3802 4004.3499 204 206 166
129.9248 -580.6517 3999.3318 203 204 165
132.9662 -579.9249 3994.3264 202 203 164
136.0000 -579.2001 3989.3335 202 203 164
139.0262 -578.4769 3984.3530 202 204 164
141.8680 -577.0362 3974.4294 203 204 165
144.6957 -575.6025 3964.5549 204 205 166
147.5093 -574.1760 3954.7295 205 206 167
149.5695 -569.9385 3925.5435 206 207 167
152.3436 -568.5399 3915.9102 207 207 168
155.1040 -567.1481 3906.3240 208 208 169
157.2749 -563.6983 3882.5630 209 209 170
159.6126 -560.9686 3863.7612 210 210 171
162.1231 -558.9385 3849.7791 212 212 172
165.2111 -558.9385 3849.7791 213 213 174
167.8941 -557.5933 3840.5134 215 215 176
170.9747 -557.5933 3840.5134 218 216 177
174.6860 -559.6136 3854.4285 220 218 179
177.7778 -559.6136 3854.4285 221 220 180
181.0883 -560.2902 3859.0891 223 221 182
184.4068 -560.9686 3863.7612 225 222 183
187.5061 -560.9686 3863.7612 226 222 184
189.9156 -558.9385 3849.7791 226 223 184
192.7711 -558.2651 3845.1406 225 224 183
194.9161 -555.5876 3826.6987 225 224 184
197.7485 -554.9222 3822.1160 226 224 184
200.5742 -554.2584 3817.5439 226 224 183
203.3931 -553.5963 3812.9829 226 225 183
206.4516 -553.5963 3812.9829 226 224 183
209.7608 -554.2584 3817.5439 226 224 183
212.8230 -554.2584 3817.5439 227 225 183
215.8852 -554.2584 3817.5439 227 224 181
218.9474 -554.2584 3817.5439 228 225 182
221.4797 -552.9356 3808.4329 229 226 182
224.5346 -552.9356 3808.4329 229 226 181
228.6811 -555.5876 3826.6987 229 226 181
232.0288 -556.2546 3831.2927 230 227 181
235.1021 -556.2546 3831.2927 230 227 179
242.2467 -565.7632 3896.7849 230 227 179
245.6724 -566.4548 3901.5486 230 227 179
248.8020 -566.4548 3901.5486 230 227 179
250.4010 -563.0134 3877.8455 231 228 179
250.7693 -556.9231 3835.8975 232 229 178
251.7283 -552.2766 3803.8936 234 229 177
252.9704 -548.3550 3776.8838 234 229 175
255.3955 -547.0602 3767.9656 235 231 171
258.4180 -547.0602 3767.9656 236 232 157
261.1321 -546.4151 3763.5222 232 228 144
264.4628 -547.0602 3767.9656 234 230 150
267.4853 -547.0602 3767.9656 234 231 154
270.5077 -547.0602 3767.9656 233 231 154
273.2076 -546.4151 3763.5222 231 229 151
276.2264 -546.4151 3763.5222 228 225 145
279.2453 -546.4151 3763.5222 224 220 138
282.2642 -546.4151 3763.5222 221 217 136
285.2831 -546.4151 3763.5222 220 216 140
288.3019 -546.4151 3763.5222 217 216 141
291.3208 -546.4151 3763.5222 218 217 142
294.3396 -546.4151 3763.5222 218 214 140
297.3585 -546.4151 3763.5222 212 207 131
300.3774 -546.4151 3763.5222 204 200 124
303.3962 -546.4151 3763.5222 200 197 119
306.4151 -546.4151 3763.5222 201 198 121
309.4340 -546.4151 3763.5222 201 198 128
312.4529 -546.4151 3763.5222 198 196 130
315.4717 -546.4151 3763.5222 193 194 127
318.4906 -546.4151 3763.5222 193 195 128
321.5095 -546.4151 3763.5222 198 198 131
324.5283 -546.4151 3763.5222 198 200 133
327.5472 -546.4151 3763.5222 199 202 135
330.1767 -545.7715 3759.0891 200 204 139
333.1920 -545.7715 3759.0891 202 206 143
336.2073 -545.7715 3759.0891 204 207 145
339.6227 -546.4151 3763.5222 206 207 145
342.6415 -546.4151 3763.5222 207 206 141
345.6604 -546.4151 3763.5222 208 207 141
348.6793 -546.4151 3763.5222 209 208 141
351.6982 -546.4151 3763.5222 210 208 143
354.7170 -546.4151 3763.5222 210 209 143
357.7359 -546.4151 3763.5222 211 211 144
360.3298 -545.7715 3759.0891 213 213 144
363.3451 -545.7715 3759.0891 216 216 148
366.3604 -545.7715 3759.0891 217 216 148
369.3757 -545.7715 3759.0891 216 216 148
371.9530 -545.1295 3754.6667 215 216 147
374.9647 -545.1295 3754.6667 219 218 147
377.9765 -545.1295 3754.6667 231 231 157
380.9883 -545.1295 3754.6667 232 232 163
383.5488 -544.4888 3750.2546 233 233 167
386.5570 -544.4888 3750.2546 221 222 162
388.6519 -543.2122 3741.4617 198 199 154
392.5735 -544.4888 3750.2546 198 199 159
454.9189 -626.1622 4312.7930 199 198 160
458.3784 -626.1622 4312.7930 198 198 160
428.8080 -581.3802 4004.3499 197 197 161
431.4787 -580.6517 3999.3318 197 195 161
435.2321 -581.3802 4004.3499 198 195 162
444.0153 -588.7675 4055.2310 198 195 161
447.2681 -588.7675 4055.2310 199 194 161
450.5210 -588.7675 4055.2310 199 193 161
453.7738 -588.7675 4055.2310 201 192 160
454.7156 -585.7902 4034.7241 203 191 161
455.6478 -582.8428 4014.4236 203 188 157
458.2915 -582.1106 4009.3804 197 180 150
459.7747 -579.9249 3994.3264 193 170 144
462.4000 -579.2001 3989.3335 194 167 143
465.6000 -579.2001 3989.3335 196 166 142
468.8000 -579.2001 3989.3335 198 165 141
471.4108 -578.4769 3984.3530 200 165 140
474.6068 -578.4769 3984.3530 202 166 140
477.2070 -577.7557 3979.3850 206 168 139
479.2040 -576.3185 3969.4861 208 170 140
481.7888 -575.6025 3964.5549 210 172 141
483.7671 -574.1760 3954.7295 210 174 140
486.9393 -574.1760 3954.7295 213 177 142
487.6942 -571.3441 3935.2241 216 179 143
490.2463 -570.6404 3930.3777 220 184 148
492.7922 -569.9385 3925.5435 221 184 150
495.9410 -569.9385 3925.5435 223 187 152
499.0898 -569.9385 3925.5435 226 189 155
502.2387 -569.9385 3925.5435 226 187 155
504.7666 -569.2383 3920.7207 226 187 155
507.9116 -569.2383 3920.7207 226 187 156
510.4295 -568.5399 3915.9102 225 187 155
513.5706 -568.5399 3915.9102 223 186 153
516.7117 -568.5399 3915.9102 223 186 153
519.8528 -568.5399 3915.9102 224 188 155
523.6364 -569.2383 3920.7207 224 189 156
526.7813 -569.2383 3920.7207 225 189 156
530.5781 -569.9385 3925.5435 224 189 156
533.0713 -569.2383 3920.7207 223 191 157
536.8759 -569.9385 3925.5435 224 191 157
539.3612 -569.2383 3920.7207 224 192 159
543.1735 -569.9385 3925.5435 224 191 157
546.3223 -569.9385 3925.5435 223 191 157
550.1478 -570.6404 3930.3777 220 190 156
556.7286 -574.1760 3954.7295 218 189 155
560.5956 -574.8884 3959.6362 217 185 152
565.1741 -576.3185 3969.4861 212 177 145
568.3582 -576.3185 3969.4861 208 173 140
572.2541 -577.0362 3974.4294 204 171 137
576.1597 -577.7557 3979.3850 201 173 137
578.6302 -577.0362 3974.4294 200 176 138
581.8182 -577.0362 3974.4294 200 179 140
585.0063 -577.0362 3974.4294 200 182 143
588.1943 -577.0362 3974.4294 201 189 150
590.6469 -576.3185 3969.4861 201 192 155
593.8309 -576.3185 3969.4861 200 192 157
597.0150 -576.3185 3969.4861 200 194 159
600.1990 -576.3185 3969.4861 199 195 159
603.3831 -576.3185 3969.4861 200 196 161
606.5673 -576.3185 3969.4861 203 200 164
609.7513 -576.3185 3969.4861 206 202 168
611.4144 -574.8884 3959.6362 206 204 170
614.5906 -574.8884 3959.6362 207 204 171
620.0748 -577.0362 3974.4294 207 204 172
624.0399 -577.7557 3979.3850 207 204 172
628.0150 -578.4769 3984.3530 207 204 172
631.2111 -578.4769 3984.3530 207 205 173
633.6160 -577.7557 3979.3850 207 206 173
636.0150 -577.0362 3974.4294 207 205 173
639.2031 -577.0362 3974.4294 208 206 174
643.1921 -577.7557 3979.3850 208 206 174
647.1910 -578.4769 3984.3530 208 207 175
651.2001 -579.2001 3989.3335 208 207 176
656.8633 -581.3802 4004.3499 208 206 175
660.0753 -581.3802 4004.3499 208 206 175
664.1207 -582.1106 4009.3804 207 206 176
667.3367 -582.1106 4009.3804 207 207 177
670.5528 -582.1106 4009.3804 207 207 177
672.9235 -581.3802 4004.3499 207 207 177
672.7591 -578.4769 3984.3530 207 207 176
675.9551 -578.4769 3984.3530 207 207 177
680.0001 -579.2001 3989.3335 207 207 177
684.0551 -579.9249 3994.3264 207 207 177
687.2591 -579.9249 3994.3264 208 207 178
687.8804 -577.7557 3979.3850 208 207 178
691.0724 -577.7557 3979.3850 208 207 177
-282.9315 -550.7329 3772.4194 233 230 154
-279.9055 -550.7329 3772.4194 233 230 155
-276.5526 -550.0827 3767.9656 232 230 155
-273.5301 -550.0827 3767.9656 231 230 155
-270.1887 -549.4340 3763.5222 231 229 155
-267.4853 -550.0827 3767.9656 230 228 156
-264.1510 -549.4340 3763.5222 232 230 157
-261.1321 -549.4340 3763.5222 232 230 158
-258.1132 -549.4340 3763.5222 232 230 156
-255.0944 -549.4340 3763.5222 231 230 155
-252.0755 -549.4340 3763.5222 231 229 156
-248.7632 -548.7868 3759.0891 231 231 158
-245.7479 -548.7868 3759.0891 232 230 157
-242.7327 -548.7868 3759.0891 232 230 157
-239.7173 -548.7868 3759.0891 232 230 157
-236.7020 -548.7868 3759.0891 230 227 154
-233.9623 -549.4340 3763.5222 227 226 150
-230.9434 -549.4340 3763.5222 227 226 150
-227.9246 -549.4340 3763.5222 226 224 150
-224.9057 -549.4340 3763.5222 226 224 150
-221.6255 -548.7868 3759.0891 224 223 148
-218.6101 -548.7868 3759.0891 224 222 146
-215.3412 -548.1412 3754.6667 224 221 144
-212.5795 -548.7868 3759.0891 222 219 144
-209.5642 -548.7868 3759.0891 221 218 144
-206.7925 -549.4340 3763.5222 221 218 145
-203.7736 -549.4340 3763.5222 222 219 147
-200.7547 -549.4340 3763.5222 224 221 150
-197.7359 -549.4340 3763.5222 224 222 152
-194.7170 -549.4340 3763.5222 224 222 151
-191.6981 -549.4340 3763.5222 224 222 151
-188.6793 -549.4340 3763.5222 227 225 153
-185.6604 -549.4340 3763.5222 230 230 161
-182.6415 -549.4340 3763.5222 233 236 172
-179.4111 -548.7868 3759.0891 243 244 185
-176.3958 -548.7868 3759.0891 245 246 195
-173.3804 -548.7868 3759.0891 245 247 198
-170.5661 -549.4340 3763.5222 236 235 182
-168.7411 -553.3492 3790.3406 210 208 150
-166.6906 -556.6547 3812.9829 212 210 156
-165.2111 -562.0266 3849.7791 213 212 161
-162.7119 -564.0679 3863.7612 212 211 163
-162.1648 -573.0874 3925.5435 211 210 164
-160.3970 -578.0646 3959.6362 210 209 165
-157.8082 -580.2242 3974.4294 209 207 165
-154.6202 -580.2242 3974.4294 209 206 166
-151.4321 -580.2242 3974.4294 208 206 167
-148.0597 -579.5025 3969.4861 207 205 167
-145.4182 -581.6730 3984.3530 206 205 167
-142.2222 -581.6730 3984.3530 206 205 166
-139.0262 -581.6730 3984.3530 206 205 168
-135.1553 -578.7827 3964.5549 208 206 169
-131.9752 -578.7827 3964.5549 208 207 169
-128.9552 -579.5025 3969.4861 210 208 171
-125.7712 -579.5025 3969.4861 210 208 170
-122.8928 -580.9477 3979.3850 211 209 171
-119.7008 -580.9477 3979.3850 214 211 172
-116.5087 -580.9477 3979.3850 216 212 174
-113.0348 -579.5025 3969.4861 217 213 176
-109.0370 -575.2099 3940.0825 219 215 177
-105.0980 -570.9804 3911.1113 220 216 178
-101.5873 -568.8890 3896.7849 221 217 179
-98.4615 -568.8890 3896.7849 222 218 180
-95.3358 -568.8890 3896.7849 223 219 181
-92.2100 -568.8890 3896.7849 223 219 181
-89.4118 -570.9804 3911.1113 225 221 183
-86.2745 -570.9804 3911.1113 226 223 184
-83.3415 -572.3833 3920.7207 228 224 186
-80.1966 -572.3833 3920.7207 229 225 187
-77.1464 -573.0874 3925.5435 230 226 188
-73.9976 -573.0874 3925.5435 232 227 189
-70.8487 -573.0874 3925.5435 232 228 187
-67.6167 -572.3833 3920.7207 233 229 187
-64.3926 -571.6810 3915.9102 233 229 187
-61.1765 -570.9804 3911.1113 233 229 187
-58.0392 -570.9804 3911.1113 234 228 186
-54.9020 -570.9804 3911.1113 235 229 186
-51.7013 -570.2815 3906.3240 236 230 185
-48.5679 -570.2815 3906.3240 236 230 185
-45.4345 -570.2815 3906.3240 236 231 186
-41.6888 -562.0266 3849.7791 237 233 187
-38.4615 -560.0000 3835.8975 239 234 187
-35.2153 -557.3206 3817.5439 241 235 187
-32.0764 -555.9905 3808.4329 240 236 187
-29.0215 -555.9905 3808.4329 241 239 184
-25.9356 -555.3278 3803.8936 241 240 175
-22.8844 -555.3278 3803.8936 237 235 164
-19.7625 -553.3492 3790.3406 223 220 146
-16.6825 -552.0379 3781.3586 223 220 148
-13.6331 -551.3847 3776.8838 222 219 147
-10.5660 -549.4340 3763.5222 221 218 145
-7.5472 -549.4340 3763.5222 220 216 144
-4.5230 -548.7868 3759.0891 216 213 141
-1.5077 -548.7868 3759.0891 214 213 142
1.5077 -548.7868 3759.0891 212 213 145
4.5230 -548.7868 3759.0891 214 216 148
7.5383 -548.7868 3759.0891 215 217 147
10.5660 -549.4340 3763.5222 216 215 145
13.5689 -548.7868 3759.0891 217 216 146
16.5842 -548.7868 3759.0891 216 215 144
19.5995 -548.7868 3759.0891 216 216 144
22.6148 -548.7868 3759.0891 217 218 148
25.6302 -548.7868 3759.0891 220 220 151
28.6455 -548.7868 3759.0891 218 216 146
31.6608 -548.7868 3759.0891 213 210 139
34.6761 -548.7868 3759.0891 211 210 139
37.7359 -549.4340 3763.5222 208 208 137
40.7547 -549.4340 3763.5222 209 208 138
43.7736 -549.4340 3763.5222 209 206 135
46.7925 -549.4340 3763.5222 207 203 130
49.8113 -549.4340 3763.5222 204 200 130
52.8302 -549.4340 3763.5222 202 201 133
55.8491 -549.4340 3763.5222 201 202 134
58.8679 -549.4340 3763.5222 200 201 134
61.9599 -550.0827 3767.9656 202 202 136
65.0591 -550.7329 3772.4194 204 204 135
68.0047 -550.0827 3767.9656 204 204 134
71.0272 -550.0827 3767.9656 202 202 133
73.9623 -549.4340 3763.5222 206 205 138
76.9811 -549.4340 3763.5222 206 206 140
80.0000 -549.4340 3763.5222 207 206 140
83.0189 -549.4340 3763.5222 209 207 143
86.0377 -549.4340 3763.5222 205 206 141
89.0566 -549.4340 3763.5222 205 206 142
92.0755 -549.4340 3763.5222 233 235 169
95.0944 -549.4340 3763.5222 237 238 174
97.9977 -548.7868 3759.0891 238 238 177
101.0130 -548.7868 3759.0891 232 233 174
104.0283 -548.7868 3759.0891 209 209 158
107.1698 -549.4340 3763.5222 207 208 160
112.3077 -560.0000 3835.8975 205 207 160
118.2266 -573.7932 3930.3777 206 206 161
121.3793 -573.7932 3930.3777 205 205 161
124.3789 -573.0874 3925.5435 203 203 160
127.3710 -572.3833 3920.7207 203 203 160
130.5160 -572.3833 3920.7207 203 203 161
133.4969 -571.6810 3915.9102 204 204 162
136.4706 -570.9804 3911.1113 205 205 163
138.9268 -568.1951 3892.0327 207 206 165
141.3592 -565.4369 3873.1392 209 207 166
144.1162 -564.0679 3863.7612 211 209 168
147.2155 -564.0679 3863.7612 213 211 168
150.3148 -564.0679 3863.7612 214 213 171
154.1606 -566.8127 3882.5630 216 214 172
156.5133 -564.0679 3863.7612 216 215 174
159.0350 -562.0266 3849.7791 217 216 176
161.3446 -559.3278 3831.2927 218 216 176
164.0240 -557.9881 3822.1160 219 217 176
167.0898 -557.9881 3822.1160 219 217 177
170.1557 -557.9881 3822.1160 219 217 177
173.8462 -560.0000 3835.8975 219 217 176
176.9231 -560.0000 3835.8975 219 217 176
180.0000 -560.0000 3835.8975 219 217 177
183.0769 -560.0000 3835.8975 221 219 179
186.1539 -560.0000 3835.8975 222 220 179
188.5509 -557.9881 3822.1160 223 221 180
191.3876 -557.3206 3817.5439 225 223 181
193.7545 -555.3278 3803.8936 225 224 182
196.8057 -555.3278 3803.8936 225 223 182
199.8570 -555.3278 3803.8936 225 224 182
202.6667 -554.6667 3799.3652 225 224 182
205.7143 -554.6667 3799.3652 226 224 182
209.0107 -555.3278 3803.8936 226 224 183
212.0620 -555.3278 3803.8936 227 225 183
215.1132 -555.3278 3803.8936 228 225 183
218.1645 -555.3278 3803.8936 228 225 183
221.2157 -555.3278 3803.8936 229 226 183
224.2670 -555.3278 3803.8936 229 226 183
227.5895 -555.9905 3808.4329 229 226 183
230.6444 -555.9905 3808.4329 230 227 184
233.6993 -555.9905 3808.4329 230 228 183
237.3206 -557.3206 3817.5439 231 228 182
241.2485 -559.3278 3831.2927 231 229 182
244.6154 -560.0000 3835.8975 231 229 182
247.6923 -560.0000 3835.8975 231 229 181
249.5694 -557.3206 3817.5439 232 229 181
250.2370 -552.0379 3781.3586 233 230 181
252.3731 -550.0827 3767.9656 234 230 179
255.0944 -549.4340 3763.5222 236 232 176
258.1132 -549.4340 3763.5222 238 234 162
261.1321 -549.4340 3763.5222 230 225 142
264.1510 -549.4340 3763.5222 233 228 144
267.1698 -549.4340 3763.5222 234 230 149
270.1887 -549.4340 3763.5222 234 231 153
273.2076 -549.4340 3763.5222 234 231 155
275.9011 -548.7868 3759.0891 232 229 150
279.2453 -549.4340 3763.5222 231 227 145
282.2642 -549.4340 3763.5222 231 227 145
285.2831 -549.4340 3763.5222 232 229 150
288.3019 -549.4340 3763.5222 232 230 153
291.3208 -549.4340 3763.5222 233 231 156
294.3396 -549.4340 3763.5222 231 229 155
297.3585 -549.4340 3763.5222 228 225 148
300.3774 -549.4340 3763.5222 227 224 145
303.3962 -549.4340 3763.5222 226 221 140
306.0542 -548.7868 3759.0891 226 221 139
309.4340 -549.4340 3763.5222 227 221 143
312.4529 -549.4340 3763.5222 228 223 146
315.4717 -549.4340 3763.5222 228 225 148
318.1154 -548.7868 3759.0891 228 225 148
321.1308 -548.7868 3759.0891 229 227 152
324.1461 -548.7868 3759.0891 232 230 156
327.1614 -548.7868 3759.0891 232 230 156
330.1767 -548.7868 3759.0891 233 231 158
333.1920 -548.7868 3759.0891 232 231 159
336.2073 -548.7868 3759.0891 232 229 159
339.2226 -548.7868 3759.0891 233 230 160
342.6415 -549.4340 3763.5222 232 231 160
345.6604 -549.4340 3763.5222 232 230 157
348.6793 -549.4340 3763.5222 232 230 157
351.6982 -549.4340 3763.5222 233 231 158
354.7170 -549.4340 3763.5222 233 231 158
357.7359 -549.4340 3763.5222 234 231 159
360.3298 -548.7868 3759.0891 234 232 161
363.3451 -548.7868 3759.0891 234 233 162
366.3604 -548.7868 3759.0891 233 231 160
368.9412 -548.1412 3754.6667 233 231 159
371.5159 -547.4971 3750.2546 233 231 160
374.5241 -547.4971 3750.2546 234 232 162
377.5323 -547.4971 3750.2546 233 234 162
380.5406 -547.4971 3750.2546 233 233 165
383.0986 -546.8545 3745.8530 234 234 166
385.6507 -546.2134 3741.4617 225 226 164
387.7427 -544.9357 3732.7097 199 201 154
391.6530 -546.2134 3741.4617 198 199 159
420.8000 -582.4000 3989.3335 198 198 160
425.0627 -583.8597 3999.3318 198 198 159
427.2000 -582.4000 3989.3335 197 196 159
430.4001 -582.4000 3989.3335 197 196 159
434.1427 -583.1290 3994.3264 196 196 160
437.8948 -583.8597 3999.3318 196 195 160
447.2681 -592.0204 4055.2310 196 194 159
444.3108 -583.8597 3999.3318 196 194 159
447.5189 -583.8597 3999.3318 196 193 160
450.7269 -583.8597 3999.3318 197 193 160
453.3667 -583.1290 3994.3264 200 193 160
456.5707 -583.1290 3994.3264 201 193 161
459.2000 -582.4000 3989.3335 201 192 159
462.4000 -582.4000 3989.3335 202 191 157
465.6000 -582.4000 3989.3335 203 190 156
468.2148 -581.6730 3984.3530 202 189 156
471.4108 -581.6730 3984.3530 201 187 155
474.0150 -580.9477 3979.3850 201 187 154
476.6127 -580.2242 3974.4294 201 186 154
479.2040 -579.5025 3969.4861 202 187 154
482.3881 -579.5025 3969.4861 203 188 154
483.7671 -577.3482 3954.7295 204 192 156
484.5376 -574.5007 3935.2241 206 194 159
487.0936 -573.7932 3930.3777 208 196 161
489.0418 -572.3833 3920.7207 210 199 162
492.1868 -572.3833 3920.7207 211 200 164
495.9410 -573.0874 3925.5435 213 201 165
499.0898 -573.0874 3925.5435 214 202 168
501.6216 -572.3833 3920.7207 214 202 168
504.7666 -572.3833 3920.7207 215 202 168
507.9116 -572.3833 3920.7207 215 203 169
510.4295 -571.6810 3915.9102 215 204 169
512.9412 -570.9804 3911.1113 215 204 168
516.0785 -570.9804 3911.1113 214 205 168
519.8528 -571.6810 3915.9102 215 206 170
522.9939 -571.6810 3915.9102 215 207 171
526.7813 -572.3833 3920.7207 215 206 170
529.9263 -572.3833 3920.7207 215 206 171
533.0713 -572.3833 3920.7207 215 206 171
536.8759 -573.0874 3925.5435 215 206 171
539.3612 -572.3833 3920.7207 215 207 171
543.1735 -573.0874 3925.5435 216 207 172
546.3223 -573.0874 3925.5435 215 207 171
550.1478 -573.7932 3930.3777 214 207 171
556.7286 -577.3482 3954.7295 215 208 172
561.2919 -578.7827 3964.5549 215 208 172
565.1741 -579.5025 3969.4861 215 207 172
569.7756 -580.9477 3979.3850 215 207 172
572.9677 -580.9477 3979.3850 214 208 172
576.1597 -580.9477 3979.3850 213 208 172
579.3517 -580.9477 3979.3850 213 208 173
582.5436 -580.9477 3979.3850 213 207 174
585.0063 -580.2242 3974.4294 211 208 175
588.1943 -580.2242 3974.4294 211 208 176
591.3824 -580.2242 3974.4294 211 208 177
595.3118 -580.9477 3979.3850 211 208 177
599.2510 -581.6730 3984.3530 210 208 177
602.4470 -581.6730 3984.3530 210 209 178
604.8878 -580.9477 3979.3850 210 208 177
607.3226 -580.2242 3974.4294 210 208 177
611.2719 -580.9477 3979.3850 210 209 178
613.6987 -580.2242 3974.4294 210 209 179
617.6559 -580.9477 3979.3850 210 210 179
622.4000 -582.4000 3989.3335 209 209 179
625.6000 -582.4000 3989.3335 210 209 178
628.8000 -582.4000 3989.3335 210 209 178
632.0001 -582.4000 3989.3335 210 209 179
635.2000 -582.4000 3989.3335 210 209 179
636.8080 -580.9477 3979.3850 210 209 179
640.0001 -580.9477 3979.3850 210 208 179
643.9951 -581.6730 3984.3530 210 209 179
648.0001 -582.4000 3989.3335 209 209 178
652.0151 -583.1290 3994.3264 210 209 179
656.8633 -584.5923 4004.3499 210 209 179
661.7359 -586.0629 4014.4236 209 208 178
669.1646 -589.7722 4039.8313 209 209 180
673.2573 -590.5197 4044.9514 209 209 180
676.5020 -590.5197 4044.9514 210 209 181
684.0817 -594.2857 4070.7483 209 209 180
689.1049 -595.8057 4081.1594 209 209 179
687.2591 -583.1290 3994.3264 209 209 181
690.4631 -583.1290 3994.3264 209 208 179
-282.9315 -553.7589 3772.4194 239 237 161
-279.5750 -553.1051 3767.9656 239 237 162
-276.5526 -553.1051 3767.9656 239 237 163
-273.2076 -552.4529 3763.5222 239 237 163
-270.1887 -552.4529 3763.5222 239 236 164
-267.1698 -552.4529 3763.5222 239 237 163
-264.1510 -552.4529 3763.5222 239 236 163
-261.1321 -552.4529 3763.5222 239 236 165
-258.1132 -552.4529 3763.5222 240 237 165
-255.0944 -552.4529 3763.5222 239 237 164
-251.7786 -551.8021 3759.0891 239 237 164
-248.7632 -551.8021 3759.0891 239 236 163
-245.7479 -551.8021 3759.0891 238 236 162
-242.7327 -551.8021 3759.0891 239 236 163
-239.7173 -551.8021 3759.0891 239 236 163
-236.7020 -551.8021 3759.0891 238 236 163
-233.6867 -551.8021 3759.0891 236 234 160
-230.9434 -552.4529 3763.5222 236 233 159
-227.6561 -551.8021 3759.0891 236 234 159
-224.6407 -551.8021 3759.0891 235 233 158
-221.6255 -551.8021 3759.0891 235 233 156
-218.6101 -551.8021 3759.0891 235 233 157
-215.3412 -551.1530 3754.6667 236 233 158
-212.5795 -551.8021 3759.0891 236 232 157
-209.5642 -551.8021 3759.0891 235 232 157
-206.5489 -551.8021 3759.0891 237 234 159
-203.7736 -552.4529 3763.5222 238 235 161
-200.7547 -552.4529 3763.5222 238 236 162
-197.7359 -552.4529 3763.5222 238 236 163
-194.7170 -552.4529 3763.5222 238 236 162
-191.6981 -552.4529 3763.5222 239 237 163
-188.6793 -552.4529 3763.5222 241 239 169
-185.6604 -552.4529 3763.5222 243 242 181
-182.6415 -552.4529 3763.5222 245 246 190
-179.4111 -551.8021 3759.0891 246 247 197
-176.3958 -551.8021 3759.0891 245 246 197
-173.3804 -551.8021 3759.0891 239 239 188
-170.5661 -552.4529 3763.5222 221 221 163
-168.1420 -554.4142 3776.8838 207 205 143
-165.7007 -556.3896 3790.3406 212 209 151
-164.0240 -561.0540 3822.1160 211 209 155
-162.1231 -565.1146 3849.7791 211 207 156
-159.4196 -566.4813 3859.0891 209 205 156
-156.5133 -567.1671 3863.7612 207 205 157
-153.7864 -568.5437 3873.1392 207 204 157
-150.6796 -568.5437 3873.1392 207 204 159
-147.3940 -567.8546 3868.4446 207 204 160
-144.1162 -567.1671 3863.7612 208 205 162
-141.0170 -567.1671 3863.7612 210 207 164
-138.9268 -571.3171 3892.0327 212 209 165
-136.4706 -574.1177 3911.1113 214 211 167
-133.3333 -574.1177 3911.1113 215 212 169
-130.1961 -574.1177 3911.1113 217 214 172
-127.0588 -574.1177 3911.1113 219 215 174
-123.7699 -573.4150 3906.3240 220 216 177
-120.6365 -573.4150 3906.3240 220 216 177
-117.3594 -572.7139 3901.5486 221 217 177
-114.0904 -572.0147 3896.7849 221 217 178
-110.8293 -571.3171 3892.0327 222 217 179
-107.5761 -570.6212 3887.2920 222 218 179
-103.8257 -567.1671 3863.7612 222 218 179
-100.3619 -565.1146 3849.7791 223 218 179
-97.2738 -565.1146 3849.7791 223 219 180
-94.1858 -565.1146 3849.7791 223 219 181
-91.0977 -565.1146 3849.7791 224 220 182
-88.1159 -565.7972 3854.4285 225 220 181
-85.1270 -566.4813 3859.0891 225 222 183
-82.1308 -567.1671 3863.7612 227 223 185
-79.0315 -567.1671 3863.7612 228 224 186
-75.9322 -567.1671 3863.7612 229 225 187
-72.9212 -567.8546 3868.4446 230 226 188
-69.8182 -567.8546 3868.4446 231 227 189
-66.6344 -567.1671 3863.7612 232 228 190
-63.4583 -566.4813 3859.0891 233 229 191
-60.3628 -566.4813 3859.0891 233 229 190
-57.1981 -565.7972 3854.4285 233 229 190
-54.0410 -565.1146 3849.7791 233 230 191
-50.8916 -564.4338 3845.1406 234 231 190
-47.8072 -564.4338 3845.1406 234 231 191
-44.7229 -564.4338 3845.1406 236 232 192
-41.5385 -563.0770 3835.8975 236 233 192
-38.2775 -560.3828 3817.5439 238 234 192
-35.1313 -559.0453 3808.4329 239 236 192
-32.0764 -559.0453 3808.4329 240 237 192
-28.9524 -557.7143 3799.3652 242 240 190
-25.8432 -556.3896 3790.3406 242 241 178
-22.7758 -555.7296 3785.8442 242 240 170
-19.7156 -555.0711 3781.3586 241 238 167
-16.6627 -554.4142 3776.8838 239 237 165
-13.6009 -553.1051 3767.9656 238 235 162
-10.5660 -552.4529 3763.5222 237 235 162
-7.5383 -551.8021 3759.0891 237 234 160
-4.5230 -551.8021 3759.0891 235 232 158
-1.5077 -551.8021 3759.0891 234 233 158
1.5077 -551.8021 3759.0891 236 234 160
4.5230 -551.8021 3759.0891 238 235 164
7.5383 -551.8021 3759.0891 237 235 164
10.5536 -551.8021 3759.0891 236 233 162
13.5689 -551.8021 3759.0891 237 234 163
16.5842 -551.8021 3759.0891 236 235 163
19.5995 -551.8021 3759.0891 236 234 163
22.6148 -551.8021 3759.0891 236 234 165
25.6302 -551.8021 3759.0891 236 234 165
28.6455 -551.8021 3759.0891 234 233 164
31.6608 -551.8021 3759.0891 232 230 156
34.6761 -551.8021 3759.0891 233 229 155
37.6914 -551.8021 3759.0891 232 229 155
40.7067 -551.8021 3759.0891 231 229 155
43.7736 -552.4529 3763.5222 231 228 155
46.7925 -552.4529 3763.5222 231 227 153
49.8113 -552.4529 3763.5222 230 226 151
52.8302 -552.4529 3763.5222 230 227 152
55.7833 -551.8021 3759.0891 230 227 153
58.8679 -552.4529 3763.5222 229 228 155
61.8868 -552.4529 3763.5222 230 228 158
64.9057 -552.4529 3763.5222 230 228 158
67.9245 -552.4529 3763.5222 230 227 156
70.9434 -552.4529 3763.5222 229 226 155
73.9623 -552.4529 3763.5222 228 225 155
76.8905 -551.8021 3759.0891 227 226 157
79.9058 -551.8021 3759.0891 228 227 159
82.9211 -551.8021 3759.0891 230 229 161
85.9364 -551.8021 3759.0891 232 232 163
88.9517 -551.8021 3759.0891 233 234 166
91.9670 -551.8021 3759.0891 237 237 171
94.9823 -551.8021 3759.0891 239 239 175
97.9977 -551.8021 3759.0891 240 241 180
100.8941 -551.1530 3754.6667 235 236 180
103.9059 -551.1530 3754.6667 208 207 153
106.9177 -551.1530 3754.6667 206 206 152
110.0589 -551.8021 3759.0891 204 204 152
113.8790 -555.7296 3785.8442 203 203 154
119.3220 -567.1671 3863.7612 202 203 156
122.4213 -567.1671 3863.7612 204 204 157
125.5206 -567.1671 3863.7612 206 205 159
128.6199 -567.1671 3863.7612 209 208 163
131.5599 -566.4813 3859.0891 211 209 166
134.3305 -565.1146 3849.7791 213 212 169
137.0878 -563.7545 3840.5134 215 214 170
139.6643 -561.7267 3826.6987 218 216 174
142.2222 -559.7133 3812.9829 218 216 175
145.2808 -559.7133 3812.9829 219 217 175
148.5168 -560.3828 3817.5439 219 217 175
151.7605 -561.0540 3822.1160 219 217 176
154.8264 -561.0540 3822.1160 220 218 176
157.7034 -560.3828 3817.5439 220 218 177
159.8098 -557.0511 3794.8474 221 219 177
162.2749 -555.0711 3781.3586 222 220 178
165.3081 -555.0711 3781.3586 223 221 179
168.5409 -555.7296 3785.8442 223 221 180
172.6014 -559.0453 3808.4329 224 222 181
176.0766 -560.3828 3817.5439 224 222 182
179.1388 -560.3828 3817.5439 225 223 183
182.2010 -560.3828 3817.5439 225 224 183
185.0418 -559.7133 3812.9829 226 224 185
187.6520 -558.3790 3803.8936 226 224 185
190.2497 -557.0511 3794.8474 226 225 185
192.8351 -555.7296 3785.8442 227 225 186
195.8719 -555.7296 3785.8442 227 225 187
198.9087 -555.7296 3785.8442 227 225 187
201.7062 -555.0711 3781.3586 226 225 187
204.7393 -555.0711 3781.3586 227 225 187
208.0190 -555.7296 3785.8442 227 225 187
211.0558 -555.7296 3785.8442 226 226 187
214.0925 -555.7296 3785.8442 228 227 188
217.1293 -555.7296 3785.8442 229 227 188
220.1661 -555.7296 3785.8442 230 227 188
223.2029 -555.7296 3785.8442 230 227 188
226.5083 -556.3896 3790.3406 228 228 189
229.5487 -556.3896 3790.3406 229 229 190
232.5891 -556.3896 3790.3406 231 228 189
235.9097 -557.0511 3794.8474 232 228 189
240.0956 -559.7133 3812.9829 231 229 187
243.7365 -561.0540 3822.1160 232 230 187
246.5072 -560.3828 3817.5439 232 229 185
247.2038 -555.0711 3781.3586 233 230 185
249.3507 -553.1051 3767.9656 234 231 185
252.0755 -552.4529 3763.5222 235 231 183
254.7939 -551.8021 3759.0891 237 233 182
257.5059 -551.1530 3754.6667 242 240 172
260.8245 -551.8021 3759.0891 235 232 148
264.1510 -552.4529 3763.5222 236 231 142
267.1698 -552.4529 3763.5222 235 230 141
270.1887 -552.4529 3763.5222 235 230 145
272.8857 -551.8021 3759.0891 234 230 148
275.9011 -551.8021 3759.0891 233 229 148
278.9164 -551.8021 3759.0891 232 229 147
282.2642 -552.4529 3763.5222 233 229 149
285.2831 -552.4529 3763.5222 232 230 153
288.3019 -552.4529 3763.5222 234 231 156
291.3208 -552.4529 3763.5222 234 231 156
294.3396 -552.4529 3763.5222 233 229 154
297.3585 -552.4529 3763.5222 230 226 149
300.0236 -551.8021 3759.0891 229 224 145
303.0389 -551.8021 3759.0891 228 222 142
306.0542 -551.8021 3759.0891 227 222 141
309.0695 -551.8021 3759.0891 228 223 144
312.0848 -551.8021 3759.0891 229 223 146
315.1001 -551.8021 3759.0891 229 224 147
318.1154 -551.8021 3759.0891 229 225 148
321.1308 -551.8021 3759.0891 233 229 155
324.1461 -551.8021 3759.0891 235 233 159
327.1614 -551.8021 3759.0891 235 233 159
329.7882 -551.1530 3754.6667 235 232 160
332.8000 -551.1530 3754.6667 233 230 159
335.8118 -551.1530 3754.6667 232 228 156
339.2226 -551.8021 3759.0891 233 230 158
342.2379 -551.8021 3759.0891 234 231 160
345.6604 -552.4529 3763.5222 234 232 159
348.6793 -552.4529 3763.5222 234 231 159
351.6982 -552.4529 3763.5222 235 232 160
354.7170 -552.4529 3763.5222 235 232 161
357.7359 -552.4529 3763.5222 235 233 162
360.3298 -551.8021 3759.0891 235 233 163
363.3451 -551.8021 3759.0891 234 233 164
365.9294 -551.1530 3754.6667 234 231 161
368.5077 -550.5053 3750.2546 234 231 161
371.0798 -549.8592 3745.8530 234 232 163
374.0845 -549.8592 3745.8530 234 233 165
377.0892 -549.8592 3745.8530 235 234 167
380.0939 -549.8592 3745.8530 235 234 167
382.2014 -548.5715 3737.0806 234 235 168
384.7486 -547.9299 3732.7097 223 222 164
386.8378 -546.6512 3723.9985 199 197 149
389.8250 -546.6512 3723.9985 198 197 152
396.0471 -551.1530 3754.6667 197 196 153
422.9427 -584.1396 3979.3850 197 196 153
426.1347 -584.1396 3979.3850 196 195 153
428.7921 -583.4122 3974.4294 196 195 154
431.9801 -583.4122 3974.4294 196 194 154
436.2547 -584.8690 3984.3530 196 194 154
440.5507 -586.3329 3994.3264 196 194 154
440.9951 -582.6866 3969.4861 196 194 155
443.6274 -581.9628 3964.5549 198 195 157
446.8075 -581.9628 3964.5549 197 196 158
449.9876 -581.9628 3964.5549 198 196 158
453.7314 -582.6866 3969.4861 199 197 160
456.9155 -582.6866 3969.4861 200 198 161
460.0995 -582.6866 3969.4861 202 199 162
463.8606 -583.4122 3974.4294 203 200 163
467.0486 -583.4122 3974.4294 203 201 164
470.2366 -583.4122 3974.4294 204 202 165
473.4247 -583.4122 3974.4294 206 203 166
476.6127 -583.4122 3974.4294 207 203 167
479.2040 -582.6866 3969.4861 208 204 168
481.1911 -581.2407 3959.6362 209 206 169
481.3810 -577.6572 3935.2241 209 205 169
483.9409 -576.9459 3930.3777 210 206 170
485.8969 -575.5283 3920.7207 209 206 171
489.0418 -575.5283 3920.7207 209 206 171
492.1868 -575.5283 3920.7207 210 206 170
495.3317 -575.5283 3920.7207 210 206 170
498.4767 -575.5283 3920.7207 209 206 172
501.6216 -575.5283 3920.7207 210 207 172
504.7666 -575.5283 3920.7207 211 206 173
506.6667 -574.1177 3911.1113 211 206 173
509.8040 -574.1177 3911.1113 210 207 175
512.9412 -574.1177 3911.1113 211 208 175
516.0785 -574.1177 3911.1113 212 209 175
519.2158 -574.1177 3911.1113 213 210 177
522.9939 -574.8221 3915.9102 214 211 179
526.1350 -574.8221 3915.9102 215 212 180
529.9263 -575.5283 3920.7207 215 212 180
532.4172 -574.8221 3915.9102 215 213 180
536.2162 -575.5283 3920.7207 216 212 180
538.6994 -574.8221 3915.9102 215 212 180
542.5062 -575.5283 3920.7207 216 212 181
545.6511 -575.5283 3920.7207 214 212 180
549.4711 -576.2362 3925.5435 214 213 181
556.0396 -579.8020 3949.8352 215 213 181
560.5956 -581.2407 3959.6362 215 213 181
565.1741 -582.6866 3969.4861 215 213 182
569.0660 -583.4122 3974.4294 216 212 181
572.2541 -583.4122 3974.4294 215 213 181
576.1597 -584.1396 3979.3850 214 213 181
579.3517 -584.1396 3979.3850 215 212 181
582.5436 -584.1396 3979.3850 214 213 182
586.4669 -584.8690 3984.3530 214 213 182
590.4000 -585.6000 3989.3335 213 213 183
593.6000 -585.6000 3989.3335 213 213 182
596.8000 -585.6000 3989.3335 212 213 182
603.7736 -589.2830 4014.4236 212 212 181
606.9938 -589.2830 4014.4236 212 212 182
610.2139 -589.2830 4014.4236 212 212 182
629.4817 -592.2630 4034.7241 211 212 182
632.7181 -592.2630 4034.7241 211 212 182
633.5517 -590.0252 4019.4795 211 212 182
638.3839 -591.5152 4029.6296 211 211 182
640.0001 -590.0252 4019.4795 211 211 182
638.4001 -585.6000 3989.3335 211 211 183
641.6000 -585.6000 3989.3335 211 211 184
644.8000 -585.6000 3989.3335 211 211 182
648.8111 -586.3329 3994.3264 212 211 183
655.2957 -589.2830 4014.4236 212 211 183
665.2097 -595.2732 4055.2310 211 211 182
668.4625 -595.2732 4055.2310 210 211 181
674.2857 -597.5510 4070.7483 210 211 181
677.5510 -597.5510 4070.7483 211 211 182
682.5576 -599.0793 4081.1594 211 210 183
-282.9315 -556.7849 3772.4194 237 234 166
-279.5750 -556.1276 3767.9656 237 235 167
-276.5526 -556.1276 3767.9656 237 235 167
-273.2076 -555.4717 3763.5222 237 236 167
-270.1887 -555.4717 3763.5222 237 236 168
-267.1698 -555.4717 3763.5222 237 235 166
-264.1510 -555.4717 3763.5222 236 233 164
-261.1321 -555.4717 3763.5222 237 234 165
-257.8092 -554.8174 3759.0891 237 235 166
-254.7939 -554.8174 3759.0891 237 235 166
-251.7786 -554.8174 3759.0891 237 235 166
-248.7632 -554.8174 3759.0891 237 235 166
-245.7479 -554.8174 3759.0891 237 234 164
-242.7327 -554.8174 3759.0891 237 234 164
-239.7173 -554.8174 3759.0891 237 236 165
-236.7020 -554.8174 3759.0891 238 235 165
-233.6867 -554.8174 3759.0891 237 234 163
-230.6714 -554.8174 3759.0891 236 232 160
-227.6561 -554.8174 3759.0891 235 232 160
-224.6407 -554.8174 3759.0891 234 232 158
-221.6255 -554.8174 3759.0891 234 231 158
-218.6101 -554.8174 3759.0891 235 233 159
-215.5948 -554.8174 3759.0891 236 234 162
-212.5795 -554.8174 3759.0891 235 231 160
-209.5642 -554.8174 3759.0891 234 231 158
-206.5489 -554.8174 3759.0891 237 233 160
-203.7736 -555.4717 3763.5222 238 234 162
-200.7547 -555.4717 3763.5222 238 234 162
-197.7359 -555.4717 3763.5222 238 235 163
-194.7170 -555.4717 3763.5222 237 236 163
-191.6981 -555.4717 3763.5222 240 238 167
-188.4570 -554.8174 3759.0891 243 242 176
-185.4417 -554.8174 3759.0891 244 243 185
-182.4264 -554.8174 3759.0891 239 238 183
-179.4111 -554.8174 3759.0891 227 226 164
-176.3958 -554.8174 3759.0891 215 213 147
-173.3804 -554.8174 3759.0891 209 205 136
-170.5661 -555.4717 3763.5222 206 202 133
-167.9433 -556.7849 3772.4194 210 206 143
-165.3081 -558.1043 3781.3586 212 208 150
-163.6320 -562.7719 3812.9829 210 206 153
-161.3446 -565.4742 3831.2927 209 204 154
-158.4615 -566.1539 3835.8975 209 204 156
-155.3846 -566.1539 3835.8975 209 206 159
-152.3077 -566.1539 3835.8975 212 208 162
-149.2308 -566.1539 3835.8975 215 212 167
-145.6288 -564.1198 3822.1160 217 214 170
-142.3923 -563.4450 3817.5439 219 216 172
-139.1637 -562.7719 3812.9829 221 217 174
-136.5947 -564.7962 3826.6987 221 218 175
-134.1687 -567.5181 3845.1406 222 219 177
-131.4010 -568.8889 3854.4285 223 220 178
-128.3092 -568.8889 3854.4285 224 221 178
-125.2174 -568.8889 3854.4285 224 221 180
-122.1256 -568.8889 3854.4285 226 222 182
-119.0338 -568.8889 3854.4285 226 223 183
-115.8022 -568.2027 3849.7791 227 224 184
-112.5783 -567.5181 3845.1406 227 224 186
-109.3622 -566.8352 3840.5134 228 224 186
-106.2816 -566.8352 3840.5134 228 226 187
-103.2010 -566.8352 3840.5134 229 226 188
-100.0000 -566.1539 3835.8975 230 226 189
-96.5749 -564.1198 3822.1160 231 227 191
-93.5090 -564.1198 3822.1160 230 227 191
-90.5516 -564.7962 3826.6987 230 227 193
-87.6923 -566.1539 3835.8975 229 227 194
-84.6154 -566.1539 3835.8975 229 228 194
-81.5385 -566.1539 3835.8975 230 228 194
-78.4615 -566.1539 3835.8975 231 228 194
-75.3846 -566.1539 3835.8975 231 229 194
-72.3077 -566.1539 3835.8975 231 228 194
-69.2308 -566.1539 3835.8975 231 228 193
-66.1538 -566.1539 3835.8975 231 228 193
-63.0769 -566.1539 3835.8975 232 229 195
-60.0000 -566.1539 3835.8975 232 229 194
-56.9231 -566.1539 3835.8975 232 229 194
-53.7815 -565.4742 3831.2927 232 229 194
-50.6475 -564.7962 3826.6987 232 230 193
-47.5779 -564.7962 3826.6987 233 230 193
-44.5084 -564.7962 3826.6987 234 231 194
-41.2903 -562.7719 3812.9829 235 232 195
-38.1862 -562.1003 3808.4329 236 233 195
-35.0894 -561.4303 3803.8936 238 235 196
-32.0000 -560.7620 3799.3652 240 237 196
-28.8836 -559.4300 3790.3406 244 242 200
-25.8126 -558.7663 3785.8442 245 244 190
-22.7488 -558.1043 3781.3586 241 240 173
-19.6923 -557.4438 3776.8838 241 238 169
-16.6430 -556.7849 3772.4194 240 237 166
-13.5849 -555.4717 3763.5222 239 236 166
-10.5660 -555.4717 3763.5222 238 235 163
-7.5383 -554.8174 3759.0891 237 234 161
-4.5176 -554.1647 3754.6667 237 234 162
-1.5059 -554.1647 3754.6667 236 233 160
1.5059 -554.1647 3754.6667 236 233 160
4.5230 -554.8174 3759.0891 238 234 162
7.5383 -554.8174 3759.0891 238 236 165
10.5536 -554.8174 3759.0891 237 235 164
13.5689 -554.8174 3759.0891 237 234 164
16.5842 -554.8174 3759.0891 238 235 165
19.5995 -554.8174 3759.0891 238 235 164
22.6148 -554.8174 3759.0891 238 235 164
25.6302 -554.8174 3759.0891 237 235 168
28.6455 -554.8174 3759.0891 236 234 168
31.6608 -554.8174 3759.0891 233 230 159
34.6761 -554.8174 3759.0891 233 230 158
37.6914 -554.8174 3759.0891 233 230 160
40.7067 -554.8174 3759.0891 232 229 157
43.7736 -555.4717 3763.5222 231 228 154
46.7925 -555.4717 3763.5222 232 228 155
49.8113 -555.4717 3763.5222 232 228 154
52.7680 -554.8174 3759.0891 231 228 154
55.7833 -554.8174 3759.0891 231 228 154
58.7986 -554.8174 3759.0891 233 230 158
61.8868 -555.4717 3763.5222 234 232 163
64.9057 -555.4717 3763.5222 234 232 164
67.9245 -555.4717 3763.5222 232 230 160
70.9434 -555.4717 3763.5222 232 229 158
73.8751 -554.8174 3759.0891 231 228 156
76.8905 -554.8174 3759.0891 232 229 157
79.9058 -554.8174 3759.0891 232 230 161
82.9211 -554.8174 3759.0891 234 233 164
85.8353 -554.1647 3754.6667 234 234 167
88.8471 -554.1647 3754.6667 236 236 170
91.9670 -554.8174 3759.0891 239 239 176
94.9823 -554.8174 3759.0891 239 240 180
97.8824 -554.1647 3754.6667 230 230 174
100.8941 -554.1647 3754.6667 215 215 158
103.7838 -553.5135 3750.2546 206 206 150
106.7920 -553.5135 3750.2546 205 205 153
109.9294 -554.1647 3754.6667 204 204 153
113.7441 -558.1043 3781.3586 207 207 158
116.9158 -558.7663 3785.8442 212 210 164
119.9526 -558.7663 3785.8442 215 213 167
122.9893 -558.7663 3785.8442 218 216 171
125.8768 -558.1043 3781.3586 220 218 174
128.9100 -558.1043 3781.3586 220 219 177
131.9431 -558.1043 3781.3586 221 220 179
134.9763 -558.1043 3781.3586 222 221 180
138.0095 -558.1043 3781.3586 224 222 182
141.0426 -558.1043 3781.3586 225 223 183
144.0758 -558.1043 3781.3586 226 224 184
147.1090 -558.1043 3781.3586 226 224 185
150.1422 -558.1043 3781.3586 226 225 186
153.1754 -558.1043 3781.3586 226 224 187
156.0237 -557.4438 3776.8838 226 225 187
158.8653 -556.7849 3772.4194 227 226 188
161.7001 -556.1276 3767.9656 227 226 188
164.5283 -555.4717 3763.5222 227 226 189
167.9433 -556.7849 3772.4194 227 226 190
171.3744 -558.1043 3781.3586 227 227 190
174.4076 -558.1043 3781.3586 227 227 191
177.4408 -558.1043 3781.3586 227 227 192
180.4739 -558.1043 3781.3586 227 226 191
183.2899 -557.4438 3776.8838 227 226 192
186.3195 -557.4438 3776.8838 227 226 191
188.9020 -556.1276 3767.9656 227 226 192
191.6981 -555.4717 3763.5222 227 227 192
194.7170 -555.4717 3763.5222 226 226 191
197.7359 -555.4717 3763.5222 226 226 191
200.7547 -555.4717 3763.5222 226 225 191
203.7736 -555.4717 3763.5222 226 225 191
206.7925 -555.4717 3763.5222 227 225 191
210.0591 -556.1276 3767.9656 226 226 190
213.0815 -556.1276 3767.9656 227 226 190
216.1039 -556.1276 3767.9656 228 226 191
219.1263 -556.1276 3767.9656 228 227 191
222.1488 -556.1276 3767.9656 229 227 190
224.9057 -555.4717 3763.5222 228 227 191
227.9246 -555.4717 3763.5222 229 229 192
230.9434 -555.4717 3763.5222 230 228 192
234.2385 -556.1276 3767.9656 231 228 191
237.8225 -557.4438 3776.8838 230 228 189
240.8521 -557.4438 3776.8838 231 229 190
243.8817 -557.4438 3776.8838 232 230 189
246.6194 -556.7849 3772.4194 232 230 189
249.0566 -555.4717 3763.5222 234 232 188
251.4824 -554.1647 3754.6667 235 232 186
254.4941 -554.1647 3754.6667 236 235 186
257.5059 -554.1647 3754.6667 247 246 195
260.5177 -554.1647 3754.6667 240 240 164
263.8398 -554.8174 3759.0891 242 238 150
267.1698 -555.4717 3763.5222 241 236 144
270.1887 -555.4717 3763.5222 237 232 138
272.8857 -554.8174 3759.0891 235 232 136
275.9011 -554.8174 3759.0891 235 232 138
278.9164 -554.8174 3759.0891 234 231 140
282.2642 -555.4717 3763.5222 234 231 141
285.2831 -555.4717 3763.5222 232 230 141
288.3019 -555.4717 3763.5222 232 229 140
291.3208 -555.4717 3763.5222 230 226 137
294.3396 -555.4717 3763.5222 229 224 135
297.0083 -554.8174 3759.0891 227 222 133
300.0236 -554.8174 3759.0891 227 221 130
303.0389 -554.8174 3759.0891 226 220 128
305.3349 -553.5135 3750.2546 225 220 131
308.7059 -554.1647 3754.6667 228 223 138
311.7177 -554.1647 3754.6667 228 223 139
314.7294 -554.1647 3754.6667 227 222 138
317.7412 -554.1647 3754.6667 228 223 143
321.1308 -554.8174 3759.0891 231 228 151
323.7647 -554.1647 3754.6667 233 231 157
326.7765 -554.1647 3754.6667 234 232 159
329.7882 -554.1647 3754.6667 234 232 160
332.8000 -554.1647 3754.6667 231 228 157
335.8118 -554.1647 3754.6667 231 227 153
338.8235 -554.1647 3754.6667 232 229 155
342.2379 -554.8174 3759.0891 233 230 158
345.6604 -555.4717 3763.5222 234 231 159
348.6793 -555.4717 3763.5222 233 230 157
351.6982 -555.4717 3763.5222 233 229 154
354.7170 -555.4717 3763.5222 232 228 154
357.7359 -555.4717 3763.5222 230 227 152
360.3298 -554.8174 3759.0891 230 227 148
362.9177 -554.1647 3754.6667 228 224 144
365.4994 -553.5135 3750.2546 226 222 138
368.0751 -552.8639 3745.8530 226 222 136
370.6448 -552.2158 3741.4617 225 221 137
373.6460 -552.2158 3741.4617 226 225 142
376.6472 -552.2158 3741.4617 230 230 150
379.2038 -551.5691 3737.0806 229 229 156
381.7544 -550.9240 3732.7097 217 217 154
383.8507 -549.6383 3723.9985 198 198 142
385.4884 -547.7209 3711.0078 197 197 146
388.4651 -547.7209 3711.0078 198 197 149
391.4419 -547.7209 3711.0078 197 196 150
400.9456 -556.7849 3772.4194 197 195 151
403.9717 -556.7849 3772.4194 197 196 152
406.9977 -556.7849 3772.4194 198 196 154
409.5396 -556.1276 3767.9656 199 197 156
412.0755 -555.4717 3763.5222 199 197 157
415.0944 -555.4717 3763.5222 201 199 159
418.1132 -555.4717 3763.5222 202 200 161
421.1321 -555.4717 3763.5222 203 201 163
424.6518 -556.1276 3767.9656 205 202 165
427.6742 -556.1276 3767.9656 206 203 165
430.6966 -556.1276 3767.9656 208 205 168
434.2317 -556.7849 3772.4194 208 206 170
437.7752 -557.4438 3776.8838 209 207 171
441.3270 -558.1043 3781.3586 210 207 170
444.8873 -558.7663 3785.8442 209 207 171
447.9241 -558.7663 3785.8442 209 207 171
450.9609 -558.7663 3785.8442 210 207 172
453.4597 -558.1043 3781.3586 210 208 173
456.4929 -558.1043 3781.3586 210 208 173
458.9823 -557.4438 3776.8838 212 209 174
462.0118 -557.4438 3776.8838 211 209 174
465.0415 -557.4438 3776.8838 211 210 174
468.0710 -557.4438 3776.8838 211 211 176
470.5438 -556.7849 3772.4194 212 211 177
473.5698 -556.7849 3772.4194 212 211 177
476.5958 -556.7849 3772.4194 213 212 178
479.6218 -556.7849 3772.4194 213 212 179
483.2190 -557.4438 3776.8838 214 212 180
486.8247 -558.1043 3781.3586 215 212 181
489.8578 -558.1043 3781.3586 214 212 181
496.4200 -562.1003 3808.4329 214 213 181
500.0717 -562.7719 3812.9829 215 214 183
503.1302 -562.7719 3812.9829 215 214 182
506.1888 -562.7719 3812.9829 215 214 183
509.2473 -562.7719 3812.9829 215 214 183
512.9187 -563.4450 3817.5439 216 215 184
529.9263 -578.6732 3920.7207 216 215 184
532.4172 -577.9633 3915.9102 216 215 184
535.5583 -577.9633 3915.9102 216 215 185
531.5255 -570.2664 3863.7612 216 214 184
534.6248 -570.2664 3863.7612 215 214 184
541.6586 -574.4390 3892.0327 215 214 184
547.4510 -577.2549 3911.1113 215 214 184
553.3005 -580.0986 3930.3777 215 215 184
560.5956 -584.4169 3959.6362 214 215 184
565.1741 -585.8707 3969.4861 214 214 184
568.3582 -585.8707 3969.4861 214 214 184
571.5424 -585.8707 3969.4861 215 214 184
574.7264 -585.8707 3969.4861 215 214 183
579.3517 -587.3317 3979.3850 216 214 184
583.2709 -588.0649 3984.3530 215 214 184
